004017,Z-WPQ,E145,EMBRAER ERJ-145,L2J,M
009717,ZS-ISS,B350,BEECHCRAFT Super King Air 350,L2T,M
009C17,ZS-KPY,C182,CESSNA 182 Skylane,L1P,L
009D17,ZS-KZU,BE20,BEECH 200 Super King Air,L2T,M
00A017,ZU-MDI,ZZZZ,,-0-,-
00A517,ZS-OAO,B734,BOEING 737-400,L2J,M
00A617,ZS-OKK,B733,BOEING 737-300,L2J,M
00A717,ZS-OUG,B190,BEECH 1900,L2T,M
00A917,ZS-PNY,BE36,BEECH 36 Bonanza,L1P,L
00AA17,ZS-PXU,KA27,KAMOV Ka-252,H2T,M
00AE17,ZS-RLE,AS50,AEROSPATIALE AS-350 Ecureuil,H1T,L
00B217,ZS-SYO,RJ85,AVRO RJ-85 Avroliner,L4J,M
010017,SU-GBG,A320,AIRBUS A-320,L2J,M
010117,SU-BQC,A320,AIRBUS A-320,L2J,M
020017,CN-RNJ,B738,BOEING 737-800,L2J,M
03E017,TR-AFB,AT45,ATR-42-500,L2T,M
04C017,5Y-KQB,B733,BOEING 737-300,L2J,M
04C117,5Y-KZA,B788,BOEING 787-8 Dreamliner,L2J,H
064217,5N-PPH,H25B,HAWKER BEECHCRAFT Hawker 750/850,L2J,M
06A017,A7-ADB,A320,AIRBUS A-320,L2J,M
080017,5H-ZOE,PC12,PILATUS PC-12,L1T,L
084017,TT-DAB,H25B,HAWKER BEECHCRAFT Hawker 750/850,L2J,M
090117,D2-TFA,DH8D,DE HAVILLAND DHC-8-400 Dash 8,L2T,M
0A4017,7T-WHJ,C130,LOCKHEED C-130 Hercules,L4T,M
0AC317,FAC1004,C130,LOCKHEED C-130 Hercules,L4T,M
0AC917,PNC-0602,H60,SIKORSKY UH-60 Black Hawk,H2T,M
0B4117,FAG125,B06,BELL 206 JetRanger,H1T,L
0C2017,HP-1525CMP,B737,BOEING 737-700,L2J,M
0C6017,9Y-KIN,B738,BOEING 737-800,L2J,M
0C8017,PZ-HGB,B505,BELL 505 JetRanger X,H1T,L
0D0917,XA-CRO,B429,BELL 429 GlobalRanger,H2T,L
0D0A17,XB-OGJ,C550,CESSNA 550 Citation S2,L2J,L
0D0B17,XA-FLX,H25B,HAWKER BEECHCRAFT Hawker 750/850,L2J,M
0D0D17,XA-HSS,CL60,BOMBARDIER CL-600 Challenger,L2J,M
0D8217,2810,AN12,ANTONOV An-12,L4T,M
105A17,GND,GND,,V0-,-
141E17,RA-07703,A139,AGUSTA AW-139,H2T,L
142C17,RA-11287,,,,
14F117,RA-61719,A148,ANTONOV An-148,L2J,M
150817,RA-67607,AT45,ATR-42-500,L2T,M
151E17,RA-73239,B738,BOEING 737-800,L2J,M
155C17,RA-89111,SU95,SUKHOI Superjet 100-95,L2J,M
157717,RA-96023,IL96,ILYUSHIN Il-96,L4J,H
300417,I-VIED,AS50,AEROSPATIALE AS-350 Ecureuil,H1T,L
300517,I-APEP,P06T,TECNAM P-2006T,L2P,L
300617,I-SMAA,F260,AERMACCHI SF-260,L1P,L
300717,I-CAPX,CP10,CAP AVIATION CAP-10,L1P,L
300817,I-SWRS,EC45,AIRBUS HELICOPTERS EC-145,H2T,L
300917,I-GHAN,PA46,PIPER PA-46-310/350,L1P,L
31DD17,I-B269,KP2,JIHLAVAN KP-2 Sova,L1P,L
31FF17,I-RAIH,A189,AGUSTA AW-189,H2T,M
320017,MM62165,AT44,ATR-42-400,L2T,M
33FF17,MM55069,M339,AERMACCHI MB-339,L1J,L
341517,T.21-01,C295,CASA C-295 Persuader,L2T,M
342617,EC-JXM,PC12,PILATUS PC-12,L1T,L
343517,EC-LJN,BE20,BEECH 200 Super King Air,L2T,M
344217,EC-LPQ,B738,BOEING 737-800,L2J,M
344417,EC-LUL,A320,AIRBUS A-320,L2J,M
345317,EC-ELH,M20P,MOONEY M-20,L1P,L
345517,EC-IOT,P28A,PIPER PA-28-140/150/160/180,L1P,L
345617,EC-MTV,B738,BOEING 737-800,L2J,M
346317,EC-NGC,B738,BOEING 737-800,L2J,M
346417,EC-NID,B412,BELL 412,H2T,L
383617,F-BNQX,GY80,DAHER-SOCATA GY-80 Horizon,L1P,L
383F17,F-BPYX,RALL,SOCATA Rallye,L1P,L
385517,F-BVIX,C172,CESSNA 172 Skyhawk,L1P,L
385D17,F-BXIX,C172,CESSNA 172 Skyhawk,L1P,L
390417,F-GBAX,DR40,ROBIN DR-400,L1P,L
390517,F-GBIX,DR40,ROBIN DR-400,L1P,L
390D17,F-GDIX,C172,CESSNA 172 Skyhawk,L1P,L
390F17,F-GDYX,DR40,ROBIN DR-400,L1P,L
391217,F-GEQX,P28A,PIPER PA-28-140/150/160/180,L1P,L
391A17,F-GGQX,DR40,ROBIN DR-400,L1P,L
391D17,F-GHIX,P28A,PIPER PA-28-140/150/160/180,L1P,L
391F17,F-GHYX,P28A,PIPER PA-28-140/150/160/180,L1P,L
392617,F-GJQX,DR40,ROBIN DR-400,L1P,L
393117,F-GMIX,TB20,SOCATA TB-20 Trinidad,L1P,L
394A17,F-GSQX,B77W,BOEING 777-300ER,L2J,H
394C17,F-GTAX,A321,AIRBUS A-321,L2J,M
395117,F-GUIX,C172,CESSNA 172 Skyhawk,L1P,L
398117,F-HAIX,DR40,ROBIN DR-400,L1P,L
398C17,F-HDAX,DA40,DIAMOND DA-40 Club Star,L1P,L
399817,F-HGAX,PIVE,PIPSTREL Velis Electro,L1E,L
39B117,F-HMIX,A35K,AIRBUS A-350-1000,L2J,H
39BD17,F-HPIX,BN2P,BRITTEN-NORMAN BN-2 Islander,L2P,L
39C817,F-HSAX,TWEN,TECNAM Twenty-Ten,L1P,L
39C917,F-HSIX,R66,ROBINSON R-66,H1T,L
3A4917,F-OSIX,AT76,ATR-72-600,L2T,M
3AAC17,0787,EC35,AIRBUS HELICOPTERS EC-135/635,H2T,L
3B7717,5144,C130,LOCKHEED C-130 Hercules,L4T,M
3C6517,D-AIHW,A346,AIRBUS A-340-600,L4J,H
3C6617,D-AIPW,A320,AIRBUS A-320,L2J,M
3C6917,D-AJHW,E190,EMBRAER ERJ-190-100,L2J,M
3D0517,D-EAEH,C152,CESSNA 152,L1P,L
3D0617,D-EAOD,C152,CESSNA 152,L1P,L
3D0817,D-EBHV,PA18,PIPER PA-18 Super Cub,L1P,L
3D0917,D-EBRR,SR20,CIRRUS SR-20,L1P,L
3D0C17,D-ECVF,C172,CESSNA 172 Skyhawk,L1P,L
3D0D17,D-EDFB,P28A,PIPER PA-28-140/150/160/180,L1P,L
3D1017,D-EEIP,B209,MBB BO-209 Monsun,L1P,L
3D1117,D-EESL,C172,CESSNA 172 Skyhawk,L1P,L
3D1217,D-EFCH,P46T,PIPER PA-46-500TP,L1T,L
3D1317,D-EFMD,DR40,ROBIN DR-400,L1P,L
3D1517,D-EGFV,R300,ROBIN R-3000/3100/3120/3140,L1P,L
3D1617,D-EGPR,P28A,PIPER PA-28-140/150/160/180,L1P,L
3D1817,D-EHJJ,TOBA,SOCATA Tobago,L1P,L
3D1F17,D-EKAH,BE33,BEECH 33 Bonanza,L1P,L
3D2017,D-EKKD,C172,CESSNA 172 Skyhawk,L1P,L
3D2517,D-EMHJ,C172,CESSNA 172 Skyhawk,L1P,L
3D2617,D-EMRF,DR40,ROBIN DR-400,L1P,L
3D2917,D-ENUT,PA18,PIPER PA-18 Super Cub,L1P,L
3D2B17,D-EOOL,P28B,PIPER PA-28-201T/235/236,L1P,L
3D2C17,D-EOYH,TAMP,SOCATA TB-9 Tampico,L1P,L
3D3517,D-ESIX,DO27,DORNIER Do-27,L1P,L
3D3617,D-ESST,C172,CESSNA 172 Skyhawk,L1P,L
3D3717,D-ETCP,P28A,PIPER PA-28-140/150/160/180,L1P,L
3D3817,D-ETML,S22T,CIRRUS SR-22T Turbo,L1P,L
3D3917,D-ETWH,M20T,MOONEY M-20T,L1P,L
3D3A17,D-EUGD,C172,CESSNA 172 Skyhawk,L1P,L
3D4417,D-EYAP,PA46,PIPER PA-46-310/350,L1P,L
3D5D17,D-FHMT,PC9,PILATUS PC-9 Hudournik,L1T,L
3DD817,D-HCBV,EC45,AIRBUS HELICOPTERS EC-145,H2T,L
3DE617,D-HHJR,EXEC,ROTORWAY Exec,H1P,L
3E0417,D-HSTB,R44,ROBINSON R-44 Raven,H1P,L
3E3017,D-IJKH,C25M,CESSNA 525 Citation M2,L2J,L
3E5C17,D-KABN,GLID,,L0-,-
3E6017,D-KBOX,IS28,IAR IS-28M2,L1P,L
3E6117,D-KBYT,G109,GROB G-109,L1P,L
3E6517,D-KDMD,DG80,DG FLUGZEUGBAU DG-800,L1P,L
3E7217,D-KIDK,DIMO,DIAMOND H-36 Dimona,L1P,L
3E7B17,D-KLUT,VENT,SCHEMPP-HIRTH Ventus,L1P,L
3ED617,D-KWAP,DG80,DG FLUGZEUGBAU DG-800,L1P,L
3EE117,D-0128,GLID,,L0-,-
3EE917,D-LDFR,SHIP,,B0-,-
3EEB17,D-2688,GLID,,L0-,-
3EFC17,D-7040,GLID,,L0-,-
3F0517,D-9344,GLID,,L0-,-
3FEA17,D-MDGG,FDCT,FLIGHT DESIGN CT,L1P,L
3FEB17,D-MQIK,FDCT,FLIGHT DESIGN CT,L1P,L
3FEC17,D-MPPC,G3,REMOS Mirage,L1P,L
3FED17,D-MBHA,G3,REMOS Mirage,L1P,L
3FEE17,D-MRTK,ECHO,TECNAM P-92 Echo,L1P,L
3FEF17,D-MUCT,FDCT,FLIGHT DESIGN CT,L1P,L
3FF017,D-MYGS,FK12,B&F TECHNIK FK-12 Comet,L1P,L
3FF217,D-MHSO,ULAC,,L0-,-
3FF517,D-MNSU,ECHO,TECNAM P-92 Echo,L1P,L
3FF617,D-MSEC,ECHO,TECNAM P-92 Echo,L1P,L
400417,G-BUSH,A320,AIRBUS A-320,L2J,M
400A17,G-BFIV,C177,CESSNA  177 Cardinal,L1P,L
400B17,G-ISHA,P28A,PIPER PA-28-140/150/160/180,L1P,L
400E17,G-DSKY,DA42,DIAMOND DA-42 Guardian,L2P,L
400F17,G-JKMJ,DA42,DIAMOND DA-42 Guardian,L2P,L
401117,G-CGWD,R44,ROBINSON R-44 Raven,H1P,L
401417,G-AIBX,J1,AUSTER J-1,L1P,L
401617,G-ASZU,C150,CESSNA 150,L1P,L
401717,G-AVOM,DR22,CENTRE EST Dauphin,L1P,L
401917,G-AZAJ,P28R,PIPER PA-28R-180/200/201,L1P,L
401D17,G-BFMK,C152,CESSNA 152,L1P,L
401F17,G-BIMT,C152,CESSNA 152,L1P,L
402017,G-BKCV,ACR2,ACRO SPORT 2,L1P,L
402217,G-KAIR,P28A,PIPER PA-28-140/150/160/180,L1P,L
402917,G-GFIG,C152,CESSNA 152,L1P,L
402A17,G-OPSL,P32R,PIPER PA-32R-300/301/301T,L1P,L
403017,G-KKRN,R22,ROBINSON R-22 Mariner,H1P,L
403217,G-BSPL,ULAC,,L0-,-
403E17,G-BXJB,YK52,YAKOVLEV Yak-52,L1P,L
403F17,G-BYIR,PTS1,PITTS S-1 Special,L1P,L
404017,G-IIDI,E300,EXTRA EA-300/330/350,L1P,L
404417,G-OSLD,EUPA,Europa,L1P,L
404817,G-CBWD,P28A,PIPER PA-28-140/150/160/180,L1P,L
404917,G-YOTS,YK52,YAKOVLEV Yak-52,L1P,L
404A17,G-CCMC,JABI,Jabiru J120,L1P,L
404B17,G-CCNS,SKRA,BEST OFF Sky Ranger,L1P,L
404C17,G-UACA,SKRA,BEST OFF Sky Ranger,L1P,L
404E17,G-PION,PNR3,ALPI Pioneer 330,L1P,L
404F17,G-CDVV,BDOG,BRITISH AEROSPACE SA-3 Bulldog,L1P,L
405417,G-DDVS,GLID,,L0-,-
405617,G-DEVV,GLID,,L0-,-
405817,G-CKCZ,GLID,,L0-,-
405B17,G-DECJ,GLID,,L0-,-
405D17,G-CFJU,XA85,RAJ HAMSA XA-85,L1P,L
405E17,G-DCPU,GLID,,L0-,-
406017,G-EZTN,A320,AIRBUS A-320,L2J,M
406317,G-OINN,BALL,,B0-,-
406417,G-HUEZ,H500,HUGHES 500,H1T,L
406517,G-CGVB,BN2T,BRITTEN-NORMAN BN-2T Turbine Islander,L2T,L
406617,G-CYRL,C182,CESSNA 182 Skylane,L1P,L
406817,G-SAMC,C42,IKARUS C-42 Bison,L1P,L
406917,G-KIRT,GLST,GLASAIR SH-4 GlaStar,L1P,L
406B17,G-CIDU,BALL,,B0-,-
406C17,G-IOOK,A109,AGUSTA AW-109 Grand,H2T,L
406D17,G-BKRU,ZZZZ,,-0-,-
406F17,G-CIYA,GLID,,L0-,-
407017,G-DGRE,G2CA,GUIMBAL G-2 Cabri,H1P,L
407117,G-RVLX,F406,CESSNA F406 Caravan 2,L2T,L
407217,G-AWHM,ME09,MESSERSCHMITT Bf-109,L1P,L
407317,G-CKBB,ZZZZ,,-0-,-
407517,G-CKUH,CRUZ,CSA PS-28 Cruiser,L1P,L
407617,G-CTSU,DA42,DIAMOND DA-42 Guardian,L2P,L
407717,G-ECET,C182,CESSNA 182 Skylane,L1P,L
407917,G-CLXN,VENT,SCHEMPP-HIRTH Ventus,L1P,L
407A17,G-LCTN,P28A,PIPER PA-28-140/150/160/180,L1P,L
407B17,G-EDWA,A109,AGUSTA AW-109 Grand,H2T,L
424417,VQ-BYS,E170,EMBRAER ERJ-170-100,L2J,M
424617,VQ-BOC,A321,AIRBUS A-321,L2J,M
424817,VP-CEE,GLF6,GULFSTREAM G650,L2J,M
424B17,M-REEE,FA7X,DASSAULT Falcon 7X,L3J,M
43C117,XZ326,GAZL,AEROSPATIALE SA-341 Gazelle,H1T,L
43C317,ZH845,EH10,AGUSTA WESTLAND EH-101 Merlin,H3T,M
43C617,ZK001,EH10,AGUSTA WESTLAND EH-101 Merlin,H3T,M
43C917,ZZ550,LYNX,AGUSTAWESTLAND AW-159 Super Lynx,H2T,L
43EB17,2-ZOOM,AC11,NORTH AMERICAN ROCKWELL Commander 112/114,L1P,L
440017,OE-APY,BU31,BUCKER Bu-131 Jungmann,L1P,L
440217,OE-FUX,C25A,CESSNA 525A Citation CJ2,L2J,L
440417,OE-LYX,A319,AIRBUS A-319,L2J,M
440517,OE-DSN,P28R,PIPER PA-28R-180/200/201,L1P,L
440717,OE-9420,SF25,SCHEIBE SF-25 Falke,L1P,L
440817,OE-XEI,EC35,AIRBUS HELICOPTERS EC-135/635,H2T,L
440917,OE-AAY,G115,GROB G-115,L1P,L
440A17,OE-XYF,R44,ROBINSON R-44 Raven,H1P,L
440B17,OE-LVL,GL7T,BOMBARDIER BD-700 Global 7000/7500,L2J,M
440C17,OE-LHA,FA7X,DASSAULT Falcon 7X,L3J,M
447D17,3H-FC,PC7,PILATUS PC-7 Astra,L1T,L
44A017,OO-H91,ULAC,,L0-,-
451F17,LZ-LDU,MD82,MCDONNELL-DOUGLAS MD-82,L2J,M
452017,LZ-ADV,MD82,MCDONNELL-DOUGLAS MD-82,L2J,M
452117,LZ-DCJ,AT76,ATR-72-600,L2T,M
45A117,OY-HHW,EC75,AIRBUS HELICOPTERS EC-175,H2T,M
45E117,OY-XHW,GLID,,L0-,-
460617,OH-CHZ,C206,CESSNA  206 Stationair,L1P,L
460C17,OH-EPB,E50P,EMBRAER EMB-500 Phenom 100,L2J,L
461E17,OH-LKH,E190,EMBRAER ERJ-190-100,L2J,M
467817,HN-419,F18H,BOEING FA-18 HORNET,L2J,M
470E17,HA-FIT,C500,CESSNA 500 Citation 1,L2J,L
478117,5699,C30J,LOCKHEED MARTIN C-130J Super Hercules,L4T,M
47B217,LN-FNA,B789,BOEING 787-9 Dreamliner,L2J,H
484617,PH-JFB,F8L,AEROMERE F-8L Falco,L1P,L
484917,PH-PKB,BALL,,B0-,-
484B17,PH-1097,GLID,,L0-,-
484D17,PH-NHN,BALL,,B0-,-
484E17,PH-NEH,ACAR,AUSTER J-5 Autocar,L1P,L
485017,PH-KTM,R44,ROBINSON R-44 Raven,H1P,L
485117,PH-1DH,ZZZZ,,-0-,-
485217,PH-1GJ,ZZZZ,,-0-,-
485317,PH-4N5,TL30,TL ULTRALIGHT TL-3000 Sirius,L1P,L
485517,PH-2CQ,ZZZZ,,-0-,-
485617,PH-2CX,ZZZZ,,-0-,-
489217,SP-ERY,EC30,AIRBUS HELICOPTERS EC-130,H1T,L
48B217,SP-MRY,C182,CESSNA 182 Skylane,L1P,L
48C017,SP-RAY,PIVI,PIPSTREL Virus,L1P,L
48D017,SP-WAY,R44,ROBINSON R-44 Raven,H1P,L
48FC17,SP-STAY,ULAC,,L0-,-
490517,CS-AHW,C414,CESSNA 414 Chancellor,L2P,L
491117,CS-DHW,P208,TECNAM P-2008,L1P,L
494117,CS-PHW,E55P,EMBRAER EMB-505 Phenom 300,L2J,M
495217,CS-TPW,E190,EMBRAER ERJ-190-100,L2J,M
49C117,OK-UUA94,TL30,TL ULTRALIGHT TL-3000 Sirius,L1P,L
49D017,OK-SUR,C421,CESSNA 421 Executive Commuter,L2P,L
49D117,OK-OFB,L200,LET L-200 Morava,L2P,L
49D217,OK-BKT,Z42,ZLIN Z-42/142/242,L1P,L
49D317,OK-PBT,C25A,CESSNA 525A Citation CJ2,L2J,L
49D517,OK-GEE,B06,BELL 206 JetRanger,H1T,L
49F017,GND,GND,,V0-,-
4A3617,106,ALO3,AEROSPATIALE Alouette 3,H1T,L
4A7C17,TWR,TWR,,T0-,-
4A8317,60141,SB05,SAAB 105,L2J,L
4B0617,HB-CHZ,C210,CESSNA 201 Centurion,L1P,L
4B0D17,HB-EYX,TOBA,SOCATA Tobago,L1P,L
4B0F17,HB-FSP,PC12,PILATUS PC-12,L1T,L
4B1317,HB-HFZ,AS02,FFA AS-202 Bravo,L1P,L
4B1617,HB-IJN,A320,AIRBUS A-320,L2J,M
4B1817,HB-JDF,A20N,AIRBUS A-320neo,L2J,M
4B1917,HB-JNB,B77W,BOEING 777-300ER,L2J,H
4B1A17,HB-JWX,FA8X,DASSAULT Falcon 8X,L3J,M
4B1B17,HB-KGT,BR23,BRM AERO Bristell B23,L1P,L
4B1F17,HB-LUD,AEST,AEROSTAR 600,L2P,L
4B2517,HB-OBF,J3,PIPER J-3 Cub,L1P,L
4B2917,HB-POP,PA46,PIPER PA-46-310/350,L1P,L
4B2C17,HB-QSD,BALL,,B0-,-
4B2F17,HB-RVR,HUNT,HAWKER Hunter,L1J,M
4B3517,HB-UCT,SC01,FFT Speed Canard,L1P,L
4B3A17,HB-VZZ,PC24,PILATUS PC-24,L2J,M
4B4217,HB-ZAT,R44,ROBINSON R-44 Raven,H1P,L
4B4317,HB-ZKP,AS50,AEROSPATIALE AS-350 Ecureuil,H1T,L
4B4D17,HB-2160,NIMB,SCHEMPP-HIRTH Nimbus,L1P,L
4B8217,TCB-653,CN35,CASA CN-235 Persuader,L2T,M
4C3117,YU-MIX,P28A,PIPER PA-28-140/150/160/180,L1P,L
4CA117,EI-CPH,A321,AIRBUS A-321,L2J,M
4CA217,EI-DEF,A320,AIRBUS A-320,L2J,M
4CA917,EI-EOZ,B733,BOEING 737-300,L2J,M
4CAB17,EI-FCY,AT76,ATR-72-600,L2T,M
4CAC17,EI-KHA,E290,EMBRAER ERJ-190-300,L2J,M
4CC517,TF-ORI,D328,DORNIER 328,L2T,M
4D0117,LX-VCM,B748,BOEING 747-8,L4J,H
4D0317,LX-CPB,GLID,,L0-,-
4D2117,AS1630,A139,AGUSTA AW-139,H2T,L
4D2217,9H-QBL,B738,BOEING 737-800,L2J,M
4D2317,9H-CGB,A321,AIRBUS A-321,L2J,M
4D2417,9H-EWE,A320,AIRBUS A-320,L2J,M
500117,T7-FBQ,GL5T,BOMBARDIER BD-700 Global 5000/5500,L2J,M
500217,T7-MASHI,CL60,BOMBARDIER CL-600 Challenger,L2J,M
501E17,9A-HBB,EC35,AIRBUS HELICOPTERS EC-135/635,H2T,L
503D17,LY-LTA,H25B,HAWKER BEECHCRAFT Hawker 750/850,L2J,M
505F17,OM-M424,SD4,TOMARK Viper,L1P,L
508417,UR-ESD,AN26,ANTONOV An-26,L2T,M
50FF17,UR-EPS,R44,ROBINSON R-44 Raven,H1P,L
510117,EW-529PA,B38M,BOEING 737 MAX 8,L2J,M
700017,YA-FGA,B735,BOEING 737-500,L2J,M
704017,XY-ALV,B738,BOEING 737-800,L2J,M
706017,9K-AOA,B772,BOEING 777-200,L2J,H
706217,KAF342,C17,BOEING C-17 Globemaster 3,L4J,H
708017,RDPL-34176,AT75,ATR-72-500,L2T,M
710117,HZ-AS55,A320,AIRBUS A-320,L2J,M
710417,HZ-AS76,A320,AIRBUS A-320,L2J,M
71A917,HL5117,C208,CESSNA 208 Caravan,L1T,L
71BC17,HL7417,B744,BOEING 747-400,L4J,H
71BE17,HL7617,B748,BOEING 747-8,L4J,H
71BF17,HL7717,B739,BOEING 737-900,L2J,M
71C017,HL8017,B738,BOEING 737-800,L2J,M
71C217,HL8217,B77W,BOEING 777-300ER,L2J,H
71C317,HL8317,B738,BOEING 737-800,L2J,M
71C517,HL8517,B789,BOEING 787-9 Dreamliner,L2J,H
71C917,HL9117,H500,HUGHES 500,H1T,L
71DD17,B517,A139,AGUSTA AW-139,H2T,L
738E17,4X-BMK,AS50,AEROSPATIALE AS-350 Ecureuil,H1T,L
739217,4X-DAL,C172,CESSNA 172 Skyhawk,L1P,L
739517,4X-OND,BUSH,RAINBOW SKYREACH BushCat,L1P,L
748017,OD-MEA,A332,AIRBUS A-330-200,L2J,H
750417,9M-DRA,EC35,AIRBUS HELICOPTERS EC-135/635,H2T,L
750517,9M-DAG,A320,AIRBUS A-320,L2J,M
758317,RP-C1720,EC35,AIRBUS HELICOPTERS EC-135/635,H2T,L
758617,RP-C9110,B733,BOEING 737-300,L2J,M
760917,AP-BHW,B77W,BOEING 777-300ER,L2J,H
76CD17,9V-SHW,A359,AIRBUS A-350-900,L2J,H
780117,B-3373,CRJ2,BOMBARDIER Regional Jet CRJ-200,L2J,M
780217,B-LIA,B744,BOEING 747-400,L4J,H
780317,B-5322,B738,BOEING 737-800,L2J,M
780417,B-5346,B738,BOEING 737-800,L2J,M
780617,B-6649,A320,AIRBUS A-320,L2J,M
780817,B-5623,B738,BOEING 737-800,L2J,M
780A17,B-KPV,B77W,BOEING 777-300ER,L2J,H
780B17,B-5795,B738,BOEING 737-800,L2J,M
780C17,B-1948,B738,BOEING 737-800,L2J,M
780E17,B-1675,A320,AIRBUS A-320,L2J,M
781017,B-7592,B738,BOEING 737-800,L2J,M
781117,B-7826,B738,BOEING 737-800,L2J,M
781317,B-1215,B738,BOEING 737-800,L2J,M
781417,B-1112,B789,BOEING 787-9 Dreamliner,L2J,H
781517,B-001H,AJ27,COMAC ARJ-21-700 Xiangfeng,L2J,M
781617,B-306D,A20N,AIRBUS A-320neo,L2J,M
781717,B-20CD,B789,BOEING 787-9 Dreamliner,L2J,H
781817,B-70G3,C172,CESSNA 172 Skyhawk,L1P,L
781917,B-30EC,A21N,AIRBUS A-321neo,L2J,M
781A17,B-099Z,AJ27,COMAC ARJ-21-700 Xiangfeng,L2J,M
781B17,B-124G,SR20,CIRRUS SR-20,L1P,L
781C17,B-651W,AJ27,COMAC ARJ-21-700 Xiangfeng,L2J,M
789217,B-LXE,A35K,AIRBUS A-350-1000,L2J,H
7A4417,20844,Y20,XIAN Kunpeng,L4J,H
7C0017,VH-AAX,DH2T,DE HAVILLAND DHC-2 Turbo Beaver,L1T,L
7C0817,VH-BVT,Y18T,YAKOVLEV Yak-18T,L1P,L
7C0D17,VH-CVD,PA30,PIPER PA-30 Twin Comanche,L2P,L
7C1617,VH-END,DA40,DIAMOND DA-40 Club Star,L1P,L
7C1717,VH-EUH,C172,CESSNA 172 Skyhawk,L1P,L
7C1B17,VH-FMX,C208,CESSNA 208 Caravan,L1T,L
7C2917,VH-IEH,C172,CESSNA 172 Skyhawk,L1P,L
7C2B17,VH-ISP,S92,SIKORSKY S-92 Helibus,H2T,M
7C3517,VH-KRT,KR2,RAND KR-2,L1P,L
7C3B17,VH-LYH,AS32,AEROSPATIALE AS-332 Super Puma,H2T,M
7C3E17,VH-MJT,P28A,PIPER PA-28-140/150/160/180,L1P,L
7C3F17,VH-MQX,E50P,EMBRAER EMB-500 Phenom 100,L2J,L
7C4317,VH-NJD,P32R,PIPER PA-32R-300/301/301T,L1P,L
7C4417,VH-NQH,PC12,PILATUS PC-12,L1T,L
7C4517,VH-NXL,B712,BOEING 717-200,L2J,M
7C4717,VH-OBT,SR22,CIRRUS SR-22,L1P,L
7C4817,VH-OIX,GAZL,AEROSPATIALE SA-341 Gazelle,H1T,L
7C4F17,VH-PWP,BE58,BEECH 58 Baron,L2P,L
7C6117,VH-TGP,R22,ROBINSON R-22 Mariner,H1P,L
7C6817,VH-UUH,AS50,AEROSPATIALE AS-350 Ecureuil,H1T,L
7C6B17,VH-VFT,A320,AIRBUS A-320,L2J,M
7C6C17,VH-VMX,DA42,DIAMOND DA-42 Guardian,L2P,L
7C7017,VH-WFD,SR22,CIRRUS SR-22,L1P,L
7C7A17,VH-YEH,YK52,YAKOVLEV Yak-52,L1P,L
7C7B17,VH-YLL,BE36,BEECH 36 Bonanza,L1P,L
7C8217,VH-ZZD,SR22,CIRRUS SR-22,L1P,L
7CD317,55-3558,JABI,Jabiru J120,L1P,L
7CFA17,N52-015,EC35,AIRBUS HELICOPTERS EC-135/635,H2T,L
7D0017,55-1846,JAB4,JABIRU J200-450,L1P,L
800417,VT-REM,BE20,BEECH 200 Super King Air,L2T,M
800C17,VT-ITW,A20N,AIRBUS A-320neo,L2J,M
800D17,VT-SQC,DH8D,DE HAVILLAND DHC-8-400 Dash 8,L2T,M
800E17,KD715,D228,DORNIER 228,L2T,L
801417,VT-HLR,A139,AGUSTA AW-139,H2T,L
840517,JA01BZ,B429,BELL 429 GlobalRanger,H2T,L
847517,JA17KZ,B748,BOEING 747-8,L4J,H
856B17,JA412X,B412,BELL 412,H2T,L
86EC17,JA8895,C208,CESSNA 208 Caravan,L1T,L
872E17,JA91NH,A139,AGUSTA AW-139,H2T,L
873017,JA926T,DA42,DIAMOND DA-42 Guardian,L2P,L
880017,HS-TJB,B772,BOEING 777-200,L2J,H
884017,36980,DHC6,DE HAVILLAND DHC-6 Twin Otter,L2T,L
896217,A6-EGV,B77W,BOEING 777-300ER,L2J,H
896317,A6-ENU,B77W,BOEING 777-300ER,L2J,H
896417,A6-JAF,B773,BOEING 777-300,L2J,H
896517,A6-FMH,B38M,BOEING 737 MAX 8,L2J,M
896C17,941,PC21,PILATUS PC-21,L1T,L
8A0517,PK-LAO,A320,AIRBUS A-320,L2J,M
8A0817,PK-LQR,B739,BOEING 737-900,L2J,M
A00017,N1AW,BE35,BEECH 35 Starfire Bonanza,L1P,L
A00217,N1XH,PRM1,RAYTHEON 390 Premier 1,L2J,L
A00317,N10HN,CH7B,BELLANCA 7 Citabria,L1P,L
A00417,N10TU,C82S,CESSNA T182 Turbo Skylane,L1P,L
A00517,N100DZ,T206,CESSNA T206 Turbo Stationair,L1P,L
A00717,N1000L,BE95,BEECH 95 Travel Air,L2P,L
A00817,N1007X,PA34,PIPER PA-34 Seneca,L2P,L
A00917,N101GX,GX,REMOS GX,L1P,L
A00A17,N101TC,C182,CESSNA 182 Skylane,L1P,L
A00B17,N1012P,M20P,MOONEY M-20,L1P,L
A00E17,N102WA,PA11,PIPER PA-11 Cub Special,L1P,L
A00F17,N1024S,TBM7,SOCATA TBM-700A/B/C,L1T,L
A01517,N104RR,,,,
A01617,N1041M,C182,CESSNA 182 Skylane,L1P,L
A01717,N1048Y,S61,SIKORSKY S-61 Sea King,H2T,M
A01817,N105JH,PA12,PIPER PA-12 Super Cruiser,L1P,L
A01917,N105UP,CL60,BOMBARDIER CL-600 Challenger,L2J,M
A01B17,N106B,BE35,BEECH 35 Starfire Bonanza,L1P,L
A01C17,N106MF,K100,DAHER Kodiak 100,L1T,L
A01E17,N1065T,EXEC,ROTORWAY Exec,H1P,L
A02217,N1077W,BE36,BEECH 36 Bonanza,L1P,L
A02317,N108GW,C180,CESSNA  180 Skywagon,L1P,L
A02417,N108TB,CH70,ZENAIR CH-701 Stol,L1P,L
A02617,N1089Z,DSA1,SMITH DSA-1 Miniplane,L1P,L
A02A17,N11CL,,,,
A02B17,N11NS,JAB4,JABIRU J200-450,L1P,L
A02C17,N11YY,PA30,PIPER PA-30 Twin Comanche,L2P,L
A03217,N111YG,C240,CESSNA 240 Corvalis TTx,L1P,L
A03417,N112ET,XNON,CELIER Xenon,G1P,L
A03717,N1128F,C172,CESSNA 172 Skyhawk,L1P,L
A03917,N113TX,,,,
A04017,N115PM,RV6,VANS RV-6,L1P,L
A04217,N1157D,YK52,YAKOVLEV Yak-52,L1P,L
A04417,N116SK,PC12,PILATUS PC-12,L1T,L
A04517,N11616,C150,CESSNA 150,L1P,L
A04617,N1169G,LNCE,LANCAIR ES,L1P,L
A04717,N117KB,LJ60,LEARJET 60,L2J,M
A04917,N11739,ULAC,,L0-,-
A04B17,N118N,BE35,BEECH 35 Starfire Bonanza,L1P,L
A05017,N11904,,,,
A05617,N1200N,C550,CESSNA 550 Citation S2,L2J,L
A05917,N121TE,ECHO,TECNAM P-92 Echo,L1P,L
A05A17,N1212R,,,,
A05B17,N12192,C172,CESSNA 172 Skyhawk,L1P,L
A05E17,N1224U,C172,CESSNA 172 Skyhawk,L1P,L
A06117,N123ZA,C172,CESSNA 172 Skyhawk,L1P,L
A06217,N1236X,M20P,MOONEY M-20,L1P,L
A06417,N124RT,FOX,KITFOX,L1P,L
A06717,N125JK,CP30,PIEL Emeraude,L1P,L
A06917,N1253S,C182,CESSNA 182 Skylane,L1P,L
A06A17,N126BB,PTS2,PITTS S-2 Special,L1P,L
A06B17,N126MH,GLID,,L0-,-
A06D17,N1265V,AR6T,AERONCA 65 Tandem,L1P,L
A06E17,N127E,HUSK,CHRISTEN Husky,L1P,L
A07717,N129WB,BALL,,B0-,-
A07B17,N13Z,GLID,,L0-,-
A08317,N132EV,CRJ9,BOMBARDIER Regional Jet CRJ-900,L2J,M
A08917,N1333,BE95,BEECH 95 Travel Air,L2P,L
A08A17,N134AK,RV7,VANS RV-7,L1P,L
A08D17,N1345C,C177,CESSNA  177 Cardinal,L1P,L
A08E17,N135DH,EC35,AIRBUS HELICOPTERS EC-135/635,H2T,L
A09317,N136SM,E300,EXTRA EA-300/330/350,L1P,L
A09417,N13618,C172,CESSNA 172 Skyhawk,L1P,L
A09517,N1369J,AC11,NORTH AMERICAN ROCKWELL Commander 112/114,L1P,L
A09C17,N1386D,C170,CESSNA 170,L1P,L
A09E17,N139R,BE35,BEECH 35 Starfire Bonanza,L1P,L
A09F17,N13906,,,,
A0A117,N14HS,,,,
A0A617,N14071,WACC,WACO C/S,L1P,L
A0A817,N141TG,UHEL,,H0-,-
A0AE17,N143CR,BT36,BEECH B36TC Bonanza,L1P,L
A0B317,N144RV,RV6,VANS RV-6,L1P,L
A0B517,N14482,CAMP,GREGA GN-1 Aircamper,L1P,L
A0B617,N145JM,BE35,BEECH 35 Starfire Bonanza,L1P,L
A0B817,N1453U,C172,CESSNA 172 Skyhawk,L1P,L
A0B917,N146BD,AVID,AVID Flyer,L1P,L
A0BD17,N147EB,M20P,MOONEY M-20,L1P,L
A0C017,N14770,WACF,WACO F,L1P,L
A0C617,N149WD,COY2,RANS Coyote 2,L1P,L
A0C717,N1494V,C172,CESSNA 172 Skyhawk,L1P,L
A0D417,N15209,BALL,,B0-,-
A0D517,N1528K,BE36,BEECH 36 Bonanza,L1P,L
A0D817,N1533B,L8,LUSCOMBE 8,L1P,L
A0D917,N154AM,BK17,EUROCOPTER BK117 C-1/2,H2T,L
A0DC17,N1545E,C172,CESSNA 172 Skyhawk,L1P,L
A0DD17,N155DK,TAMP,SOCATA TB-9 Tampico,L1P,L
A0E017,N1557H,C77R,CESSNA 177RG Cardinal RG,L1P,L
A0E217,N156SP,M20P,MOONEY M-20,L1P,L
A0E317,N1562,PARA,,P0-,-
A0E417,N1569L,BE95,BEECH 95 Travel Air,L2P,L
A0E917,N158ND,P28A,PIPER PA-28-140/150/160/180,L1P,L
A0ED17,N159RB,A139,AGUSTA AW-139,H2T,L
A0EF17,N1598J,P28A,PIPER PA-28-140/150/160/180,L1P,L
A0F017,N16HU,U16,GRUMMAN Albatross,A2P,M
A0F117,N16U,BE18,BEECH 18 Expetitor,L2P,L
A0F217,N160EE,LJ60,LEARJET 60,L2J,M
A0F517,N16073,C150,CESSNA 150,L1P,L
A0F817,N1612V,C140,CESSNA 140,L1P,L
A0F917,N16196,C150,CESSNA 150,L1P,L
A0FC17,N1624Y,C172,CESSNA 172 Skyhawk,L1P,L
A0FD17,N163CT,C82T,CESSNA TR182 Turbo Skylane RG,L1P,L
A10017,N16361,P28R,PIPER PA-28R-180/200/201,L1P,L
A10417,N16484,P28A,PIPER PA-28-140/150/160/180,L1P,L
A10917,N166MM,AT5T,AIR TRACTOR AT-504,L1T,L
A11317,N16895,C172,CESSNA 172 Skyhawk,L1P,L
A11C17,N1704F,FOX,KITFOX,L1P,L
A11D17,N171CA,PA44,PIPER PA-44 Seminole,L2P,L
A12017,N1716J,P28A,PIPER PA-28-140/150/160/180,L1P,L
A12117,N172EZ,C172,CESSNA 172 Skyhawk,L1P,L
A12217,N172RE,C172,CESSNA 172 Skyhawk,L1P,L
A12417,N1728M,C182,CESSNA 182 Skylane,L1P,L
A12717,N1733D,C170,CESSNA 170,L1P,L
A12817,N174AP,C72R,CESSNA 172R Cutlass RG,L1P,L
A12D17,N175PT,WAIX,SONEX Waiex,L1P,L
A12E17,N175ZZ,SH33,SHORT 330 Sherpa,L2T,M
A13117,N176SR,ULAC,,L0-,-
A13617,N1774E,CH7A,BELLANCA 7 Champion,L1P,L
A13C17,N179RD,PARA,,P0-,-
A13D17,N1791,GLID,,L0-,-
A14417,N18075,C180,CESSNA  180 Skywagon,L1P,L
A14517,N181HE,P28A,PIPER PA-28-140/150/160/180,L1P,L
A14717,N1812X,C182,CESSNA 182 Skylane,L1P,L
A14817,N18198,C150,CESSNA 150,L1P,L
A14917,N182LC,C182,CESSNA 182 Skylane,L1P,L
A14A17,N182WJ,C182,CESSNA 182 Skylane,L1P,L
A14D17,N183PA,GLF2,GULFSTREAM 2,L2J,M
A14F17,N18363,BE55,BEECH 55 Baron,L2P,L
A15317,N18486,S10,STINSON 10 Voyager,L1P,L
A15417,N185JR,C185,CESSNA 185 Skywagon,L1P,L
A15617,N1853Y,C172,CESSNA 172 Skyhawk,L1P,L
A15D17,N1870T,P28A,PIPER PA-28-140/150/160/180,L1P,L
A15E17,N18774,BE23,BEECH 23 Sundowner,L1P,L
A16417,N189WH,C180,CESSNA  180 Skywagon,L1P,L
A16517,N1894Z,C210,CESSNA 201 Centurion,L1P,L
A16717,N19P,C337,CESSNA 337 Super Skymaster,L2P,L
A16B17,N1904H,P28A,PIPER PA-28-140/150/160/180,L1P,L
A16C17,N191CC,BE33,BEECH 33 Bonanza,L1P,L
A16F17,N1916L,,,,
A17117,N192RG,AC11,NORTH AMERICAN ROCKWELL Commander 112/114,L1P,L
A17217,N1921C,C170,CESSNA 170,L1P,L
A17617,N1933F,C172,CESSNA 172 Skyhawk,L1P,L
A17717,N194AR,C172,CESSNA 172 Skyhawk,L1P,L
A17917,N194XC,RV9,VANS RV-9,L1P,L
A17D17,N1950A,C140,CESSNA 140,L1P,L
A17E17,N1957M,C182,CESSNA 182 Skylane,L1P,L
A18217,N1969Q,C77R,CESSNA 177RG Cardinal RG,L1P,L
A18517,N1974G,S22T,CIRRUS SR-22T Turbo,L1P,L
A18B17,N199RF,C182,CESSNA 182 Skylane,L1P,L
A18D17,N1998N,C140,CESSNA 140,L1P,L
A19217,N200AV,M20P,MOONEY M-20,L1P,L
A19317,N200MA,P32R,PIPER PA-32R-300/301/301T,L1P,L
A19517,N2005N,C140,CESSNA 140,L1P,L
A19617,N201DT,SRAI,GREAT PLAINS Sonerai,L1P,L
A19717,N201PZ,M20P,MOONEY M-20,L1P,L
A19A17,N202GR,G200,AKROTECH G-200,L1P,L
A19C17,N2022H,ERCO,AIR PRODUCTS F-1 Aircoupe,L1P,L
A19D17,N2029U,M4,MAULE M-4,L1P,L
A1A117,N204CF,C550,CESSNA 550 Citation S2,L2J,L
A1A917,N206JB,E190,EMBRAER ERJ-190-100,L2J,M
A1AB17,N2063J,C188,CESSNA 188 AgTruck,L1P,L
A1AC17,N207AU,XL2,LIBERTY XL-2,L1P,L
A1AF17,N2075M,J3,PIPER J-3 Cub,L1P,L
A1B017,N208DS,DA40,DIAMOND DA-40 Club Star,L1P,L
A1B217,N2080D,BE35,BEECH 35 Starfire Bonanza,L1P,L
A1B517,N209SW,SONX,SONEX AIRCRAFT Sonex,L1P,L
A1B617,N2092G,C182,CESSNA 182 Skylane,L1P,L
A1B717,N2099T,P28R,PIPER PA-28R-180/200/201,L1P,L
A1B817,N21KN,J3,PIPER J-3 Cub,L1P,L
A1B917,N21VU,C25B,CESSNA 525B Citation CJ3,L2J,L
A1BB17,N210SE,P210,CESSNA P210 Centurion,L1P,L
A1BC17,N21011,BE18,BEECH 18 Expetitor,L2P,L
A1BD17,N2109B,L8,LUSCOMBE 8,L1P,L
A1C417,N21257,C182,CESSNA 182 Skylane,L1P,L
A1C717,N2130Z,AVID,AVID Flyer,L1P,L
A1CA17,N214TR,ULAC,,L0-,-
A1CE17,N215WP,AGSH,AERO GARE Sea Hawker,A1P,L
A1D217,N216ZM,PA38,PIPER PA-38 Tomahawk,L1P,L
A1D317,N21668,J3,PIPER J-3 Cub,L1P,L
A1D517,N217SD,BE17,BEECH 17 Staggerwing,L1P,L
A1D617,N21710,CJ6,NANCHANG CJ-6,L1P,L
A1D717,N2179A,PA22,PIPER PA-22,L1P,L
A1D917,N218VB,S22T,CIRRUS SR-22T Turbo,L1P,L
A1DA17,N21833,C188,CESSNA 188 AgTruck,L1P,L
A1DD17,N219Y,YAK9,YAKOVLEV Yak-9,L1P,L
A1DE17,N21956,C172,CESSNA 172 Skyhawk,L1P,L
A1DF17,N22EL,C501,CESSNA 501 Citation 1SP,L2J,L
A1E417,N2205Q,BALL,,B0-,-
A1E717,N2210G,BALL,,B0-,-
A1E817,N2217T,C185,CESSNA 185 Skywagon,L1P,L
A1E917,N222GT,RV6,VANS RV-6,L1P,L
A1EC17,N2229W,P28B,PIPER PA-28-201T/235/236,L1P,L
A1ED17,N223KR,A139,AGUSTA AW-139,H2T,L
A1F017,N224CH,C185,CESSNA 185 Skywagon,L1P,L
A1F317,N2246R,T210,CESSNA T210 Turbo Centurion,L1P,L
A1FB17,N227AW,,,,
A20017,N228Q,BE35,BEECH 35 Starfire Bonanza,L1P,L
A20617,N2299V,C140,CESSNA 140,L1P,L
A20817,N23VW,ONEX,SONEX Onex,L1P,L
A20917,N230GA,G280,GULFSTREAM G280,L2J,M
A20A17,N230SG,M600,PIPER PA-46-600TP,L1T,L
A20F17,N23136,GLID,,L0-,-
A21917,N234TT,S22T,CIRRUS SR-22T Turbo,L1P,L
A22417,N237SF,PC12,PILATUS PC-12,L1T,L
A22517,N23712,B58T,BEECH 58TC Baron,L2P,L
A22617,N2379C,C82R,CESSNA R182 Skylane RG,L1P,L
A22917,N23835,TAYB,TAYLORCRAFT BC/BF/BL,L1P,L
A22E17,N24EN,SR22,CIRRUS SR-22,L1P,L
A22F17,N24QU,M5,MAULE M-5,L1P,L
A23317,N2405S,C82T,CESSNA TR182 Turbo Skylane RG,L1P,L
A23617,N2410J,C150,CESSNA 150,L1P,L
A23917,N242TA,P208,TECNAM P-2008,L1P,L
A23A17,N2422M,BE23,BEECH 23 Sundowner,L1P,L
A23B17,N2429Y,C172,CESSNA 172 Skyhawk,L1P,L
A23F17,N244CK,FA20,DASSAULT Falcon 200,L2J,M
A24217,N2446T,NAVI,NORTH AMERICAN Navion,L1P,L
A24317,N245FH,LJ45,LEARJET 45,L2J,M
A24517,N2451K,L8,LUSCOMBE 8,L1P,L
A24617,N2458W,PA31,PIPER PA-31-300/310/325/350/425,L2P,L
A24B17,N247MD,BE9L,BEECH 90 King Air,L2T,L
A25117,N2487U,C172,CESSNA 172 Skyhawk,L1P,L
A25317,N249T,PA18,PIPER PA-18 Super Cub,L1P,L
A25417,N2492L,PARA,,P0-,-
A25817,N250GC,C182,CESSNA 182 Skylane,L1P,L
A25B17,N2509F,B47G,BELL 47G,H1P,L
A25E17,N25138,L8,LUSCOMBE 8,L1P,L
A26017,N252MZ,M20P,MOONEY M-20,L1P,L
A26117,N252YE,M20P,MOONEY M-20,L1P,L
A26217,N2526A,PA22,PIPER PA-22,L1P,L
A26317,N253ER,C82R,CESSNA R182 Skylane RG,L1P,L
A26517,N25303,BALL,,B0-,-
A26617,N2538D,C170,CESSNA 170,L1P,L
A26917,N25426,C152,CESSNA 152,L1P,L
A26A17,N255AF,AVID,AVID Flyer,L1P,L
A26C17,N255WT,S22T,CIRRUS SR-22T Turbo,L1P,L
A27317,N257SH,PA31,PIPER PA-31-300/310/325/350/425,L2P,L
A27417,N25714,BALL,,B0-,-
A27617,N258K,RV7,VANS RV-7,L1P,L
A28617,N2617X,C206,CESSNA  206 Stationair,L1P,L
A28A17,N26290,S10,STINSON 10 Voyager,L1P,L
A28E17,N264CM,AA5,AMERICAN AA-5 Tiger,L1P,L
A28F17,N264NT,,,,
A29117,N2646V,C170,CESSNA 170,L1P,L
A29817,N2663Q,C182,CESSNA 182 Skylane,L1P,L
A29C17,N2675T,P28A,PIPER PA-28-140/150/160/180,L1P,L
A29F17,N2680K,L8,LUSCOMBE 8,L1P,L
A2A017,N2687W,ULAC,,L0-,-
A2A317,N2692N,C140,CESSNA 140,L1P,L
A2A617,N27W,TAYD,TAYLORCRAFT DC/DF/DL,L1P,L
A2A817,N270SL,BK17,EUROCOPTER BK117 C-1/2,H2T,L
A2AA17,N2709H,GLID,,L0-,-
A2AF17,N272NA,T28,NORTH AMERICAN T-28,L1P,L
A2C017,N2767D,C170,CESSNA 170,L1P,L
A2C417,N2779G,ST75,STEARMAN Kaydet,L1P,L
A2CE17,N280BC,GLF4,GULFSTREAM 4,L2J,M
A2CF17,N280MJ,ESCP,REALITY Escapade,L1P,L
A2DD17,N284CP,C560,CESSNA 560 Citation Ultra,L2J,M
A2DE17,N284NV,A320,AIRBUS A-320,L2J,M
A2E017,N2846X,C177,CESSNA  177 Cardinal,L1P,L
A2E317,N2851P,PA22,PIPER PA-22,L1P,L
A2E417,N28580,L8,LUSCOMBE 8,L1P,L
A2E517,N286JK,RV7,VANS RV-7,L1P,L
A2EB17,N2875V,RV7,VANS RV-7,L1P,L
A2EE17,N2880M,PA12,PIPER PA-12 Super Cruiser,L1P,L
A2F317,N28991,AA5,AMERICAN AA-5 Tiger,L1P,L
A2F417,N29KW,B29,BOEING B-29 Superfortress,L4P,M
A2F517,N29WB,RV12,VANS RV-12,L1P,L
A2FC17,N2914B,P28A,PIPER PA-28-140/150/160/180,L1P,L
A30017,N2926E,CL35,BOMBARDIER BD-100 Challenger 350,L2J,M
A30217,N293RA,,,,
A30317,N29307,C177,CESSNA  177 Cardinal,L1P,L
A30717,N2943,AS29,SCHLEICHER ASG-29,L1P,L
A30817,N295AK,SR22,CIRRUS SR-22,L1P,L
A30B17,N2955C,,,,
A31217,N29718,HUSK,CHRISTEN Husky,L1P,L
A31317,N2979J,C150,CESSNA 150,L1P,L
A31717,N299BW,RV6,VANS RV-6,L1P,L
A31A17,N2996D,C170,CESSNA 170,L1P,L
A31D17,N30BE,PA46,PIPER PA-46-310/350,L1P,L
A31E17,N30ML,BE30,BEECH 300 Super King Air,L2T,L
A31F17,N30XS,TB30,SOCATA TB-30 Epsilon,L1P,L
A32217,N3003D,C310,CESSNA 310,L2P,L
A32617,N3015G,R44,ROBINSON R-44 Raven,H1P,L
A32717,N302DM,FOX,KITFOX,L1P,L
A32817,N302PT,DHC4,DE HAVILLAND DHC-4 Caribou,L2P,M
A32C17,N303SR,SR22,CIRRUS SR-22,L1P,L
A32D17,N3032B,C195,CESSNA 195,L1P,L
A32F17,N304KH,B733,BOEING 737-300,L2J,M
A33917,N3068L,C310,CESSNA 310,L2P,L
A33C17,N3073C,AT5T,AIR TRACTOR AT-504,L1T,L
A34017,N3085F,BE36,BEECH 36 Bonanza,L1P,L
A34217,N309PS,C152,CESSNA 152,L1P,L
A34417,N3097J,C150,CESSNA 150,L1P,L
A34517,N31GJ,LJ35,LEARJET 35,L2J,M
A34A17,N31063,C150,CESSNA 150,L1P,L
A34B17,N311FT,BE95,BEECH 95 Travel Air,L2P,L
A34D17,N3111V,BE35,BEECH 35 Starfire Bonanza,L1P,L
A35117,N3123Y,C182,CESSNA 182 Skylane,L1P,L
A35217,N313BH,LJ45,LEARJET 45,L2J,M
A35317,N313MP,P210,CESSNA P210 Centurion,L1P,L
A35517,N31351,DHC1,DE HAVILLAND DHC-1 Chipmunk,L1P,L
A35817,N3140T,C177,CESSNA  177 Cardinal,L1P,L
A35917,N31474,PTS2,PITTS S-2 Special,L1P,L
A35F17,N316WH,C560,CESSNA 560 Citation Ultra,L2J,M
A36217,N317P,SR20,CIRRUS SR-20,L1P,L
A36417,N31762,PARA,,P0-,-
A36717,N3181U,BT36,BEECH B36TC Bonanza,L1P,L
A36B17,N3193X,BE36,BEECH 36 Bonanza,L1P,L
A36C17,N32BG,GALX,GULFSTREAM G200,L2J,M
A37017,N320UE,,,,
A37117,N3203F,M20P,MOONEY M-20,L1P,L
A37217,N321AR,GB1,GAME COMPOSITES GameBird,L1P,L
A37617,N322DP,C25A,CESSNA 525A Citation CJ2,L2J,L
A37917,N3227M,PA12,PIPER PA-12 Super Cruiser,L1P,L
A37B17,N323ST,PA32,PIPER PA-32,L1P,L
A37C17,N3232D,C180,CESSNA  180 Skywagon,L1P,L
A37D17,N3239Q,C402,CESSNA 402 Businessliner,L2P,L
A37F17,N324VR,LGEZ,RUTAN Long-EZ,L1P,L
A38417,N3256K,GC1,GLOBE Swift,L1P,L
A38517,N326F,FOUG,AEROSPATIALE CM-170 Magister,L2J,L
A38617,N326RF,RV4,VANS RV-4,L1P,L
A38B17,N3273E,C172,CESSNA 172 Skyhawk,L1P,L
A39017,N329DN,A321,AIRBUS A-321,L2J,M
A39317,N3297L,C172,CESSNA 172 Skyhawk,L1P,L
A39417,N33GL,RV3,VANS RV-3,L1P,L
A39517,N33SS,PA30,PIPER PA-30 Twin Comanche,L2P,L
A39717,N330PC,RV6,VANS RV-6,L1P,L
A39B17,N331SA,BE36,BEECH 36 Bonanza,L1P,L
A39E17,N332JT,,,,
A3A017,N33230,C77R,CESSNA 177RG Cardinal RG,L1P,L
A3A217,N333MR,AR11,AERONCA 11 Chief,L1P,L
A3A317,N333XX,PA31,PIPER PA-31-300/310/325/350/425,L2P,L
A3AC17,N33599,P28R,PIPER PA-28R-180/200/201,L1P,L
A3AF17,N33641,P28A,PIPER PA-28-140/150/160/180,L1P,L
A3B017,N337CW,RV9,VANS RV-9,L1P,L
A3B117,N337PB,,,,
A3B317,N33764,P28A,PIPER PA-28-140/150/160/180,L1P,L
A3B817,N339JS,RV7,VANS RV-7,L1P,L
A3BA17,N3393Z,PA18,PIPER PA-18 Super Cub,L1P,L
A3C117,N341AT,C340,CESSNA 340 Super,L2P,L
A3CB17,N3432F,T210,CESSNA T210 Turbo Centurion,L1P,L
A3CC17,N3439S,C182,CESSNA 182 Skylane,L1P,L
A3D017,N345CD,PA34,PIPER PA-34 Seneca,L2P,L
A3D317,N3456M,M4,MAULE M-4,L1P,L
A3DA17,N3473G,C310,CESSNA 310,L2P,L
A3DB17,N348AS,RV8,VANS RV-8,L1P,L
A3DE17,N3485K,J3,PIPER J-3 Cub,L1P,L
A3E117,N3490B,BE35,BEECH 35 Starfire Bonanza,L1P,L
A3E217,N3497N,J3,PIPER J-3 Cub,L1P,L
A3E817,N35067,J3,PIPER J-3 Cub,L1P,L
A3E917,N351FX,E55P,EMBRAER EMB-505 Phenom 300,L2J,M
A3EB17,N3511Z,PA22,PIPER PA-22,L1P,L
A3EE17,N352VA,P28A,PIPER PA-28-140/150/160/180,L1P,L
A3FB17,N356A,SONX,SONEX AIRCRAFT Sonex,L1P,L
A3FE17,N35643,C172,CESSNA 172 Skyhawk,L1P,L
A40017,N357PD,H269,HUGHES Sky Knight,H1P,L
A40817,N359V,CL60,BOMBARDIER CL-600 Challenger,L2J,M
A40917,N35931,J5,PIPER J-5 Cub Cruiser,L1P,L
A40A17,N36BL,LJ31,LEARJET 31,L2J,M
A40B17,N36MS,T206,CESSNA T206 Turbo Stationair,L1P,L
A40D17,N360JC,DRON,,D0-,-
A40F17,N3603K,J3,PIPER J-3 Cub,L1P,L
A41117,N361MA,MU2,MITSUBISHI MU-2 Marquise,L2T,L
A41317,N3615N,M20P,MOONEY M-20,L1P,L
A41417,N362DT,ONEX,SONEX Onex,L1P,L
A41617,N3620E,GLID,,L0-,-
A41917,N363SX,SONX,SONEX AIRCRAFT Sonex,L1P,L
A41A17,N3632H,ERCO,AIR PRODUCTS F-1 Aircoupe,L1P,L
A41B17,N3639U,C182,CESSNA 182 Skylane,L1P,L
A41E17,N3644L,C172,CESSNA 172 Skyhawk,L1P,L
A41F17,N365CF,PC12,PILATUS PC-12,L1T,L
A42217,N3656P,PA22,PIPER PA-22,L1P,L
A42417,N366RK,R66,ROBINSON R-66,H1T,L
A42517,N3661F,,,,
A42617,N3668S,C172,CESSNA 172 Skyhawk,L1P,L
A42B17,N368M,C82S,CESSNA T182 Turbo Skylane,L1P,L
A42E17,N369DS,LNC2,LANCAIR 200-320,L1P,L
A43017,N3690D,BE58,BEECH 58 Baron,L2P,L
A43317,N37SW,TAIL,WITTMAN Tailwind,L1P,L
A43817,N371FZ,RV4,VANS RV-4,L1P,L
A44217,N37357,S1,INTERSTATE S-1 Cadet,L1P,L
A44517,N3740Z,PA18,PIPER PA-18 Super Cub,L1P,L
A44917,N37522,B39M,BOEING 737 MAX 9,L2J,M
A44C17,N376WP,PARA,,P0-,-
A44E17,N377D,BE36,BEECH 36 Bonanza,L1P,L
A45317,N378SD,UH1,BELL UH-1 Huey,H1T,L
A45517,N3789A,PA18,PIPER PA-18 Super Cub,L1P,L
A45C17,N380JE,C25C,CESSNA 525C Citation CJ4,L2J,M
A45E17,N3803M,BE35,BEECH 35 Starfire Bonanza,L1P,L
A46617,N3827T,P28R,PIPER PA-28R-180/200/201,L1P,L
A46917,N3832K,P68,PARTENAVIA P-68 Observer,L2P,L
A46A17,N3839W,PA32,PIPER PA-32,L1P,L
A46D17,N3844N,M20P,MOONEY M-20,L1P,L
A46E17,N385CH,C172,CESSNA 172 Skyhawk,L1P,L
A47117,N3856R,C172,CESSNA 172 Skyhawk,L1P,L
A47417,N3861H,ERCO,AIR PRODUCTS F-1 Aircoupe,L1P,L
A47517,N3868U,BE35,BEECH 35 Starfire Bonanza,L1P,L
A47817,N3873L,BE36,BEECH 36 Bonanza,L1P,L
A48017,N3897S,C172,CESSNA 172 Skyhawk,L1P,L
A48117,N39GS,R44,ROBINSON R-44 Raven,H1P,L
A48617,N3907A,GLID,,L0-,-
A48A17,N3919D,C182,CESSNA 182 Skylane,L1P,L
A48B17,N392JZ,RV9,VANS RV-9,L1P,L
A49417,N39401,B26,DOUGLAS A-26 Invader,L2P,M
A49C17,N39647,P32R,PIPER PA-32R-300/301/301T,L1P,L
A4A017,N3977,ZZZZ,,-0-,-
A4A117,N398G,M20P,MOONEY M-20,L1P,L
A4A817,N4BQ,P28A,PIPER PA-28-140/150/160/180,L1P,L
A4A917,N4MW,C182,CESSNA 182 Skylane,L1P,L
A4AA17,N4YB,LNP4,LANCAIR PropJet 4,L1T,L
A4AB17,N40JG,P28R,PIPER PA-28R-180/200/201,L1P,L
A4AC17,N40UN,DRON,,D0-,-
A4AD17,N400ET,C25C,CESSNA 525C Citation CJ4,L2J,M
A4AF17,N40005,P28A,PIPER PA-28-140/150/160/180,L1P,L
A4B017,N4008F,,,,
A4B317,N40128,S108,STINSON 108 Voyager,L1P,L
A4B817,N403DF,V10,NORTH AMERICAN OV-10 Bronco,L2T,L
A4C417,N406N,,,,
A4C617,N4066B,RV6,VANS RV-6,L1P,L
A4C717,N407ES,B407,BELL 407,H1T,L
A4C917,N40704,P28A,PIPER PA-28-140/150/160/180,L1P,L
A4CD17,N40827,J3,PIPER J-3 Cub,L1P,L
A4D217,N41DE,BE50,BEECH 50 Excalibur,L2P,L
A4D317,N41PL,PA30,PIPER PA-30 Twin Comanche,L2P,L
A4D617,N410WC,,,,
A4D717,N4104U,C150,CESSNA 150,L1P,L
A4D817,N411CP,C82T,CESSNA TR182 Turbo Skylane RG,L1P,L
A4DE17,N4121P,PA23,PIPER PA-23,L2P,L
A4E217,N4133S,BE33,BEECH 33 Bonanza,L1P,L
A4E317,N414BB,C414,CESSNA 414 Chancellor,L2P,L
A4E617,N4145V,P32R,PIPER PA-32R-300/301/301T,L1P,L
A4E717,N415E,ERCO,AIR PRODUCTS F-1 Aircoupe,L1P,L
A4E917,N4150M,PA12,PIPER PA-12 Super Cruiser,L1P,L
A4EA17,N4157Y,CH7A,BELLANCA 7 Champion,L1P,L
A4EC17,N416TD,SR22,CIRRUS SR-22,L1P,L
A4ED17,N4162Q,BALL,,B0-,-
A4EE17,N41691,CH7B,BELLANCA 7 Citabria,L1P,L
A4F117,N4174T,P28A,PIPER PA-28-140/150/160/180,L1P,L
A4F417,N418Z,LNC2,LANCAIR 200-320,L1P,L
A4F917,N4198Z,PA18,PIPER PA-18 Super Cub,L1P,L
A4FA17,N42JJ,H25B,HAWKER BEECHCRAFT Hawker 750/850,L2J,M
A4FC17,N420EV,DRON,,D0-,-
A4FE17,N42007,C72R,CESSNA 172R Cutlass RG,L1P,L
A4FF17,N4208H,PA14,PIPER PA-14 Family Cruiser,L1P,L
A50017,N421HT,C421,CESSNA 421 Executive Commuter,L2P,L
A50317,N422AK,SR22,CIRRUS SR-22,L1P,L
A50617,N4225C,,,,
A50817,N423PP,A600,ROTORWAY A-600 Talon,H1P,L
A50A17,N4237F,C172,CESSNA 172 Skyhawk,L1P,L
A50C17,N424SM,EVOP,LANCAIR Evolution Piston,L1P,L
A50F17,N425KD,C425,CESSNA 425 Corsair,L2T,L
A51117,N4254A,UH12,HILLER UH-12,H1P,L
A51517,N4266D,BE35,BEECH 35 Starfire Bonanza,L1P,L
A51717,N427R,CRUZ,CSA PS-28 Cruiser,L1P,L
A51A17,N428HS,C182,CESSNA 182 Skylane,L1P,L
A51C17,N42829,J3,PIPER J-3 Cub,L1P,L
A52017,N4295B,BE35,BEECH 35 Starfire Bonanza,L1P,L
A52117,N43DG,EFOX,AEROPRO Eurofox,L1P,L
A52617,N4304W,PA32,PIPER PA-32,L1P,L
A52A17,N4316Z,PA18,PIPER PA-18 Super Cub,L1P,L
A52C17,N432RV,RV6,VANS RV-6,L1P,L
A52D17,N4321R,R66,ROBINSON R-66,H1T,L
A52E17,N43282,TAYB,TAYLORCRAFT BC/BF/BL,L1P,L
A52F17,N433JM,BE20,BEECH 200 Super King Air,L2T,M
A53317,N434MK,DH8D,DE HAVILLAND DHC-8-400 Dash 8,L2T,M
A53817,N4350P,ULAC,,L0-,-
A53A17,N436H,,,,
A53D17,N43693,P28A,PIPER PA-28-140/150/160/180,L1P,L
A54017,N4374V,C195,CESSNA 195,L1P,L
A54417,N4386Y,PA25,PIPER PA-25 Pawnee,L1P,L
A54717,N4391Q,C172,CESSNA 172 Skyhawk,L1P,L
A54817,N43981,RS12,RANS S-12 Super Airaile,L1P,L
A54917,N44JL,RV7,VANS RV-7,L1P,L
A54A17,N44US,BE20,BEECH 200 Super King Air,L2T,M
A54C17,N440RC,BE40,BEECH 400 Beechjet,L2J,M
A55017,N441UA,A320,AIRBUS A-320,L2J,M
A55117,N4413B,C170,CESSNA 170,L1P,L
A55617,N443DK,RV4,VANS RV-4,L1P,L
A55717,N443PR,GL5T,BOMBARDIER BD-700 Global 5000/5500,L2J,M
A55917,N4437H,M20P,MOONEY M-20,L1P,L
A55C17,N4442,,,,
A56217,N446ND,P28A,PIPER PA-28-140/150/160/180,L1P,L
A56717,N44708,P28A,PIPER PA-28-140/150/160/180,L1P,L
A56817,N4478J,P28A,PIPER PA-28-140/150/160/180,L1P,L
A56B17,N4483A,RS12,RANS S-12 Super Airaile,L1P,L
A56F17,N4495D,PA11,PIPER PA-11 Cub Special,L1P,L
A57317,N450LA,DHC2,DE HAVILLAND DHC-2 Beaver,L1P,L
A57417,N450WG,GLF4,GULFSTREAM 4,L2J,M
A57517,N4504Y,PA18,PIPER PA-18 Super Cub,L1P,L
A57917,N45161,AA5,AMERICAN AA-5 Tiger,L1P,L
A57A17,N452FR,BE36,BEECH 36 Bonanza,L1P,L
A57C17,N4521T,P28R,PIPER PA-28R-180/200/201,L1P,L
A57D17,N45284,C150,CESSNA 150,L1P,L
A58017,N4533W,AC11,NORTH AMERICAN ROCKWELL Commander 112/114,L1P,L
A58217,N454MM,C56X,CESSNA 560XL Citation XLS,L2J,M
A58517,N455ED,C210,CESSNA 201 Centurion,L1P,L
A58717,N4550R,M4,MAULE M-4,L1P,L
A58917,N456HB,,,,
A58A17,N456TH,BE76,BEECH 76 Duchess,L2P,L
A58B17,N4562U,C150,CESSNA 150,L1P,L
A58D17,N457L,GLAS,Glasair,L1P,L
A58F17,N4574X,PA34,PIPER PA-34 Seneca,L2P,L
A59017,N458CS,C82T,CESSNA TR182 Turbo Skylane RG,L1P,L
A59517,N459RW,BE36,BEECH 36 Bonanza,L1P,L
A59717,N45983,L8,LUSCOMBE 8,L1P,L
A5A417,N4625G,C172,CESSNA 172 Skyhawk,L1P,L
A5A517,N463DM,GP3,OSPREY GP-3 Osprey 2,A1P,L
A5AA17,N464SR,BE33,BEECH 33 Bonanza,L1P,L
A5AB17,N4642B,C180,CESSNA  180 Skywagon,L1P,L
A5AF17,N4654E,CH7A,BELLANCA 7 Champion,L1P,L
A5B017,N466C,S108,STINSON 108 Voyager,L1P,L
A5B117,N466NF,R66,ROBINSON R-66,H1T,L
A5B317,N4666H,PA17,PIPER PA-17 Vagabond Trainer,L1P,L
A5BD17,N469X,ULAC,,L0-,-
A5BF17,N47DL,LNC2,LANCAIR 200-320,L1P,L
A5C017,N47PS,C182,CESSNA 182 Skylane,L1P,L
A5CC17,N47286,TAYD,TAYLORCRAFT DC/DF/DL,L1P,L
A5D917,N476TK,SR22,CIRRUS SR-22,L1P,L
A5DC17,N477LB,BALL,,B0-,-
A5DD17,N477WH,,,,
A5E017,N478P,P28A,PIPER PA-28-140/150/160/180,L1P,L
A5E517,N4791U,T206,CESSNA T206 Turbo Stationair,L1P,L
A5EF17,N4813F,,,,
A5F017,N482AR,E50P,EMBRAER EMB-500 Phenom 100,L2J,L
A5F717,N4837M,,,,
A5FA17,N4842D,C182,CESSNA 182 Skylane,L1P,L
A5FB17,N4849Q,C188,CESSNA 188 AgTruck,L1P,L
A5FE17,N4854G,C172,CESSNA 172 Skyhawk,L1P,L
A5FF17,N486CB,PA44,PIPER PA-44 Seminole,L2P,L
A60617,N4878N,ST75,STEARMAN Kaydet,L1P,L
A60917,N4883E,CH7B,BELLANCA 7 Citabria,L1P,L
A60D17,N4895H,PA17,PIPER PA-17 Vagabond Trainer,L1P,L
A61417,N491CX,NSTR,CUSTOM FLIGHT North Star,L1P,L
A61B17,N49288,C152,CESSNA 152,L1P,L
A61E17,N49330,PTS1,PITTS S-1 Special,L1P,L
A62817,N496TM,BE40,BEECH 400 Beechjet,L2J,M
A63117,N49864,C152,CESSNA 152,L1P,L
A63317,N499S,C182,CESSNA 182 Skylane,L1P,L
A63617,N5JS,CH7A,BELLANCA 7 Champion,L1P,L
A63817,N50FC,,,,
A63917,N50RJ,GLST,GLASAIR SH-4 GlaStar,L1P,L
A63A17,N500BP,,,,
A63B17,N500MV,H500,HUGHES 500,H1T,L
A64017,N5010Z,PA22,PIPER PA-22,L1P,L
A64217,N502HK,Q9,GENERAL ATOMICS MQ-9 Reaper,L1T,L
A64317,N502TR,AT5T,AIR TRACTOR AT-504,L1T,L
A64417,N50222,C150,CESSNA 150,L1P,L
A64517,N503AB,LJ60,LEARJET 60,L2J,M
A64717,N503WP,PARA,,P0-,-
A64817,N50345,C150,CESSNA 150,L1P,L
A64917,N504D,C500,CESSNA 500 Citation 1,L2J,L
A64C17,N50468,,,,
A64F17,N50510,C150,CESSNA 150,L1P,L
A65317,N50633,C150,CESSNA 150,L1P,L
A65817,N508EL,C25C,CESSNA 525C Citation CJ4,L2J,M
A65917,N508QS,C68A,CESSNA 680 Citation Latitude,L2J,M
A65A17,N5080Y,C82R,CESSNA R182 Skylane RG,L1P,L
A65E17,N50921,C150,CESSNA 150,L1P,L
A65F17,N51AA,S1,INTERSTATE S-1 Cadet,L1P,L
A66417,N5102K,NAVI,NORTH AMERICAN Navion,L1P,L
A66817,N5114N,ST75,STEARMAN Kaydet,L1P,L
A66917,N512CH,PA11,PIPER PA-11 Cub Special,L1P,L
A66C17,N5126R,C172,CESSNA 172 Skyhawk,L1P,L
A66E17,N513RM,AA5,AMERICAN AA-5 Tiger,L1P,L
A66F17,N5131H,ULAC,,L0-,-
A67117,N514JD,EC20,AIRBUS HELICOPTERS EC-120,H1T,L
A67717,N5155P,C152,CESSNA 152,L1P,L
A67917,N516Q,BE56,BEECH 56 Turbo Baron,L2P,L
A67B17,N5167S,P28A,PIPER PA-28-140/150/160/180,L1P,L
A67C17,N517GS,RV4,VANS RV-4,L1P,L
A67D17,N517SY,E75L,EMBRAER ERJ-170-200 (long wing),L2J,M
A67F17,N5179V,C72R,CESSNA 172R Cutlass RG,L1P,L
A68217,N5184M,TAYB,TAYLORCRAFT BC/BF/BL,L1P,L
A68717,N52FE,C56X,CESSNA 560XL Citation XLS,L2J,M
A68817,N52RL,CH60,ZENAIR CH-600 Zodiac,L1P,L
A68917,N520BR,,,,
A68D17,N521EP,C172,CESSNA 172 Skyhawk,L1P,L
A68F17,N52101,C77R,CESSNA 177RG Cardinal RG,L1P,L
A69217,N522TT,H269,HUGHES Sky Knight,H1P,L
A69317,N52224,FA62,FAIRCHILD M-26 Cornell,L1P,L
A69817,N524DB,C208,CESSNA 208 Caravan,L1T,L
A69C17,N525G,C172,CESSNA 172 Skyhawk,L1P,L
A69D17,N525SF,C421,CESSNA 421 Executive Commuter,L2P,L
A69E17,N52512,ST75,STEARMAN Kaydet,L1P,L
A69F17,N5259C,M20P,MOONEY M-20,L1P,L
A6A417,N527MW,HDJT,HONDA HondaJet,L2J,L
A6A617,N52758,C182,CESSNA 182 Skylane,L1P,L
A6A917,N52800,C77R,CESSNA 177RG Cardinal RG,L1P,L
A6AC17,N529TS,C560,CESSNA 560 Citation Ultra,L2J,M
A6AD17,N52923,C182,CESSNA 182 Skylane,L1P,L
A6AE17,N53AC,PA23,PIPER PA-23,L2P,L
A6AF17,N53LJ,LNP4,LANCAIR PropJet 4,L1T,L
A6B217,N530TA,C82R,CESSNA R182 Skylane RG,L1P,L
A6B417,N5309Y,BALL,,B0-,-
A6B717,N5314Q,C150,CESSNA 150,L1P,L
A6B817,N532CK,ZZZZ,,-0-,-
A6BB17,N5326T,C82R,CESSNA R182 Skylane RG,L1P,L
A6BE17,N5331K,C172,CESSNA 172 Skyhawk,L1P,L
A6C617,N5355R,C172,CESSNA 172 Skyhawk,L1P,L
A6C717,N536DW,,,,
A6C917,N5360H,PA16,PIPER PA-16 Clipper,L1P,L
A6CC17,N537T,B06,BELL 206 JetRanger,H1T,L
A6CF17,N538KS,C172,CESSNA 172 Skyhawk,L1P,L
A6D117,N5384P,C152,CESSNA 152,L1P,L
A6D517,N5396S,P28A,PIPER PA-28-140/150/160/180,L1P,L
A6D717,N54RN,ULAC,,L0-,-
A6D817,N540BT,GLAS,Glasair,L1P,L
A6DB17,N5406A,C310,CESSNA 310,L2P,L
A6DF17,N5418D,BE35,BEECH 35 Starfire Bonanza,L1P,L
A6E417,N543LM,LJ35,LEARJET 35,L2J,M
A6E517,N543WT,RV7,VANS RV-7,L1P,L
A6ED17,N54514,C46,CURTISS C-46 Commando,L2P,M
A6EF17,N546K,C82T,CESSNA TR182 Turbo Skylane RG,L1P,L
A6FD17,N55AE,BE95,BEECH 95 Travel Air,L2P,L
A6FE17,N55LL,M20P,MOONEY M-20,L1P,L
A70017,N550GX,C550,CESSNA 550 Citation S2,L2J,L
A70117,N550TC,LJ55,LEARJET 55,L2J,M
A70317,N55090,PA34,PIPER PA-34 Seneca,L2P,L
A70517,N551WA,,,,
A70717,N552CM,BE36,BEECH 36 Bonanza,L1P,L
A70D17,N5531M,C152,CESSNA 152,L1P,L
A70E17,N5538Y,T210,CESSNA T210 Turbo Centurion,L1P,L
A70F17,N554JH,T6,NORTH AMERICAN T-6 Texan,L1P,L
A71117,N5543Q,M20P,MOONEY M-20,L1P,L
A71317,N555MF,PA31,PIPER PA-31-300/310/325/350/425,L2P,L
A71517,N5555T,BALL,,B0-,-
A71917,N5567W,P28A,PIPER PA-28-140/150/160/180,L1P,L
A71B17,N557TB,TB20,SOCATA TB-20 Trinidad,L1P,L
A71D17,N5579Z,CH70,ZENAIR CH-701 Stol,L1P,L
A71F17,N558W,R44,ROBINSON R-44 Raven,H1P,L
A72417,N5596U,P28A,PIPER PA-28-140/150/160/180,L1P,L
A72A17,N5606C,C140,CESSNA 140,L1P,L
A72D17,N56105,P28A,PIPER PA-28-140/150/160/180,L1P,L
A72E17,N5618F,,,,
A73517,N5635A,C172,CESSNA 172 Skyhawk,L1P,L
A73717,N564PM,SR22,CIRRUS SR-22,L1P,L
A73B17,N565SK,H25B,HAWKER BEECHCRAFT Hawker 750/850,L2J,M
A73D17,N5659G,C150,CESSNA 150,L1P,L
A73E17,N566KB,C560,CESSNA 560 Citation Ultra,L2J,M
A74017,N56639,P28R,PIPER PA-28R-180/200/201,L1P,L
A74217,N567N,PA38,PIPER PA-38 Tomahawk,L1P,L
A74817,N5688E,C150,CESSNA 150,L1P,L
A74C17,N57AG,BE9L,BEECH 90 King Air,L2T,L
A75517,N5714U,P28A,PIPER PA-28-140/150/160/180,L1P,L
A75617,N572CP,SR22,CIRRUS SR-22,L1P,L
A76017,N5743S,GLID,,L0-,-
A76117,N575BB,P28A,PIPER PA-28-140/150/160/180,L1P,L
A76417,N5755V,BE23,BEECH 23 Sundowner,L1P,L
A76B17,N5772Q,M20P,MOONEY M-20,L1P,L
A77617,N580BX,BE58,BEECH 58 Baron,L2P,L
A77C17,N58107,M20P,MOONEY M-20,L1P,L
A77E17,N582HT,,,,
A78B17,N58518,C182,CESSNA 182 Skylane,L1P,L
A78F17,N5864A,C172,CESSNA 172 Skyhawk,L1P,L
A7A017,N5902T,C150,CESSNA 150,L1P,L
A7A417,N5914W,P28A,PIPER PA-28-140/150/160/180,L1P,L
A7AF17,N5943U,P28A,PIPER PA-28-140/150/160/180,L1P,L
A7B617,N5960P,PA24,PIPER PA-24 Comanche,L1P,L
A7C417,N6RU,EVOT,LANCAIR Evolution Turbine,L1T,L
A7C517,N60BZ,T18,THORP Tiger,L1P,L
A7C617,N60NE,BE36,BEECH 36 Bonanza,L1P,L
A7CA17,N6003Y,BE76,BEECH 76 Duchess,L2P,L
A7D517,N6032W,C82S,CESSNA T182 Turbo Skylane,L1P,L
A7D617,N60397,C172,CESSNA 172 Skyhawk,L1P,L
A7D717,N604LB,CL60,BOMBARDIER CL-600 Challenger,L2J,M
A7D917,N6044Z,C82S,CESSNA T182 Turbo Skylane,L1P,L
A7E117,N60685,C150,CESSNA 150,L1P,L
A7E517,N608BG,GLF2,GULFSTREAM 2,L2J,M
A7E817,N60850,AVID,AVID Flyer,L1P,L
A7EF17,N610DP,G280,GULFSTREAM G280,L2J,M
A7F417,N611ST,RV7,VANS RV-7,L1P,L
A7F817,N612VR,C551,CESSNA 551 Citation 2SP,L2J,L
A7F917,N6124G,SS2T,TRUSH Turbo Thrush 500/550,L1T,L
A7FD17,N6136K,H269,HUGHES Sky Knight,H1P,L
A7FE17,N614F,R66,ROBINSON R-66,H1T,L
A7FF17,N614RF,RV4,VANS RV-4,L1P,L
A80017,N6141B,C182,CESSNA 182 Skylane,L1P,L
A80117,N6148N,BE23,BEECH 23 Sundowner,L1P,L
A80617,N616LW,,,,
A80B17,N6170,,,,
A80D17,N618GL,EC45,AIRBUS HELICOPTERS EC-145,H2T,L
A81417,N62CA,PA46,PIPER PA-46-310/350,L1P,L
A81517,N62NG,PC12,PILATUS PC-12,L1T,L
A81917,N62030,C82T,CESSNA TR182 Turbo Skylane RG,L1P,L
A81B17,N621MR,C150,CESSNA 150,L1P,L
A81C17,N621XX,NG5,BRM AERO NG-5/6 Bristell,L1P,L
A81D17,N62153,YK55,YAKOVLEV Yak-55,L1P,L
A81E17,N622EH,DRON,,D0-,-
A82117,N62276,C82S,CESSNA T182 Turbo Skylane,L1P,L
A82317,N623TM,H500,HUGHES 500,H1T,L
A82617,N624LD,LNCE,LANCAIR ES,L1P,L
A82917,N625CW,GLID,,L0-,-
A82A17,N625PB,PA32,PIPER PA-32,L1P,L
A82C17,N62564,PA23,PIPER PA-23,L2P,L
A82E17,N626S,BE35,BEECH 35 Starfire Bonanza,L1P,L
A82F17,N6261W,P28A,PIPER PA-28-140/150/160/180,L1P,L
A83117,N627JS,,,,
A83417,N628BJ,BU31,BUCKER Bu-131 Jungmann,L1P,L
A83A17,N6290U,M20P,MOONEY M-20,L1P,L
A83B17,N62975,CH7A,BELLANCA 7 Champion,L1P,L
A83C17,N63HE,BL8,BELLANCA 8 Decathlon,L1P,L
A83D17,N63TL,BE36,BEECH 36 Bonanza,L1P,L
A84417,N6312F,C337,CESSNA 337 Super Skymaster,L2P,L
A84517,N6319S,BALL,,B0-,-
A84917,N633CD,SR22,CIRRUS SR-22,L1P,L
A84A17,N633NK,A320,AIRBUS A-320,L2J,M
A85017,N6348Q,M20P,MOONEY M-20,L1P,L
A85717,N6365K,C150,CESSNA 150,L1P,L
A85D17,N638SU,,,,
A86217,N6394H,J3,PIPER J-3 Cub,L1P,L
A86317,N64CC,UH1,BELL UH-1 Huey,H1T,L
A86717,N640VA,A320,AIRBUS A-320,L2J,M
A86C17,N64155,C172,CESSNA 172 Skyhawk,L1P,L
A86F17,N6420X,C180,CESSNA  180 Skywagon,L1P,L
A87217,N643TP,P28A,PIPER PA-28-140/150/160/180,L1P,L
A87917,N645PD,C172,CESSNA 172 Skyhawk,L1P,L
A87D17,N646SB,RV4,VANS RV-4,L1P,L
A88117,N647V,BE35,BEECH 35 Starfire Bonanza,L1P,L
A88917,N6490W,P28A,PIPER PA-28-140/150/160/180,L1P,L
A88C17,N65TN,ULAC,,L0-,-
A88D17,N650DT,CH65,ZENAIR CH-650 Zodiac,L1P,L
A88F17,N6500E,,,,
A89017,N6507R,BE19,BEECH 19 Sport,L1P,L
A89317,N6512H,C172,CESSNA 172 Skyhawk,L1P,L
A89417,N6519U,M20P,MOONEY M-20,L1P,L
A89717,N6524L,VALI,CONVAIR Valiant,L1P,L
A89B17,N6536P,C152,CESSNA 152,L1P,L
A89F17,N6548S,C150,CESSNA 150,L1P,L
A8A017,N655JB,A320,AIRBUS A-320,L2J,M
A8A217,N6553J,P28A,PIPER PA-28-140/150/160/180,L1P,L
A8A417,N656M,,,,
A8A617,N6565M,C182,CESSNA 182 Skylane,L1P,L
A8A717,N657DS,DA40,DIAMOND DA-40 Club Star,L1P,L
A8AA17,N6577Q,C152,CESSNA 152,L1P,L
A8B717,N66034,C180,CESSNA  180 Skywagon,L1P,L
A8B817,N661BP,C25A,CESSNA 525A Citation CJ2,L2J,L
A8BB17,N66157,C150,CESSNA 150,L1P,L
A8C217,N66322,C150,CESSNA 150,L1P,L
A8C717,N665D,,,,
A8CA17,N66568,B58T,BEECH 58TC Baron,L2P,L
A8D217,N668BN,,,,
A8D717,N669QS,C56X,CESSNA 560XL Citation XLS,L2J,M
A8D817,N6690Y,BE36,BEECH 36 Bonanza,L1P,L
A8E217,N6712K,G164,GRUMMAN G-164 Ag-Cat,L1P,L
A8E317,N6719W,P28A,PIPER PA-28-140/150/160/180,L1P,L
A8E717,N673CH,J3,PIPER J-3 Cub,L1P,L
A8EA17,N6736R,T210,CESSNA T210 Turbo Centurion,L1P,L
A8ED17,N6741H,J3,PIPER J-3 Cub,L1P,L
A8F117,N6753L,BE24,BEECH 24 Sierra,L1P,L
A8F517,N6765P,PA24,PIPER PA-24 Comanche,L1P,L
A8F717,N677Q,BE95,BEECH 95 Travel Air,L2P,L
A8F817,N6770F,C150,CESSNA 150,L1P,L
A8F917,N6777S,C150,CESSNA 150,L1P,L
A8FA17,N678GS,C550,CESSNA 550 Citation S2,L2J,L
A90017,N6794M,S108,STINSON 108 Voyager,L1P,L
A90117,N68CG,R44,ROBINSON R-44 Raven,H1P,L
A90717,N681BR,CRJ2,BOMBARDIER Regional Jet CRJ-200,L2J,M
A90E17,N6828B,PA22,PIPER PA-22,L1P,L
A91117,N68324,ST75,STEARMAN Kaydet,L1P,L
A91917,N6857,VJ22,VOLMER Sportsman,A1P,L
A92017,N68735,C152,CESSNA 152,L1P,L
A92417,N68858,COUR,HELIO Courier,L1P,L
A92917,N69HL,GLID,,L0-,-
A92A17,N69TS,C172,CESSNA 172 Skyhawk,L1P,L
A92D17,N6900J,P28A,PIPER PA-28-140/150/160/180,L1P,L
A92E17,N6907V,M20P,MOONEY M-20,L1P,L
A93017,N691TA,P208,TECNAM P-2008,L1P,L
A93517,N6924Q,BE23,BEECH 23 Sundowner,L1P,L
A93C17,N6941K,PA20,PIPER PA-20 Pacer,L1P,L
A93D17,N6948W,P28A,PIPER PA-28-140/150/160/180,L1P,L
A94017,N6953N,BALL,,B0-,-
A94717,N6970H,C172,CESSNA 172 Skyhawk,L1P,L
A94817,N6977U,M20P,MOONEY M-20,L1P,L
A94A17,N698T,TWEN,TECNAM Twenty-Ten,L1P,L
A94F17,N6994P,PA24,PIPER PA-24 Comanche,L1P,L
A95017,N7CJ,BE36,BEECH 36 Bonanza,L1P,L
A95317,N70KA,R44,ROBINSON R-44 Raven,H1P,L
A95517,N700FM,P28A,PIPER PA-28-140/150/160/180,L1P,L
A95617,N700RT,M20P,MOONEY M-20,L1P,L
A95717,N7001P,PA24,PIPER PA-24 Comanche,L1P,L
A95817,N70080,BALL,,B0-,-
A95917,N701JK,CH70,ZENAIR CH-701 Stol,L1P,L
A95E17,N702XP,BE9L,BEECH 90 King Air,L2T,L
A96017,N703E,FH11,FAIRCHILD FH-1100,H1T,L
A96517,N704TD,C150,CESSNA 150,L1P,L
A96617,N7042Q,C172,CESSNA 172 Skyhawk,L1P,L
A96817,N705KW,B763,BOEING 767-300,L2J,H
A96D17,N706Z,PA46,PIPER PA-46-310/350,L1P,L
A97017,N707RS,AEST,AEROSTAR 600,L2P,L
A97117,N7071N,ULAC,,L0-,-
A97317,N708JJ,DRON,,D0-,-
A97517,N7083R,P28A,PIPER PA-28-140/150/160/180,L1P,L
A97917,N7095U,RS12,RANS S-12 Super Airaile,L1P,L
A98517,N712SM,M5,MAULE M-5,L1P,L
A98617,N71218,L8,LUSCOMBE 8,L1P,L
A98A17,N7134A,BALL,,B0-,-
A98B17,N714BW,H25B,HAWKER BEECHCRAFT Hawker 750/850,L2J,M
A99017,N715R,LGEZ,RUTAN Long-EZ,L1P,L
A99217,N7158G,C172,CESSNA 172 Skyhawk,L1P,L
A99617,N717AJ,LJ35,LEARJET 35,L2J,M
A99A17,N718DG,DG1T,DG FLUGZEUGBAU DG-1001T,L1P,L
A9A117,N7199H,BE65,BEECH 65 Queen Air,L2P,L
A9A217,N72KC,CH7B,BELLANCA 7 Citabria,L1P,L
A9A317,N72VJ,C501,CESSNA 501 Citation 1SP,L2J,L
A9A517,N720RV,RV7,VANS RV-7,L1P,L
A9A617,N7201R,BE95,BEECH 95 Travel Air,L2P,L
A9A717,N72082,L8,LUSCOMBE 8,L1P,L
A9A817,N721JM,C175,CESSNA 175 Skylark,L1P,L
A9AB17,N722BD,LJ60,LEARJET 60,L2J,M
A9AF17,N723EB,SR20,CIRRUS SR-20,L1P,L
A9B117,N7230P,PA24,PIPER PA-24 Comanche,L1P,L
A9B217,N72370,P337,CESSNA P337 Skymaster,L2P,L
A9B317,N724H,R44,ROBINSON R-44 Raven,H1P,L
A9B617,N72493,BL8,BELLANCA 8 Decathlon,L1P,L
A9BD17,N7266Y,C206,CESSNA  206 Stationair,L1P,L
A9C517,N729BC,BE60,BEECH 60 Duke,L2P,L
A9C617,N729MJ,BE20,BEECH 200 Super King Air,L2T,M
A9C917,N73EA,FOX,KITFOX,L1P,L
A9CB17,N730AM,,,,
A9D217,N7317H,J3,PIPER J-3 Cub,L1P,L
A9D317,N732GH,C210,CESSNA 201 Centurion,L1P,L
A9DF17,N735RB,C182,CESSNA 182 Skylane,L1P,L
A9E017,N73508,C172,CESSNA 172 Skyhawk,L1P,L
A9E417,N7363A,C172,CESSNA 172 Skyhawk,L1P,L
A9E517,N737AL,C172,CESSNA 172 Skyhawk,L1P,L
A9E717,N737WY,C172,CESSNA 172 Skyhawk,L1P,L
A9E817,N7375D,PA18,PIPER PA-18 Super Cub,L1P,L
A9E917,N738DJ,C172,CESSNA 172 Skyhawk,L1P,L
A9EC17,N7387G,C172,CESSNA 172 Skyhawk,L1P,L
A9ED17,N739GG,C172,CESSNA 172 Skyhawk,L1P,L
A9F117,N74KE,RV7,VANS RV-7,L1P,L
A9F617,N74084,B47G,BELL 47G,H1P,L
A9F917,N7413W,P28A,PIPER PA-28-140/150/160/180,L1P,L
A9FB17,N742MM,RV8,VANS RV-8,L1P,L
A9FE17,N743ED,P28R,PIPER PA-28R-180/200/201,L1P,L
AA0017,N7430R,P28A,PIPER PA-28-140/150/160/180,L1P,L
AA0117,N74372,B14A,BELLANCA 14,L1P,L
AA0C17,N74660,AA5,AMERICAN AA-5 Tiger,L1P,L
AA0F17,N7471S,T6,NORTH AMERICAN T-6 Texan,L1P,L
AA1817,N75EC,RV9,VANS RV-9,L1P,L
AA1A17,N750AP,CH75,ZENAIR CH-750 Cruzer,L1P,L
AA1C17,N750XA,,,,
AA1D17,N7505G,C150,CESSNA 150,L1P,L
AA1F17,N751PT,CH75,ZENAIR CH-750 Cruzer,L1P,L
AA2117,N7517K,PA18,PIPER PA-18 Super Cub,L1P,L
AA2417,N7522B,CH7A,BELLANCA 7 Champion,L1P,L
AA2517,N7529N,C182,CESSNA 182 Skylane,L1P,L
AA2817,N7534E,CH7A,BELLANCA 7 Champion,L1P,L
AA2917,N754C,S108,STINSON 108 Voyager,L1P,L
AA2E17,N755RD,EN28,ENSTROM F-28,H1P,L
AA2F17,N7551,C180,CESSNA  180 Skywagon,L1P,L
AA3017,N7558L,C152,CESSNA 152,L1P,L
AA3217,N756UB,C182,CESSNA 182 Skylane,L1P,L
AA3417,N757AN,B772,BOEING 777-200,L2J,H
AA3617,N757X,RV7,VANS RV-7,L1P,L
AA3717,N7575F,EXEC,ROTORWAY Exec,H1P,L
AA3B17,N7587J,P28R,PIPER PA-28R-180/200/201,L1P,L
AA3E17,N7592A,PARA,,P0-,-
AA4017,N76KG,PA11,PIPER PA-11 Cub Special,L1P,L
AA4917,N762BH,LGEZ,RUTAN Long-EZ,L1P,L
AA5517,N765LB,P28A,PIPER PA-28-140/150/160/180,L1P,L
AA5717,N7654Z,S76,SIKORSKY S-76 Spirit,H2T,L
AA5F17,N76785,C140,CESSNA 140,L1P,L
AA6617,N76950,C140,CESSNA 140,L1P,L
AA6917,N770AR,B06,BELL 206 JetRanger,H1T,L
AA6F17,N7710A,B737,BOEING 737-700,L2J,M
AA7217,N772ST,C310,CESSNA 310,L2P,L
AA7317,N7722D,FDCT,FLIGHT DESIGN CT,L1P,L
AA7417,N7729Q,C310,CESSNA 310,L2P,L
AA7817,N774CB,H500,HUGHES 500,H1T,L
AA7B17,N7746K,PA20,PIPER PA-20 Pacer,L1P,L
AA8317,N777AQ,BE20,BEECH 200 Super King Air,L2T,M
AA8417,N777LW,,,,
AA8517,N777XB,BE35,BEECH 35 Starfire Bonanza,L1P,L
AA8617,N7775H,PA12,PIPER PA-12 Super Cruiser,L1P,L
AA8A17,N7787L,DRON,,D0-,-
AA8F17,N78KJ,C310,CESSNA 310,L2P,L
AA9217,N780SA,C172,CESSNA 172 Skyhawk,L1P,L
AA9317,N7801X,C172,CESSNA 172 Skyhawk,L1P,L
AA9417,N78088,GC1,GLOBE Swift,L1P,L
AA9717,N78130,C172,CESSNA 172 Skyhawk,L1P,L
AAA617,N78541,PA12,PIPER PA-12 Super Cruiser,L1P,L
AAAA17,N78664,PA11,PIPER PA-11 Cub Special,L1P,L
AAAD17,N7871W,P28A,PIPER PA-28-140/150/160/180,L1P,L
AAAE17,N78787,PA12,PIPER PA-12 Super Cruiser,L1P,L
AAAF17,N788JS,C25A,CESSNA 525A Citation CJ2,L2J,L
AAB117,N7883Z,C150,CESSNA 150,L1P,L
AAB217,N789BJ,S22T,CIRRUS SR-22T Turbo,L1P,L
AACA17,N7946M,BE35,BEECH 35 Starfire Bonanza,L1P,L
AAD117,N7963G,C172,CESSNA 172 Skyhawk,L1P,L
AAD817,N7980B,C172,CESSNA 172 Skyhawk,L1P,L
AAD917,N7987N,P28A,PIPER PA-28-140/150/160/180,L1P,L
AAE117,N80SC,GLAS,Glasair,L1P,L
AAE617,N801FF,AT8T,AIR TRACTOR AT-802,L1T,M
AAE717,N801RM,H25B,HAWKER BEECHCRAFT Hawker 750/850,L2J,M
AAE817,N8011H,,,,
AAEC17,N8023L,PA32,PIPER PA-32,L1P,L
AAED17,N803AW,A319,AIRBUS A-319,L2J,M
AAEE17,N803MB,CAMP,GREGA GN-1 Aircamper,L1P,L
AAF017,N8035P,PA24,PIPER PA-24 Comanche,L1P,L
AAF217,N804Q,,,,
AAF317,N8040F,C150,CESSNA 150,L1P,L
AAF417,N8047S,P32R,PIPER PA-32R-300/301/301T,L1P,L
AAF517,N805GS,T18,THORP Tiger,L1P,L
AAF617,N805SY,B738,BOEING 737-800,L2J,M
AAF717,N8052J,AEST,AEROSTAR 600,L2P,L
AAF817,N8059V,,,,
AAFB17,N8064M,BE33,BEECH 33 Bonanza,L1P,L
AAFD17,N807NN,B738,BOEING 737-800,L2J,M
AB0117,N808RL,C210,CESSNA 201 Centurion,L1P,L
AB0217,N8081G,P28A,PIPER PA-28-140/150/160/180,L1P,L
AB0317,N8088T,P28B,PIPER PA-28-201T/235/236,L1P,L
AB0617,N8093K,VELO,Velocity,L1P,L
AB0717,N81AV,TB20,SOCATA TB-20 Trinidad,L1P,L
AB0817,N81MA,GC1,GLOBE Swift,L1P,L
AB0A17,N810HM,PA31,PIPER PA-31-300/310/325/350/425,L2P,L
AB0C17,N81024,P28A,PIPER PA-28-140/150/160/180,L1P,L
AB0F17,N811WR,,,,
AB1017,N81147,AA5,AMERICAN AA-5 Tiger,L1P,L
AB1117,N812DB,SR22,CIRRUS SR-22,L1P,L
AB1417,N8127,MUS2,BUSHBY M-2 Mustang 2,L1P,L
AB1617,N813SF,AS29,SCHLEICHER ASG-29,L1P,L
AB1817,N8139C,SR22,CIRRUS SR-22,L1P,L
AB2217,N81600,CH7A,BELLANCA 7 Champion,L1P,L
AB2317,N8168A,C170,CESSNA 170,L1P,L
AB2617,N81723,BOLT,STEEN Skybolt,L1P,L
AB2717,N818AC,CL60,BOMBARDIER CL-600 Challenger,L2J,M
AB2E17,N81969,CH7A,BELLANCA 7 Champion,L1P,L
AB3017,N82SE,RV7,VANS RV-7,L1P,L
AB3117,N820CK,FA20,DASSAULT Falcon 200,L2J,M
AB3217,N820NR,C172,CESSNA 172 Skyhawk,L1P,L
AB3617,N821RP,LGEZ,RUTAN Long-EZ,L1P,L
AB3717,N8211K,G164,GRUMMAN G-164 Ag-Cat,L1P,L
AB3B17,N8223N,P28A,PIPER PA-28-140/150/160/180,L1P,L
AB3C17,N823AY,CRJ2,BOMBARDIER Regional Jet CRJ-200,L2J,M
AB3D17,N823MD,E170,EMBRAER ERJ-170-100,L2J,M
AB4017,N824DW,,,,
AB4317,N8247U,C172,CESSNA 172 Skyhawk,L1P,L
AB4517,N825T,GLF4,GULFSTREAM 4,L2J,M
AB4617,N8252L,C172,CESSNA 172 Skyhawk,L1P,L
AB4817,N826KS,C72R,CESSNA 172R Cutlass RG,L1P,L
AB4A17,N8264P,PA24,PIPER PA-24 Comanche,L1P,L
AB5017,N828RN,C208,CESSNA 208 Caravan,L1T,L
AB5117,N8281J,,,,
AB5517,N8293M,BE36,BEECH 36 Bonanza,L1P,L
AB5F17,N83149,B06,BELL 206 JetRanger,H1T,L
AB6317,N8327B,P28R,PIPER PA-28R-180/200/201,L1P,L
AB6617,N83314,CH7A,BELLANCA 7 Champion,L1P,L
AB6817,N834K,G2T1,GREAT LAKES 2T-1,L1P,L
AB6A17,N83437,PA18,PIPER PA-18 Super Cub,L1P,L
AB7217,N8368C,P32R,PIPER PA-32R-300/301/301T,L1P,L
AB7517,N83725,CH7A,BELLANCA 7 Champion,L1P,L
AB7617,N838AE,E135,EMBRAER ERJ-135,L2J,M
AB7717,N838LL,B47G,BELL 47G,H1P,L
AB7B17,N839PJ,L39,LET L-39 Albatros,L1J,L
AB7E17,N84GA,LNP4,LANCAIR PropJet 4,L1T,L
AB7F17,N84SG,GLID,,L0-,-
AB8717,N8418Y,PA30,PIPER PA-30 Twin Comanche,L2P,L
AB8817,N842JH,H500,HUGHES 500,H1T,L
AB8917,N842UP,B350,BEECHCRAFT Super King Air 350,L2T,M
AB8A17,N8423Q,LA25,LAKE LA-250,A1P,L
AB8E17,N8435T,C182,CESSNA 182 Skylane,L1P,L
AB9217,N8447W,P28A,PIPER PA-28-140/150/160/180,L1P,L
AB9517,N8452N,BE35,BEECH 35 Starfire Bonanza,L1P,L
AB9917,N8464R,P28A,PIPER PA-28-140/150/160/180,L1P,L
AB9D17,N8476U,C172,CESSNA 172 Skyhawk,L1P,L
ABA117,N8488X,C172,CESSNA 172 Skyhawk,L1P,L
ABA417,N8493P,PA24,PIPER PA-24 Comanche,L1P,L
ABA517,N85AZ,BABY,CANADIAN HOME ROTORS Baby Belle,H1P,L
ABA617,N85ME,BE58,BEECH 58 Baron,L2P,L
ABA817,N850HR,TBM7,SOCATA TBM-700A/B/C,L1T,L
ABA917,N850TX,TBM7,SOCATA TBM-700A/B/C,L1T,L
ABAE17,N8515A,CH7A,BELLANCA 7 Champion,L1P,L
ABB517,N85316,CH7A,BELLANCA 7 Champion,L1P,L
ABB917,N85439,CH7A,BELLANCA 7 Champion,L1P,L
ABBD17,N8556B,C172,CESSNA 172 Skyhawk,L1P,L
ABC017,N85604,CH7A,BELLANCA 7 Champion,L1P,L
ABC117,N8568E,CH7A,BELLANCA 7 Champion,L1P,L
ABCA17,N859PL,PC12,PILATUS PC-12,L1T,L
ABCD17,N86GC,R22,ROBINSON R-22 Mariner,H1P,L
ABCF17,N860CP,C72R,CESSNA 172R Cutlass RG,L1P,L
ABD617,N86180,AR11,AERONCA 11 Chief,L1P,L
ABD917,N8623S,C150,CESSNA 150,L1P,L
ABDA17,N863BB,H60,SIKORSKY UH-60 Black Hawk,H2T,M
ABDB17,N863MH,EC30,AIRBUS HELICOPTERS EC-130,H1T,L
ABDE17,N864E,KIS4,TRI-R KIS TR-4,L1P,L
ABE417,N8652Q,EN48,ENSTROM TH-28,H1T,L
ABE517,N86591,CH7A,BELLANCA 7 Champion,L1P,L
ABE817,N8664T,C182,CESSNA 182 Skylane,L1P,L
ABEE17,N868RS,TB20,SOCATA TB-20 Trinidad,L1P,L
ABF317,N8693R,GLID,,L0-,-
ABF417,N87BA,C550,CESSNA 550 Citation S2,L2J,L
ABFD17,N8715C,P28A,PIPER PA-28-140/150/160/180,L1P,L
AC0117,N8727F,P28A,PIPER PA-28-140/150/160/180,L1P,L
AC0417,N87318,E75L,EMBRAER ERJ-170-200 (long wing),L2J,M
AC0917,N875BW,,,,
AC0C17,N8756D,PA22,PIPER PA-22,L1P,L
AC0E17,N876R,T210,CESSNA T210 Turbo Centurion,L1P,L
AC1117,N877HS,P28R,PIPER PA-28R-180/200/201,L1P,L
AC1B17,N8797E,P28A,PIPER PA-28-140/150/160/180,L1P,L
AC1C17,N88GE,RV4,VANS RV-4,L1P,L
AC1D17,N88SL,DFLY,VIKING Dragonfly,L1P,L
AC2117,N8806Z,C172,CESSNA 172 Skyhawk,L1P,L
AC2317,N881RV,RV8,VANS RV-8,L1P,L
AC2417,N8811R,B14A,BELLANCA 14,L1P,L
AC2517,N88182,CH7B,BELLANCA 7 Citabria,L1P,L
AC2617,N882JM,,,,
AC2817,N8823U,C172,CESSNA 172 Skyhawk,L1P,L
AC2F17,N8840P,PA24,PIPER PA-24 Comanche,L1P,L
AC3017,N88470,J3,PIPER J-3 Cub,L1P,L
AC3117,N885H,,,,
AC3417,N88593,J3,PIPER J-3 Cub,L1P,L
AC3717,N8864V,BL17,BELLANCA 17 Viking,L1P,L
AC3B17,N8876Y,PA30,PIPER PA-30 Twin Comanche,L2P,L
AC3D17,N888RU,GLEX,BOMBARDIER BD-700 Global 6000/6500,L2J,M
AC4217,N8893T,C182,CESSNA 182 Skylane,L1P,L
AC4317,N89BC,C750,CESSNA 750 Citation 10,L2J,M
AC4417,N89MJ,P32R,PIPER PA-32R-300/301/301T,L1P,L
AC4717,N890UA,A319,AIRBUS A-319,L2J,M
AC5017,N8927H,NAVI,NORTH AMERICAN Navion,L1P,L
AC5117,N893GH,,,,
AC5417,N8939L,PA25,PIPER PA-25 Pawnee,L1P,L
AC5717,N8944C,P28A,PIPER PA-28-140/150/160/180,L1P,L
AC5917,N895ND,PA44,PIPER PA-44 Seminole,L2P,L
AC5F17,N8968J,P28A,PIPER PA-28-140/150/160/180,L1P,L
AC6917,N899ZW,,,,
AC6A17,N8997G,CAMP,GREGA GN-1 Aircamper,L1P,L
AC6C17,N9SN,SONX,SONEX AIRCRAFT Sonex,L1P,L
AC6D17,N90CT,BE9L,BEECH 90 King Air,L2T,L
AC7017,N900KK,C82S,CESSNA T182 Turbo Skylane,L1P,L
AC7317,N901CB,C56X,CESSNA 560XL Citation XLS,L2J,M
AC7717,N902F,C650,CESSNA 650 Citation,L2J,M
AC7A17,N9028N,BALL,,B0-,-
AC7D17,N9033E,AR11,AERONCA 11 Chief,L1P,L
AC8217,N905DN,B739,BOEING 737-900,L2J,M
AC8517,N9057L,CH7A,BELLANCA 7 Champion,L1P,L
AC8617,N906GL,EC45,AIRBUS HELICOPTERS EC-145,H2T,L
AC8917,N9069P,PA24,PIPER PA-24 Comanche,L1P,L
AC8D17,N908CA,F900,DASSAULT Falcon 900,L3J,M
AC9017,N9086J,P28A,PIPER PA-28-140/150/160/180,L1P,L
AC9117,N909EZ,WAIX,SONEX Waiex,L1P,L
AC9317,N9091A,VEZE,RUTAN VariEze,L1P,L
AC9717,N910EH,BE9L,BEECH 90 King Air,L2T,L
AC9817,N910QP,PARA,,P0-,-
AC9A17,N91076,BALL,,B0-,-
AC9C17,N911TM,R44,ROBINSON R-44 Raven,H1P,L
AC9E17,N91199,C182,CESSNA 182 Skylane,L1P,L
ACA117,N91241,PA18,PIPER PA-18 Super Cub,L1P,L
ACA217,N913CW,WW24,IAI 1124 Westwind,L2J,M
ACA617,N914FU,,,,
ACA717,N914S,PTS1,PITTS S-1 Special,L1P,L
ACA817,N9141W,P28B,PIPER PA-28-201T/235/236,L1P,L
ACA917,N91487,NAVI,NORTH AMERICAN Navion,L1P,L
ACAA17,N915JS,SR20,CIRRUS SR-20,L1P,L
ACAC17,N9153Z,M20P,MOONEY M-20,L1P,L
ACB417,N91775,C182,CESSNA 182 Skylane,L1P,L
ACB617,N918TL,,,,
ACB917,N919LC,R44,ROBINSON R-44 Raven,H1P,L
ACBC17,N92CV,C421,CESSNA 421 Executive Commuter,L2P,L
ACBD17,N92PA,M20P,MOONEY M-20,L1P,L
ACC117,N9204J,P28A,PIPER PA-28-140/150/160/180,L1P,L
ACC317,N921NK,A20N,AIRBUS A-320neo,L2J,M
ACC417,N921YR,,,,
ACC517,N9216M,M20P,MOONEY M-20,L1P,L
ACC817,N9221D,P28A,PIPER PA-28-140/150/160/180,L1P,L
ACCA17,N923J,C182,CESSNA 182 Skylane,L1P,L
ACCC17,N9233G,C182,CESSNA 182 Skylane,L1P,L
ACCD17,N924AS,C337,CESSNA 337 Super Skymaster,L2P,L
ACD217,N925PW,SR22,CIRRUS SR-22,L1P,L
ACD417,N9257N,PA46,PIPER PA-46-310/350,L1P,L
ACD717,N9262E,AR11,AERONCA 11 Chief,L1P,L
ACDB17,N9274H,C172,CESSNA 172 Skyhawk,L1P,L
ACDD17,N928NJ,GLF5,GULFSTREAM 5,L2J,M
ACE117,N929RG,GLST,GLASAIR SH-4 GlaStar,L1P,L
ACE217,N9291C,C180,CESSNA  180 Skywagon,L1P,L
ACE317,N9298P,P32R,PIPER PA-32R-300/301/301T,L1P,L
ACE917,N93078,C152,CESSNA 152,L1P,L
ACF017,N93243,SKYR,REARWIN Skyranger,L1P,L
ACF617,N934SB,PA34,PIPER PA-34 Seneca,L2P,L
ACFF17,N93654,ERCO,AIR PRODUCTS F-1 Aircoupe,L1P,L
AD0317,N93777,C185,CESSNA 185 Skywagon,L1P,L
AD0C17,N94PC,C680,CESSNA 680 Citation Sovereign,L2J,M
AD1017,N9404L,,,,
AD1517,N942FD,B752,BOEING 757-200,L2J,M
AD1717,N9421F,C208,CESSNA 208 Caravan,L1T,L
AD1817,N9428S,BE35,BEECH 35 Starfire Bonanza,L1P,L
AD1B17,N9433J,P28A,PIPER PA-28-140/150/160/180,L1P,L
AD1D17,N944M,RV4,VANS RV-4,L1P,L
AD2017,N945DS,P28A,PIPER PA-28-140/150/160/180,L1P,L
AD2217,N9450D,C72R,CESSNA 172R Cutlass RG,L1P,L
AD2517,N946SW,CRJ2,BOMBARDIER Regional Jet CRJ-200,L2J,M
AD2B17,N948CE,BE20,BEECH 200 Super King Air,L2T,M
AD2E17,N9486N,P28R,PIPER PA-28R-180/200/201,L1P,L
AD3317,N95JA,C72R,CESSNA 172R Cutlass RG,L1P,L
AD3B17,N95122,C152,CESSNA 152,L1P,L
AD4317,N95368,TAYB,TAYLORCRAFT BC/BF/BL,L1P,L
AD4817,N955JW,SR22,CIRRUS SR-22,L1P,L
AD4A17,N95533,TAYB,TAYLORCRAFT BC/BF/BL,L1P,L
AD4D17,N956Y,ZZZZ,,-0-,-
AD5117,N9570Y,BE35,BEECH 35 Starfire Bonanza,L1P,L
AD5217,N95779,TAYB,TAYLORCRAFT BC/BF/BL,L1P,L
AD5517,N95821,C152,CESSNA 152,L1P,L
AD5617,N959AA,RV6,VANS RV-6,L1P,L
AD5817,N959WN,B737,BOEING 737-700,L2J,M
AD6717,N9628U,AA5,AMERICAN AA-5 Tiger,L1P,L
AD6A17,N9633L,AA1,AMERICAN AA-1,L1P,L
AD7017,N965Q,BE35,BEECH 35 Starfire Bonanza,L1P,L
AD7117,N9650F,H269,HUGHES Sky Knight,H1P,L
AD7217,N9657S,CH7B,BELLANCA 7 Citabria,L1P,L
AD7B17,N968NN,B738,BOEING 737-800,L2J,M
AD7D17,N9686Q,C172,CESSNA 172 Skyhawk,L1P,L
AD7E17,N969FE,C208,CESSNA 208 Caravan,L1T,L
AD8017,N9691G,C182,CESSNA 182 Skylane,L1P,L
AD8217,N97JC,HUSK,CHRISTEN Husky,L1P,L
AD8617,N97001,BE18,BEECH 18 Expetitor,L2P,L
AD8717,N9708B,C180,CESSNA  180 Skywagon,L1P,L
AD8917,N971TT,RV9,VANS RV-9,L1P,L
AD8A17,N97124,S108,STINSON 108 Voyager,L1P,L
AD9317,N974G,P32R,PIPER PA-32R-300/301/301T,L1P,L
AD9417,N974SF,C172,CESSNA 172 Skyhawk,L1P,L
AD9617,N9749C,UH12,HILLER UH-12,H1P,L
AD9917,N97535,S108,STINSON 108 Voyager,L1P,L
ADA017,N97700,C182,CESSNA 182 Skylane,L1P,L
ADA117,N9778A,C170,CESSNA 170,L1P,L
ADA317,N978TS,BE30,BEECH 300 Super King Air,L2T,L
ADA417,N97823,C182,CESSNA 182 Skylane,L1P,L
ADA517,N979AC,B412,BELL 412,H2T,L
ADA917,N98DA,RV7,VANS RV-7,L1P,L
ADAA17,N98PG,,,,
ADB317,N982FH,C56X,CESSNA 560XL Citation XLS,L2J,M
ADC317,N986T,CRER,RANS Courier,L1P,L
ADC917,N988CJ,CJ6,NANCHANG CJ-6,L1P,L
ADD617,N9908D,PA18,PIPER PA-18 Super Cub,L1P,L
ADD817,N991TV,R44,ROBINSON R-44 Raven,H1P,L
ADDA17,N992AF,BE99,BEECH 99 Airliner,L2T,L
ADDC17,N992WT,C182,CESSNA 182 Skylane,L1P,L
ADE117,N9937B,L8,LUSCOMBE 8,L1P,L
ADE617,N995K,M20P,MOONEY M-20,L1P,L
ADEC17,N9966,,,,
ADF317,N99825,ERCO,AIR PRODUCTS F-1 Aircoupe,L1P,L
ADF417,N999AE,E300,EXTRA EA-300/330/350,L1P,L
ADF617,N999WS,C501,CESSNA 501 Citation 1SP,L2J,L
ADF717,N99948,C172,CESSNA 172 Skyhawk,L1P,L
ADFE17,1711,C130,LOCKHEED C-130 Hercules,L4T,M
AE0017,65-10434,T38,NORTHROP T-38 Talon,L2J,L
AE0117,97-5306,C30J,LOCKHEED MARTIN C-130J Super Hercules,L4T,M
AE0217,83-0080,DC10,MCDONNELL DOUGLAS DC-10,L3J,H
AE0417,164405,E6,BOEING E-6 Mercury,L4J,H
AE0817,00-0181,C17,BOEING C-17 Globemaster 3,L4J,H
AE0A17,89-26181,H60,SIKORSKY UH-60 Black Hawk,H2T,M
AE0C17,92-26447,H60,SIKORSKY UH-60 Black Hawk,H2T,M
AE0E17,88-26081,H60,SIKORSKY UH-60 Black Hawk,H2T,M
AE1117,02-3635,TEX2,BEECHCRAFT T-6 Texan 2,L1T,L
AE1217,62-1859,C130,LOCKHEED C-130 Hercules,L4T,M
AE1417,05-3800,TEX2,BEECHCRAFT T-6 Texan 2,L1T,L
AE1517,85-24396,H60,SIKORSKY UH-60 Black Hawk,H2T,M
AE1C17,06-08023,H47,BOEING-VERTOL CH-47 Chinook,H2T,M
AE2017,12-72264,EC45,AIRBUS HELICOPTERS EC-145,H2T,L
AE2817,86-0174,F15,MCDONNELL-DOUGLAS F-15 Eagle,L2J,M
AE2917,6040,H60,SIKORSKY UH-60 Black Hawk,H2T,M
AE4817,07-20074,H60,SIKORSKY UH-60 Black Hawk,H2T,M
AE4A17,166142,TEX2,BEECHCRAFT T-6 Texan 2,L1T,L
AE4E17,11-5725,C30J,LOCKHEED MARTIN C-130J Super Hercules,L4T,M
AE5117,10-20301,H60,SIKORSKY UH-60 Black Hawk,H2T,M
AE5317,12-08878,H47,BOEING-VERTOL CH-47 Chinook,H2T,M
AE5A17,16-08222,H47,BOEING-VERTOL CH-47 Chinook,H2T,M
AE5B17,07-61016,B350,BEECHCRAFT Super King Air 350,L2T,M
AE5C17,793255,DHC6,DE HAVILLAND DHC-6 Twin Otter,L2T,L
AE5E17,169349,P8,BOEING P-8 Poseidon,L2J,M
AE5F17,10-20322,H60,SIKORSKY UH-60 Black Hawk,H2T,M
AE6017,17-20936,H60,SIKORSKY UH-60 Black Hawk,H2T,M
AE6217,18-21011,H60,SIKORSKY UH-60 Black Hawk,H2T,M
AE6917,18-5919,C30J,LOCKHEED MARTIN C-130J Super Hercules,L4T,M
AE6A17,20-21101,H60,SIKORSKY UH-60 Black Hawk,H2T,M
C00117,C-FAKS,P28R,PIPER PA-28R-180/200/201,L1P,L
C00217,C-FAUO,J3,PIPER J-3 Cub,L1P,L
C00317,C-FBEK,C182,CESSNA 182 Skylane,L1P,L
C00417,C-FBOG,C172,CESSNA 172 Skyhawk,L1P,L
C00517,C-FBYC,P28A,PIPER PA-28-140/150/160/180,L1P,L
C00617,C-FCHY,S76,SIKORSKY S-76 Spirit,H2T,L
C00717,C-FCRU,F28,FOKKER F-28,L2J,M
C00817,C-FDBQ,C170,CESSNA 170,L1P,L
C00917,C-FDLM,,,,
C00A17,C-FDVI,CH7A,BELLANCA 7 Champion,L1P,L
C00B17,C-FEFE,ZZZZ,,-0-,-
C00C17,C-FEPA,C510,CESSNA 510 Citation Mustang,L2J,L
C00D17,C-FEYW,,,,
C01017,C-FGCK,B14A,BELLANCA 14,L1P,L
C01217,C-FGWC,,,,
C01517,C-FHZQ,L8,LUSCOMBE 8,L1P,L
C01617,C-FIJM,CH25,ZENAIR CH-250 Zenith,L1P,L
C01717,C-FITI,C180,CESSNA  180 Skywagon,L1P,L
C01817,C-FJDE,C150,CESSNA 150,L1P,L
C01917,C-FJNA,C180,CESSNA  180 Skywagon,L1P,L
C01A17,C-FJWW,ZZZZ,,-0-,-
C01B17,C-FKGS,B47G,BELL 47G,H1P,L
C01C17,C-FKQO,KTOO,AMAX Karatoo,L1P,L
C01D17,C-FLAK,,,,
C01E17,C-FLKG,C172,CESSNA 172 Skyhawk,L1P,L
C01F17,C-FLUC,C182,CESSNA 182 Skylane,L1P,L
C02017,C-FMDY,C185,CESSNA 185 Skywagon,L1P,L
C02117,C-FMNU,C182,CESSNA 182 Skylane,L1P,L
C02417,C-FNRI,GYRO,,G0-,-
C02517,C-FOBE,,,,
C02617,C-FOLA,ULAC,,L0-,-
C02717,C-FOUW,,,,
C02817,C-FPES,RBEL,MURPHY Rebel,L1P,L
C02A17,C-FPYK,C172,CESSNA 172 Skyhawk,L1P,L
C02D17,C-FRBY,P28A,PIPER PA-28-140/150/160/180,L1P,L
C02E17,C-FRLU,M4,MAULE M-4,L1P,L
C02F17,C-FRVQ,C172,CESSNA 172 Skyhawk,L1P,L
C03017,C-FSFM,PA12,PIPER PA-12 Super Cruiser,L1P,L
C03117,C-FSPI,CH7A,BELLANCA 7 Champion,L1P,L
C03217,C-FSZE,C150,CESSNA 150,L1P,L
C03317,C-FTJA,BALL,,B0-,-
C03417,C-FTSW,SEAW,Seawind,A1P,L
C03517,C-FUCS,B738,BOEING 737-800,L2J,M
C03617,C-FUMO,PNR3,ALPI Pioneer 330,L1P,L
C03717,C-FUWK,ST75,STEARMAN Kaydet,L1P,L
C03817,C-FVGG,,,,
C03917,C-FVQC,C172,CESSNA 172 Skyhawk,L1P,L
C03A17,C-FVZY,,,,
C03B17,C-FWJU,SA6,STITS SA-6 Flut-R-Bug,L1P,L
C03C17,C-FWTQ,B412,BELL 412,H2T,L
C03D17,C-FXDM,AS50,AEROSPATIALE AS-350 Ecureuil,H1T,L
C03E17,C-FXNI,B214,BELL 214,H1T,M
C04017,C-FYHA,,,,
C04217,C-FZAS,C185,CESSNA 185 Skywagon,L1P,L
C04317,C-FZKO,C172,CESSNA 172 Skyhawk,L1P,L
C04417,C-FZUK,CH80,ZENAIR CH-801 Stol,L1P,L
C04617,C-GAOC,BE35,BEECH 35 Starfire Bonanza,L1P,L
C04717,C-GAXY,,,,
C04817,C-GBHU,C172,CESSNA 172 Skyhawk,L1P,L
C04A17,C-GCBM,PA22,PIPER PA-22,L1P,L
C04B17,C-GCLI,GA20,GIPPSLAND GA-200 Fatman,L1P,L
C04C17,C-GCVE,B412,BELL 412,H2T,L
C04D17,C-GDFA,C172,CESSNA 172 Skyhawk,L1P,L
C04E17,C-GDOW,,,,
C04F17,C-GDYS,,,,
C05017,C-GEIO,P28A,PIPER PA-28-140/150/160/180,L1P,L
C05117,C-GESK,CH7A,BELLANCA 7 Champion,L1P,L
C05217,C-GFCG,C185,CESSNA 185 Skywagon,L1P,L
C05317,C-GFMC,GLID,,L0-,-
C05417,C-GFVY,C185,CESSNA 185 Skywagon,L1P,L
C05617,C-GGPQ,C172,CESSNA 172 Skyhawk,L1P,L
C05717,C-GGZM,C172,CESSNA 172 Skyhawk,L1P,L
C05817,C-GHJI,ERCO,AIR PRODUCTS F-1 Aircoupe,L1P,L
C05917,C-GHTE,UH12,HILLER UH-12,H1P,L
C05B17,C-GIMW,DA40,DIAMOND DA-40 Club Star,L1P,L
C05C17,C-GIWS,H269,HUGHES Sky Knight,H1P,L
C05D17,C-GJGO,C185,CESSNA 185 Skywagon,L1P,L
C05E17,C-GJQK,ERCO,AIR PRODUCTS F-1 Aircoupe,L1P,L
C05F17,C-GKAG,C336,CESSNA 336 Skymaster,L2P,L
C06017,C-GKKC,SW4,SWEARINGEN Metro,L2T,M
C06117,C-GKTY,PA15,PIPER PA-15 Vagabond,L1P,L
C06217,C-GLDU,C185,CESSNA 185 Skywagon,L1P,L
C06417,C-GLXM,GLEX,BOMBARDIER BD-700 Global 6000/6500,L2J,M
C06517,C-GMHI,ULAC,,L0-,-
C06617,C-GMRE,C180,CESSNA  180 Skywagon,L1P,L
C06717,C-GNBA,S22T,CIRRUS SR-22T Turbo,L1P,L
C06817,C-GNKW,TBM7,SOCATA TBM-700A/B/C,L1T,L
C06917,C-GNUS,BE77,BEECH 77 Skipper,L1P,L
C06A17,C-GOEO,C177,CESSNA  177 Cardinal,L1P,L
C06B17,C-GOOK,C182,CESSNA 182 Skylane,L1P,L
C06C17,C-GOYG,CL35,BOMBARDIER BD-100 Challenger 350,L2J,M
C06D17,C-GPIC,C182,CESSNA 182 Skylane,L1P,L
C06E17,C-GPRY,AS50,AEROSPATIALE AS-350 Ecureuil,H1T,L
C07017,C-GQLQ,G164,GRUMMAN G-164 Ag-Cat,L1P,L
C07117,C-GQVM,PA18,PIPER PA-18 Super Cub,L1P,L
C07417,C-GRZA,AR15,AERONCA 15 Sedan,L1P,L
C07617,C-GSSS,AS50,AEROSPATIALE AS-350 Ecureuil,H1T,L
C07717,C-GTCO,DH8A,DE HAVILLAND DHC-8-100 Dash 8,L2T,M
C07817,C-GTMK,P28A,PIPER PA-28-140/150/160/180,L1P,L
C07A17,C-GUGC,C150,CESSNA 150,L1P,L
C07B17,C-GUPY,PA22,PIPER PA-22,L1P,L
C07C17,C-GUZU,C172,CESSNA 172 Skyhawk,L1P,L
C07E17,C-GVTM,DHC6,DE HAVILLAND DHC-6 Twin Otter,L2T,L
C07F17,C-GWDI,,,,
C08017,C-GWNE,C210,CESSNA 201 Centurion,L1P,L
C08117,C-GWXA,D11,JODEL D-11x/12x,L1P,L
C08217,C-GXGW,GLEX,BOMBARDIER BD-700 Global 6000/6500,L2J,M
C08417,C-GYAO,C172,CESSNA 172 Skyhawk,L1P,L
C08517,C-GYKK,CJ6,NANCHANG CJ-6,L1P,L
C08617,C-GYUG,,,,
C08A17,C-IAHQ,ULAC,,L0-,-
C08B17,C-IARM,ULAC,,L0-,-
C08C17,C-IBBI,ULAC,,L0-,-
C08D17,C-IBLE,ULAC,,L0-,-
C08E17,C-IBVA,,,,
C08F17,C-ICEW,ULAC,,L0-,-
C09117,C-ICYO,MAME,BLUE YONDER Merlin,L1P,L
C09317,C-IDSG,,,,
C09417,C-IECC,ULAC,,L0-,-
C09517,C-IELY,CHIN,ASAP Chinook,L1P,L
C09717,C-IFFQ,PARA,,P0-,-
C09817,C-IFPM,NDIC,NORMAN Nordic,L1P,L
C09917,C-IFZI,,,,
C09A17,C-IGJE,HUML,Hummel Bird,L1P,L
C09B17,C-IGTA,BEVR,ASAP Beaver,L1P,L
C09C17,C-IHCW,ULAC,,L0-,-
C09D17,C-IHMS,ULAC,,L0-,-
C09F17,C-IIGK,PARA,,P0-,-
C0A117,C-IJAC,ULAC,,L0-,-
C0A217,C-IJJY,DAKH,FISHER Dakota Hawk,L1P,L
C0A317,C-IJTU,ULAC,,L0-,-
C0A417,C-IKDQ,MAME,BLUE YONDER Merlin,L1P,L
C0A517,C-IKNM,PARA,,P0-,-
C0A617,C-IKXI,,,,
C0A717,C-ILHE,DSA1,SMITH DSA-1 Miniplane,L1P,L
C0A817,C-ILRA,,,,
C0A917,C-IMAW,,,,
C0B217,C-IPLM,,,,
C0B717,C-IRIS,BEVR,ASAP Beaver,L1P,L
C1E417,SERV,SERV,,V0-,-
C1E517,SERV,SERV,,V0-,-
C1EA17,SERV,SERV,,V0-,-
C2B017,156108,TEX2,BEECHCRAFT T-6 Texan 2,L1T,L
C80A17,ZK-FNR,ZZZZ,,-0-,-
C80E17,ZK-JFC,TB20,SOCATA TB-20 Trinidad,L1P,L
C81117,ZK-HJB,H500,HUGHES 500,H1T,L
C81217,ZK-KGB,YK52,YAKOVLEV Yak-52,L1P,L
C81417,ZK-VEE,STRM,SG AVIATION Storm,L1P,L
C81517,ZK-WNG,GOLF,TECNAM P-96 Golf,L1P,L
C81617,ZK-OAS,CRES,PACIFIC AEROSPACE Cresco,L1T,L
C81717,ZK-FJD,PA22,PIPER PA-22,L1P,L
C81817,ZK-TCE,COUR,HELIO Courier,L1P,L
C81917,ZK-CXJ,SIDE,SMYTH Sidewinder,L1P,L
C81A17,ZK-IWF,B06,BELL 206 JetRanger,H1T,L
C81D17,ZK-DVE,P750,PACIFIC AEROSPACE P-750 XStol,L1T,L
C81E17,ZK-MZM,CDUS,AUTOGYRO Calidus,G1P,L
C82217,ZK-KPP,SAVG,ZLIN AVIATION Savage,L1P,L
C82317,ZK-SKM,C208,CESSNA 208 Caravan,L1T,L
C82517,ZK-MXM,M7,MAULE M-7,L1P,L
C82717,ZK-IJX,B505,BELL 505 JetRanger X,H1T,L
C82817,ZK-MCS,C208,CESSNA 208 Caravan,L1T,L
C82917,ZK-HEA,EC30,AIRBUS HELICOPTERS EC-130,H1T,L
C87F17,NZ3402,A109,AGUSTA AW-109 Grand,H2T,L
E03217,LV-CHW,BE20,BEECH 200 Super King Air,L2T,M
E03617,LV-CXW,C172,CESSNA 172 Skyhawk,L1P,L
E07517,LV-GTW,C182,CESSNA 182 Skylane,L1P,L
E0C117,LV-LDW,P28R,PIPER PA-28R-180/200/201,L1P,L
E0C617,LV-LXW,P28R,PIPER PA-28R-180/200/201,L1P,L
E20017,TC-85,DHC6,DE HAVILLAND DHC-6 Twin Otter,L2T,L
E47F17,PR-LUG,H25B,HAWKER BEECHCRAFT Hawker 750/850,L2J,M
E48417,PP-JBR,BE9L,BEECH 90 King Air,L2T,L
E48617,PR-AYG,E195,EMBRAER ERJ-190-200,L2J,M
E48A17,PP-JBB,AS50,AEROSPATIALE AS-350 Ecureuil,H1T,L
E48D17,PR-OHD,A139,AGUSTA AW-139,H2T,L
E49017,PR-SCG,AS50,AEROSPATIALE AS-350 Ecureuil,H1T,L
E49117,PU-DBS,RV9,VANS RV-9,L1P,L
E49217,3602,E550,EMBRAER EMB-550 Praetor 600,L2J,M
E49417,PT-TPO,A109,AGUSTA AW-109 Grand,H2T,L
E49817,PS-ICP,BE9L,BEECH 90 King Air,L2T,L
E49A17,PS-ALG,B350,BEECHCRAFT Super King Air 350,L2T,M
E80417,CC-BAG,A320,AIRBUS A-320,L2J,M
E80617,CC-AWX,A20N,AIRBUS A-320neo,L2J,M
E80817,CC-ANC,BE36,BEECH 36 Bonanza,L1P,L
E88017,ZP-BGT,BE58,BEECH 58 Baron,L2P,L
E88E17,ZP-BSR,BE58,BEECH 58 Baron,L2P,L
