00821A,ZS-AUB,DC4,DOUGLAS DC-4 Skymaster,L4P,M
00901A,ZS-GBX,GLID,,L0-,-
00931A,ZS-HFL,MI8,MIL Mi-8/9/17/19/171/172,H2T,M
00951A,ZS-HZD,BALL,,B0-,-
00A51A,ZS-OAR,B734,BOEING 737-400,L2J,M
00A61A,ZS-OKN,B190,BEECH 1900,L2T,M
00A81A,ZS-PEF,B190,BEECH 1900,L2T,M
00B61A,ZS-UMB,KR2,RAND KR-2,L1P,L
01001A,SU-GBJ,B735,BOEING 737-500,L2J,M
02011A,CN-ALK,H47,BOEING-VERTOL CH-47 Chinook,H2T,M
04C11A,5Y-KZD,B788,BOEING 787-8 Dreamliner,L2J,H
04C21A,5Y-JXH,DH8D,DE HAVILLAND DHC-8-400 Dash 8,L2T,M
09011A,D2-TFC,DH8D,DE HAVILLAND DHC-8-400 Dash 8,L2T,M
0A001A,7T-VJL,B738,BOEING 737-800,L2J,M
0A401A,7T-WHE,C130,LOCKHEED C-130 Hercules,L4T,M
0AC91A,PNC-0606,H60,SIKORSKY UH-60 Black Hawk,H2T,M
0ACA1A,HK-5081,MI8,MIL Mi-8/9/17/19/171/172,H2T,M
0B401A,TG-TRF,AT76,ATR-72-600,L2T,M
0B601A,8R-GGK,SC7,SHORT Skyvan,L2T,L
0C801A,PZ-NAU,C206,CESSNA  206 Stationair,L1P,L
0D031A,XA-CVS,GLF2,GULFSTREAM 2,L2J,M
0D071A,XA-ATI,GLF4,GULFSTREAM 4,L2J,M
0D091A,2016,TEX2,BEECHCRAFT T-6 Texan 2,L1T,L
0D0A1A,XA-ALW,E190,EMBRAER ERJ-190-100,L2J,M
0D0B1A,XC-BDM,CRJ7,BOMBARDIER Regional Jet CRJ-700,L2J,M
0D0E1A,XA-GRM,LJ45,LEARJET 45,L2J,M
0D831A,YV639T,C550,CESSNA 550 Citation S2,L2J,L
11211A,GND,GND,,V0-,-
14181A,RA-06170,MI8,MIL Mi-8/9/17/19/171/172,H2T,M
142C1A,RA-11290,,,,
14661A,RA-26138,AN24,ANTONOV An-24,L2T,M
14F11A,RA-61722,A148,ANTONOV An-148,L2J,M
14FA1A,RA-64026,T204,TUPOLEV Tu-204/214/224/234,L2J,M
15081A,RA-67610,AT75,ATR-72-500,L2T,M
151E1A,RA-73242,B738,BOEING 737-800,L2J,M
15201A,RA-73754,A320,AIRBUS A-320,L2J,M
152C1A,RF-76826,IL76,ILYUSHIN Il-76/82,L4J,H
155C1A,RA-89114,SU95,SUKHOI Superjet 100-95,L2J,M
30041A,I-GGLB,C550,CESSNA 550 Citation S2,L2J,L
30051A,I-DAVE,RV7,VANS RV-7,L1P,L
30071A,I-SMBR,P28A,PIPER PA-28-140/150/160/180,L1P,L
30081A,I-SARY,SV4,NORD SV-4,L1P,L
31DC1A,I-C019,SVNH,AEROTEC Savannah,L1P,L
31DD1A,I-C733,PIVI,PIPSTREL Virus,L1P,L
31FF1A,I-PDVX,SU95,SUKHOI Superjet 100-95,L2J,M
32001A,MM81885,A139,AGUSTA AW-139,H2T,L
33FE1A,MM81804,A139,AGUSTA AW-139,H2T,L
33FF1A,MM55066,M339,AERMACCHI MB-339,L1J,L
34241A,EC-JXJ,A319,AIRBUS A-319,L2J,M
34251A,EC-JYT,CL60,BOMBARDIER CL-600 Challenger,L2J,M
34301A,EC-ITJ,EC35,AIRBUS HELICOPTERS EC-135/635,H2T,L
34361A,EC-LLV,FA7X,DASSAULT Falcon 7X,L3J,M
34451A,EC-LZK,BE99,BEECH 99 Airliner,L2T,L
34521A,EC-LZI,PC6T,PILATUS PC-6 Turbo-Porter,L1T,L
34631A,EC-NIU,B752,BOEING 757-200,L2J,M
34731A,EC-NVD,AT76,ATR-72-600,L2T,M
35921A,HU.27-01,AS32,AEROSPATIALE AS-332 Super Puma,H2T,M
38001A,F-WWAI,A343,AIRBUS A-340-300,L4J,H
38011A,F-WWKD,A332,AIRBUS A-330-200,L2J,H
38031A,F-WWKP,A332,AIRBUS A-330-200,L2J,H
380B1A,F-WWCH,A332,AIRBUS A-330-200,L2J,H
380E1A,F-WWBI,A20N,AIRBUS A-320neo,L2J,M
38111A,F-WWDJ,A20N,AIRBUS A-320neo,L2J,M
38121A,F-WWDR,A20N,AIRBUS A-320neo,L2J,M
38131A,F-WWIE,A20N,AIRBUS A-320neo,L2J,M
38141A,F-WWIM,A20N,AIRBUS A-320neo,L2J,M
38151A,F-WWIU,A20N,AIRBUS A-320neo,L2J,M
38171A,F-WWEJ,AT76,ATR-72-600,L2T,M
38181A,F-WWER,AT76,ATR-72-600,L2T,M
381A1A,F-WWLI,AT45,ATR-42-500,L2T,M
381B1A,F-WWLQ,AT46,ATR-42-600,L2T,M
381C1A,F-WWLY,AT46,ATR-42-600,L2T,M
38211A,F-WWFN,F900,DASSAULT Falcon 900,L3J,M
38271A,F-WWVU,FA8X,DASSAULT Falcon 8X,L3J,M
38281A,F-WWYC,A332,AIRBUS A-330-200,L2J,H
382A1A,F-WWYR,A332,AIRBUS A-330-200,L2J,H
38361A,F-WWTN,A20N,AIRBUS A-320neo,L2J,M
38371A,F-WWTV,A20N,AIRBUS A-320neo,L2J,M
383A1A,F-WWGS,F2TH,DASSAULT Falcon 2000,L2J,M
383C1A,F-WWRI,TBM7,SOCATA TBM-700A/B/C,L1T,L
383D1A,F-WWRQ,,,,
384E1A,F-WWIW,A359,AIRBUS A-350-900,L2J,H
38CB1A,F-PAEM,D140,JODEL D-140 Mousquetaire,L1P,L
3AAC1A,0747,EC35,AIRBUS HELICOPTERS EC-135/635,H2T,L
3B761A,2377,AS32,AEROSPATIALE AS-332 Super Puma,H2T,M
3B771A,5119,C130,LOCKHEED C-130 Hercules,L4T,M
3C651A,D-AIHZ,A346,AIRBUS A-340-600,L4J,H
3C661A,D-AIPZ,A320,AIRBUS A-320,L2J,M
3CE71A,D-COVA,C25C,CESSNA 525C Citation CJ4,L2J,M
3CE91A,D-CPOS,C680,CESSNA 680 Citation Sovereign,L2J,M
3D051A,D-EAEK,C82R,CESSNA R182 Skylane RG,L1P,L
3D061A,D-EAOG,M20T,MOONEY M-20T,L1P,L
3D091A,D-EBRU,C140,CESSNA 140,L1P,L
3D0B1A,D-ECLM,P28U,PIPER PA-28RT-201T Turbo,L1P,L
3D0D1A,D-EDFE,C172,CESSNA 172 Skyhawk,L1P,L
3D101A,D-EEIS,C150,CESSNA 150,L1P,L
3D111A,D-EESO,P28R,PIPER PA-28R-180/200/201,L1P,L
3D121A,D-EFCK,PA18,PIPER PA-18 Super Cub,L1P,L
3D131A,D-EFMG,S22T,CIRRUS SR-22T Turbo,L1P,L
3D141A,D-EFWC,PA24,PIPER PA-24 Comanche,L1P,L
3D181A,D-EHJM,M20P,MOONEY M-20,L1P,L
3D1C1A,D-EIWW,BU31,BUCKER Bu-131 Jungmann,L1P,L
3D1D1A,D-EJGS,YK50,YAKOVLEV Yak-50,L1P,L
3D1E1A,D-EJQO,PA18,PIPER PA-18 Super Cub,L1P,L
3D211A,D-EKUC,P28A,PIPER PA-28-140/150/160/180,L1P,L
3D221A,D-ELDY,PA46,PIPER PA-46-310/350,L1P,L
3D261A,D-EMRI,C172,CESSNA 172 Skyhawk,L1P,L
3D281A,D-ENLA,C150,CESSNA 150,L1P,L
3D2A1A,D-EOES,RALL,SOCATA Rallye,L1P,L
3D2B1A,D-EOOO,C10T,CESSNA P210 Turbine,L1T,L
3D2D1A,D-EPIG,A210,AQUILA A-210,L1P,L
3D2E1A,D-EPSC,C182,CESSNA 182 Skylane,L1P,L
3D321A,D-ERFM,DA40,DIAMOND DA-40 Club Star,L1P,L
3D351A,D-ESJA,Y18T,YAKOVLEV Yak-18T,L1P,L
3D361A,D-ESSW,PA22,PIPER PA-22,L1P,L
3D3A1A,D-EUGG,BE33,BEECH 33 Bonanza,L1P,L
3D3F1A,D-EWDM,PTS2,PITTS S-2 Special,L1P,L
3D421A,D-EXHA,G115,GROB G-115,L1P,L
3D441A,D-EYAS,DR10,CENTRE EST Ambassadeur,L1P,L
3DEE1A,D-HKKO,EC30,AIRBUS HELICOPTERS EC-130,H1T,L
3E081A,D-HUGO,S76,SIKORSKY S-76 Spirit,H2T,L
3E111A,D-HXRE,B06,BELL 206 JetRanger,H1T,L
3E191A,D-IARY,DA62,DIAMOND DA-62,L2P,L
3E3F1A,D-IPCC,C25A,CESSNA 525A Citation CJ2,L2J,L
3E641A,D-KDCK,SF25,SCHEIBE SF-25 Falke,L1P,L
3E671A,D-KEFY,SF25,SCHEIBE SF-25 Falke,L1P,L
3E6C1A,D-KGDE,G109,GROB G-109,L1P,L
3E6F1A,D-KHGS,VENT,SCHEMPP-HIRTH Ventus,L1P,L
3E711A,D-KIAK,SF25,SCHEIBE SF-25 Falke,L1P,L
3E751A,D-KJNU,DISC,SCHEMPP-HIRTH Discus,L1P,L
3E781A,D-KKRI,GLID,,L0-,-
3E7A1A,D-KLLA,AS29,SCHLEICHER ASG-29,L1P,L
3E7C1A,D-KMES,AS16,SCHLEICHER ASK-16,L1P,L
3E7F1A,D-KNIG,SF25,SCHEIBE SF-25 Falke,L1P,L
3ECA1A,D-KRMO,AS26,SCHLEICHER ASH-26,L1P,L
3ECB1A,D-KRWK,AS26,SCHLEICHER ASH-26,L1P,L
3ED21A,D-KUNI,SF25,SCHEIBE SF-25 Falke,L1P,L
3EDB1A,D-KXXY,NIMB,SCHEMPP-HIRTH Nimbus,L1P,L
3EDF1A,D-KZLI,GLID,,L0-,-
3EE51A,D-1155,GLID,,L0-,-
3EED1A,D-3203,GLID,,L0-,-
3EEE1A,D-3459,GLID,,L0-,-
3EF41A,D-4995,DISC,SCHEMPP-HIRTH Discus,L1P,L
3EF71A,D-5763,GLID,,L0-,-
3EFA1A,D-6531,GLID,,L0-,-
3EFE1A,D-7555,GLID,,L0-,-
3F001A,D-8067,DISC,SCHEMPP-HIRTH Discus,L1P,L
3F021A,D-8579,GLID,,L0-,-
3F431A,79+24,NH90,NHI NH-90,H2T,M
3FEA1A,D-MMBG,FK9,B&F TECHNIK FK-9,L1P,L
3FEB1A,D-MWKK,C42,IKARUS C-42 Bison,L1P,L
3FEC1A,D-MNMA,WT9,AEROSPOOL WT-9 Dynamic,L1P,L
3FEE1A,D-MHSD,PNR3,ALPI Pioneer 330,L1P,L
3FF01A,D-MBOA,WT9,AEROSPOOL WT-9 Dynamic,L1P,L
3FF11A,D-MBJR,FK14,B&F TECHNIK FK-14 Polaris,L1P,L
3FF31A,D-MFTG,PIVI,PIPSTREL Virus,L1P,L
3FF51A,D-MBKI,MT,ROTORSPORT MTOSport,G1P,L
3FFA1A,D-MMBF,PRIM,BLACKSHAPE Prime,L1P,L
40081A,G-LUXE,B463,BRITISH AEROSPACE 146-300,L4J,M
400D1A,G-BPRJ,AS55,AEROSPATIALE AS-355 Ecureuil 2,H2T,L
40111A,G-HALS,R44,ROBINSON R-44 Raven,H1P,L
40121A,G-CEHN,MT,ROTORSPORT MTOSport,G1P,L
40181A,G-AXIA,PUP,BEAGLE Pup,L1P,L
401D1A,G-BFMX,C172,CESSNA 172 Skyhawk,L1P,L
401E1A,G-BHCC,C172,CESSNA 172 Skyhawk,L1P,L
40201A,G-BKCZ,D11,JODEL D-11x/12x,L1P,L
40211A,G-BLVI,RF6,FOURNIER RF-6,L1P,L
40231A,G-TBXX,TB20,SOCATA TB-20 Trinidad,L1P,L
40261A,G-AMNN,DH82,DE HAVILLAND DH-82 Tiger Moth,L1P,L
40281A,G-GTHM,PA38,PIPER PA-38 Tomahawk,L1P,L
402C1A,G-FNLD,C172,CESSNA 172 Skyhawk,L1P,L
402E1A,G-BPTG,AC11,NORTH AMERICAN ROCKWELL Commander 112/114,L1P,L
40301A,G-BRSW,L8,LUSCOMBE 8,L1P,L
40361A,G-BUJM,C120,CESSNA 120,L1P,L
40391A,G-LFVB,SPIT,SUPERMARINE Spitfire,L1P,L
403B1A,G-BWHU,SCOU,WESTLAND Scout,H1T,L
40411A,G-RINS,COY2,RANS Coyote 2,L1P,L
40431A,G-BZDF,ULAC,,L0-,-
404A1A,G-CCNH,COY2,RANS Coyote 2,L1P,L
404B1A,G-UPFS,WACO,WACO E/O,L1P,L
404D1A,G-CDFM,XAIR,RAJ HAMSA X-AIR Falcon,L1P,L
404E1A,G-GNRV,RV9,VANS RV-9,L1P,L
404F1A,G-CDWM,SKRA,BEST OFF Sky Ranger,L1P,L
40521A,G-CEOW,EUPA,Europa,L1P,L
40541A,G-CHNW,DUOD,SCHEMPP-HIRTH Duo Discus,L1P,L
40601A,G-VBPM,SR22,CIRRUS SR-22,L1P,L
40611A,G-DDEP,GLID,,L0-,-
40621A,G-CGGW,MT,ROTORSPORT MTOSport,G1P,L
40631A,G-EZFV,A319,AIRBUS A-319,L2J,M
40641A,G-LIBI,GLID,,L0-,-
40661A,G-SGRP,A109,AGUSTA AW-109 Grand,H2T,L
406B1A,G-CIDV,ULAC,,L0-,-
406C1A,G-FOKZ,EFOX,AEROPRO Eurofox,L1P,L
406D1A,G-XLEJ,A388,AIRBUS A-380-800,L4J,H
406E1A,G-RAPL,DUOD,SCHEMPP-HIRTH Duo Discus,L1P,L
406F1A,G-MAXD,R44,ROBINSON R-44 Raven,H1P,L
40701A,G-DLRL,GLID,,L0-,-
40711A,G-CJFS,ZZZZ,,-0-,-
40721A,G-CJNI,A139,AGUSTA AW-139,H2T,L
40731A,G-NMMB,RV10,VANS RV-10,L1P,L
40751A,G-CKUJ,ZZZZ,,-0-,-
40761A,G-NPTX,B734,BOEING 737-400,L2J,M
40771A,G-VDOT,A35K,AIRBUS A-350-1000,L2J,H
40781A,G-NRST,C182,CESSNA 182 Skylane,L1P,L
40791A,G-JRHH,DA42,DIAMOND DA-42 Guardian,L2P,L
407A1A,G-CLZB,GLID,,L0-,-
407C1A,G-LAMU,DA62,DIAMOND DA-62,L2P,L
42431A,VP-BBL,B748,BOEING 747-8,L4J,H
42461A,VQ-BPD,CRJ2,BOMBARDIER Regional Jet CRJ-200,L2J,M
424C1A,M-WHIZ,GLF6,GULFSTREAM G650,L2J,M
43C61A,ZZ502,B350,BEECHCRAFT Super King Air 350,L2T,M
43C71A,ZJ271,AS50,AEROSPATIALE AS-350 Ecureuil,H1T,L
43C91A,ZP803,P8,BOEING P-8 Poseidon,L2J,M
44001A,OE-LBN,A320,AIRBUS A-320,L2J,M
44011A,OE-FDW,E50P,EMBRAER EMB-500 Phenom 100,L2J,L
44061A,OE-SHB,BALL,,B0-,-
44071A,OE-XMV,A109,AGUSTA AW-109 Grand,H2T,L
44081A,OE-9133,SF25,SCHEIBE SF-25 Falke,L1P,L
44091A,OE-XAH,EC35,AIRBUS HELICOPTERS EC-135/635,H2T,L
447D1A,3H-FF,PC7,PILATUS PC-7 Astra,L1T,L
44901A,OO-C94,PARA,,P0-,-
44931A,OO-DXZ,BE33,BEECH 33 Bonanza,L1P,L
44A01A,OO-H94,FK9,B&F TECHNIK FK-9,L1P,L
44B91A,OO-NHZ,AS65,AEROSPATIALE AS-365 Dauphin 2,H2T,L
44F61A,RS-05,S61,SIKORSKY S-61 Sea King,H2T,M
45211A,LZ-CGC,B738,BOEING 737-800,L2J,M
458E1A,OY-CPZ,C172,CESSNA 172 Skyhawk,L1P,L
45A11A,OY-HHZ,EC75,AIRBUS HELICOPTERS EC-175,H2T,M
45A21A,OY-HPZ,R66,ROBINSON R-66,H1T,L
45E11A,OY-XHZ,DUOD,SCHEMPP-HIRTH Duo Discus,L1P,L
45E31A,OY-XXZ,GLID,,L0-,-
461E1A,OH-LKK,E190,EMBRAER ERJ-190-100,L2J,M
46781A,HN-422,F18H,BOEING FA-18 HORNET,L2J,M
46851A,SX-AHZ,AA5,AMERICAN AA-5 Tiger,L1P,L
47811A,4576,P3,LOCKHEED P-3 Orion,L4T,M
47861A,LN-ALT,P28A,PIPER PA-28-140/150/160/180,L1P,L
47A21A,LN-GTR,LK17,SPORTINE AVIACIJA LAK-17AT,L1P,L
47A31A,LN-ENP,B738,BOEING 737-800,L2J,M
47BE1A,LN-LOE,T206,CESSNA T206 Turbo Stationair,L1P,L
48041A,J-061,F16,GENERAL DYNAMICS F-16 Fighting Falcon,L1J,M
480C1A,V-11,GLF4,GULFSTREAM 4,L2J,M
48411A,P4-KCI,E190,EMBRAER ERJ-190-100,L2J,M
48491A,PH-1366,LK17,SPORTINE AVIACIJA LAK-17AT,L1P,L
484B1A,PH-3N4,ZEPH,ATEC Zephyr,L1P,L
484C1A,PH-MIS,TOBA,SOCATA Tobago,L1P,L
484F1A,PH-PEZ,R44,ROBINSON R-44 Raven,H1P,L
48501A,PH-URZ,RV3,VANS RV-3,L1P,L
48511A,PH-MMK,BALL,,B0-,-
48521A,PH-IBA,BALL,,B0-,-
48531A,PH-4N7,DFLY,VIKING Dragonfly,L1P,L
48541A,PH-1SF,ZZZZ,,-0-,-
48551A,PH-2FI,ZZZZ,,-0-,-
48561A,PH-2MN,ZZZZ,,-0-,-
485B1A,PH-4S2,TL30,TL ULTRALIGHT TL-3000 Sirius,L1P,L
485F1A,PH-XXH,P32R,PIPER PA-32R-300/301/301T,L1P,L
48CC1A,SP-3719,SZ45,SZD 45 Ogar,L1P,L
49111A,CS-DHZ,GLEX,BOMBARDIER BD-700 Global 6000/6500,L2J,M
49131A,CS-DXZ,C56X,CESSNA 560XL Citation XLS,L2J,M
49521A,CS-TPZ,E190,EMBRAER ERJ-190-100,L2J,M
49C01A,OK-NUA26,EV97,EVEKTRO EV-97 EuroStar,L1P,L
49D01A,OK-JNC,L410,LET L-410 Turbolet,L2T,L
49D11A,OK-XIG,AN2,ANTONOV An-2,L1P,L
49D21A,OK-TWN,P06T,TECNAM P-2006T,L2P,L
49D31A,OK-KVL,C177,CESSNA  177 Cardinal,L1P,L
49D41A,OK-PHJ,L200,LET L-200 Morava,L2P,L
4A7C1A,TWR,TWR,,T0-,-
4AA91A,SE-JHZ,EC20,AIRBUS HELICOPTERS EC-120,H1T,L
4AB11A,SE-LHZ,ATP,BRITISH AEROSPACE ATP,L2T,M
4AB31A,SE-LXZ,SU31,SUKHOI Su-31,L1P,L
4AD61A,SE-UPZ,DG1T,DG FLUGZEUGBAU DG-1001T,L1P,L
4B081A,HB-DBU,M20P,MOONEY M-20,L1P,L
4B0A1A,HB-DVM,M20P,MOONEY M-20,L1P,L
4B0F1A,HB-FSS,PC12,PILATUS PC-12,L1T,L
4B161A,HB-IJQ,A320,AIRBUS A-320,L2J,M
4B191A,HB-JNE,B77W,BOEING 777-300ER,L2J,H
4B1A1A,HB-JXA,A320,AIRBUS A-320,L2J,M
4B1B1A,HB-KGW,SLG2,AIRPLANE FACTORY Sling 2,L1P,L
4B281A,HB-PEW,P28A,PIPER PA-28-140/150/160/180,L1P,L
4B2B1A,HB-QIK,BALL,,B0-,-
4B2F1A,HB-RVU,HUNT,HAWKER Hunter,L1J,M
4B311A,HB-SPM,PO60,POTEZ Sauterelle,L1P,L
4B3A1A,HB-WAC,EV97,EVEKTRO EV-97 EuroStar,L1P,L
4B411A,HB-YRA,RV7,VANS RV-7,L1P,L
4B421A,HB-ZAW,R44,ROBINSON R-44 Raven,H1P,L
4B431A,HB-ZKS,AS50,AEROSPATIALE AS-350 Ecureuil,H1T,L
4B491A,HB-1139,GLID,,L0-,-
4B4A1A,HB-1395,GLID,,L0-,-
4B4D1A,HB-2163,GLID,,L0-,-
4B4E1A,HB-2419,DISC,SCHEMPP-HIRTH Discus,L1P,L
4B511A,HB-3187,GLID,,L0-,-
4B521A,HB-3443,GLID,,L0-,-
4B821A,TCB-656,CN35,CASA CN-235 Persuader,L2T,M
4B8E1A,TC-CPZ,B738,BOEING 737-800,L2J,M
4BA91A,TC-JHZ,B738,BOEING 737-800,L2J,M
4CA31A,272,EC35,AIRBUS HELICOPTERS EC-135/635,H2T,L
4CA41A,269,PC9,PILATUS PC-9 Hudournik,L1T,L
4CA61A,EI-FJP,B738,BOEING 737-800,L2J,M
4CAB1A,EI-FCI,CH60,ZENAIR CH-600 Zodiac,L1P,L
4CAC1A,EI-KHD,E290,EMBRAER ERJ-190-300,L2J,M
4CAD1A,EI-HAI,B789,BOEING 787-9 Dreamliner,L2J,H
4CC41A,TF-AMI,B744,BOEING 747-400,L4J,H
4CC51A,TF-KFJ,DA40,DIAMOND DA-40 Club Star,L1P,L
4D021A,LX-IXI,GLEX,BOMBARDIER BD-700 Global 6000/6500,L2J,M
4D211A,9H-VJR,GLEX,BOMBARDIER BD-700 Global 6000/6500,L2J,M
4D221A,9H-QBQ,B738,BOEING 737-800,L2J,M
4D231A,9H-SMF,A333,AIRBUS A-330-300,L2J,H
4D241A,9H-WAF,A21N,AIRBUS A-321neo,L2J,M
50011A,T7-OCC,C750,CESSNA 750 Citation 10,L2J,M
50021A,T7-TLOL,FA7X,DASSAULT Falcon 7X,L3J,M
503D1A,LY-BGH,H25B,HAWKER BEECHCRAFT Hawker 750/850,L2J,M
505F1A,OM-S999,SHRK,SHARK AERO Shark,L1P,L
506C1A,S5-AAO,CRJ9,BOMBARDIER Regional Jet CRJ-900,L2J,M
506E1A,S5-DOG,GLID,,L0-,-
506F1A,S5-3030,GLID,,L0-,-
50821A,UR-ELY,C172,CESSNA 172 Skyhawk,L1P,L
51301A,E7-MEL,L410,LET L-410 Turbolet,L2T,L
60001A,EK-AKD,SR22,CIRRUS SR-22,L1P,L
60181A,21 BLUE,C27J,ALENIA C-27J Spartan,L2T,M
70201A,S2-AED,PC12,PILATUS PC-12,L1T,L
71041A,HZ-AS82,A320,AIRBUS A-320,L2J,M
71D91A,966,SURN,KOREA AEROSPACE Surion,H2T,M
738E1A,4X-BMN,AS50,AEROSPATIALE AS-350 Ecureuil,H1T,L
73941A,4X-CWT,SR22,CIRRUS SR-22,L1P,L
73951A,4X-OBW,ECHO,TECNAM P-92 Echo,L1P,L
75031A,9M-MLT,B738,BOEING 737-800,L2J,M
75041A,9M-ZZZ,GLF6,GULFSTREAM G650,L2J,M
75051A,9M-WCI,B738,BOEING 737-800,L2J,M
76091A,AP-BHZ,F27,FOKKER F-27,L2T,M
78021A,B-LID,B744,BOEING 747-400,L4J,H
78051A,B-5420,B738,BOEING 737-800,L2J,M
78071A,B-6750,A320,AIRBUS A-320,L2J,M
78081A,B-7766,CL60,BOMBARDIER CL-600 Challenger,L2J,M
78091A,B-5699,B738,BOEING 737-800,L2J,M
780B1A,B-5797,B738,BOEING 737-800,L2J,M
780C1A,B-8301,GLF4,GULFSTREAM 4,L2J,M
780D1A,B-1609,A320,AIRBUS A-320,L2J,M
780F1A,B-3115,E190,EMBRAER ERJ-190-100,L2J,M
78101A,B-7988,B738,BOEING 737-800,L2J,M
78111A,B-7885,B738,BOEING 737-800,L2J,M
78131A,B-1047,A332,AIRBUS A-330-200,L2J,H
78151A,B-001L,AJ27,COMAC ARJ-21-700 Xiangfeng,L2J,M
78161A,B-209A,B38M,BOEING 737 MAX 8,L2J,M
78171A,B-309S,A20N,AIRBUS A-320neo,L2J,M
78181A,B-70H8,C172,CESSNA 172 Skyhawk,L1P,L
781B1A,B-126X,SR20,CIRRUS SR-20,L1P,L
781C1A,B-651Q,AJ27,COMAC ARJ-21-700 Xiangfeng,L2J,M
78921A,B-LXH,A35K,AIRBUS A-350-1000,L2J,H
79A01A,B-2366,A320,AIRBUS A-320,L2J,M
7A431A,82011,AN12,ANTONOV An-12,L4T,M
7C031A,VH-AWC,RV7,VANS RV-7,L1P,L
7C061A,VH-BHO,B06,BELL 206 JetRanger,H1T,L
7C071A,VH-BOS,DHC2,DE HAVILLAND DHC-2 Beaver,L1P,L
7C101A,VH-DGS,C182,CESSNA 182 Skylane,L1P,L
7C291A,VH-IEK,PA31,PIPER PA-31-300/310/325/350/425,L2P,L
7C2B1A,VH-ISS,BE20,BEECH 200 Super King Air,L2T,M
7C301A,VH-JSC,C210,CESSNA 201 Centurion,L1P,L
7C331A,VH-KDO,RV4,VANS RV-4,L1P,L
7C341A,VH-KKS,PA34,PIPER PA-34 Seneca,L2P,L
7C3B1A,VH-LYK,R22,ROBINSON R-22 Mariner,H1P,L
7C3D1A,VH-MCS,P28B,PIPER PA-28-201T/235/236,L1P,L
7C431A,VH-NJG,B462,BRITISH AEROSPACE 146-200 Quiet Trader,L4J,M
7C451A,VH-NXO,B712,BOEING 717-200,L2J,M
7C471A,VH-OBW,C182,CESSNA 182 Skylane,L1P,L
7C571A,VH-RHO,PC12,PILATUS PC-12,L1T,L
7C581A,VH-ROS,C402,CESSNA 402 Businessliner,L2P,L
7C661A,VH-UGC,R44,ROBINSON R-44 Raven,H1P,L
7C671A,VH-UNG,PA44,PIPER PA-44 Seminole,L2P,L
7C721A,VH-WTO,C182,CESSNA 182 Skylane,L1P,L
7C7A1A,VH-YEK,YK52,YAKOVLEV Yak-52,L1P,L
7C7C1A,VH-YSS,BE58,BEECH 58 Baron,L2P,L
7C7D1A,VH-YZW,PA44,PIPER PA-44 Seminole,L2P,L
7C821A,VH-ZZG,DH8C,DE HAVILLAND DHC-8-300 Dash 8,L2T,M
7CC41A,23-8901,NG5,BRM AERO NG-5/6 Bristell,L1P,L
7CC51A,23-1768,AP32,AEROPRACT A-32,L1P,L
7CF91A,A9-657,P3,LOCKHEED P-3 Orion,L4T,M
7CFC1A,G-1859,GYRO,,G0-,-
80031A,K2704,AN32,ANTONOV An-32 Sutlej,L2T,M
80051A,VT-INY,A320,AIRBUS A-320,L2J,M
800C1A,VT-MTW,E55P,EMBRAER EMB-505 Phenom 300,L2J,M
800D1A,VT-MXH,B38M,BOEING 737 MAX 8,L2J,M
80141A,VT-MPF,C172,CESSNA 172 Skyhawk,L1P,L
840A1A,JA02TG,K100,DAHER Kodiak 100,L1T,L
840C1A,JA03AL,C172,CESSNA 172 Skyhawk,L1P,L
85111A,JA311C,A109,AGUSTA AW-109 Grand,H2T,L
861F1A,JA616A,B763,BOEING 767-300,L2J,H
867A1A,JA71HU,C172,CESSNA 172 Skyhawk,L1P,L
87C81A,5505,P1,KAWASAKI P-1,L4J,M
87CC1A,45-1073,C130,LOCKHEED C-130 Hercules,L4T,M
88401A,2616,B412,BELL 412,H2T,L
88801A,VN-A143,B772,BOEING 777-200,L2J,H
88811A,VN-A667,A321,AIRBUS A-321,L2J,M
89611A,A6-ECS,B77W,BOEING 777-300ER,L2J,H
89621A,A6-EGY,B77W,BOEING 777-300ER,L2J,H
89631A,A6-ENX,B77W,BOEING 777-300ER,L2J,H
89641A,A6-FLB,EC30,AIRBUS HELICOPTERS EC-130,H1T,L
89651A,A6-CTM,SR22,CIRRUS SR-22,L1P,L
896C1A,944,PC21,PILATUS PC-21,L1T,L
89901A,B-18055,B77W,BOEING 777-300ER,L2J,H
8A021A,PK-CKF,B733,BOEING 737-300,L2J,M
8A061A,PK-CAW,B429,BELL 429 GlobalRanger,H2T,L
A0001A,N1AZ,FA7X,DASSAULT Falcon 7X,L3J,M
A0011A,N1ME,PA30,PIPER PA-30 Twin Comanche,L2P,L
A0041A,N10TX,B350,BEECHCRAFT Super King Air 350,L2T,M
A0071A,N1000P,P28A,PIPER PA-28-140/150/160/180,L1P,L
A0081A,N10070,C150,CESSNA 150,L1P,L
A0091A,N101H,,,,
A00A1A,N101TF,C172,CESSNA 172 Skyhawk,L1P,L
A00D1A,N102KY,P210,CESSNA P210 Centurion,L1P,L
A00E1A,N102WD,DRON,,D0-,-
A0161A,N1041Q,P28A,PIPER PA-28-140/150/160/180,L1P,L
A0171A,N10481,M7,MAULE M-7,L1P,L
A0191A,N105US,GLID,,L0-,-
A01A1A,N1053T,M7,MAULE M-7,L1P,L
A01B1A,N106BC,P28A,PIPER PA-28-140/150/160/180,L1P,L
A01C1A,N106MJ,C525,CESSNA 525 CitationJet,L2J,L
A01E1A,N1065W,M20P,MOONEY M-20,L1P,L
A0281A,N109WC,GLAS,Glasair,L1P,L
A0291A,N1094U,C172,CESSNA 172 Skyhawk,L1P,L
A02A1A,N11CP,C56X,CESSNA 560XL Citation XLS,L2J,M
A02C1A,N11ZA,M7,MAULE M-7,L1P,L
A0311A,N111ND,GLID,,L0-,-
A0341A,N112EW,T210,CESSNA T210 Turbo Centurion,L1P,L
A0351A,N112RB,J3,PIPER J-3 Cub,L1P,L
A0361A,N11208,C150,CESSNA 150,L1P,L
A03A1A,N1133A,BE33,BEECH 33 Bonanza,L1P,L
A03F1A,N115DJ,SR22,CIRRUS SR-22,L1P,L
A0421A,N1157G,M20P,MOONEY M-20,L1P,L
A0451A,N11619,C150,CESSNA 150,L1P,L
A0491A,N1174B,FB1B,BOWERS Fly Baby 1B,L1P,L
A04D1A,N1186E,BL8,BELLANCA 8 Decathlon,L1P,L
A04F1A,N119RA,Z37P,LET Z-37 Cmelak,L1P,L
A0501A,N11907,C177,CESSNA  177 Cardinal,L1P,L
A0511A,N1198H,P32R,PIPER PA-32R-300/301/301T,L1P,L
A0521A,N12HT,GLST,GLASAIR SH-4 GlaStar,L1P,L
A0531A,N12TZ,AEST,AEROSTAR 600,L2P,L
A0561A,N1200R,KMAX,KAMAN K-Max,H1T,L
A0581A,N121HB,TBM7,SOCATA TBM-700A/B/C,L1T,L
A0591A,N121TH,,,,
A05A1A,N1212U,C172,CESSNA 172 Skyhawk,L1P,L
A05B1A,N12195,E45X,EMBRAER ERJ-145XR,L2J,M
A05C1A,N122L,BE35,BEECH 35 Starfire Bonanza,L1P,L
A05E1A,N1224X,M20P,MOONEY M-20,L1P,L
A0621A,N12360,C172,CESSNA 172 Skyhawk,L1P,L
A0641A,N124RW,CRUZ,CSA PS-28 Cruiser,L1P,L
A0661A,N12483,C172,CESSNA 172 Skyhawk,L1P,L
A0691A,N1253V,BE30,BEECH 300 Super King Air,L2T,L
A06A1A,N126BE,M20P,MOONEY M-20,L1P,L
A06B1A,N126ML,PA44,PIPER PA-44 Seminole,L2P,L
A0701A,N1270Q,C150,CESSNA 150,L1P,L
A0751A,N12894,,,,
A0791A,N13CR,C560,CESSNA 560 Citation Ultra,L2J,M
A07C1A,N130KH,EC30,AIRBUS HELICOPTERS EC-130,H1T,L
A07F1A,N131C,CRUZ,CSA PS-28 Cruiser,L1P,L
A0841A,N132RD,RV7,VANS RV-7,L1P,L
A0851A,N1321,RV8,VANS RV-8,L1P,L
A0891A,N1333C,C177,CESSNA  177 Cardinal,L1P,L
A08A1A,N134AN,A321,AIRBUS A-321,L2J,M
A08C1A,N134X,ULAC,,L0-,-
A0941A,N1362A,BE35,BEECH 35 Starfire Bonanza,L1P,L
A0981A,N1374D,,,,
A09D1A,N139EX,A139,AGUSTA AW-139,H2T,L
A09E1A,N139RC,PA18,PIPER PA-18 Super Cub,L1P,L
A0A01A,N1398K,L8,LUSCOMBE 8,L1P,L
A0A11A,N14HV,SIRA,TECNAM P-2002 Sierra,L1P,L
A0A21A,N14UA,C414,CESSNA 414 Chancellor,L2P,L
A0AB1A,N142LB,L5,STINSON Sentinel,L1P,L
A0AF1A,N143P,DHC1,DE HAVILLAND DHC-1 Chipmunk,L1P,L
A0B51A,N14485,,,,
A0B71A,N145UW,EC45,AIRBUS HELICOPTERS EC-145,H2T,L
A0B91A,N146BG,GLF4,GULFSTREAM 4,L2J,M
A0BC1A,N14650,ULAC,,L0-,-
A0C21A,N148TJ,RV8,VANS RV-8,L1P,L
A0C31A,N1482V,C172,CESSNA 172 Skyhawk,L1P,L
A0C81A,N15CT,BE65,BEECH 65 Queen Air,L2P,L
A0C91A,N15NZ,G280,GULFSTREAM G280,L2J,M
A0CC1A,N150VR,VR7,VASHON Ranger R7,L1P,L
A0D11A,N1516K,BALL,,B0-,-
A0D21A,N152F,GLID,,L0-,-
A0D31A,N152RF,T206,CESSNA T206 Turbo Stationair,L1P,L
A0D41A,N1521B,L8,LUSCOMBE 8,L1P,L
A0D81A,N1533E,PA34,PIPER PA-34 Seneca,L2P,L
A0DF1A,N1550,,,,
A0E41A,N1569P,BE33,BEECH 33 Bonanza,L1P,L
A0E81A,N158CA,SW4,SWEARINGEN Metro,L2T,M
A0EB1A,N1586J,AC11,NORTH AMERICAN ROCKWELL Commander 112/114,L1P,L
A0EE1A,N1591A,PA20,PIPER PA-20 Pacer,L1P,L
A0EF1A,N1598M,C182,CESSNA 182 Skylane,L1P,L
A0F01A,N16HX,UH1,BELL UH-1 Huey,H1T,L
A0F21A,N160EH,H47,BOEING-VERTOL CH-47 Chinook,H2T,M
A0F51A,N16076,BALL,,B0-,-
A0F71A,N161TM,C550,CESSNA 550 Citation S2,L2J,L
A0F91A,N16199,C177,CESSNA  177 Cardinal,L1P,L
A0FC1A,N16241,WACC,WACO C/S,L1P,L
A1021A,N164S,PC12,PILATUS PC-12,L1T,L
A1041A,N16487,PA32,PIPER PA-32,L1P,L
A1051A,N165JS,,,,
A1081A,N166BJ,RV10,VANS RV-10,L1P,L
A10E1A,N1670U,ULAC,,L0-,-
A11A1A,N170KM,C170,CESSNA 170,L1P,L
A11D1A,N171CD,SR20,CIRRUS SR-20,L1P,L
A1201A,N1716M,J3,PIPER J-3 Cub,L1P,L
A1221A,N172RH,C172,CESSNA 172 Skyhawk,L1P,L
A1241A,N1728Q,C150,CESSNA 150,L1P,L
A1251A,N173J,LNP4,LANCAIR PropJet 4,L1T,L
A1271A,N1733G,BE35,BEECH 35 Starfire Bonanza,L1P,L
A1281A,N174AS,RV7,VANS RV-7,L1P,L
A1351A,N177VS,C77R,CESSNA 177RG Cardinal RG,L1P,L
A1361A,N1774H,C182,CESSNA 182 Skylane,L1P,L
A1371A,N178CC,PA11,PIPER PA-11 Cub Special,L1P,L
A1431A,N1800X,C182,CESSNA 182 Skylane,L1P,L
A1451A,N181HH,RV7,VANS RV-7,L1P,L
A1461A,N181TP,P28A,PIPER PA-28-140/150/160/180,L1P,L
A1471A,N18120,E45X,EMBRAER ERJ-145XR,L2J,M
A1481A,N182A,C182,CESSNA 182 Skylane,L1P,L
A1491A,N182LF,C182,CESSNA 182 Skylane,L1P,L
A14A1A,N182WM,C82S,CESSNA T182 Turbo Skylane,L1P,L
A14B1A,N18243,B738,BOEING 737-800,L2J,M
A14D1A,N183PD,,,,
A1501A,N184FW,RV8,VANS RV-8,L1P,L
A1511A,N184SB,RV8,VANS RV-8,L1P,L
A1521A,N1841Y,C172,CESSNA 172 Skyhawk,L1P,L
A1551A,N185V,WACF,WACO F,L1P,L
A1561A,N18531,C150,CESSNA 150,L1P,L
A15B1A,N187EJ,ULAC,,L0-,-
A15D1A,N1870W,BE36,BEECH 36 Bonanza,L1P,L
A15E1A,N18777,BE17,BEECH 17 Staggerwing,L1P,L
A1611A,N1882Z,C210,CESSNA 201 Centurion,L1P,L
A1631A,N189LE,BE36,BEECH 36 Bonanza,L1P,L
A1661A,N19CX,P46T,PIPER PA-46-500TP,L1T,L
A1671A,N19PC,GLAS,Glasair,L1P,L
A16B1A,N1904L,BE35,BEECH 35 Starfire Bonanza,L1P,L
A16C1A,N191CF,BALL,,B0-,-
A1711A,N192RK,SA30,STOLP Starduster Too,L1P,L
A1721A,N1921F,C172,CESSNA 172 Skyhawk,L1P,L
A1731A,N1928S,C208,CESSNA 208 Caravan,L1T,L
A1741A,N193JB,E190,EMBRAER ERJ-190-100,L2J,M
A1761A,N1933J,,,,
A1781A,N194M,,,,
A17A1A,N1945M,C182,CESSNA 182 Skylane,L1P,L
A17B1A,N195DS,C195,CESSNA 195,L1P,L
A17D1A,N1950D,CH7B,BELLANCA 7 Citabria,L1P,L
A1811A,N1962G,T206,CESSNA T206 Turbo Stationair,L1P,L
A1821A,N1969T,P28A,PIPER PA-28-140/150/160/180,L1P,L
A18B1A,N199RJ,RV7,VANS RV-7,L1P,L
A18D1A,N1998R,C72R,CESSNA 172R Cutlass RG,L1P,L
A18E1A,N2JA,C421,CESSNA 421 Executive Commuter,L2P,L
A18F1A,N2UG,BE33,BEECH 33 Bonanza,L1P,L
A1901A,N20EM,,,,
A1931A,N200MD,P28A,PIPER PA-28-140/150/160/180,L1P,L
A1951A,N2005R,TF21,TAYLORCRAFT F-21,L1P,L
A1971A,N201QB,M20P,MOONEY M-20,L1P,L
A1981A,N2010H,BALL,,B0-,-
A19B1A,N202T,PA18,PIPER PA-18 Super Cub,L1P,L
A19C1A,N2022L,LJ75,LEARJET 75,L2J,M
A19E1A,N203KS,C172,CESSNA 172 Skyhawk,L1P,L
A1A41A,N2046S,T210,CESSNA T210 Turbo Centurion,L1P,L
A1A51A,N205FG,C172,CESSNA 172 Skyhawk,L1P,L
A1A71A,N2051J,H269,HUGHES Sky Knight,H1P,L
A1AB1A,N2063M,J3,PIPER J-3 Cub,L1P,L
A1AC1A,N207AX,B762,BOEING 767-200,L2J,H
A1AD1A,N207MC,BKUT,BERKUT Berkut,L1P,L
A1AF1A,N2075Q,C77R,CESSNA 177RG Cardinal RG,L1P,L
A1B71A,N2099W,RV8,VANS RV-8,L1P,L
A1B81A,N21KR,P210,CESSNA P210 Centurion,L1P,L
A1B91A,N21VX,LGEZ,RUTAN Long-EZ,L1P,L
A1BB1A,N210SH,P210,CESSNA P210 Centurion,L1P,L
A1BC1A,N21014,C182,CESSNA 182 Skylane,L1P,L
A1BD1A,N2109E,CH7A,BELLANCA 7 Champion,L1P,L
A1BE1A,N211K,FINC,FLEET Finch,L1P,L
A1C01A,N21137,C182,CESSNA 182 Skylane,L1P,L
A1C11A,N212BS,C172,CESSNA 172 Skyhawk,L1P,L
A1C71A,N21302,C182,CESSNA 182 Skylane,L1P,L
A1C81A,N2138C,PA46,PIPER PA-46-310/350,L1P,L
A1CB1A,N21425,P32R,PIPER PA-32R-300/301/301T,L1P,L
A1CD1A,N215LL,LEG2,LANCAIR Legacy,L1P,L
A1CF1A,N21548,C182,CESSNA 182 Skylane,L1P,L
A1D01A,N216DC,C82S,CESSNA T182 Turbo Skylane,L1P,L
A1D11A,N216PJ,B214,BELL 214,H1T,M
A1D31A,N2167A,P32R,PIPER PA-32R-300/301/301T,L1P,L
A1D51A,N217SG,F900,DASSAULT Falcon 900,L3J,M
A1DA1A,N21836,P32R,PIPER PA-32R-300/301/301T,L1P,L
A1DF1A,N22EP,T210,CESSNA T210 Turbo Centurion,L1P,L
A1E21A,N220MF,SYMP,OMF Symphony,L1P,L
A1E41A,N2205T,MUS2,BUSHBY M-2 Mustang 2,L1P,L
A1E91A,N222GW,PA31,PIPER PA-31-300/310/325/350/425,L2P,L
A1EA1A,N222TB,RV12,VANS RV-12,L1P,L
A1EC1A,N2229Z,P28A,PIPER PA-28-140/150/160/180,L1P,L
A1EF1A,N2234R,T210,CESSNA T210 Turbo Centurion,L1P,L
A1F31A,N2246U,ULAC,,L0-,-
A1FA1A,N2263P,GYRO,,G0-,-
A1FB1A,N227AZ,B763,BOEING 767-300,L2J,H
A1FE1A,N2275S,RV4,VANS RV-4,L1P,L
A2041A,N229TA,BE58,BEECH 58 Baron,L2P,L
A2051A,N2292M,P28R,PIPER PA-28R-180/200/201,L1P,L
A2071A,N23KT,RV7,VANS RV-7,L1P,L
A20C1A,N2309G,C182,CESSNA 182 Skylane,L1P,L
A20F1A,N23139,E45X,EMBRAER ERJ-145XR,L2J,M
A2111A,N232N,BE33,BEECH 33 Bonanza,L1P,L
A2131A,N2326B,T206,CESSNA T206 Turbo Stationair,L1P,L
A2141A,N233ES,BE33,BEECH 33 Bonanza,L1P,L
A2161A,N23304,C150,CESSNA 150,L1P,L
A2171A,N2338E,CH7A,BELLANCA 7 Champion,L1P,L
A2191A,N234TW,J3,PIPER J-3 Cub,L1P,L
A2221A,N2367C,AT3P,AIR TRACTOR AT-301/401,L1P,L
A2231A,N237GC,GB1,GAME COMPOSITES GameBird,L1P,L
A2261A,N2379F,T206,CESSNA T206 Turbo Stationair,L1P,L
A2301A,N240BB,C25C,CESSNA 525C Citation CJ4,L2J,M
A2311A,N240MH,C240,CESSNA 240 Corvalis TTx,L1P,L
A2341A,N241E,C172,CESSNA 172 Skyhawk,L1P,L
A2361A,N2410M,PA12,PIPER PA-12 Super Cruiser,L1P,L
A23B1A,N24291,VTRA,RANS Venterra,L1P,L
A2411A,N244Z,R44,ROBINSON R-44 Raven,H1P,L
A2421A,N2446W,GLID,,L0-,-
A2451A,N2451N,C72R,CESSNA 172R Cutlass RG,L1P,L
A24A1A,N247BA,BE35,BEECH 35 Starfire Bonanza,L1P,L
A2501A,N2480L,C172,CESSNA 172 Skyhawk,L1P,L
A2571A,N25WA,HUSK,CHRISTEN Husky,L1P,L
A2591A,N250SM,SR20,CIRRUS SR-20,L1P,L
A25C1A,N251KD,C25A,CESSNA 525A Citation CJ2,L2J,L
A25E1A,N2514A,PA18,PIPER PA-18 Super Cub,L1P,L
A2611A,N252YH,M20P,MOONEY M-20,L1P,L
A2621A,N2526D,C170,CESSNA 170,L1P,L
A2661A,N2538G,CH7A,BELLANCA 7 Champion,L1P,L
A26D1A,N2555B,P28A,PIPER PA-28-140/150/160/180,L1P,L
A2711A,N2567E,CH7A,BELLANCA 7 Champion,L1P,L
A2721A,N257GE,B737,BOEING 737-700,L2J,M
A2741A,N25717,BE35,BEECH 35 Starfire Bonanza,L1P,L
A27F1A,N260BD,M7,MAULE M-7,L1P,L
A2861A,N26170,J3,PIPER J-3 Cub,L1P,L
A2871A,N262H,D25,NEW STANDART D-25,L1P,L
A2881A,N262TF,SR22,CIRRUS SR-22,L1P,L
A28A1A,N26293,S10,STINSON 10 Voyager,L1P,L
A28D1A,N2634V,C170,CESSNA 170,L1P,L
A29D1A,N268EA,BE36,BEECH 36 Bonanza,L1P,L
A2A01A,N2687Z,BL8,BELLANCA 8 Decathlon,L1P,L
A2A31A,N2692R,C182,CESSNA 182 Skylane,L1P,L
A2A81A,N270SP,T206,CESSNA T206 Turbo Stationair,L1P,L
A2A91A,N2702,GLF6,GULFSTREAM G650,L2J,M
A2AA1A,N2709L,C172,CESSNA 172 Skyhawk,L1P,L
A2AD1A,N2714C,SR22,CIRRUS SR-22,L1P,L
A2B11A,N2726F,C152,CESSNA 152,L1P,L
A2BA1A,N275LS,DRON,,D0-,-
A2BB1A,N275WY,HUSK,CHRISTEN Husky,L1P,L
A2C01A,N2767G,C182,CESSNA 182 Skylane,L1P,L
A2C11A,N277GG,H47,BOEING-VERTOL CH-47 Chinook,H2T,M
A2C51A,N278KE,R44,ROBINSON R-44 Raven,H1P,L
A2CC1A,N28EV,T28,NORTH AMERICAN T-28,L1P,L
A2CD1A,N28RA,P28A,PIPER PA-28-140/150/160/180,L1P,L
A2D41A,N2810R,C182,CESSNA 182 Skylane,L1P,L
A2D71A,N282TH,SR22,CIRRUS SR-22,L1P,L
A2DC1A,N2834X,C177,CESSNA  177 Cardinal,L1P,L
A2DD1A,N284CS,C82T,CESSNA TR182 Turbo Skylane RG,L1P,L
A2E01A,N28460,L8,LUSCOMBE 8,L1P,L
A2E31A,N2851S,P28A,PIPER PA-28-140/150/160/180,L1P,L
A2E41A,N28583,AA5,AMERICAN AA-5 Tiger,L1P,L
A2E71A,N2863V,P28A,PIPER PA-28-140/150/160/180,L1P,L
A2EB1A,N2875Y,J3,PIPER J-3 Cub,L1P,L
A2F21A,N2892T,P28A,PIPER PA-28-140/150/160/180,L1P,L
A2F31A,N28994,B14A,BELLANCA 14,L1P,L
A2F51A,N29WE,C680,CESSNA 680 Citation Sovereign,L2J,M
A2F71A,N290SR,SR22,CIRRUS SR-22,L1P,L
A2F81A,N2902B,P28A,PIPER PA-28-140/150/160/180,L1P,L
A2FB1A,N291VP,PA23,PIPER PA-23,L2P,L
A2FC1A,N2914E,CH7A,BELLANCA 7 Champion,L1P,L
A2FD1A,N292C,S108,STINSON 108 Voyager,L1P,L
A3001A,N2926H,ERCO,AIR PRODUCTS F-1 Aircoupe,L1P,L
A3041A,N2938L,M20P,MOONEY M-20,L1P,L
A3051A,N294HW,A5,ICON A-5,A1P,L
A3071A,N2943C,C180,CESSNA  180 Skywagon,L1P,L
A30A1A,N295X,E300,EXTRA EA-300/330/350,L1P,L
A30B1A,N2955F,C182,CESSNA 182 Skylane,L1P,L
A30F1A,N2967J,PA32,PIPER PA-32,L1P,L
A3121A,N2972A,C180,CESSNA  180 Skywagon,L1P,L
A31B1A,N3EX,GLAS,Glasair,L1P,L
A31C1A,N3RC,ASTR,GULFSTREAM AEROSPACE Gulfstream G100,L2J,M
A31E1A,N30MP,B722,BOEING 727-200,L3J,M
A3221A,N3003G,BALL,,B0-,-
A3261A,N3015K,BALL,,B0-,-
A3271A,N302DQ,B737,BOEING 737-700,L2J,M
A3291A,N3020B,GLST,GLASAIR SH-4 GlaStar,L1P,L
A32D1A,N3032E,CH7A,BELLANCA 7 Champion,L1P,L
A3301A,N304VS,LJ25,LEARJET 25,L2J,L
A3311A,N3044H,ERCO,AIR PRODUCTS F-1 Aircoupe,L1P,L
A3351A,N3056L,C310,CESSNA 310,L2P,L
A3361A,N306FA,MD83,MCDONNELL-DOUGLAS MD-83,L2J,M
A3381A,N3061C,BE35,BEECH 35 Starfire Bonanza,L1P,L
A33C1A,N3073F,C182,CESSNA 182 Skylane,L1P,L
A3401A,N3085J,BCS3,AIRBUS A220-300,L2J,M
A3431A,N3090A,PA44,PIPER PA-44 Seminole,L2P,L
A3441A,N3097M,ZZZZ,,-0-,-
A3461A,N31ST,BE40,BEECH 400 Beechjet,L2J,M
A3481A,N310PD,AA5,AMERICAN AA-5 Tiger,L1P,L
A34B1A,N311FW,M20P,MOONEY M-20,L1P,L
A34C1A,N311SB,C82T,CESSNA TR182 Turbo Skylane RG,L1P,L
A3501A,N312V,ONEX,SONEX Onex,L1P,L
A3521A,N313BL,C172,CESSNA 172 Skyhawk,L1P,L
A3531A,N313MS,GLF2,GULFSTREAM 2,L2J,M
A3591A,N31477,PARA,,P0-,-
A35C1A,N3152Z,PA22,PIPER PA-22,L1P,L
A35D1A,N316,EAGL,CHRISTEN Eagle,L1P,L
A3601A,N31642,P32R,PIPER PA-32R-300/301/301T,L1P,L
A3621A,N317PC,BE40,BEECH 400 Beechjet,L2J,M
A3641A,N31765,PARA,,P0-,-
A3661A,N318SA,LJ45,LEARJET 45,L2J,M
A3671A,N3181X,C150,CESSNA 150,L1P,L
A36B1A,N31930,P28R,PIPER PA-28R-180/200/201,L1P,L
A36C1A,N32BK,CH7B,BELLANCA 7 Citabria,L1P,L
A36D1A,N32MR,RV8,VANS RV-8,L1P,L
A36F1A,N320JB,C320,CESSNA 320 Skyknight,L2P,L
A3701A,N320UH,PC12,PILATUS PC-12,L1T,L
A3751A,N3215M,ZZZZ,,-0-,-
A3791A,N3227Q,P32R,PIPER PA-32R-300/301/301T,L1P,L
A37C1A,N3232G,T28,NORTH AMERICAN T-28,L1P,L
A37D1A,N3239T,DC3,DOUGLAS DC-3 Dakota,L2P,M
A3801A,N3244K,GC1,GLOBE Swift,L1P,L
A3811A,N325CE,RV6,VANS RV-6,L1P,L
A3891A,N327JA,C56X,CESSNA 560XL Citation XLS,L2J,M
A38F1A,N3285L,C172,CESSNA 172 Skyhawk,L1P,L
A3901A,N329DR,RV10,VANS RV-10,L1P,L
A3921A,N3290C,BE35,BEECH 35 Starfire Bonanza,L1P,L
A3941A,N33GP,,,,
A3991A,N33068,P28B,PIPER PA-28-201T/235/236,L1P,L
A39C1A,N33110,P28R,PIPER PA-28R-180/200/201,L1P,L
A39D1A,N3319A,PA22,PIPER PA-22,L1P,L
A39E1A,N332JW,CH60,ZENAIR CH-600 Zodiac,L1P,L
A3A01A,N33233,J3,PIPER J-3 Cub,L1P,L
A3A31A,N333Y,CH7B,BELLANCA 7 Citabria,L1P,L
A3A41A,N33356,,,,
A3A61A,N334QS,C680,CESSNA 680 Citation Sovereign,L2J,M
A3A71A,N3340Y,C182,CESSNA 182 Skylane,L1P,L
A3AF1A,N33644,DC3,DOUGLAS DC-3 Dakota,L2P,M
A3B51A,N338SC,,,,
A3B91A,N339VA,JACE,ACE Junior Ace,L1P,L
A3BB1A,N34BM,B407,BELL 407,H1T,L
A3BC1A,N34MT,BE18,BEECH 18 Expetitor,L2P,L
A3BE1A,N340JD,C340,CESSNA 340 Super,L2P,L
A3C81A,N3427S,C182,CESSNA 182 Skylane,L1P,L
A3C91A,N343GS,CVLP,CONVAIR Convairliner,L2P,M
A3D01A,N345CG,BE58,BEECH 58 Baron,L2P,L
A3D31A,N3456Q,C340,CESSNA 340 Super,L2P,L
A3D71A,N3468T,C177,CESSNA  177 Cardinal,L1P,L
A3DC1A,N348MA,CH7B,BELLANCA 7 Citabria,L1P,L
A3E11A,N3490E,AR11,AERONCA 11 Chief,L1P,L
A3E21A,N3497R,C182,CESSNA 182 Skylane,L1P,L
A3E31A,N35GR,GLF5,GULFSTREAM 5,L2J,M
A3E41A,N35SX,SONX,SONEX AIRCRAFT Sonex,L1P,L
A3E51A,N350DB,PARA,,P0-,-
A3E61A,N350PH,CL35,BOMBARDIER BD-100 Challenger 350,L2J,M
A3E81A,N3507,,,,
A3EF1A,N35235,PARA,,P0-,-
A3F31A,N35358,C172,CESSNA 172 Skyhawk,L1P,L
A3F61A,N35400,J5,PIPER J-5 Cub Cruiser,L1P,L
A3F71A,N3548A,C82S,CESSNA T182 Turbo Skylane,L1P,L
A3FA1A,N35523,J3,PIPER J-3 Cub,L1P,L
A4001A,N357PG,S22T,CIRRUS SR-22T Turbo,L1P,L
A4051A,N35811,J5,PIPER J-5 Cub Cruiser,L1P,L
A4061A,N3589B,PA31,PIPER PA-31-300/310/325/350/425,L2P,L
A4091A,N35934,BALL,,B0-,-
A40D1A,N360JF,H269,HUGHES Sky Knight,H1P,L
A4131A,N3615R,P28A,PIPER PA-28-140/150/160/180,L1P,L
A4141A,N362DW,,,,
A4171A,N3627U,C182,CESSNA 182 Skylane,L1P,L
A4191A,N363T,BE95,BEECH 95 Travel Air,L2P,L
A41A1A,N3632L,C172,CESSNA 172 Skyhawk,L1P,L
A41B1A,N3639X,BALL,,B0-,-
A41E1A,N3644P,PA22,PIPER PA-22,L1P,L
A41F1A,N365CJ,GLEX,BOMBARDIER BD-700 Global 6000/6500,L2J,M
A4221A,N3656S,C172,CESSNA 172 Skyhawk,L1P,L
A4291A,N3673M,PA32,PIPER PA-32,L1P,L
A42B1A,N368MC,DRON,,D0-,-
A42D1A,N3685Q,BE23,BEECH 23 Sundowner,L1P,L
A4311A,N3697T,TF19,TAYLORCRAFT F-19 Sportsman,L1P,L
A4371A,N3707B,BE77,BEECH 77 Skipper,L1P,L
A4391A,N371SH,H60,SIKORSKY UH-60 Black Hawk,H2T,M
A43E1A,N37237,C310,CESSNA 310,L2P,L
A43F1A,N373BS,P28A,PIPER PA-28-140/150/160/180,L1P,L
A4451A,N37402,BT36,BEECH B36TC Bonanza,L1P,L
A4491A,N37525,B39M,BOEING 737 MAX 9,L2J,M
A44C1A,N376WS,,,,
A44D1A,N37648,VEZE,RUTAN VariEze,L1P,L
A4551A,N3789D,C182,CESSNA 182 Skylane,L1P,L
A4581A,N37936,J3,PIPER J-3 Cub,L1P,L
A4591A,N38BR,GLID,,L0-,-
A45E1A,N3803Q,C172,CESSNA 172 Skyhawk,L1P,L
A4651A,N3820K,,,,
A4661A,N3827W,PA32,PIPER PA-32,L1P,L
A46A1A,N3839Z,PA18,PIPER PA-18 Super Cub,L1P,L
A46C1A,N384W,S22T,CIRRUS SR-22T Turbo,L1P,L
A4741A,N3861L,C172,CESSNA 172 Skyhawk,L1P,L
A47A1A,N388ME,PA23,PIPER PA-23,L2P,L
A47C1A,N3885S,C172,CESSNA 172 Skyhawk,L1P,L
A4821A,N39TA,BE24,BEECH 24 Sierra,L1P,L
A4841A,N390PM,B190,BEECH 1900,L2T,M
A48E1A,N393BU,E545,EMBRAER EMB545 Praetor 500,L2J,M
A4951A,N3948E,AR11,AERONCA 11 Chief,L1P,L
A4971A,N395TW,PA18,PIPER PA-18 Super Cub,L1P,L
A4981A,N39527,P32R,PIPER PA-32R-300/301/301T,L1P,L
A4A41A,N3989F,P28A,PIPER PA-28-140/150/160/180,L1P,L
A4A91A,N4MZ,C421,CESSNA 421 Executive Commuter,L2P,L
A4AD1A,N400EW,C425,CESSNA 425 Corsair,L2T,L
A4AF1A,N40008,P28A,PIPER PA-28-140/150/160/180,L1P,L
A4B01A,N4008J,M7,MAULE M-7,L1P,L
A4B31A,N4013A,BE35,BEECH 35 Starfire Bonanza,L1P,L
A4B51A,N402LS,C402,CESSNA 402 Businessliner,L2P,L
A4BB1A,N4037G,R22,ROBINSON R-22 Mariner,H1P,L
A4BC1A,N404GG,R44,ROBINSON R-44 Raven,H1P,L
A4C21A,N4054B,BL17,BELLANCA 17 Viking,L1P,L
A4C61A,N4066E,PA18,PIPER PA-18 Super Cub,L1P,L
A4C81A,N407RA,B407,BELL 407,H1T,L
A4C91A,N40707,UH1,BELL UH-1 Huey,H1T,L
A4D21A,N41DH,DH82,DE HAVILLAND DH-82 Tiger Moth,L1P,L
A4D31A,N41PP,,,,
A4D71A,N4104X,VO10,NORTH AMERICAN ROCKWELL Commander 100,L1P,L
A4D81A,N411CS,RV8,VANS RV-8,L1P,L
A4E11A,N413UU,PC12,PILATUS PC-12,L1T,L
A4E31A,N414BE,FOX,KITFOX,L1P,L
A4E41A,N414ML,C414,CESSNA 414 Chancellor,L2P,L
A4E71A,N415EC,RV10,VANS RV-10,L1P,L
A4E91A,N4150Q,BALL,,B0-,-
A4EE1A,N41694,CH7B,BELLANCA 7 Citabria,L1P,L
A4F11A,N4174W,PA32,PIPER PA-32,L1P,L
A4F51A,N4186Z,PA18,PIPER PA-18 Super Cub,L1P,L
A4F91A,N41982,BALL,,B0-,-
A4FA1A,N42JM,T6,NORTH AMERICAN T-6 Texan,L1P,L
A4FD1A,N420RD,GYRO,,G0-,-
A4FF1A,N4208L,C172,CESSNA 172 Skyhawk,L1P,L
A5021A,N4213C,S108,STINSON 108 Voyager,L1P,L
A5031A,N422AN,A21N,AIRBUS A-321neo,L2J,M
A5061A,N4225F,S2P,GRUMMAN S-2 Tracker,L2P,M
A5081A,N423PS,M20P,MOONEY M-20,L1P,L
A50A1A,N4237J,P28A,PIPER PA-28-140/150/160/180,L1P,L
A50E1A,N4249M,PA12,PIPER PA-12 Super Cruiser,L1P,L
A5111A,N4254D,BE35,BEECH 35 Starfire Bonanza,L1P,L
A5171A,N427RC,C510,CESSNA 510 Citation Mustang,L2J,L
A5181A,N42709,J3,PIPER J-3 Cub,L1P,L
A5191A,N4278K,NAVI,NORTH AMERICAN Navion,L1P,L
A51B1A,N428UA,A320,AIRBUS A-320,L2J,M
A51C1A,N4283B,BE35,BEECH 35 Starfire Bonanza,L1P,L
A51D1A,N429AM,HUSK,CHRISTEN Husky,L1P,L
A5201A,N4295E,CH7A,BELLANCA 7 Champion,L1P,L
A5221A,N43PR,B737,BOEING 737-700,L2J,M
A5241A,N430LB,BALL,,B0-,-
A5251A,N430WH,B430,BELL 430,H2T,L
A5281A,N431P,B407,BELL 407,H1T,L
A52A1A,N43162,FOX,KITFOX,L1P,L
A52D1A,N4321U,C150,CESSNA 150,L1P,L
A5311A,N4333X,P28R,PIPER PA-28R-180/200/201,L1P,L
A5351A,N43450,P32R,PIPER PA-32R-300/301/301T,L1P,L
A5381A,N4350S,AT3P,AIR TRACTOR AT-301/401,L1P,L
A5481A,N43984,P28A,PIPER PA-28-140/150/160/180,L1P,L
A5491A,N44JP,ST75,STEARMAN Kaydet,L1P,L
A54B1A,N440F,HUSK,CHRISTEN Husky,L1P,L
A54D1A,N4401B,C170,CESSNA 170,L1P,L
A54E1A,N4408N,ST75,STEARMAN Kaydet,L1P,L
A5501A,N441UD,CH70,ZENAIR CH-701 Stol,L1P,L
A5531A,N442LW,C680,CESSNA 680 Citation Sovereign,L2J,M
A5551A,N4425H,PA15,PIPER PA-15 Vagabond,L1P,L
A5591A,N4437L,C172,CESSNA 172 Skyhawk,L1P,L
A55A1A,N444GL,SRAI,GREAT PLAINS Sonerai,L1P,L
A55B1A,N444SS,S22T,CIRRUS SR-22T Turbo,L1P,L
A55D1A,N4449P,S108,STINSON 108 Voyager,L1P,L
A5701A,N45DM,SR22,CIRRUS SR-22,L1P,L
A5711A,N45PT,BE58,BEECH 58 Baron,L2P,L
A5721A,N45ZZ,,,,
A5731A,N450LD,BE35,BEECH 35 Starfire Bonanza,L1P,L
A5771A,N451PB,,,,
A5791A,N45164,BALL,,B0-,-
A57B1A,N452S,BL8,BELLANCA 8 Decathlon,L1P,L
A5801A,N4533Z,PA22,PIPER PA-22,L1P,L
A5871A,N4550U,C150,CESSNA 150,L1P,L
A5881A,N45575,,,,
A58B1A,N4562X,P28R,PIPER PA-28R-180/200/201,L1P,L
A58F1A,N45740,L8,LUSCOMBE 8,L1P,L
A5911A,N458PA,AC50,NORTH AMERICAN ROCKWELL Commander 500,L2P,L
A5931A,N45863,L8,LUSCOMBE 8,L1P,L
A5981A,N46JR,BPAT,R&B Bearhawk Patrol,L1P,L
A59B1A,N460RH,ULAC,,L0-,-
A59E1A,N461J,TBM7,SOCATA TBM-700A/B/C,L1T,L
A5A11A,N462AS,B739,BOEING 737-900,L2J,M
A5A41A,N4625K,NAVI,NORTH AMERICAN Navion,L1P,L
A5A81A,N4637N,ST75,STEARMAN Kaydet,L1P,L
A5AB1A,N4642E,CH7A,BELLANCA 7 Champion,L1P,L
A5AC1A,N4649R,P28A,PIPER PA-28-140/150/160/180,L1P,L
A5AF1A,N4654H,PA15,PIPER PA-15 Vagabond,L1P,L
A5B01A,N466CC,T206,CESSNA T206 Turbo Stationair,L1P,L
A5B31A,N4666L,C172,CESSNA 172 Skyhawk,L1P,L
A5B61A,N4671C,C170,CESSNA 170,L1P,L
A5BD1A,N469XC,C337,CESSNA 337 Super Skymaster,L2P,L
A5BF1A,N47DP,CH7A,BELLANCA 7 Champion,L1P,L
A5C11A,N470A,P28A,PIPER PA-28-140/150/160/180,L1P,L
A5C31A,N470WM,B407,BELL 407,H1T,L
A5C61A,N471PD,RV12,VANS RV-12,L1P,L
A5C81A,N47166,,,,
A5CB1A,N4721Y,PA25,PIPER PA-25 Pawnee,L1P,L
A5D01A,N474BL,DA40,DIAMOND DA-40 Club Star,L1P,L
A5D31A,N47454,TAYD,TAYLORCRAFT DC/DF/DL,L1P,L
A5D71A,N47577,BALL,,B0-,-
A5DB1A,N477,COY2,RANS Coyote 2,L1P,L
A5DE1A,N47742,P28R,PIPER PA-28R-180/200/201,L1P,L
A5E01A,N478PC,P28A,PIPER PA-28-140/150/160/180,L1P,L
A5E41A,N479SA,BE65,BEECH 65 Queen Air,L2P,L
A5E51A,N4791X,C150,CESSNA 150,L1P,L
A5ED1A,N481JB,TBM7,SOCATA TBM-700A/B/C,L1T,L
A5F31A,N4825M,PL1,PAZMANY Laminar,L1P,L
A5F91A,N484SW,C414,CESSNA 414 Chancellor,L2P,L
A5FE1A,N4854K,ULAC,,L0-,-
A6051A,N4871E,CH7B,BELLANCA 7 Citabria,L1P,L
A6091A,N4883H,PA17,PIPER PA-17 Vagabond Trainer,L1P,L
A60D1A,N4895L,P28A,PIPER PA-28-140/150/160/180,L1P,L
A60E1A,N49DR,,,,
A60F1A,N49PX,SR22,CIRRUS SR-22,L1P,L
A6141A,N491D,P28A,PIPER PA-28-140/150/160/180,L1P,L
A6171A,N49168,TAYD,TAYLORCRAFT DC/DF/DL,L1P,L
A61B1A,N4929A,C180,CESSNA  180 Skywagon,L1P,L
A6291A,N49621,J3,PIPER J-3 Cub,L1P,L
A62C1A,N497WN,B737,BOEING 737-700,L2J,M
A6331A,N499SC,GLF4,GULFSTREAM 4,L2J,M
A6341A,N4991Z,PA22,PIPER PA-22,L1P,L
A6361A,N5JV,TBM7,SOCATA TBM-700A/B/C,L1T,L
A6371A,N5VA,T206,CESSNA T206 Turbo Stationair,L1P,L
A6391A,N50RM,B505,BELL 505 JetRanger X,H1T,L
A63A1A,N500BS,C172,CESSNA 172 Skyhawk,L1P,L
A63B1A,N500MY,PA31,PIPER PA-31-300/310/325/350/425,L2P,L
A63D1A,N5006,PA11,PIPER PA-11 Cub Special,L1P,L
A6411A,N5018C,BE35,BEECH 35 Starfire Bonanza,L1P,L
A6451A,N503AE,CRJ7,BOMBARDIER Regional Jet CRJ-700,L2J,M
A64C1A,N5047A,C172,CESSNA 172 Skyhawk,L1P,L
A64D1A,N505GA,GALX,GULFSTREAM G200,L2J,M
A64E1A,N505SG,B350,BEECHCRAFT Super King Air 350,L2T,M
A64F1A,N50513,UH1,BELL UH-1 Huey,H1T,L
A6501A,N5059D,C182,CESSNA 182 Skylane,L1P,L
A6531A,N50636,BL8,BELLANCA 8 Decathlon,L1P,L
A6541A,N507BR,SSTL,JUST JA30 SuperSTOL,L1P,L
A6571A,N50759,C150,CESSNA 150,L1P,L
A65A1A,N50801,PARA,,P0-,-
A65E1A,N50924,LNC2,LANCAIR 200-320,L1P,L
A6611A,N51WR,ST75,STEARMAN Kaydet,L1P,L
A6641A,N5102N,ST75,STEARMAN Kaydet,L1P,L
A6661A,N511KU,RV10,VANS RV-10,L1P,L
A6671A,N511W,C182,CESSNA 182 Skylane,L1P,L
A6681A,N5114R,BE19,BEECH 19 Sport,L1P,L
A6691A,N512CL,UHEL,,H0-,-
A66F1A,N5131L,P28A,PIPER PA-28-140/150/160/180,L1P,L
A6701A,N5138X,CH7B,BELLANCA 7 Citabria,L1P,L
A6711A,N514JG,CH70,ZENAIR CH-701 Stol,L1P,L
A6731A,N5143P,PA24,PIPER PA-24 Comanche,L1P,L
A6771A,N5155S,P28A,PIPER PA-28-140/150/160/180,L1P,L
A67B1A,N5167V,B47G,BELL 47G,H1P,L
A6861A,N5196T,AT5T,AIR TRACTOR AT-504,L1T,L
A6871A,N52FH,S52,SIKORSKY S-52,H1P,L
A6881A,N52RP,BE99,BEECH 99 Airliner,L2T,L
A68A1A,N520N,H500,HUGHES 500,H1T,L
A68F1A,N52104,C180,CESSNA  180 Skywagon,L1P,L
A6901A,N5218E,C82R,CESSNA R182 Skylane RG,L1P,L
A6921A,N522TW,YK52,YAKOVLEV Yak-52,L1P,L
A6931A,N52227,BALL,,B0-,-
A69B1A,N5247C,BE35,BEECH 35 Starfire Bonanza,L1P,L
A69C1A,N525GC,C25A,CESSNA 525A Citation CJ2,L2J,L
A69D1A,N525SJ,C25C,CESSNA 525C Citation CJ4,L2J,M
A69E1A,N52515,C337,CESSNA 337 Super Skymaster,L2P,L
A6A61A,N5276A,T210,CESSNA T210 Turbo Centurion,L1P,L
A6A71A,N528ER,C172,CESSNA 172 Skyhawk,L1P,L
A6AB1A,N529HP,C240,CESSNA 240 Corvalis TTx,L1P,L
A6AE1A,N53AF,C72R,CESSNA 172R Cutlass RG,L1P,L
A6AF1A,N53LM,,,,
A6B01A,N53WT,C414,CESSNA 414 Chancellor,L2P,L
A6B41A,N53091,ST75,STEARMAN Kaydet,L1P,L
A6B71A,N5314T,C172,CESSNA 172 Skyhawk,L1P,L
A6B91A,N532NU,YK52,YAKOVLEV Yak-52,L1P,L
A6BC1A,N533FL,P28A,PIPER PA-28-140/150/160/180,L1P,L
A6BD1A,N533RS,UF13,URBAN UFM-13 Lambada,L1P,L
A6BE1A,N5331N,PA44,PIPER PA-44 Seminole,L2P,L
A6C21A,N5343R,C172,CESSNA 172 Skyhawk,L1P,L
A6C31A,N535BA,,,,
A6C91A,N5360L,P28A,PIPER PA-28-140/150/160/180,L1P,L
A6CD1A,N5372P,J3,PIPER J-3 Cub,L1P,L
A6D11A,N5384S,C182,CESSNA 182 Skylane,L1P,L
A6D71A,N54RR,AC11,NORTH AMERICAN ROCKWELL Commander 112/114,L1P,L
A6D81A,N540BW,H60,SIKORSKY UH-60 Black Hawk,H2T,M
A6DB1A,N5406D,PA34,PIPER PA-34 Seneca,L2P,L
A6E61A,N5435B,C182,CESSNA 182 Skylane,L1P,L
A6ED1A,N54517,DR1,FOKKER Dr-1,L1P,L
A6EE1A,N5459H,C172,CESSNA 172 Skyhawk,L1P,L
A6EF1A,N546KC,DRON,,D0-,-
A6F11A,N5464,SA30,STOLP Starduster Too,L1P,L
A6FD1A,N55AH,RLU1,RLU Super Breezy,L1P,L
A6FE1A,N55LP,C402,CESSNA 402 Businessliner,L2P,L
A6FF1A,N55WV,SR22,CIRRUS SR-22,L1P,L
A7081A,N552NW,B752,BOEING 757-200,L2J,M
A70E1A,N55381,P28A,PIPER PA-28-140/150/160/180,L1P,L
A7101A,N554US,BE95,BEECH 95 Travel Air,L2P,L
A7111A,N5543T,TB20,SOCATA TB-20 Trinidad,L1P,L
A7121A,N555BC,BE35,BEECH 35 Starfire Bonanza,L1P,L
A7131A,N555MJ,GLAS,Glasair,L1P,L
A7151A,N5555W,P28A,PIPER PA-28-140/150/160/180,L1P,L
A7181A,N5560N,BALL,,B0-,-
A71D1A,N55792,P28A,PIPER PA-28-140/150/160/180,L1P,L
A7241A,N5596X,SS2P,ROCKWELL Thrush Commander,L1P,L
A7261A,N56RT,H60,SIKORSKY UH-60 Black Hawk,H2T,M
A7271A,N560BY,P28R,PIPER PA-28R-180/200/201,L1P,L
A72A1A,N5606F,ERCO,AIR PRODUCTS F-1 Aircoupe,L1P,L
A7301A,N562U,BE55,BEECH 55 Baron,L2P,L
A7311A,N5623A,C172,CESSNA 172 Skyhawk,L1P,L
A7331A,N563LS,,,,
A7351A,N5635D,M5,MAULE M-5,L1P,L
A7391A,N5647G,C188,CESSNA 188 AgTruck,L1P,L
A73C1A,N56519,PA36,PIPER PA-36 Pawnee Brave,L1P,L
A73D1A,N5659K,M5,MAULE M-5,L1P,L
A7401A,N5664B,M20P,MOONEY M-20,L1P,L
A7481A,N5688H,PA16,PIPER PA-16 Clipper,L1P,L
A74F1A,N570HB,C140,CESSNA 140,L1P,L
A7511A,N5702U,P28A,PIPER PA-28-140/150/160/180,L1P,L
A7541A,N571WF,G200,AKROTECH G-200,L1P,L
A7551A,N5714X,C320,CESSNA 320 Skyknight,L2P,L
A75D1A,N57383,CH7A,BELLANCA 7 Champion,L1P,L
A7601A,N5743V,P28R,PIPER PA-28R-180/200/201,L1P,L
A7621A,N575ML,TAIL,WITTMAN Tailwind,L1P,L
A7671A,N5760Q,M20P,MOONEY M-20,L1P,L
A7681A,N57671,CH7B,BELLANCA 7 Citabria,L1P,L
A7691A,N577HA,RV7,VANS RV-7,L1P,L
A7731A,N5796Z,PA22,PIPER PA-22,L1P,L
A7751A,N58RV,RV9,VANS RV-9,L1P,L
A7761A,N580C,SR20,CIRRUS SR-20,L1P,L
A77C1A,N5811,CRER,RANS Courier,L1P,L
A77E1A,N582HW,ULAC,,L0-,-
A7861A,N584PS,C550,CESSNA 550 Citation S2,L2J,L
A78C1A,N5859M,C340,CESSNA 340 Super,L2P,L
A7991A,N589UA,B752,BOEING 757-200,L2J,M
A79B1A,N59AM,RV12,VANS RV-12,L1P,L
A79C1A,N59LT,GLAS,Glasair,L1P,L
A7A01A,N5902W,P28A,PIPER PA-28-140/150/160/180,L1P,L
A7A81A,N59262,VJ22,VOLMER Sportsman,A1P,L
A7AB1A,N5931U,P28A,PIPER PA-28-140/150/160/180,L1P,L
A7B01A,N595BG,GLID,,L0-,-
A7B61A,N5960S,PA18,PIPER PA-18 Super Cub,L1P,L
A7B91A,N597TJ,PTS2,PITTS S-2 Special,L1P,L
A7BC1A,N598LA,AT5T,AIR TRACTOR AT-504,L1T,L
A7BF1A,N599CT,FDCT,FLIGHT DESIGN CT,L1P,L
A7C21A,N59961,VALI,CONVAIR Valiant,L1P,L
A7C41A,N6RX,PTS1,PITTS S-1 Special,L1P,L
A7C61A,N60NH,SW3,SWEARINGEN Merlin 3,L2T,L
A7C71A,N60YP,B350,BEECHCRAFT Super King Air 350,L2T,M
A7CB1A,N601BL,CH60,ZENAIR CH-600 Zodiac,L1P,L
A7CE1A,N60154,DC3,DOUGLAS DC-3 Dakota,L2P,M
A7D11A,N6020W,P28A,PIPER PA-28-140/150/160/180,L1P,L
A7D21A,N60277,VALI,CONVAIR Valiant,L1P,L
A7D61A,N604,T6,NORTH AMERICAN T-6 Texan,L1P,L
A7D81A,N604WL,CL60,BOMBARDIER CL-600 Challenger,L2J,M
A7D91A,N60442,C162,CESSNA 162 Skycatcher,L1P,L
A7DB1A,N605PC,PC12,PILATUS PC-12,L1T,L
A7DF1A,N606SA,GLF6,GULFSTREAM G650,L2J,M
A7E11A,N60688,ST75,STEARMAN Kaydet,L1P,L
A7EB1A,N6090V,C72R,CESSNA 172R Cutlass RG,L1P,L
A7ED1A,N61HF,EA50,ECLIPSE 550,L2J,L
A7F11A,N6100D,PA22,PIPER PA-22,L1P,L
A7F21A,N6107Q,SR22,CIRRUS SR-22,L1P,L
A7F41A,N611SW,B733,BOEING 737-300,L2J,M
A7F51A,N6112G,BE30,BEECH 300 Super King Air,L2T,L
A7F91A,N6124K,RC3,REPUBLIC RC-3 Seabee,A1P,L
A8001A,N6141E,C172,CESSNA 172 Skyhawk,L1P,L
A8041A,N6153H,J3,PIPER J-3 Cub,L1P,L
A8081A,N6165L,,,,
A8091A,N617DR,R22,ROBINSON R-22 Mariner,H1P,L
A80B1A,N6170C,YK55,YAKOVLEV Yak-55,L1P,L
A80F1A,N6182F,C82T,CESSNA TR182 Turbo Skylane RG,L1P,L
A8131A,N6194J,P28A,PIPER PA-28-140/150/160/180,L1P,L
A8141A,N62CD,R44,ROBINSON R-44 Raven,H1P,L
A8161A,N62YR,M20P,MOONEY M-20,L1P,L
A8181A,N620VB,COL4,CESSNA 400 Corvalis TT,L1P,L
A8191A,N62033,M5,MAULE M-5,L1P,L
A81F1A,N622QS,C68A,CESSNA 680 Citation Latitude,L2J,M
A8281A,N62444,C172,CESSNA 172 Skyhawk,L1P,L
A82D1A,N626FX,LJ45,LEARJET 45,L2J,M
A8321A,N627VA,A320,AIRBUS A-320,L2J,M
A8371A,N62855,C172,CESSNA 172 Skyhawk,L1P,L
A83A1A,N6290X,AC50,NORTH AMERICAN ROCKWELL Commander 500,L2P,L
A83C1A,N63HH,R44,ROBINSON R-44 Raven,H1P,L
A83D1A,N63TP,TBM7,SOCATA TBM-700A/B/C,L1T,L
A8401A,N6300F,BE20,BEECH 200 Super King Air,L2T,M
A8451A,N6319V,COUR,HELIO Courier,L1P,L
A84C1A,N6336Q,M20P,MOONEY M-20,L1P,L
A84F1A,N6341G,C150,CESSNA 150,L1P,L
A8551A,N636MA,TBM7,SOCATA TBM-700A/B/C,L1T,L
A8571A,N6365N,CH7A,BELLANCA 7 Champion,L1P,L
A85B1A,N6377R,P28A,PIPER PA-28-140/150/160/180,L1P,L
A85F1A,N6389U,BT36,BEECH B36TC Bonanza,L1P,L
A8631A,N64CF,LJ35,LEARJET 35,L2J,M
A8681A,N64035,C172,CESSNA 172 Skyhawk,L1P,L
A86A1A,N641MW,BOLT,STEEN Skybolt,L1P,L
A86F1A,N64200,BE58,BEECH 58 Baron,L2P,L
A8731A,N64323,,,,
A8741A,N644AC,PA34,PIPER PA-34 Seneca,L2P,L
A87E1A,N64611,C172,CESSNA 172 Skyhawk,L1P,L
A87F1A,N6469B,C152,CESSNA 152,L1P,L
A88B1A,N65HK,,,,
A8901A,N6507U,M20P,MOONEY M-20,L1P,L
A8921A,N651T,BE95,BEECH 95 Travel Air,L2P,L
A8941A,N6519X,C210,CESSNA 201 Centurion,L1P,L
A89B1A,N6536S,C150,CESSNA 150,L1P,L
A89F1A,N6548V,C72R,CESSNA 172R Cutlass RG,L1P,L
A8A21A,N6553M,S108,STINSON 108 Voyager,L1P,L
A8A41A,N656MC,T210,CESSNA T210 Turbo Centurion,L1P,L
A8A61A,N6565Q,,,,
A8AA1A,N6577T,C150,CESSNA 150,L1P,L
A8AB1A,N658GT,B762,BOEING 767-200,L2J,H
A8AE1A,N6589W,M7,MAULE M-7,L1P,L
A8B21A,N66CH,GLID,,L0-,-
A8B31A,N66NP,BE95,BEECH 95 Travel Air,L2P,L
A8BE1A,N66202,C180,CESSNA  180 Skywagon,L1P,L
A8BF1A,N6628C,T6,NORTH AMERICAN T-6 Texan,L1P,L
A8C71A,N665DC,ULAC,,L0-,-
A8CA1A,N6657A,C172,CESSNA 172 Skyhawk,L1P,L
A8CB1A,N666GA,AA5,AMERICAN AA-5 Tiger,L1P,L
A8CE1A,N6669D,BE95,BEECH 95 Travel Air,L2P,L
A8D11A,N66736,C150,CESSNA 150,L1P,L
A8D51A,N66859,PA31,PIPER PA-31-300/310/325/350/425,L2P,L
A8D91A,N6698B,C310,CESSNA 310,L2P,L
A8DA1A,N67HM,EXEC,ROTORWAY Exec,H1P,L
A8DB1A,N67TT,VENT,SCHEMPP-HIRTH Ventus,L1P,L
A8DE1A,N6700K,G164,GRUMMAN G-164 Ag-Cat,L1P,L
A8E31A,N6719Z,PA25,PIPER PA-25 Pawnee,L1P,L
A8E61A,N6724R,T210,CESSNA T210 Turbo Centurion,L1P,L
A8EA1A,N6736U,M20P,MOONEY M-20,L1P,L
A8ED1A,N6741L,PA18,PIPER PA-18 Super Cub,L1P,L
A8F11A,N6753P,PA24,PIPER PA-24 Comanche,L1P,L
A8F51A,N6765S,C150,CESSNA 150,L1P,L
A8FB1A,N678TA,BN2P,BRITTEN-NORMAN BN-2 Islander,L2P,L
A8FC1A,N6782M,S108,STINSON 108 Voyager,L1P,L
A8FD1A,N6789Y,BT36,BEECH B36TC Bonanza,L1P,L
A8FE1A,N679KT,BE58,BEECH 58 Baron,L2P,L
A90A1A,N6816B,T210,CESSNA T210 Turbo Centurion,L1P,L
A90E1A,N6828E,C175,CESSNA 175 Skylark,L1P,L
A92B1A,N690E,PAY3,PIPER PA-42-720 Cheyenne 3,L2T,L
A92E1A,N6907Y,AEST,AEROSTAR 600,L2P,L
A9391A,N6936W,P28A,PIPER PA-28-140/150/160/180,L1P,L
A93B1A,N694RS,LNC2,LANCAIR 200-320,L1P,L
A93C1A,N6941N,M20P,MOONEY M-20,L1P,L
A93D1A,N6948Z,PA25,PIPER PA-25 Pawnee,L1P,L
A93E1A,N695JJ,BE9L,BEECH 90 King Air,L2T,L
A9411A,N696BA,R66,ROBINSON R-66,H1T,L
A9471A,N6970L,C310,CESSNA 310,L2P,L
A9481A,N6977X,C172,CESSNA 172 Skyhawk,L1P,L
A94B1A,N6982P,PA24,PIPER PA-24 Comanche,L1P,L
A9501A,N7CM,BE36,BEECH 36 Bonanza,L1P,L
A9511A,N7NT,,,,
A9521A,N7YZ,C172,CESSNA 172 Skyhawk,L1P,L
A9531A,N70KD,RV6,VANS RV-6,L1P,L
A9541A,N70VK,,,,
A9581A,N70083,C185,CESSNA 185 Skywagon,L1P,L
A9591A,N701JN,CH70,ZENAIR CH-701 Stol,L1P,L
A95B1A,N7013V,M20P,MOONEY M-20,L1P,L
A9631A,N70371,J3,PIPER J-3 Cub,L1P,L
A9641A,N704HA,C150,CESSNA 150,L1P,L
A9671A,N70494,J3,PIPER J-3 Cub,L1P,L
A96E1A,N7066Z,PA25,PIPER PA-25 Pawnee,L1P,L
A96F1A,N707FP,AP22,AEROPRACT A-22,L1P,L
A9701A,N707RV,RV6,VANS RV-6,L1P,L
A9711A,N7071R,P28A,PIPER PA-28-140/150/160/180,L1P,L
A9721A,N70782,J3,PIPER J-3 Cub,L1P,L
A9731A,N708JM,FDCT,FLIGHT DESIGN CT,L1P,L
A9741A,N708UT,B350,BEECHCRAFT Super King Air 350,L2T,M
A9751A,N7083U,,,,
A9761A,N709BD,ULAC,,L0-,-
A97C1A,N710AN,CL60,BOMBARDIER CL-600 Challenger,L2J,M
A97D1A,N710LU,C172,CESSNA 172 Skyhawk,L1P,L
A9801A,N711DL,PA34,PIPER PA-34 Seneca,L2P,L
A9831A,N7117J,BE36,BEECH 36 Bonanza,L1P,L
A9841A,N712GJ,BE20,BEECH 200 Super King Air,L2T,M
A9861A,N7122A,R22,ROBINSON R-22 Mariner,H1P,L
A98A1A,N7134D,PA22,PIPER PA-22,L1P,L
A98E1A,N7146G,C172,CESSNA 172 Skyhawk,L1P,L
A9901A,N715RC,C82T,CESSNA TR182 Turbo Skylane RG,L1P,L
A9921A,N7158K,PA18,PIPER PA-18 Super Cub,L1P,L
A9951A,N7163B,SRAI,GREAT PLAINS Sonerai,L1P,L
A9961A,N717AM,LJ55,LEARJET 55,L2J,M
A9A11A,N7199L,BE65,BEECH 65 Queen Air,L2P,L
A9A21A,N72KF,C82T,CESSNA TR182 Turbo Skylane RG,L1P,L
A9A31A,N72VM,SA30,STOLP Starduster Too,L1P,L
A9A41A,N720FS,C421,CESSNA 421 Executive Commuter,L2P,L
A9A71A,N72085,L8,LUSCOMBE 8,L1P,L
A9A91A,N721UW,A319,AIRBUS A-319,L2J,M
A9AE1A,N72250,P337,CESSNA P337 Skymaster,L2P,L
A9B11A,N7230S,C182,CESSNA 182 Skylane,L1P,L
A9B21A,N72373,C140,CESSNA 140,L1P,L
A9B31A,N724HC,SBOY,INTERPLANE Skyboy,L1P,L
A9B41A,N724TJ,C172,CESSNA 172 Skyhawk,L1P,L
A9B61A,N72496,C120,CESSNA 120,L1P,L
A9B71A,N725LA,RV7,VANS RV-7,L1P,L
A9B91A,N7254Y,PA30,PIPER PA-30 Twin Comanche,L2P,L
A9D41A,N732SS,T210,CESSNA T210 Turbo Centurion,L1P,L
A9D51A,N7322C,BALL,,B0-,-
A9D61A,N7329P,PA24,PIPER PA-24 Comanche,L1P,L
A9D71A,N733KJ,C172,CESSNA 172 Skyhawk,L1P,L
A9D91A,N7334F,C172,CESSNA 172 Skyhawk,L1P,L
A9DA1A,N734CA,RV7,VANS RV-7,L1P,L
A9DD1A,N7346J,P28A,PIPER PA-28-140/150/160/180,L1P,L
A9E01A,N7351A,C172,CESSNA 172 Skyhawk,L1P,L
A9E51A,N737AP,S22T,CIRRUS SR-22T Turbo,L1P,L
A9E71A,N737XA,C172,CESSNA 172 Skyhawk,L1P,L
A9E81A,N7375G,C172,CESSNA 172 Skyhawk,L1P,L
A9E91A,N738DM,C172,CESSNA 172 Skyhawk,L1P,L
A9EA1A,N738PT,C172,CESSNA 172 Skyhawk,L1P,L
A9EC1A,N7387K,PA20,PIPER PA-20 Pacer,L1P,L
A9F11A,N74KH,GLID,,L0-,-
A9F41A,N740S,C337,CESSNA 337 Super Skymaster,L2P,L
A9FA1A,N742BJ,ST75,STEARMAN Kaydet,L1P,L
AA041A,N7442X,C172,CESSNA 172 Skyhawk,L1P,L
AA0A1A,N746PA,P28A,PIPER PA-28-140/150/160/180,L1P,L
AA0C1A,N74663,R44,ROBINSON R-44 Raven,H1P,L
AA0D1A,N747FT,RV4,VANS RV-4,L1P,L
AA0F1A,N7471V,P28A,PIPER PA-28-140/150/160/180,L1P,L
AA101A,N74786,M20P,MOONEY M-20,L1P,L
AA181A,N75EF,VENT,SCHEMPP-HIRTH Ventus,L1P,L
AA1F1A,N751PW,DRON,,D0-,-
AA211A,N7517N,BE35,BEECH 35 Starfire Bonanza,L1P,L
AA251A,N7529R,P28A,PIPER PA-28-140/150/160/180,L1P,L
AA291A,N754CC,LJ45,LEARJET 45,L2J,M
AA301A,N7558P,PA24,PIPER PA-24 Comanche,L1P,L
AA321A,N756UE,C182,CESSNA 182 Skylane,L1P,L
AA331A,N7563F,CH7A,BELLANCA 7 Champion,L1P,L
AA371A,N7575J,P28R,PIPER PA-28R-180/200/201,L1P,L
AA381A,N758DP,C172,CESSNA 172 Skyhawk,L1P,L
AA391A,N758PV,C172,CESSNA 172 Skyhawk,L1P,L
AA3C1A,N759GM,C182,CESSNA 182 Skylane,L1P,L
AA411A,N76VR,S76,SIKORSKY S-76 Spirit,H2T,L
AA441A,N7601Y,PA30,PIPER PA-30 Twin Comanche,L2P,L
AA461A,N761JU,T210,CESSNA T210 Turbo Centurion,L1P,L
AA4A1A,N762MS,GLF6,GULFSTREAM G650,L2J,M
AA4C1A,N76254,B738,BOEING 737-800,L2J,M
AA4D1A,N763EJ,ULAC,,L0-,-
AA501A,N76377,C120,CESSNA 120,L1P,L
AA541A,N765,AEST,AEROSTAR 600,L2P,L
AA571A,N76542,C120,CESSNA 120,L1P,L
AA5D1A,N767SA,DA42,DIAMOND DA-42 Guardian,L2P,L
AA631A,N769BK,SF50,CIRRUS SF-50 Vision,L1J,L
AA651A,N769XX,BE33,BEECH 33 Bonanza,L1P,L
AA6C1A,N7705M,M22,MOONEY M-22 Mustang,L1P,L
AA6D1A,N771DS,B738,BOEING 737-800,L2J,M
AA721A,N772SW,B737,BOEING 737-700,L2J,M
AA731A,N7722G,C172,CESSNA 172 Skyhawk,L1P,L
AA781A,N774CE,PA31,PIPER PA-31-300/310/325/350/425,L2P,L
AA7F1A,N7758R,BE36,BEECH 36 Bonanza,L1P,L
AA801A,N776JA,JAB4,JABIRU J200-450,L1P,L
AA821A,N7763H,PA12,PIPER PA-12 Super Cruiser,L1P,L
AA841A,N777LZ,DISC,SCHEMPP-HIRTH Discus,L1P,L
AA891A,N7780C,ULAC,,L0-,-
AA8E1A,N7799S,GLID,,L0-,-
AA8F1A,N78KM,BE35,BEECH 35 Starfire Bonanza,L1P,L
AA951A,N781JW,,,,
AA971A,N78133,C182,CESSNA 182 Skylane,L1P,L
AA9A1A,N782Y,BE23,BEECH 23 Sundowner,L1P,L
AA9B1A,N78256,GC1,GLOBE Swift,L1P,L
AA9D1A,N783QS,CL35,BOMBARDIER BD-100 Challenger 350,L2J,M
AA9E1A,N7830Y,PA30,PIPER PA-30 Twin Comanche,L2P,L
AA9F1A,N78379,AC50,NORTH AMERICAN ROCKWELL Commander 500,L2P,L
AAA31A,N785AA,BE35,BEECH 35 Starfire Bonanza,L1P,L
AAA41A,N785LG,DRON,,D0-,-
AAAA1A,N78667,PA11,PIPER PA-11 Cub Special,L1P,L
AAAC1A,N787SC,BE50,BEECH 50 Excalibur,L2P,L
AAAE1A,N7879,GLID,,L0-,-
AAB21A,N789BM,GLST,GLASAIR SH-4 GlaStar,L1P,L
AAB51A,N78955,M20P,MOONEY M-20,L1P,L
AABD1A,N791Q,BE55,BEECH 55 Baron,L2P,L
AABF1A,N7917S,CH7B,BELLANCA 7 Citabria,L1P,L
AAC31A,N7929V,C180,CESSNA  180 Skywagon,L1P,L
AACB1A,N795FE,C208,CESSNA 208 Caravan,L1T,L
AACD1A,N7951G,SR20,CIRRUS SR-20,L1P,L
AAD21A,N797AV,B789,BOEING 787-9 Dreamliner,L2J,H
AAD31A,N797MA,PA46,PIPER PA-46-310/350,L1P,L
AAD51A,N7975N,P28A,PIPER PA-28-140/150/160/180,L1P,L
AAD81A,N7980E,C150,CESSNA 150,L1P,L
AAD91A,N7987R,BE35,BEECH 35 Starfire Bonanza,L1P,L
AADE1A,N8KP,SR22,CIRRUS SR-22,L1P,L
AAE01A,N80G,LNC2,LANCAIR 200-320,L1P,L
AAE11A,N80SF,GLID,,L0-,-
AAE21A,N800CL,H25B,HAWKER BEECHCRAFT Hawker 750/850,L2J,M
AAE31A,N800NS,BALL,,B0-,-
AAE81A,N8011L,C172,CESSNA 172 Skyhawk,L1P,L
AAEC1A,N8023P,PA24,PIPER PA-24 Comanche,L1P,L
AAF01A,N8035S,C150,CESSNA 150,L1P,L
AAF71A,N8052M,T210,CESSNA T210 Turbo Centurion,L1P,L
AAF81A,N8059Y,,,,
AAFF1A,N8076T,C175,CESSNA 175 Skylark,L1P,L
AB021A,N8081K,G164,GRUMMAN G-164 Ag-Cat,L1P,L
AB061A,N8093N,P28A,PIPER PA-28-140/150/160/180,L1P,L
AB081A,N81MD,PA30,PIPER PA-30 Twin Comanche,L2P,L
AB0B1A,N810TW,WACO,WACO E/O,L1P,L
AB101A,N8115,,,,
AB121A,N812PL,C182,CESSNA 182 Skylane,L1P,L
AB161A,N813SJ,BALL,,B0-,-
AB171A,N81315,AA5,AMERICAN AA-5 Tiger,L1P,L
AB181A,N8139F,P32R,PIPER PA-32R-300/301/301T,L1P,L
AB1F1A,N8156A,C170,CESSNA 170,L1P,L
AB251A,N817TV,C680,CESSNA 680 Citation Sovereign,L2J,M
AB261A,N81726,P28R,PIPER PA-28R-180/200/201,L1P,L
AB271A,N818AF,CL60,BOMBARDIER CL-600 Challenger,L2J,M
AB281A,N818LM,S22T,CIRRUS SR-22T Turbo,L1P,L
AB291A,N818WT,,,,
AB2F1A,N82GB,C340,CESSNA 340 Super,L2P,L
AB301A,N82SH,UH12,HILLER UH-12,H1P,L
AB331A,N820Z,,,,
AB341A,N8206W,P28A,PIPER PA-28-140/150/160/180,L1P,L
AB351A,N821FL,CRJ2,BOMBARDIER Regional Jet CRJ-200,L2J,M
AB361A,N821RS,R44,ROBINSON R-44 Raven,H1P,L
AB381A,N8218Z,P28A,PIPER PA-28-140/150/160/180,L1P,L
AB391A,N822JJ,S22T,CIRRUS SR-22T Turbo,L1P,L
AB3B1A,N8223R,BL17,BELLANCA 17 Viking,L1P,L
AB3C1A,N823BA,A5,ICON A-5,A1P,L
AB3D1A,N823MG,PA32,PIPER PA-32,L1P,L
AB421A,N8240L,C172,CESSNA 172 Skyhawk,L1P,L
AB431A,N8247X,C172,CESSNA 172 Skyhawk,L1P,L
AB461A,N8252P,PA18,PIPER PA-18 Super Cub,L1P,L
AB471A,N82590,CH7A,BELLANCA 7 Champion,L1P,L
AB4B1A,N827CM,P46T,PIPER PA-46-500TP,L1T,L
AB4D1A,N827YZ,S22T,CIRRUS SR-22T Turbo,L1P,L
AB4E1A,N8276V,P28A,PIPER PA-28-140/150/160/180,L1P,L
AB501A,N828RR,SR22,CIRRUS SR-22,L1P,L
AB541A,N829UP,B350,BEECHCRAFT Super King Air 350,L2T,M
AB551A,N8293Q,T206,CESSNA T206 Turbo Stationair,L1P,L
AB571A,N83MF,M20P,MOONEY M-20,L1P,L
AB5F1A,N8315B,P28R,PIPER PA-28R-180/200/201,L1P,L
AB661A,N83317,CH7A,BELLANCA 7 Champion,L1P,L
AB681A,N834KC,DA40,DIAMOND DA-40 Club Star,L1P,L
AB711A,N83605,CH7A,BELLANCA 7 Champion,L1P,L
AB7D1A,N8397D,BE35,BEECH 35 Starfire Bonanza,L1P,L
AB7F1A,N84SK,GLAS,Glasair,L1P,L
AB831A,N8406Y,PA30,PIPER PA-30 Twin Comanche,L2P,L
AB871A,N84181,CH7A,BELLANCA 7 Champion,L1P,L
AB8B1A,N843BC,BE20,BEECH 200 Super King Air,L2T,M
AB921A,N8447Z,C210,CESSNA 201 Centurion,L1P,L
AB9A1A,N847CP,P46T,PIPER PA-46-500TP,L1T,L
ABA01A,N8481P,PA24,PIPER PA-24 Comanche,L1P,L
ABA11A,N84880,CH7A,BELLANCA 7 Champion,L1P,L
ABA41A,N8493S,H25B,HAWKER BEECHCRAFT Hawker 750/850,L2J,M
ABA51A,N85BB,BE36,BEECH 36 Bonanza,L1P,L
ABA61A,N85MH,,,,
ABA71A,N85XP,BE20,BEECH 200 Super King Air,L2T,M
ABA91A,N850U,TBM7,SOCATA TBM-700A/B/C,L1T,L
ABAA1A,N8503A,B738,BOEING 737-800,L2J,M
ABAB1A,N851AL,AS50,AEROSPATIALE AS-350 Ecureuil,H1T,L
ABAC1A,N851LS,DRON,,D0-,-
ABB21A,N8527G,C150,CESSNA 150,L1P,L
ABB91A,N8544B,C172,CESSNA 172 Skyhawk,L1P,L
ABBB1A,N855NC,LJ55,LEARJET 55,L2J,M
ABC01A,N85607,CH7A,BELLANCA 7 Champion,L1P,L
ABC11A,N8568H,NAVI,NORTH AMERICAN Navion,L1P,L
ABC41A,N8573,WACO,WACO E/O,L1P,L
ABCE1A,N86SM,LGEZ,RUTAN Long-EZ,L1P,L
ABD21A,N86060,AR11,AERONCA 11 Chief,L1P,L
ABD41A,N861RW,E170,EMBRAER ERJ-170-100,L2J,M
ABD61A,N86183,EN28,ENSTROM F-28,H1P,L
ABE41A,N8652T,C182,CESSNA 182 Skylane,L1P,L
ABE51A,N86594,CH7A,BELLANCA 7 Champion,L1P,L
ABE81A,N8664W,P28B,PIPER PA-28-201T/235/236,L1P,L
ABF31A,N8693U,C172,CESSNA 172 Skyhawk,L1P,L
ABF41A,N87BD,DISC,SCHEMPP-HIRTH Discus,L1P,L
ABF51A,N87MK,C421,CESSNA 421 Executive Commuter,L2P,L
ABF81A,N870UB,A319,AIRBUS A-319,L2J,M
ABFA1A,N871AN,BE58,BEECH 58 Baron,L2P,L
AC101A,N8768K,PA32,PIPER PA-32,L1P,L
AC121A,N877UA,A319,AIRBUS A-319,L2J,M
AC1B1A,N8797H,NAVI,NORTH AMERICAN Navion,L1P,L
AC1C1A,N88GH,KR2,RAND KR-2,L1P,L
AC1F1A,N880P,C56X,CESSNA 560XL Citation XLS,L2J,M
AC221A,N881FS,GLF5,GULFSTREAM 5,L2J,M
AC241A,N8811U,C172,CESSNA 172 Skyhawk,L1P,L
AC2C1A,N88350,CH7B,BELLANCA 7 Citabria,L1P,L
AC301A,N88473,CH7B,BELLANCA 7 Citabria,L1P,L
AC331A,N8852V,BL17,BELLANCA 17 Viking,L1P,L
AC371A,N8864Y,PA30,PIPER PA-30 Twin Comanche,L2P,L
AC3C1A,N888FR,GLF4,GULFSTREAM 4,L2J,M
AC3D1A,N888RX,RV8,VANS RV-8,L1P,L
AC401A,N889JP,S22T,CIRRUS SR-22T Turbo,L1P,L
AC4C1A,N8915H,NAVI,NORTH AMERICAN Navion,L1P,L
AC4D1A,N892DN,B739,BOEING 737-900,L2J,M
AC531A,N8932C,CRJ2,BOMBARDIER Regional Jet CRJ-200,L2J,M
AC571A,N8944F,H269,HUGHES Sky Knight,H1P,L
AC581A,N895CA,E550,EMBRAER EMB-550 Praetor 600,L2J,M
AC5B1A,N8956J,P28A,PIPER PA-28-140/150/160/180,L1P,L
AC5E1A,N8961A,BE35,BEECH 35 Starfire Bonanza,L1P,L
AC5F1A,N8968M,BE35,BEECH 35 Starfire Bonanza,L1P,L
AC621A,N8973D,PA18,PIPER PA-18 Super Cub,L1P,L
AC6C1A,N9SR,C240,CESSNA 240 Corvalis TTx,L1P,L
AC6D1A,N90CW,HDJT,HONDA HondaJet,L2J,L
AC6E1A,N90PB,BE20,BEECH 200 Super King Air,L2T,M
AC721A,N9004K,S108,STINSON 108 Voyager,L1P,L
AC731A,N901CE,ERCO,AIR PRODUCTS F-1 Aircoupe,L1P,L
AC761A,N9016N,L39,LET L-39 Albatros,L1J,L
AC771A,N902FC,P28A,PIPER PA-28-140/150/160/180,L1P,L
AC791A,N9021E,AR11,AERONCA 11 Chief,L1P,L
AC7D1A,N9033H,PARA,,P0-,-
AC7E1A,N904AT,BE36,BEECH 36 Bonanza,L1P,L
AC811A,N9045L,CH7A,BELLANCA 7 Champion,L1P,L
AC841A,N9050C,,,,
AC851A,N9057P,PA24,PIPER PA-24 Comanche,L1P,L
AC891A,N9069S,BALL,,B0-,-
AC8C1A,N9074J,P28A,PIPER PA-28-140/150/160/180,L1P,L
AC8D1A,N908CD,SR20,CIRRUS SR-20,L1P,L
AC8E1A,N908NK,A20N,AIRBUS A-320neo,L2J,M
AC901A,N9086M,,,,
AC911A,N909FB,,,,
AC931A,N9091D,PA18,PIPER PA-18 Super Cub,L1P,L
AC941A,N9098Q,BE58,BEECH 58 Baron,L2P,L
AC951A,N91J,TOOT,MEYER Little Toot,L1P,L
AC981A,N910QS,C680,CESSNA 680 Citation Sovereign,L2J,M
AC9A1A,N91079,P28A,PIPER PA-28-140/150/160/180,L1P,L
AC9D1A,N91121,C182,CESSNA 182 Skylane,L1P,L
AC9E1A,N912AA,C185,CESSNA 185 Skywagon,L1P,L
AC9F1A,N912LG,PULS,Pulsar,L1P,L
ACA01A,N912WN,B737,BOEING 737-700,L2J,M
ACA11A,N91244,PA18,PIPER PA-18 Super Cub,L1P,L
ACA61A,N914FX,AT43,ATR-42-300,L2T,M
ACAC1A,N91532,NAVI,NORTH AMERICAN Navion,L1P,L
ACAD1A,N916BM,YK52,YAKOVLEV Yak-52,L1P,L
ACAE1A,N916MT,BE95,BEECH 95 Travel Air,L2P,L
ACB01A,N91655,NAVI,NORTH AMERICAN Navion,L1P,L
ACB31A,N9170X,PA46,PIPER PA-46-310/350,L1P,L
ACB41A,N91778,,,,
ACB61A,N918TP,C82T,CESSNA TR182 Turbo Skylane RG,L1P,L
ACB81A,N919A,PA22,PIPER PA-22,L1P,L
ACB91A,N919LF,AA5,AMERICAN AA-5 Tiger,L1P,L
ACBB1A,N91943,J3,PIPER J-3 Cub,L1P,L
ACC11A,N9204M,M20P,MOONEY M-20,L1P,L
ACC21A,N921CG,C56X,CESSNA 560XL Citation XLS,L2J,M
ACC31A,N921NN,B738,BOEING 737-800,L2J,M
ACC51A,N9216Q,BE35,BEECH 35 Starfire Bonanza,L1P,L
ACC61A,N922FE,C208,CESSNA 208 Caravan,L1T,L
ACC91A,N9228T,PARA,,P0-,-
ACCE1A,N924MA,DHC6,DE HAVILLAND DHC-6 Twin Otter,L2T,L
ACD11A,N925DT,E55P,EMBRAER EMB-505 Phenom 300,L2J,M
ACD41A,N9257R,,,,
ACD61A,N926SX,SONX,SONEX AIRCRAFT Sonex,L1P,L
ACD71A,N9262H,C172,CESSNA 172 Skyhawk,L1P,L
ACE01A,N929FD,BE9L,BEECH 90 King Air,L2T,L
ACE21A,N9291F,H269,HUGHES Sky Knight,H1P,L
ACE31A,N9298S,BE23,BEECH 23 Sundowner,L1P,L
ACE41A,N93JB,,,,
ACE61A,N930EN,GLEX,BOMBARDIER BD-700 Global 6000/6500,L2J,M
ACED1A,N932AC,COL4,CESSNA 400 Corvalis TT,L1P,L
ACEE1A,N932LJ,BALL,,B0-,-
ACF01A,N93246,SKYR,REARWIN Skyranger,L1P,L
ACF11A,N933DA,DV20,DIAMOND DA-20,L1P,L
AD001A,N937EM,DRON,,D0-,-
AD021A,N9370Z,BE18,BEECH 18 Expetitor,L2P,L
AD071A,N939AB,CH7A,BELLANCA 7 Champion,L1P,L
AD081A,N939LH,PA44,PIPER PA-44 Seminole,L2P,L
AD0B1A,N94D,P32R,PIPER PA-32R-300/301/301T,L1P,L
AD141A,N9416S,BE95,BEECH 95 Travel Air,L2P,L
AD171A,N9421J,P28A,PIPER PA-28-140/150/160/180,L1P,L
AD1B1A,N9433M,C210,CESSNA 201 Centurion,L1P,L
AD231A,N9457T,C82S,CESSNA T182 Turbo Skylane,L1P,L
AD2A1A,N9474N,P28R,PIPER PA-28R-180/200/201,L1P,L
AD2B1A,N948CH,H47,BOEING-VERTOL CH-47 Chinook,H2T,M
AD2E1A,N9486R,C188,CESSNA 188 AgTruck,L1P,L
AD2F1A,N949FF,GLF5,GULFSTREAM 5,L2J,M
AD311A,N9491H,ST75,STEARMAN Kaydet,L1P,L
AD331A,N95JD,WACF,WACO F,L1P,L
AD401A,N953DC,B739,BOEING 737-900,L2J,M
AD441A,N954GA,GA6C,GULFSTREAM G600,L2J,M
AD451A,N954SG,FA50,DASSAULT Falcon 50,L3J,M
AD461A,N95413,P28A,PIPER PA-28-140/150/160/180,L1P,L
AD4E1A,N95659,C182,CESSNA 182 Skylane,L1P,L
AD511A,N95701,TAYB,TAYLORCRAFT BC/BF/BL,L1P,L
AD521A,N9578B,C72R,CESSNA 172R Cutlass RG,L1P,L
AD561A,N959AD,A4,DOUGLAS A-4 Skyhawk,L1J,M
AD5A1A,N96DB,BE35,BEECH 35 Starfire Bonanza,L1P,L
AD5F1A,N9604R,BE18,BEECH 18 Expetitor,L2P,L
AD601A,N961CL,R22,ROBINSON R-22 Mariner,H1P,L
AD661A,N9621L,AA1,AMERICAN AA-1,L1P,L
AD711A,N9650J,P28A,PIPER PA-28-140/150/160/180,L1P,L
AD721A,N9657V,C172,CESSNA 172 Skyhawk,L1P,L
AD731A,N966GV,P06T,TECNAM P-2006T,L2P,L
AD761A,N9669Y,BE95,BEECH 95 Travel Air,L2P,L
AD7F1A,N969RP,M20P,MOONEY M-20,L1P,L
AD811A,N9698W,P28A,PIPER PA-28-140/150/160/180,L1P,L
AD821A,N97JF,P750,PACIFIC AEROSPACE P-750 XStol,L1T,L
AD841A,N970ES,GLST,GLASAIR SH-4 GlaStar,L1P,L
AD861A,N97004,C182,CESSNA 182 Skylane,L1P,L
AD891A,N971TW,MD83,MCDONNELL-DOUGLAS MD-83,L2J,M
AD8A1A,N97127,C182,CESSNA 182 Skylane,L1P,L
AD921A,N9737C,UH12,HILLER UH-12,H1P,L
AD951A,N97415,S108,STINSON 108 Voyager,L1P,L
AD971A,N975KA,BE30,BEECH 300 Super King Air,L2T,L
AD991A,N97538,S108,STINSON 108 Voyager,L1P,L
AD9E1A,N977ER,SR22,CIRRUS SR-22,L1P,L
ADA01A,N97703,S108,STINSON 108 Voyager,L1P,L
ADA21A,N978HP,AS50,AEROSPATIALE AS-350 Ecureuil,H1T,L
ADA41A,N97826,C208,CESSNA 208 Caravan,L1T,L
ADA51A,N979AF,P32R,PIPER PA-32R-300/301/301T,L1P,L
ADA91A,N98DD,C182,CESSNA 182 Skylane,L1P,L
ADAA1A,N98PK,PA18,PIPER PA-18 Super Cub,L1P,L
ADAE1A,N9804T,C172,CESSNA 172 Skyhawk,L1P,L
ADB01A,N981NU,DRON,,D0-,-
ADB31A,N982FL,B350,BEECHCRAFT Super King Air 350,L2T,M
ADB91A,N9833R,BE35,BEECH 35 Starfire Bonanza,L1P,L
ADBD1A,N9845U,AA5,AMERICAN AA-5 Tiger,L1P,L
ADC91A,N988CM,P337,CESSNA P337 Skymaster,L2P,L
ADCC1A,N9886V,C172,CESSNA 172 Skyhawk,L1P,L
ADCE1A,N989RR,BE30,BEECH 300 Super King Air,L2T,L
ADD61A,N9908G,C150,CESSNA 150,L1P,L
ADD91A,N99129,ERCO,AIR PRODUCTS F-1 Aircoupe,L1P,L
ADDC1A,N992WW,C72R,CESSNA 172R Cutlass RG,L1P,L
ADDD1A,N9925B,C182,CESSNA 182 Skylane,L1P,L
ADDE1A,N993DG,RV8,VANS RV-8,L1P,L
ADE11A,N9937E,C172,CESSNA 172 Skyhawk,L1P,L
ADE71A,N995VJ,SF50,CIRRUS SF-50 Vision,L1J,L
ADE91A,N996BV,DRON,,D0-,-
ADEC1A,N9966C,DG40,DG FLUGZEUGBAU DG-400,L1P,L
ADEF1A,N99705,ERCO,AIR PRODUCTS F-1 Aircoupe,L1P,L
ADF01A,N9978F,C72R,CESSNA 172R Cutlass RG,L1P,L
ADF21A,N998TX,C750,CESSNA 750 Citation 10,L2J,M
ADF31A,N99828,ERCO,AIR PRODUCTS F-1 Aircoupe,L1P,L
ADF41A,N999AH,GLF4,GULFSTREAM 4,L2J,M
ADF61A,N999WV,C208,CESSNA 208 Caravan,L1T,L
ADFE1A,1714,C130,LOCKHEED C-130 Hercules,L4T,M
AE001A,66-4335,T38,NORTHROP T-38 Talon,L2J,L
AE021A,84-0186,DC10,MCDONNELL DOUGLAS DC-10,L3J,H
AE041A,164408,E6,BOEING E-6 Mercury,L4J,H
AE051A,68-0213,C5M,LOCKHEED C-5 Super Galaxy,L4J,H
AE061A,65-0978,C130,LOCKHEED C-130 Hercules,L4T,M
AE0A1A,89-26192,H60,SIKORSKY UH-60 Black Hawk,H2T,M
AE0E1A,89-26129,H60,SIKORSKY UH-60 Black Hawk,H2T,M
AE111A,02-3638,TEX2,BEECHCRAFT T-6 Texan 2,L1T,L
AE141A,05-3803,TEX2,BEECHCRAFT T-6 Texan 2,L1T,L
AE151A,166377,GLF5,GULFSTREAM 5,L2J,M
AE201A,12-72267,EC45,AIRBUS HELICOPTERS EC-145,H2T,L
AE291A,6043,H60,SIKORSKY UH-60 Black Hawk,H2T,M
AE2F1A,168265,F18S,BOEING FA-18 SUPER HORNET,L2J,M
AE481A,07-20077,H60,SIKORSKY UH-60 Black Hawk,H2T,M
AE4A1A,166145,TEX2,BEECHCRAFT T-6 Texan 2,L1T,L
AE4E1A,11-5729,C30J,LOCKHEED MARTIN C-130J Super Hercules,L4T,M
AE511A,10-20304,H60,SIKORSKY UH-60 Black Hawk,H2T,M
AE531A,12-08881,H47,BOEING-VERTOL CH-47 Chinook,H2T,M
AE541A,09-2039,Q4,NORTHROP GRUMMAN RQ-4 Global Hawk,L1J,M
AE571A,169036,B737,BOEING 737-700,L2J,M
AE5A1A,16-08224,H47,BOEING-VERTOL CH-47 Chinook,H2T,M
AE5D1A,162513,H53,SIKORSKY CH-53,H2T,M
AE5F1A,16-00397,DH8C,DE HAVILLAND DHC-8-300 Dash 8,L2T,M
AE601A,17-20939,H60,SIKORSKY UH-60 Black Hawk,H2T,M
AE621A,18-21014,H60,SIKORSKY UH-60 Black Hawk,H2T,M
AE6A1A,20-21104,H60,SIKORSKY UH-60 Black Hawk,H2T,M
C0001A,C-FAAZ,AEST,AEROSTAR 600,L2P,L
C0011A,C-FAKV,C208,CESSNA 208 Caravan,L1T,L
C0031A,C-FBEN,D11,JODEL D-11x/12x,L1P,L
C0041A,C-FBOJ,ULAC,,L0-,-
C0051A,C-FBYF,PA22,PIPER PA-22,L1P,L
C0061A,C-FCIB,CL60,BOMBARDIER CL-600 Challenger,L2J,M
C0081A,C-FDBT,C172,CESSNA 172 Skyhawk,L1P,L
C00A1A,C-FDVL,,,,
C00C1A,C-FEPD,BE35,BEECH 35 Starfire Bonanza,L1P,L
C00D1A,C-FEYZ,DA40,DIAMOND DA-40 Club Star,L1P,L
C00E1A,C-FFIV,PA12,PIPER PA-12 Super Cruiser,L1P,L
C00F1A,C-FFSR,PA18,PIPER PA-18 Super Cub,L1P,L
C0101A,C-FGCN,B733,BOEING 737-300,L2J,M
C0111A,C-FGMJ,C180,CESSNA  180 Skywagon,L1P,L
C0131A,C-FHGB,D11,JODEL D-11x/12x,L1P,L
C0141A,C-FHPX,C170,CESSNA 170,L1P,L
C0151A,C-FHZT,BALL,,B0-,-
C0161A,C-FIJP,PA18,PIPER PA-18 Super Cub,L1P,L
C0181A,C-FJDH,C180,CESSNA  180 Skywagon,L1P,L
C0191A,C-FJND,GLID,,L0-,-
C01D1A,C-FLAN,AS50,AEROSPATIALE AS-350 Ecureuil,H1T,L
C01E1A,C-FLKJ,B38M,BOEING 737 MAX 8,L2J,M
C01F1A,C-FLUF,ULAC,,L0-,-
C0201A,C-FMEB,PA24,PIPER PA-24 Comanche,L1P,L
C0211A,C-FMNX,SONX,SONEX AIRCRAFT Sonex,L1P,L
C0221A,C-FMXT,PA11,PIPER PA-11 Cub Special,L1P,L
C0231A,C-FNHP,BALL,,B0-,-
C0241A,C-FNRL,,,,
C0261A,C-FOLD,C180,CESSNA  180 Skywagon,L1P,L
C0271A,C-FOUZ,C180,CESSNA  180 Skywagon,L1P,L
C0281A,C-FPEV,,,,
C0291A,C-FPOR,P28A,PIPER PA-28-140/150/160/180,L1P,L
C02A1A,C-FPYN,ZZZZ,,-0-,-
C02D1A,C-FRCB,ZZZZ,,-0-,-
C02F1A,C-FRVT,RV6,VANS RV-6,L1P,L
C0311A,C-FSPL,,,,
C0321A,C-FSZH,,,,
C0331A,C-FTJD,LA4,LAKE LA-4/200,A1P,L
C0341A,C-FTSZ,P28A,PIPER PA-28-140/150/160/180,L1P,L
C0371A,C-FUWN,C172,CESSNA 172 Skyhawk,L1P,L
C0381A,C-FVGJ,C172,CESSNA 172 Skyhawk,L1P,L
C0391A,C-FVQF,J4,PIPER J-4 Cub Coupe,L1P,L
C03A1A,C-FWAB,EXEC,ROTORWAY Exec,H1P,L
C03D1A,C-FXDP,WW24,IAI 1124 Westwind,L2J,M
C03E1A,C-FXNL,,,,
C03F1A,C-FXXH,,,,
C0401A,C-FYHD,UH1,BELL UH-1 Huey,H1T,L
C0421A,C-FZAV,GYRO,,G0-,-
C0431A,C-FZKR,C140,CESSNA 140,L1P,L
C0441A,C-FZUN,C172,CESSNA 172 Skyhawk,L1P,L
C0451A,C-GAEJ,R44,ROBINSON R-44 Raven,H1P,L
C0481A,C-GBHX,C172,CESSNA 172 Skyhawk,L1P,L
C0491A,C-GBRT,CH70,ZENAIR CH-701 Stol,L1P,L
C04A1A,C-GCBP,CH7A,BELLANCA 7 Champion,L1P,L
C04B1A,C-GCLL,GLID,,L0-,-
C04C1A,C-GCVH,NAVI,NORTH AMERICAN Navion,L1P,L
C04D1A,C-GDFD,AR11,AERONCA 11 Chief,L1P,L
C04F1A,C-GDYV,J3,PIPER J-3 Cub,L1P,L
C0511A,C-GESN,,,,
C0521A,C-GFCJ,C185,CESSNA 185 Skywagon,L1P,L
C0531A,C-GFMF,GLID,,L0-,-
C0541A,C-GFWB,,,,
C0551A,C-GGFX,C152,CESSNA 152,L1P,L
C0561A,C-GGPT,RV4,VANS RV-4,L1P,L
C0581A,C-GHJL,S76,SIKORSKY S-76 Spirit,H2T,L
C05A1A,C-GIDD,C172,CESSNA 172 Skyhawk,L1P,L
C05C1A,C-GIWV,,,,
C05D1A,C-GJGR,BE23,BEECH 23 Sundowner,L1P,L
C05E1A,C-GJQN,S61,SIKORSKY S-61 Sea King,H2T,M
C05F1A,C-GKAJ,BE10,BEECH 100 King Air,L2T,L
C0611A,C-GKUB,J3,PIPER J-3 Cub,L1P,L
C0621A,C-GLDX,C208,CESSNA 208 Caravan,L1T,L
C0641A,C-GLXP,C172,CESSNA 172 Skyhawk,L1P,L
C0651A,C-GMHL,R66,ROBINSON R-66,H1T,L
C0661A,C-GMRH,,,,
C0671A,C-GNBD,TTWO,PARKER Teenie Two,L1P,L
C0681A,C-GNKZ,,,,
C0691A,C-GNUV,CAMP,GREGA GN-1 Aircamper,L1P,L
C06A1A,C-GOER,ULAC,,L0-,-
C06B1A,C-GOON,GLID,,L0-,-
C06C1A,C-GOYJ,C172,CESSNA 172 Skyhawk,L1P,L
C0711A,C-GQVP,PA31,PIPER PA-31-300/310/325/350/425,L2P,L
C0721A,C-GRFL,C340,CESSNA 340 Super,L2P,L
C0731A,C-GRPH,M20P,MOONEY M-20,L1P,L
C0741A,C-GRZD,C172,CESSNA 172 Skyhawk,L1P,L
C0751A,C-GSIZ,P28R,PIPER PA-28R-180/200/201,L1P,L
C0761A,C-GSSV,BL8,BELLANCA 8 Decathlon,L1P,L
C0771A,C-GTCR,,,,
C0781A,C-GTMN,P46T,PIPER PA-46-500TP,L1T,L
C0791A,C-GTWJ,,,,
C07A1A,C-GUGF,C180,CESSNA  180 Skywagon,L1P,L
C07B1A,C-GUQB,C150,CESSNA 150,L1P,L
C07D1A,C-GVJT,C560,CESSNA 560 Citation Ultra,L2J,M
C07E1A,C-GVTP,P28A,PIPER PA-28-140/150/160/180,L1P,L
C07F1A,C-GWDL,,,,
C0801A,C-GWNH,,,,
C0811A,C-GWXD,F27,FOKKER F-27,L2T,M
C0831A,C-GXQV,C185,CESSNA 185 Skywagon,L1P,L
C0841A,C-GYAR,C172,CESSNA 172 Skyhawk,L1P,L
C0861A,C-GYUJ,C172,CESSNA 172 Skyhawk,L1P,L
C0871A,C-GZEF,LGEZ,RUTAN Long-EZ,L1P,L
C0881A,C-GZOB,CAMP,GREGA GN-1 Aircamper,L1P,L
C0891A,C-GZXX,TAYA,TAYLORCRAFT A,L1P,L
C08A1A,C-IAHT,ULAC,,L0-,-
C08B1A,C-IARP,ULAC,,L0-,-
C08C1A,C-IBBL,ULAC,,L0-,-
C08E1A,C-IBVD,BEVR,ASAP Beaver,L1P,L
C08F1A,C-ICEZ,PARA,,P0-,-
C0901A,C-ICOV,CHIN,ASAP Chinook,L1P,L
C0911A,C-ICYR,,,,
C0921A,C-IDIN,ULAC,,L0-,-
C0931A,C-IDSJ,ULAC,,L0-,-
C0941A,C-IECF,ULAC,,L0-,-
C0951A,C-IEMB,,,,
C0961A,C-IEVX,ULAC,,L0-,-
C0971A,C-IFFT,PARA,,P0-,-
C0981A,C-IFPP,PARA,,P0-,-
C09A1A,C-IGJH,STRM,SG AVIATION Storm,L1P,L
C09B1A,C-IGTD,,,,
C09C1A,C-IHCZ,NDIC,NORMAN Nordic,L1P,L
C09D1A,C-IHMV,ULAC,,L0-,-
C0A11A,C-IJAF,PARA,,P0-,-
C0A21A,C-IJKB,PARA,,P0-,-
C0A31A,C-IJTX,CTAH,RAINBOW SKYREACH Cheetah,L1P,L
C0A41A,C-IKDT,PARA,,P0-,-
C0A51A,C-IKNP,PARA,,P0-,-
C0A61A,C-IKXL,PARA,,P0-,-
C0A71A,C-ILHH,PARA,,P0-,-
C0A91A,C-IMAZ,,,,
C0AD1A,C-INOJ,CH60,ZENAIR CH-600 Zodiac,L1P,L
C0B91A,C-ISCN,,,,
C1E41A,SERV,SERV,,V0-,-
C1E51A,SERV,SERV,,V0-,-
C8021A,ZK-CTW,ZZZZ,,-0-,-
C8041A,ZK-EJN,D11,JODEL D-11x/12x,L1P,L
C8061A,ZK-FMA,C185,CESSNA 185 Skywagon,L1P,L
C80A1A,ZK-JAM,CJ1,CORBY CJ-1 Starlet,L1P,L
C80D1A,ZK-TEX,BE18,BEECH 18 Expetitor,L2P,L
C8131A,ZK-HTE,R22,ROBINSON R-22 Mariner,H1P,L
C8181A,ZK-JOQ,ZZZZ,,-0-,-
C8191A,ZK-OFC,C182,CESSNA 182 Skylane,L1P,L
C81A1A,ZK-GHW,DISC,SCHEMPP-HIRTH Discus,L1P,L
C81B1A,ZK-IRJ,B06,BELL 206 JetRanger,H1T,L
C81D1A,ZK-IWM,B06,BELL 206 JetRanger,H1T,L
C8201A,ZK-IJH,B06,BELL 206 JetRanger,H1T,L
C8221A,ZK-OXI,A320,AIRBUS A-320,L2J,M
C8231A,ZK-SLW,GA8,GIPPSAERO GA-8 Airvan,L1P,L
C8271A,ZK-CIY,SF34,SAAB 340,L2T,M
C8281A,ZK-SRP,CH60,ZENAIR CH-600 Zodiac,L1P,L
C87F1A,NZ3405,A109,AGUSTA AW-109 Grand,H2T,L
C8801A,DQ-FJV,A332,AIRBUS A-330-200,L2J,H
E0311A,LV-CDZ,E190,EMBRAER ERJ-190-100,L2J,M
E0921A,LV-IHZ,C206,CESSNA  206 Stationair,L1P,L
E0A31A,LV-JLZ,AC68,AERO Commander 680,L2P,L
E0A61A,LV-JXZ,PA25,PIPER PA-25 Pawnee,L1P,L
E0C51A,LV-LTZ,BALL,,B0-,-
E0C61A,LV-LXZ,P28A,PIPER PA-28-140/150/160/180,L1P,L
E0D11A,LV-MDZ,C172,CESSNA 172 Skyhawk,L1P,L
E1221A,LV-RHZ,L8,LUSCOMBE 8,L1P,L
E1731A,LV-WLZ,BALL,,B0-,-
E4841A,PR-IHP,C208,CESSNA 208 Caravan,L1T,L
E4851A,PT-TMC,A319,AIRBUS A-319,L2J,M
E48C1A,PR-SEO,A139,AGUSTA AW-139,H2T,L
E48D1A,PP-JFZ,H25B,HAWKER BEECHCRAFT Hawker 750/850,L2J,M
E48E1A,PR-AEN,C182,CESSNA 182 Skylane,L1P,L
E4911A,PP-XVP,RV10,VANS RV-10,L1P,L
E4971A,PT-LPD,BE9L,BEECH 90 King Air,L2T,L
E4981A,PS-RJS,BE9L,BEECH 90 King Air,L2T,L
E4991A,PS-LSS,BE20,BEECH 200 Super King Air,L2T,M
E8021A,CC-CXD,B763,BOEING 767-300,L2J,H
E8031A,CC-AFY,A319,AIRBUS A-319,L2J,M
E8041A,CC-BAJ,A320,AIRBUS A-320,L2J,M
