00801D,ZS-AAM,PRM1,RAYTHEON 390 Premier 1,L2J,L
00891D,ZS-DLC,DH82,DE HAVILLAND DH-82 Tiger Moth,L1P,L
009A1D,ZS-JWM,BE55,BEECH 55 Baron,L2P,L
00A91D,ZS-POE,E120,EMBRAER EMB-120 Brasilia,L2T,M
00B21D,ZS-SYU,E55P,EMBRAER EMB-505 Phenom 300,L2J,M
04C01D,5Y-KQC,B733,BOEING 737-300,L2J,M
05A01D,8Q-MAX,DHC6,DE HAVILLAND DHC-6 Twin Otter,L2T,L
06001D,3B-NBG,AT75,ATR-72-500,L2T,M
06A11D,A7-ANA,A35K,AIRBUS A-350-1000,L2J,H
06E01D,9XR-WV,B38M,BOEING 737 MAX 8,L2J,M
08001D,5H-PWC,AT75,ATR-72-500,L2T,M
08401D,TT-DFB,E35L,EMBRAER EMB-135 Legacy,L2J,M
09011D,D2-TFD,DH8D,DE HAVILLAND DHC-8-400 Dash 8,L2T,M
0AC91D,PNC-0925,B407,BELL 407,H1T,L
0C211D,HP-3310DAE,B763,BOEING 767-300,L2J,H
0C411D,HI-369,C82R,CESSNA R182 Skylane RG,L1P,L
0C801D,PZ-TSL,C208,CESSNA 208 Caravan,L1T,L
0D001D,XA-MIA,B738,BOEING 737-800,L2J,M
0D0A1D,XA-KVD,H25B,HAWKER BEECHCRAFT Hawker 750/850,L2J,M
0D0B1D,XA-OOI,CL60,BOMBARDIER CL-600 Challenger,L2J,M
0D0C1D,XA-USJ,SW4,SWEARINGEN Metro,L2T,M
0D0D1D,XA-SRR,LJ35,LEARJET 35,L2J,M
0D0E1D,XA-MLI,B38M,BOEING 737 MAX 8,L2J,M
142B1D,RA-11037,,,,
14F11D,RA-61725,A148,ANTONOV An-148,L2J,M
15071D,RA-67357,C421,CESSNA 421 Executive Commuter,L2P,L
151E1D,RA-73245,B738,BOEING 737-800,L2J,M
15201D,RA-73757,A320,AIRBUS A-320,L2J,M
15211D,RA-74013,AN72,ANTONOV An-74-200,L2J,M
155C1D,RA-89117,SU95,SUKHOI Superjet 100-95,L2J,M
30041D,I-DPCS,CL2T,CANADAIR CL-415 SuperScooper,A2T,M
30071D,I-MLPA,BE20,BEECH 200 Super King Air,L2T,M
30091D,I-ALWI,CP10,CAP AVIATION CAP-10,L1P,L
32001D,MM81897,A139,AGUSTA AW-139,H2T,L
33FF1D,MM55063,M339,AERMACCHI MB-339,L1J,L
38031D,F-JZYL,WT9,AEROSPOOL WT-9 Dynamic,L1P,L
380F1D,F-JGAI,ULAC,,L0-,-
38171D,F-JGDS,D18,JODEL D-18/19/20,L1P,L
381A1D,F-JXSF,ULAC,,L0-,-
381C1D,F-JSQC,ULAC,,L0-,-
381D1D,F-JSWC,ULAC,,L0-,-
38221D,F-JGKT,ULAC,,L0-,-
38311D,F-JVOJ,ULAC,,L0-,-
38321D,F-JHKY,AP22,AEROPRACT A-22,L1P,L
38371D,F-JHSL,ULAC,,L0-,-
383A1D,F-JHSY,ULAC,,L0-,-
383E1D,F-JSBC,ULAC,,L0-,-
38401D,F-JANC,AP22,AEROPRACT A-22,L1P,L
38421D,F-JAXF,ULAC,,L0-,-
38451D,F-JBOE,ULAC,,L0-,-
38461D,F-JBQZ,ULAC,,L0-,-
384A1D,F-JIKY,ULAC,,L0-,-
384C1D,F-JCWF,ULAC,,L0-,-
38521D,F-JGDD,ULAC,,L0-,-
385A1D,F-JBUC,NG5,BRM AERO NG-5/6 Bristell,L1P,L
385E1D,F-JFCU,ULAC,,L0-,-
385F1D,F-JBHJ,ULAC,,L0-,-
38611D,F-JHDN,ULAC,,L0-,-
38631D,F-JIYA,ULAC,,L0-,-
38661D,F-JPFC,PISI,PIPSTREL Sinus,L1P,L
38831D,34AFI,SKRA,BEST OFF Sky Ranger,L1P,L
38841D,F-JCHI,ULAC,,L0-,-
38851D,F-JWNX,PNR2,ALPI Pioneer 200,L1P,L
38861D,F-JPMT,WT9,AEROSPOOL WT-9 Dynamic,L1P,L
38881D,F-JVOP,ULAC,,L0-,-
38911D,F-JULV,KP2,JIHLAVAN KP-2 Sova,L1P,L
38931D,F-JULV,KP5,JIHLAVAN KP-5 Skyleader,L1P,L
38961D,F-JXDX,C42,IKARUS C-42 Bison,L1P,L
38971D,F-JVJY,VL3,AVEKO Flamingo,L1P,L
38A51D,F-JAPW,SKRA,BEST OFF Sky Ranger,L1P,L
38AA1D,F-JALR,MM24,MAGNI M-24 Orion,G1P,L
38AC1D,16VD,GYRO,,G0-,-
38B51D,F-JKJJ,ULAC,,L0-,-
38B71D,F-JDPI,ALTO,DIRECT FLY Alto,L1P,L
38B81D,F-JDSX,NG5,BRM AERO NG-5/6 Bristell,L1P,L
38BB1D,F-JEBT,ULAC,,L0-,-
39151D,F-JCON,SVNH,AEROTEC Savannah,L1P,L
3AAB1D,F-MGCC,GAZL,AEROSPATIALE SA-341 Gazelle,H1T,L
3AAC1D,1086,EC35,AIRBUS HELICOPTERS EC-135/635,H2T,L
3C061D,D-ARIE,FA7X,DASSAULT Falcon 7X,L3J,M
3D061D,D-EAOJ,TOBA,SOCATA Tobago,L1P,L
3D0A1D,D-ECBT,C150,CESSNA 150,L1P,L
3D0B1D,D-ECLP,P28A,PIPER PA-28-140/150/160/180,L1P,L
3D0D1D,D-EDFH,Z42,ZLIN Z-42/142/242,L1P,L
3D0E1D,D-EDPD,P28R,PIPER PA-28R-180/200/201,L1P,L
3D131D,D-EFMJ,P28A,PIPER PA-28-140/150/160/180,L1P,L
3D141D,D-EFWF,P28R,PIPER PA-28R-180/200/201,L1P,L
3D171D,D-EGZT,C172,CESSNA 172 Skyhawk,L1P,L
3D1C1D,D-EIWZ,FANT,RHEIN Fantrainer,L1P,L
3D1F1D,D-EKAN,SR20,CIRRUS SR-20,L1P,L
3D201D,D-EKKJ,FOX,KITFOX,L1P,L
3D271D,D-ENBH,P28R,PIPER PA-28R-180/200/201,L1P,L
3D2B1D,D-EOOR,C172,CESSNA 172 Skyhawk,L1P,L
3D2E1D,D-EPSF,TWEN,TECNAM Twenty-Ten,L1P,L
3D2F1D,D-EQCB,BREZ,AEROSTYLE Breezer,L1P,L
3D331D,D-ERPL,C172,CESSNA 172 Skyhawk,L1P,L
3D351D,D-ESJD,RV6,VANS RV-6,L1P,L
3D3C1D,D-EVAB,DV20,DIAMOND DA-20,L1P,L
3D3E1D,D-EVTT,COL4,CESSNA 400 Corvalis TT,L1P,L
3D481D,D-EZOF,P28A,PIPER PA-28-140/150/160/180,L1P,L
3D491D,D-EZYB,DA40,DIAMOND DA-40 Club Star,L1P,L
3D691D,D-FMBD,ME09,MESSERSCHMITT Bf-109,L1P,L
3DE01D,D-HFCV,R44,ROBINSON R-44 Raven,H1P,L
3DE71D,D-HHTT,AS50,AEROSPATIALE AS-350 Ecureuil,H1T,L
3E3A1D,D-INEZ,C510,CESSNA 510 Citation Mustang,L2J,L
3E641D,D-KDCN,SF25,SCHEIBE SF-25 Falke,L1P,L
3E651D,D-KDMJ,DIMO,DIAMOND H-36 Dimona,L1P,L
3E671D,D-KEGB,SF25,SCHEIBE SF-25 Falke,L1P,L
3E6C1D,D-KGDH,GLID,,L0-,-
3E6D1D,D-KGND,S10S,STEMME S-10 Chrysalis,L1P,L
3E711D,D-KIAN,SF25,SCHEIBE SF-25 Falke,L1P,L
3E741D,D-KJEB,GLID,,L0-,-
3E7D1D,D-KMOR,SF25,SCHEIBE SF-25 Falke,L1P,L
3ECC1D,D-KSGJ,AS26,SCHLEICHER ASH-26,L1P,L
3ECF1D,D-KTJX,DISC,SCHEMPP-HIRTH Discus,L1P,L
3EEA1D,D-2438,GLID,,L0-,-
3EF61D,D-5510,GLID,,L0-,-
3EFC1D,D-7046,GLID,,L0-,-
3F2B1D,D-OCFT,BALL,,B0-,-
3F551D,15+02,A319,AIRBUS A-319,L2J,M
3FC31D,D-DOLIB,BALL,,B0-,-
3FC51D,D-OMBT,BALL,,B0-,-
3FEA1D,D-MGDF,WT9,AEROSPOOL WT-9 Dynamic,L1P,L
3FEB1D,D-MSJS,C42,IKARUS C-42 Bison,L1P,L
3FEC1D,D-MSPI,WT9,AEROSPOOL WT-9 Dynamic,L1P,L
3FEE1D,D-MHAX,WT9,AEROSPOOL WT-9 Dynamic,L1P,L
3FEF1D,D-MGGX,GX,REMOS GX,L1P,L
3FF21D,D-MYZF,BREZ,AEROSTYLE Breezer,L1P,L
3FF31D,D-MADS,C42,IKARUS C-42 Bison,L1P,L
3FF41D,D-MMEJ,BREZ,AEROSTYLE Breezer,L1P,L
3FFA1D,D-MKCT,FDCT,FLIGHT DESIGN CT,L1P,L
400D1D,G-PLMH,AS50,AEROSPATIALE AS-350 Ecureuil,H1T,L
40101D,G-POPW,C182,CESSNA 182 Skylane,L1P,L
40111D,G-BBEB,P28R,PIPER PA-28R-180/200/201,L1P,L
40141D,G-AIGF,J1,AUSTER J-1,L1P,L
40161D,G-ATAU,D6CR,DRUINE D-62 Condor,L1P,L
40171D,G-AVPM,D11,JODEL D-11x/12x,L1P,L
40181D,G-AXIO,P28A,PIPER PA-28-140/150/160/180,L1P,L
401D1D,G-BFNI,P28A,PIPER PA-28-140/150/160/180,L1P,L
40201D,G-HELN,PA18,PIPER PA-18 Super Cub,L1P,L
40211D,G-ISZA,PTS2,PITTS S-2 Special,L1P,L
40261D,G-AMTV,DH82,DE HAVILLAND DH-82 Tiger Moth,L1P,L
40281D,G-ONHH,ERCO,AIR PRODUCTS F-1 Aircoupe,L1P,L
40291D,G-ESME,C82R,CESSNA R182 Skylane RG,L1P,L
402A1D,G-BNRP,P28A,PIPER PA-28-140/150/160/180,L1P,L
402B1D,G-JRCR,B06,BELL 206 JetRanger,H1T,L
402F1D,G-BRBX,P28A,PIPER PA-28-140/150/160/180,L1P,L
40301D,G-PHTG,TOBA,SOCATA Tobago,L1P,L
40331D,G-BSYV,C150,CESSNA 150,L1P,L
40371D,G-BUTF,AR11,AERONCA 11 Chief,L1P,L
403F1D,G-MZKG,ULAC,,L0-,-
40411D,G-BYFR,P32R,PIPER PA-32R-300/301/301T,L1P,L
40431D,G-EOLD,P28A,PIPER PA-28-140/150/160/180,L1P,L
40441D,G-BZMD,BDOG,BRITISH AEROSPACE SA-3 Bulldog,L1P,L
40481D,G-CBWW,SKRA,BEST OFF Sky Ranger,L1P,L
404B1D,G-CCRN,ULAC,,L0-,-
404C1D,G-IKEV,JABI,Jabiru J120,L1P,L
404E1D,G-NARG,ULAC,,L0-,-
404F1D,G-CDTZ,AP22,AEROPRACT A-22,L1P,L
40501D,G-CECF,ESCP,REALITY Escapade,L1P,L
40511D,G-CEIO,BN2P,BRITTEN-NORMAN BN-2 Islander,L2P,L
40521D,G-ORAU,EV97,EVEKTRO EV-97 EuroStar,L1P,L
40541D,G-TIAB,GLID,,L0-,-
40551D,G-RVTT,RV7,VANS RV-7,L1P,L
405F1D,G-SUFK,EC35,AIRBUS HELICOPTERS EC-135/635,H2T,L
40601D,G-CFVF,ULAC,,L0-,-
40621D,G-STBC,B77W,BOEING 777-300ER,L2J,H
40631D,G-EZFY,A319,AIRBUS A-319,L2J,M
40641D,G-VLUV,A333,AIRBUS A-330-300,L2J,H
40661D,G-TPWX,BU81,BUCKER Bu-183 Bestmann,L1P,L
406B1D,G-ONSW,SKRA,BEST OFF Sky Ranger,L1P,L
406C1D,G-DHYS,T51,TITAN T-51 Mustang,L1P,L
406E1D,G-UINZ,BALL,,B0-,-
406F1D,G-YFOX,F2TH,DASSAULT Falcon 2000,L2J,M
40711D,G-FESB,GLID,,L0-,-
40721D,G-MFLT,AS65,AEROSPATIALE AS-365 Dauphin 2,H2T,L
40731D,G-CKAO,BALL,,B0-,-
40741D,G-CKMK,LK17,SPORTINE AVIACIJA LAK-17AT,L1P,L
40751D,G-CKUK,BALL,,B0-,-
40771D,G-PWEF,MM24,MAGNI M-24 Orion,G1P,L
40791D,G-XSCP,P46T,PIPER PA-46-500TP,L1T,L
407A1D,G-OGAL,RV14,VANS RV-14,L1P,L
407C1D,G-GAMB,GB1,GAME COMPOSITES GameBird,L1P,L
407E1D,G-CMFI,AT76,ATR-72-600,L2T,M
42441D,VQ-BLX,B737,BOEING 737-700,L2J,M
42461D,VP-BSL,A20N,AIRBUS A-320neo,L2J,M
43C31D,ZH851,EH10,AGUSTA WESTLAND EH-101 Merlin,H3T,M
43C61D,ZZ504,B350,BEECHCRAFT Super King Air 350,L2T,M
43C71D,ZJ268,AS50,AEROSPATIALE AS-350 Ecureuil,H1T,L
43C91D,ZP806,P8,BOEING P-8 Poseidon,L2J,M
43E71D,M-MANX,C425,CESSNA 425 Corsair,L2T,L
43EA1D,M-PECL,GLEX,BOMBARDIER BD-700 Global 6000/6500,L2J,M
43EB1D,2-BEST,AC11,NORTH AMERICAN ROCKWELL Commander 112/114,L1P,L
43EE1D,2-HPEB,LJ40,LEARJET 40,L2J,M
44001D,OE-DHF,C172,CESSNA 172 Skyhawk,L1P,L
44021D,OE-CKD,EUPA,Europa,L1P,L
44031D,OE-9421,DIMO,DIAMOND H-36 Dimona,L1P,L
44041D,OE-BXB,EC35,AIRBUS HELICOPTERS EC-135/635,H2T,L
44061D,OE-LQQ,A319,AIRBUS A-319,L2J,M
44071D,OE-KSP,C172,CESSNA 172 Skyhawk,L1P,L
44081D,OE-LWA,E195,EMBRAER ERJ-190-200,L2J,M
447D1D,3H-FJ,PC7,PILATUS PC-7 Astra,L1T,L
44981D,OO-F97,ULAC,,L0-,-
451C1D,LZ-RAT,R44,ROBINSON R-44 Raven,H1P,L
45D41D,OH-510X,PK20,PIK 20E,L1P,L
461E1D,OH-LKN,E190,EMBRAER ERJ-190-100,L2J,M
463F1D,OH-XXL,PTMS,PITTS S-12 Super Stinker,L1P,L
46781D,HN-425,F18H,BOEING FA-18 HORNET,L2J,M
46801D,029,F16,GENERAL DYNAMICS F-16 Fighting Falcon,L1J,M
47001D,HA-ABD,AN2,ANTONOV An-2,L1P,L
47031D,HA-BER,C152,CESSNA 152,L1P,L
47181D,HA-JDL,IR23,ICA IAR-823,L1P,L
477D1D,GND,GND,,V0-,-
47871D,LN-OGP,AS50,AEROSPATIALE AS-350 Ecureuil,H1T,L
47BA1D,LN-RGN,A20N,AIRBUS A-320neo,L2J,M
48041D,J-064,F16,GENERAL DYNAMICS F-16 Fighting Falcon,L1J,M
48471D,PH-FUK,BALL,,B0-,-
48481D,PH-PIG,TB20,SOCATA TB-20 Trinidad,L1P,L
48491D,PH-PAM,BALL,,B0-,-
484B1D,PH-HEE,BALL,,B0-,-
484C1D,PH-BIA,BALL,,B0-,-
484E1D,PH-312,GLID,,L0-,-
48511D,PH-1CP,ZZZZ,,-0-,-
48531D,PH-1KS,ZZZZ,,-0-,-
48541D,PH-4P6,TL30,TL ULTRALIGHT TL-3000 Sirius,L1P,L
48551D,PH-2FO,ZZZZ,,-0-,-
48561D,PH-2NT,ZZZZ,,-0-,-
48621D,PH-NTZ,RV7,VANS RV-7,L1P,L
49B01D,OK-1711,GLID,,L0-,-
49C11D,OK-UUA96,TL20,TL ULTRALIGHT TL-2000 Sting,L1P,L
49C21D,OK-YUA 94,VL3,AVEKO Flamingo,L1P,L
49C31D,OK-YUA94,VL3,AVEKO Flamingo,L1P,L
49D01D,OK-KIJ,AN2,ANTONOV An-2,L1P,L
49D31D,OK-CSB,R44,ROBINSON R-44 Raven,H1P,L
4B0F1D,HB-FSV,PC12,PILATUS PC-12,L1T,L
4B111D,HB-GMN,BE58,BEECH 58 Baron,L2P,L
4B191D,HB-JNH,B77W,BOEING 777-300ER,L2J,H
4B1A1D,HB-JXD,A320,AIRBUS A-320,L2J,M
4B1F1D,HB-LUJ,DA42,DIAMOND DA-42 Guardian,L2P,L
4B251D,HB-OBL,J3,PIPER J-3 Cub,L1P,L
4B2C1D,HB-QSJ,SHIP,,B0-,-
4B2D1D,HB-RCF,ZZZZ,,-0-,-
4B311D,HB-SPP,S900,SIPA S-901/902/903/904,L1P,L
4B421D,HB-ZAZ,EC30,AIRBUS HELICOPTERS EC-130,H1T,L
4B431D,HB-ZKV,B06,BELL 206 JetRanger,H1T,L
4B441D,HB-ZUR,R66,ROBINSON R-66,H1T,L
4B461D,HB-374,GLID,,L0-,-
4B4B1D,HB-1654,GLID,,L0-,-
4B4C1D,HB-1910,GLID,,L0-,-
4B4E1D,HB-2422,SF25,SCHEIBE SF-25 Falke,L1P,L
4CA41D,282,PC12,PILATUS PC-12,L1T,L
4CA51D,EI-RJN,RJ85,AVRO RJ-85 Avroliner,L4J,M
4CA61D,EI-DWP,B738,BOEING 737-800,L2J,M
4CA81D,EI-DTM,A320,AIRBUS A-320,L2J,M
4CAD1D,EJ-GABJ,H25B,HAWKER BEECHCRAFT Hawker 750/850,L2J,M
4D221D,9H-QBO,B738,BOEING 737-800,L2J,M
4D231D,9H-ARK,GLEX,BOMBARDIER BD-700 Global 6000/6500,L2J,M
4D241D,9H-WAH,A21N,AIRBUS A-321neo,L2J,M
50001D,T7-GLM,SR20,CIRRUS SR-20,L1P,L
50011D,T7-BCS,FA7X,DASSAULT Falcon 7X,L3J,M
50021D,T7-FEE,GLF4,GULFSTREAM 4,L2J,M
501C1D,9A-ZAG,A319,AIRBUS A-319,L2J,M
501D1D,9A-CTH,A319,AIRBUS A-319,L2J,M
50821D,UR-EXJ,A158,ANTONOV An-158,L2J,M
50FF1D,UR-GOR,E300,EXTRA EA-300/330/350,L1P,L
51111D,ES-SAZ,A320,AIRBUS A-320,L2J,M
70001D,YA-KMC,B733,BOEING 737-300,L2J,M
71011D,HZ-AR11,B789,BOEING 787-9 Dreamliner,L2J,H
71021D,HZ-MS1A,LJ60,LEARJET 60,L2J,M
71D91D,969,SURN,KOREA AEROSPACE Surion,H2T,M
73921D,4X-AJZ,PA18,PIPER PA-18 Super Cub,L1P,L
73941D,4X-CWY,C206,CESSNA  206 Stationair,L1P,L
73951D,4X-HYT,TEXA,FLY SYNTHESIS Texan,L1P,L
75021D,9M-MXS,B738,BOEING 737-800,L2J,M
75871D,RP-C4554,R66,ROBINSON R-66,H1T,L
78001D,B-7088,B737,BOEING 737-700,L2J,M
78031D,B-5326,B738,BOEING 737-800,L2J,M
78041D,B-MBC,A320,AIRBUS A-320,L2J,M
78051D,B-5252,B737,BOEING 737-700,L2J,M
78061D,B-5512,B738,BOEING 737-800,L2J,M
78071D,B-6753,A321,AIRBUS A-321,L2J,M
78091D,B-5691,B738,BOEING 737-800,L2J,M
780A1D,B-LJE,B748,BOEING 747-8,L4J,H
780B1D,B-9938,A320,AIRBUS A-320,L2J,M
780D1D,B-1612,A320,AIRBUS A-320,L2J,M
780E1D,B-1526,B738,BOEING 737-800,L2J,M
780F1D,B-8337,A320,AIRBUS A-320,L2J,M
78101D,B-7991,B738,BOEING 737-800,L2J,M
78111D,B-7808,B738,BOEING 737-800,L2J,M
78131D,B-1042,A333,AIRBUS A-330-300,L2J,H
78141D,B-1142,B38M,BOEING 737 MAX 8,L2J,M
78161D,B-209E,B789,BOEING 787-9 Dreamliner,L2J,H
78181D,B-70J1,C172,CESSNA 172 Skyhawk,L1P,L
781A1D,B-320Q,A319,AIRBUS A-319,L2J,M
781B1D,B-127A,SR20,CIRRUS SR-20,L1P,L
781D1D,B-12FG,SR20,CIRRUS SR-20,L1P,L
781E1D,B-652Y,AJ27,COMAC ARJ-21-700 Xiangfeng,L2J,M
78921D,B-LEJ,A321,AIRBUS A-321,L2J,M
79A01D,B-2369,A320,AIRBUS A-320,L2J,M
7BD01D,B-2853,B752,BOEING 757-200,L2J,M
7C061D,VH-BHR,PA46,PIPER PA-46-310/350,L1P,L
7C071D,VH-BOV,R22,ROBINSON R-22 Mariner,H1P,L
7C0B1D,VH-CHB,BE35,BEECH 35 Starfire Bonanza,L1P,L
7C111D,VH-DNZ,R44,ROBINSON R-44 Raven,H1P,L
7C151D,VH-EGF,A139,AGUSTA AW-139,H2T,L
7C161D,VH-ENJ,SLG4,AIRPLANE FACTORY Sling 4,L1P,L
7C1A1D,VH-FFZ,SLG2,AIRPLANE FACTORY Sling 2,L1P,L
7C2A1D,VH-ILR,RV8,VANS RV-8,L1P,L
7C2B1D,VH-ISV,S92,SIKORSKY S-92 Helibus,H2T,M
7C301D,VH-JSF,C182,CESSNA 182 Skylane,L1P,L
7C311D,VH-JZJ,C172,CESSNA 172 Skyhawk,L1P,L
7C341D,VH-KKV,C82R,CESSNA R182 Skylane RG,L1P,L
7C391D,VH-LKF,BE20,BEECH 200 Super King Air,L2T,M
7C3A1D,VH-LRJ,SR22,CIRRUS SR-22,L1P,L
7C3B1D,VH-LYN,BE55,BEECH 55 Baron,L2P,L
7C3D1D,VH-MCV,C82R,CESSNA R182 Skylane RG,L1P,L
7C3E1D,VH-MJZ,C182,CESSNA 182 Skylane,L1P,L
7C441D,VH-NQN,GLID,,L0-,-
7C451D,VH-NXR,B712,BOEING 717-200,L2J,M
7C471D,VH-OBZ,RV10,VANS RV-10,L1P,L
7C4A1D,VH-OXB,BALL,,B0-,-
7C4E1D,VH-PPR,P28A,PIPER PA-28-140/150/160/180,L1P,L
7C531D,VH-QPB,A333,AIRBUS A-330-300,L2J,H
7C581D,VH-ROV,DA42,DIAMOND DA-42 Guardian,L2P,L
7C5C1D,VH-SHB,C182,CESSNA 182 Skylane,L1P,L
7C621D,VH-TNZ,RV7,VANS RV-7,L1P,L
7C661D,VH-UGF,C150,CESSNA 150,L1P,L
7C671D,VH-UNJ,DA40,DIAMOND DA-40 Club Star,L1P,L
7C681D,VH-UUN,SW4,SWEARINGEN Metro,L2T,M
7C7A1D,VH-YEN,BT36,BEECH B36TC Bonanza,L1P,L
7C7C1D,VH-YSV,RV7,VANS RV-7,L1P,L
7C7D1D,VH-YZZ,TBM7,SOCATA TBM-700A/B/C,L1T,L
7C821D,VH-ZZJ,DH8B,DE HAVILLAND DHC-8-200 Dash 8,L2T,M
7CBC1D,19-4342,ALGR,FANTASY AIR Allegro,L1P,L
7CC41D,23-8778,P208,TECNAM P-2008,L1P,L
7CF91D,A9-660,P3,LOCKHEED P-3 Orion,L4T,M
80031D,K2719,AN32,ANTONOV An-32 Sutlej,L2T,M
800D1D,VT-MXK,B38M,BOEING 737 MAX 8,L2J,M
80141D,VT-TQD,A20N,AIRBUS A-320neo,L2J,M
84011D,JA008D,B772,BOEING 777-200,L2J,H
840C1D,JA03AP,A109,AGUSTA AW-109 Grand,H2T,L
845A1D,JA102H,SR20,CIRRUS SR-20,L1P,L
84611D,JA121B,P46T,PIPER PA-46-500TP,L1T,L
86CF1D,JA806H,EC35,AIRBUS HELICOPTERS EC-135/635,H2T,L
86D31D,JA819P,A320,AIRBUS A-320,L2J,M
87CC1D,75-1076,C130,LOCKHEED C-130 Hercules,L4T,M
88001D,HS-TJH,B772,BOEING 777-200,L2J,H
89611D,A6-ECV,B77W,BOEING 777-300ER,L2J,H
89631D,A6-EFM,B77L,BOEING 777-200LR,L2J,H
89641D,A6-HTA,AS50,AEROSPATIALE AS-350 Ecureuil,H1T,L
89651D,A6-SD5,DHC6,DE HAVILLAND DHC-6 Twin Otter,L2T,L
896C1D,947,PC21,PILATUS PC-21,L1T,L
89901D,B-18003,B77W,BOEING 777-300ER,L2J,H
89911D,B-18709,B744,BOEING 747-400,L4J,H
8A021D,PK-GFD,B738,BOEING 737-800,L2J,M
8A041D,LD-1202,G120,GROB G-120,L1P,L
8A061D,PK-GQS,A320,AIRBUS A-320,L2J,M
8A091D,PK-MBA,B733,BOEING 737-300,L2J,M
8A181D,PK-LFF,B739,BOEING 737-900,L2J,M
A0001D,N1BB,GLF5,GULFSTREAM 5,L2J,M
A0011D,N1MH,B407,BELL 407,H1T,L
A0021D,N1XP,DC3,DOUGLAS DC-3 Dakota,L2P,M
A0031D,N10HU,HUSK,CHRISTEN Husky,L1P,L
A0041D,N10U,J3,PIPER J-3 Cub,L1P,L
A0051D,N100EE,R44,ROBINSON R-44 Raven,H1P,L
A0071D,N1000S,,,,
A0081D,N10073,C150,CESSNA 150,L1P,L
A0091D,N101HC,RV8,VANS RV-8,L1P,L
A00A1D,N101TJ,SA30,STOLP Starduster Too,L1P,L
A00C1D,N10196,UH12,HILLER UH-12,H1P,L
A0101D,N103CT,C172,CESSNA 172 Skyhawk,L1P,L
A0141D,N104FR,C150,CESSNA 150,L1P,L
A0191D,N105UV,DA40,DIAMOND DA-40 Club Star,L1P,L
A01A1D,N1053W,C82S,CESSNA T182 Turbo Skylane,L1P,L
A01C1D,N106MM,RV6,VANS RV-6,L1P,L
A0251D,N1082U,M20P,MOONEY M-20,L1P,L
A0261D,N10895,C150,CESSNA 150,L1P,L
A0271D,N109L,,,,
A02B1D,N11NY,PC12,PILATUS PC-12,L1T,L
A02C1D,N11ZD,M20P,MOONEY M-20,L1P,L
A02F1D,N1104F,C172,CESSNA 172 Skyhawk,L1P,L
A0301D,N111CA,BE9T,BEECH F90 King Air,L2T,L
A0311D,N111NG,BCS1,AIRBUS A220-100,L2J,M
A0351D,N112RE,G3,REMOS Mirage,L1P,L
A0361D,N1121A,BALL,,B0-,-
A0371D,N1128M,LJ60,LEARJET 60,L2J,M
A0381D,N113HX,HDJT,HONDA HondaJet,L2J,L
A03A1D,N1133D,C140,CESSNA 140,L1P,L
A03F1D,N115DM,SONX,SONEX AIRCRAFT Sonex,L1P,L
A0421D,N1157K,M20P,MOONEY M-20,L1P,L
A0441D,N116SR,BK17,EUROCOPTER BK117 C-1/2,H2T,L
A0451D,N1162B,L8,LUSCOMBE 8,L1P,L
A0461D,N1169N,M20P,MOONEY M-20,L1P,L
A0491D,N1174E,CH7A,BELLANCA 7 Champion,L1P,L
A04A1D,N118C,MITE,MOONEY M-18,L1P,L
A04D1D,N1186H,AR15,AERONCA 15 Sedan,L1P,L
A0521D,N12HW,M20P,MOONEY M-20,L1P,L
A0561D,N1200U,C172,CESSNA 172 Skyhawk,L1P,L
A0581D,N121HE,PA32,PIPER PA-32,L1P,L
A05A1D,N1212X,M20P,MOONEY M-20,L1P,L
A05C1D,N122LC,,,,
A05E1D,N12240,C172,CESSNA 172 Skyhawk,L1P,L
A05F1D,N123CV,RV10,VANS RV-10,L1P,L
A0601D,N123PA,M20P,MOONEY M-20,L1P,L
A0621D,N12363,,,,
A0691D,N1253Y,COL4,CESSNA 400 Corvalis TT,L1P,L
A06A1D,N126BH,AS50,AEROSPATIALE AS-350 Ecureuil,H1T,L
A06B1D,N126MP,C182,CESSNA 182 Skylane,L1P,L
A06D1D,N12651,C172,CESSNA 172 Skyhawk,L1P,L
A0701D,N1270T,P28A,PIPER PA-28-140/150/160/180,L1P,L
A0751D,N12897,C172,CESSNA 172 Skyhawk,L1P,L
A0761D,N129LB,BALL,,B0-,-
A07B1D,N13ZF,M7,MAULE M-7,L1P,L
A07C1D,N130KL,TB30,SOCATA TB-30 Epsilon,L1P,L
A07E1D,N1304H,AR15,AERONCA 15 Sedan,L1P,L
A07F1D,N131CC,SONX,SONEX AIRCRAFT Sonex,L1P,L
A0851D,N1321C,COL4,CESSNA 400 Corvalis TT,L1P,L
A0891D,N1333F,SR22,CIRRUS SR-22,L1P,L
A08A1D,N134AR,TRDO,TITAN Tornado SS,L1P,L
A0901D,N1350A,DC3,DOUGLAS DC-3 Dakota,L2P,M
A0931D,N136ST,C182,CESSNA 182 Skylane,L1P,L
A0941D,N1362D,C170,CESSNA 170,L1P,L
A0951D,N1369Q,C172,CESSNA 172 Skyhawk,L1P,L
A0971D,N137VR,VR7,VASHON Ranger R7,L1P,L
A0A11D,N14HY,HUSK,CHRISTEN Husky,L1P,L
A0A21D,N14UD,ULAC,,L0-,-
A0A81D,N141TN,DV20,DIAMOND DA-20,L1P,L
A0AA1D,N142,ERCO,AIR PRODUCTS F-1 Aircoupe,L1P,L
A0AB1D,N142LE,COZY,CO-Z Cozy,L1P,L
A0AD1D,N14242,B738,BOEING 737-800,L2J,M
A0AE1D,N143CX,BALL,,B0-,-
A0AF1D,N143PC,CH7B,BELLANCA 7 Citabria,L1P,L
A0B11D,N14365,PA18,PIPER PA-18 Super Cub,L1P,L
A0B51D,N14488,,,,
A0BF1D,N1470V,C172,CESSNA 172 Skyhawk,L1P,L
A0C31D,N1482Y,C172,CESSNA 172 Skyhawk,L1P,L
A0C81D,N15CW,P210,CESSNA P210 Centurion,L1P,L
A0CB1D,N150KN,C150,CESSNA 150,L1P,L
A0CE1D,N151CE,KR2,RAND KR-2,L1P,L
A0D21D,N152FC,C152,CESSNA 152,L1P,L
A0D91D,N154AT,A4,DOUGLAS A-4 Skyhawk,L1J,M
A0DD1D,N155DR,RV6,VANS RV-6,L1P,L
A0DE1D,N155PX,FA10,DASSAULT Falcon 100,L2J,M
A0DF1D,N1550C,C180,CESSNA  180 Skywagon,L1P,L
A0E01D,N1557P,PA18,PIPER PA-18 Super Cub,L1P,L
A0E31D,N1562F,BE36,BEECH 36 Bonanza,L1P,L
A0EE1D,N1591D,C195,CESSNA 195,L1P,L
A0F01D,N16J,G2T1,GREAT LAKES 2T-1,L1P,L
A0F11D,N16UF,GLID,,L0-,-
A0F31D,N160QS,GLEX,BOMBARDIER BD-700 Global 6000/6500,L2J,M
A0F51D,N16079,C150,CESSNA 150,L1P,L
A0F91D,N162AA,A321,AIRBUS A-321,L2J,M
A0FC1D,N16244,P28A,PIPER PA-28-140/150/160/180,L1P,L
A1001D,N16367,P28A,PIPER PA-28-140/150/160/180,L1P,L
A1021D,N164SC,RV6,VANS RV-6,L1P,L
A1051D,N165JV,BE36,BEECH 36 Bonanza,L1P,L
A1091D,N166MT,EC35,AIRBUS HELICOPTERS EC-135/635,H2T,L
A1121D,N16820,FA24,FAIRCHILD F-24 Argus,L1P,L
A1131D,N169A,ULAC,,L0-,-
A11B1D,N170VW,C170,CESSNA 170,L1P,L
A11C1D,N1704M,ST75,STEARMAN Kaydet,L1P,L
A1211D,N172FE,B763,BOEING 767-300,L2J,H
A1231D,N1721G,BE35,BEECH 35 Starfire Bonanza,L1P,L
A1241D,N1728T,T28,NORTH AMERICAN T-28,L1P,L
A1271D,N1733K,L8,LUSCOMBE 8,L1P,L
A1281D,N174AV,BE99,BEECH 99 Airliner,L2T,L
A12B1D,N1745N,C120,CESSNA 120,L1P,L
A12F1D,N1757R,C82R,CESSNA R182 Skylane RG,L1P,L
A1301D,N176GR,AA5,AMERICAN AA-5 Tiger,L1P,L
A1321D,N1762H,P28A,PIPER PA-28-140/150/160/180,L1P,L
A1341D,N177KP,C77R,CESSNA 177RG Cardinal RG,L1P,L
A1351D,N177VV,C25A,CESSNA 525A Citation CJ2,L2J,L
A1371D,N178CF,PRM1,RAYTHEON 390 Premier 1,L2J,L
A13F1D,N18JB,PTS2,PITTS S-2 Special,L1P,L
A1411D,N180EN,PA18,PIPER PA-18 Super Cub,L1P,L
A1431D,N18000,,,,
A1451D,N181HL,BLKS,AIRCRAFT SPRUCE Baby Lakes,L1P,L
A1461D,N181TS,P28A,PIPER PA-28-140/150/160/180,L1P,L
A1481D,N182AC,C182,CESSNA 182 Skylane,L1P,L
A1491D,N182LJ,C182,CESSNA 182 Skylane,L1P,L
A14B1D,N18246,BE33,BEECH 33 Bonanza,L1P,L
A14C1D,N183DA,SR20,CIRRUS SR-20,L1P,L
A14F1D,N18369,BE35,BEECH 35 Starfire Bonanza,L1P,L
A1561D,N18534,C150,CESSNA 150,L1P,L
A1571D,N186BP,BPAT,R&B Bearhawk Patrol,L1P,L
A15D1D,N1870Z,C210,CESSNA 201 Centurion,L1P,L
A1611D,N18822,,,,
A1621D,N189AB,PA25,PIPER PA-25 Pawnee,L1P,L
A1661D,N19D,C185,CESSNA 185 Skywagon,L1P,L
A1671D,N19PF,C177,CESSNA  177 Cardinal,L1P,L
A1681D,N19ZM,DHC2,DE HAVILLAND DHC-2 Beaver,L1P,L
A16F1D,N1916S,,,,
A1721D,N1921J,PA46,PIPER PA-46-310/350,L1P,L
A1731D,N1928V,C140,CESSNA 140,L1P,L
A1761D,N1933M,C182,CESSNA 182 Skylane,L1P,L
A17A1D,N1945Q,C77R,CESSNA 177RG Cardinal RG,L1P,L
A17E1D,N1957T,P28R,PIPER PA-28R-180/200/201,L1P,L
A17F1D,N196GT,,,,
A1811D,N1962K,T206,CESSNA T206 Turbo Stationair,L1P,L
A1821D,N1969W,BE19,BEECH 19 Sport,L1P,L
A1851D,N1974N,BALL,,B0-,-
A1891D,N1986R,GLF4,GULFSTREAM 4,L2J,M
A18A1D,N199FF,H500,HUGHES 500,H1T,L
A18B1D,N199RM,PRM1,RAYTHEON 390 Premier 1,L2J,L
A18E1D,N2JD,PTS1,PITTS S-1 Special,L1P,L
A1921D,N200BA,GALX,GULFSTREAM G200,L2J,M
A1951D,N2005U,TF21,TAYLORCRAFT F-21,L1P,L
A1961D,N201DZ,,,,
A1971D,N201QE,M20P,MOONEY M-20,L1P,L
A1981D,N2010L,BE23,BEECH 23 Sundowner,L1P,L
A1991D,N2017X,C182,CESSNA 182 Skylane,L1P,L
A19C1D,N2022P,SREY,PROGRESSIVE AERODYNE SeaRey,A1P,L
A19D1D,N20290,C172,CESSNA 172 Skyhawk,L1P,L
A1A11D,N204CM,C172,CESSNA 172 Skyhawk,L1P,L
A1AB1D,N2063Q,C77R,CESSNA 177RG Cardinal RG,L1P,L
A1AF1D,N2075T,SR20,CIRRUS SR-20,L1P,L
A1B51D,N209TB,TB30,SOCATA TB-30 Epsilon,L1P,L
A1B61D,N2092N,C140,CESSNA 140,L1P,L
A1B81D,N21KU,M20P,MOONEY M-20,L1P,L
A1BA1D,N210GE,P210,CESSNA P210 Centurion,L1P,L
A1BB1D,N210SL,P210,CESSNA P210 Centurion,L1P,L
A1BC1D,N21017,C182,CESSNA 182 Skylane,L1P,L
A1BE1D,N211KC,C182,CESSNA 182 Skylane,L1P,L
A1C01D,N2114,PA34,PIPER PA-34 Seneca,L2P,L
A1C81D,N2138F,P32R,PIPER PA-32R-300/301/301T,L1P,L
A1CA1D,N214TX,SR22,CIRRUS SR-22,L1P,L
A1CB1D,N21428,P28A,PIPER PA-28-140/150/160/180,L1P,L
A1CD1D,N215LP,C172,CESSNA 172 Skyhawk,L1P,L
A1CF1D,N2155A,SREY,PROGRESSIVE AERODYNE SeaRey,A1P,L
A1D11D,N216PM,CLON,AUTOGYRO Cavalon,G1P,L
A1D51D,N217SK,S22T,CIRRUS SR-22T Turbo,L1P,L
A1D71D,N2179G,C182,CESSNA 182 Skylane,L1P,L
A1D81D,N218KB,,,,
A1DF1D,N22ES,T33,LOCKHEED T-33,L1J,M
A1E21D,N220MJ,SF34,SAAB 340,L2T,M
A1E41D,N2205W,PA34,PIPER PA-34 Seneca,L2P,L
A1E51D,N221EA,GLF4,GULFSTREAM 4,L2J,M
A1EA1D,N222TE,UH12,HILLER UH-12,H1P,L
A1EF1D,N2234U,C82S,CESSNA T182 Turbo Skylane,L1P,L
A1F01D,N224CP,C421,CESSNA 421 Executive Commuter,L2P,L
A1F11D,N224NV,A320,AIRBUS A-320,L2J,M
A1F41D,N225FM,B407,BELL 407,H1T,L
A1F71D,N22580,C185,CESSNA 185 Skywagon,L1P,L
A1F81D,N226JK,PA18,PIPER PA-18 Super Cub,L1P,L
A1FB1D,N227BB,AS29,SCHLEICHER ASG-29,L1P,L
A1FC1D,N227MH,B06,BELL 206 JetRanger,H1T,L
A1FF1D,N228E,CH70,ZENAIR CH-701 Stol,L1P,L
A2021D,N2287Y,PA18,PIPER PA-18 Super Cub,L1P,L
A2041D,N229TD,AS29,SCHLEICHER ASG-29,L1P,L
A2061D,N22991,C150,CESSNA 150,L1P,L
A2071D,N23KW,,,,
A2081D,N23WB,PA23,PIPER PA-23,L2P,L
A20D1D,N231KE,M20P,MOONEY M-20,L1P,L
A2131D,N2326E,PA38,PIPER PA-38 Tomahawk,L1P,L
A2171D,N2338H,ERCO,AIR PRODUCTS F-1 Aircoupe,L1P,L
A21A1D,N2343,,,,
A21B1D,N235AK,M6,MAULE M-6,L1P,L
A21E1D,N2355C,C180,CESSNA  180 Skywagon,L1P,L
A21F1D,N236DH,DAKH,FISHER Dakota Hawk,L1P,L
A2241D,N237SM,C421,CESSNA 421 Executive Commuter,L2P,L
A2271D,N238KD,C25C,CESSNA 525C Citation CJ4,L2J,M
A22F1D,N24R,CUCA,CULVER Cadet,L1P,L
A2361D,N2410Q,C182,CESSNA 182 Skylane,L1P,L
A2381D,N242HA,BE35,BEECH 35 Starfire Bonanza,L1P,L
A23A1D,N2422T,NAVI,NORTH AMERICAN Navion,L1P,L
A23B1D,N24294,AR50,AERONCA 50 Chief,L1P,L
A23D1D,N243WE,S22T,CIRRUS SR-22T Turbo,L1P,L
A2421D,N2446Z,C172,CESSNA 172 Skyhawk,L1P,L
A2441D,N245RV,RV10,VANS RV-10,L1P,L
A2451D,N2451R,P28A,PIPER PA-28-140/150/160/180,L1P,L
A2471D,N246JM,M20P,MOONEY M-20,L1P,L
A2491D,N2463U,C172,CESSNA 172 Skyhawk,L1P,L
A24B1D,N247MK,PC12,PILATUS PC-12,L1T,L
A24D1D,N2475X,C182,CESSNA 182 Skylane,L1P,L
A2521D,N249H,B212,BELL 212,H2T,L
A2541D,N2492S,T210,CESSNA T210 Turbo Centurion,L1P,L
A2561D,N25KY,LNC2,LANCAIR 200-320,L1P,L
A2571D,N25WD,P210,CESSNA P210 Centurion,L1P,L
A25A1D,N2502A,PA22,PIPER PA-22,L1P,L
A25B1D,N2509M,PARA,,P0-,-
A25E1D,N2514D,C170,CESSNA 170,L1P,L
A25F1D,N252BZ,M20P,MOONEY M-20,L1P,L
A2611D,N252YL,M20P,MOONEY M-20,L1P,L
A2651D,N25309,B14A,BELLANCA 14,L1P,L
A2661D,N2538K,BALL,,B0-,-
A26A1D,N255AM,E50P,EMBRAER EMB-500 Phenom 100,L2J,L
A26D1D,N2555E,CH7A,BELLANCA 7 Champion,L1P,L
A2751D,JY-RVV,P28A,PIPER PA-28-140/150/160/180,L1P,L
A2781D,N2584C,C170,CESSNA 170,L1P,L
A27C1D,N2596F,CH7A,BELLANCA 7 Champion,L1P,L
A27E1D,N26RB,SA75,STOLP SA-750 Acroduster Too,L1P,L
A27F1D,N260BG,AC11,NORTH AMERICAN ROCKWELL Commander 112/114,L1P,L
A2851D,N2610S,C337,CESSNA 337 Super Skymaster,L2P,L
A2861D,N26173,J3,PIPER J-3 Cub,L1P,L
A2871D,N262HC,ULAC,,L0-,-
A2891D,N2622V,C170,CESSNA 170,L1P,L
A28B1D,N263LA,AT6T,AIR TRACTOR AT-602,L1T,L
A28E1D,N264CT,C172,CESSNA 172 Skyhawk,L1P,L
A2911D,N26461,BALL,,B0-,-
A2941D,N2651T,,,,
A29A1D,N267MM,,,,
A2A21D,N269TH,O1,CESSNA 305/341 Bird Dog,L1P,L
A2A31D,N2692U,,,,
A2A41D,N26995,J4,PIPER J-4 Cub Coupe,L1P,L
A2A51D,N27L,C500,CESSNA 500 Citation 1,L2J,L
A2A61D,N27WF,SR20,CIRRUS SR-20,L1P,L
A2A81D,N270SS,,,,
A2A91D,N2702C,C170,CESSNA 170,L1P,L
A2AA1D,N2709P,PA22,PIPER PA-22,L1P,L
A2AD1D,N2714F,C182,CESSNA 182 Skylane,L1P,L
A2AE1D,N272CA,AC50,NORTH AMERICAN ROCKWELL Commander 500,L2P,L
A2AF1D,N272NG,PC12,PILATUS PC-12,L1T,L
A2B21D,N273EZ,VEZE,RUTAN VariEze,L1P,L
A2B51D,N2738M,PA12,PIPER PA-12 Super Cruiser,L1P,L
A2BC1D,N2755G,BE50,BEECH 50 Excalibur,L2P,L
A2BD1D,N276DM,RV6,VANS RV-6,L1P,L
A2C01D,N2767K,L8,LUSCOMBE 8,L1P,L
A2CD1D,N28RD,RV3,VANS RV-3,L1P,L
A2D81D,N2822X,C177,CESSNA  177 Cardinal,L1P,L
A2D91D,N28298,AA5,AMERICAN AA-5 Tiger,L1P,L
A2E01D,N28463,AA5,AMERICAN AA-5 Tiger,L1P,L
A2E51D,N286JR,CL30,BOMBARDIER BD-100 Challenger 300,L2J,M
A2E71D,N2863Y,C182,CESSNA 182 Skylane,L1P,L
A2EB1D,N28751,L8,LUSCOMBE 8,L1P,L
A2EE1D,N2880T,P28R,PIPER PA-28R-180/200/201,L1P,L
A2F41D,N29LB,AS50,AEROSPATIALE AS-350 Ecureuil,H1T,L
A2F51D,N29WH,SR22,CIRRUS SR-22,L1P,L
A2F81D,N2902E,CH7A,BELLANCA 7 Champion,L1P,L
A2FB1D,N291VS,SONX,SONEX AIRCRAFT Sonex,L1P,L
A2FC1D,N2914H,ERCO,AIR PRODUCTS F-1 Aircoupe,L1P,L
A3011D,N293FA,DRON,,D0-,-
A3021D,N293RG,EVOT,LANCAIR Evolution Turbine,L1T,L
A3041D,N2938P,LA4,LAKE LA-4/200,A1P,L
A30B1D,N2955J,C150,CESSNA 150,L1P,L
A30E1D,N2960A,C180,CESSNA  180 Skywagon,L1P,L
A31B1D,N3F,AEST,AEROSTAR 600,L2P,L
A31D1D,N30BL,SONX,SONEX AIRCRAFT Sonex,L1P,L
A31E1D,N30MS,T206,CESSNA T206 Turbo Stationair,L1P,L
A3201D,N300JC,C680,CESSNA 680 Citation Sovereign,L2J,M
A3221D,N3003K,P28A,PIPER PA-28-140/150/160/180,L1P,L
A3231D,N301AV,P28A,PIPER PA-28-140/150/160/180,L1P,L
A3241D,N301MA,TBM7,SOCATA TBM-700A/B/C,L1T,L
A3261D,N3015N,C140,CESSNA 140,L1P,L
A3271D,N302DT,UH1,BELL UH-1 Huey,H1T,L
A3291D,N3020E,CH7A,BELLANCA 7 Champion,L1P,L
A32A1D,N3027R,C320,CESSNA 320 Skyknight,L2P,L
A32E1D,N3039U,BALL,,B0-,-
A3311D,N3044L,J5,PIPER J-5 Cub Cruiser,L1P,L
A3361D,N306FD,B06,BELL 206 JetRanger,H1T,L
A3381D,N3061F,C182,CESSNA 182 Skylane,L1P,L
A3391D,N3068S,C150,CESSNA 150,L1P,L
A33A1D,N307JB,E190,EMBRAER ERJ-190-100,L2J,M
A3401D,N3085M,PA12,PIPER PA-12 Super Cruiser,L1P,L
A3461D,N31SW,SR22,CIRRUS SR-22,L1P,L
A3471D,N310DA,C310,CESSNA 310,L2P,L
A3481D,N310PG,PA31,PIPER PA-31-300/310/325/350/425,L2P,L
A34C1D,N311SE,PA32,PIPER PA-32,L1P,L
A3511D,N31234,GYRO,,G0-,-
A3521D,N313BP,TBM7,SOCATA TBM-700A/B/C,L1T,L
A3551D,N31357,DHC2,DE HAVILLAND DHC-2 Beaver,L1P,L
A3581D,N3140Z,PA22,PIPER PA-22,L1P,L
A35C1D,N31522,DHC2,DE HAVILLAND DHC-2 Beaver,L1P,L
A35D1D,N316AB,SR22,CIRRUS SR-22,L1P,L
A35E1D,N316LH,B212,BELL 212,H2T,L
A3611D,N317D,BU33,BUCKER Bu-133 Jungmeister,L1P,L
A36B1D,N31933,P32R,PIPER PA-32R-300/301/301T,L1P,L
A36C1D,N32BN,NIMB,SCHEMPP-HIRTH Nimbus,L1P,L
A36F1D,N320JE,CL30,BOMBARDIER BD-100 Challenger 300,L2J,M
A3711D,N3203M,PA12,PIPER PA-12 Super Cruiser,L1P,L
A3721D,N321AX,HUNT,HAWKER Hunter,L1J,M
A3731D,N321MC,PTS2,PITTS S-2 Special,L1P,L
A37C1D,N3232K,GC1,GLOBE Swift,L1P,L
A37D1D,N3239W,BE36,BEECH 36 Bonanza,L1P,L
A3801D,N3244N,J3,PIPER J-3 Cub,L1P,L
A3881D,N3268U,C170,CESSNA 170,L1P,L
A38B1D,N3273L,BOLT,STEEN Skybolt,L1P,L
A3921D,N3290F,C172,CESSNA 172 Skyhawk,L1P,L
A3951D,N33SY,DA40,DIAMOND DA-40 Club Star,L1P,L
A3961D,N330DC,B06,BELL 206 JetRanger,H1T,L
A3971D,N330PJ,CL30,BOMBARDIER BD-100 Challenger 300,L2J,M
A3A01D,N33236,J3,PIPER J-3 Cub,L1P,L
A3A21D,N333MX,F2TH,DASSAULT Falcon 2000,L2J,M
A3A41D,N33359,,,,
A3A71D,N33401,PA34,PIPER PA-34 Seneca,L2P,L
A3AB1D,N33524,J3,PIPER J-3 Cub,L1P,L
A3AC1D,N336AD,C336,CESSNA 336 Skymaster,L2P,L
A3B01D,N337DB,C82T,CESSNA TR182 Turbo Skylane RG,L1P,L
A3B11D,N337PH,EC35,AIRBUS HELICOPTERS EC-135/635,H2T,L
A3B41D,N338G,RV7,VANS RV-7,L1P,L
A3B71D,N3389C,BE35,BEECH 35 Starfire Bonanza,L1P,L
A3BB1D,N34BQ,T34P,BEECH T-34 Mentor,L1P,L
A3BC1D,N34MW,,,,
A3C01D,N3403P,PA23,PIPER PA-23,L2P,L
A3C41D,N3415S,C182,CESSNA 182 Skylane,L1P,L
A3C71D,N3420J,AT3T,AIR TRACTOR AT-302/402,L1T,L
A3C81D,N3427V,C190,CESSNA 190,L1P,L
A3CA1D,N343TA,P28A,PIPER PA-28-140/150/160/180,L1P,L
A3CB1D,N3432M,P28A,PIPER PA-28-140/150/160/180,L1P,L
A3CF1D,N3444Q,C320,CESSNA 320 Skyknight,L2P,L
A3D01D,N345CK,B350,BEECHCRAFT Super King Air 350,L2T,M
A3D61D,N3461K,J3,PIPER J-3 Cub,L1P,L
A3DF1D,N349DW,,,,
A3E91D,N351GC,B350,BEECHCRAFT Super King Air 350,L2T,M
A3EB1D,N35115,C177,CESSNA  177 Cardinal,L1P,L
A3EC1D,N3519F,C82S,CESSNA T182 Turbo Skylane,L1P,L
A3EF1D,N35238,C177,CESSNA  177 Cardinal,L1P,L
A3F31D,N3536A,BE55,BEECH 55 Baron,L2P,L
A3FB1D,N356AF,DV20,DIAMOND DA-20,L1P,L
A3FE1D,N35649,J3,PIPER J-3 Cub,L1P,L
A3FF1D,N357DD,,,,
A4051D,N35814,J4,PIPER J-4 Cub Coupe,L1P,L
A4071D,N359K,LJ45,LEARJET 45,L2J,M
A4091D,N35937,T206,CESSNA T206 Turbo Stationair,L1P,L
A40A1D,N36BS,,,,
A40B1D,N36MY,BE36,BEECH 36 Bonanza,L1P,L
A4101D,N361BA,GLID,,L0-,-
A4141D,N362DZ,ONEX,SONEX Onex,L1P,L
A4161D,N3620L,C172,CESSNA 172 Skyhawk,L1P,L
A4171D,N3627X,VO10,NORTH AMERICAN ROCKWELL Commander 100,L1P,L
A41B1D,N36390,P32R,PIPER PA-32R-300/301/301T,L1P,L
A41D1D,N364WA,AC90,NORTH AMERICAN ROCKWELL Turbo Commander 690/840,L2T,L
A41E1D,N3644S,C172,CESSNA 172 Skyhawk,L1P,L
A4251D,N3661M,P28R,PIPER PA-28R-180/200/201,L1P,L
A4271D,N367JH,,,,
A4281D,N367UP,B763,BOEING 767-300,L2J,H
A42A1D,N368B,BE35,BEECH 35 Starfire Bonanza,L1P,L
A42D1D,N3685T,TF19,TAYLORCRAFT F-19 Sportsman,L1P,L
A4301D,N3690K,P28A,PIPER PA-28-140/150/160/180,L1P,L
A4321D,N37GW,,,,
A4331D,N37TB,,,,
A4391D,N371SL,S22T,CIRRUS SR-22T Turbo,L1P,L
A4421D,N3736C,B738,BOEING 737-800,L2J,M
A4461D,N3748F,C172,CESSNA 172 Skyhawk,L1P,L
A4491D,N37528,B39M,BOEING 737 MAX 9,L2J,M
A44A1D,N376AH,EC45,AIRBUS HELICOPTERS EC-145,H2T,L
A4511D,N3777D,C182,CESSNA 182 Skylane,L1P,L
A4551D,N3789G,T34P,BEECH T-34 Mentor,L1P,L
A4591D,N38BU,BU33,BUCKER Bu-133 Jungmeister,L1P,L
A45A1D,N38N,BE60,BEECH 60 Duke,L2P,L
A4621D,N3815W,PA32,PIPER PA-32,L1P,L
A4631D,N382EA,EA50,ECLIPSE 550,L2J,L
A4671D,N383GZ,GAZL,AEROSPATIALE SA-341 Gazelle,H1T,L
A4691D,N3832R,C172,CESSNA 172 Skyhawk,L1P,L
A46D1D,N3844U,C336,CESSNA 336 Skymaster,L2P,L
A46E1D,N385CP,SR20,CIRRUS SR-20,L1P,L
A4711D,N3856X,VO10,NORTH AMERICAN ROCKWELL Commander 100,L1P,L
A4741D,N3861P,PA22,PIPER PA-22,L1P,L
A4751D,N38680,J3,PIPER J-3 Cub,L1P,L
A4761D,N387JK,BE36,BEECH 36 Bonanza,L1P,L
A47A1D,N388MH,ULAC,,L0-,-
A47F1D,N3890M,PA12,PIPER PA-12 Super Cruiser,L1P,L
A4801D,N3897Y,C210,CESSNA 201 Centurion,L1P,L
A4821D,N39TD,C150,CESSNA 150,L1P,L
A4861D,N3907G,T206,CESSNA T206 Turbo Stationair,L1P,L
A4891D,N39119,TAYB,TAYLORCRAFT BC/BF/BL,L1P,L
A48A1D,N3919K,P28A,PIPER PA-28-140/150/160/180,L1P,L
A48E1D,N393BX,GL7T,BOMBARDIER BD-700 Global 7000/7500,L2J,M
A4921D,N394EV,BALL,,B0-,-
A4931D,N394RA,C210,CESSNA 201 Centurion,L1P,L
A4951D,N3948H,ERCO,AIR PRODUCTS F-1 Aircoupe,L1P,L
A4A31D,N39818,BL17,BELLANCA 17 Viking,L1P,L
A4A71D,N3994A,ST75,STEARMAN Kaydet,L1P,L
A4A81D,N4BW,BE95,BEECH 95 Travel Air,L2P,L
A4A91D,N4NB,C182,CESSNA 182 Skylane,L1P,L
A4AA1D,N4YH,LNC2,LANCAIR 200-320,L1P,L
A4AB1D,N40JN,,,,
A4AD1D,N400EZ,LGEZ,RUTAN Long-EZ,L1P,L
A4AF1D,N4001A,BE18,BEECH 18 Expetitor,L2P,L
A4B01D,N4008M,PA12,PIPER PA-12 Super Cruiser,L1P,L
A4B11D,N401HX,C172,CESSNA 172 Skyhawk,L1P,L
A4B31D,N4013D,PARA,,P0-,-
A4B81D,N403DM,C310,CESSNA 310,L2P,L
A4BB1D,N4037K,NAVI,NORTH AMERICAN Navion,L1P,L
A4BF1D,N4049N,M20P,MOONEY M-20,L1P,L
A4C31D,N406C,SR22,CIRRUS SR-22,L1P,L
A4CD1D,N4083C,,,,
A4D01D,N409X,M5,MAULE M-5,L1P,L
A4D21D,N41DL,C82T,CESSNA TR182 Turbo Skylane RG,L1P,L
A4D31D,N41PS,PTS2,PITTS S-2 Special,L1P,L
A4D51D,N410LC,C130,LOCKHEED C-130 Hercules,L4T,M
A4D71D,N41040,BALL,,B0-,-
A4D81D,N411CV,T206,CESSNA T206 Turbo Stationair,L1P,L
A4E01D,N413JR,ULAC,,L0-,-
A4E31D,N414BH,LNP4,LANCAIR PropJet 4,L1T,L
A4E41D,N414MP,C414,CESSNA 414 Chancellor,L2P,L
A4ED1D,N4162W,PA32,PIPER PA-32,L1P,L
A4F11D,N4174Z,P32R,PIPER PA-32R-300/301/301T,L1P,L
A4F31D,N418P,BE36,BEECH 36 Bonanza,L1P,L
A4F51D,N41862,P32R,PIPER PA-32R-300/301/301T,L1P,L
A4F61D,N419FS,SSAB,NORTH AMERICAN F-100 Super Sabre,L1J,M
A4F91D,N41985,P28A,PIPER PA-28-140/150/160/180,L1P,L
A4FE1D,N4201C,C414,CESSNA 414 Chancellor,L2P,L
A5001D,N421HZ,C421,CESSNA 421 Executive Commuter,L2P,L
A5031D,N422AR,HUSK,CHRISTEN Husky,L1P,L
A5061D,N4225J,,,,
A5071D,N423DP,BALL,,B0-,-
A50A1D,N4237M,B06,BELL 206 JetRanger,H1T,L
A50C1D,N424ST,C82T,CESSNA TR182 Turbo Skylane RG,L1P,L
A50D1D,N4242D,BE35,BEECH 35 Starfire Bonanza,L1P,L
A50F1D,N425KK,C425,CESSNA 425 Corsair,L2T,L
A5111D,N4254G,R44,ROBINSON R-44 Raven,H1P,L
A5121D,N426CB,EA50,ECLIPSE 550,L2J,L
A5141D,N426YP,DA42,DIAMOND DA-42 Guardian,L2P,L
A5171D,N427RF,GSIS,INNOAVIATION Genesis,L1P,L
A5191D,N4278N,C140,CESSNA 140,L1P,L
A5211D,N43DN,P28B,PIPER PA-28-201T/235/236,L1P,L
A5261D,N43042,TAYB,TAYLORCRAFT BC/BF/BL,L1P,L
A5281D,N431PC,COL4,CESSNA 400 Corvalis TT,L1P,L
A52C1D,N432SA,PA34,PIPER PA-34 Seneca,L2P,L
A52D1D,N4321X,C210,CESSNA 201 Centurion,L1P,L
A52E1D,N43288,,,,
A52F1D,N433JT,SONX,SONEX AIRCRAFT Sonex,L1P,L
A5351D,N43453,,,,
A5381D,N4350V,C195,CESSNA 195,L1P,L
A53C1D,N4362Y,PA25,PIPER PA-25 Pawnee,L1P,L
A5401D,N43741,TAYB,TAYLORCRAFT BC/BF/BL,L1P,L
A5441D,N43864,TAYB,TAYLORCRAFT BC/BF/BL,L1P,L
A5471D,N4391W,UH1,BELL UH-1 Huey,H1T,L
A5491D,N44JS,ACR2,ACRO SPORT 2,L1P,L
A54D1D,N4401E,P28A,PIPER PA-28-140/150/160/180,L1P,L
A54E1D,N4408R,,,,
A5511D,N4413H,M20P,MOONEY M-20,L1P,L
A5521D,N442AT,ULAC,,L0-,-
A5551D,N4425L,,,,
A5581D,N4430C,C182,CESSNA 182 Skylane,L1P,L
A55C1D,N4442F,C172,CESSNA 172 Skyhawk,L1P,L
A55D1D,N4449S,BE95,BEECH 95 Travel Air,L2P,L
A5601D,N4454J,P28A,PIPER PA-28-140/150/160/180,L1P,L
A5611D,N446CD,SR20,CIRRUS SR-20,L1P,L
A5691D,N448J,BE35,BEECH 35 Starfire Bonanza,L1P,L
A56C1D,N449AS,R44,ROBINSON R-44 Raven,H1P,L
A56F1D,N4495K,NAVI,NORTH AMERICAN Navion,L1P,L
A5711D,N45PW,SR22,CIRRUS SR-22,L1P,L
A5721D,N450AA,P28A,PIPER PA-28-140/150/160/180,L1P,L
A5741D,N450WN,B737,BOEING 737-700,L2J,M
A5751D,N45044,BALL,,B0-,-
A57A1D,N452FX,GLF4,GULFSTREAM 4,L2J,M
A57B1D,N452SC,BE35,BEECH 35 Starfire Bonanza,L1P,L
A57C1D,N4521Z,PA22,PIPER PA-22,L1P,L
A5811D,N454BM,C172,CESSNA 172 Skyhawk,L1P,L
A5841D,N45455,P51,NORTH AMERICAN P-51 Mustang,L1P,L
A5871D,N4550X,P28A,PIPER PA-28-140/150/160/180,L1P,L
A59C1D,N4601G,C172,CESSNA 172 Skyhawk,L1P,L
A5A21D,N462MA,MU2,MITSUBISHI MU-2 Marquise,L2T,L
A5A71D,N4630E,CH7A,BELLANCA 7 Champion,L1P,L
A5A81D,N4637R,P28A,PIPER PA-28-140/150/160/180,L1P,L
A5A91D,N464GR,GLF6,GULFSTREAM G650,L2J,M
A5AB1D,N4642H,PA17,PIPER PA-17 Vagabond Trainer,L1P,L
A5AC1D,N4649U,T206,CESSNA T206 Turbo Stationair,L1P,L
A5B71D,N4678S,GLID,,L0-,-
A5B81D,N468JB,GALX,GULFSTREAM G200,L2J,M
A5BE1D,N4695M,PA11,PIPER PA-11 Cub Special,L1P,L
A5BF1D,N47DS,C310,CESSNA 310,L2P,L
A5C41D,N47046,TAYD,TAYLORCRAFT DC/DF/DL,L1P,L
A5C51D,N471DA,SR20,CIRRUS SR-20,L1P,L
A5C81D,N47169,VP2,EVANS Volksplane,L1P,L
A5D61D,N4750Z,PA22,PIPER PA-22,L1P,L
A5D71D,N4758,COUG,ACRO SPORT Cougar,L1P,L
A5DA1D,N47622,P28A,PIPER PA-28-140/150/160/180,L1P,L
A5DB1D,N477AB,,,,
A5E21D,N47868,P28A,PIPER PA-28-140/150/160/180,L1P,L
A5E61D,N4799A,C152,CESSNA 152,L1P,L
A5E71D,N48JW,PTS1,PITTS S-1 Special,L1P,L
A5E81D,N48VB,T206,CESSNA T206 Turbo Stationair,L1P,L
A5EB1D,N4801J,BE95,BEECH 95 Travel Air,L2P,L
A5EC1D,N4808V,ST75,STEARMAN Kaydet,L1P,L
A5EF1D,N4813M,BE36,BEECH 36 Bonanza,L1P,L
A5F11D,N482MC,B744,BOEING 747-400,L4J,H
A5F61D,N4830G,C172,CESSNA 172 Skyhawk,L1P,L
A5FA1D,N4842K,P210,CESSNA P210 Centurion,L1P,L
A6091D,N4883L,P28A,PIPER PA-28-140/150/160/180,L1P,L
A60D1D,N4895P,PA23,PIPER PA-23,L2P,L
A6101D,N490AE,B06,BELL 206 JetRanger,H1T,L
A6141D,N491DC,LNP4,LANCAIR PropJet 4,L1T,L
A6171D,N4917A,PA44,PIPER PA-44 Seminole,L2P,L
A61B1D,N4929D,C182,CESSNA 182 Skylane,L1P,L
A61E1D,N49336,PTS1,PITTS S-1 Special,L1P,L
A6271D,N496HM,C172,CESSNA 172 Skyhawk,L1P,L
A6291D,N49624,J3,PIPER J-3 Cub,L1P,L
A62F1D,N498PH,B407,BELL 407,H1T,L
A6351D,N4999C,R22,ROBINSON R-22 Mariner,H1P,L
A6361D,N5JY,WAIX,SONEX Waiex,L1P,L
A6371D,N5VD,PA34,PIPER PA-34 Seneca,L2P,L
A63A1D,N500BV,DFLY,VIKING Dragonfly,L1P,L
A63B1D,N500NA,DA40,DIAMOND DA-40 Club Star,L1P,L
A63E1D,N501ET,DRON,,D0-,-
A6431D,N502TX,E50P,EMBRAER EMB-500 Phenom 100,L2J,L
A64C1D,N5047D,C182,CESSNA 182 Skylane,L1P,L
A64D1D,N505GD,GA5C,GULFSTREAM G500,L2J,M
A64E1D,N505SK,B505,BELL 505 JetRanger X,H1T,L
A6501D,N5059G,CH7A,BELLANCA 7 Champion,L1P,L
A6511D,N506KB,BE30,BEECH 300 Super King Air,L2T,L
A6571D,N5076B,BALL,,B0-,-
A6581D,N508ES,SA30,STOLP Starduster Too,L1P,L
A65B1D,N5088E,C185,CESSNA 185 Skywagon,L1P,L
A65D1D,N509TW,PA18,PIPER PA-18 Super Cub,L1P,L
A65E1D,N50927,AT3T,AIR TRACTOR AT-302/402,L1T,L
A65F1D,N51AG,UH1,BELL UH-1 Huey,H1T,L
A6631D,N510TE,P28R,PIPER PA-28R-180/200/201,L1P,L
A6651D,N51092,C172,CESSNA 172 Skyhawk,L1P,L
A6671D,N511WC,ZZZZ,,-0-,-
A6681D,N5114U,C72R,CESSNA 172R Cutlass RG,L1P,L
A6691D,N512CP,SR22,CIRRUS SR-22,L1P,L
A66D1D,N513FM,,,,
A66E1D,N513RT,GLAS,Glasair,L1P,L
A6701D,N51380,C172,CESSNA 172 Skyhawk,L1P,L
A6731D,N5143S,C82R,CESSNA R182 Skylane RG,L1P,L
A6741D,N515BB,C82R,CESSNA R182 Skylane RG,L1P,L
A6751D,N515MH,SR22,CIRRUS SR-22,L1P,L
A6761D,N515XP,ULAC,,L0-,-
A6771D,N5155V,,,,
A6801D,N518KW,BALL,,B0-,-
A6811D,N518WB,,,,
A6881D,N52RS,C25B,CESSNA 525B Citation CJ3,L2J,L
A68C1D,N5206E,C180,CESSNA  180 Skywagon,L1P,L
A68F1D,N52107,ST75,STEARMAN Kaydet,L1P,L
A6971D,N5235C,C206,CESSNA  206 Stationair,L1P,L
A69B1D,N5247F,PA32,PIPER PA-32,L1P,L
A69D1D,N525SM,C25A,CESSNA 525A Citation CJ2,L2J,L
A69E1D,N52518,ST75,STEARMAN Kaydet,L1P,L
A6A41D,N527NB,H60,SIKORSKY UH-60 Black Hawk,H2T,M
A6A81D,N528R,S22T,CIRRUS SR-22T Turbo,L1P,L
A6A91D,N52806,C172,CESSNA 172 Skyhawk,L1P,L
A6AA1D,N5288G,M20P,MOONEY M-20,L1P,L
A6AE1D,N53AJ,BE60,BEECH 60 Duke,L2P,L
A6B01D,N53WW,BE36,BEECH 36 Bonanza,L1P,L
A6B31D,N5302T,C172,CESSNA 172 Skyhawk,L1P,L
A6B71D,N5314W,P28A,PIPER PA-28-140/150/160/180,L1P,L
A6BE1D,N5331R,C172,CESSNA 172 Skyhawk,L1P,L
A6C41D,N535MK,PC12,PILATUS PC-12,L1T,L
A6C91D,N5360P,PA24,PIPER PA-24 Comanche,L1P,L
A6CA1D,N53670,P337,CESSNA P337 Skymaster,L2P,L
A6CD1D,N5372S,SR22,CIRRUS SR-22,L1P,L
A6CE1D,N53793,ST75,STEARMAN Kaydet,L1P,L
A6D91D,N540NE,C402,CESSNA 402 Businessliner,L2P,L
A6DC1D,N541EX,COZY,CO-Z Cozy,L1P,L
A6DE1D,N54109,PA23,PIPER PA-23,L2P,L
A6DF1D,N5418K,NAVI,NORTH AMERICAN Navion,L1P,L
A6E21D,N5423B,C182,CESSNA 182 Skylane,L1P,L
A6E31D,N543AM,HUSK,CHRISTEN Husky,L1P,L
A6E61D,N5435E,C172,CESSNA 172 Skyhawk,L1P,L
A6EA1D,N5447H,PA18,PIPER PA-18 Super Cub,L1P,L
A6EB1D,N545GH,C25C,CESSNA 525C Citation CJ4,L2J,M
A6EE1D,N5459L,AA5,AMERICAN AA-5 Tiger,L1P,L
A6F11D,N5464C,C170,CESSNA 170,L1P,L
A6F31D,N547ND,C172,CESSNA 172 Skyhawk,L1P,L
A6F51D,N5476F,,,,
A6F81D,N54808,PA23,PIPER PA-23,L2P,L
A6F91D,N5488J,C310,CESSNA 310,L2P,L
A6FC1D,N5493A,T210,CESSNA T210 Turbo Centurion,L1P,L
A6FD1D,N55AL,G280,GULFSTREAM G280,L2J,M
A6FE1D,N55LS,FDCT,FLIGHT DESIGN CT,L1P,L
A6FF1D,N55WY,BE95,BEECH 95 Travel Air,L2P,L
A7001D,N550HC,C550,CESSNA 550 Citation S2,L2J,L
A7011D,N550TJ,C550,CESSNA 550 Citation S2,L2J,L
A7031D,N55096,P28A,PIPER PA-28-140/150/160/180,L1P,L
A7041D,N551LA,R44,ROBINSON R-44 Raven,H1P,L
A7061D,N5514Y,PARA,,P0-,-
A70A1D,N55261,P28A,PIPER PA-28-140/150/160/180,L1P,L
A70D1D,N5531T,C172,CESSNA 172 Skyhawk,L1P,L
A7111D,N5543W,P28A,PIPER PA-28-140/150/160/180,L1P,L
A7121D,N555BF,ST75,STEARMAN Kaydet,L1P,L
A7141D,N555XT,LNP4,LANCAIR PropJet 4,L1T,L
A7151D,N5555Z,PA22,PIPER PA-22,L1P,L
A71B1D,N557TH,C150,CESSNA 150,L1P,L
A71C1D,N5572U,P28A,PIPER PA-28-140/150/160/180,L1P,L
A7241D,N55960,P28R,PIPER PA-28R-180/200/201,L1P,L
A7261D,N56RW,,,,
A7271D,N560CA,P46T,PIPER PA-46-500TP,L1T,L
A7281D,N560NG,PC12,PILATUS PC-12,L1T,L
A72D1D,N5611A,C172,CESSNA 172 Skyhawk,L1P,L
A72E1D,N5618M,TAYB,TAYLORCRAFT BC/BF/BL,L1P,L
A7321D,N563AP,BE36,BEECH 36 Bonanza,L1P,L
A7351D,N5635G,BE35,BEECH 35 Starfire Bonanza,L1P,L
A7371D,N564PT,DC3,DOUGLAS DC-3 Dakota,L2P,M
A73D1D,N5659N,M5,MAULE M-5,L1P,L
A7411D,N567C,S108,STINSON 108 Voyager,L1P,L
A7441D,N5676H,PA16,PIPER PA-16 Clipper,L1P,L
A7471D,N5681,GLID,,L0-,-
A7481D,N5688L,,,,
A74B1D,N5693C,C140,CESSNA 140,L1P,L
A74C1D,N57AN,EXEC,ROTORWAY Exec,H1P,L
A7571D,N572PA,,,,
A75C1D,N5731V,BE95,BEECH 95 Travel Air,L2P,L
A75D1D,N57386,CH7B,BELLANCA 7 Citabria,L1P,L
A7671D,N5760T,M20P,MOONEY M-20,L1P,L
A7681D,N57674,CH7A,BELLANCA 7 Champion,L1P,L
A76B1D,N5772W,P28A,PIPER PA-28-140/150/160/180,L1P,L
A76C1D,N57797,L5,STINSON Sentinel,L1P,L
A7731D,N57962,,,,
A7741D,N58FS,EN28,ENSTROM F-28,H1P,L
A7761D,N580CC,C82S,CESSNA T182 Turbo Skylane,L1P,L
A7791D,N5806L,,,,
A77C1D,N5811C,M20P,MOONEY M-20,L1P,L
A7831D,N583XC,,,,
A78B1D,N5852D,PA22,PIPER PA-22,L1P,L
A78C1D,N5859Q,M20P,MOONEY M-20,L1P,L
A78F1D,N5864G,C150,CESSNA 150,L1P,L
A7901D,N587CB,T6,NORTH AMERICAN T-6 Texan,L1P,L
A79A1D,N5893E,C150,CESSNA 150,L1P,L
A7A01D,N5902Z,PA22,PIPER PA-22,L1P,L
A7A41D,N59142,ST75,STEARMAN Kaydet,L1P,L
A7AB1D,N5931X,BRB2,BRANTLY B-2,H1P,L
A7B21D,N595XX,BE58,BEECH 58 Baron,L2P,L
A7B31D,N59553,B06,BELL 206 JetRanger,H1T,L
A7B81D,N597HF,DRON,,D0-,-
A7BA1D,N5972Y,PA23,PIPER PA-23,L2P,L
A7BF1D,N599CW,RV12,VANS RV-12,L1P,L
A7C01D,N599PB,PC12,PILATUS PC-12,L1T,L
A7C51D,N60CE,RV6,VANS RV-6,L1P,L
A7C71D,N60YS,AC80,NORTH AMERICAN ROCKWELL Turbo Commander 680,L2T,L
A7CA1D,N60034,SR22,CIRRUS SR-22,L1P,L
A7D11D,N6020Z,C82S,CESSNA T182 Turbo Skylane,L1P,L
A7D21D,N6028,,,,
A7D91D,N60445,C82S,CESSNA T182 Turbo Skylane,L1P,L
A7DA1D,N605D,RV12,VANS RV-12,L1P,L
A7DB1D,N605PF,CH2T,ZENAIR CH-2000 Zenith,L1P,L
A7DD1D,N60568,C150,CESSNA 150,L1P,L
A7E11D,N6069A,BE20,BEECH 200 Super King Air,L2T,M
A7E21D,N607JW,P32R,PIPER PA-32R-300/301/301T,L1P,L
A7E41D,N60733,PA18,PIPER PA-18 Super Cub,L1P,L
A7EA1D,N609QS,C56X,CESSNA 560XL Citation XLS,L2J,M
A7F11D,N6100G,C150,CESSNA 150,L1P,L
A7F31D,N611GT,P180,PIAGGIO P-180 Avanti,L2T,L
A7F51D,N6112K,C150,CESSNA 150,L1P,L
A7F91D,N6124N,BE19,BEECH 19 Sport,L1P,L
A7FA1D,N613CH,,,,
A8021D,N615JD,H25B,HAWKER BEECHCRAFT Hawker 750/850,L2J,M
A8041D,N6153L,,,,
A8061D,N616MB,SR22,CIRRUS SR-22,L1P,L
A80B1D,N6170F,C210,CESSNA 201 Centurion,L1P,L
A8101D,N6189V,LA4,LAKE LA-4/200,A1P,L
A8141D,N62CG,C150,CESSNA 150,L1P,L
A8151D,N62NN,DA62,DIAMOND DA-62,L2P,L
A81B1D,N621MX,DRON,,D0-,-
A81D1D,N62159,ST75,STEARMAN Kaydet,L1P,L
A81E1D,N622EP,VEZE,RUTAN VariEze,L1P,L
A8201D,N62201,ST75,STEARMAN Kaydet,L1P,L
A8251D,N624AD,AS55,AEROSPATIALE AS-355 Ecureuil 2,H2T,L
A8281D,N62447,C172,CESSNA 172 Skyhawk,L1P,L
A8291D,N625DB,RV7,VANS RV-7,L1P,L
A82E1D,N626SF,L39,LET L-39 Albatros,L1J,L
A8301D,N6269C,P28A,PIPER PA-28-140/150/160/180,L1P,L
A8371D,N62858,PA31,PIPER PA-31-300/310/325/350/425,L2P,L
A83B1D,N6298A,C182,CESSNA 182 Skylane,L1P,L
A83C1D,N63HL,SR22,CIRRUS SR-22,L1P,L
A83D1D,N63TS,ULAC,,L0-,-
A8401D,N6300J,P28A,PIPER PA-28-140/150/160/180,L1P,L
A8431D,N631TA,BE36,BEECH 36 Bonanza,L1P,L
A8481D,N6324Q,M20P,MOONEY M-20,L1P,L
A8491D,N633CK,BE33,BEECH 33 Bonanza,L1P,L
A84F1D,N6341K,C150,CESSNA 150,L1P,L
A8501D,N6348W,P28A,PIPER PA-28-140/150/160/180,L1P,L
A8571D,N6365R,P28A,PIPER PA-28-140/150/160/180,L1P,L
A85E1D,N6382L,AA5,AMERICAN AA-5 Tiger,L1P,L
A8611D,N639VY,,,,
A8621D,N6394P,PA24,PIPER PA-24 Comanche,L1P,L
A8631D,N64CJ,PA18,PIPER PA-18 Super Cub,L1P,L
A86C1D,N6416A,C182,CESSNA 182 Skylane,L1P,L
A86E1D,N642QX,E75L,EMBRAER ERJ-170-200 (long wing),L2J,M
A86F1D,N64203,C172,CESSNA 172 Skyhawk,L1P,L
A8711D,N643HP,SA11,STITS SA-11 Playmate,L1P,L
A8731D,N64326,ULAC,,L0-,-
A8741D,N644AF,R44,ROBINSON R-44 Raven,H1P,L
A8771D,N64449,C172,CESSNA 172 Skyhawk,L1P,L
A8781D,N645DD,RV8,VANS RV-8,L1P,L
A87B1D,N6457B,T210,CESSNA T210 Turbo Centurion,L1P,L
A8801D,N647K,G2T1,GREAT LAKES 2T-1,L1P,L
A8831D,N648BS,AS21,SCHLEICHER ASK-21,L1P,L
A88F1D,N6500L,COL3,CESSNA 350 Corvalis,L1P,L
A8901D,N6507X,C210,CESSNA 201 Centurion,L1P,L
A8921D,N651TC,B350,BEECHCRAFT Super King Air 350,L2T,M
A8931D,N6512P,,,,
A8981D,N653CM,KP5,JIHLAVAN KP-5 Skyleader,L1P,L
A89E1D,N6541M,C182,CESSNA 182 Skylane,L1P,L
A8A01D,N655JH,LJ35,LEARJET 35,L2J,M
A8A41D,N656MF,C172,CESSNA 172 Skyhawk,L1P,L
A8AA1D,N6577W,P28A,PIPER PA-28-140/150/160/180,L1P,L
A8AD1D,N6582N,B14A,BELLANCA 14,L1P,L
A8B11D,N6594R,BE19,BEECH 19 Sport,L1P,L
A8B21D,N66CL,C421,CESSNA 421 Executive Commuter,L2P,L
A8B31D,N66NS,COL4,CESSNA 400 Corvalis TT,L1P,L
A8B41D,N66YY,ERCO,AIR PRODUCTS F-1 Aircoupe,L1P,L
A8B91D,N661NA,T28,NORTH AMERICAN T-28,L1P,L
A8BF1D,N6628F,DUCE,BAKENG Duce,L1P,L
A8C01D,N663HR,DRON,,D0-,-
A8C21D,N66328,F104,LOCKHEED F-104 Starfighter,L1J,M
A8C61D,N6645A,PA23,PIPER PA-23,L2P,L
A8CA1D,N6657D,L37,LOCKHEED L-137 Ventura,L2P,M
A8CC1D,N666SK,SA30,STOLP Starduster Too,L1P,L
A8D11D,N66739,C150,CESSNA 150,L1P,L
A8D51D,N6686B,C310,CESSNA 310,L2P,L
A8DB1D,N67TW,C680,CESSNA 680 Citation Sovereign,L2J,M
A8DF1D,N6707Z,PA25,PIPER PA-25 Pawnee,L1P,L
A8E21D,N6712R,T210,CESSNA T210 Turbo Centurion,L1P,L
A8E71D,N673CP,B429,BELL 429 GlobalRanger,H2T,L
A8ED1D,N6741P,PA24,PIPER PA-24 Comanche,L1P,L
A8F91D,N6777Y,PA23,PIPER PA-23,L2P,L
A8FF1D,N679WB,PEGZ,PEGASE AERO Pegazair,L1P,L
A9011D,N68CN,P28R,PIPER PA-28R-180/200/201,L1P,L
A9031D,N68Z,NIMB,SCHEMPP-HIRTH Nimbus,L1P,L
A9061D,N6804B,PA22,PIPER PA-22,L1P,L
A90E1D,N6828H,J3,PIPER J-3 Cub,L1P,L
A9121D,N684AK,PC12,PILATUS PC-12,L1T,L
A91D1D,N6869J,P28A,PIPER PA-28-140/150/160/180,L1P,L
A9201D,N6874A,C172,CESSNA 172 Skyhawk,L1P,L
A9241D,N6886D,RV12,VANS RV-12,L1P,L
A9291D,N69HS,GLAS,Glasair,L1P,L
A92A1D,N69TY,CRER,RANS Courier,L1P,L
A92B1D,N690EC,FA20,DASSAULT Falcon 200,L2J,M
A92D1D,N6900Q,BE23,BEECH 23 Sundowner,L1P,L
A9311D,N6912T,P06T,TECNAM P-2006T,L2P,L
A9351D,N6924W,P28A,PIPER PA-28-140/150/160/180,L1P,L
A9391D,N6936Z,PA25,PIPER PA-25 Pawnee,L1P,L
A9401D,N6953U,BALL,,B0-,-
A94F1D,N6994V,M20P,MOONEY M-20,L1P,L
A9501D,N7CQ,C25A,CESSNA 525A Citation CJ2,L2J,L
A9521D,N7ZB,RV7,VANS RV-7,L1P,L
A9531D,N70KG,VVIG,RUTAN VariViggen,L1P,L
A9591D,N701JR,CH70,ZENAIR CH-701 Stol,L1P,L
A95C1D,N702BH,CH70,ZENAIR CH-701 Stol,L1P,L
A95D1D,N702MP,B06,BELL 206 JetRanger,H1T,L
A9631D,N70374,TAYD,TAYLORCRAFT DC/DF/DL,L1P,L
A9641D,N704HD,C150,CESSNA 150,L1P,L
A9651D,N704TK,WAIX,SONEX Waiex,L1P,L
A9671D,N70497,J3,PIPER J-3 Cub,L1P,L
A9681D,N705LB,CRUZ,CSA PS-28 Cruiser,L1P,L
A9691D,N705WH,P28R,PIPER PA-28R-180/200/201,L1P,L
A96C1D,N706P,FA50,DASSAULT Falcon 50,L3J,M
A9741D,N708UW,A319,AIRBUS A-319,L2J,M
A97A1D,N71EE,TBM7,SOCATA TBM-700A/B/C,L1T,L
A97C1D,N710AR,GYRO,,G0-,-
A97F1D,N7105J,BALL,,B0-,-
A9801D,N711DP,GLID,,L0-,-
A9811D,N711PV,FA7X,DASSAULT Falcon 7X,L3J,M
A9831D,N7117M,C175,CESSNA 175 Skylark,L1P,L
A9851D,N712ST,AS20,SCHLEICHER ASW-20,L1P,L
A9871D,N7129Q,C172,CESSNA 172 Skyhawk,L1P,L
A9881D,N713KK,J3,PIPER J-3 Cub,L1P,L
A98B1D,N714CB,B737,BOEING 737-700,L2J,M
A98C1D,N714NH,C150,CESSNA 150,L1P,L
A98F1D,N715F,DC3,DOUGLAS DC-3 Dakota,L2P,M
A9921D,N7158N,DH82,DE HAVILLAND DH-82 Tiger Moth,L1P,L
A9951D,N7163E,ULAC,,L0-,-
A9991D,N7175H,J3,PIPER J-3 Cub,L1P,L
A99E1D,N719GL,B190,BEECH 1900,L2T,M
A99F1D,N719SS,HDJT,HONDA HondaJet,L2J,L
A9A11D,N7199P,PA24,PIPER PA-24 Comanche,L1P,L
A9A21D,N72KJ,,,,
A9A61D,N7201X,M20P,MOONEY M-20,L1P,L
A9AB1D,N722BK,DISC,SCHEMPP-HIRTH Discus,L1P,L
A9AE1D,N72253,BE36,BEECH 36 Bonanza,L1P,L
A9B31D,N724HF,PC12,PILATUS PC-12,L1T,L
A9B41D,N724TM,C172,CESSNA 172 Skyhawk,L1P,L
A9B61D,N72499,C140,CESSNA 140,L1P,L
A9BA1D,N726CW,DRON,,D0-,-
A9BD1D,N72664,C72R,CESSNA 172R Cutlass RG,L1P,L
A9BF1D,N727S,SR22,CIRRUS SR-22,L1P,L
A9C21D,N728JS,P28A,PIPER PA-28-140/150/160/180,L1P,L
A9C51D,N729BJ,ULAC,,L0-,-
A9CE1D,N7305L,C152,CESSNA 152,L1P,L
A9D11D,N7310C,P28A,PIPER PA-28-140/150/160/180,L1P,L
A9D31D,N732GP,C210,CESSNA 201 Centurion,L1P,L
A9D51D,N7322F,P28A,PIPER PA-28-140/150/160/180,L1P,L
A9D61D,N7329S,C182,CESSNA 182 Skylane,L1P,L
A9D71D,N733KM,T206,CESSNA T206 Turbo Stationair,L1P,L
A9DA1D,N734CD,SR22,CIRRUS SR-22,L1P,L
A9DB1D,N734NK,C172,CESSNA 172 Skyhawk,L1P,L
A9E21D,N736J,JAB4,JABIRU J200-450,L1P,L
A9E31D,N736UF,C172,CESSNA 172 Skyhawk,L1P,L
A9E41D,N7363G,C172,CESSNA 172 Skyhawk,L1P,L
A9E51D,N737AS,B738,BOEING 737-800,L2J,M
A9E61D,N737LY,C172,CESSNA 172 Skyhawk,L1P,L
A9E71D,N737XD,C182,CESSNA 182 Skylane,L1P,L
A9EA1D,N738PW,C182,CESSNA 182 Skylane,L1P,L
A9EC1D,N7387N,C182,CESSNA 182 Skylane,L1P,L
A9F11D,N74KL,WAIX,SONEX Waiex,L1P,L
A9F31D,N740FX,C208,CESSNA 208 Caravan,L1T,L
A9F41D,N740SC,SF50,CIRRUS SF-50 Vision,L1J,L
A9FB1D,RA-01618,B407,BELL 407,H1T,L
AA011D,N74378,B14A,BELLANCA 14,L1P,L
AA031D,N744TP,R44,ROBINSON R-44 Raven,H1P,L
AA051D,N745A,B737,BOEING 737-700,L2J,M
AA081D,N74543,R44,ROBINSON R-44 Raven,H1P,L
AA0C1D,N74666,R44,ROBINSON R-44 Raven,H1P,L
AA0D1D,N747FW,ULAC,,L0-,-
AA0E1D,N747SB,BE58,BEECH 58 Baron,L2P,L
AA0F1D,N7471Y,PA30,PIPER PA-30 Twin Comanche,L2P,L
AA121D,N748V,FLE2,FLEET 2,L1P,L
AA171D,N74954,PA18,PIPER PA-18 Super Cub,L1P,L
AA1A1D,N750AV,A320,AIRBUS A-320,L2J,M
AA1D1D,N7505N,BE36,BEECH 36 Bonanza,L1P,L
AA201D,N7510E,R22,ROBINSON R-22 Mariner,H1P,L
AA211D,N7517R,P28A,PIPER PA-28-140/150/160/180,L1P,L
AA251D,N7529U,C172,CESSNA 172 Skyhawk,L1P,L
AA261D,N753KP,C208,CESSNA 208 Caravan,L1T,L
AA281D,N7534L,R22,ROBINSON R-22 Mariner,H1P,L
AA2E1D,N755RK,P32R,PIPER PA-32R-300/301/301T,L1P,L
AA301D,N7558S,C182,CESSNA 182 Skylane,L1P,L
AA311D,N756JB,C182,CESSNA 182 Skylane,L1P,L
AA321D,N756UH,C182,CESSNA 182 Skylane,L1P,L
AA331D,N7563J,P28R,PIPER PA-28R-180/200/201,L1P,L
AA3C1D,N759GQ,C182,CESSNA 182 Skylane,L1P,L
AA451D,N7609B,,,,
AA4A1D,N762MV,SF50,CIRRUS SF-50 Vision,L1J,L
AA4C1D,N76257,C120,CESSNA 120,L1P,L
AA501D,N7638,GLID,,L0-,-
AA581D,N766D,WACF,WACO F,L1P,L
AA5D1D,N767SD,VELO,Velocity,L1P,L
AA5E1D,N76710,C120,CESSNA 120,L1P,L
AA651D,N769Y,ZZZZ,,-0-,-
AA671D,N77EL,SREY,PROGRESSIVE AERODYNE SeaRey,A1P,L
AA691D,N770AX,DO27,DORNIER Do-27,L1P,L
AA701D,N7717T,C172,CESSNA 172 Skyhawk,L1P,L
AA771D,N7734N,P28A,PIPER PA-28-140/150/160/180,L1P,L
AA781D,N774CH,DRON,,D0-,-
AA7B1D,N7746R,PARA,,P0-,-
AA7D1D,N775RM,,,,
AA801D,N776JD,S22T,CIRRUS SR-22T Turbo,L1P,L
AA831D,N777AW,BE20,BEECH 200 Super King Air,L2T,M
AA841D,N777MB,C172,CESSNA 172 Skyhawk,L1P,L
AA861D,N7775P,VELO,Velocity,L1P,L
AA891D,N7780F,C150,CESSNA 150,L1P,L
AA8E1D,N7799V,A9,NORTH AMERICAN ROCKWELL A-9 Sparrow Commander,L1P,L
AA901D,N78VW,SVNH,AEROTEC Savannah,L1P,L
AA911D,N780GA,GA7,DAHER-SOCATA TB-360 Tangara,L2P,L
AA931D,N78013,B772,BOEING 777-200,L2J,H
AA971D,N78136,GC1,GLOBE Swift,L1P,L
AA9B1D,N78259,PA11,PIPER PA-11 Cub Special,L1P,L
AAA11D,N784TT,C425,CESSNA 425 Corsair,L2T,L
AAA21D,N78424,C172,CESSNA 172 Skyhawk,L1P,L
AAA31D,N785AD,F2TH,DASSAULT Falcon 2000,L2J,M
AAA61D,N78547,PA12,PIPER PA-12 Super Cruiser,L1P,L
AAA71D,N786DB,RV6,VANS RV-6,L1P,L
AAAB1D,N787G,C340,CESSNA 340 Super,L2P,L
AAAC1D,N787SF,G103,GROB G-103 Twin 3SL,L1P,L
AAB11D,N78835,PA11,PIPER PA-11 Cub Special,L1P,L
AAB31D,N789MW,GLID,,L0-,-
AAC21D,N7922M,BE35,BEECH 35 Starfire Bonanza,L1P,L
AAC31D,N7929Y,PA30,PIPER PA-30 Twin Comanche,L2P,L
AACA1D,N7946T,C175,CESSNA 175 Skylark,L1P,L
AAD11D,N7963N,P28A,PIPER PA-28-140/150/160/180,L1P,L
AAD51D,N7975R,BE35,BEECH 35 Starfire Bonanza,L1P,L
AAD91D,N7987U,C172,CESSNA 172 Skyhawk,L1P,L
AADB1D,N799T,C77R,CESSNA 177RG Cardinal RG,L1P,L
AADE1D,N8KS,COY2,RANS Coyote 2,L1P,L
AAE11D,N80SJ,,,,
AAE21D,N800CP,M7,MAULE M-7,L1P,L
AAE61D,N801FM,RV8,VANS RV-8,L1P,L
AAE71D,N801RT,S52,SIKORSKY S-52,H1P,L
AAE81D,N8011P,PA24,PIPER PA-24 Comanche,L1P,L
AAEC1D,N8023S,C150,CESSNA 150,L1P,L
AAFB1D,N8064T,C175,CESSNA 175 Skylark,L1P,L
AAFF1D,N8076W,P28A,PIPER PA-28-140/150/160/180,L1P,L
AB001D,N808FL,,,,
AB011D,N808RS,EXEC,ROTORWAY Exec,H1P,L
AB021D,N8081N,ULAC,,L0-,-
AB031D,N8088Z,P28B,PIPER PA-28-201T/235/236,L1P,L
AB061D,N8093R,BE35,BEECH 35 Starfire Bonanza,L1P,L
AB071D,N81BA,P28A,PIPER PA-28-140/150/160/180,L1P,L
AB0D1D,N811AK,RV7,VANS RV-7,L1P,L
AB151D,N813GF,C72R,CESSNA 172R Cutlass RG,L1P,L
AB161D,N813SM,RBEL,MURPHY Rebel,L1P,L
AB171D,N81318,FA24,FAIRCHILD F-24 Argus,L1P,L
AB1B1D,N8144A,PA32,PIPER PA-32,L1P,L
AB1F1D,N8156D,PA22,PIPER PA-22,L1P,L
AB221D,N81606,CH7A,BELLANCA 7 Champion,L1P,L
AB241D,N817HS,RV9,VANS RV-9,L1P,L
AB261D,N81729,RV6,VANS RV-6,L1P,L
AB271D,N818AJ,AT8T,AIR TRACTOR AT-802,L1T,M
AB291D,N818WW,RV4,VANS RV-4,L1P,L
AB301D,N82SL,C182,CESSNA 182 Skylane,L1P,L
AB341D,N8206Z,C210,CESSNA 201 Centurion,L1P,L
AB3B1D,N8223U,C172,CESSNA 172 Skyhawk,L1P,L
AB421D,N8240P,PA18,PIPER PA-18 Super Cub,L1P,L
AB431D,N82470,P32R,PIPER PA-32R-300/301/301T,L1P,L
AB441D,N825H,B214,BELL 214,H1T,M
AB461D,N8252S,,,,
AB471D,N82593,P28R,PIPER PA-28R-180/200/201,L1P,L
AB491D,N826WD,RV7,VANS RV-7,L1P,L
AB4A1D,N8264V,P28A,PIPER PA-28-140/150/160/180,L1P,L
AB4C1D,N827NW,A333,AIRBUS A-330-300,L2J,H
AB4E1D,N8276Y,C180,CESSNA  180 Skywagon,L1P,L
AB511D,N8281Q,T206,CESSNA T206 Turbo Stationair,L1P,L
AB521D,N82881,CH7A,BELLANCA 7 Champion,L1P,L
AB551D,N8293T,C175,CESSNA 175 Skylark,L1P,L
AB561D,N83BC,PA11,PIPER PA-11 Cub Special,L1P,L
AB571D,N83MJ,ULAC,,L0-,-
AB5A1D,N830UA,A319,AIRBUS A-319,L2J,M
AB5B1D,N8303B,C172,CESSNA 172 Skyhawk,L1P,L
AB5C1D,N831AM,SR22,CIRRUS SR-22,L1P,L
AB631D,N8327H,P28R,PIPER PA-28R-180/200/201,L1P,L
AB651D,N833SP,,,,
AB661D,N8332,CRBN,CURTISS-ROBERTSON Robin,L1P,L
AB671D,N8339L,C172,CESSNA 172 Skyhawk,L1P,L
AB6C1D,N835ND,PA44,PIPER PA-44 Seminole,L2P,L
AB6E1D,N8356F,H500,HUGHES 500,H1T,L
AB721D,N8368J,C150,CESSNA 150,L1P,L
AB751D,N8373A,C170,CESSNA 170,L1P,L
AB7E1D,N84GG,GLAS,Glasair,L1P,L
AB801D,N840CT,C560,CESSNA 560 Citation Ultra,L2J,M
AB861D,N8411T,C182,CESSNA 182 Skylane,L1P,L
AB871D,N84184,CH7A,BELLANCA 7 Champion,L1P,L
AB8A1D,N8423W,P28A,PIPER PA-28-140/150/160/180,L1P,L
AB911D,N8440R,P28A,PIPER PA-28-140/150/160/180,L1P,L
AB961D,N84595,C172,CESSNA 172 Skyhawk,L1P,L
AB991D,N8464X,C172,CESSNA 172 Skyhawk,L1P,L
AB9A1D,N847CS,RV10,VANS RV-10,L1P,L
AB9D1D,N84760,C172,CESSNA 172 Skyhawk,L1P,L
ABA51D,N85BE,S22T,CIRRUS SR-22T Turbo,L1P,L
ABA61D,N85ML,CH7A,BELLANCA 7 Champion,L1P,L
ABAE1D,N8515G,AT8T,AIR TRACTOR AT-802,L1T,M
ABAF1D,N852DM,EVOP,LANCAIR Evolution Piston,L1P,L
ABB41D,N853SR,SREY,PROGRESSIVE AERODYNE SeaRey,A1P,L
ABB61D,N8539N,P28B,PIPER PA-28-201T/235/236,L1P,L
ABBA1D,N855C,BE95,BEECH 95 Travel Air,L2P,L
ABBB1D,N855NF,AT8T,AIR TRACTOR AT-802,L1T,M
ABC21D,N857HW,EC30,AIRBUS HELICOPTERS EC-130,H1T,L
ABC41D,N8573C,PA18,PIPER PA-18 Super Cub,L1P,L
ABC61D,N858LU,DRON,,D0-,-
ABC81D,N8585F,B47J,BELL 47J,H1P,L
ABC91D,N859DL,C185,CESSNA 185 Skywagon,L1P,L
ABCD1D,N86GJ,SSTL,JUST JA30 SuperSTOL,L1P,L
ABD01D,N860PA,C172,CESSNA 172 Skyhawk,L1P,L
ABD21D,N86063,PARA,,P0-,-
ABD51D,N8611V,BL8,BELLANCA 8 Decathlon,L1P,L
ABD61D,N86186,AR11,AERONCA 11 Chief,L1P,L
ABE01D,N8640T,C182,CESSNA 182 Skylane,L1P,L
ABE41D,N8652W,P28B,PIPER PA-28-201T/235/236,L1P,L
ABEA1D,N867P,P28A,PIPER PA-28-140/150/160/180,L1P,L
ABEF1D,N8681U,C172,CESSNA 172 Skyhawk,L1P,L
ABF01D,N86885,BL8,BELLANCA 8 Decathlon,L1P,L
ABF41D,N87BG,GLID,,L0-,-
AC011D,N8727M,B38M,BOEING 737 MAX 8,L2J,M
AC031D,N873ST,B407,BELL 407,H1T,L
AC041D,N8732D,PA22,PIPER PA-22,L1P,L
AC0D1D,N876F,GLID,,L0-,-
AC101D,N8768N,P28A,PIPER PA-28-140/150/160/180,L1P,L
AC181D,N879DN,B739,BOEING 737-900,L2J,M
AC1C1D,N88GL,BE9L,BEECH 90 King Air,L2T,L
AC1D1D,N88SS,BL8,BELLANCA 8 Decathlon,L1P,L
AC1F1D,N880PC,F2TH,DASSAULT Falcon 2000,L2J,M
AC211D,N88065,CH7B,BELLANCA 7 Citabria,L1P,L
AC241D,N8811X,C182,CESSNA 182 Skylane,L1P,L
AC251D,N88188,CH7B,BELLANCA 7 Citabria,L1P,L
AC281D,N88230,CH7B,BELLANCA 7 Citabria,L1P,L
AC2C1D,N88353,CH7B,BELLANCA 7 Citabria,L1P,L
AC2F1D,N8840V,BL17,BELLANCA 17 Viking,L1P,L
AC301D,N88476,CH7B,BELLANCA 7 Citabria,L1P,L
AC331D,N8852Y,PA30,PIPER PA-30 Twin Comanche,L2P,L
AC341D,N88599,J3,PIPER J-3 Cub,L1P,L
AC391D,N887PB,T206,CESSNA T206 Turbo Stationair,L1P,L
AC3A1D,N887ZH,,,,
AC3C1D,N888FU,SR22,CIRRUS SR-22,L1P,L
AC3D1D,N888S,BE35,BEECH 35 Starfire Bonanza,L1P,L
AC3E1D,N8881W,P28B,PIPER PA-28-201T/235/236,L1P,L
AC3F1D,N88887,ST75,STEARMAN Kaydet,L1P,L
AC401D,N889JS,BE35,BEECH 35 Starfire Bonanza,L1P,L
AC431D,N89BJ,,,,
AC491D,N891AT,B712,BOEING 717-200,L2J,M
AC501D,N8927P,,,,
AC581D,N895CD,SR22,CIRRUS SR-22,L1P,L
AC5B1D,N8956M,BE35,BEECH 35 Starfire Bonanza,L1P,L
AC5F1D,N8968Q,GLST,GLASAIR SH-4 GlaStar,L1P,L
AC611D,N897UF,B105,EUROCOPTER BO-105,H2T,L
AC621D,N8973G,C182,CESSNA 182 Skylane,L1P,L
AC631D,N898AS,G103,GROB G-103 Twin 3SL,L1P,L
AC681D,N899PW,SR22,CIRRUS SR-22,L1P,L
AC691D,N8990B,C172,CESSNA 172 Skyhawk,L1P,L
AC6B1D,N9GN,M20P,MOONEY M-20,L1P,L
AC701D,N900KR,F900,DASSAULT Falcon 900,L3J,M
AC721D,N9004N,,,,
AC761D,N9016R,T28,NORTH AMERICAN T-28,L1P,L
AC791D,N9021H,A319,AIRBUS A-319,L2J,M
AC7B1D,N903JD,C421,CESSNA 421 Executive Commuter,L2P,L
AC7D1D,N9033L,CH7B,BELLANCA 7 Citabria,L1P,L
AC811D,N9045P,BALL,,B0-,-
AC831D,N905Q,BE35,BEECH 35 Starfire Bonanza,L1P,L
AC851D,N9057S,C210,CESSNA 201 Centurion,L1P,L
AC861D,N906GS,RV6,VANS RV-6,L1P,L
AC881D,N9062J,P28A,PIPER PA-28-140/150/160/180,L1P,L
AC891D,N9069V,M20P,MOONEY M-20,L1P,L
AC8C1D,N9074M,BALL,,B0-,-
AC8E1D,N908NN,B738,BOEING 737-800,L2J,M
AC901D,N9086Q,BALL,,B0-,-
AC911D,N909FE,C208,CESSNA 208 Caravan,L1T,L
AC941D,N9098T,BALL,,B0-,-
AC951D,N91JC,VEZE,RUTAN VariEze,L1P,L
AC991D,N91001,B47G,BELL 47G,H1P,L
AC9C1D,N911TT,R66,ROBINSON R-66,H1T,L
AC9D1D,N91124,NAVI,NORTH AMERICAN Navion,L1P,L
AC9E1D,N912AD,ULAC,,L0-,-
ACA21D,N913DB,S22T,CIRRUS SR-22T Turbo,L1P,L
ACA61D,N914G,C510,CESSNA 510 Citation Mustang,L2J,L
ACA71D,N914SF,PISI,PIPSTREL Sinus,L1P,L
ACA91D,N9149C,C82R,CESSNA R182 Skylane RG,L1P,L
ACAC1D,N91535,T28,NORTH AMERICAN T-28,L1P,L
ACAD1D,N916BQ,C172,CESSNA 172 Skyhawk,L1P,L
ACB11D,N917EN,RV12,VANS RV-12,L1P,L
ACB41D,N9178A,C170,CESSNA 170,L1P,L
ACB71D,N91823,C172,CESSNA 172 Skyhawk,L1P,L
ACB81D,N919AC,B06,BELL 206 JetRanger,H1T,L
ACB91D,N919LJ,,,,
ACBB1D,N91946,J3,PIPER J-3 Cub,L1P,L
ACBC1D,N92DA,P28R,PIPER PA-28R-180/200/201,L1P,L
ACBD1D,N92PG,PA11,PIPER PA-11 Cub Special,L1P,L
ACC51D,N9216T,PA38,PIPER PA-38 Tomahawk,L1P,L
ACCA1D,N923JF,PTS2,PITTS S-2 Special,L1P,L
ACD11D,N925DW,EVOP,LANCAIR Evolution Piston,L1P,L
ACD41D,N9257U,C150,CESSNA 150,L1P,L
ACD61D,N926T,M5,MAULE M-5,L1P,L
ACDB1D,N9274P,PA24,PIPER PA-24 Comanche,L1P,L
ACE21D,N9291J,P28A,PIPER PA-28-140/150/160/180,L1P,L
ACE31D,N9298V,M20P,MOONEY M-20,L1P,L
ACE41D,N93JE,C210,CESSNA 201 Centurion,L1P,L
ACE61D,N930ER,PA44,PIPER PA-44 Seminole,L2P,L
ACE81D,N93003,A319,AIRBUS A-319,L2J,M
ACEE1D,N932LM,DRON,,D0-,-
ACEF1D,N932WT,RV9,VANS RV-9,L1P,L
ACF11D,N933DD,C182,CESSNA 182 Skylane,L1P,L
ACF81D,N9349E,AR11,AERONCA 11 Chief,L1P,L
ACFB1D,N93537,BL17,BELLANCA 17 Viking,L1P,L
AD071D,N939AE,E145,EMBRAER ERJ-145,L2J,M
AD0B1D,N94DC,DHC2,DE HAVILLAND DHC-2 Beaver,L1P,L
AD101D,N9404S,BE35,BEECH 35 Starfire Bonanza,L1P,L
AD111D,N941CM,EA50,ECLIPSE 550,L2J,L
AD151D,N942FK,LJ45,LEARJET 45,L2J,M
AD181D,N9428Y,BE35,BEECH 35 Starfire Bonanza,L1P,L
AD1F1D,N9445T,C210,CESSNA 201 Centurion,L1P,L
AD231D,N9457W,P28B,PIPER PA-28-201T/235/236,L1P,L
AD261D,N9462N,P28R,PIPER PA-28R-180/200/201,L1P,L
AD271D,N9469Z,C182,CESSNA 182 Skylane,L1P,L
AD311D,N9491L,AA1,AMERICAN AA-1,L1P,L
AD371D,N95005,C152,CESSNA 152,L1P,L
AD3B1D,N95128,TAYB,TAYLORCRAFT BC/BF/BL,L1P,L
AD3F1D,N9525A,F9F,GRUMMAN F9F Panther,L1J,L
AD451D,N954SK,RV12,VANS RV-12,L1P,L
AD471D,N9549G,T206,CESSNA T206 Turbo Stationair,L1P,L
AD481D,N955KB,,,,
AD4A1D,N95539,C152,CESSNA 152,L1P,L
AD4E1D,N9566B,C72R,CESSNA 172R Cutlass RG,L1P,L
AD4F1D,N957ES,C172,CESSNA 172 Skyhawk,L1P,L
AD511D,N95704,TAYB,TAYLORCRAFT BC/BF/BL,L1P,L
AD521D,N9578E,BL17,BELLANCA 17 Viking,L1P,L
AD551D,N95827,TAYB,TAYLORCRAFT BC/BF/BL,L1P,L
AD5A1D,N96DE,PULS,Pulsar,L1P,L
AD5E1D,N960WC,P28A,PIPER PA-28-140/150/160/180,L1P,L
AD631D,N9616X,C210,CESSNA 201 Centurion,L1P,L
AD6E1D,N9645V,C172,CESSNA 172 Skyhawk,L1P,L
AD721D,N9657Y,BE35,BEECH 35 Starfire Bonanza,L1P,L
AD751D,N9662Q,C172,CESSNA 172 Skyhawk,L1P,L
AD761D,N96691,TAYB,TAYLORCRAFT BC/BF/BL,L1P,L
AD791D,N9674T,PA38,PIPER PA-38 Tomahawk,L1P,L
AD7D1D,N9686W,P28A,PIPER PA-28-140/150/160/180,L1P,L
AD7F1D,N969RS,M20P,MOONEY M-20,L1P,L
AD821D,N97JJ,PA18,PIPER PA-18 Super Cub,L1P,L
AD841D,N970EV,CRJ2,BOMBARDIER Regional Jet CRJ-200,L2J,M
AD861D,N97007,C182,CESSNA 182 Skylane,L1P,L
AD8B1D,N972AK,B39M,BOEING 737 MAX 9,L2J,M
AD8E1D,N9725C,PA32,PIPER PA-32,L1P,L
AD961D,N9749J,P28A,PIPER PA-28-140/150/160/180,L1P,L
AD9D1D,N9766D,PA22,PIPER PA-22,L1P,L
AD9F1D,N977R,,,,
ADA41D,N97829,C182,CESSNA 182 Skylane,L1P,L
ADA81D,N9795B,C72R,CESSNA 172R Cutlass RG,L1P,L
ADA91D,N98DG,AA5,AMERICAN AA-5 Tiger,L1P,L
ADAA1D,N98PN,,,,
ADB41D,N982RV,RV8,VANS RV-8,L1P,L
ADB51D,N9821R,BE35,BEECH 35 Starfire Bonanza,L1P,L
ADBC1D,N984XR,LJ45,LEARJET 45,L2J,M
ADBD1D,N9845X,C185,CESSNA 185 Skywagon,L1P,L
ADC81D,N9874V,C172,CESSNA 172 Skyhawk,L1P,L
ADCA1D,N988NW,FA7X,DASSAULT Falcon 7X,L3J,M
ADD01D,N98981,C172,CESSNA 172 Skyhawk,L1P,L
ADD11D,N99JL,PA24,PIPER PA-24 Comanche,L1P,L
ADD51D,N99009,ERCO,AIR PRODUCTS F-1 Aircoupe,L1P,L
ADD61D,N9908K,P28A,PIPER PA-28-140/150/160/180,L1P,L
ADD81D,N991UA,,,,
ADDB1D,N992LT,A600,ROTORWAY A-600 Talon,H1P,L
ADDD1D,N9925E,C182,CESSNA 182 Skylane,L1P,L
ADE31D,N994SP,SRAI,GREAT PLAINS Sonerai,L1P,L
ADE51D,N9949L,AA1,AMERICAN AA-1,L1P,L
ADE81D,N9954C,,,,
ADEE1D,N997RB,ZZZZ,,-0-,-
ADEF1D,N99708,SCOR,ROTORWAY Scorpion,H1P,L
AE001D,67-14838,T38,NORTHROP T-38 Talon,L2J,L
AE021D,84-0190,DC10,MCDONNELL DOUGLAS DC-10,L3J,H
AE031D,74-2069,C130,LOCKHEED C-130 Hercules,L4T,M
AE041D,57-1486,K35R,BOEING KC-135R/T Stratotanker,L4J,H
AE051D,68-0216,C5M,LOCKHEED C-5 Super Galaxy,L4J,H
AE061D,84-0207,C130,LOCKHEED C-130 Hercules,L4T,M
AE0A1D,90-26218,H60,SIKORSKY UH-60 Black Hawk,H2T,M
AE0B1D,86-24556,H60,SIKORSKY UH-60 Black Hawk,H2T,M
AE0C1D,93-26519,H60,SIKORSKY UH-60 Black Hawk,H2T,M
AE0D1D,96-26694,H60,SIKORSKY UH-60 Black Hawk,H2T,M
AE0E1D,89-26134,H60,SIKORSKY UH-60 Black Hawk,H2T,M
AE111D,02-3641,TEX2,BEECHCRAFT T-6 Texan 2,L1T,L
AE141D,05-3806,TEX2,BEECHCRAFT T-6 Texan 2,L1T,L
AE151D,05-27058,H60,SIKORSKY UH-60 Black Hawk,H2T,M
AE161D,91-0361,F16,GENERAL DYNAMICS F-16 Fighting Falcon,L1J,M
AE171D,166010,TEX2,BEECHCRAFT T-6 Texan 2,L1T,L
AE191D,79-0144,A10,FAIRCHILD A-10 Thunderbolt II,L2J,M
AE1F1D,07-03772,H47,BOEING-VERTOL CH-47 Chinook,H2T,M
AE201D,12-72270,EC45,AIRBUS HELICOPTERS EC-145,H2T,L
AE481D,07-20080,H60,SIKORSKY UH-60 Black Hawk,H2T,M
AE4A1D,166148,TEX2,BEECHCRAFT T-6 Texan 2,L1T,L
AE4E1D,11-5737,C30J,LOCKHEED MARTIN C-130J Super Hercules,L4T,M
AE511D,10-20307,H60,SIKORSKY UH-60 Black Hawk,H2T,M
AE531D,12-08884,H47,BOEING-VERTOL CH-47 Chinook,H2T,M
AE571D,12-0063,V22,BELL-BOEING V-22 Osprey,R2T,M
AE5A1D,17-08226,H47,BOEING-VERTOL CH-47 Chinook,H2T,M
AE601D,17-20942,H60,SIKORSKY UH-60 Black Hawk,H2T,M
AE621D,18-21017,H60,SIKORSKY UH-60 Black Hawk,H2T,M
AE6A1D,20-21107,H60,SIKORSKY UH-60 Black Hawk,H2T,M
C0001D,C-FABC,SA7,STITS Sky-Coupe,L1P,L
C0011D,C-FAKY,PA24,PIPER PA-24 Comanche,L1P,L
C0021D,C-FAUU,J3,PIPER J-3 Cub,L1P,L
C0031D,C-FBEQ,,,,
C0041D,C-FBOM,BE20,BEECH 200 Super King Air,L2T,M
C0061D,C-FCIE,,,,
C0071D,C-FCSA,HROC,HARMON Rocket,L1P,L
C0081D,C-FDBW,P28A,PIPER PA-28-140/150/160/180,L1P,L
C0091D,C-FDLS,,,,
C00C1D,C-FEPG,C206,CESSNA  206 Stationair,L1P,L
C00D1D,C-FEZC,C172,CESSNA 172 Skyhawk,L1P,L
C00E1D,C-FFIY,PA11,PIPER PA-11 Cub Special,L1P,L
C00F1D,C-FFSU,GYRO,,G0-,-
C0101D,C-FGCQ,,,,
C0111D,C-FGMM,PA30,PIPER PA-30 Twin Comanche,L2P,L
C0121D,C-FGWI,ST75,STEARMAN Kaydet,L1P,L
C0141D,C-FHQA,JS32,BRITISH AEROSPACE Jetstream Super 31,L2T,M
C0151D,C-FHZW,AR11,AERONCA 11 Chief,L1P,L
C0161D,C-FIJS,CHR1,ELMWOOD CA-05 Christavia Mk1,L1P,L
C0171D,C-FITO,C180,CESSNA  180 Skywagon,L1P,L
C0181D,C-FJDK,PA11,PIPER PA-11 Cub Special,L1P,L
C0191D,C-FJNG,C172,CESSNA 172 Skyhawk,L1P,L
C01A1D,C-FJXC,PA11,PIPER PA-11 Cub Special,L1P,L
C01B1D,C-FKGY,CL60,BOMBARDIER CL-600 Challenger,L2J,M
C01F1D,C-FLUI,PA24,PIPER PA-24 Comanche,L1P,L
C0201D,C-FMEE,PA23,PIPER PA-23,L2P,L
C0231D,C-FNHS,S108,STINSON 108 Voyager,L1P,L
C0241D,C-FNRO,C180,CESSNA  180 Skywagon,L1P,L
C0251D,C-FOBK,MR35,MURPHY SR-3500 Super Rebel,L1P,L
C0261D,C-FOLG,CH7A,BELLANCA 7 Champion,L1P,L
C0271D,C-FOVC,B26,DOUGLAS A-26 Invader,L2P,M
C0281D,C-FPEY,C182,CESSNA 182 Skylane,L1P,L
C0291D,C-FPOU,,,,
C02A1D,C-FPYQ,RBEL,MURPHY Rebel,L1P,L
C02C1D,C-FQSI,C172,CESSNA 172 Skyhawk,L1P,L
C02D1D,C-FRCE,GLID,,L0-,-
C02E1D,C-FRMA,TAYA,TAYLORCRAFT A,L1P,L
C02F1D,C-FRVW,C172,CESSNA 172 Skyhawk,L1P,L
C0301D,C-FSFS,C25B,CESSNA 525B Citation CJ3,L2J,L
C0311D,C-FSPO,AR11,AERONCA 11 Chief,L1P,L
C0321D,C-FSZK,C172,CESSNA 172 Skyhawk,L1P,L
C0341D,C-FTTC,P28B,PIPER PA-28-201T/235/236,L1P,L
C0361D,C-FUMU,C152,CESSNA 152,L1P,L
C0371D,C-FUWQ,PTS1,PITTS S-1 Special,L1P,L
C0381D,C-FVGM,C185,CESSNA 185 Skywagon,L1P,L
C0391D,C-FVQI,BE23,BEECH 23 Sundowner,L1P,L
C03C1D,C-FWTW,C172,CESSNA 172 Skyhawk,L1P,L
C03D1D,C-FXDS,BL8,BELLANCA 8 Decathlon,L1P,L
C03F1D,C-FXXK,C150,CESSNA 150,L1P,L
C0401D,C-FYHG,PA12,PIPER PA-12 Super Cruiser,L1P,L
C0411D,C-FYRC,GLF6,GULFSTREAM G650,L2J,M
C0421D,C-FZAY,,,,
C0441D,C-FZUQ,B06,BELL 206 JetRanger,H1T,L
C0451D,C-GAEM,C172,CESSNA 172 Skyhawk,L1P,L
C0461D,C-GAOI,CH70,ZENAIR CH-701 Stol,L1P,L
C0481D,C-GBIA,A319,AIRBUS A-319,L2J,M
C0491D,C-GBRW,G115,GROB G-115,L1P,L
C04B1D,C-GCLO,C172,CESSNA 172 Skyhawk,L1P,L
C04C1D,C-GCVK,C172,CESSNA 172 Skyhawk,L1P,L
C04D1D,C-GDFG,C150,CESSNA 150,L1P,L
C04E1D,C-GDPC,C340,CESSNA 340 Super,L2P,L
C04F1D,C-GDYY,BE35,BEECH 35 Starfire Bonanza,L1P,L
C0501D,C-GEIU,C172,CESSNA 172 Skyhawk,L1P,L
C0511D,C-GESQ,AS50,AEROSPATIALE AS-350 Ecureuil,H1T,L
C0521D,C-GFCM,BALL,,B0-,-
C0531D,C-GFMI,TAYA,TAYLORCRAFT A,L1P,L
C0541D,C-GFWE,B06,BELL 206 JetRanger,H1T,L
C0551D,C-GGGA,B190,BEECH 1900,L2T,M
C0561D,C-GGPW,C206,CESSNA  206 Stationair,L1P,L
C0571D,C-GGZS,B212,BELL 212,H2T,L
C0591D,C-GHTK,B212,BELL 212,H2T,L
C05A1D,C-GIDG,B429,BELL 429 GlobalRanger,H2T,L
C05B1D,C-GINC,C140,CESSNA 140,L1P,L
C05C1D,C-GIWY,,,,
C05E1D,C-GJQQ,UH12,HILLER UH-12,H1P,L
C05F1D,C-GKAM,RV4,VANS RV-4,L1P,L
C0601D,C-GKKI,C172,CESSNA 172 Skyhawk,L1P,L
C0611D,C-GKUE,,,,
C0621D,C-GLEA,M20T,MOONEY M-20T,L1P,L
C0641D,C-GLXS,CP32,PIEL Super Emeraude,L1P,L
C0651D,C-GMHO,AS55,AEROSPATIALE AS-355 Ecureuil 2,H2T,L
C0661D,C-GMRK,M20T,MOONEY M-20T,L1P,L
C0671D,C-GNBG,C172,CESSNA 172 Skyhawk,L1P,L
C06B1D,C-GOOQ,B06,BELL 206 JetRanger,H1T,L
C06C1D,C-GOYM,C170,CESSNA 170,L1P,L
C06D1D,C-GPII,DA40,DIAMOND DA-40 Club Star,L1P,L
C06E1D,C-GPSE,P28T,PIPER PA-28RT-201,L1P,L
C0711D,C-GQVS,C172,CESSNA 172 Skyhawk,L1P,L
C0731D,C-GRPK,C150,CESSNA 150,L1P,L
C0741D,C-GRZG,C172,CESSNA 172 Skyhawk,L1P,L
C0751D,C-GSJC,C172,CESSNA 172 Skyhawk,L1P,L
C0771D,C-GTCU,ANSN,AVRO 652 Anson,L2P,L
C0781D,C-GTMQ,C206,CESSNA  206 Stationair,L1P,L
C0791D,C-GTWM,,,,
C07C1D,C-GVAA,,,,
C07E1D,C-GVTS,C172,CESSNA 172 Skyhawk,L1P,L
C07F1D,C-GWDO,C150,CESSNA 150,L1P,L
C0811D,C-GWXG,C172,CESSNA 172 Skyhawk,L1P,L
C0821D,C-GXHC,B06,BELL 206 JetRanger,H1T,L
C0831D,C-GXQY,C172,CESSNA 172 Skyhawk,L1P,L
C0841D,C-GYAU,C172,CESSNA 172 Skyhawk,L1P,L
C0851D,C-GYKQ,,,,
C0861D,C-GYUM,PTS1,PITTS S-1 Special,L1P,L
C0871D,C-GZEI,HUSK,CHRISTEN Husky,L1P,L
C0881D,C-GZOE,CH80,ZENAIR CH-801 Stol,L1P,L
C0891D,C-GZYA,DR1,FOKKER Dr-1,L1P,L
C08A1D,C-IAHW,ULAC,,L0-,-
C08B1D,C-IARS,ULAC,,L0-,-
C08C1D,C-IBBO,PANT,ROTEC Panther,L1P,L
C08D1D,C-IBLK,ULAC,,L0-,-
C08E1D,C-IBVG,ULAC,,L0-,-
C08F1D,C-ICFC,ULAC,,L0-,-
C0901D,C-ICOY,ULAC,,L0-,-
C0911D,C-ICYU,,,,
C0941D,C-IECI,,,,
C0951D,C-IEME,ULAC,,L0-,-
C0961D,C-IEWA,,,,
C0971D,C-IFFW,FOX,KITFOX,L1P,L
C0981D,C-IFPS,PARA,,P0-,-
C0991D,C-IFZO,CAD2,DELISLE Cadi,L1P,L
C09A1D,C-IGJK,PARA,,P0-,-
C09B1D,C-IGTG,TRDO,TITAN Tornado SS,L1P,L
C09C1D,C-IHDC,COY2,RANS Coyote 2,L1P,L
C09D1D,C-IHMY,,,,
C09E1D,C-IHWU,ULAC,,L0-,-
C09F1D,C-IIGQ,,,,
C0A11D,C-IJAI,,,,
C0A21D,C-IJKE,,,,
C0A31D,C-IJUA,PARA,,P0-,-
C0A51D,C-IKNS,ULAC,,L0-,-
C0A71D,C-ILHK,,,,
C0A81D,C-ILRG,,,,
C0A91D,C-IMBC,,,,
C0B11D,C-IPBW,,,,
C0CA1D,C-IYOA,,,,
C0CD1D,C-IZRO,,,,
C1E41D,SERV,SERV,,V0-,-
C1E51D,SERV,SERV,,V0-,-
C2B41D,148804,S92,SIKORSKY S-92 Helibus,H2T,M
C8011D,ZK-BSG,PA22,PIPER PA-22,L1P,L
C8021D,ZK-CUD,P28A,PIPER PA-28-140/150/160/180,L1P,L
C8041D,ZK-EJQ,C172,CESSNA 172 Skyhawk,L1P,L
C8061D,ZK-FME,ULAC,,L0-,-
C8081D,ZK-GNI,GLID,,L0-,-
C8121D,ZK-WHW,PA31,PIPER PA-31-300/310/325/350/425,L2P,L
C8151D,ZK-WSS,CH60,ZENAIR CH-600 Zodiac,L1P,L
C8171D,ZK-IKK,B105,EUROCOPTER BO-105,H2T,L
C8181D,ZK-PNE,PA25,PIPER PA-25 Pawnee,L1P,L
C8191D,ZK-MTX,ULAC,,L0-,-
C81E1D,ZK-ZAG,PA34,PIPER PA-34 Seneca,L2P,L
C8221D,ZK-IQG,AS50,AEROSPATIALE AS-350 Ecureuil,H1T,L
C8241D,ZK-RVQ,RV7,VANS RV-7,L1P,L
C8291D,ZK-IAM,EN28,ENSTROM F-28,H1P,L
E47E1D,PT-WYU,C56X,CESSNA 560XL Citation XLS,L2J,M
E4821D,PR-DNZ,FA7X,DASSAULT Falcon 7X,L3J,M
E4841D,PR-AZE,E190,EMBRAER ERJ-190-100,L2J,M
E4881D,PR-ARB,C525,CESSNA 525 CitationJet,L2J,L
E48A1D,PP-JBJ,B350,BEECHCRAFT Super King Air 350,L2T,M
E48B1D,PR-ATH,AT76,ATR-72-600,L2T,M
E48C1D,PP-JCR,BE20,BEECH 200 Super King Air,L2T,M
E4931D,PR-OTV,BE20,BEECH 200 Super King Air,L2T,M
E4961D,PR-TCB,B505,BELL 505 JetRanger X,H1T,L
E4971D,PS-UPS,R66,ROBINSON R-66,H1T,L
E4981D,PS-WYD,E50P,EMBRAER EMB-500 Phenom 100,L2J,L
E4991D,PP-CJM,BE40,BEECH 400 Beechjet,L2J,M
E8021D,CC-CXF,B763,BOEING 767-300,L2J,H
E8031D,CC-AHD,A319,AIRBUS A-319,L2J,M
E8091D,CC-AAY,C172,CESSNA 172 Skyhawk,L1P,L
E80B1D,CC-DFJ,R44,ROBINSON R-44 Raven,H1P,L
E8801D,ZP-BIN,BE58,BEECH 58 Baron,L2P,L
