009F3C,ZS-LUX,GLF3,GULFSTREAM 3,L2J,M
00B03C,ZS-SGH,B190,BEECH 1900,L2T,M
01013C,SU-GDN,B77W,BOEING 777-300ER,L2J,H
01023C,SU-BUT,A20N,AIRBUS A-320neo,L2J,M
02003C,CN-AON,C130,LOCKHEED C-130 Hercules,L4T,M
02013C,CN-RAM,B789,BOEING 787-9 Dreamliner,L2J,H
03843C,TU-TSL,DH8D,DE HAVILLAND DHC-8-400 Dash 8,L2T,M
04C03C,5Y-SLE,C208,CESSNA 208 Caravan,L1T,L
04C23C,5Y-ZBE,C208,CESSNA 208 Caravan,L1T,L
05A03C,8Q-MBG,DHC6,DE HAVILLAND DHC-6 Twin Otter,L2T,L
06423C,5N-HBY,B735,BOEING 737-500,L2J,M
06A03C,A7-AEC,A333,AIRBUS A-330-300,L2J,H
06A13C,A7-BAZ,B77W,BOEING 777-300ER,L2J,H
09003C,T-905,IL76,ILYUSHIN Il-76/82,L4J,H
0A003C,7T-VUL,AT75,ATR-72-500,L2T,M
0A403C,7T-WRN,B350,BEECHCRAFT Super King Air 350,L2T,M
0AC33C,FAC5057,C208,CESSNA 208 Caravan,L1T,L
0AC93C,PNC-0736,UH1,BELL UH-1 Huey,H1T,L
0AE03C,MSP008,MD60,MCDONNELL-DOUGLAS MD-600N,H1T,L
0B403C,TG-MAM,BE30,BEECH 300 Super King Air,L2T,L
0D053C,XA-MXT,A320,AIRBUS A-320,L2J,M
0D063C,XA-HOF,C25C,CESSNA 525C Citation CJ4,L2J,M
0D0C3C,XB-AUJ,T210,CESSNA T210 Turbo Centurion,L1P,L
144E3C,RA-20028,ANST,KAZAN Ansat,H2T,L
14593C,RA-22844,MI8,MIL Mi-8/9/17/19/171/172,H2T,M
15063C,RA-67132,GL5T,BOMBARDIER BD-700 Global 5000/5500,L2J,M
151D3C,RA-73532,CRJ2,BOMBARDIER Regional Jet CRJ-200,L2J,M
151E3C,RA-73276,B77W,BOEING 777-300ER,L2J,H
15203C,RA-73788,A333,AIRBUS A-330-300,L2J,H
15213C,RA-74044,AN72,ANTONOV An-74-200,L2J,M
152B3C,RF-76604,,,,
155C3C,RA-89148,SU95,SUKHOI Superjet 100-95,L2J,M
180B3C,RA-3089G,L4,CHAIKA L-4,A2P,L
1D333C,RF-78652,IL76,ILYUSHIN Il-76/82,L4J,H
20103C,V5-ANP,A332,AIRBUS A-330-200,L2J,H
30083C,I-HCBB,AS50,AEROSPATIALE AS-350 Ecureuil,H1T,L
31D83C,I-8233,SIRA,TECNAM P-2002 Sierra,L1P,L
31DC3C,I-B859,ASTO,TECNAM Astore,L1P,L
31DE3C,I-A609,FDCT,FLIGHT DESIGN CT,L1P,L
32003C,VF-143,A139,AGUSTA AW-139,H2T,L
33FD3C,MM82018,A139,AGUSTA AW-139,H2T,L
38053C,F-JZSP,FK9,B&F TECHNIK FK-9,L1P,L
38063C,F-JXWO,ULAC,,L0-,-
380A3C,26AAO,PNR3,ALPI Pioneer 330,L1P,L
380C3C,F-JWZK,EV97,EVEKTRO EV-97 EuroStar,L1P,L
38173C,F-JSLZ,PISI,PIPSTREL Sinus,L1P,L
381C3C,F-JTNC,ASO4,ASSO AEREI 4 Whisky,L1P,L
381F3C,03AEF,BREZ,AEROSTYLE Breezer,L1P,L
38203C,F-JTPC,ULAC,,L0-,-
38223C,F-JUJT,ULAC,,L0-,-
38243C,26AGB,PNR2,ALPI Pioneer 200,L1P,L
382C3C,F-JVLA,ULAC,,L0-,-
382F3C,F-JVZP,ULAC,,L0-,-
38313C,F-JRYP,C42,IKARUS C-42 Bison,L1P,L
38333C,F-JUJU,SD4,TOMARK Viper,L1P,L
38353C,F-JJAO,PIVI,PIPSTREL Virus,L1P,L
38363C,F-JJBJ,ULAC,,L0-,-
383B3C,F-JAXA,ULAC,,L0-,-
383C3C,F-JBBS,ULAC,,L0-,-
383F3C,F-JBVX,SVNH,AEROTEC Savannah,L1P,L
38443C,F-JCVH,ULAC,,L0-,-
384A3C,F-JDNC,ULAC,,L0-,-
384B3C,F-JWSD,ULAC,,L0-,-
384C3C,F-JDRE,ECHO,TECNAM P-92 Echo,L1P,L
384D3C,F-JDUH,ULAC,,L0-,-
384F3C,F-JCBV,GUEP,AERO SERVICE Super Guepard,L1P,L
38513C,F-JFEJ,NG5,BRM AERO NG-5/6 Bristell,L1P,L
38533C,F-JGDG,WT9,AEROSPOOL WT-9 Dynamic,L1P,L
38563C,F-JGLA,SD4,TOMARK Viper,L1P,L
385B3C,F-JVKN,ULAC,,L0-,-
385F3C,F-JAAM,GLID,,L0-,-
38613C,F-JIXU,ULAC,,L0-,-
38803C,F-JFBB,COY2,RANS Coyote 2,L1P,L
38843C,37XU,TL20,TL ULTRALIGHT TL-2000 Sting,L1P,L
38863C,F-JBUL,CH70,ZENAIR CH-701 Stol,L1P,L
38873C,F-JDBQ,WT9,AEROSPOOL WT-9 Dynamic,L1P,L
38903C,F-JYHG,FDCT,FLIGHT DESIGN CT,L1P,L
38913C,F-JFRK,ULAC,,L0-,-
38933C,F-JSBS,SE5R,REPLICA PLANS SE-5A Replica,L1P,L
38953C,F-JXYQ,BRAV,TECNAM P-2004 Bravo,L1P,L
38963C,F-JGIY,ULAC,,L0-,-
38973C,F-JGKI,ULAC,,L0-,-
38983C,F-JPBQ,ZEPH,ATEC Zephyr,L1P,L
38993C,08KX,PNR2,ALPI Pioneer 200,L1P,L
389A3C,F-JXRL,FK14,B&F TECHNIK FK-14 Polaris,L1P,L
389B3C,F-JWTQ,FK14,B&F TECHNIK FK-14 Polaris,L1P,L
389D3C,F-JXNF,ULAC,,L0-,-
389E3C,62ARM,FK14,B&F TECHNIK FK-14 Polaris,L1P,L
38A03C,F-JRMD,M106,LAMBERT M-106,L1P,L
38A33C,F-JRTJ,COY2,RANS Coyote 2,L1P,L
38A53C,F-JIBD,ULAC,,L0-,-
38AB3C,F-JSUN,VL3,AVEKO Flamingo,L1P,L
38AC3C,F-JSYD,FDCT,FLIGHT DESIGN CT,L1P,L
38AE3C,F-JCAW,SKRA,BEST OFF Sky Ranger,L1P,L
38B03C,F-JTJA,ULAC,,L0-,-
38B33C,F-JGGV,ULAC,,L0-,-
38B53C,F-JGRU,ULAC,,L0-,-
38B63C,F-JHFJ,ULAC,,L0-,-
38B73C,F-JZRA,ULAC,,L0-,-
38B83C,F-JZHE,BRAV,TECNAM P-2004 Bravo,L1P,L
38BB3C,F-JUVJ,EV97,EVEKTRO EV-97 EuroStar,L1P,L
38BD3C,F-JRKE,ULAC,,L0-,-
38C03C,F-JVJX,VL3,AVEKO Flamingo,L1P,L
38C73C,F-JVZO,VL3,AVEKO Flamingo,L1P,L
38D03C,F-JERN,ULAC,,L0-,-
38D43C,F-JATE,VL3,AVEKO Flamingo,L1P,L
38D63C,F-JAZQ,VL3,AVEKO Flamingo,L1P,L
38DC3C,F-JADI,ULAC,,L0-,-
38DE3C,F-JCLS,ULAC,,L0-,-
38DF3C,F-JCTH,ULAC,,L0-,-
38E03C,F-JCZN,ULAC,,L0-,-
38E13C,F-JDCW,ULAC,,L0-,-
38E23C,F-JDHL,ULAC,,L0-,-
38E33C,F-JDMY,WT9,AEROSPOOL WT-9 Dynamic,L1P,L
38E53C,F-JDRC,MP02,AERO_KROS Czajka,L1P,L
38E63C,F-JCRM,ULAC,,L0-,-
38E83C,F-JDYW,WT9,AEROSPOOL WT-9 Dynamic,L1P,L
38E93C,F-JEHB,ULAC,,L0-,-
38ED3C,F-JFQW,ULAC,,L0-,-
38F03C,F-JGGC,ULAC,,L0-,-
38F13C,F-JGJR,ULAC,,L0-,-
38F53C,F-JHFT,ULAC,,L0-,-
38F73C,F-JHNU,PNR3,ALPI Pioneer 330,L1P,L
38F93C,F-JHSQ,ULAC,,L0-,-
38FA3C,F-JCYL,ULAC,,L0-,-
38FB3C,F-JIQK,EV97,EVEKTRO EV-97 EuroStar,L1P,L
38FC3C,F-JIPT,ULAC,,L0-,-
38FD3C,F-JIZD,ULAC,,L0-,-
39003C,F-JGOA,ULAC,,L0-,-
39063C,F-JYRY,ULAC,,L0-,-
39073C,F-JZDM,PNR2,ALPI Pioneer 200,L1P,L
39083C,F-JGYD,ULAC,,L0-,-
390B3C,F-JXOZ,ULAC,,L0-,-
39123C,F-JWIC,WT9,AEROSPOOL WT-9 Dynamic,L1P,L
39133C,08JJ,SKRA,BEST OFF Sky Ranger,L1P,L
39163C,F-JIAX,ULAC,,L0-,-
391E3C,F-JIKI,ULAC,,L0-,-
39243C,F-JXTU,WT9,AEROSPOOL WT-9 Dynamic,L1P,L
39253C,F-JIRQ,SV4,NORD SV-4,L1P,L
39273C,F-JIWG,PNR3,ALPI Pioneer 330,L1P,L
392C3C,F-JTOC,ULAC,,L0-,-
39303C,F-JTYD,ULAC,,L0-,-
39353C,57RF,COY2,RANS Coyote 2,L1P,L
39363C,F-JUOG,VL3,AVEKO Flamingo,L1P,L
39413C,F-JVPC,ULAC,,L0-,-
39423C,F-JVQO,JK05,EKOLOT JK-05,L1P,L
39443C,F-JBFL,G1,G1 AVIATION G-1,L1P,L
39463C,F-JWLW,CH70,ZENAIR CH-701 Stol,L1P,L
39483C,F-JWUS,ULAC,,L0-,-
39493C,F-JSJG,ULAC,,L0-,-
394B3C,F-JVLU,ULAC,,L0-,-
394D3C,71QI,CH60,ZENAIR CH-600 Zodiac,L1P,L
394E3C,F-JVOR,ULAC,,L0-,-
394F3C,F-JVZB,CH70,ZENAIR CH-701 Stol,L1P,L
39533C,F-JAFC,U15,PHOENIX AIR Phoenix,L1P,L
39543C,F-JAIP,VL3,AVEKO Flamingo,L1P,L
39573C,F-JTAX,ULAC,,L0-,-
395C3C,F-JBGP,ALSL,AIRLONY Skylane,L1P,L
395F3C,F-JBSG,PETR,EDRA Super Petrel,A1P,L
39643C,F-JCHP,VL3,AVEKO Flamingo,L1P,L
39663C,F-JSPE,ULAC,,L0-,-
39693C,F-JDGG,ALSL,AIRLONY Skylane,L1P,L
396A3C,F-JCGU,J300,ALMS J-300 Joker,L1P,L
396C3C,F-JDMT,GLID,,L0-,-
396D3C,F-JUJR,FK9,B&F TECHNIK FK-9,L1P,L
39713C,F-JRED,ULAC,,L0-,-
39723C,F-JDWJ,WT9,AEROSPOOL WT-9 Dynamic,L1P,L
39753C,F-JXIF,WT9,AEROSPOOL WT-9 Dynamic,L1P,L
39763C,F-JENX,PNR3,ALPI Pioneer 330,L1P,L
39773C,F-JDIM,ULAC,,L0-,-
39783C,F-JFIZ,ULAC,,L0-,-
39793C,F-JFNJ,ULAC,,L0-,-
397B3C,F-JGCP,SAVG,ZLIN AVIATION Savage,L1P,L
39823C,50MF,WT9,AEROSPOOL WT-9 Dynamic,L1P,L
39853C,F-JHPN,ULAC,,L0-,-
39873C,F-JXOU,ULAC,,L0-,-
398A3C,F-JWOC,ULAC,,L0-,-
398C3C,27AAB,PNR2,ALPI Pioneer 200,L1P,L
398E3C,F-JRCM,VL3,AVEKO Flamingo,L1P,L
398F3C,F-JFUR,C42,IKARUS C-42 Bison,L1P,L
39923C,F-JRXR,C42,IKARUS C-42 Bison,L1P,L
39933C,F-JYRB,MM22,MAGNI M-22 Voyager,G1P,L
39A13C,49OU,JABI,Jabiru J120,L1P,L
39AC3C,F-JTJH,WT9,AEROSPOOL WT-9 Dynamic,L1P,L
39AE3C,F-JTNE,ULAC,,L0-,-
39B03C,F-JTRA,ULAC,,L0-,-
39B53C,F-JUDO,ULAC,,L0-,-
39C23C,F-JZGI,ZEPH,ATEC Zephyr,L1P,L
39C33C,35NC,MM22,MAGNI M-22 Voyager,G1P,L
39D63C,F-JALV,SD4,TOMARK Viper,L1P,L
39D73C,F-JANN,MM24,MAGNI M-24 Orion,G1P,L
39D93C,F-JATI,ULAC,,L0-,-
39DC3C,F-JBHH,ULAC,,L0-,-
39E33C,F-JCFE,NG5,BRM AERO NG-5/6 Bristell,L1P,L
39E73C,F-JCEC,SHRK,SHARK AERO Shark,L1P,L
39E83C,F-JDAD,ULAC,,L0-,-
39E93C,F-JDDU,VL3,AVEKO Flamingo,L1P,L
39EA3C,F-JDHD,NG5,BRM AERO NG-5/6 Bristell,L1P,L
39EC3C,F-JDKU,WT9,AEROSPOOL WT-9 Dynamic,L1P,L
39F33C,F-JDYN,SVNH,AEROTEC Savannah,L1P,L
3A043C,31KW,FDCT,FLIGHT DESIGN CT,L1P,L
3A073C,F-JWWT,AP22,AEROPRACT A-22,L1P,L
3A093C,F-JRJH,FDCT,FLIGHT DESIGN CT,L1P,L
3A193C,F-JTTV,ULAC,,L0-,-
3A1B3C,F-JUSQ,ULAC,,L0-,-
3A1D3C,F-JAJY,WT9,AEROSPOOL WT-9 Dynamic,L1P,L
3A253C,F-JBUR,ULAC,,L0-,-
3A2E3C,F-JDPV,ULAC,,L0-,-
3A313C,82FQ,MCR1,COLOMBAN Ban-Bi,L1P,L
3A353C,F-JGDO,ULAC,,L0-,-
3A363C,F-JGIP,ULAC,,L0-,-
3AAB3C,F-MGAV,GAZL,AEROSPATIALE SA-341 Gazelle,H1T,L
3B763C,E144,AJET,DASSAULT-DORNIER Alpha Jet,L2J,M
3B773C,064,E121,EMBRAER EMB-121 Xingu,L2T,L
3B7B3C,F-ZBQM,EC45,AIRBUS HELICOPTERS EC-145,H2T,L
3C0D3C,D-AUAH,A320,AIRBUS A-320,L2J,M
3C123C,D-AVXN,A319,AIRBUS A-319,L2J,M
3CC23C,D-CAWA,D328,DORNIER 328,L2T,M
3CD43C,D-CHRG,C68A,CESSNA 680 Citation Latitude,L2J,M
3D053C,D-EAFS,TB20,SOCATA TB-20 Trinidad,L1P,L
3D063C,D-EAPO,P28T,PIPER PA-28RT-201,L1P,L
3D083C,D-EBJG,P28A,PIPER PA-28-140/150/160/180,L1P,L
3D093C,D-EBTC,P28A,PIPER PA-28-140/150/160/180,L1P,L
3D0A3C,D-ECCY,C172,CESSNA 172 Skyhawk,L1P,L
3D0B3C,D-ECMU,S208,SIAI-MARCHETTI S-208,L1P,L
3D0C3C,D-ECWQ,C172,CESSNA 172 Skyhawk,L1P,L
3D0D3C,D-EDGM,DR40,ROBIN DR-400,L1P,L
3D0E3C,D-EDQI,C172,CESSNA 172 Skyhawk,L1P,L
3D0F3C,D-EEAE,B36T,BEECH 36 Turbine Bonanza,L1T,L
3D103C,D-EEKA,Z26,ZLIN Z-26/126/226/326/526/626/726,L1P,L
3D113C,D-EETW,DV20,DIAMOND DA-20,L1P,L
3D163C,D-EGRC,TOBA,SOCATA Tobago,L1P,L
3D173C,D-EHAY,D253,CENTRE EST DR-253 Regent,L1P,L
3D183C,D-EHKU,BE33,BEECH 33 Bonanza,L1P,L
3D1A3C,D-EIEM,TB20,SOCATA TB-20 Trinidad,L1P,L
3D1B3C,D-EIOI,M20T,MOONEY M-20T,L1P,L
3D1D3C,D-EJIA,R300,ROBIN R-3000/3100/3120/3140,L1P,L
3D1E3C,D-EJRW,C172,CESSNA 172 Skyhawk,L1P,L
3D203C,D-EKLO,PA18,PIPER PA-18 Super Cub,L1P,L
3D233C,D-ELPC,P28A,PIPER PA-28-140/150/160/180,L1P,L
3D243C,D-ELYY,A210,AQUILA A-210,L1P,L
3D293C,D-ENWE,C182,CESSNA 182 Skylane,L1P,L
3D2B3C,D-EOPW,PA46,PIPER PA-46-310/350,L1P,L
3D2D3C,D-EPJO,SR20,CIRRUS SR-20,L1P,L
3D2E3C,D-EPTK,SR22,CIRRUS SR-22,L1P,L
3D343C,D-ESAM,DR40,ROBIN DR-400,L1P,L
3D363C,D-ESUE,C172,CESSNA 172 Skyhawk,L1P,L
3D373C,D-ETEA,DA40,DIAMOND DA-40 Club Star,L1P,L
3D5C3C,D-FHEI,P46T,PIPER PA-46-500TP,L1T,L
3DA93C,D-GKIM,PA34,PIPER PA-34 Seneca,L2P,L
3DDD3C,D-HEAM,EC35,AIRBUS HELICOPTERS EC-135/635,H2T,L
3DE53C,D-HHBG,EC35,AIRBUS HELICOPTERS EC-135/635,H2T,L
3DF73C,D-HNWM,EC55,AIRBUS HELICOPTERS EC-155,H2T,L
3E0A3C,D-HVBO,EC35,AIRBUS HELICOPTERS EC-135/635,H2T,L
3E183C,D-IAJK,C414,CESSNA 414 Chancellor,L2P,L
3E203C,D-IDKE,BE9L,BEECH 90 King Air,L2T,L
3E383C,D-IMMM,C25A,CESSNA 525A Citation CJ2,L2J,L
3E3A3C,D-INGE,C340,CESSNA 340 Super,L2P,L
3E553C,D-IXMA,BE9L,BEECH 90 King Air,L2T,L
3E5F3C,D-KBGM,TFUN,VALENTIN Taifun,L1P,L
3E613C,D-KCAE,GLID,,L0-,-
3E683C,D-KERC,G109,GROB G-109,L1P,L
3E713C,D-KIBS,DIMO,DIAMOND H-36 Dimona,L1P,L
3E723C,D-KILO,S10S,STEMME S-10 Chrysalis,L1P,L
3E753C,D-KJPC,GLID,,L0-,-
3E7A3C,D-KLMI,DIMO,DIAMOND H-36 Dimona,L1P,L
3E7C3C,D-KMGA,DIMO,DIAMOND H-36 Dimona,L1P,L
3ED43C,D-KVII,GLID,,L0-,-
3EEB3C,D-2725,GLID,,L0-,-
3EEC3C,D-2981,GLID,,L0-,-
3EF03C,D-4005,GLID,,L0-,-
3EF53C,D-5285,GLID,,L0-,-
3EFD3C,D-7333,GLID,,L0-,-
3EFF3C,D-7845,GLID,,L0-,-
3F303C,D-OEEE,BALL,,B0-,-
3F7B3C,14+04,GL5T,BOMBARDIER BD-700 Global 5000/5500,L2J,M
3FA93C,82+60,EC35,AIRBUS HELICOPTERS EC-135/635,H2T,L
3FEA3C,D-MKYY,EV97,EVEKTRO EV-97 EuroStar,L1P,L
3FEB3C,D-MRTZ,ZZZZ,,-0-,-
3FEC3C,D-MPUD,ZEPH,ATEC Zephyr,L1P,L
3FEE3C,D-MARS,FK12,B&F TECHNIK FK-12 Comet,L1P,L
3FF03C,D-MZUU,FK14,B&F TECHNIK FK-14 Polaris,L1P,L
3FF13C,D-MAUD,TL30,TL ULTRALIGHT TL-3000 Sirius,L1P,L
3FF23C,D-MFDI,FDCT,FLIGHT DESIGN CT,L1P,L
3FF33C,D-MKIM,VL3,AVEKO Flamingo,L1P,L
3FF43C,D-MHDF,MT,ROTORSPORT MTOSport,G1P,L
3FF63C,D-MVIR,ULAC,,L0-,-
3FF73C,D-MAZP,AP32,AEROPRACT A-32,L1P,L
40073C,G-BYGD,B744,BOEING 747-400,L4J,H
40083C,G-EUPF,A319,AIRBUS A-319,L2J,M
400A3C,G-EMAX,PA31,PIPER PA-31-300/310/325/350/425,L2P,L
400D3C,G-OVIN,AC11,NORTH AMERICAN ROCKWELL Commander 112/114,L1P,L
400E3C,G-LVIE,R44,ROBINSON R-44 Raven,H1P,L
400F3C,G-CBZX,MCR1,COLOMBAN Ban-Bi,L1P,L
40103C,G-TVCO,GA8,GIPPSAERO GA-8 Airvan,L1P,L
40113C,G-IACD,S92,SIKORSKY S-92 Helibus,H2T,M
40123C,G-RESC,BK17,EUROCOPTER BK117 C-1/2,H2T,L
40163C,G-ATFR,PA25,PIPER PA-25 Pawnee,L1P,L
40183C,G-AXNS,PUP,BEAGLE Pup,L1P,L
401D3C,G-BFSS,C172,CESSNA 172 Skyhawk,L1P,L
40213C,G-BRIK,NIPR,AVIONS FAIREY Nipper,L1P,L
40223C,G-LORY,BALL,,B0-,-
40263C,G-DENS,CP30,PIEL Emeraude,L1P,L
40293C,G-BNHB,ARV1,ARV Super 2,L1P,L
402A3C,G-BOEH,DR30,CENTRE EST Prince,L1P,L
402B3C,G-ZAPY,R22,ROBINSON R-22 Mariner,H1P,L
40323C,G-IJOE,P28U,PIPER PA-28RT-201T Turbo,L1P,L
40333C,G-BSZV,C150,CESSNA 150,L1P,L
40343C,G-MWSY,ULAC,,L0-,-
40393C,G-OWWW,EUPA,Europa,L1P,L
403A3C,G-BVZO,COY2,RANS Coyote 2,L1P,L
403B3C,G-BWJG,M20P,MOONEY M-20,L1P,L
40413C,G-BYHJ,P28R,PIPER PA-28R-180/200/201,L1P,L
40463C,G-SUMX,R22,ROBINSON R-22 Mariner,H1P,L
40483C,G-CBWP,EUPA,Europa,L1P,L
40493C,G-VOOM,PTS1,PITTS S-1 Special,L1P,L
404C3C,G-PETH,PA24,PIPER PA-24 Comanche,L1P,L
40533C,G-IALC,AS55,AEROSPATIALE AS-355 Ecureuil 2,H2T,L
40563C,G-CHXD,GLID,,L0-,-
40593C,G-DEVW,GLID,,L0-,-
40603C,G-LTWA,R44,ROBINSON R-44 Raven,H1P,L
40613C,G-WEFR,PNR2,ALPI Pioneer 200,L1P,L
40623C,G-OSZS,PTS2,PITTS S-2 Special,L1P,L
40643C,G-EZUA,A320,AIRBUS A-320,L2J,M
40673C,G-CHFG,RV6,VANS RV-6,L1P,L
40683C,G-IIDR,C42,IKARUS C-42 Bison,L1P,L
40693C,G-CHSI,ULAC,,L0-,-
406A3C,G-EOMI,HR20,ROBIN HR-200,L1P,L
406E3C,G-CITM,MM16,MAGNI M-16 Tandem Trainer,G1P,L
406F3C,G-KARE,PC12,PILATUS PC-12,L1T,L
40703C,G-CIXR,BALL,,B0-,-
40713C,G-CJHT,EFOX,AEROPRO Eurofox,L1P,L
40723C,G-VBAS,BALL,,B0-,-
40743C,G-CKPC,BALL,,B0-,-
40753C,G-JZBO,B738,BOEING 737-800,L2J,M
40763C,G-KTCH,MM16,MAGNI M-16 Tandem Trainer,G1P,L
40773C,G-VIVE,A109,AGUSTA AW-109 Grand,H2T,L
40783C,G-IWPI,A109,AGUSTA AW-109 Grand,H2T,L
40793C,G-HAMD,EFOX,AEROPRO Eurofox,L1P,L
407B3C,G-TTEA,SR20,CIRRUS SR-20,L1P,L
42413C,VP-CHI,GLF5,GULFSTREAM 5,L2J,M
42423C,VP-BPH,G200,AKROTECH G-200,L1P,L
42453C,VQ-BOR,CRJ2,BOMBARDIER Regional Jet CRJ-200,L2J,M
42483C,VP-CVB,B77W,BOEING 777-300ER,L2J,H
42493C,VQ-BJI,B738,BOEING 737-800,L2J,M
43C73C,ZJ949,EUFI,EUROFIGHTER 2000,L2J,M
43C93C,ZM714,H64,MCDONNELL DOUGLAS AH-64 Apache,H2T,M
44013C,OE-ARB,E300,EXTRA EA-300/330/350,L1P,L
44033C,OE-AWR,C152,CESSNA 152,L1P,L
44043C,OE-9336,HB23,HB-AIRCRAFT HB-32 Scanliner,L1P,L
44073C,OE-DGM,RALL,SOCATA Rallye,L1P,L
44083C,OE-IJQ,A320,AIRBUS A-320,L2J,M
447D3C,5D-HT,B212,BELL 212,H2T,L
451C3C,LZ-EDY,R44,ROBINSON R-44 Raven,H1P,L
45203C,LZ-BVL,B733,BOEING 737-300,L2J,M
45603C,TWR,TWR,,T0-,-
45F03C,OY-9340,AP22,AEROPRACT A-22,L1P,L
46213C,OH-MPG,BT36,BEECH B36TC Bonanza,L1P,L
463F3C,OH-XYQ,GYRO,,G0-,-
46783C,HN-457,F18H,BOEING FA-18 HORNET,L2J,M
47033C,HA-BFW,C172,CESSNA 172 Skyhawk,L1P,L
47183C,HA-JEQ,E50P,EMBRAER EMB-500 Phenom 100,L2J,L
471F3C,HA-LVO,A21N,AIRBUS A-321neo,L2J,M
47843C,LN-ONP,S92,SIKORSKY S-92 Helibus,H2T,M
47883C,LN-FGD,B738,BOEING 737-800,L2J,M
47923C,LN-RTO,F2TH,DASSAULT Falcon 2000,L2J,M
47A03C,LN-PFI,DA40,DIAMOND DA-40 Club Star,L1P,L
48083C,D-667,H47,BOEING-VERTOL CH-47 Chinook,H2T,M
48443C,PH-VOP,C172,CESSNA 172 Skyhawk,L1P,L
48453C,PH-VSX,P28A,PIPER PA-28-140/150/160/180,L1P,L
48463C,PH-3Z2,WT9,AEROSPOOL WT-9 Dynamic,L1P,L
484A3C,PH-1327,AV68,M&D FLUGZEUGBAU AVO-68 Samburo,L1P,L
484D3C,PH-MMC,BALL,,B0-,-
484E3C,PH-1239,GLID,,L0-,-
484F3C,PH-ZTI,EUPA,Europa,L1P,L
48503C,PH-KBR,PNR4,ALPI Pioneer 400,L1P,L
48533C,PH-1LG,ZZZZ,,-0-,-
48543C,PH-1UL,ZZZZ,,-0-,-
48553C,PH-1XC,ZZZZ,,-0-,-
48563C,PH-2PS,ZZZZ,,-0-,-
485F3C,PH-FVJ,C172,CESSNA 172 Skyhawk,L1P,L
48603C,PH-1645,GLID,,L0-,-
49B03C,OK-2230,VENT,SCHEMPP-HIRTH Ventus,L1P,L
49D03C,OK-MAG,BE20,BEECH 200 Super King Air,L2T,M
49D13C,OK-NOR,L40,ORLICAN L-40 Meta Sokol,L1P,L
49D23C,OK-OGC,C152,CESSNA 152,L1P,L
49D33C,OK-TAL,T206,CESSNA T206 Turbo Stationair,L1P,L
49D43C,OK-CLV,EN48,ENSTROM TH-28,H1T,L
4B0C3C,HB-EQM,DR30,CENTRE EST Prince,L1P,L
4B0F3C,HB-FUA,PC12,PILATUS PC-12,L1T,L
4B283C,HB-PGE,P28A,PIPER PA-28-140/150/160/180,L1P,L
4B2B3C,HB-QJS,BALL,,B0-,-
4B2C3C,HB-QTO,BALL,,B0-,-
4B373C,HB-UXW,JUNR,BOLKOW BO-208 Junior,L1P,L
4B413C,HB-YSI,RV14,VANS RV-14,L1P,L
4B443C,HB-ZVW,R44,ROBINSON R-44 Raven,H1P,L
4B483C,HB-917,GLID,,L0-,-
4B4B3C,HB-1685,GLID,,L0-,-
4B4C3C,HB-1941,GLID,,L0-,-
4CA63C,EI-DXL,ULAC,,L0-,-
4CAC3C,EI-GWX,B738,BOEING 737-800,L2J,M
4CAD3C,EI-HMT,B38M,BOEING 737 MAX 8,L2J,M
4D033C,LX-RCD,DR40,ROBIN DR-400,L1P,L
4D223C,9H-SBK,PC24,PILATUS PC-24,L2J,M
4D233C,9H-ALD,CL60,BOMBARDIER CL-600 Challenger,L2J,M
4D243C,9H-VCS,CL35,BOMBARDIER BD-100 Challenger 350,L2J,M
4D403C,3A-MXC,AS55,AEROSPATIALE AS-355 Ecureuil 2,H2T,L
50013C,T7-JIS,GL5T,BOMBARDIER BD-700 Global 5000/5500,L2J,M
50023C,T7-AYO,CL60,BOMBARDIER CL-600 Challenger,L2J,M
501E3C,9A-BTG,A320,AIRBUS A-320,L2J,M
506E3C,S5-DLC,C152,CESSNA 152,L1P,L
507C3C,UK-32000,A320,AIRBUS A-320,L2J,M
50813C,UR-UWW,B735,BOEING 737-500,L2J,M
50823C,UR-PAA,MI8,MIL Mi-8/9/17/19/171/172,H2T,M
50843C,UR-ZRS,NG5,BRM AERO NG-5/6 Bristell,L1P,L
50FF3C,32BLACK,AN32,ANTONOV An-32 Sutlej,L2T,M
51003C,EW-262TK,AN32,ANTONOV An-32 Sutlej,L2T,M
51103C,ES-MAA,C208,CESSNA 208 Caravan,L1T,L
51113C,ES-NTA,AT45,ATR-42-500,L2T,M
60003C,701,A319,AIRBUS A-319,L2J,M
60183C,EZ-A016,B738,BOEING 737-800,L2J,M
70203C,S2-AEK,P180,PIAGGIO P-180 Avanti,L2T,L
70E03C,XU-707,A321,AIRBUS A-321,L2J,M
71013C,HZ-FAH,A320,AIRBUS A-320,L2J,M
73943C,4X-CWK,C172,CESSNA 172 Skyhawk,L1P,L
73953C,4X-HLG,SIRA,TECNAM P-2002 Sierra,L1P,L
75033C,9M-AJE,A320,AIRBUS A-320,L2J,M
75043C,9M-AGD,A20N,AIRBUS A-320neo,L2J,M
75813C,RP-C9363,GL5T,BOMBARDIER BD-700 Global 5000/5500,L2J,M
75833C,RP-C8789,A333,AIRBUS A-330-300,L2J,H
75853C,RP-C6358,B462,BRITISH AEROSPACE 146-200 Quiet Trader,L4J,M
75863C,RP-C6683,AT75,ATR-72-500,L2T,M
78023C,B-KPP,B773,BOEING 777-300,L2J,H
78053C,B-000A,A20N,AIRBUS A-320neo,L2J,M
78073C,B-7795,CRJ2,BOMBARDIER Regional Jet CRJ-200,L2J,M
78083C,B-6853,A320,AIRBUS A-320,L2J,M
78093C,B-9624,C172,CESSNA 172 Skyhawk,L1P,L
780A3C,B-KQJ,B77W,BOEING 777-300ER,L2J,H
780B3C,B-2505,B733,BOEING 737-300,L2J,M
780C3C,B-1828,A320,AIRBUS A-320,L2J,M
780D3C,B-8309,GLF5,GULFSTREAM 5,L2J,M
780E3C,B-8232,A321,AIRBUS A-321,L2J,M
780F3C,B-7369,B77W,BOEING 777-300ER,L2J,H
78103C,B-7869,B77W,BOEING 777-300ER,L2J,H
78113C,B-8986,A320,AIRBUS A-320,L2J,M
78123C,B-1326,B738,BOEING 737-800,L2J,M
78133C,B-001V,AJ27,COMAC ARJ-21-700 Xiangfeng,L2J,M
78143C,B-1118,B38M,BOEING 737 MAX 8,L2J,M
781B3C,B-322R,A20N,AIRBUS A-320neo,L2J,M
781D3C,B-221H,B763,BOEING 767-300,L2J,H
781E3C,B-652P,GLF6,GULFSTREAM G650,L2J,M
78923C,B-KHN,A139,AGUSTA AW-139,H2T,L
79A03C,B-2335,A320,AIRBUS A-320,L2J,M
79C23C,21041,IL76,ILYUSHIN Il-76/82,L4J,H
7BB03C,B-2962,B733,BOEING 737-300,L2J,M
7C003C,VH-ABY,C172,CESSNA 172 Skyhawk,L1P,L
7C063C,VH-BIM,BE36,BEECH 36 Bonanza,L1P,L
7C083C,VH-BWU,P28A,PIPER PA-28-140/150/160/180,L1P,L
7C113C,VH-DOU,RV10,VANS RV-10,L1P,L
7C153C,VH-EHA,EC20,AIRBUS HELICOPTERS EC-120,H1T,L
7C163C,VH-EOE,C172,CESSNA 172 Skyhawk,L1P,L
7C1B3C,VH-FNY,F100,FOKKER 100,L2J,M
7C203C,VH-GNI,GLID,,L0-,-
7C243C,VH-HFY,AEST,AEROSTAR 600,L2P,L
7C353C,VH-KSU,PC12,PILATUS PC-12,L1T,L
7C363C,VH-KZY,EN28,ENSTROM F-28,H1P,L
7C393C,VH-LLA,B06,BELL 206 JetRanger,H1T,L
7C3B3C,VH-LZI,AS50,AEROSPATIALE AS-350 Ecureuil,H1T,L
7C3D3C,VH-MDQ,SVNH,AEROTEC Savannah,L1P,L
7C3F3C,VH-MRY,PA34,PIPER PA-34 Seneca,L2P,L
7C443C,VH-NRI,P28A,PIPER PA-28-140/150/160/180,L1P,L
7C453C,VH-NYM,UHEL,,H0-,-
7C4C3C,VH-PCE,TB20,SOCATA TB-20 Trinidad,L1P,L
7C4E3C,VH-PQM,DA40,DIAMOND DA-40 Club Star,L1P,L
7C573C,VH-RIM,AT8T,AIR TRACTOR AT-802,L1T,M
7C6B3C,VH-VGU,A320,AIRBUS A-320,L2J,M
7C713C,VH-WNI,C210,CESSNA 201 Centurion,L1P,L
7C7C3C,VH-YTQ,TOBA,SOCATA Tobago,L1P,L
7C813C,VH-ZTA,G115,GROB G-115,L1P,L
7CC43C,23-1132,SLG2,AIRPLANE FACTORY Sling 2,L1P,L
7CC53C,23-1764,FDCT,FLIGHT DESIGN CT,L1P,L
7CF83C,A27-002,HAWK,BRITISH AEROSPACE T-45 Goshawk,L1J,M
80033C,K2682,AN32,ANTONOV An-32 Sutlej,L2T,M
80073C,VT-ANV,B788,BOEING 787-8 Dreamliner,L2J,H
800C3C,VT-TNE,A20N,AIRBUS A-320neo,L2J,M
800D3C,VT-KUL,A320,AIRBUS A-320,L2J,M
80143C,VT-LIB,H25B,HAWKER BEECHCRAFT Hawker 750/850,L2J,M
80153C,VT-AEF,B77L,BOEING 777-200LR,L2J,H
84183C,JA06RJ,CRJ7,BOMBARDIER Regional Jet CRJ-700,L2J,M
84653C,JA135E,EC35,AIRBUS HELICOPTERS EC-135/635,H2T,L
861F3C,JA617A,B763,BOEING 767-300,L2J,H
88803C,VN-A565,A320,AIRBUS A-320,L2J,M
88813C,VN-A633,A321,AIRBUS A-321,L2J,M
89613C,A6-EYG,A332,AIRBUS A-330-200,L2J,H
89653C,A6-BME,B78X,BOEING 787-10 Dreamliner,L2J,H
896C3C,1302,A332,AIRBUS A-330-200,L2J,H
89813C,P2-HCZ,B212,BELL 212,H2T,L
89913C,B-17016,AT76,ATR-72-600,L2T,M
8A003C,PK-GPG,A333,AIRBUS A-330-300,L2J,H
8A063C,PK-LUY,A320,AIRBUS A-320,L2J,M
8A073C,HS-4206,AS65,AEROSPATIALE AS-365 Dauphin 2,H2T,L
8A083C,PK-LET,A339,AIRBUS A-330-900,L2J,H
8A093C,PK-BKO,A320,AIRBUS A-320,L2J,M
A0003C,N1CH,E55P,EMBRAER EMB-505 Phenom 300,L2J,M
A0013C,N1NP,BE20,BEECH 200 Super King Air,L2T,M
A0043C,N10VF,C152,CESSNA 152,L1P,L
A0053C,N100FL,CL60,BOMBARDIER CL-600 Challenger,L2J,M
A0083C,N1008Z,DSA1,SMITH DSA-1 Miniplane,L1P,L
A0093C,N101JJ,B429,BELL 429 GlobalRanger,H2T,L
A00C3C,N102BA,A5,ICON A-5,A1P,L
A00D3C,N102MG,FDCT,FLIGHT DESIGN CT,L1P,L
A0143C,N104GX,GX,REMOS GX,L1P,L
A0153C,N104TC,BALL,,B0-,-
A0163C,N1042P,H269,HUGHES Sky Knight,H1P,L
A0193C,N105WA,PA11,PIPER PA-11 Cub Special,L1P,L
A01B3C,N106CM,HROC,HARMON Rocket,L1P,L
A0203C,N107RR,,,,
A0213C,N1071M,T210,CESSNA T210 Turbo Centurion,L1P,L
A0233C,N108JH,BE95,BEECH 95 Travel Air,L2P,L
A0253C,N1083Q,C310,CESSNA 310,L2P,L
A0263C,N109B,R44,ROBINSON R-44 Raven,H1P,L
A0293C,N1095T,H500,HUGHES 500,H1T,L
A02B3C,N11QD,EC30,AIRBUS HELICOPTERS EC-130,H1T,L
A02E3C,N110WW,PA30,PIPER PA-30 Twin Comanche,L2P,L
A02F3C,N1105B,CH7A,BELLANCA 7 Champion,L1P,L
A0303C,N111DG,DHC2,DE HAVILLAND DHC-2 Beaver,L1P,L
A0333C,N1117E,BL8,BELLANCA 8 Decathlon,L1P,L
A0353C,N112SL,,,,
A0383C,N113KC,RV10,VANS RV-10,L1P,L
A03A3C,N1134,RLU1,RLU Super Breezy,L1P,L
A0423C,N1158F,C172,CESSNA 172 Skyhawk,L1P,L
A0433C,N116HR,C82R,CESSNA R182 Skylane RG,L1P,L
A0443C,N116TX,BE20,BEECH 200 Super King Air,L2T,M
A0453C,N11628,C150,CESSNA 150,L1P,L
A0473C,N117LP,,,,
A0483C,N117WV,GLAS,Glasair,L1P,L
A0493C,N1175A,PA18,PIPER PA-18 Super Cub,L1P,L
A04F3C,N119SK,C414,CESSNA 414 Chancellor,L2P,L
A0503C,N11916,CH7A,BELLANCA 7 Champion,L1P,L
A0523C,N12KB,C172,CESSNA 172 Skyhawk,L1P,L
A0583C,N121JL,EAGL,CHRISTEN Eagle,L1P,L
A05B3C,N122BC,C172,CESSNA 172 Skyhawk,L1P,L
A05C3C,N122MJ,C172,CESSNA 172 Skyhawk,L1P,L
A05E3C,N1225W,BL8,BELLANCA 8 Decathlon,L1P,L
A0623C,N1237Z,BE35,BEECH 35 Starfire Bonanza,L1P,L
A0663C,N12492,C172,CESSNA 172 Skyhawk,L1P,L
A0683C,N125WC,BE36,BEECH 36 Bonanza,L1P,L
A06A3C,N126CP,GLID,,L0-,-
A0703C,N1271P,PA23,PIPER PA-23,L2P,L
A0753C,N129BB,PA31,PIPER PA-31-300/310/325/350/425,L2P,L
A0793C,N13E,BE35,BEECH 35 Starfire Bonanza,L1P,L
A0853C,N13219,C172,CESSNA 172 Skyhawk,L1P,L
A0863C,N1329K,L8,LUSCOMBE 8,L1P,L
A0893C,N1334B,GYRO,,G0-,-
A08D3C,N1346E,C172,CESSNA 172 Skyhawk,L1P,L
A08E3C,N135EV,CRJ9,BOMBARDIER Regional Jet CRJ-900,L2J,M
A0903C,N13507,C172,CESSNA 172 Skyhawk,L1P,L
A0953C,N137AK,,,,
A0983C,N1375C,C177,CESSNA  177 Cardinal,L1P,L
A0993C,N138DH,SONX,SONEX AIRCRAFT Sonex,L1P,L
A09C3C,N1387F,C172,CESSNA 172 Skyhawk,L1P,L
A09F3C,N13918,WACO,WACO E/O,L1P,L
A0A13C,N14KD,BL8,BELLANCA 8 Decathlon,L1P,L
A0A43C,N140RW,C150,CESSNA 150,L1P,L
A0AA3C,N142BE,M7,MAULE M-7,L1P,L
A0AB3C,N142ML,VELO,Velocity,L1P,L
A0B03C,N1430Q,C150,CESSNA 150,L1P,L
A0B23C,N144HA,UH12,HILLER UH-12,H1P,L
A0B43C,N1442T,P28A,PIPER PA-28-140/150/160/180,L1P,L
A0B83C,N1454W,,,,
A0BF3C,N1471R,PC12,PILATUS PC-12,L1T,L
A0C03C,N14782,BL17,BELLANCA 17 Viking,L1P,L
A0C13C,N148JM,TB21,SOCATA TB-21 Trinidad TC,L1P,L
A0C33C,N1483U,C172,CESSNA 172 Skyhawk,L1P,L
A0C43C,N149BD,BE35,BEECH 35 Starfire Bonanza,L1P,L
A0CA3C,N150AN,RALL,SOCATA Rallye,L1P,L
A0CE3C,N151DL,P28A,PIPER PA-28-140/150/160/180,L1P,L
A0D13C,N1517J,P28A,PIPER PA-28-140/150/160/180,L1P,L
A0D33C,N152SQ,C152,CESSNA 152,L1P,L
A0D43C,N1522A,PA20,PIPER PA-20 Pacer,L1P,L
A0D83C,N1534D,AT3T,AIR TRACTOR AT-302/402,L1T,L
A0D93C,N154BZ,M20P,MOONEY M-20,L1P,L
A0DE3C,N155RC,T210,CESSNA T210 Turbo Centurion,L1P,L
A0DF3C,N15509,E135,EMBRAER ERJ-135,L2J,M
A0E33C,N1563B,BE33,BEECH 33 Bonanza,L1P,L
A0E43C,N157AM,HUSK,CHRISTEN Husky,L1P,L
A0EB3C,N1587H,C77R,CESSNA 177RG Cardinal RG,L1P,L
A0F03C,N16KF,C150,CESSNA 150,L1P,L
A0F53C,N16085,,,,
A0F73C,N161UW,A321,AIRBUS A-321,L2J,M
A0FC3C,N16250,P28A,PIPER PA-28-140/150/160/180,L1P,L
A1043C,N16496,P28A,PIPER PA-28-140/150/160/180,L1P,L
A1053C,N165LA,C150,CESSNA 150,L1P,L
A1133C,N169BF,ACR2,ACRO SPORT 2,L1P,L
A1173C,N17ED,C56X,CESSNA 560XL Citation XLS,L2J,M
A11D3C,N171DN,B763,BOEING 767-300,L2J,H
A11F3C,N1710,MG17,MIKOYAN MiG-17,L1J,L
A1203C,N1717L,M20P,MOONEY M-20,L1P,L
A1213C,N172GL,C172,CESSNA 172 Skyhawk,L1P,L
A1223C,N172SS,C172,CESSNA 172 Skyhawk,L1P,L
A1233C,N1722C,C180,CESSNA  180 Skywagon,L1P,L
A1273C,N1734F,C172,CESSNA 172 Skyhawk,L1P,L
A1283C,N174CA,P32R,PIPER PA-32R-300/301/301T,L1P,L
A1333C,N177AP,C77R,CESSNA 177RG Cardinal RG,L1P,L
A1373C,N178DM,LNC2,LANCAIR 200-320,L1P,L
A1383C,N178PT,GLF4,GULFSTREAM 4,L2J,M
A1403C,N18VP,T18,THORP Tiger,L1P,L
A1423C,N180S,C180,CESSNA  180 Skywagon,L1P,L
A1443C,N18087,BE76,BEECH 76 Duchess,L2P,L
A14B3C,N18252,,,,
A1523C,N1842X,C182,CESSNA 182 Skylane,L1P,L
A1533C,N18498,S10,STINSON 10 Voyager,L1P,L
A1543C,N185LC,C185,CESSNA 185 Skywagon,L1P,L
A15A3C,N18663,C150,CESSNA 150,L1P,L
A15B3C,N187FT,P28A,PIPER PA-28-140/150/160/180,L1P,L
A15D3C,N1871V,C172,CESSNA 172 Skyhawk,L1P,L
A15F3C,N188JR,SR20,CIRRUS SR-20,L1P,L
A1623C,N189BH,PA18,PIPER PA-18 Super Cub,L1P,L
A1653C,N18951,BE24,BEECH 24 Sierra,L1P,L
A1663C,N19EF,GLID,,L0-,-
A1683C,N190AS,PC12,PILATUS PC-12,L1T,L
A16E3C,N1910B,L8,LUSCOMBE 8,L1P,L
A1733C,N1929R,CAMP,GREGA GN-1 Aircamper,L1P,L
A1753C,N193VS,H500,HUGHES 500,H1T,L
A1763C,N1934H,P28A,PIPER PA-28-140/150/160/180,L1P,L
A1773C,N194CC,PA11,PIPER PA-11 Cub Special,L1P,L
A17A3C,N1946L,J3,PIPER J-3 Cub,L1P,L
A17B3C,N195FA,C82T,CESSNA TR182 Turbo Skylane RG,L1P,L
A17E3C,N1958P,PA22,PIPER PA-22,L1P,L
A1823C,N197AR,EA50,ECLIPSE 550,L2J,L
A1853C,N1975J,COY2,RANS Coyote 2,L1P,L
A1863C,N198DP,OPCA,BROOKLANDS OA-7 Optica,L1P,L
A1883C,N1980A,GYRO,,G0-,-
A18B3C,N199ST,HUSK,CHRISTEN Husky,L1P,L
A18C3C,N1992D,C82T,CESSNA TR182 Turbo Skylane RG,L1P,L
A18D3C,N1999Q,C77R,CESSNA 177RG Cardinal RG,L1P,L
A18F3C,N2VR,BT36,BEECH B36TC Bonanza,L1P,L
A1903C,N20FW,BE99,BEECH 99 Airliner,L2T,L
A1913C,N20SB,CH7B,BELLANCA 7 Citabria,L1P,L
A1923C,N200CG,C500,CESSNA 500 Citation 1,L2J,L
A1933C,N200NN,E75L,EMBRAER ERJ-170-200 (long wing),L2J,M
A1953C,N2006Q,C77R,CESSNA 177RG Cardinal RG,L1P,L
A1973C,N201RL,M20P,MOONEY M-20,L1P,L
A1983C,N2011G,,,,
A19A3C,N202JC,ULAC,,L0-,-
A19C3C,N2023K,BE95,BEECH 95 Travel Air,L2P,L
A19E3C,N203MA,P28A,PIPER PA-28-140/150/160/180,L1P,L
A1A03C,N2035N,,,,
A1A33C,N2040E,AT5T,AIR TRACTOR AT-504,L1T,L
A1A53C,N205GR,B06,BELL 206 JetRanger,H1T,L
A1A83C,N2059U,T206,CESSNA T206 Turbo Stationair,L1P,L
A1A93C,N206KP,,,,
A1AC3C,N207CF,A119,AGUSTA AW-119 Koala,H1T,L
A1B73C,N21AU,PC12,PILATUS PC-12,L1T,L
A1B93C,N21XF,P212,TECNAM P-2012 Traveller,L2P,L
A1BA3C,N210HL,T210,CESSNA T210 Turbo Centurion,L1P,L
A1BB3C,N210TS,P210,CESSNA P210 Centurion,L1P,L
A1C03C,N21146,C182,CESSNA 182 Skylane,L1P,L
A1C13C,N212DA,T206,CESSNA T206 Turbo Stationair,L1P,L
A1C63C,N213SE,SR22,CIRRUS SR-22,L1P,L
A1C83C,N2139B,P28B,PIPER PA-28-201T/235/236,L1P,L
A1CB3C,N21434,M20P,MOONEY M-20,L1P,L
A1CF3C,N21557,C182,CESSNA 182 Skylane,L1P,L
A1D23C,N2160Z,,,,
A1D43C,N217HK,B06,BELL 206 JetRanger,H1T,L
A1D53C,N217TR,SF50,CIRRUS SF-50 Vision,L1J,L
A1D63C,N21722,C82S,CESSNA T182 Turbo Skylane,L1P,L
A1D93C,N218WP,P28R,PIPER PA-28R-180/200/201,L1P,L
A1DA3C,N21845,J4,PIPER J-4 Cub Coupe,L1P,L
A1DB3C,N219D,PA46,PIPER PA-46-310/350,L1P,L
A1DF3C,N22FY,CL60,BOMBARDIER CL-600 Challenger,L2J,M
A1E03C,N22SD,C177,CESSNA  177 Cardinal,L1P,L
A1E73C,N2211J,P28B,PIPER PA-28-201T/235/236,L1P,L
A1E83C,N2218V,C140,CESSNA 140,L1P,L
A1E93C,N222JE,F2TH,DASSAULT Falcon 2000,L2J,M
A1EB3C,N2223M,J3,PIPER J-3 Cub,L1P,L
A1ED3C,N223MC,R22,ROBINSON R-22 Mariner,H1P,L
A1EF3C,N2235Q,C421,CESSNA 421 Executive Commuter,L2P,L
A1F23C,N2240G,P28A,PIPER PA-28-140/150/160/180,L1P,L
A1F33C,N2247T,C82T,CESSNA TR182 Turbo Skylane RG,L1P,L
A1F43C,N225GT,C750,CESSNA 750 Citation 10,L2J,M
A1FB3C,N227CH,TBM7,SOCATA TBM-700A/B/C,L1T,L
A1FC3C,N227NP,C150,CESSNA 150,L1P,L
A2003C,N228RM,M20P,MOONEY M-20,L1P,L
A2023C,N2288U,BRB2,BRANTLY B-2,H1P,L
A2053C,N2293L,BE36,BEECH 36 Bonanza,L1P,L
A2063C,N23AW,FOX,KITFOX,L1P,L
A2073C,N23MB,RV8,VANS RV-8,L1P,L
A20B3C,N23025,C150,CESSNA 150,L1P,L
A20C3C,N231AE,M20P,MOONEY M-20,L1P,L
A20D3C,N231LL,SR22,CIRRUS SR-22,L1P,L
A20F3C,N23148,C150,CESSNA 150,L1P,L
A2133C,N2327A,BE36,BEECH 36 Bonanza,L1P,L
A2163C,N23313,AT3P,AIR TRACTOR AT-301/401,L1P,L
A2173C,N2339D,C170,CESSNA 170,L1P,L
A21B3C,N235BR,DV20,DIAMOND DA-20,L1P,L
A21E3C,N23559,AR65,AERONCA 65 Super Chief,L1P,L
A2213C,N23601,TAYB,TAYLORCRAFT BC/BF/BL,L1P,L
A2243C,N237TT,DA42,DIAMOND DA-42 Guardian,L2P,L
A2253C,N23724,BE36,BEECH 36 Bonanza,L1P,L
A22D3C,N2397,DHC1,DE HAVILLAND DHC-1 Chipmunk,L1P,L
A22E3C,N24G,G150,GULFSTREAM G150,L2J,M
A22F3C,N24SF,FURY,HAWKER Fury,L1P,L
A2363C,N2411L,C172,CESSNA 172 Skyhawk,L1P,L
A2373C,N2418X,C182,CESSNA 182 Skylane,L1P,L
A2383C,N242JG,,,,
A23A3C,N2423P,BALL,,B0-,-
A23C3C,N243ME,C206,CESSNA  206 Stationair,L1P,L
A2413C,N2440J,C150,CESSNA 150,L1P,L
A2423C,N2447V,C140,CESSNA 140,L1P,L
A2443C,N245TA,P06T,TECNAM P-2006T,L2P,L
A2463C,N2459Y,C72R,CESSNA 172R Cutlass RG,L1P,L
A2473C,N246KT,ULAC,,L0-,-
A2493C,N2464Q,P28R,PIPER PA-28R-180/200/201,L1P,L
A2513C,N2488W,GLID,,L0-,-
A2593C,N250TW,,,,
A25B3C,N251AG,,,,
A25E3C,N2515,BIPL,EAA Biplane,L1P,L
A2603C,N252PL,M20P,MOONEY M-20,L1P,L
A2623C,N2527C,C170,CESSNA 170,L1P,L
A2633C,N253GC,B734,BOEING 737-400,L2J,M
A2653C,N25315,TAMP,SOCATA TB-9 Tampico,L1P,L
A2663C,N2539F,PARA,,P0-,-
A26D3C,N2556A,PA22,PIPER PA-22,L1P,L
A2713C,N2568D,GLST,GLASAIR SH-4 GlaStar,L1P,L
A2773C,N258WT,SR22,CIRRUS SR-22,L1P,L
A27D3C,N26GB,PA18,PIPER PA-18 Super Cub,L1P,L
A2843C,N261RS,PA32,PIPER PA-32,L1P,L
A28B3C,N263MG,P28A,PIPER PA-28-140/150/160/180,L1P,L
A2943C,N2652P,PA22,PIPER PA-22,L1P,L
A2983C,N2664S,C337,CESSNA 337 Super Skymaster,L2P,L
A2993C,N267CM,PA18,PIPER PA-18 Super Cub,L1P,L
A29A3C,N267NT,,,,
A29F3C,N2681M,PA12,PIPER PA-12 Super Cruiser,L1P,L
A2A13C,N269JH,LJ60,LEARJET 60,L2J,M
A2A43C,N27B,T210,CESSNA T210 Turbo Centurion,L1P,L
A2AC3C,N271WW,C172,CESSNA 172 Skyhawk,L1P,L
A2B83C,N2744,RV4,VANS RV-4,L1P,L
A2C03C,N2768F,C182,CESSNA 182 Skylane,L1P,L
A2C93C,N279PM,C208,CESSNA 208 Caravan,L1T,L
A2CB3C,N2797D,C170,CESSNA 170,L1P,L
A2CC3C,N28GD,VTRA,RANS Venterra,L1P,L
A2CD3C,N28SK,P28A,PIPER PA-28-140/150/160/180,L1P,L
A2D13C,N2806Y,C182,CESSNA 182 Skylane,L1P,L
A2D53C,N28181,BL17,BELLANCA 17 Viking,L1P,L
A2D63C,N282JL,BE95,BEECH 95 Travel Air,L2P,L
A2D83C,N2823T,P28R,PIPER PA-28R-180/200/201,L1P,L
A2DF3C,N2840N,ULAC,,L0-,-
A2E03C,N2847Z,PA22,PIPER PA-22,L1P,L
A2E33C,N2852R,C182,CESSNA 182 Skylane,L1P,L
A2E83C,N287CP,SR22,CIRRUS SR-22,L1P,L
A2E93C,N287NV,A320,AIRBUS A-320,L2J,M
A2ED3C,N288RT,CH7A,BELLANCA 7 Champion,L1P,L
A2EE3C,N2881P,HUSK,CHRISTEN Husky,L1P,L
A2EF3C,N28880,L8,LUSCOMBE 8,L1P,L
A2F33C,N29BB,PC12,PILATUS PC-12,L1T,L
A2F83C,N2903A,P28A,PIPER PA-28-140/150/160/180,L1P,L
A2FA3C,N291LS,FDCT,FLIGHT DESIGN CT,L1P,L
A2FC3C,N2915D,C170,CESSNA 170,L1P,L
A2FD3C,N292DJ,SF50,CIRRUS SF-50 Vision,L1J,L
A2FE3C,N292PQ,CRJ9,BOMBARDIER Regional Jet CRJ-900,L2J,M
A3073C,N2944B,BE35,BEECH 35 Starfire Bonanza,L1P,L
A30D3C,N296RA,DA40,DIAMOND DA-40 Club Star,L1P,L
A3133C,N298AK,B739,BOEING 737-900,L2J,M
A3163C,N2985C,C180,CESSNA  180 Skywagon,L1P,L
A3183C,N299PP,E55P,EMBRAER EMB-505 Phenom 300,L2J,M
A31B3C,N3GF,EN28,ENSTROM F-28,H1P,L
A31C3C,N3SM,C180,CESSNA  180 Skywagon,L1P,L
A31D3C,N30CS,PA18,PIPER PA-18 Super Cub,L1P,L
A3223C,N3004F,C182,CESSNA 182 Skylane,L1P,L
A3233C,N301CA,PA32,PIPER PA-32,L1P,L
A3293C,N3021A,BALL,,B0-,-
A32A3C,N3028M,P28A,PIPER PA-28-140/150/160/180,L1P,L
A32D3C,N3033D,P28A,PIPER PA-28-140/150/160/180,L1P,L
A3313C,N3045G,CH7A,BELLANCA 7 Champion,L1P,L
A3323C,N305DM,,,,
A3333C,N305PT,C172,CESSNA 172 Skyhawk,L1P,L
A3373C,N306SR,SR22,CIRRUS SR-22,L1P,L
A3383C,N3062B,MAGN,AVID Magnum,L1P,L
A3393C,N3069N,R44,ROBINSON R-44 Raven,H1P,L
A33A3C,N307KH,B407,BELL 407,H1T,L
A33C3C,N3074E,CH7A,BELLANCA 7 Champion,L1P,L
A33D3C,N308C,PA18,PIPER PA-18 Super Cub,L1P,L
A3473C,N310EG,C25B,CESSNA 525B Citation CJ3,L2J,L
A3493C,N3100U,C208,CESSNA 208 Caravan,L1T,L
A34A3C,N31075,BE36,BEECH 36 Bonanza,L1P,L
A34C3C,N311TL,C82R,CESSNA R182 Skylane RG,L1P,L
A34D3C,N3112X,BE33,BEECH 33 Bonanza,L1P,L
A34E3C,N31198,J4,PIPER J-4 Cub Coupe,L1P,L
A34F3C,N312LC,BE36,BEECH 36 Bonanza,L1P,L
A3513C,N31240,,,,
A3533C,N313PA,C210,CESSNA 201 Centurion,L1P,L
A3583C,N3141V,C150,CESSNA 150,L1P,L
A35A3C,N315JR,SR22,CIRRUS SR-22,L1P,L
A35E3C,N316MP,P46T,PIPER PA-46-500TP,L1T,L
A3603C,N31651,WACC,WACO C/S,L1P,L
A3673C,N3182W,BE33,BEECH 33 Bonanza,L1P,L
A36B3C,N3194Z,PA18,PIPER PA-18 Super Cub,L1P,L
A36D3C,N32P,BE65,BEECH 65 Queen Air,L2P,L
A3783C,N3221C,A321,AIRBUS A-321,L2J,M
A3793C,N3228P,PA24,PIPER PA-24 Comanche,L1P,L
A37C3C,N3233F,M20P,MOONEY M-20,L1P,L
A37D3C,N324AR,PA31,PIPER PA-31-300/310/325/350/425,L2P,L
A37F3C,N324XC,A32P,SCHLEICHER ASG-32Mi,L1P,L
A3803C,N3245J,C150,CESSNA 150,L1P,L
A3833C,N3250A,CB1,HATZ CB-1 Classic,L1P,L
A3843C,N3257M,PA12,PIPER PA-12 Super Cruiser,L1P,L
A3873C,N3262D,VEZE,RUTAN VariEze,L1P,L
A38A3C,N327VR,VR7,VASHON Ranger R7,L1P,L
A38C3C,N328CB,PA22,PIPER PA-22,L1P,L
A38F3C,N3286K,BALL,,B0-,-
A3903C,N329F,CH70,ZENAIR CH-701 Stol,L1P,L
A3933C,N3298N,SS2T,TRUSH Turbo Thrush 500/550,L1T,L
A3943C,N33HY,HUSK,CHRISTEN Husky,L1P,L
A3993C,N33077,P28A,PIPER PA-28-140/150/160/180,L1P,L
A39C3C,N3312Z,PA22,PIPER PA-22,L1P,L
A39E3C,N332LE,,,,
A3A03C,N33242,J3,PIPER J-3 Cub,L1P,L
A3A13C,N333CX,PA24,PIPER PA-24 Comanche,L1P,L
A3A23C,N333PC,H25B,HAWKER BEECHCRAFT Hawker 750/850,L2J,M
A3A63C,N334SA,C82S,CESSNA T182 Turbo Skylane,L1P,L
A3A73C,N3341X,C310,CESSNA 310,L2P,L
A3A83C,N33488,P28A,PIPER PA-28-140/150/160/180,L1P,L
A3AB3C,N33530,P28R,PIPER PA-28R-180/200/201,L1P,L
A3AC3C,N336BK,J3,PIPER J-3 Cub,L1P,L
A3B23C,N3370V,C150,CESSNA 150,L1P,L
A3B63C,N3382Y,C182,CESSNA 182 Skylane,L1P,L
A3B73C,N33899,AR65,AERONCA 65 Super Chief,L1P,L
A3BA3C,N33941,GLID,,L0-,-
A3BC3C,N34PB,RV14,VANS RV-14,L1P,L
A3C63C,N342RJ,CH60,ZENAIR CH-600 Zodiac,L1P,L
A3C73C,N3421E,C172,CESSNA 172 Skyhawk,L1P,L
A3CF3C,N3445L,T206,CESSNA T206 Turbo Stationair,L1P,L
A3D23C,N3450C,C170,CESSNA 170,L1P,L
A3D33C,N3457P,PA23,PIPER PA-23,L2P,L
A3D63C,N3462F,C182,CESSNA 182 Skylane,L1P,L
A3D73C,N3469S,C182,CESSNA 182 Skylane,L1P,L
A3D93C,N347VT,S92,SIKORSKY S-92 Helibus,H2T,M
A3DB3C,N348CD,SR22,CIRRUS SR-22,L1P,L
A3E33C,N35J,BE35,BEECH 35 Starfire Bonanza,L1P,L
A3E73C,N3500Y,C182,CESSNA 182 Skylane,L1P,L
A3E83C,N35079,C72R,CESSNA 172R Cutlass RG,L1P,L
A3EB3C,N35121,C172,CESSNA 172 Skyhawk,L1P,L
A3EC3C,N352AA,B763,BOEING 767-300,L2J,H
A3EF3C,N35244,C177,CESSNA  177 Cardinal,L1P,L
A3F33C,N35367,C72R,CESSNA 172R Cutlass RG,L1P,L
A3F43C,N354FX,E55P,EMBRAER EMB-505 Phenom 300,L2J,M
A3F53C,N354SC,ULAC,,L0-,-
A3F73C,N3549,DH82,DE HAVILLAND DH-82 Tiger Moth,L1P,L
A3F93C,N355VA,C172,CESSNA 172 Skyhawk,L1P,L
A3FC3C,N356MT,P28A,PIPER PA-28-140/150/160/180,L1P,L
A3FE3C,N35655,J3,PIPER J-3 Cub,L1P,L
A3FF3C,N357EK,C25C,CESSNA 525C Citation CJ4,L2J,M
A4023C,N35778,J3,PIPER J-3 Cub,L1P,L
A4063C,N359A,FOX,KITFOX,L1P,L
A40B3C,N36PD,BE36,BEECH 36 Bonanza,L1P,L
A40E3C,N360VW,LNC2,LANCAIR 200-320,L1P,L
A40F3C,N3604M,PA12,PIPER PA-12 Super Cruiser,L1P,L
A4133C,N3616Q,GLID,,L0-,-
A4143C,N362FE,DC10,MCDONNELL DOUGLAS DC-10,L3J,H
A4163C,N3621G,GLID,,L0-,-
A4173C,N3628T,G164,GRUMMAN G-164 Ag-Cat,L1P,L
A4183C,N363JC,E300,EXTRA EA-300/330/350,L1P,L
A41A3C,N3633K,J3,PIPER J-3 Cub,L1P,L
A41C3C,N364MA,C172,CESSNA 172 Skyhawk,L1P,L
A4213C,N3650E,CH7A,BELLANCA 7 Champion,L1P,L
A42F3C,N369RK,C421,CESSNA 421 Executive Commuter,L2P,L
A4373C,N3708A,PA18,PIPER PA-18 Super Cub,L1P,L
A43B3C,N372AC,AS50,AEROSPATIALE AS-350 Ecureuil,H1T,L
A43F3C,N373DA,B738,BOEING 737-800,L2J,M
A4423C,N37369,S1,INTERSTATE S-1 Cadet,L1P,L
A4453C,N37411,S1,INTERSTATE S-1 Cadet,L1P,L
A4463C,N3749B,,,,
A4543C,N37822,CUCA,CULVER Cadet,L1P,L
A45A3C,N38PF,T210,CESSNA T210 Turbo Centurion,L1P,L
A45E3C,N3804P,PA22,PIPER PA-22,L1P,L
A4623C,N3816S,BE36,BEECH 36 Bonanza,L1P,L
A4653C,N3821J,BE36,BEECH 36 Bonanza,L1P,L
A4663C,N3828V,C170,CESSNA 170,L1P,L
A4693C,N3833M,PA12,PIPER PA-12 Super Cruiser,L1P,L
A46B3C,N384MC,C172,CESSNA 172 Skyhawk,L1P,L
A46D3C,N3845Q,C172,CESSNA 172 Skyhawk,L1P,L
A4703C,N3850G,C340,CESSNA 340 Super,L2P,L
A4713C,N3857T,P28R,PIPER PA-28R-180/200/201,L1P,L
A4743C,N3862K,P28A,PIPER PA-28-140/150/160/180,L1P,L
A4753C,N3869W,PA32,PIPER PA-32,L1P,L
A4783C,N3874N,BE35,BEECH 35 Starfire Bonanza,L1P,L
A47F3C,N3891H,M20P,MOONEY M-20,L1P,L
A4813C,N39JD,GLID,,L0-,-
A4823C,N39UK,,,,
A4863C,N3908C,C421,CESSNA 421 Executive Commuter,L2P,L
A48E3C,N393DC,M6,MAULE M-6,L1P,L
A48F3C,N393PJ,C501,CESSNA 501 Citation 1SP,L2J,L
A4913C,N3937A,AS50,AEROSPATIALE AS-350 Ecureuil,H1T,L
A4923C,N394GA,C25A,CESSNA 525A Citation CJ2,L2J,L
A4A03C,N3978B,ST75,STEARMAN Kaydet,L1P,L
A4A43C,N399AD,RV12,VANS RV-12,L1P,L
A4A73C,N39947,TAYB,TAYLORCRAFT BC/BF/BL,L1P,L
A4A93C,N4PH,LNC2,LANCAIR 200-320,L1P,L
A4AA3C,N4ZP,WACO,WACO E/O,L1P,L
A4AD3C,N400GE,C172,CESSNA 172 Skyhawk,L1P,L
A4AE3C,N400SL,BE20,BEECH 200 Super King Air,L2T,M
A4AF3C,N40017,P28A,PIPER PA-28-140/150/160/180,L1P,L
A4B03C,N4009H,BALL,,B0-,-
A4B13C,N401KC,ZZZZ,,-0-,-
A4B73C,N4026C,S108,STINSON 108 Voyager,L1P,L
A4B83C,N403ET,C560,CESSNA 560 Citation Ultra,L2J,M
A4BB3C,N4038F,C172,CESSNA 172 Skyhawk,L1P,L
A4BC3C,N404HR,FA20,DASSAULT Falcon 200,L2J,M
A4BD3C,N404TX,LNC4,LANCAIR 4,L1P,L
A4BE3C,N40428,SS2T,TRUSH Turbo Thrush 500/550,L1T,L
A4C03C,N405LP,B06,BELL 206 JetRanger,H1T,L
A4C23C,N4055A,BALL,,B0-,-
A4C63C,N4067D,C182,CESSNA 182 Skylane,L1P,L
A4C83C,N407SK,B407,BELL 407,H1T,L
A4CB3C,N408KB,DV20,DIAMOND DA-20,L1P,L
A4CF3C,N409N,,,,
A4D53C,N410MJ,C182,CESSNA 182 Skylane,L1P,L
A4DB3C,N4117Z,PA31,PIPER PA-31-300/310/325/350/425,L2P,L
A4DE3C,N4122R,P32R,PIPER PA-32R-300/301/301T,L1P,L
A4E13C,N413WC,RV9,VANS RV-9,L1P,L
A4E23C,N4134U,C150,CESSNA 150,L1P,L
A4E33C,N414CP,SR22,CIRRUS SR-22,L1P,L
A4E63C,N4146X,VO10,NORTH AMERICAN ROCKWELL Commander 100,L1P,L
A4E93C,N4151P,P32R,PIPER PA-32R-300/301/301T,L1P,L
A4EA3C,N41580,PA18,PIPER PA-18 Super Cub,L1P,L
A4ED3C,N4163S,BE36,BEECH 36 Bonanza,L1P,L
A4EF3C,N417MH,C25A,CESSNA 525A Citation CJ2,L2J,L
A4F43C,N4180M,PA12,PIPER PA-12 Super Cruiser,L1P,L
A4F53C,N4187Y,BL8,BELLANCA 8 Decathlon,L1P,L
A4F93C,N41991,AT5T,AIR TRACTOR AT-504,L1T,L
A4FA3C,N42KW,BE58,BEECH 58 Baron,L2P,L
A4FB3C,N42WB,P210,CESSNA P210 Centurion,L1P,L
A4FE3C,N42019,J3,PIPER J-3 Cub,L1P,L
A4FF3C,N4209K,AR6T,AERONCA 65 Tandem,L1P,L
A5013C,N421VL,RV7,VANS RV-7,L1P,L
A5023C,N4214B,BE35,BEECH 35 Starfire Bonanza,L1P,L
A5063C,N4226E,AR11,AERONCA 11 Chief,L1P,L
A50A3C,N4238H,R44,ROBINSON R-44 Raven,H1P,L
A50E3C,N425AK,HUSK,CHRISTEN Husky,L1P,L
A50F3C,N425LR,DRON,,D0-,-
A5123C,N426DH,HDJT,HONDA HondaJet,L2J,L
A5153C,N4267F,C172,CESSNA 172 Skyhawk,L1P,L
A5183C,N42718,C182,CESSNA 182 Skylane,L1P,L
A5193C,N4279J,P28A,PIPER PA-28-140/150/160/180,L1P,L
A51F3C,N429YH,PARA,,P0-,-
A5293C,N4310Q,C172,CESSNA 172 Skyhawk,L1P,L
A52A3C,N43171,P28A,PIPER PA-28-140/150/160/180,L1P,L
A52D3C,N4322T,PA23,PIPER PA-23,L2P,L
A52E3C,N43294,TAYB,TAYLORCRAFT BC/BF/BL,L1P,L
A5323C,N434CR,PA18,PIPER PA-18 Super Cub,L1P,L
A5353C,N4346Z,ULAC,,L0-,-
A5383C,N4351R,C172,CESSNA 172 Skyhawk,L1P,L
A53C3C,N4363U,P32R,PIPER PA-32R-300/301/301T,L1P,L
A5473C,N4392S,,,,
A5483C,N43993,,,,
A5493C,N44KY,R44,ROBINSON R-44 Raven,H1P,L
A54A3C,N44WD,PA30,PIPER PA-30 Twin Comanche,L2P,L
A54D3C,N4402A,P28A,PIPER PA-28-140/150/160/180,L1P,L
A54E3C,N4409M,PA12,PIPER PA-12 Super Cruiser,L1P,L
A5583C,N44309,C185,CESSNA 185 Skywagon,L1P,L
A5593C,N4438K,NAVI,NORTH AMERICAN Navion,L1P,L
A55B3C,N444UA,A320,AIRBUS A-320,L2J,M
A55E3C,N445LT,C680,CESSNA 680 Citation Sovereign,L2J,M
A5603C,N4455E,CH7A,BELLANCA 7 Champion,L1P,L
A5653C,N447GH,B407,BELL 407,H1T,L
A5673C,N4472,H60,SIKORSKY UH-60 Black Hawk,H2T,M
A5683C,N4479L,C172,CESSNA 172 Skyhawk,L1P,L
A56B3C,N4484C,C195,CESSNA 195,L1P,L
A56D3C,N449ND,P28A,PIPER PA-28-140/150/160/180,L1P,L
A56F3C,N4496F,P28A,PIPER PA-28-140/150/160/180,L1P,L
A5703C,N45EW,GLID,,L0-,-
A5723C,N450BG,GLF4,GULFSTREAM 4,L2J,M
A5753C,N45050,PA23,PIPER PA-23,L2P,L
A5763C,N451EE,MX2,MXR MX-2,L1P,L
A57D3C,N45296,N3N,NAVAL AIRCRAFT FACTORY N3N,L1P,L
A57E3C,N453LA,GYRO,,G0-,-
A5813C,N454CT,FDCT,FLIGHT DESIGN CT,L1P,L
A5843C,N45461,AT5T,AIR TRACTOR AT-504,L1T,L
A5853C,N455FR,RV8,VANS RV-8,L1P,L
A5883C,N45584,BALL,,B0-,-
A5893C,N456JP,ULAC,,L0-,-
A58D3C,N457MM,TRDO,TITAN Tornado SS,L1P,L
A5923C,N4580R,P28A,PIPER PA-28-140/150/160/180,L1P,L
A5933C,N45872,L8,LUSCOMBE 8,L1P,L
A5973C,N45995,L8,LUSCOMBE 8,L1P,L
A5983C,N46L,BE20,BEECH 200 Super King Air,L2T,M
A5993C,N46WF,PA32,PIPER PA-32,L1P,L
A5A13C,N462CA,S22T,CIRRUS SR-22T Turbo,L1P,L
A5A43C,N4626J,P28R,PIPER PA-28R-180/200/201,L1P,L
A5A83C,N4638M,PA11,PIPER PA-11 Cub Special,L1P,L
A5B33C,N4667K,C182,CESSNA 182 Skylane,L1P,L
A5B63C,N4672B,C180,CESSNA  180 Skywagon,L1P,L
A5C03C,N47RD,B06,BELL 206 JetRanger,H1T,L
A5C83C,N47175,AR6T,AERONCA 65 Tandem,L1P,L
A5D33C,N47463,PA32,PIPER PA-32,L1P,L
A5D73C,N47586,C152,CESSNA 152,L1P,L
A5DB3C,N477BH,,,,
A5DE3C,N47751,AR6T,AERONCA 65 Tandem,L1P,L
A5E23C,N47874,P28R,PIPER PA-28R-180/200/201,L1P,L
A5E53C,N4792W,AC11,NORTH AMERICAN ROCKWELL Commander 112/114,L1P,L
A5EB3C,N4802E,T6,NORTH AMERICAN T-6 Texan,L1P,L
A5EC3C,N4809R,C182,CESSNA 182 Skylane,L1P,L
A5EF3C,N4814H,PA17,PIPER PA-17 Vagabond Trainer,L1P,L
A5F03C,N482CC,P28A,PIPER PA-28-140/150/160/180,L1P,L
A6013C,N4860A,PA22,PIPER PA-22,L1P,L
A6023C,N4867M,PA11,PIPER PA-11 Cub Special,L1P,L
A6053C,N4872D,C172,CESSNA 172 Skyhawk,L1P,L
A60A3C,N489CB,C25A,CESSNA 525A Citation CJ2,L2J,L
A60D3C,N4896K,P210,CESSNA P210 Centurion,L1P,L
A60F3C,N49RF,GLF4,GULFSTREAM 4,L2J,M
A61E3C,N49342,PTS1,PITTS S-1 Special,L1P,L
A6223C,N49465,O1,CESSNA 305/341 Bird Dog,L1P,L
A6333C,N499TM,BE40,BEECH 400 Beechjet,L2J,M
A6353C,N49999,ST75,STEARMAN Kaydet,L1P,L
A6373C,N5WK,PA30,PIPER PA-30 Twin Comanche,L2P,L
A6393C,N50SW,P28B,PIPER PA-28-201T/235/236,L1P,L
A63A3C,N500DA,E55P,EMBRAER EMB-505 Phenom 300,L2J,M
A63B3C,N500PG,CL60,BOMBARDIER CL-600 Challenger,L2J,M
A63D3C,N50069,SONX,SONEX AIRCRAFT Sonex,L1P,L
A63F3C,N501SE,,,,
A6413C,N5019B,BE35,BEECH 35 Starfire Bonanza,L1P,L
A6443C,N50234,C150,CESSNA 150,L1P,L
A6453C,N503BP,ULAC,,L0-,-
A6493C,N504EM,RV8,VANS RV-8,L1P,L
A64E3C,N505TR,RV10,VANS RV-10,L1P,L
A6503C,N506AB,LJ60,LEARJET 60,L2J,M
A6533C,N50645,,,,
A6593C,N508SD,C185,CESSNA 185 Skywagon,L1P,L
A65B3C,N5089A,C172,CESSNA 172 Skyhawk,L1P,L
A65F3C,N51BN,GLF5,GULFSTREAM 5,L2J,M
A6613C,N51Y,T51,TITAN T-51 Mustang,L1P,L
A6653C,N511AX,,,,
A6683C,N5115Q,RV10,VANS RV-10,L1P,L
A66B3C,N5120G,P28A,PIPER PA-28-140/150/160/180,L1P,L
A66F3C,N5132K,NAVI,NORTH AMERICAN Navion,L1P,L
A6703C,N5139W,C82S,CESSNA T182 Turbo Skylane,L1P,L
A6733C,N5144N,C182,CESSNA 182 Skylane,L1P,L
A6773C,N5156R,C172,CESSNA 172 Skyhawk,L1P,L
A6793C,N516RM,,,,
A67E3C,N5173L,P28A,PIPER PA-28-140/150/160/180,L1P,L
A67F3C,N518AW,SR22,CIRRUS SR-22,L1P,L
A6803C,N518MB,G280,GULFSTREAM G280,L2J,M
A6823C,N5185P,BALL,,B0-,-
A6843C,N519Q,AA1,AMERICAN AA-1,L1P,L
A6863C,N5197S,P28A,PIPER PA-28-140/150/160/180,L1P,L
A6873C,N52GS,BE36,BEECH 36 Bonanza,L1P,L
A6883C,N52SY,LJ31,LEARJET 31,L2J,M
A6893C,N520DC,CRJ7,BOMBARDIER Regional Jet CRJ-700,L2J,M
A68D3C,N521GA,GLF5,GULFSTREAM 5,L2J,M
A68E3C,N521SG,M20P,MOONEY M-20,L1P,L
A6933C,N52236,ST75,STEARMAN Kaydet,L1P,L
A69B3C,N5248B,,,,
A69D3C,N525TT,EPIC,EPIC AIRCRAFT Epic LT,L1T,L
A6A13C,N526WR,C172,CESSNA 172 Skyhawk,L1P,L
A6A23C,N52647,C77R,CESSNA 177RG Cardinal RG,L1P,L
A6A73C,N528G,GLST,GLASAIR SH-4 GlaStar,L1P,L
A6A93C,N52812,C182,CESSNA 182 Skylane,L1P,L
A6AD3C,N52935,BALL,,B0-,-
A6AF3C,N53MW,HUSK,CHRISTEN Husky,L1P,L
A6B03C,N53YB,,,,
A6B33C,N5303P,PA24,PIPER PA-24 Comanche,L1P,L
A6B73C,N5315S,C337,CESSNA 337 Super Skymaster,L2P,L
A6BA3C,N5320J,C340,CESSNA 340 Super,L2P,L
A6BB3C,N5327V,C72R,CESSNA 172R Cutlass RG,L1P,L
A6BC3C,N533GV,GLF5,GULFSTREAM 5,L2J,M
A6C03C,N534KT,BE50,BEECH 50 Excalibur,L2P,L
A6C23C,N5344Q,C150,CESSNA 150,L1P,L
A6C63C,N5356T,C172,CESSNA 172 Skyhawk,L1P,L
A6C93C,N5361K,C172,CESSNA 172 Skyhawk,L1P,L
A6CA3C,N5368W,P28A,PIPER PA-28-140/150/160/180,L1P,L
A6CB3C,N537JF,PC12,PILATUS PC-12,L1T,L
A6D43C,N5390H,PA16,PIPER PA-16 Clipper,L1P,L
A6D93C,N540PL,C680,CESSNA 680 Citation Sovereign,L2J,M
A6DE3C,N54115,C172,CESSNA 172 Skyhawk,L1P,L
A6DF3C,N5419F,P28A,PIPER PA-28-140/150/160/180,L1P,L
A6E23C,N54238,PA23,PIPER PA-23,L2P,L
A6E63C,N5436A,C210,CESSNA 201 Centurion,L1P,L
A6EB3C,N545HP,,,,
A6EE3C,N546AF,AVID,AVID Flyer,L1P,L
A6EF3C,N546LM,BE20,BEECH 200 Super King Air,L2T,M
A6F63C,N548GB,S76,SIKORSKY S-76 Spirit,H2T,L
A6FA3C,N549K,PA18,PIPER PA-18 Super Cub,L1P,L
A6FD3C,N55BS,C700,CESSNA 700 Citation Longitude,L2J,M
A6FE3C,N55MY,YK55,YAKOVLEV Yak-55,L1P,L
A7033C,N551BA,EC35,AIRBUS HELICOPTERS EC-135/635,H2T,L
A7093C,N5520L,C152,CESSNA 152,L1P,L
A70A3C,N5527X,SS2P,ROCKWELL Thrush Commander,L1P,L
A70C3C,N553TC,T206,CESSNA T206 Turbo Stationair,L1P,L
A70D3C,N5532P,PA24,PIPER PA-24 Comanche,L1P,L
A70E3C,N55390,P28B,PIPER PA-28-201T/235/236,L1P,L
A7103C,N554WA,PC12,PILATUS PC-12,L1T,L
A7113C,N5544S,C182,CESSNA 182 Skylane,L1P,L
A7123C,N555CM,R44,ROBINSON R-44 Raven,H1P,L
A7143C,N555YZ,,,,
A71B3C,N557UP,RV7,VANS RV-7,L1P,L
A71C3C,N5573Q,M20P,MOONEY M-20,L1P,L
A71D3C,N558B,BE55,BEECH 55 Baron,L2P,L
A7243C,N5597W,P28A,PIPER PA-28-140/150/160/180,L1P,L
A7253C,N56GW,,,,
A7263C,N56TB,TB20,SOCATA TB-20 Trinidad,L1P,L
A72D3C,N56117,PARA,,P0-,-
A72E3C,N5619H,PA16,PIPER PA-16 Clipper,L1P,L
A7313C,N5624,L5,STINSON Sentinel,L1P,L
A73B3C,N565TX,S22T,CIRRUS SR-22T Turbo,L1P,L
A73C3C,N56528,M5,MAULE M-5,L1P,L
A73F3C,N566WV,RV7,VANS RV-7,L1P,L
A7423C,N567PM,S22T,CIRRUS SR-22T Turbo,L1P,L
A74B3C,N56939,PARA,,P0-,-
A74D3C,N57N,C120,CESSNA 120,L1P,L
A7523C,N571BC,C56X,CESSNA 560XL Citation XLS,L2J,M
A7553C,N5715W,P28A,PIPER PA-28-140/150/160/180,L1P,L
A75F3C,N574WC,CH75,ZENAIR CH-750 Cruzer,L1P,L
A7603C,N5744U,P28A,PIPER PA-28-140/150/160/180,L1P,L
A7613C,N575CP,SR22,CIRRUS SR-22,L1P,L
A7623C,N575NV,BE55,BEECH 55 Baron,L2P,L
A7683C,N57680,TAYD,TAYLORCRAFT DC/DF/DL,L1P,L
A76B3C,N5773S,M20P,MOONEY M-20,L1P,L
A76C3C,N578BB,BE40,BEECH 400 Beechjet,L2J,M
A7733C,N5797Y,PA23,PIPER PA-23,L2P,L
A7753C,N58TD,BE58,BEECH 58 Baron,L2P,L
A77A3C,N581GG,GLST,GLASAIR SH-4 GlaStar,L1P,L
A7803C,N5824B,C182,CESSNA 182 Skylane,L1P,L
A7843C,N5836E,C150,CESSNA 150,L1P,L
A7883C,N5848H,PA16,PIPER PA-16 Clipper,L1P,L
A78F3C,N5865C,BE35,BEECH 35 Starfire Bonanza,L1P,L
A7933C,N5877F,P28A,PIPER PA-28-140/150/160/180,L1P,L
A7963C,N58818,C182,CESSNA 182 Skylane,L1P,L
A7A03C,N5903V,P28A,PIPER PA-28-140/150/160/180,L1P,L
A7A73C,N5920Q,M20P,MOONEY M-20,L1P,L
A7AB3C,N5932T,C150,CESSNA 150,L1P,L
A7AF3C,N5944W,P28A,PIPER PA-28-140/150/160/180,L1P,L
A7B53C,N596RV,RV9,VANS RV-9,L1P,L
A7B63C,N5961R,C172,CESSNA 172 Skyhawk,L1P,L
A7BE3C,N5985X,BRB2,BRANTLY B-2,H1P,L
A7C13C,N5990P,L8,LUSCOMBE 8,L1P,L
A7C43C,N6TF,T6,NORTH AMERICAN T-6 Texan,L1P,L
A7C53C,N60DL,BE30,BEECH 300 Super King Air,L2T,L
A7C63C,N60PS,CRER,RANS Courier,L1P,L
A7C73C,N60ZY,COZY,CO-Z Cozy,L1P,L
A7CA3C,N60040,C150,CESSNA 150,L1P,L
A7CC3C,N601PA,C172,CESSNA 172 Skyhawk,L1P,L
A7CE3C,N60163,C150,CESSNA 150,L1P,L
A7CF3C,N602FT,P28A,PIPER PA-28-140/150/160/180,L1P,L
A7D13C,N6021V,,,,
A7D43C,N603UX,E75L,EMBRAER ERJ-170-200 (long wing),L2J,M
A7D73C,N604MP,AT6T,AIR TRACTOR AT-602,L1T,L
A7D93C,N60451,BE76,BEECH 76 Duchess,L2P,L
A7DC3C,N6050T,BE36,BEECH 36 Bonanza,L1P,L
A7DD3C,N60574,C162,CESSNA 162 Skycatcher,L1P,L
A7DE3C,N606HD,AS50,AEROSPATIALE AS-350 Ecureuil,H1T,L
A7F03C,N610RG,,,,
A7F13C,N6101C,BALL,,B0-,-
A7F23C,N6108P,PA24,PIPER PA-24 Comanche,L1P,L
A7F53C,N6113F,C182,CESSNA 182 Skylane,L1P,L
A7F93C,N6125J,BE36,BEECH 36 Bonanza,L1P,L
A7FC3C,N6130A,,,,
A7FF3C,N614ST,PA46,PIPER PA-46-310/350,L1P,L
A8003C,N6142D,PA22,PIPER PA-22,L1P,L
A8013C,N6149Q,C152,CESSNA 152,L1P,L
A8043C,N6154G,C150,CESSNA 150,L1P,L
A8053C,N616CB,CAMP,GREGA GN-1 Aircamper,L1P,L
A8093C,N617F,FLE2,FLEET 2,L1P,L
A80F3C,N6183E,C82R,CESSNA R182 Skylane RG,L1P,L
A8133C,N6195H,J3,PIPER J-3 Cub,L1P,L
A81B3C,N621PC,DV20,DIAMOND DA-20,L1P,L
A81F3C,N622SA,R22,ROBINSON R-22 Mariner,H1P,L
A8203C,N6221X,P28A,PIPER PA-28-140/150/160/180,L1P,L
A82B3C,N6250V,BE33,BEECH 33 Bonanza,L1P,L
A82E3C,N626TM,C25A,CESSNA 525A Citation CJ2,L2J,L
A8303C,N62699,PA23,PIPER PA-23,L2P,L
A83A3C,N6291W,P28A,PIPER PA-28-140/150/160/180,L1P,L
A83C3C,N63JS,C25C,CESSNA 525C Citation CJ4,L2J,M
A83F3C,N630RJ,P28A,PIPER PA-28-140/150/160/180,L1P,L
A8403C,N6301E,C172,CESSNA 172 Skyhawk,L1P,L
A8413C,N6308R,C72R,CESSNA 172R Cutlass RG,L1P,L
A8423C,N631JA,B06,BELL 206 JetRanger,H1T,L
A8443C,N6313H,J3,PIPER J-3 Cub,L1P,L
A84B3C,N6330C,C210,CESSNA 201 Centurion,L1P,L
A84F3C,N6342F,C337,CESSNA 337 Super Skymaster,L2P,L
A8503C,N6349S,C150,CESSNA 150,L1P,L
A8533C,N6354J,P28A,PIPER PA-28-140/150/160/180,L1P,L
A8553C,N636NK,A320,AIRBUS A-320,L2J,M
A8573C,N6366M,,,,
A85B3C,N6378Q,BALL,,B0-,-
A85E3C,N6383G,,,,
A85F3C,N639AS,E50P,EMBRAER EMB-500 Phenom 100,L2J,L
A8683C,N64044,C180,CESSNA  180 Skywagon,L1P,L
A86C3C,N64167,C180,CESSNA  180 Skywagon,L1P,L
A86E3C,N642SC,HIGH,JUST JA20 Highlander,L1P,L
A86F3C,N6421Z,COL4,CESSNA 400 Corvalis TT,L1P,L
A8733C,N64332,C172,CESSNA 172 Skyhawk,L1P,L
A8773C,N64455,C172,CESSNA 172 Skyhawk,L1P,L
A8793C,N645QR,,,,
A87A3C,N6450X,C180,CESSNA  180 Skywagon,L1P,L
A87F3C,N647A,PA22,PIPER PA-22,L1P,L
A8863C,N64866,C172,CESSNA 172 Skyhawk,L1P,L
A8883C,N649SB,HROC,HARMON Rocket,L1P,L
A88A3C,N64989,C152,CESSNA 152,L1P,L
A88C3C,N65V,BE65,BEECH 65 Queen Air,L2P,L
A88D3C,N650FE,A306,AIRBUS A-300-600,L2J,H
A88E3C,N650RL,CL60,BOMBARDIER CL-600 Challenger,L2J,M
A88F3C,N6501G,BALL,,B0-,-
A8903C,N6508T,C150,CESSNA 150,L1P,L
A8933C,N6513K,G164,GRUMMAN G-164 Ag-Cat,L1P,L
A8953C,N652MA,C72R,CESSNA 172R Cutlass RG,L1P,L
A89E3C,N6542H,C172,CESSNA 172 Skyhawk,L1P,L
A8A23C,N6554L,C152,CESSNA 152,L1P,L
A8AB3C,N658JB,A320,AIRBUS A-320,L2J,M
A8AD3C,N6583J,P28A,PIPER PA-28-140/150/160/180,L1P,L
A8B13C,N6595M,S108,STINSON 108 Voyager,L1P,L
A8B23C,N66DS,MUS2,BUSHBY M-2 Mustang 2,L1P,L
A8B43C,N660AC,PA31,PIPER PA-31-300/310/325/350/425,L2P,L
A8B73C,N66046,C172,CESSNA 172 Skyhawk,L1P,L
A8B83C,N661DA,BE95,BEECH 95 Travel Air,L2P,L
A8BF3C,N6629B,ULAC,,L0-,-
A8C43C,N664MV,C25C,CESSNA 525C Citation CJ4,L2J,M
A8CC3C,N666TR,F2TH,DASSAULT Falcon 2000,L2J,M
A8CD3C,N66622,,,,
A8D13C,N66745,C150,CESSNA 150,L1P,L
A8D73C,N669SD,ZZZZ,,-0-,-
A8D93C,N6699A,C172,CESSNA 172 Skyhawk,L1P,L
A8DB3C,N67VB,BE35,BEECH 35 Starfire Bonanza,L1P,L
A8DE3C,N6701J,P28A,PIPER PA-28-140/150/160/180,L1P,L
A8DF3C,N6708V,BL17,BELLANCA 17 Viking,L1P,L
A8E23C,N6713M,S108,STINSON 108 Voyager,L1P,L
A8F13C,N6754N,M20P,MOONEY M-20,L1P,L
A8F23C,N676CH,C172,CESSNA 172 Skyhawk,L1P,L
A8F83C,N6771H,J3,PIPER J-3 Cub,L1P,L
A8F93C,N6778U,M20P,MOONEY M-20,L1P,L
A8FD3C,N679AW,A320,AIRBUS A-320,L2J,M
A9023C,N68Q,PTS1,PITTS S-1 Special,L1P,L
A9033C,N680AE,E145,EMBRAER ERJ-145,L2J,M
A9043C,N680LL,C68A,CESSNA 680 Citation Latitude,L2J,M
A9073C,N681DC,C172,CESSNA 172 Skyhawk,L1P,L
A90A3C,N6817A,C172,CESSNA 172 Skyhawk,L1P,L
A9153C,N68459,C152,CESSNA 152,L1P,L
A9213C,N688DB,LJ60,LEARJET 60,L2J,M
A92E3C,N6908X,PA46,PIPER PA-46-310/350,L1P,L
A9323C,N692AZ,C680,CESSNA 680 Citation Sovereign,L2J,M
A9383C,N6930J,P28A,PIPER PA-28-140/150/160/180,L1P,L
A9393C,N6937V,M20P,MOONEY M-20,L1P,L
A93C3C,N6942M,S108,STINSON 108 Voyager,L1P,L
A9403C,N6954Q,BE23,BEECH 23 Sundowner,L1P,L
A9473C,N6971K,PA20,PIPER PA-20 Pacer,L1P,L
A9483C,N6978W,P28A,PIPER PA-28-140/150/160/180,L1P,L
A94D3C,N699MD,PA46,PIPER PA-46-310/350,L1P,L
A94F3C,N6995R,BE23,BEECH 23 Sundowner,L1P,L
A9503C,N7DW,DHC1,DE HAVILLAND DHC-1 Chipmunk,L1P,L
A9513C,N7QB,RV8,VANS RV-8,L1P,L
A9523C,N70AG,GLF5,GULFSTREAM 5,L2J,M
A9563C,N700TE,AEST,AEROSTAR 600,L2P,L
A9583C,N70092,RELI,STINSON Reliant,L1P,L
A95A3C,N701WC,GLF4,GULFSTREAM 4,L2J,M
A95B3C,N7014U,PARA,,P0-,-
A95C3C,N702CP,C82T,CESSNA TR182 Turbo Skylane RG,L1P,L
A95D3C,N702NV,BL8,BELLANCA 8 Decathlon,L1P,L
A9623C,N7031P,PA24,PIPER PA-24 Comanche,L1P,L
A9633C,N70380,C172,CESSNA 172 Skyhawk,L1P,L
A9643C,N704JK,C150,CESSNA 150,L1P,L
A9653C,N704UR,C150,CESSNA 150,L1P,L
A9663C,N7043S,C150,CESSNA 150,L1P,L
A9673C,N705BB,H25B,HAWKER BEECHCRAFT Hawker 750/850,L2J,M
A96A3C,N7055V,BALL,,B0-,-
A96E3C,N7067Y,PA30,PIPER PA-30 Twin Comanche,L2P,L
A96F3C,N707GY,C25C,CESSNA 525C Citation CJ4,L2J,M
A9703C,N707TD,SR22,CIRRUS SR-22,L1P,L
A9713C,N7072Q,C172,CESSNA 172 Skyhawk,L1P,L
A9723C,N70791,PARA,,P0-,-
A9733C,N708KW,B763,BOEING 767-300,L2J,H
A9753C,N7084T,C172,CESSNA 172 Skyhawk,L1P,L
A9793C,N7096W,P28A,PIPER PA-28-140/150/160/180,L1P,L
A97A3C,N71FL,PA23,PIPER PA-23,L2P,L
A97B3C,N71RS,P46T,PIPER PA-46-500TP,L1T,L
A97D3C,N710NC,BE20,BEECH 200 Super King Air,L2T,M
A97F3C,N7106E,BALL,,B0-,-
A9803C,N711EV,EVSS,EVEKTOR SportStar,L1P,L
A9863C,N7123,,,,
A98A3C,N7135C,PA24,PIPER PA-24 Comanche,L1P,L
A98B3C,N714DH,RV14,VANS RV-14,L1P,L
A98C3C,N714PP,ALIG,ARION LS-1 Lightning,L1P,L
A98E3C,N7147F,C150,CESSNA 150,L1P,L
A98F3C,N715GF,SS2T,TRUSH Turbo Thrush 500/550,L1T,L
A9913C,N71518,C182,CESSNA 182 Skylane,L1P,L
A9933C,N716KD,DRON,,D0-,-
A9953C,N7164A,C172,CESSNA 172 Skyhawk,L1P,L
A9973C,N717NB,C56X,CESSNA 560XL Citation XLS,L2J,M
A99C3C,N71806,L8,LUSCOMBE 8,L1P,L
A99D3C,N7188G,C172,CESSNA 172 Skyhawk,L1P,L
A9A03C,N71929,L8,LUSCOMBE 8,L1P,L
A9A13C,N72AJ,GLID,,L0-,-
A9A63C,N7202T,C172,CESSNA 172 Skyhawk,L1P,L
A9A73C,N72094,T206,CESSNA T206 Turbo Stationair,L1P,L
A9AC3C,N722NX,PC12,PILATUS PC-12,L1T,L
A9B03C,N723RV,RV3,VANS RV-3,L1P,L
A9B13C,N7231R,BE36,BEECH 36 Bonanza,L1P,L
A9B33C,N724JM,M20P,MOONEY M-20,L1P,L
A9B63C,N725BD,E35L,EMBRAER EMB-135 Legacy,L2J,M
A9B73C,N725MK,L29B,LOCKHEED L-1329 Jetstar 731,L4J,M
A9BC3C,N7260P,PA24,PIPER PA-24 Comanche,L1P,L
A9BF3C,N727TF,EVOT,LANCAIR Evolution Turbine,L1T,L
A9C03C,N7272S,C150,CESSNA 150,L1P,L
A9D63C,N733AM,C172,CESSNA 172 Skyhawk,L1P,L
A9DA3C,N734DK,C172,CESSNA 172 Skyhawk,L1P,L
A9DF3C,N735SP,C182,CESSNA 182 Skylane,L1P,L
A9E23C,N736KF,C172,CESSNA 172 Skyhawk,L1P,L
A9E63C,N737ND,C82R,CESSNA R182 Skylane RG,L1P,L
A9E73C,N737YK,C82R,CESSNA R182 Skylane RG,L1P,L
A9E93C,N738EW,C172,CESSNA 172 Skyhawk,L1P,L
A9EB3C,N73808,C172,CESSNA 172 Skyhawk,L1P,L
A9F03C,N74AL,C150,CESSNA 150,L1P,L
A9F13C,N74LS,PTS2,PITTS S-2 Special,L1P,L
A9F23C,N74WY,HUSK,CHRISTEN Husky,L1P,L
A9F33C,N740HC,PA31,PIPER PA-31-300/310/325/350/425,L2P,L
A9F53C,N7402V,M20P,MOONEY M-20,L1P,L
A9F63C,N74096,AA5,AMERICAN AA-5 Tiger,L1P,L
A9FA3C,N742CT,HDJT,HONDA HondaJet,L2J,L
A9FD3C,N74261,AA5,AMERICAN AA-5 Tiger,L1P,L
A9FE3C,N743FR,DRON,,D0-,-
AA003C,N7431T,C172,CESSNA 172 Skyhawk,L1P,L
AA0E3C,N747TH,PA46,PIPER PA-46-310/350,L1P,L
AA103C,N74795,M20P,MOONEY M-20,L1P,L
AA113C,N748L,G2T1,GREAT LAKES 2T-1,L1P,L
AA123C,N748WF,DRON,,D0-,-
AA133C,N7484X,C172,CESSNA 172 Skyhawk,L1P,L
AA143C,N749CS,P28R,PIPER PA-28R-180/200/201,L1P,L
AA173C,N74960,PA18,PIPER PA-18 Super Cub,L1P,L
AA1A3C,N750CA,MU2,MITSUBISHI MU-2 Marquise,L2T,L
AA1B3C,N750NG,C750,CESSNA 750 Citation 10,L2J,M
AA1C3C,N750YN,CH75,ZENAIR CH-750 Cruzer,L1P,L
AA203C,N7511A,H269,HUGHES Sky Knight,H1P,L
AA243C,N7523D,PA22,PIPER PA-22,L1P,L
AA293C,N754DM,LA4,LAKE LA-4/200,A1P,L
AA323C,N756VP,C182,CESSNA 182 Skylane,L1P,L
AA333C,N7564E,C172,CESSNA 172 Skyhawk,L1P,L
AA343C,N757C,GLST,GLASAIR SH-4 GlaStar,L1P,L
AA363C,N757YM,C152,CESSNA 152,L1P,L
AA373C,N7576H,PA12,PIPER PA-12 Super Cruiser,L1P,L
AA383C,N758EY,C172,CESSNA 172 Skyhawk,L1P,L
AA413C,N76X,PA12,PIPER PA-12 Super Cruiser,L1P,L
AA483C,N76140,C140,CESSNA 140,L1P,L
AA513C,N764JR,SH36,SHORT 360,L2T,M
AA5E3C,N7672W,P28A,PIPER PA-28-140/150/160/180,L1P,L
AA603C,N768LB,G2CA,GUIMBAL G-2 Cabri,H1P,L
AA643C,N769P,S76,SIKORSKY S-76 Spirit,H2T,L
AA663C,N76962,C140,CESSNA 140,L1P,L
AA673C,N77FS,RV4,VANS RV-4,L1P,L
AA693C,N770CC,H25B,HAWKER BEECHCRAFT Hawker 750/850,L2J,M
AA6E3C,N771RG,RV7,VANS RV-7,L1P,L
AA6F3C,N7711C,P51,NORTH AMERICAN P-51 Mustang,L1P,L
AA703C,N7718P,PA24,PIPER PA-24 Comanche,L1P,L
AA733C,N7723F,C150,CESSNA 150,L1P,L
AA773C,N7735J,PA32,PIPER PA-32,L1P,L
AA7A3C,N7740A,B737,BOEING 737-700,L2J,M
AA7C3C,N775GM,F900,DASSAULT Falcon 900,L3J,M
AA7D3C,N775ST,F2TH,DASSAULT Falcon 2000,L2J,M
AA823C,N7764G,C172,CESSNA 172 Skyhawk,L1P,L
AA843C,N777NH,C340,CESSNA 340 Super,L2P,L
AA853C,N777YP,SR22,CIRRUS SR-22,L1P,L
AA8A3C,N7788N,P28A,PIPER PA-28-140/150/160/180,L1P,L
AA933C,N7802Z,,,,
AA943C,N781,PTS1,PITTS S-1 Special,L1P,L
AA973C,N78142,C172,CESSNA 172 Skyhawk,L1P,L
AA9E3C,N7831X,C172,CESSNA 172 Skyhawk,L1P,L
AA9F3C,N78388,C172,CESSNA 172 Skyhawk,L1P,L
AAA33C,N785BK,C182,CESSNA 182 Skylane,L1P,L
AAA63C,N78553,C172,CESSNA 172 Skyhawk,L1P,L
AAAB3C,N787HF,RV12,VANS RV-12,L1P,L
AAAC3C,N787TM,,,,
AAB23C,N789CW,PA30,PIPER PA-30 Twin Comanche,L2P,L
AAB33C,N789PB,GLAS,Glasair,L1P,L
AABB3C,N7906N,C172,CESSNA 172 Skyhawk,L1P,L
AAC23C,N7923H,PA12,PIPER PA-12 Super Cruiser,L1P,L
AACA3C,N7947P,PA24,PIPER PA-24 Comanche,L1P,L
AACD3C,N7952F,C150,CESSNA 150,L1P,L
AAD23C,N797CD,SR22,CIRRUS SR-22,L1P,L
AAD53C,N7976M,BE35,BEECH 35 Starfire Bonanza,L1P,L
AAD63C,3203,B429,BELL 429 GlobalRanger,H2T,L
AAD83C,N7981D,BE35,BEECH 35 Starfire Bonanza,L1P,L
AAD93C,N7988Q,C402,CESSNA 402 Businessliner,L2P,L
AADA3C,N799J,C82S,CESSNA T182 Turbo Skylane,L1P,L
AAE33C,N800QA,BE65,BEECH 65 Queen Air,L2P,L
AAE63C,N801GT,R66,ROBINSON R-66,H1T,L
AAE73C,N801SZ,R44,ROBINSON R-44 Raven,H1P,L
AAE83C,N8012K,S108,STINSON 108 Voyager,L1P,L
AAE93C,N8019W,P28A,PIPER PA-28-140/150/160/180,L1P,L
AAEA3C,N802KR,AT8T,AIR TRACTOR AT-802,L1T,M
AAEC3C,N8024N,P28A,PIPER PA-28-140/150/160/180,L1P,L
AAED3C,N803CH,AT8T,AIR TRACTOR AT-802,L1T,M
AAF03C,N8036R,BE24,BEECH 24 Sierra,L1P,L
AAF33C,N8041H,P32R,PIPER PA-32R-300/301/301T,L1P,L
AAF73C,N8053L,C172,CESSNA 172 Skyhawk,L1P,L
AAF83C,N806AW,A319,AIRBUS A-319,L2J,M
AAF93C,N806MB,SONX,SONEX AIRCRAFT Sonex,L1P,L
AAFB3C,N8065P,PA24,PIPER PA-24 Comanche,L1P,L
AAFF3C,N8077S,C150,CESSNA 150,L1P,L
AB013C,N808SY,B738,BOEING 737-800,L2J,M
AB033C,N8089V,P28B,PIPER PA-28-201T/235/236,L1P,L
AB073C,N81CG,AS20,SCHLEICHER ASW-20,L1P,L
AB083C,N81NN,C320,CESSNA 320 Skyknight,L2P,L
AB0B3C,N810VE,GLID,,L0-,-
AB0C3C,N81036,P28A,PIPER PA-28-140/150/160/180,L1P,L
AB133C,N81201,FA24,FAIRCHILD F-24 Argus,L1P,L
AB143C,N8128B,P32R,PIPER PA-32R-300/301/301T,L1P,L
AB163C,N813TT,AVID,AVID Flyer,L1P,L
AB173C,N81324,FA24,FAIRCHILD F-24 Argus,L1P,L
AB1B3C,N81447,CH7A,BELLANCA 7 Champion,L1P,L
AB1C3C,N815DB,SR22,CIRRUS SR-22,L1P,L
AB203C,N816G,BE95,BEECH 95 Travel Air,L2P,L
AB213C,N816SF,COL4,CESSNA 400 Corvalis TT,L1P,L
AB223C,N81612,P28A,PIPER PA-28-140/150/160/180,L1P,L
AB263C,N81735,CH7A,BELLANCA 7 Champion,L1P,L
AB2A3C,N81858,PA32,PIPER PA-32,L1P,L
AB2D3C,N81900,CH7A,BELLANCA 7 Champion,L1P,L
AB2E3C,N8198A,BEAR,AVIPRO RB-4 Bearhawk,L1P,L
AB313C,N820DX,B752,BOEING 757-200,L2J,M
AB333C,N8200J,DH8B,DE HAVILLAND DHC-8-200 Dash 8,L2T,M
AB383C,N8219Y,PA30,PIPER PA-30 Twin Comanche,L2P,L
AB393C,N822KT,C72R,CESSNA 172R Cutlass RG,L1P,L
AB3E3C,N823YX,,,,
AB3F3C,N8236T,C175,CESSNA 175 Skylark,L1P,L
AB423C,N8241K,BE33,BEECH 33 Bonanza,L1P,L
AB443C,N825JF,BE36,BEECH 36 Bonanza,L1P,L
AB463C,N8253N,BE33,BEECH 33 Bonanza,L1P,L
AB473C,N826AY,CRJ2,BOMBARDIER Regional Jet CRJ-200,L2J,M
AB483C,N826MD,E170,EMBRAER ERJ-170-100,L2J,M
AB4A3C,N8265R,BL17,BELLANCA 17 Viking,L1P,L
AB4E3C,N8277U,C172,CESSNA 172 Skyhawk,L1P,L
AB503C,N828T,BE36,BEECH 36 Bonanza,L1P,L
AB523C,N8289X,P28A,PIPER PA-28-140/150/160/180,L1P,L
AB533C,N829KS,C72R,CESSNA 172R Cutlass RG,L1P,L
AB563C,N83CJ,TAIL,WITTMAN Tailwind,L1P,L
AB603C,N832ER,C172,CESSNA 172 Skyhawk,L1P,L
AB633C,N8328D,P32R,PIPER PA-32R-300/301/301T,L1P,L
AB663C,N83326,PA18,PIPER PA-18 Super Cub,L1P,L
AB673C,N834AF,LJ31,LEARJET 31,L2J,M
AB6A3C,N83449,PA18,PIPER PA-18 Super Cub,L1P,L
AB6E3C,N8357B,C172,CESSNA 172 Skyhawk,L1P,L
AB713C,N83614,PA18,PIPER PA-18 Super Cub,L1P,L
AB793C,N8386,G164,GRUMMAN G-164 Ag-Cat,L1P,L
AB823C,N8400L,C172,CESSNA 172 Skyhawk,L1P,L
AB833C,N8407X,C172,CESSNA 172 Skyhawk,L1P,L
AB853C,N841TC,H25B,HAWKER BEECHCRAFT Hawker 750/850,L2J,M
AB863C,N8412P,PA32,PIPER PA-32,L1P,L
AB873C,N84190,C172,CESSNA 172 Skyhawk,L1P,L
AB893C,N842WA,G164,GRUMMAN G-164 Ag-Cat,L1P,L
AB8A3C,N8424S,C182,CESSNA 182 Skylane,L1P,L
AB903C,N844RR,RV8,VANS RV-8,L1P,L
AB913C,N8441M,P28A,PIPER PA-28-140/150/160/180,L1P,L
AB923C,N8448Y,P32R,PIPER PA-32R-300/301/301T,L1P,L
AB943C,N845UP,F2TH,DASSAULT Falcon 2000,L2J,M
AB993C,N8465T,C182,CESSNA 182 Skylane,L1P,L
ABA33C,N849W,PA11,PIPER PA-11 Cub Special,L1P,L
ABA43C,N8494R,P28A,PIPER PA-28-140/150/160/180,L1P,L
ABA93C,N850VJ,TBM7,SOCATA TBM-700A/B/C,L1T,L
ABAA3C,N8504,BE18,BEECH 18 Expetitor,L2P,L
ABAE3C,N8516C,CRJ2,BOMBARDIER Regional Jet CRJ-200,L2J,M
ABB63C,N854AH,RV8,VANS RV-8,L1P,L
ABBA3C,N855DF,DV20,DIAMOND DA-20,L1P,L
ABBD3C,N8557D,PA22,PIPER PA-22,L1P,L
ABBE3C,N856GD,PA18,PIPER PA-18 Super Cub,L1P,L
ABC63C,N858N,TL20,TL ULTRALIGHT TL-2000 Sting,L1P,L
ABCE3C,N86TW,TB30,SOCATA TB-30 Epsilon,L1P,L
ABD13C,N8600N,PA32,PIPER PA-32,L1P,L
ABD23C,N8607Z,ULAC,,L0-,-
ABD53C,N8612R,GLID,,L0-,-
ABDA3C,N863CP,C421,CESSNA 421 Executive Commuter,L2P,L
ABE03C,N8641P,PA24,PIPER PA-24 Comanche,L1P,L
ABE53C,N866BB,GLF5,GULFSTREAM 5,L2J,M
ABE83C,N8665V,BL8,BELLANCA 8 Decathlon,L1P,L
ABEB3C,N8670M,BE35,BEECH 35 Starfire Bonanza,L1P,L
ABEF3C,N8682Q,BE35,BEECH 35 Starfire Bonanza,L1P,L
ABF43C,N87CN,MG15,MIKOYAN MiG-15,L1J,L
ABF83C,N870VL,C402,CESSNA 402 Businessliner,L2P,L
ABFF3C,N872RA,BE40,BEECH 400 Beechjet,L2J,M
AC003C,N87207,ERCO,AIR PRODUCTS F-1 Aircoupe,L1P,L
AC043C,N8733,BE33,BEECH 33 Bonanza,L1P,L
AC0F3C,N87618,,,,
AC143C,N878BW,EA50,ECLIPSE 550,L2J,L
AC173C,N8786D,PA18,PIPER PA-18 Super Cub,L1P,L
AC193C,N879R,BE35,BEECH 35 Starfire Bonanza,L1P,L
AC1B3C,N8798G,C150,CESSNA 150,L1P,L
AC1C3C,N88HS,C150,CESSNA 150,L1P,L
AC1D3C,N88TY,,,,
AC1E3C,N880EC,F900,DASSAULT Falcon 900,L3J,M
AC243C,N8812T,RV8,VANS RV-8,L1P,L
AC253C,N88194,BL8,BELLANCA 8 Decathlon,L1P,L
AC293C,N883CR,TBM7,SOCATA TBM-700A/B/C,L1T,L
AC2E3C,N884RV,RV9,VANS RV-9,L1P,L
AC333C,N8853U,C150,CESSNA 150,L1P,L
AC373C,N8865X,C182,CESSNA 182 Skylane,L1P,L
AC3C3C,N888H,C172,CESSNA 172 Skyhawk,L1P,L
AC3E3C,N8882S,C150,CESSNA 150,L1P,L
AC423C,N8894V,C172,CESSNA 172 Skyhawk,L1P,L
AC443C,N89NW,LNC4,LANCAIR 4,L1P,L
AC483C,N8904D,PA22,PIPER PA-22,L1P,L
AC4C3C,N8916G,C182,CESSNA 182 Skylane,L1P,L
AC4E3C,N892RC,PA24,PIPER PA-24 Comanche,L1P,L
AC4F3C,N89209,C140,CESSNA 140,L1P,L
AC523C,N893UA,A319,AIRBUS A-319,L2J,M
AC533C,N8933B,CRJ2,BOMBARDIER Regional Jet CRJ-200,L2J,M
AC543C,N894AM,DA40,DIAMOND DA-40 Club Star,L1P,L
AC5B3C,N8957H,G164,GRUMMAN G-164 Ag-Cat,L1P,L
AC623C,N8974C,CRJ2,BOMBARDIER Regional Jet CRJ-200,L2J,M
AC643C,N898ND,RV10,VANS RV-10,L1P,L
AC683C,N899RB,BE33,BEECH 33 Bonanza,L1P,L
AC6A3C,N8998J,P28A,PIPER PA-28-140/150/160/180,L1P,L
AC6B3C,N9HU,L5,STINSON Sentinel,L1P,L
AC6C3C,N9U,C56X,CESSNA 560XL Citation XLS,L2J,M
AC723C,N9005J,P28A,PIPER PA-28-140/150/160/180,L1P,L
AC733C,N901DP,WACF,WACO F,L1P,L
AC753C,N9010A,P46T,PIPER PA-46-500TP,L1T,L
AC763C,N9017M,C208,CESSNA 208 Caravan,L1T,L
AC783C,N902ST,CRES,PACIFIC AEROSPACE Cresco,L1T,L
AC793C,N9022D,BALL,,B0-,-
AC7A3C,N9029Q,,,,
AC7D3C,N9034G,C182,CESSNA 182 Skylane,L1P,L
AC803C,N904YP,F900,DASSAULT Falcon 900,L3J,M
AC813C,N9046K,S108,STINSON 108 Voyager,L1P,L
AC833C,N905RF,DRON,,D0-,-
AC883C,N9063E,AR11,AERONCA 11 Chief,L1P,L
AC8A3C,N907LW,C25A,CESSNA 525A Citation CJ2,L2J,L
AC8D3C,N908DN,B739,BOEING 737-900,L2J,M
AC903C,N9087L,CH7A,BELLANCA 7 Champion,L1P,L
AC923C,N909SS,,,,
AC933C,N9092C,C82R,CESSNA R182 Skylane RG,L1P,L
AC983C,N910SA,BE58,BEECH 58 Baron,L2P,L
AC993C,N9101X,C182,CESSNA 182 Skylane,L1P,L
AC9B3C,N911JT,C182,CESSNA 182 Skylane,L1P,L
AC9E3C,N912BK,,,,
ACA03C,N912XX,ULAC,,L0-,-
ACA13C,N91253,BALL,,B0-,-
ACA53C,N91376,C182,CESSNA 182 Skylane,L1P,L
ACAC3C,N91541,C182,CESSNA 182 Skylane,L1P,L
ACAE3C,N916PB,C172,CESSNA 172 Skyhawk,L1P,L
ACB03C,N91664,NAVI,NORTH AMERICAN Navion,L1P,L
ACB23C,N917S,B06,BELL 206 JetRanger,H1T,L
ACB43C,N91787,BALL,,B0-,-
ACB53C,N918JS,,,,
ACB83C,N919BJ,ERCO,AIR PRODUCTS F-1 Aircoupe,L1P,L
ACBB3C,N91952,J3,PIPER J-3 Cub,L1P,L
ACBE3C,N920AT,B712,BOEING 717-200,L2J,M
ACC13C,N9205L,,,,
ACC23C,N921DR,LNC4,LANCAIR 4,L1P,L
ACC53C,N9217P,PA24,PIPER PA-24 Comanche,L1P,L
ACC83C,N9222F,H500,HUGHES 500,H1T,L
ACC93C,N9229S,BE23,BEECH 23 Sundowner,L1P,L
ACCA3C,N923KM,RV6,VANS RV-6,L1P,L
ACCD3C,N924CD,SR22,CIRRUS SR-22,L1P,L
ACCE3C,N924NK,A20N,AIRBUS A-320neo,L2J,M
ACD03C,N9246M,PA46,PIPER PA-46-310/350,L1P,L
ACD23C,N925RH,DA40,DIAMOND DA-40 Club Star,L1P,L
ACD73C,N9263G,C182,CESSNA 182 Skylane,L1P,L
ACD83C,N927AS,T18,THORP Tiger,L1P,L
ACDB3C,N9275K,S108,STINSON 108 Voyager,L1P,L
ACDE3C,N9280B,C175,CESSNA 175 Skylark,L1P,L
ACE13C,N929SU,SU29,SUKHOI Su-29,L1P,L
ACE53C,N93VS,VELO,Velocity,L1P,L
ACE83C,N9301Z,DHC2,DE HAVILLAND DHC-2 Beaver,L1P,L
ACF73C,N93420,ERCO,AIR PRODUCTS F-1 Aircoupe,L1P,L
ACFB3C,N93543,ERCO,AIR PRODUCTS F-1 Aircoupe,L1P,L
AD023C,N9371Y,C82S,CESSNA T182 Turbo Skylane,L1P,L
AD033C,N93789,ERCO,AIR PRODUCTS F-1 Aircoupe,L1P,L
AD053C,N938V,BE95,BEECH 95 Travel Air,L2P,L
AD063C,N93831,C152,CESSNA 152,L1P,L
AD0D3C,N940AV,A20N,AIRBUS A-320neo,L2J,M
AD103C,N9405N,DHC1,DE HAVILLAND DHC-1 Chipmunk,L1P,L
AD133C,N9410E,AR11,AERONCA 11 Chief,L1P,L
AD173C,N9422H,C82R,CESSNA R182 Skylane RG,L1P,L
AD183C,N9429U,C150,CESSNA 150,L1P,L
AD1F3C,N9446P,T206,CESSNA T206 Turbo Stationair,L1P,L
AD2A3C,N9475M,C207,CESSNA 207 Turbo Stationair,L1P,L
AD2D3C,N9480D,C72R,CESSNA 172R Cutlass RG,L1P,L
AD2E3C,N9487Q,BE35,BEECH 35 Starfire Bonanza,L1P,L
AD383C,N9509B,BALL,,B0-,-
AD3B3C,N95134,TAYB,TAYLORCRAFT BC/BF/BL,L1P,L
AD433C,N9538,WACO,WACO E/O,L1P,L
AD463C,N95422,P28A,PIPER PA-28-140/150/160/180,L1P,L
AD473C,N955AB,GLF5,GULFSTREAM 5,L2J,M
AD493C,N955WP,B350,BEECHCRAFT Super King Air 350,L2T,M
AD4B3C,N956D,C208,CESSNA 208 Caravan,L1T,L
AD4E3C,N95668,TAYB,TAYLORCRAFT BC/BF/BL,L1P,L
AD523C,N9579A,C170,CESSNA 170,L1P,L
AD553C,N95833,TAYB,TAYLORCRAFT BC/BF/BL,L1P,L
AD5A3C,N96EL,P28A,PIPER PA-28-140/150/160/180,L1P,L
AD5D3C,N960MC,F900,DASSAULT Falcon 900,L3J,M
AD5F3C,N9605Q,C172,CESSNA 172 Skyhawk,L1P,L
AD623C,N9610G,T206,CESSNA T206 Turbo Stationair,L1P,L
AD643C,N962GT,GYRO,,G0-,-
AD673C,N9629W,P28A,PIPER PA-28-140/150/160/180,L1P,L
AD713C,N9651H,CH7A,BELLANCA 7 Champion,L1P,L
AD723C,N9658U,AA5,AMERICAN AA-5 Tiger,L1P,L
AD753C,N9663L,AA1,AMERICAN AA-1,L1P,L
AD793C,N9675P,PA18,PIPER PA-18 Super Cub,L1P,L
AD7D3C,N9687S,CH7B,BELLANCA 7 Citabria,L1P,L
AD803C,N9692J,P28A,PIPER PA-28-140/150/160/180,L1P,L
AD813C,N9699V,C172,CESSNA 172 Skyhawk,L1P,L
AD873C,N9709D,PA22,PIPER PA-22,L1P,L
AD8A3C,N97136,M20P,MOONEY M-20,L1P,L
AD8B3C,N972BR,SR22,CIRRUS SR-22,L1P,L
AD913C,N97301,S108,STINSON 108 Voyager,L1P,L
AD923C,N9738B,C208,CESSNA 208 Caravan,L1T,L
AD9A3C,N976DB,T18,THORP Tiger,L1P,L
AD9D3C,N9767,CAT,CANADAIR Catalina,A2P,M
AD9E3C,N977G,PA31,PIPER PA-31-300/310/325/350/425,L2P,L
AD9F3C,N977SF,PA34,PIPER PA-34 Seneca,L2P,L
ADA83C,N97958,C182,CESSNA 182 Skylane,L1P,L
ADAE3C,N9805S,BALL,,B0-,-
ADB13C,N9810J,C150,CESSNA 150,L1P,L
ADB63C,N9829Y,,,,
ADC03C,N9851K,S108,STINSON 108 Voyager,L1P,L
ADC13C,N9858W,P28A,PIPER PA-28-140/150/160/180,L1P,L
ADC23C,N986JF,GLID,,L0-,-
ADC83C,N9875R,BE35,BEECH 35 Starfire Bonanza,L1P,L
ADCB3C,N9880H,J5,PIPER J-5 Cub Cruiser,L1P,L
ADCE3C,N989T,,,,
ADCF3C,N9892L,AA1,AMERICAN AA-1,L1P,L
ADD13C,N99KS,ULAC,,L0-,-
ADD23C,N99VY,,,,
ADDD3C,N9926A,C170,CESSNA 170,L1P,L
ADE03C,N99303,ERCO,AIR PRODUCTS F-1 Aircoupe,L1P,L
ADE13C,N9938D,PA18,PIPER PA-18 Super Cub,L1P,L
ADE53C,N995AF,PC12,PILATUS PC-12,L1T,L
ADEF3C,N99714,ERCO,AIR PRODUCTS F-1 Aircoupe,L1P,L
ADF03C,N9979E,C182,CESSNA 182 Skylane,L1P,L
ADF43C,N999BS,C320,CESSNA 320 Skyknight,L2P,L
ADF53C,N999MY,CL60,BOMBARDIER CL-600 Challenger,L2J,M
ADF63C,N999YD,C82T,CESSNA TR182 Turbo Skylane RG,L1P,L
ADF73C,N9996,PA34,PIPER PA-34 Seneca,L2P,L
ADFF3C,64-13189,T38,NORTHROP T-38 Talon,L2J,L
AE003C,69-7080,T38,NORTHROP T-38 Talon,L2J,L
AE013C,60-0344,K35R,BOEING KC-135R/T Stratotanker,L4J,H
AE023C,63-8888,K35R,BOEING KC-135R/T Stratotanker,L4J,H
AE093C,00-01053,C560,CESSNA 560 Citation Ultra,L2J,M
AE0A3C,92-26429,H60,SIKORSKY UH-60 Black Hawk,H2T,M
AE0C3C,93-26526,H60,SIKORSKY UH-60 Black Hawk,H2T,M
AE0E3C,95-26651,H60,SIKORSKY UH-60 Black Hawk,H2T,M
AE113C,165970,TEX2,BEECHCRAFT T-6 Texan 2,L1T,L
AE123C,04-4131,C17,BOEING C-17 Globemaster 3,L4J,H
AE143C,99-26841,H60,SIKORSKY UH-60 Black Hawk,H2T,M
AE173C,06-3842,TEX2,BEECHCRAFT T-6 Texan 2,L1T,L
AE183C,166525,H60,SIKORSKY UH-60 Black Hawk,H2T,M
AE193C,79-0216,A10,FAIRCHILD A-10 Thunderbolt II,L2J,M
AE1F3C,08-72045,EC45,AIRBUS HELICOPTERS EC-145,H2T,L
AE203C,13-72301,EC45,AIRBUS HELICOPTERS EC-145,H2T,L
AE213C,00-26857,H60,SIKORSKY UH-60 Black Hawk,H2T,M
AE223C,2305,CN35,CASA CN-235 Persuader,L2T,M
AE2C3C,168248,EC45,AIRBUS HELICOPTERS EC-145,H2T,L
AE483C,08-20107,H60,SIKORSKY UH-60 Black Hawk,H2T,M
AE523C,07-08038,H47,BOEING-VERTOL CH-47 Chinook,H2T,M
AE5A3C,14-08451,H47,BOEING-VERTOL CH-47 Chinook,H2T,M
AE5D3C,16-20819,H60,SIKORSKY UH-60 Black Hawk,H2T,M
AE5F3C,169547,P8,BOEING P-8 Poseidon,L2J,M
AE603C,17-20973,H60,SIKORSKY UH-60 Black Hawk,H2T,M
AE623C,69-6649,B212,BELL 212,H2T,L
AE633C,19-72452,EC45,AIRBUS HELICOPTERS EC-145,H2T,L
AE6A3C,170015,P8,BOEING P-8 Poseidon,L2J,M
AE6D3C,170138,A119,AGUSTA AW-119 Koala,H1T,L
C0003C,C-FACH,GLID,,L0-,-
C0023C,C-FAVZ,CH7B,BELLANCA 7 Citabria,L1P,L
C0043C,C-FBPR,TAYB,TAYLORCRAFT BC/BF/BL,L1P,L
C0053C,C-FBZN,AS50,AEROSPATIALE AS-350 Ecureuil,H1T,L
C0063C,C-FCJJ,TAYA,TAYLORCRAFT A,L1P,L
C0083C,C-FDDB,C172,CESSNA 172 Skyhawk,L1P,L
C0093C,C-FDMX,BE95,BEECH 95 Travel Air,L2P,L
C00A3C,C-FDWT,P28A,PIPER PA-28-140/150/160/180,L1P,L
C00C3C,C-FEQL,,,,
C00D3C,C-FFAH,CH7B,BELLANCA 7 Citabria,L1P,L
C00F3C,C-FFTZ,PA22,PIPER PA-22,L1P,L
C0103C,C-FGDV,C150,CESSNA 150,L1P,L
C0123C,C-FGXN,,,,
C0153C,C-FIBB,,,,
C0173C,C-FIUT,PA11,PIPER PA-11 Cub Special,L1P,L
C0183C,C-FJEP,SF34,SAAB 340,L2T,M
C0193C,C-FJOL,LJ60,LEARJET 60,L2J,M
C01A3C,C-FJYH,C172,CESSNA 172 Skyhawk,L1P,L
C01B3C,C-FKID,J3,PIPER J-3 Cub,L1P,L
C01C3C,C-FKRZ,RV7,VANS RV-7,L1P,L
C01D3C,C-FLBV,B738,BOEING 737-800,L2J,M
C01E3C,C-FLLR,C140,CESSNA 140,L1P,L
C01F3C,C-FLVN,,,,
C0203C,C-FMFJ,,,,
C0213C,C-FMPF,PC12,PILATUS PC-12,L1T,L
C0233C,C-FNIX,C172,CESSNA 172 Skyhawk,L1P,L
C0253C,C-FOCP,DHC2,DE HAVILLAND DHC-2 Beaver,L1P,L
C0263C,C-FOML,SKYR,REARWIN Skyranger,L1P,L
C0273C,C-FOWH,BALL,,B0-,-
C0283C,C-FPGD,SA75,STOLP SA-750 Acroduster Too,L1P,L
C02A3C,C-FPZV,,,,
C02B3C,C-FQJR,P28R,PIPER PA-28R-180/200/201,L1P,L
C02C3C,C-FQTN,C170,CESSNA 170,L1P,L
C02E3C,C-FRNF,C180,CESSNA  180 Skywagon,L1P,L
C02F3C,C-FRXB,PULS,Pulsar,L1P,L
C0303C,C-FSGX,C206,CESSNA  206 Stationair,L1P,L
C0313C,C-FSQT,ULAC,,L0-,-
C0333C,C-FTKL,CJ6,NANCHANG CJ-6,L1P,L
C0363C,C-FUNZ,BOLT,STEEN Skybolt,L1P,L
C0393C,C-FVRN,C172,CESSNA 172 Skyhawk,L1P,L
C03A3C,C-FWBJ,BE60,BEECH 60 Duke,L2P,L
C03B3C,C-FWLF,P28A,PIPER PA-28-140/150/160/180,L1P,L
C03C3C,C-FWVB,PRM1,RAYTHEON 390 Premier 1,L2J,L
C03D3C,C-FXEX,T6,NORTH AMERICAN T-6 Texan,L1P,L
C03F3C,C-FXYP,VALI,CONVAIR Valiant,L1P,L
C0403C,C-FYIL,C150,CESSNA 150,L1P,L
C0413C,C-FYSH,L8,LUSCOMBE 8,L1P,L
C0423C,C-FZCD,C172,CESSNA 172 Skyhawk,L1P,L
C0433C,C-FZLZ,PC6T,PILATUS PC-6 Turbo-Porter,L1T,L
C0443C,C-FZVV,EXEC,ROTORWAY Exec,H1P,L
C0453C,C-GAFR,PA22,PIPER PA-22,L1P,L
C0463C,C-GAPN,ULAC,,L0-,-
C0473C,C-GAZJ,DHC2,DE HAVILLAND DHC-2 Beaver,L1P,L
C0493C,C-GBTB,PA46,PIPER PA-46-310/350,L1P,L
C04A3C,C-GCCX,C150,CESSNA 150,L1P,L
C04B3C,C-GCMT,BE58,BEECH 58 Baron,L2P,L
C04C3C,C-GCWP,C172,CESSNA 172 Skyhawk,L1P,L
C04D3C,C-GDGL,P28B,PIPER PA-28-201T/235/236,L1P,L
C0503C,C-GEJZ,CH7A,BELLANCA 7 Champion,L1P,L
C0513C,C-GETV,ZZZZ,,-0-,-
C0523C,C-GFDR,C150,CESSNA 150,L1P,L
C0533C,C-GFNN,B505,BELL 505 JetRanger X,H1T,L
C0543C,C-GFXJ,GLST,GLASAIR SH-4 GlaStar,L1P,L
C0553C,C-GGHF,C172,CESSNA 172 Skyhawk,L1P,L
C0563C,C-GGRB,BALL,,B0-,-
C0573C,C-GHAX,P28A,PIPER PA-28-140/150/160/180,L1P,L
C0583C,C-GHKT,PA18,PIPER PA-18 Super Cub,L1P,L
C0593C,C-GHUP,C172,CESSNA 172 Skyhawk,L1P,L
C05A3C,C-GIEL,C172,CESSNA 172 Skyhawk,L1P,L
C05D3C,C-GJHZ,CRJ9,BOMBARDIER Regional Jet CRJ-900,L2J,M
C05E3C,C-GJRV,P28A,PIPER PA-28-140/150/160/180,L1P,L
C0613C,C-GKVJ,C185,CESSNA 185 Skywagon,L1P,L
C0623C,C-GLFF,CH7A,BELLANCA 7 Champion,L1P,L
C0633C,C-GLPB,RV9,VANS RV-9,L1P,L
C0653C,C-GMIT,NSTR,CUSTOM FLIGHT North Star,L1P,L
C0673C,C-GNCL,CH7A,BELLANCA 7 Champion,L1P,L
C0693C,C-GNWD,C208,CESSNA 208 Caravan,L1T,L
C06B3C,C-GOPV,C172,CESSNA 172 Skyhawk,L1P,L
C06C3C,C-GOZR,DHC2,DE HAVILLAND DHC-2 Beaver,L1P,L
C06D3C,C-GPJN,P28A,PIPER PA-28-140/150/160/180,L1P,L
C06E3C,C-GPTJ,,,,
C0703C,C-GQNB,P28S,PIPER PA-28R-201T,L1P,L
C0723C,C-GRGT,B06,BELL 206 JetRanger,H1T,L
C0733C,C-GRQP,DH8D,DE HAVILLAND DHC-8-400 Dash 8,L2T,M
C0743C,C-GSAL,PA18,PIPER PA-18 Super Cub,L1P,L
C0753C,C-GSKH,L8,LUSCOMBE 8,L1P,L
C0763C,C-GSUD,PA24,PIPER PA-24 Comanche,L1P,L
C0773C,C-GTDZ,PELI,FLYER Pelican,L1P,L
C07A3C,C-GUHN,DHC2,DE HAVILLAND DHC-2 Beaver,L1P,L
C07B3C,C-GURJ,CL60,BOMBARDIER CL-600 Challenger,L2J,M
C07C3C,C-GVBF,PA23,PIPER PA-23,L2P,L
C07D3C,C-GVLB,GLID,,L0-,-
C07F3C,C-GWET,C172,CESSNA 172 Skyhawk,L1P,L
C0803C,C-GWOP,C172,CESSNA 172 Skyhawk,L1P,L
C0833C,C-GXSD,SA30,STOLP Starduster Too,L1P,L
C0843C,C-GYBZ,CH7B,BELLANCA 7 Citabria,L1P,L
C0853C,C-GYLV,C182,CESSNA 182 Skylane,L1P,L
C0863C,C-GYVR,S108,STINSON 108 Voyager,L1P,L
C0873C,C-GZFN,ULAC,,L0-,-
C0883C,C-GZPJ,B06,BELL 206 JetRanger,H1T,L
C08A3C,C-IAJB,STRA,STRIPLIN Sky Ranger,L1P,L
C08B3C,C-IASX,BEVR,ASAP Beaver,L1P,L
C08C3C,C-IBCT,,,,
C08D3C,C-IBMP,ULAC,,L0-,-
C08E3C,C-IBWL,ULAC,,L0-,-
C08F3C,C-ICGH,,,,
C0903C,C-ICQD,BEVR,ASAP Beaver,L1P,L
C0913C,C-ICZZ,NPOR,REDFERN Nieuport 24,L1P,L
C0923C,C-IDJV,,,,
C0933C,C-IDTR,BEVR,ASAP Beaver,L1P,L
C0943C,C-IEDN,BEVR,ASAP Beaver,L1P,L
C0953C,C-IENJ,,,,
C0963C,C-IEXF,ULAC,,L0-,-
C0973C,C-IFHB,ULAC,,L0-,-
C0983C,C-IFQX,ULAC,,L0-,-
C0993C,C-IGAT,BEVR,ASAP Beaver,L1P,L
C09A3C,C-IGKP,ULAC,,L0-,-
C09B3C,C-IGUL,PANT,ROTEC Panther,L1P,L
C09C3C,C-IHEH,ULAC,,L0-,-
C09D3C,C-IHOD,PELI,FLYER Pelican,L1P,L
C0A13C,C-IJBN,ULAC,,L0-,-
C0A23C,C-IJLJ,CRER,RANS Courier,L1P,L
C0A33C,C-IJVF,,,,
C0A53C,C-IKOX,PARA,,P0-,-
C0A73C,C-ILIP,PARA,,P0-,-
C0A83C,C-ILSL,,,,
C0A93C,C-IMCH,,,,
C0AA3C,C-IMMD,ULAC,,L0-,-
C0C23C,C-IVOL,ULAC,,L0-,-
C0C43C,C-IWID,ULAC,,L0-,-
C1E43C,SERV,SERV,,V0-,-
C1E53C,SERV,SERV,,V0-,-
C8013C,ZK-BWN,C172,CESSNA 172 Skyhawk,L1P,L
C8033C,ZK-DOC,C185,CESSNA 185 Skywagon,L1P,L
C8043C,ZK-JSF,C172,CESSNA 172 Skyhawk,L1P,L
C8083C,ZK-GIW,NIMB,SCHEMPP-HIRTH Nimbus,L1P,L
C80B3C,ZK-WFS,C172,CESSNA 172 Skyhawk,L1P,L
C80F3C,ZK-HJE,AS50,AEROSPATIALE AS-350 Ecureuil,H1T,L
C8133C,ZK-RAE,RAF2,ROTARY AIR FORCE RAF-2000,G1P,L
C8183C,ZK-VYX,ZZZZ,,-0-,-
C81A3C,ZK-HKP,R44,ROBINSON R-44 Raven,H1P,L
C81B3C,ZK-JRF,L29,AERO L-29 Delfin,L1J,L
C81D3C,ZK-IWX,H500,HUGHES 500,H1T,L
C81E3C,ZK-SAR,C182,CESSNA 182 Skylane,L1P,L
C8203C,ZK-VNM,VNOM,DE HAVILLAND DH-112 Venom,L1J,M
C8213C,ZK-FLN,CH75,ZENAIR CH-750 Cruzer,L1P,L
C8233C,ZK-LSV,RV12,VANS RV-12,L1P,L
C8293C,ZK-SOX,SVNH,AEROTEC Savannah,L1P,L
E2003C,LV-S023,SIRA,TECNAM P-2002 Sierra,L1P,L
E4853C,PR-DFC,E50P,EMBRAER EMB-500 Phenom 100,L2J,L
E4893C,PR-BCK,BE40,BEECH 400 Beechjet,L2J,M
E48C3C,PR-RTC,C208,CESSNA 208 Caravan,L1T,L
E48D3C,PP-DUN,P46T,PIPER PA-46-500TP,L1T,L
E48E3C,PR-AQI,AT76,ATR-72-600,L2T,M
E48F3C,PR-OHO,S92,SIKORSKY S-92 Helibus,H2T,M
E4913C,PR-JIE,E50P,EMBRAER EMB-500 Phenom 100,L2J,L
E4933C,PR-LPB,BE36,BEECH 36 Bonanza,L1P,L
E4943C,PR-LNI,SR22,CIRRUS SR-22,L1P,L
E4953C,PP-AGQ,BE20,BEECH 200 Super King Air,L2T,M
E4973C,PS-RLM,E55P,EMBRAER EMB-505 Phenom 300,L2J,M
E49A3C,PS-WRA,C25B,CESSNA 525B Citation CJ3,L2J,L
E8033C,CC-DBF,A20N,AIRBUS A-320neo,L2J,M
E8043C,CC-BAY,A320,AIRBUS A-320,L2J,M
E8083C,CC-AAM,C182,CESSNA 182 Skylane,L1P,L
E8093C,CC-AFC,C172,CESSNA 172 Skyhawk,L1P,L
E8803C,ZP-BKP,C206,CESSNA  206 Stationair,L1P,L
