0081A9,ZS-APS,PC12,PILATUS PC-12,L1T,L
0084A9,ZS-BTG,C208,CESSNA 208 Caravan,L1T,L
0085A9,ZS-CDC,SR22,CIRRUS SR-22,L1P,L
0087A9,ZS-CWU,C182,CESSNA 182 Skylane,L1P,L
0097A9,ZS-IYI,C172,CESSNA 172 Skyhawk,L1P,L
009AA9,ZS-KBW,P28A,PIPER PA-28-140/150/160/180,L1P,L
00ADA9,ZS-RGY,R44,ROBINSON R-44 Raven,H1P,L
0101A9,SU-BTF,C295,CASA C-295 Persuader,L2T,M
04C2A9,5Y-FAH,A320,AIRBUS A-320,L2J,M
06A0A9,A7-BCE,B788,BOEING 787-8 Dreamliner,L2J,H
0900A9,D2-SRA,E145,EMBRAER ERJ-145,L2J,M
0AC1A9,HK-5041,AT76,ATR-72-600,L2T,M
0AC3A9,PNC-0245,AT43,ATR-42-300,L2T,M
0C20A9,HP-1811PS,C208,CESSNA 208 Caravan,L1T,L
0D08A9,5212,B350,BEECHCRAFT Super King Air 350,L2T,M
0D09A9,XA-AMW,B738,BOEING 737-800,L2J,M
0D0AA9,XA-UZJ,DC93,MCDONNELL DOUGLAS DC-9-30,L2J,M
0D0BA9,XB-FCR,H25B,HAWKER BEECHCRAFT Hawker 750/850,L2J,M
0D0CA9,XB-ODQ,P32T,PIPER PA-32RT-300/300T,L1P,L
1406A9,RA-01705,A189,AGUSTA AW-189,H2T,M
1407A9,RA-01961,P46T,PIPER PA-46-500TP,L1T,L
141EA9,RA-07849,BE35,BEECH 35 Starfire Bonanza,L1P,L
142EA9,RA-11945,,,,
14B5A9,RA-46505,AN24,ANTONOV An-24,L2T,M
1506A9,RA-67241,GLEX,BOMBARDIER BD-700 Global 6000/6500,L2J,M
151DA9,RA-73129,B738,BOEING 737-800,L2J,M
152AA9,RA-76457,IL76,ILYUSHIN Il-76/82,L4J,H
152BA9,RA-76713,IL76,ILYUSHIN Il-76/82,L4J,H
1554A9,RA-87209,YK40,YAKOVLEV Yak-40,L3J,M
155BA9,RA-89001,SU95,SUKHOI Superjet 100-95,L2J,M
3004A9,I-LASW,AS50,AEROSPATIALE AS-350 Ecureuil,H1T,L
3005A9,I-MMAM,R22,ROBINSON R-22 Mariner,H1P,L
3006A9,I-HFRT,EC45,AIRBUS HELICOPTERS EC-145,H2T,L
3007A9,I-BNET,C650,CESSNA 650 Citation,L2J,M
31DDA9,I-C273,TRAL,GROPPO Trail,L1P,L
31FFA9,I-8312,PNR2,ALPI Pioneer 200,L1P,L
33FEA9,MM81580,NH90,NHI NH-90,H2T,M
3814A9,F-BFFJ,J3,PIPER J-3 Cub,L1P,L
3826A9,F-BJVJ,CP13,PIEL Super Emeraude,L1P,L
384CA9,F-BTFJ,C150,CESSNA 150,L1P,L
384EA9,F-BTVJ,RALL,SOCATA Rallye,L1P,L
3856A9,F-BVVJ,AA5,AMERICAN AA-5 Tiger,L1P,L
3909A9,F-GCNJ,C152,CESSNA 152,L1P,L
390DA9,F-GDNJ,TB20,SOCATA TB-20 Trinidad,L1P,L
3911A9,F-GENJ,TB20,SOCATA TB-20 Trinidad,L1P,L
391EA9,F-GHVJ,M20P,MOONEY M-20,L1P,L
3935A9,F-GNNJ,DR40,ROBIN DR-400,L1P,L
393AA9,F-GOVJ,HR20,ROBIN HR-200,L1P,L
393DA9,F-GPNJ,F900,DASSAULT Falcon 900,L3J,M
3946A9,F-GRVJ,R44,ROBINSON R-44 Raven,H1P,L
3952A9,F-GUVJ,DA40,DIAMOND DA-40 Club Star,L1P,L
3964A9,F-GZFJ,AS50,AEROSPATIALE AS-350 Ecureuil,H1T,L
3965A9,F-GZNJ,B77W,BOEING 777-300ER,L2J,H
3985A9,F-HBNJ,A320,AIRBUS A-320,L2J,M
3986A9,F-HBVJ,EC20,AIRBUS HELICOPTERS EC-120,H1T,L
398CA9,F-HDFJ,EC20,AIRBUS HELICOPTERS EC-120,H1T,L
3992A9,F-HEVJ,P28R,PIPER PA-28R-180/200/201,L1P,L
39C8A9,F-HSFJ,C68A,CESSNA 680 Citation Latitude,L2J,M
39CEA9,F-HTVJ,B738,BOEING 737-800,L2J,M
3AABA9,F-MDBB,PUMA,AEROSPATIALE SA-330 Puma,H2T,L
3B75A9,F-UGJH,MIR2,DASSAULT Mirage 2000,L1J,M
3B76A9,197,CN35,CASA CN-235 Persuader,L2T,M
3B7BA9,F-ZAEA,C212,CESSNA 212 Aviocar,L2T,M
3C1CA9,D-AZWE,A21N,AIRBUS A-321neo,L2J,M
3C4AA9,D-ABUI,B763,BOEING 767-300,L2J,H
3C56A9,D-AEUI,A321,AIRBUS A-321,L2J,M
3C64A9,D-AIEI,A21N,AIRBUS A-321neo,L2J,M
3C65A9,D-AIMI,A388,AIRBUS A-380-800,L4J,H
3C66A9,D-AIUI,A320,AIRBUS A-320,L2J,M
3CE7A9,D-CPAN,PC24,PILATUS PC-24,L2J,M
3CF3A9,D-CTOR,E55P,EMBRAER EMB-505 Phenom 300,L2J,M
3D04A9,D-EAAB,P46T,PIPER PA-46-500TP,L1T,L
3D06A9,D-EATT,P28R,PIPER PA-28R-180/200/201,L1P,L
3D08A9,D-EBNL,BE24,BEECH 24 Sierra,L1P,L
3D0AA9,D-ECHD,C172,CESSNA 172 Skyhawk,L1P,L
3D0DA9,D-EDKR,P149,PIAGGIO P-149,L1P,L
3D0EA9,D-EDUN,PA18,PIPER PA-18 Super Cub,L1P,L
3D0FA9,D-EEEJ,BREZ,AEROSTYLE Breezer,L1P,L
3D10A9,D-EEOF,DR40,ROBIN DR-400,L1P,L
3D13A9,D-EFRT,SR20,CIRRUS SR-20,L1P,L
3D16A9,D-EGVH,R200,ROBIN Alpha,L1P,L
3D18A9,D-EHOZ,C152,CESSNA 152,L1P,L
3D1BA9,D-EISN,C172,CESSNA 172 Skyhawk,L1P,L
3D1DA9,D-EJMF,JUNR,BOLKOW BO-208 Junior,L1P,L
3D1EA9,D-EJWB,P28A,PIPER PA-28-140/150/160/180,L1P,L
3D20A9,D-EKPT,C172,CESSNA 172 Skyhawk,L1P,L
3D22A9,D-ELJL,P28R,PIPER PA-28R-180/200/201,L1P,L
3D25A9,D-EMMZ,M20P,MOONEY M-20,L1P,L
3D29A9,D-EOAJ,P149,PIAGGIO P-149,L1P,L
3D2EA9,D-EPXP,PULS,Pulsar,L1P,L
3D31A9,D-ERBD,SR22,CIRRUS SR-22,L1P,L
3D34A9,D-ESER,SM19,SIAI-MARCHETTI SM-1019,L1T,L
3D4EA9,D-FCAR,PC12,PILATUS PC-12,L1T,L
3D99A9,D-GELD,PA34,PIPER PA-34 Seneca,L2P,L
3DDDA9,D-HEER,B105,EUROCOPTER BO-105,H2T,L
3DF1A9,D-HLTP,EC55,AIRBUS HELICOPTERS EC-155,H2T,L
3DF7A9,D-HOAR,AS65,AEROSPATIALE AS-365 Dauphin 2,H2T,L
3E18A9,D-IANP,C25M,CESSNA 525 Citation M2,L2J,L
3E60A9,D-KBUN,SF25,SCHEIBE SF-25 Falke,L1P,L
3E65A9,D-KDRT,DG40,DG FLUGZEUGBAU DG-400,L1P,L
3E66A9,D-KEBP,DG40,DG FLUGZEUGBAU DG-400,L1P,L
3E6AA9,D-KFOZ,DG50,DG FLUGZEUGBAU DG-500M,L1P,L
3E76A9,D-KKDD,GLID,,L0-,-
3E79A9,D-KLGR,DG40,DG FLUGZEUGBAU DG-400,L1P,L
3EC1A9,D-KOHL,GLID,,L0-,-
3ECCA9,D-KSLT,GLID,,L0-,-
3ECDA9,D-KSVP,DIMO,DIAMOND H-36 Dimona,L1P,L
3EE0A9,D-0018,DUOD,SCHEMPP-HIRTH Duo Discus,L1P,L
3EF0A9,D-4114,DISC,SCHEMPP-HIRTH Discus,L1P,L
3F4BA9,54+20,A400,AIRBUS A-400M,L4T,H
3FBBA9,79+37,NH90,NHI NH-90,H2T,M
3FD8A9,D-OTMF,BALL,,B0-,-
3FEAA9,D-MVEK,ECHO,TECNAM P-92 Echo,L1P,L
3FEBA9,D-MCVW,FK12,B&F TECHNIK FK-12 Comet,L1P,L
3FEDA9,D-MILT,C42,IKARUS C-42 Bison,L1P,L
3FEEA9,D-MRDE,C42,IKARUS C-42 Bison,L1P,L
3FF1A9,D-MRRO,CH60,ZENAIR CH-600 Zodiac,L1P,L
3FF2A9,D-MIEW,PIVI,PIPSTREL Virus,L1P,L
3FF6A9,D-MDFN,ZEPH,ATEC Zephyr,L1P,L
4005A9,G-ETPK,RJ70,AVRO RJ-70 Avroliner,L4J,M
4006A9,G-CIVS,B744,BOEING 747-400,L4J,H
4007A9,G-HEVI,B733,BOEING 737-300,L2J,M
400CA9,G-FIND,F406,CESSNA F406 Caravan 2,L2T,L
400DA9,G-VGAG,SR20,CIRRUS SR-20,L1P,L
400EA9,G-BYXL,G115,GROB G-115,L1P,L
4010A9,G-DYNA,WT9,AEROSPOOL WT-9 Dynamic,L1P,L
4013A9,G-LUNG,MT,ROTORSPORT MTOSport,G1P,L
4014A9,G-AOBH,DH82,DE HAVILLAND DH-82 Tiger Moth,L1P,L
4016A9,G-ATXO,S900,SIPA S-901/902/903/904,L1P,L
4018A9,G-AYGA,D11,JODEL D-11x/12x,L1P,L
4019A9,G-AZYY,GLID,,L0-,-
401BA9,G-BCUJ,C150,CESSNA 150,L1P,L
401DA9,G-BGKS,P28A,PIPER PA-28-140/150/160/180,L1P,L
401FA9,G-BJIV,PA18,PIPER PA-18 Super Cub,L1P,L
4025A9,G-BHXA,BDOG,BRITISH AEROSPACE SA-3 Bulldog,L1P,L
4027A9,G-BYFA,C152,CESSNA 152,L1P,L
403DA9,G-MZGI,ULAC,,L0-,-
403FA9,G-SSCL,H500,HUGHES 500,H1T,L
4041A9,G-TZII,T211,INDUS T-211,L1P,L
4045A9,G-BZYS,ULAC,,L0-,-
4046A9,G-WHAM,AS50,AEROSPATIALE AS-350 Ecureuil,H1T,L
404AA9,G-OTYP,P28A,PIPER PA-28-140/150/160/180,L1P,L
404DA9,G-CDIX,C42,IKARUS C-42 Bison,L1P,L
4052A9,G-CHGW,GLID,,L0-,-
4054A9,G-EEAD,GLID,,L0-,-
405BA9,G-DDLC,GLID,,L0-,-
405CA9,G-CFYE,GLID,,L0-,-
405EA9,G-CFLV,SB20,SAAB 2000,L2T,M
405FA9,G-CFUG,G109,GROB G-109,L1P,L
4066A9,G-CGZP,P40,CURTISS P-40 Kittyhawk,L1P,L
406AA9,G-OXFG,PA34,PIPER PA-34 Seneca,L2P,L
406EA9,G-CISG,C42,IKARUS C-42 Bison,L1P,L
406FA9,G-MOAL,A109,AGUSTA AW-109 Grand,H2T,L
4070A9,G-SCFC,BALL,,B0-,-
4071A9,G-WROL,EC45,AIRBUS HELICOPTERS EC-145,H2T,L
4072A9,G-CJWW,SASP,SUPERMARINE AIRCRAFT Spitfire Mk25/26,L1P,L
4073A9,G-CKIH,A109,AGUSTA AW-109 Grand,H2T,L
4075A9,G-DVIO,A139,AGUSTA AW-139,H2T,L
4079A9,G-TUKF,B738,BOEING 737-800,L2J,M
407AA9,G-SEAK,S61,SIKORSKY S-61 Sea King,H2T,M
407BA9,G-FLBX,EFOX,AEROPRO Eurofox,L1P,L
407CA9,G-SNSL,A139,AGUSTA AW-139,H2T,L
4241A9,VP-CMJ,A319,AIRBUS A-319,L2J,M
4242A9,VP-BOK,GLEX,BOMBARDIER BD-700 Global 6000/6500,L2J,M
4247A9,VP-CYF,A319,AIRBUS A-319,L2J,M
424BA9,M-NSTR,GL7T,BOMBARDIER BD-700 Global 7000/7500,L2J,M
43BEA9,VP-BVJ,A20N,AIRBUS A-320neo,L2J,M
43C2A9,ZA939,PUMA,AEROSPATIALE SA-330 Puma,H2T,L
43C4A9,ZJ935,EUFI,EUROFIGHTER 2000,L2J,M
43C7A9,ZK432,EUFI,EUROFIGHTER 2000,L2J,M
4401A9,OE-FTW,PA34,PIPER PA-34 Seneca,L2P,L
4407A9,OE-XJH,AS55,AEROSPATIALE AS-355 Ecureuil 2,H2T,L
4408A9,OE-GBC,C25B,CESSNA 525B Citation CJ3,L2J,L
4409A9,OE-FIT,C510,CESSNA 510 Citation Mustang,L2J,L
440BA9,OE-LCO,B789,BOEING 787-9 Dreamliner,L2J,H
440CA9,OE-IZN,A320,AIRBUS A-320,L2J,M
4488A9,OO-BEI,BALL,,B0-,-
4489A9,OO-BMI,BALL,,B0-,-
448AA9,OO-BUI,BALL,,B0-,-
44B1A9,OO-LMI,B06,BELL 206 JetRanger,H1T,L
44C1A9,OO-PMI,R44,ROBINSON R-44 Raven,H1P,L
44D9A9,OO-VMI,F900,DASSAULT Falcon 900,L3J,M
44E4A9,OO-YEI,GLID,,L0-,-
451DA9,LZ-FLA,AN26,ANTONOV An-26,L2T,M
4589A9,OY-BMI,D31,ROLLASON D-31 Turbulent,L1P,L
45D0A9,OY-TEI,PA46,PIPER PA-46-310/350,L1P,L
45E0A9,OY-XEI,GLID,,L0-,-
4614A9,OH-HVL,A119,AGUSTA AW-119 Koala,H1T,L
461FA9,OH-LZT,A321,AIRBUS A-321,L2J,M
470CA9,HA-EUR,EC20,AIRBUS HELICOPTERS EC-120,H1T,L
471DA9,HA-LGB,A21N,AIRBUS A-321neo,L2J,M
471FA9,HA-LZT,A21N,AIRBUS A-321neo,L2J,M
4780A9,LN-RPE,B736,BOEING 737-600,L2J,M
4785A9,LN-TFU,P28A,PIPER PA-28-140/150/160/180,L1P,L
47A9A9,LN-FTZ,DA40,DIAMOND DA-40 Club Star,L1P,L
47C3A9,LN-ACZ,C206,CESSNA  206 Stationair,L1P,L
4841A9,PH-HZW,B738,BOEING 737-800,L2J,M
4844A9,P4-HHH,B77L,BOEING 777-200LR,L2J,H
4847A9,PH-AEE,P28A,PIPER PA-28-140/150/160/180,L1P,L
4848A9,PH-RDF,BALL,,B0-,-
4849A9,PH-582,GLID,,L0-,-
484BA9,PH-PNG,PC12,PILATUS PC-12,L1T,L
484CA9,PH-192,GLID,,L0-,-
484DA9,PH-LUS,L8,LUSCOMBE 8,L1P,L
484EA9,PH-SPN,ZZZZ,,-0-,-
484FA9,PH-EBR,F900,DASSAULT Falcon 900,L3J,M
4850A9,P4-BFS,LJ45,LEARJET 45,L2J,M
4851A9,PH-JIT,DA40,DIAMOND DA-40 Club Star,L1P,L
4853A9,PH-1OQ,ZZZZ,,-0-,-
4854A9,PH-1PO,ZZZZ,,-0-,-
4855A9,PH-2BM,ZZZZ,,-0-,-
485DA9,PH-NEY,PNR3,ALPI Pioneer 330,L1P,L
48ACA9,SP-LFK,P208,TECNAM P-2008,L1P,L
48ADA9,SP-LNK,E195,EMBRAER ERJ-190-200,L2J,M
48C2A9,SP-RZK,B38M,BOEING 737 MAX 8,L2J,M
48D8A9,4081,F16,GENERAL DYNAMICS F-16 Fighting Falcon,L1J,M
48FDA9,SP-SKNK,TL20,TL ULTRALIGHT TL-2000 Sting,L1P,L
4952A9,CS-TUI,A339,AIRBUS A-330-900,L2J,H
4955A9,CS-UMI,WT9,AEROSPOOL WT-9 Dynamic,L1P,L
49D0A9,OK-DSJ,C525,CESSNA 525 CitationJet,L2J,L
49D1A9,OK-TAO,ZZZZ,,-0-,-
49D2A9,OK-RTT,C172,CESSNA 172 Skyhawk,L1P,L
49D3A9,OK-OZZ,PC12,PILATUS PC-12,L1T,L
49D4A9,OK-CPT,AC50,NORTH AMERICAN ROCKWELL Commander 500,L2P,L
4A09A9,YR-BMI,B738,BOEING 737-800,L2J,M
4A35A9,21,PUMA,AEROSPATIALE SA-330 Puma,H2T,L
4A41A9,YR-PMI,AN2,ANTONOV An-2,L1P,L
4A7FA9,YR-7788,VNTR,ICP Ventura,L1P,L
4AAAA9,SE-JUI,AS50,AEROSPATIALE AS-350 Ecureuil,H1T,L
4AACA9,SE-KEI,P28A,PIPER PA-28-140/150/160/180,L1P,L
4AC9A9,SE-RMI,C550,CESSNA 550 Citation S2,L2J,L
4AE2A9,SE-XUI,MF17,SAAB T-17 Supporter,L1P,L
4B08A9,HB-DHH,M20T,MOONEY M-20T,L1P,L
4B1BA9,HB-KMJ,P208,TECNAM P-2008,L1P,L
4B1FA9,HB-LZT,DA42,DIAMOND DA-42 Guardian,L2P,L
4B26A9,HB-OQR,P28R,PIPER PA-28R-180/200/201,L1P,L
4B28A9,HB-PKJ,PA32,PIPER PA-32,L1P,L
4B2BA9,HB-QNX,BALL,,B0-,-
4B3CA9,HB-WZH,PIVI,PIPSTREL Virus,L1P,L
4B42A9,HB-ZGJ,EC20,AIRBUS HELICOPTERS EC-120,H1T,L
4B4BA9,HB-1794,GLID,,L0-,-
4B4EA9,HB-2562,A32E,SCHLEICHER ASG-32EL,L1E,L
4B50A9,HB-3074,GLID,,L0-,-
4B51A9,HB-3330,GLID,,L0-,-
4B7FA9,A-106,PC21,PILATUS PC-21,L1T,L
4B86A9,TC-AUI,PA18,PIPER PA-18 Super Cub,L1P,L
4B95A9,TC-EMI,C208,CESSNA 208 Caravan,L1T,L
4BA1A9,TC-HMI,B430,BELL 430,H2T,L
4BA9A9,TC-JMI,A321,AIRBUS A-321,L2J,M
4BB2A9,TC-LUI,A21N,AIRBUS A-321neo,L2J,M
4BCCA9,TC-SEI,B738,BOEING 737-800,L2J,M
4BD0A9,TC-TEI,P337,CESSNA P337 Skymaster,L2P,L
4BD6A9,TC-UUI,SLG2,AIRPLANE FACTORY Sling 2,L1P,L
4C16A9,YU-FVJ,F2TH,DASSAULT Falcon 2000,L2J,M
4C4AA9,YU-SVJ,C56X,CESSNA 560XL Citation XLS,L2J,M
4CA6A9,EI-DYV,B738,BOEING 737-800,L2J,M
4CA9A9,EI-HAX,B38M,BOEING 737 MAX 8,L2J,M
4CC4A9,TF-LLL,B752,BOEING 757-200,L2J,M
4D21A9,9H-SIS,CL60,BOMBARDIER CL-600 Challenger,L2J,M
4D23A9,9H-AJG,A320,AIRBUS A-320,L2J,M
5001A9,T7-GMC,GL7T,BOMBARDIER BD-700 Global 7000/7500,L2J,M
501DA9,9A-CQB,DH8D,DE HAVILLAND DHC-8-400 Dash 8,L2T,M
503DA9,LY-VEQ,A320,AIRBUS A-320,L2J,M
504DA9,TWR,TWR,,T0-,-
505DA9,OM-MIS,SD4,TOMARK Viper,L1P,L
5083A9,UR-LKO,BE76,BEECH 76 Duchess,L2P,L
5084A9,UR-HNG,B429,BELL 429 GlobalRanger,H2T,L
7020A9,S2-AKO,AT76,ATR-72-600,L2T,M
70AEA9,9N-AJL,AT75,ATR-72-500,L2T,M
70C0A9,A4O-BG,B738,BOEING 737-800,L2J,M
7100A9,HZ-ASN,A321,AIRBUS A-321,L2J,M
7101A9,PSS-59,EC45,AIRBUS HELICOPTERS EC-145,H2T,L
7102A9,8310,TOR,PANAVIA Tornado,L2J,M
7103A9,4103,B350,BEECHCRAFT Super King Air 350,L2T,M
717CA9,HZ-HC23,A139,AGUSTA AW-139,H2T,L
7277A9,P-633,T204,TUPOLEV Tu-204/214/224/234,L2J,M
7342A9,EP-PUI,E145,EMBRAER ERJ-145,L2J,M
7380A9,4X-EAR,B763,BOEING 767-300,L2J,H
7394A9,4X-GHF,NIMB,SCHEMPP-HIRTH Nimbus,L1P,L
7502A9,M55-10,EC25,AIRBUS HELICOPTERS EC-225/725,H2T,M
7504A9,9M-HCB,G2CA,GUIMBAL G-2 Cabri,H1P,L
7582A9,RP-C2011,BE20,BEECH 200 Super King Air,L2T,M
7583A9,RP-C9921,A321,AIRBUS A-321,L2J,M
76CDA9,9V-SMI,A359,AIRBUS A-350-900,L2J,H
7800A9,B-2099,B773,BOEING 777-300,L2J,H
7801A9,B-HRV,EC55,AIRBUS HELICOPTERS EC-155,H2T,L
7802A9,B-6287,A320,AIRBUS A-320,L2J,M
7805A9,B-2073,B77L,BOEING 777-200LR,L2J,H
7806A9,B-6718,A321,AIRBUS A-321,L2J,M
7807A9,B-6807,A320,AIRBUS A-320,L2J,M
7808A9,B-6503,A333,AIRBUS A-330-300,L2J,H
7809A9,B-2037,B77W,BOEING 777-300ER,L2J,H
780AA9,B-KOO,RV8,VANS RV-8,L1P,L
780BA9,B-1901,B738,BOEING 737-800,L2J,M
780CA9,B-5952,A332,AIRBUS A-330-200,L2J,H
780DA9,B-2027,B77L,BOEING 777-200LR,L2J,H
780FA9,B-10FA,C208,CESSNA 208 Caravan,L1T,L
7810A9,B-1576,B763,BOEING 767-300,L2J,H
7811A9,B-1476,B738,BOEING 737-800,L2J,M
7812A9,B-001T,AJ27,COMAC ARJ-21-700 Xiangfeng,L2J,M
7813A9,B-10VE,C56X,CESSNA 560XL Citation XLS,L2J,M
7814A9,B-10XJ,DA42,DIAMOND DA-42 Guardian,L2P,L
7815A9,B-208A,B789,BOEING 787-9 Dreamliner,L2J,H
781BA9,B-324A,A20N,AIRBUS A-320neo,L2J,M
781CA9,B-329X,A21N,AIRBUS A-321neo,L2J,M
781DA9,B-329L,A20N,AIRBUS A-320neo,L2J,M
7C05A9,VH-BEJ,PA24,PIPER PA-24 Comanche,L1P,L
7C0CA9,VH-CSB,P28A,PIPER PA-28-140/150/160/180,L1P,L
7C0DA9,VH-CZF,C208,CESSNA 208 Caravan,L1T,L
7C12A9,VH-DYZ,DISC,SCHEMPP-HIRTH Discus,L1P,L
7C15A9,VH-EKB,PA24,PIPER PA-24 Comanche,L1P,L
7C17A9,VH-EYJ,C55B,CESSNA 550B Citation Bravo,L2J,L
7C20A9,VH-GQJ,GLID,,L0-,-
7C21A9,VH-GXN,AS31,SCHLEICHER ASH-31,L1P,L
7C23A9,VH-HBV,R22,ROBINSON R-22 Mariner,H1P,L
7C28A9,VH-IBF,B407,BELL 407,H1T,L
7C29A9,VH-IIJ,C152,CESSNA 152,L1P,L
7C2DA9,VH-JAZ,P28A,PIPER PA-28-140/150/160/180,L1P,L
7C30A9,VH-JWB,BK17,EUROCOPTER BK117 C-1/2,H2T,L
7C35A9,VH-KVV,C150,CESSNA 150,L1P,L
7C42A9,VH-NGB,DG1T,DG FLUGZEUGBAU DG-1001T,L1P,L
7C4CA9,VH-PFF,R44,ROBINSON R-44 Raven,H1P,L
7C59A9,VH-RZV,RV7,VANS RV-7,L1P,L
7C5EA9,VH-SZF,SB7,SEABIRD SB-7 Seeker,L1P,L
7C62A9,VH-TRV,RV14,VANS RV-14,L1P,L
7C63A9,VH-TYZ,BE36,BEECH 36 Bonanza,L1P,L
7C66A9,VH-UKB,AS24,SCHLEICHER ASW-24,L1P,L
7C68A9,VH-UYJ,E190,EMBRAER ERJ-190-100,L2J,M
7C6BA9,VH-VJV,SLG4,AIRPLANE FACTORY Sling 4,L1P,L
7C6CA9,VH-VQZ,A320,AIRBUS A-320,L2J,M
7C70A9,VH-WJF,P28R,PIPER PA-28R-180/200/201,L1P,L
7C72A9,VH-WXN,BE20,BEECH 200 Super King Air,L2T,M
7C74A9,VH-XBV,AS50,AEROSPATIALE AS-350 Ecureuil,H1T,L
7C79A9,VH-YBF,A139,AGUSTA AW-139,H2T,L
7C7AA9,VH-YIJ,B738,BOEING 737-800,L2J,M
7C7BA9,VH-YPN,DA40,DIAMOND DA-40 Club Star,L1P,L
7C7CA9,VH-YWR,DA40,DIAMOND DA-40 Club Star,L1P,L
7C81A9,VH-ZWB,BE33,BEECH 33 Bonanza,L1P,L
7CC4A9,24-7623,JAB4,JABIRU J200-450,L1P,L
7CF9A9,N48-010,H60,SIKORSKY UH-60 Black Hawk,H2T,M
8002A9,CG773,D228,DORNIER 228,L2T,L
8003A9,VT-RJA,BE20,BEECH 200 Super King Air,L2T,M
800BA9,VT-BDB,B752,BOEING 757-200,L2J,M
800DA9,VT-SXE,B738,BOEING 737-800,L2J,M
8014A9,VT-FAP,EC30,AIRBUS HELICOPTERS EC-130,H1T,L
8414A9,JA05RK,B738,BOEING 737-800,L2J,M
845EA9,JA119T,B412,BELL 412,H2T,L
8471A9,JA16MP,A139,AGUSTA AW-139,H2T,L
8567A9,JA4041,BE36,BEECH 36 Bonanza,L1P,L
8571A9,JA42XX,CC19,CUB CRAFTERS CC-19 XCub,L1P,L
873DA9,JA9617,B212,BELL 212,H2T,L
8866A9,HS-RCV,TBM8,SOCATA TBM-850,L1T,L
8963A9,A6-EIX,A320,AIRBUS A-320,L2J,M
8990A9,B-18617,B738,BOEING 737-800,L2J,M
8991A9,B-18361,A333,AIRBUS A-330-300,L2J,H
8A04A9,PK-GQF,A320,AIRBUS A-320,L2J,M
8A06A9,PK-ROZ,C172,CESSNA 172 Skyhawk,L1P,L
A000A9,N1GS,FA7X,DASSAULT Falcon 7X,L3J,M
A001A9,N1SY,PA23,PIPER PA-23,L2P,L
A002A9,N10DC,T206,CESSNA T206 Turbo Stationair,L1P,L
A003A9,N10PJ,PA32,PIPER PA-32,L1P,L
A006A9,N100WA,C172,CESSNA 172 Skyhawk,L1P,L
A007A9,N1004S,M20P,MOONEY M-20,L1P,L
A008A9,N101CM,BE24,BEECH 24 Sierra,L1P,L
A00BA9,N1016V,C172,CESSNA 172 Skyhawk,L1P,L
A00CA9,N102FK,BE9L,BEECH 90 King Air,L2T,L
A00EA9,N1021M,C150,CESSNA 150,L1P,L
A010A9,N103JH,,,,
A012A9,N1033Q,M20P,MOONEY M-20,L1P,L
A013A9,N104B,ERCO,AIR PRODUCTS F-1 Aircoupe,L1P,L
A014A9,N104MF,RV10,VANS RV-10,L1P,L
A017A9,N105DY,PA32,PIPER PA-32,L1P,L
A019A9,N1050K,L8,LUSCOMBE 8,L1P,L
A01AA9,N1057W,BE36,BEECH 36 Bonanza,L1P,L
A01BA9,N106GW,PA32,PIPER PA-32,L1P,L
A01DA9,N1062N,FEST,AEROSTART R40S Festival,L1P,L
A021A9,N1074R,BALL,,B0-,-
A022A9,N108CL,DV20,DIAMOND DA-20,L1P,L
A023A9,N108NS,P32R,PIPER PA-32R-300/301/301T,L1P,L
A025A9,N1086U,C172,CESSNA 172 Skyhawk,L1P,L
A028A9,N1091L,M20P,MOONEY M-20,L1P,L
A02AA9,N11JG,SRAS,DAPUZZO Senior Aero Sport,L1P,L
A02CA9,N110ET,LJ55,LEARJET 55,L2J,M
A02FA9,N1108F,C172,CESSNA 172 Skyhawk,L1P,L
A031A9,N111TX,BE95,BEECH 95 Travel Air,L2P,L
A033A9,N112AH,EC45,AIRBUS HELICOPTERS EC-145,H2T,L
A034A9,N112LP,B06,BELL 206 JetRanger,H1T,L
A036A9,N1125A,ASTR,GULFSTREAM AEROSPACE Gulfstream G100,L2J,M
A037A9,N113DF,PA34,PIPER PA-34 Seneca,L2P,L
A03BA9,N114GD,RV14,VANS RV-14,L1P,L
A03DA9,N11416,C150,CESSNA 150,L1P,L
A03EA9,N1149G,M20P,MOONEY M-20,L1P,L
A03FA9,N115KB,SREY,PROGRESSIVE AERODYNE SeaRey,A1P,L
A041A9,N11539,E145,EMBRAER ERJ-145,L2J,M
A045A9,N1166B,C337,CESSNA 337 Super Skymaster,L2P,L
A048A9,N11704,CH7A,BELLANCA 7 Champion,L1P,L
A049A9,N1178E,CH7A,BELLANCA 7 Champion,L1P,L
A04AA9,N118HQ,E75L,EMBRAER ERJ-170-200 (long wing),L2J,M
A04BA9,N118TW,BE36,BEECH 36 Bonanza,L1P,L
A055A9,N120WC,WACF,WACO F,L1P,L
A05BA9,N122FM,ULAC,,L0-,-
A060A9,N123UR,GLID,,L0-,-
A061A9,N1233S,GLID,,L0-,-
A062A9,N124BB,BALL,,B0-,-
A063A9,N124MH,CN12,CIRCA Nieuport 12-7/8,L1P,L
A066A9,N125E,BE95,BEECH 95 Travel Air,L2P,L
A068A9,N1250M,C180,CESSNA  180 Skywagon,L1P,L
A069A9,N1257Y,BE30,BEECH 300 Super King Air,L2T,L
A06BA9,N126TD,GLID,,L0-,-
A06CA9,N1262Q,C150,CESSNA 150,L1P,L
A06EA9,N127KW,C172,CESSNA 172 Skyhawk,L1P,L
A073A9,N128Z,TAYB,TAYLORCRAFT BC/BF/BL,L1P,L
A077A9,N1291N,COL4,CESSNA 400 Corvalis TT,L1P,L
A078A9,N1298Z,BE35,BEECH 35 Starfire Bonanza,L1P,L
A079A9,N13JJ,BOLT,STEEN Skybolt,L1P,L
A07CA9,N130RA,C340,CESSNA 340 Super,L2P,L
A07EA9,N1308H,AR15,AERONCA 15 Sedan,L1P,L
A07FA9,N131HT,,,,
A080A9,N131TZ,H500,HUGHES 500,H1T,L
A082A9,N132AK,,,,
A087A9,N133PP,DRON,,D0-,-
A08BA9,N134SM,BE18,BEECH 18 Expetitor,L2P,L
A08CA9,N13418,WACC,WACO C/S,L1P,L
A08EA9,N135KD,SR22,CIRRUS SR-22,L1P,L
A094A9,N1366D,C170,CESSNA 170,L1P,L
A096A9,N137R,EN28,ENSTROM F-28,H1P,L
A097A9,N13706,KR2,RAND KR-2,L1P,L
A0A1A9,N14PN,C172,CESSNA 172 Skyhawk,L1P,L
A0A5A9,N1404W,B06,BELL 206 JetRanger,H1T,L
A0ABA9,N142RV,RV14,VANS RV-14,L1P,L
A0ACA9,N1421R,AA1,AMERICAN AA-1,L1P,L
A0AEA9,N143JM,P28A,PIPER PA-28-140/150/160/180,L1P,L
A0B8A9,N14570,E145,EMBRAER ERJ-145,L2J,M
A0BBA9,N1462S,C182,CESSNA 182 Skylane,L1P,L
A0BEA9,N147WD,B58T,BEECH 58TC Baron,L2P,L
A0BFA9,N1474V,C172,CESSNA 172 Skyhawk,L1P,L
A0C3A9,N1486Y,C172,CESSNA 172 Skyhawk,L1P,L
A0C7A9,N14981,,,,
A0C9A9,N15US,T210,CESSNA T210 Turbo Centurion,L1P,L
A0CAA9,N150EX,WW24,IAI 1124 Westwind,L2J,M
A0CCA9,N15009,,,,
A0CDA9,N1508K,S22T,CIRRUS SR-22T Turbo,L1P,L
A0D0A9,N1513B,L8,LUSCOMBE 8,L1P,L
A0D1A9,N152AM,B407,BELL 407,H1T,L
A0D2A9,N152LT,C152,CESSNA 152,L1P,L
A0D6A9,N153PR,,,,
A0DAA9,N154SP,M20P,MOONEY M-20,L1P,L
A0DBA9,N1542,BE20,BEECH 200 Super King Air,L2T,M
A0DFA9,N1554C,C180,CESSNA  180 Skywagon,L1P,L
A0E3A9,N1566F,C185,CESSNA 185 Skywagon,L1P,L
A0E6A9,N15708,PA32,PIPER PA-32,L1P,L
A0EFA9,N16DJ,GLF4,GULFSTREAM 4,L2J,M
A0F2A9,N160LA,H60,SIKORSKY UH-60 Black Hawk,H2T,M
A0F4A9,N1604Y,C172,CESSNA 172 Skyhawk,L1P,L
A0F5A9,N161CT,C82R,CESSNA R182 Skylane RG,L1P,L
A0FBA9,N1621T,C414,CESSNA 414 Chancellor,L2P,L
A0FCA9,N16284,P28A,PIPER PA-28-140/150/160/180,L1P,L
A100A9,N164BF,RV6,VANS RV-6,L1P,L
A106A9,N1650R,AA1,AMERICAN AA-1,L1P,L
A10BA9,N16695,CAMP,GREGA GN-1 Aircamper,L1P,L
A10EA9,N1674X,C210,CESSNA 201 Centurion,L1P,L
A114A9,N169RW,BE20,BEECH 200 Super King Air,L2T,M
A11AA9,N170RE,C170,CESSNA 170,L1P,L
A11BA9,N1701A,PA18,PIPER PA-18 Super Cub,L1P,L
A120A9,N172AP,C172,CESSNA 172 Skyhawk,L1P,L
A126A9,N173ZZ,SH33,SHORT 330 Sherpa,L2T,M
A129A9,N174SR,SREY,PROGRESSIVE AERODYNE SeaRey,A1P,L
A12FA9,N176C,S108,STINSON 108 Voyager,L1P,L
A132A9,N1766H,C310,CESSNA 310,L2P,L
A134A9,N177RD,C177,CESSNA  177 Cardinal,L1P,L
A135A9,N1771,,,,
A13EA9,N18DL,C310,CESSNA 310,L2P,L
A13FA9,N18PS,T34P,BEECH T-34 Mentor,L1P,L
A141A9,N180LC,C180,CESSNA  180 Skywagon,L1P,L
A142A9,N180WJ,C180,CESSNA  180 Skywagon,L1P,L
A147A9,N18163,C150,CESSNA 150,L1P,L
A148A9,N182FT,C182,CESSNA 182 Skylane,L1P,L
A14CA9,N183JR,RV8,VANS RV-8,L1P,L
A14EA9,N1833Y,C172,CESSNA 172 Skyhawk,L1P,L
A14FA9,N184BH,RV8,VANS RV-8,L1P,L
A153A9,N185EF,C185,CESSNA 185 Skywagon,L1P,L
A156A9,N18574,C150,CESSNA 150,L1P,L
A15AA9,N18697,C150,CESSNA 150,L1P,L
A15BA9,N187LB,BALL,,B0-,-
A15DA9,N1874Z,C210,CESSNA 201 Centurion,L1P,L
A15FA9,N188P,C172,CESSNA 172 Skyhawk,L1P,L
A161A9,N18862,BE23,BEECH 23 Sundowner,L1P,L
A165A9,N18985,BE23,BEECH 23 Sundowner,L1P,L
A16FA9,N192AR,C172,CESSNA 172 Skyhawk,L1P,L
A172A9,N1925J,C337,CESSNA 337 Super Skymaster,L2P,L
A173A9,N193DP,DC3,DOUGLAS DC-3 Dakota,L2P,M
A175A9,N1930A,PA18,PIPER PA-18 Super Cub,L1P,L
A176A9,N1937M,C182,CESSNA 182 Skylane,L1P,L
A177A9,N194GM,RV9,VANS RV-9,L1P,L
A178A9,N194ST,RV9,VANS RV-9,L1P,L
A179A9,N1942D,BE35,BEECH 35 Starfire Bonanza,L1P,L
A17EA9,N196CB,HIGH,JUST JA20 Highlander,L1P,L
A182A9,N197F,C182,CESSNA 182 Skylane,L1P,L
A185A9,N1978N,C172,CESSNA 172 Skyhawk,L1P,L
A188A9,N1983E,CH7A,BELLANCA 7 Champion,L1P,L
A18CA9,N1995H,P28A,PIPER PA-28-140/150/160/180,L1P,L
A18DA9,N2DN,BE35,BEECH 35 Starfire Bonanza,L1P,L
A18EA9,N2PU,E300,EXTRA EA-300/330/350,L1P,L
A190A9,N20LE,PA18,PIPER PA-18 Super Cub,L1P,L
A191A9,N20WL,PA31,PIPER PA-31-300/310/325/350/425,L2P,L
A192A9,N200GR,DRON,,D0-,-
A193A9,N200SX,PUSH,PRESCOTT Pusher,L1P,L
A194A9,N2002H,BALL,,B0-,-
A195A9,N2009U,BE24,BEECH 24 Sierra,L1P,L
A196A9,N201KP,TLEG,LEGEND Turbine Legend,L1T,L
A197A9,N201VV,M20P,MOONEY M-20,L1P,L
A198A9,N2014L,LA4,LAKE LA-4/200,A1P,L
A199A9,N202CF,A119,AGUSTA AW-119 Koala,H1T,L
A19FA9,N2031F,BALL,,B0-,-
A1A0A9,N2038S,T210,CESSNA T210 Turbo Centurion,L1P,L
A1A1A9,N204JB,UH1,BELL UH-1 Huey,H1T,L
A1A2A9,N204UH,UH1,BELL UH-1 Huey,H1T,L
A1A3A9,N2043J,A21N,AIRBUS A-321neo,L2J,M
A1A7A9,N2055M,P28R,PIPER PA-28R-180/200/201,L1P,L
A1A9A9,N206PY,T206,CESSNA T206 Turbo Stationair,L1P,L
A1AAA9,N2060D,BE35,BEECH 35 Starfire Bonanza,L1P,L
A1ABA9,N2067Q,BALL,,B0-,-
A1ADA9,N207SW,,,,
A1AEA9,N2072G,C182,CESSNA 182 Skylane,L1P,L
A1AFA9,N2079T,P28R,PIPER PA-28R-180/200/201,L1P,L
A1B7A9,N21FC,C310,CESSNA 310,L2P,L
A1B9A9,N210BP,T210,CESSNA T210 Turbo Centurion,L1P,L
A1BBA9,N210YA,YK52,YAKOVLEV Yak-52,L1P,L
A1BCA9,N21057,C182,CESSNA 182 Skylane,L1P,L
A1BFA9,N2110Z,C180,CESSNA  180 Skywagon,L1P,L
A1C0A9,N2118,LA4,LAKE LA-4/200,A1P,L
A1C1A9,N212HK,EC30,AIRBUS HELICOPTERS EC-130,H1T,L
A1C3A9,N21222,TAYB,TAYLORCRAFT BC/BF/BL,L1P,L
A1C5A9,N213LH,UHEL,,H0-,-
A1C8A9,N214D,RV9,VANS RV-9,L1P,L
A1CDA9,N215SD,P46T,PIPER PA-46-500TP,L1T,L
A1CEA9,N21510,BALL,,B0-,-
A1D5A9,N217Y,S22T,CIRRUS SR-22T Turbo,L1P,L
A1D7A9,N218EL,SAVG,ZLIN AVIATION Savage,L1P,L
A1D9A9,N2180Y,P28A,PIPER PA-28-140/150/160/180,L1P,L
A1DAA9,N21879,J3,PIPER J-3 Cub,L1P,L
A1DDA9,N21921,AEST,AEROSTAR 600,L2P,L
A1E3A9,N2202K,L8,LUSCOMBE 8,L1P,L
A1EBA9,N2226R,T210,CESSNA T210 Turbo Centurion,L1P,L
A1EEA9,N2231H,ERCO,AIR PRODUCTS F-1 Aircoupe,L1P,L
A1EFA9,N2238U,BRB2,BRANTLY B-2,H1P,L
A1F0A9,N224JD,P180,PIAGGIO P-180 Avanti,L2T,L
A1F1A9,N224UK,TF22,TAYLORCRAFT F-22,L1P,L
A1F2A9,N2243L,BE23,BEECH 23 Sundowner,L1P,L
A1F6A9,N2255P,,,,
A1FDA9,N2272J,,,,
A1FEA9,N2279V,C140,CESSNA 140,L1P,L
A201A9,N2284M,PA34,PIPER PA-34 Seneca,L2P,L
A203A9,N229NN,E75L,EMBRAER ERJ-170-200 (long wing),L2J,M
A205A9,N2296Q,P32R,PIPER PA-32R-300/301/301T,L1P,L
A207A9,N23RL,C421,CESSNA 421 Executive Commuter,L2P,L
A20BA9,N23059,C150,CESSNA 150,L1P,L
A20EA9,N23101,J3,PIPER J-3 Cub,L1P,L
A211A9,N232TT,M20P,MOONEY M-20,L1P,L
A212A9,N23224,J3,PIPER J-3 Cub,L1P,L
A218A9,N234PH,B214,BELL 214,H1T,M
A21AA9,N2347,M110,AVIAT Special,L1P,L
A21CA9,N235SF,TBM7,SOCATA TBM-700A/B/C,L1T,L
A21EA9,N2359C,BALL,,B0-,-
A21FA9,N236JY,SREY,PROGRESSIVE AERODYNE SeaRey,A1P,L
A228A9,N23800,PA38,PIPER PA-38 Tomahawk,L1P,L
A229A9,N2388A,PA38,PIPER PA-38 Tomahawk,L1P,L
A22DA9,N24AC,CL35,BOMBARDIER BD-100 Challenger 350,L2J,M
A22EA9,N24LJ,LJ24,LEARJET 24,L2J,L
A231A9,N240TA,C240,CESSNA 240 Corvalis TTx,L1P,L
A233A9,N2409Y,C180,CESSNA  180 Skywagon,L1P,L
A234A9,N241KT,M20T,MOONEY M-20T,L1P,L
A236A9,N2414Q,P32R,PIPER PA-32R-300/301/301T,L1P,L
A237A9,N242CK,CL60,BOMBARDIER CL-600 Challenger,L2J,M
A23AA9,N2426T,NAVI,NORTH AMERICAN Navion,L1P,L
A241A9,N2443N,C140,CESSNA 140,L1P,L
A243A9,N245MD,RV4,VANS RV-4,L1P,L
A245A9,N2455R,C182,CESSNA 182 Skylane,L1P,L
A24BA9,N247T,PA18,PIPER PA-18 Super Cub,L1P,L
A24DA9,N2479X,C182,CESSNA 182 Skylane,L1P,L
A254A9,N2496S,PARA,,P0-,-
A255A9,N25FG,C185,CESSNA 185 Skywagon,L1P,L
A256A9,N25RN,CAMP,GREGA GN-1 Aircamper,L1P,L
A257A9,N250BT,PA46,PIPER PA-46-310/350,L1P,L
A25AA9,N2506A,CRER,RANS Courier,L1P,L
A25DA9,N25103,L8,LUSCOMBE 8,L1P,L
A25EA9,N2518D,C170,CESSNA 170,L1P,L
A25FA9,N252HP,C82R,CESSNA R182 Skylane RG,L1P,L
A265A9,N25349,PARA,,P0-,-
A266A9,N254DD,PA11,PIPER PA-11 Cub Special,L1P,L
A26BA9,N255SH,C750,CESSNA 750 Citation 10,L2J,M
A26CA9,N25514,C152,CESSNA 152,L1P,L
A26EA9,N256K,DISC,SCHEMPP-HIRTH Discus,L1P,L
A278A9,N2588C,CH7A,BELLANCA 7 Champion,L1P,L
A27CA9,N26AE,F260,AERMACCHI SF-260,L1P,L
A27EA9,N26WS,FB1A,BOWERS Fly Baby 1A,L1P,L
A280A9,N260TC,PTS2,PITTS S-2 Special,L1P,L
A281A9,N2602P,PARA,,P0-,-
A284A9,N261WA,AA5,AMERICAN AA-5 Tiger,L1P,L
A287A9,N262NT,,,,
A28DA9,N2638Y,C310,CESSNA 310,L2P,L
A28FA9,N264UP,MD11,MCDONNELL-DOUGLAS MD-11,L3J,H
A290A9,N2643Q,C182,CESSNA 182 Skylane,L1P,L
A291A9,N265B,,,,
A297A9,N2660K,L8,LUSCOMBE 8,L1P,L
A298A9,N2667W,M20P,MOONEY M-20,L1P,L
A29BA9,N2672N,C120,CESSNA 120,L1P,L
A29CA9,N2679Z,C185,CESSNA 185 Skywagon,L1P,L
A29EA9,N268W,COL4,CESSNA 400 Corvalis TT,L1P,L
A2A3A9,N2696U,C340,CESSNA 340 Super,L2P,L
A2A4A9,N27FJ,GLF4,GULFSTREAM 4,L2J,M
A2ACA9,N27105,BALL,,B0-,-
A2ADA9,N2718F,C182,CESSNA 182 Skylane,L1P,L
A2AFA9,N272TX,GLF4,GULFSTREAM 4,L2J,M
A2B2A9,N273LP,LJ45,LEARJET 45,L2J,M
A2B6A9,N274PM,C208,CESSNA 208 Caravan,L1T,L
A2B8A9,N2747D,C170,CESSNA 170,L1P,L
A2BFA9,N27639,TAYB,TAYLORCRAFT BC/BF/BL,L1P,L
A2C7A9,N2788E,CH7A,BELLANCA 7 Champion,L1P,L
A2C9A9,N279TW,C82S,CESSNA T182 Turbo Skylane,L1P,L
A2CBA9,N28AG,GC1,GLOBE Swift,L1P,L
A2CCA9,N28LN,ULAC,,L0-,-
A2D1A9,N28092,J3,PIPER J-3 Cub,L1P,L
A2D5A9,N282CP,C182,CESSNA 182 Skylane,L1P,L
A2D6A9,N282NV,A320,AIRBUS A-320,L2J,M
A2D8A9,N2826X,PA32,PIPER PA-32,L1P,L
A2DBA9,N2831P,LA4,LAKE LA-4/200,A1P,L
A2DFA9,N2843S,C150,CESSNA 150,L1P,L
A2E2A9,N285XP,H25B,HAWKER BEECHCRAFT Hawker 750/850,L2J,M
A2E3A9,N2855V,BE35,BEECH 35 Starfire Bonanza,L1P,L
A2E7A9,N2867Y,C182,CESSNA 182 Skylane,L1P,L
A2EAA9,N2872Q,C172,CESSNA 172 Skyhawk,L1P,L
A2EBA9,N28791,AA5,AMERICAN AA-5 Tiger,L1P,L
A2EEA9,N2884T,P28A,PIPER PA-28-140/150/160/180,L1P,L
A2F3A9,N29FL,C182,CESSNA 182 Skylane,L1P,L
A2F4A9,N29RS,LGEZ,RUTAN Long-EZ,L1P,L
A2F6A9,N290NC,BE9L,BEECH 90 King Air,L2T,L
A2FAA9,N291RA,BL8,BELLANCA 8 Decathlon,L1P,L
A2FBA9,N29107,C172,CESSNA 172 Skyhawk,L1P,L
A300A9,N293AK,B739,BOEING 737-900,L2J,M
A303A9,N2935C,C180,CESSNA  180 Skywagon,L1P,L
A307A9,N2947F,C182,CESSNA 182 Skylane,L1P,L
A309A9,N295SM,COUR,HELIO Courier,L1P,L
A30AA9,N29518,C177,CESSNA  177 Cardinal,L1P,L
A30BA9,N2959J,C150,CESSNA 150,L1P,L
A312A9,N2976D,C170,CESSNA 170,L1P,L
A314A9,N298R,A109,AGUSTA AW-109 Grand,H2T,L
A31CA9,N3WW,C182,CESSNA 182 Skylane,L1P,L
A31DA9,N30HA,T6,NORTH AMERICAN T-6 Texan,L1P,L
A31EA9,N30TG,C175,CESSNA 175 Skylark,L1P,L
A31FA9,N300DM,BE9T,BEECH F90 King Air,L2T,L
A320A9,N300PT,BE30,BEECH 300 Super King Air,L2T,L
A321A9,N300ZZ,E55P,EMBRAER EMB-505 Phenom 300,L2J,M
A322A9,N3007K,P28A,PIPER PA-28-140/150/160/180,L1P,L
A323A9,N301GK,SR22,CIRRUS SR-22,L1P,L
A324A9,N301SR,B737,BOEING 737-700,L2J,M
A325A9,N3012B,P28B,PIPER PA-28-201T/235/236,L1P,L
A327A9,N302KH,B733,BOEING 737-300,L2J,M
A32AA9,N303C,P32R,PIPER PA-32R-300/301/301T,L1P,L
A331A9,N3048L,C310,CESSNA 310,L2P,L
A338A9,N3065F,C182,CESSNA 182 Skylane,L1P,L
A33CA9,N3077J,BCS3,AIRBUS A220-300,L2J,M
A33FA9,N3082A,C170,CESSNA 170,L1P,L
A340A9,N3089M,PA12,PIPER PA-12 Super Cruiser,L1P,L
A343A9,N3094D,C310,CESSNA 310,L2P,L
A34BA9,N311MP,AS31,SCHLEICHER ASH-31,L1P,L
A34DA9,N31151,BD4,BEDE BD-4,L1P,L
A350A9,N3120T,P32T,PIPER PA-32RT-300/300T,L1P,L
A352A9,N313HD,BALL,,B0-,-
A354A9,N3132W,BE33,BEECH 33 Bonanza,L1P,L
A355A9,N31397,P32R,PIPER PA-32R-300/301/301T,L1P,L
A356A9,N314LB,WAIX,SONEX Waiex,L1P,L
A358A9,N3144Z,PA22,PIPER PA-22,L1P,L
A35AA9,N315P,C310,CESSNA 310,L2P,L
A363A9,N3173X,C150,CESSNA 150,L1P,L
A368A9,N319EE,BE30,BEECH 300 Super King Air,L2T,L
A36AA9,N3190S,BE9L,BEECH 90 King Air,L2T,L
A36CA9,N32HC,S22T,CIRRUS SR-22T Turbo,L1P,L
A36DA9,N32TJ,RV14,VANS RV-14,L1P,L
A36EA9,N320DP,LNC2,LANCAIR 200-320,L1P,L
A372A9,N321GM,MU2,MITSUBISHI MU-2 Marquise,L2T,L
A373A9,N321ST,MG21,MIKOYAN MiG-21,L1J,M
A374A9,N3212D,B36T,BEECH 36 Turbine Bonanza,L1T,L
A375A9,N3219Q,BALL,,B0-,-
A377A9,N322VR,VR7,VASHON Ranger R7,L1P,L
A383A9,N3253E,BALL,,B0-,-
A388A9,N327DN,A321,AIRBUS A-321,L2J,M
A38AA9,N3270,T6,NORTH AMERICAN T-6 Texan,L1P,L
A38BA9,N3277L,C172,CESSNA 172 Skyhawk,L1P,L
A38DA9,N328SS,R44,ROBINSON R-44 Raven,H1P,L
A38EA9,N3282C,BE35,BEECH 35 Starfire Bonanza,L1P,L
A392A9,N3294F,M20P,MOONEY M-20,L1P,L
A393A9,N33CA,PA46,PIPER PA-46-310/350,L1P,L
A398A9,N33030,P28A,PIPER PA-28-140/150/160/180,L1P,L
A399A9,N331BK,SS2T,TRUSH Turbo Thrush 500/550,L1T,L
A39CA9,N33153,P28B,PIPER PA-28-201T/235/236,L1P,L
A39FA9,N3320V,BE35,BEECH 35 Starfire Bonanza,L1P,L
A3A1A9,N333HF,PA31,PIPER PA-31-300/310/325/350/425,L2P,L
A3A2A9,N333TM,PA18,PIPER PA-18 Super Cub,L1P,L
A3A4A9,N33399,P28R,PIPER PA-28R-180/200/201,L1P,L
A3ADA9,N336S,BE36,BEECH 36 Bonanza,L1P,L
A3B0A9,N337JS,C337,CESSNA 337 Super Skymaster,L2P,L
A3BCA9,N34TL,C340,CESSNA 340 Super,L2P,L
A3C2A9,N341SV,B38M,BOEING 737 MAX 8,L2J,M
A3C3A9,N3412F,C182,CESSNA 182 Skylane,L1P,L
A3C7A9,N3424J,C150,CESSNA 150,L1P,L
A3C8A9,N343CD,SR22,CIRRUS SR-22,L1P,L
A3CCA9,N344FB,,,,
A3CFA9,N3448Q,M6,MAULE M-6,L1P,L
A3D2A9,N3453G,B25,CONSOLIDATED B-25 Mitchell,L2P,M
A3D3A9,N346AS,E55P,EMBRAER EMB-505 Phenom 300,L2J,M
A3DAA9,N3477N,J3,PIPER J-3 Cub,L1P,L
A3DDA9,N3482E,CH7A,BELLANCA 7 Champion,L1P,L
A3DEA9,N3489R,C182,CESSNA 182 Skylane,L1P,L
A3E2A9,N35CC,H25B,HAWKER BEECHCRAFT Hawker 750/850,L2J,M
A3E7A9,N35032,C177,CESSNA  177 Cardinal,L1P,L
A3E8A9,N351BM,EPIC,EPIC AIRCRAFT Epic LT,L1T,L
A3EEA9,N3520X,PA31,PIPER PA-31-300/310/325/350/425,L2P,L
A3EFA9,N35278,C177,CESSNA  177 Cardinal,L1P,L
A3F0A9,N353HH,,,,
A3F6A9,N35443,T210,CESSNA T210 Turbo Centurion,L1P,L
A3FDA9,N3561Y,C182,CESSNA 182 Skylane,L1P,L
A3FEA9,N35689,P28A,PIPER PA-28-140/150/160/180,L1P,L
A400A9,N357V,LEG2,LANCAIR Legacy,L1P,L
A401A9,N35731,C172,CESSNA 172 Skyhawk,L1P,L
A406A9,N359EJ,E75S,EMBRAER ERJ-170-200 (short wing),L2J,M
A408A9,N3590W,PA32,PIPER PA-32,L1P,L
A40AA9,N36HG,BE36,BEECH 36 Bonanza,L1P,L
A40BA9,N36TN,BT36,BEECH B36TC Bonanza,L1P,L
A40DA9,N360PZ,FA7X,DASSAULT Falcon 7X,L3J,M
A413A9,N3619U,GLID,,L0-,-
A41FA9,N365JB,C170,CESSNA 170,L1P,L
A421A9,N3653J,C150,CESSNA 150,L1P,L
A423A9,N366M,C414,CESSNA 414 Chancellor,L2P,L
A425A9,N3665M,PA12,PIPER PA-12 Super Cruiser,L1P,L
A428A9,N3670D,BE95,BEECH 95 Travel Air,L2P,L
A42DA9,N3689T,TF19,TAYLORCRAFT F-19 Sportsman,L1P,L
A430A9,N3694K,BE58,BEECH 58 Baron,L2P,L
A431A9,N37CE,CA65,CVJETKOVIC CA-65 Skyfly,L1P,L
A447A9,N375PF,H25B,HAWKER BEECHCRAFT Hawker 750/850,L2J,M
A454A9,N37856,CP65,PORTERFIELD CP-65 Collegiate,L1P,L
A456A9,N379QS,E55P,EMBRAER EMB-505 Phenom 300,L2J,M
A458A9,N37979,CAMP,GREGA GN-1 Aircamper,L1P,L
A45EA9,N3807T,BE58,BEECH 58 Baron,L2P,L
A461A9,N3812K,GC1,GLOBE Swift,L1P,L
A469A9,N3836R,C172,CESSNA 172 Skyhawk,L1P,L
A47BA9,N3882J,C150,CESSNA 150,L1P,L
A47FA9,N3894M,PA12,PIPER PA-12 Super Cruiser,L1P,L
A486A9,N391BR,BE58,BEECH 58 Baron,L2P,L
A48DA9,N3928B,SR22,CIRRUS SR-22,L1P,L
A499A9,N396G,P28A,PIPER PA-28-140/150/160/180,L1P,L
A49FA9,N39735,,,,
A4A1A9,N398MW,SR22,CIRRUS SR-22,L1P,L
A4A6A9,N39900,TAYB,TAYLORCRAFT BC/BF/BL,L1P,L
A4A9A9,N4TS,PA11,PIPER PA-11 Cub Special,L1P,L
A4ACA9,N400AH,EC30,AIRBUS HELICOPTERS EC-130,H1T,L
A4ADA9,N400LP,COL4,CESSNA 400 Corvalis TT,L1P,L
A4AFA9,N4005A,BALL,,B0-,-
A4B0A9,N401DF,V10,NORTH AMERICAN OV-10 Bronco,L2T,L
A4B3A9,N4017D,RV8,VANS RV-8,L1P,L
A4B7A9,N4029G,B47G,BELL 47G,H1P,L
A4BCA9,N404N,,,,
A4BEA9,N4046B,BL17,BELLANCA 17 Viking,L1P,L
A4BFA9,N405ES,C72R,CESSNA 172R Cutlass RG,L1P,L
A4C5A9,N40627,J3,PIPER J-3 Cub,L1P,L
A4C6A9,N407AG,B407,BELL 407,H1T,L
A4C7A9,N407LN,B407,BELL 407,H1T,L
A4CDA9,N4087C,PA31,PIPER PA-31-300/310/325/350/425,L2P,L
A4CFA9,N409SJ,COL4,CESSNA 400 Corvalis TT,L1P,L
A4D1A9,N4099F,COY2,RANS Coyote 2,L1P,L
A4D5A9,N410RT,BE20,BEECH 200 Super King Air,L2T,M
A4D6A9,N4101P,BE36,BEECH 36 Bonanza,L1P,L
A4DEA9,N4125V,P28A,PIPER PA-28-140/150/160/180,L1P,L
A4DFA9,N413E,,,,
A4E2A9,N4137Y,C185,CESSNA 185 Skywagon,L1P,L
A4E4A9,N414TD,C414,CESSNA 414 Chancellor,L2P,L
A4E5A9,N4142Q,P28A,PIPER PA-28-140/150/160/180,L1P,L
A4E8A9,N415WB,SR22,CIRRUS SR-22,L1P,L
A4E9A9,N4154T,C320,CESSNA 320 Skyknight,L2P,L
A4EEA9,N417FL,P28A,PIPER PA-28-140/150/160/180,L1P,L
A4F5A9,N419BA,GLID,,L0-,-
A4F6A9,N419MG,RODS,RIHN One Design,L1P,L
A4FFA9,N421DH,C421,CESSNA 421 Executive Commuter,L2P,L
A500A9,N421PP,PC12,PILATUS PC-12,L1T,L
A504A9,N422SM,P28A,PIPER PA-28-140/150/160/180,L1P,L
A505A9,N42218,J3,PIPER J-3 Cub,L1P,L
A507A9,N423KD,PARA,,P0-,-
A50AA9,N424BW,RV8,VANS RV-8,L1P,L
A50DA9,N4246D,BE35,BEECH 35 Starfire Bonanza,L1P,L
A50FA9,N425R,RV4,VANS RV-4,L1P,L
A510A9,N42506,J3,PIPER J-3 Cub,L1P,L
A51EA9,N429SL,B429,BELL 429 GlobalRanger,H2T,L
A51FA9,N42917,RV4,VANS RV-4,L1P,L
A520A9,N4299H,PA14,PIPER PA-14 Family Cruiser,L1P,L
A524A9,N430RV,BE58,BEECH 58 Baron,L2P,L
A525A9,N4301R,C172,CESSNA 172 Skyhawk,L1P,L
A526A9,N43082,TAYB,TAYLORCRAFT BC/BF/BL,L1P,L
A535A9,N43493,P28A,PIPER PA-28-140/150/160/180,L1P,L
A537A9,N435WD,DRON,,D0-,-
A538A9,N4354V,C195,CESSNA 195,L1P,L
A540A9,N43781,TAYB,TAYLORCRAFT BC/BF/BL,L1P,L
A542A9,N438US,B734,BOEING 737-400,L2J,M
A545A9,N439MJ,RV12,VANS RV-12,L1P,L
A547A9,N4395W,C208,CESSNA 208 Caravan,L1T,L
A54DA9,N4405E,PA44,PIPER PA-44 Seminole,L2P,L
A54FA9,N441PR,R44,ROBINSON R-44 Raven,H1P,L
A551A9,N4417H,TF21,TAYLORCRAFT F-21,L1P,L
A554A9,N4422,,,,
A555A9,N4429L,T210,CESSNA T210 Turbo Centurion,L1P,L
A558A9,N4434C,C195,CESSNA 195,L1P,L
A55AA9,N444ND,P28A,PIPER PA-28-140/150/160/180,L1P,L
A55BA9,N444YK,YK52,YAKOVLEV Yak-52,L1P,L
A55CA9,N4446F,,,,
A55FA9,N44508,EXPR,EXPRESS 2000,L1P,L
A560A9,N4458J,P28A,PIPER PA-28-140/150/160/180,L1P,L
A562A9,N446U,PA11,PIPER PA-11 Cub Special,L1P,L
A563A9,N4463A,PA22,PIPER PA-22,L1P,L
A565A9,N447LS,T206,CESSNA T206 Turbo Stationair,L1P,L
A567A9,N4475D,BE35,BEECH 35 Starfire Bonanza,L1P,L
A56EA9,N44919,C172,CESSNA 172 Skyhawk,L1P,L
A56FA9,N4499K,NAVI,NORTH AMERICAN Navion,L1P,L
A573A9,N450RX,GLF4,GULFSTREAM 4,L2J,M
A574A9,N4501T,BALL,,B0-,-
A576A9,N451JP,RV6,VANS RV-6,L1P,L
A578A9,N4513W,AT3P,AIR TRACTOR AT-301/401,L1P,L
A57CA9,N4525Z,AA5,AMERICAN AA-5 Tiger,L1P,L
A582A9,N454TH,GALX,GULFSTREAM G200,L2J,M
A585A9,N455L,PA34,PIPER PA-34 Seneca,L2P,L
A587A9,N4554X,P28A,PIPER PA-28-140/150/160/180,L1P,L
A588A9,N456CS,C82T,CESSNA TR182 Turbo Skylane RG,L1P,L
A592A9,N4583V,O1,CESSNA 305/341 Bird Dog,L1P,L
A593A9,N459BE,GLF5,GULFSTREAM 5,L2J,M
A597A9,N46EC,M20P,MOONEY M-20,L1P,L
A59DA9,N461DM,BL8,BELLANCA 8 Decathlon,L1P,L
A5A7A9,N4634E,CH7A,BELLANCA 7 Champion,L1P,L
A5A8A9,N464C,P46T,PIPER PA-46-500TP,L1T,L
A5ABA9,N4646H,C82R,CESSNA R182 Skylane RG,L1P,L
A5AEA9,N4651,,,,
A5AFA9,N4658L,C172,CESSNA 172 Skyhawk,L1P,L
A5B2A9,N4663C,C185,CESSNA 185 Skywagon,L1P,L
A5B6A9,N4675F,C172,CESSNA 172 Skyhawk,L1P,L
A5B7A9,N468DL,RV8,VANS RV-8,L1P,L
A5B8A9,N468PS,C182,CESSNA 182 Skylane,L1P,L
A5BAA9,N4687J,P28R,PIPER PA-28R-180/200/201,L1P,L
A5BEA9,N4699M,PA11,PIPER PA-11 Cub Special,L1P,L
A5BFA9,N47KG,COY2,RANS Coyote 2,L1P,L
A5C4A9,N47086,VP2,EVANS Volksplane,L1P,L
A5C5A9,N471JR,C172,CESSNA 172 Skyhawk,L1P,L
A5C8A9,N472BH,AEST,AEROSTAR 600,L2P,L
A5C9A9,N472MP,B06,BELL 206 JetRanger,H1T,L
A5CEA9,N4730T,M4,MAULE M-4,L1P,L
A5D2A9,N4742W,AC11,NORTH AMERICAN ROCKWELL Commander 112/114,L1P,L
A5D3A9,N47497,P28R,PIPER PA-28R-180/200/201,L1P,L
A5D4A9,N475LB,BALL,,B0-,-
A5D8A9,N476P,RS12,RANS S-12 Super Airaile,L1P,L
A5DAA9,N47662,P28R,PIPER PA-28R-180/200/201,L1P,L
A5DDA9,N4771U,C180,CESSNA  180 Skywagon,L1P,L
A5EEA9,N4810A,PA22,PIPER PA-22,L1P,L
A5F1A9,N482ST,P32T,PIPER PA-32RT-300/300T,L1P,L
A5F2A9,N4822D,C182,CESSNA 182 Skylane,L1P,L
A5F4A9,N483KK,T33,LOCKHEED T-33,L1J,M
A5FAA9,N4846K,NAVI,NORTH AMERICAN Navion,L1P,L
A5FBA9,N485F,C170,CESSNA 170,L1P,L
A5FDA9,N4851B,C152,CESSNA 152,L1P,L
A5FEA9,N4858N,ST75,STEARMAN Kaydet,L1P,L
A611A9,N490SA,UH1,BELL UH-1 Huey,H1T,L
A61DA9,N4930V,SR22,CIRRUS SR-22,L1P,L
A620A9,N494TM,C172,CESSNA 172 Skyhawk,L1P,L
A62BA9,N497S,BE36,BEECH 36 Bonanza,L1P,L
A630A9,N4983Z,PA22,PIPER PA-22,L1P,L
A634A9,N49952,C152,CESSNA 152,L1P,L
A636A9,N5QN,BE18,BEECH 18 Expetitor,L2P,L
A63AA9,N500HK,HUSK,CHRISTEN Husky,L1P,L
A63CA9,N50022,ST75,STEARMAN Kaydet,L1P,L
A63DA9,N501AB,C501,CESSNA 501 Citation 1SP,L2J,L
A63FA9,N501WP,P32R,PIPER PA-32R-300/301/301T,L1P,L
A644A9,N50268,C150,CESSNA 150,L1P,L
A646A9,N503SD,C150,CESSNA 150,L1P,L
A647A9,N50310,C150,CESSNA 150,L1P,L
A648A9,N5039A,C172,CESSNA 172 Skyhawk,L1P,L
A649A9,N504JW,T210,CESSNA T210 Turbo Centurion,L1P,L
A651A9,N506QS,C68A,CESSNA 680 Citation Latitude,L2J,M
A652A9,N5060Y,PA23,PIPER PA-23,L2P,L
A653A9,N50679,C150,CESSNA 150,L1P,L
A654A9,N507HJ,HDJT,HONDA HondaJet,L2J,L
A656A9,N50721,C150,CESSNA 150,L1P,L
A65AA9,N50844,C150,CESSNA 150,L1P,L
A65EA9,N50967,C172,CESSNA 172 Skyhawk,L1P,L
A65FA9,N51FX,T51,TITAN T-51 Mustang,L1P,L
A660A9,N51SC,ACAM,LEZA Air Cam,L2P,L
A661A9,N510CH,BE35,BEECH 35 Starfire Bonanza,L1P,L
A664A9,N5106R,BE19,BEECH 19 Sport,L1P,L
A667A9,N5111H,,,,
A66FA9,N5135P,C172,CESSNA 172 Skyhawk,L1P,L
A673A9,N5147S,P28A,PIPER PA-28-140/150/160/180,L1P,L
A675A9,N515SY,E75L,EMBRAER ERJ-170-200 (long wing),L2J,M
A676A9,N5152J,G280,GULFSTREAM G280,L2J,M
A677A9,N5159V,ST75,STEARMAN Kaydet,L1P,L
A67AA9,N5164M,BE76,BEECH 76 Duchess,L2P,L
A681A9,N5181G,O1,CESSNA 305/341 Bird Dog,L1P,L
A682A9,N5188T,C82T,CESSNA TR182 Turbo Skylane RG,L1P,L
A687A9,N52MA,MU2,MITSUBISHI MU-2 Marquise,L2T,L
A68CA9,N521AD,C310,CESSNA 310,L2P,L
A690A9,N522DB,BALL,,B0-,-
A697A9,N5239C,BE35,BEECH 35 Starfire Bonanza,L1P,L
A69AA9,N52435,BALL,,B0-,-
A69BA9,N525BQ,C25A,CESSNA 525A Citation CJ2,L2J,L
A69CA9,N525MW,C25A,CESSNA 525A Citation CJ2,L2J,L
A69EA9,N52558,ST75,STEARMAN Kaydet,L1P,L
A6A5A9,N52723,C77R,CESSNA 177RG Cardinal RG,L1P,L
A6A6A9,N528AC,C56X,CESSNA 560XL Citation XLS,L2J,M
A6AAA9,N529DA,P28A,PIPER PA-28-140/150/160/180,L1P,L
A6AEA9,N53FZ,E300,EXTRA EA-300/330/350,L1P,L
A6AFA9,N53SE,CH7B,BELLANCA 7 Citabria,L1P,L
A6B3A9,N5306T,BALL,,B0-,-
A6B5A9,N531RP,EUPA,Europa,L1P,L
A6B7A9,N5318W,PA18,PIPER PA-18 Super Cub,L1P,L
A6BAA9,N5323N,ST75,STEARMAN Kaydet,L1P,L
A6BFA9,N534DW,C77R,CESSNA 177RG Cardinal RG,L1P,L
A6C1A9,N5340H,PA16,PIPER PA-16 Clipper,L1P,L
A6C4A9,N535T,BE35,BEECH 35 Starfire Bonanza,L1P,L
A6C5A9,N5352L,P28A,PIPER PA-28-140/150/160/180,L1P,L
A6C9A9,N5364P,C152,CESSNA 152,L1P,L
A6D6A9,N54MC,P28A,PIPER PA-28-140/150/160/180,L1P,L
A6DCA9,N541LM,BE20,BEECH 200 Super King Air,L2T,M
A6E2A9,N5427B,C182,CESSNA 182 Skylane,L1P,L
A6E6A9,N5439E,C172,CESSNA 172 Skyhawk,L1P,L
A6E7A9,N544K,G2T1,GREAT LAKES 2T-1,L1P,L
A6F0A9,N54602,DC3,DOUGLAS DC-3 Dakota,L2P,M
A6F9A9,N549DC,EVOP,LANCAIR Evolution Piston,L1P,L
A6FDA9,N55GA,M20P,MOONEY M-20,L1P,L
A6FEA9,N55SG,BE95,BEECH 95 Travel Air,L2P,L
A6FFA9,N550CM,PA11,PIPER PA-11 Cub Special,L1P,L
A700A9,N550NT,C550,CESSNA 550 Citation S2,L2J,L
A702A9,N5506V,PARA,,P0-,-
A705A9,N5511M,M200,NORTH AMERICAN ROCKWELL Commander 200,L1P,L
A706A9,N5518Y,,,,
A709A9,N5523Q,C172,CESSNA 172 Skyhawk,L1P,L
A70AA9,N553B,BE35,BEECH 35 Starfire Bonanza,L1P,L
A710A9,N5540K,BL8,BELLANCA 8 Decathlon,L1P,L
A712A9,N555GW,C172,CESSNA 172 Skyhawk,L1P,L
A713A9,N555TB,PA32,PIPER PA-32,L1P,L
A715A9,N5559Z,TB20,SOCATA TB-20 Trinidad,L1P,L
A718A9,N5564R,C172,CESSNA 172 Skyhawk,L1P,L
A71CA9,N5576U,P28A,PIPER PA-28-140/150/160/180,L1P,L
A71FA9,N5581L,CH7A,BELLANCA 7 Champion,L1P,L
A723A9,N5593P,PA24,PIPER PA-24 Comanche,L1P,L
A724A9,N56AZ,B407,BELL 407,H1T,L
A725A9,N56ME,C340,CESSNA 340 Super,L2P,L
A728A9,N560TX,C560,CESSNA 560 Citation Ultra,L2J,M
A738A9,N56439,ST75,STEARMAN Kaydet,L1P,L
A73AA9,N565N,GLID,,L0-,-
A73CA9,N5656B,M7,MAULE M-7,L1P,L
A73FA9,N56604,M7,MAULE M-7,L1P,L
A740A9,N5668E,C150,CESSNA 150,L1P,L
A742A9,N567TW,C25B,CESSNA 525B Citation CJ3,L2J,L
A74EA9,N570CP,SR22,CIRRUS SR-22,L1P,L
A755A9,N57180,C180,CESSNA  180 Skywagon,L1P,L
A758A9,N5723S,GLID,,L0-,-
A759A9,N573BB,C25B,CESSNA 525B Citation CJ3,L2J,L
A75CA9,N5735V,BE35,BEECH 35 Starfire Bonanza,L1P,L
A75FA9,N5740M,C310,CESSNA 310,L2P,L
A762A9,N575TD,C172,CESSNA 172 Skyhawk,L1P,L
A763A9,N5752Q,M20P,MOONEY M-20,L1P,L
A76CA9,N578FL,P28A,PIPER PA-28-140/150/160/180,L1P,L
A76DA9,N578RS,ST75,STEARMAN Kaydet,L1P,L
A76EA9,N5781N,J3,PIPER J-3 Cub,L1P,L
A772A9,N5793R,C172,CESSNA 172 Skyhawk,L1P,L
A773A9,N58BA,UH12,HILLER UH-12,H1P,L
A774A9,N58MG,C182,CESSNA 182 Skylane,L1P,L
A77AA9,N581LR,B06,BELL 206 JetRanger,H1T,L
A77CA9,N5815C,M20P,MOONEY M-20,L1P,L
A77EA9,N582PP,PARA,,P0-,-
A780A9,N5827F,C210,CESSNA 201 Centurion,L1P,L
A788A9,N585BW,DA40,DIAMOND DA-40 Club Star,L1P,L
A78BA9,N5856D,PA22,PIPER PA-22,L1P,L
A792A9,N58729,,,,
A793A9,N588AJ,H47,BOEING-VERTOL CH-47 Chinook,H2T,M
A796A9,N5885B,C182,CESSNA 182 Skylane,L1P,L
A79AA9,N5897E,C82R,CESSNA R182 Skylane RG,L1P,L
A7A4A9,N59182,C182,CESSNA 182 Skylane,L1P,L
A7AEA9,N5940P,PA24,PIPER PA-24 Comanche,L1P,L
A7B2A9,N5952S,BE23,BEECH 23 Sundowner,L1P,L
A7C2A9,N6BC,BL8,BELLANCA 8 Decathlon,L1P,L
A7C4A9,N6XQ,HUSK,CHRISTEN Husky,L1P,L
A7C7A9,N600EF,LJ60,LEARJET 60,L2J,M
A7C9A9,N6000T,P28B,PIPER PA-28-201T/235/236,L1P,L
A7CAA9,N60074,C150,CESSNA 150,L1P,L
A7CBA9,N601HD,CH60,ZENAIR CH-600 Zodiac,L1P,L
A7CEA9,N60197,ST75,STEARMAN Kaydet,L1P,L
A7D0A9,N602WH,CH60,ZENAIR CH-600 Zodiac,L1P,L
A7D1A9,N6024Z,BE36,BEECH 36 Bonanza,L1P,L
A7D5A9,N60362,AT5T,AIR TRACTOR AT-504,L1T,L
A7D6A9,N604FS,CL60,BOMBARDIER CL-600 Challenger,L2J,M
A7D8A9,N6041U,BE76,BEECH 76 Duchess,L2P,L
A7DDA9,N606BG,,,,
A7E0A9,N60650,C150,CESSNA 150,L1P,L
A7E3A9,N6070S,BE35,BEECH 35 Starfire Bonanza,L1P,L
A7E4A9,N60773,C150,CESSNA 150,L1P,L
A7E7A9,N6082V,LA4,LAKE LA-4/200,A1P,L
A7ECA9,N61CT,,,,
A7EEA9,N61ZE,,,,
A7F2A9,N611CB,RV12,VANS RV-12,L1P,L
A7F6A9,N612F,BE9L,BEECH 90 King Air,L2T,L
A7F9A9,N6128N,C82R,CESSNA R182 Skylane RG,L1P,L
A800A9,N6145H,C82S,CESSNA T182 Turbo Skylane,L1P,L
A804A9,N6157L,,,,
A807A9,N6162C,SR22,CIRRUS SR-22,L1P,L
A808A9,N6169P,PA24,PIPER PA-24 Comanche,L1P,L
A809A9,N617KJ,DRON,,D0-,-
A80CA9,N618CA,C402,CESSNA 402 Businessliner,L2P,L
A80FA9,N6186J,P28A,PIPER PA-28-140/150/160/180,L1P,L
A812A9,N6191A,C82S,CESSNA T182 Turbo Skylane,L1P,L
A813A9,N6198M,M5,MAULE M-5,L1P,L
A818A9,N6200V,BE35,BEECH 35 Starfire Bonanza,L1P,L
A81BA9,N621TM,RV7,VANS RV-7,L1P,L
A81CA9,N6212Y,C150,CESSNA 150,L1P,L
A81DA9,N62199,C172,CESSNA 172 Skyhawk,L1P,L
A820A9,N62241,ST75,STEARMAN Kaydet,L1P,L
A822A9,N623PB,UH1,BELL UH-1 Huey,H1T,L
A824A9,N62364,O1,CESSNA 305/341 Bird Dog,L1P,L
A826A9,N624S,RV8,VANS RV-8,L1P,L
A827A9,N6241W,P28A,PIPER PA-28-140/150/160/180,L1P,L
A835A9,N628TL,SR22,CIRRUS SR-22,L1P,L
A837A9,N62898,PA31,PIPER PA-31-300/310/325/350/425,L2P,L
A83AA9,N62940,ST75,STEARMAN Kaydet,L1P,L
A83BA9,N63CV,CH7B,BELLANCA 7 Citabria,L1P,L
A83CA9,N63PA,M20T,MOONEY M-20T,L1P,L
A840A9,N6304J,P28A,PIPER PA-28-140/150/160/180,L1P,L
A842A9,N631NK,A320,AIRBUS A-320,L2J,M
A844A9,N6316M,S108,STINSON 108 Voyager,L1P,L
A847A9,N6321D,C140,CESSNA 140,L1P,L
A849A9,N633J,JAB4,JABIRU J200-450,L1P,L
A84BA9,N6333G,C150,CESSNA 150,L1P,L
A852A9,N6350B,C182,CESSNA 182 Skylane,L1P,L
A853A9,N6357N,CH7B,BELLANCA 7 Citabria,L1P,L
A856A9,N6362E,C172,CESSNA 172 Skyhawk,L1P,L
A859A9,N637VS,DRON,,D0-,-
A862A9,N6398P,C152,CESSNA 152,L1P,L
A86AA9,N641TP,DRON,,D0-,-
A86BA9,N64120,C172,CESSNA 172 Skyhawk,L1P,L
A86CA9,N642A,C182,CESSNA 182 Skylane,L1P,L
A875A9,N644SB,EVSS,EVEKTOR SportStar,L1P,L
A879A9,N645V,BE35,BEECH 35 Starfire Bonanza,L1P,L
A87CA9,N646MS,R44,ROBINSON R-44 Raven,H1P,L
A881A9,N6470W,P28A,PIPER PA-28-140/150/160/180,L1P,L
A889A9,N64942,C152,CESSNA 152,L1P,L
A88BA9,N65PC,GYRO,,G0-,-
A88DA9,N650KP,C650,CESSNA 650 Citation,L2J,M
A893A9,N6516P,PA24,PIPER PA-24 Comanche,L1P,L
A897A9,N6528S,C150,CESSNA 150,L1P,L
A898A9,N653JB,A320,AIRBUS A-320,L2J,M
A89AA9,N6533J,P28A,PIPER PA-28-140/150/160/180,L1P,L
A89CA9,N654M,DA40,DIAMOND DA-40 Club Star,L1P,L
A89EA9,N6545M,S108,STINSON 108 Voyager,L1P,L
A89FA9,N655DS,DA40,DIAMOND DA-40 Club Star,L1P,L
A8A2A9,N6557Q,ERCO,AIR PRODUCTS F-1 Aircoupe,L1P,L
A8A5A9,N6562G,,,,
A8A6A9,N6569T,BE23,BEECH 23 Sundowner,L1P,L
A8AFA9,N659RJ,C421,CESSNA 421 Executive Commuter,L2P,L
A8B0A9,N6591E,C172,CESSNA 172 Skyhawk,L1P,L
A8B4A9,N660EM,A660,THRUSH S-2R Turbo 660,L1T,L
A8BEA9,N66245,C150,CESSNA 150,L1P,L
A8C4A9,N664SD,P3,LOCKHEED P-3 Orion,L4T,M
A8C6A9,N6649A,C172,CESSNA 172 Skyhawk,L1P,L
A8CCA9,N666Y,RALL,SOCATA Rallye,L1P,L
A8CFA9,N667QS,C68A,CESSNA 680 Citation Latitude,L2J,M
A8D0A9,N6670Y,PA23,PIPER PA-23,L2P,L
A8D1A9,N66779,C150,CESSNA 150,L1P,L
A8D5A9,N669AA,B752,BOEING 757-200,L2J,M
A8D6A9,N669LG,K100,DAHER Kodiak 100,L1T,L
A8DEA9,N6704N,M20P,MOONEY M-20,L1P,L
A8E5A9,N6721H,BE24,BEECH 24 Sierra,L1P,L
A8E6A9,N6728U,M20P,MOONEY M-20,L1P,L
A8EDA9,N6745P,C172,CESSNA 172 Skyhawk,L1P,L
A8EFA9,N675Q,BE95,BEECH 95 Travel Air,L2P,L
A8F1A9,N6757S,C150,CESSNA 150,L1P,L
A8F9A9,N678CG,S22T,CIRRUS SR-22T Turbo,L1P,L
A8FDA9,N679FE,A306,AIRBUS A-300-600,L2J,H
A900A9,N6798T,C310,CESSNA 310,L2P,L
A906A9,N6808B,PA22,PIPER PA-22,L1P,L
A908A9,N681TT,,,,
A915A9,N6849C,T34P,BEECH T-34 Mentor,L1P,L
A922A9,N688TS,DRON,,D0-,-
A923A9,N68823,B739,BOEING 737-900,L2J,M
A924A9,N689AC,DH8D,DE HAVILLAND DHC-8-400 Dash 8,L2T,M
A928A9,N69DA,,,,
A929A9,N69PG,C340,CESSNA 340 Super,L2P,L
A935A9,N6928W,P28A,PIPER PA-28-140/150/160/180,L1P,L
A938A9,N6933N,M20P,MOONEY M-20,L1P,L
A93AA9,N694MD,C180,CESSNA  180 Skywagon,L1P,L
A93CA9,N6945R,T210,CESSNA T210 Turbo Centurion,L1P,L
A93FA9,N6950H,J3,PIPER J-3 Cub,L1P,L
A943A9,N6962L,C310,CESSNA 310,L2P,L
A947A9,N6974P,PA24,PIPER PA-24 Comanche,L1P,L
A94BA9,N6986S,C150,CESSNA 150,L1P,L
A950A9,N7JE,PA30,PIPER PA-30 Twin Comanche,L2P,L
A951A9,N7UL,ULAC,,L0-,-
A952A9,N70ER,CP30,PIEL Emeraude,L1P,L
A955A9,N700MH,C650,CESSNA 650 Citation,L2J,M
A958A9,N701E,WACO,WACO E/O,L1P,L
A95AA9,N7010M,R44,ROBINSON R-44 Raven,H1P,L
A95BA9,N7017Y,PA30,PIPER PA-30 Twin Comanche,L2P,L
A95EA9,N7022Q,C172,CESSNA 172 Skyhawk,L1P,L
A95FA9,N70291,J3,PIPER J-3 Cub,L1P,L
A960A9,N703KW,B763,BOEING 767-300,L2J,H
A963A9,N704CN,C150,CESSNA 150,L1P,L
A966A9,N7046W,P28A,PIPER PA-28-140/150/160/180,L1P,L
A967A9,N705FL,P28A,PIPER PA-28-140/150/160/180,L1P,L
A96BA9,N706JJ,R22,ROBINSON R-22 Mariner,H1P,L
A96DA9,N7063R,P28A,PIPER PA-28-140/150/160/180,L1P,L
A96FA9,N707MG,C182,CESSNA 182 Skylane,L1P,L
A971A9,N7075U,,,,
A975A9,N7087X,R22,ROBINSON R-22 Mariner,H1P,L
A978A9,N7092P,PA24,PIPER PA-24 Comanche,L1P,L
A979A9,N70990,C182,CESSNA 182 Skylane,L1P,L
A97AA9,N71KV,PRM1,RAYTHEON 390 Premier 1,L2J,L
A97DA9,N710SM,M20P,MOONEY M-20,L1P,L
A97FA9,N7109J,,,,
A981A9,N711VK,MU2,MITSUBISHI MU-2 Marquise,L2T,L
A982A9,N7114A,P28A,PIPER PA-28-140/150/160/180,L1P,L
A986A9,N7126D,PA22,PIPER PA-22,L1P,L
A989A9,N71306,L8,LUSCOMBE 8,L1P,L
A98AA9,N7138G,C150,CESSNA 150,L1P,L
A991A9,N7155B,PARA,,P0-,-
A998A9,N71717,L8,LUSCOMBE 8,L1P,L
A99CA9,N7184,TAIL,WITTMAN Tailwind,L1P,L
A9A1A9,N72ET,SR22,CIRRUS SR-22,L1P,L
A9A9A9,N7210P,PA24,PIPER PA-24 Comanche,L1P,L
A9AFA9,N723KY,PA31,PIPER PA-31-300/310/325/350/425,L2P,L
A9B1A9,N7234V,,,,
A9B5A9,N7246Y,PA30,PIPER PA-30 Twin Comanche,L2P,L
A9B8A9,N7251Q,C172,CESSNA 172 Skyhawk,L1P,L
A9BBA9,N726US,B722,BOEING 727-200,L3J,M
A9BEA9,N727MJ,FDCT,FLIGHT DESIGN CT,L1P,L
A9C0A9,N7275W,P28A,PIPER PA-28-140/150/160/180,L1P,L
A9C1A9,N728EA,EUPA,Europa,L1P,L
A9C4A9,N7287Z,PA25,PIPER PA-25 Pawnee,L1P,L
A9C8A9,N72992,C140,CESSNA 140,L1P,L
A9C9A9,N73KX,,,,
A9CAA9,N73WC,B350,BEECHCRAFT Super King Air 350,L2T,M
A9D2A9,N732BY,C210,CESSNA 201 Centurion,L1P,L
A9D3A9,N732ND,P28A,PIPER PA-28-140/150/160/180,L1P,L
A9D4A9,N732YK,T210,CESSNA T210 Turbo Centurion,L1P,L
A9D5A9,N7326F,P28A,PIPER PA-28-140/150/160/180,L1P,L
A9D6A9,N733EW,C172,CESSNA 172 Skyhawk,L1P,L
A9D9A9,N7338J,P28A,PIPER PA-28-140/150/160/180,L1P,L
A9DCA9,N7343A,C150,CESSNA 150,L1P,L
A9DDA9,N735AL,C182,CESSNA 182 Skylane,L1P,L
A9DEA9,N735LS,T206,CESSNA T206 Turbo Stationair,L1P,L
A9E0A9,N7355D,PA22,PIPER PA-22,L1P,L
A9E1A9,N736DJ,C172,CESSNA 172 Skyhawk,L1P,L
A9E2A9,N736PQ,C172,CESSNA 172 Skyhawk,L1P,L
A9E3A9,N736ZW,C172,CESSNA 172 Skyhawk,L1P,L
A9E5A9,N737GG,B738,BOEING 737-800,L2J,M
A9E7A9,N73719,C172,CESSNA 172 Skyhawk,L1P,L
A9E8A9,N7379K,C172,CESSNA 172 Skyhawk,L1P,L
A9EAA9,N738VL,C172,CESSNA 172 Skyhawk,L1P,L
A9ECA9,N739BX,C172,CESSNA 172 Skyhawk,L1P,L
A9EDA9,N739NC,C172,CESSNA 172 Skyhawk,L1P,L
A9F0A9,N74EV,,,,
A9F3A9,N740MM,SLG4,AIRPLANE FACTORY Sling 4,L1P,L
A9F8A9,N7410R,P28A,PIPER PA-28-140/150/160/180,L1P,L
A9FDA9,N74295,B14A,BELLANCA 14,L1P,L
AA08A9,N74583,R22,ROBINSON R-22 Mariner,H1P,L
AA0BA9,N7463V,M20P,MOONEY M-20,L1P,L
AA0DA9,N747ML,C77R,CESSNA 177RG Cardinal RG,L1P,L
AA0FA9,N7475Y,PA30,PIPER PA-30 Twin Comanche,L2P,L
AA12A9,N7480Q,C182,CESSNA 182 Skylane,L1P,L
AA16A9,N7492T,C172,CESSNA 172 Skyhawk,L1P,L
AA19A9,N75WE,E55P,EMBRAER EMB-505 Phenom 300,L2J,M
AA1AA9,N750GK,C750,CESSNA 750 Citation 10,L2J,M
AA1CA9,N7502B,G164,GRUMMAN G-164 Ag-Cat,L1P,L
AA27A9,N7531,GLID,,L0-,-
AA2BA9,N7543C,ERCO,AIR PRODUCTS F-1 Aircoupe,L1P,L
AA2CA9,N755AN,B772,BOEING 777-200,L2J,H
AA2EA9,N755X,BE35,BEECH 35 Starfire Bonanza,L1P,L
AA2FA9,N7555F,,,,
AA30A9,N756DL,T206,CESSNA T206 Turbo Stationair,L1P,L
AA32A9,N756ZY,C82R,CESSNA R182 Skylane RG,L1P,L
AA33A9,N7567J,P28R,PIPER PA-28R-180/200/201,L1P,L
AA35A9,N757SQ,C182,CESSNA 182 Skylane,L1P,L
AA37A9,N7579M,C175,CESSNA 175 Skylark,L1P,L
AA3AA9,N7584D,BE60,BEECH 60 Duke,L2P,L
AA3BA9,N759BZ,C182,CESSNA 182 Skylane,L1P,L
AA3FA9,N76EX,S76,SIKORSKY S-76 Spirit,H2T,L
AA40A9,N76RC,C182,CESSNA 182 Skylane,L1P,L
AA44A9,N76051,C140,CESSNA 140,L1P,L
AA47A9,N7610T,C172,CESSNA 172 Skyhawk,L1P,L
AA48A9,N76174,C140,CESSNA 140,L1P,L
AA4BA9,N7622W,P28A,PIPER PA-28-140/150/160/180,L1P,L
AA4DA9,N763LB,RV7,VANS RV-7,L1P,L
AA5BA9,N767BG,ARCP,SCHEMPP-HIRTH Arcus M,L1P,L
AA5EA9,N76750,C120,CESSNA 120,L1P,L
AA61A9,N7680S,BL8,BELLANCA 8 Decathlon,L1P,L
AA67A9,N77LA,C172,CESSNA 172 Skyhawk,L1P,L
AA68A9,N77WG,PTS1,PITTS S-1 Special,L1P,L
AA6AA9,N770ST,ST75,STEARMAN Kaydet,L1P,L
AA6DA9,N771KK,C25B,CESSNA 525B Citation CJ3,L2J,L
AA6FA9,N7714G,C172,CESSNA 172 Skyhawk,L1P,L
AA70A9,N772CB,R44,ROBINSON R-44 Raven,H1P,L
AA73A9,N7726K,PA20,PIPER PA-20 Pacer,L1P,L
AA75A9,N773RF,RV4,VANS RV-4,L1P,L
AA77A9,N7738N,P28A,PIPER PA-28-140/150/160/180,L1P,L
AA7AA9,N7743E,COL4,CESSNA 400 Corvalis TT,L1P,L
AA7DA9,N775XB,DRON,,D0-,-
AA7EA9,N7755H,PA12,PIPER PA-12 Super Cruiser,L1P,L
AA84A9,N777SS,BE20,BEECH 200 Super King Air,L2T,M
AA85A9,N7772C,P28A,PIPER PA-28-140/150/160/180,L1P,L
AA86A9,N7779P,ULAC,,L0-,-
AA89A9,N7784F,C150,CESSNA 150,L1P,L
AA8AA9,N779CA,CRJ2,BOMBARDIER Regional Jet CRJ-200,L2J,M
AA8EA9,N78EZ,VEZE,RUTAN VariEze,L1P,L
AA93A9,N78053,GC1,GLOBE Swift,L1P,L
AA97A9,N78176,GC1,GLOBE Swift,L1P,L
AA9BA9,N78299,C172,CESSNA 172 Skyhawk,L1P,L
AA9EA9,N78341,C172,CESSNA 172 Skyhawk,L1P,L
AAA2A9,N78464,C172,CESSNA 172 Skyhawk,L1P,L
AAA4A9,N785S,BT36,BEECH B36TC Bonanza,L1P,L
AAA5A9,N7851W,P28A,PIPER PA-28-140/150/160/180,L1P,L
AAB1A9,N78875,M20P,MOONEY M-20,L1P,L
AAB5A9,N78998,M20P,MOONEY M-20,L1P,L
AAB6A9,N79LC,J3,PIPER J-3 Cub,L1P,L
AAB7A9,N79WJ,S22T,CIRRUS SR-22T Turbo,L1P,L
AABFA9,N792CD,SR20,CIRRUS SR-20,L1P,L
AAC5A9,N7931D,BE9L,BEECH 90 King Air,L2T,L
AAC6A9,N7938Q,C402,CESSNA 402 Businessliner,L2P,L
AAD0A9,N7960B,C172,CESSNA 172 Skyhawk,L1P,L
AAD1A9,N7967N,P28A,PIPER PA-28-140/150/160/180,L1P,L
AAD3A9,N797SU,R44,ROBINSON R-44 Raven,H1P,L
AAD7A9,N798VS,CRER,RANS Courier,L1P,L
AAD9A9,N799CC,,,,
AADCA9,N7996L,BE23,BEECH 23 Sundowner,L1P,L
AADEA9,N8RG,P32R,PIPER PA-32R-300/301/301T,L1P,L
AADFA9,N80BM,AS26,SCHLEICHER ASH-26,L1P,L
AAE0A9,N80MT,T206,CESSNA T206 Turbo Stationair,L1P,L
AAE2A9,N800JD,RV8,VANS RV-8,L1P,L
AAE3A9,N800UK,H25B,HAWKER BEECHCRAFT Hawker 750/850,L2J,M
AAE4A9,N8003L,C172,CESSNA 172 Skyhawk,L1P,L
AAE5A9,N801AW,A319,AIRBUS A-319,L2J,M
AAE6A9,N801MB,CH80,ZENAIR CH-801 Stol,L1P,L
AAE8A9,N8015P,PA24,PIPER PA-24 Comanche,L1P,L
AAEAA9,N802Q,C550,CESSNA 550 Citation S2,L2J,L
AAEBA9,N8020F,P28A,PIPER PA-28-140/150/160/180,L1P,L
AAECA9,N8027S,P28A,PIPER PA-28-140/150/160/180,L1P,L
AAEFA9,N8032J,AEST,AEROSTAR 600,L2P,L
AAF0A9,N8039V,SS2P,ROCKWELL Thrush Commander,L1P,L
AAF5A9,N805NN,B738,BOEING 737-800,L2J,M
AAF7A9,N8056Q,C421,CESSNA 421 Executive Commuter,L2P,L
AAFAA9,N8061G,C77R,CESSNA 177RG Cardinal RG,L1P,L
AB00A9,N808MA,C208,CESSNA 208 Caravan,L1T,L
AB02A9,N8085N,BE36,BEECH 36 Bonanza,L1P,L
AB05A9,N8090E,P28A,PIPER PA-28-140/150/160/180,L1P,L
AB06A9,N8097R,PA18,PIPER PA-18 Super Cub,L1P,L
AB07A9,N81GR,VEZE,RUTAN VariEze,L1P,L
AB08A9,N81SX,RV8,VANS RV-8,L1P,L
AB09A9,N810DB,BALL,,B0-,-
AB0AA9,N810PH,,,,
AB0DA9,N811G,ST75,STEARMAN Kaydet,L1P,L
AB0EA9,N811SF,B06,BELL 206 JetRanger,H1T,L
AB0FA9,N81112,AA5,AMERICAN AA-5 Tiger,L1P,L
AB10A9,N8119C,P28A,PIPER PA-28-140/150/160/180,L1P,L
AB13A9,N81235,ST75,STEARMAN Kaydet,L1P,L
AB15A9,N813MW,R44,ROBINSON R-44 Raven,H1P,L
AB17A9,N81358,FA24,FAIRCHILD F-24 Argus,L1P,L
AB1AA9,N81400,AT3T,AIR TRACTOR AT-302/402,L1T,L
AB1FA9,N816AC,BE20,BEECH 200 Super King Air,L2T,M
AB23A9,N817DA,EUPA,Europa,L1P,L
AB26A9,N81769,WACA,ULA,L1P,L
AB28A9,N818SE,C650,CESSNA 650 Citation,L2J,M
AB2EA9,N82BP,RV6,VANS RV-6,L1P,L
AB2FA9,N82MV,SR22,CIRRUS SR-22,L1P,L
AB33A9,N8203N,P28A,PIPER PA-28-140/150/160/180,L1P,L
AB34A9,N821AY,CRJ2,BOMBARDIER Regional Jet CRJ-200,L2J,M
AB35A9,N821MD,E170,EMBRAER ERJ-170-100,L2J,M
AB3AA9,N8220H,P28A,PIPER PA-28-140/150/160/180,L1P,L
AB3BA9,N8227U,C172,CESSNA 172 Skyhawk,L1P,L
AB3DA9,N823T,BE35,BEECH 35 Starfire Bonanza,L1P,L
AB3FA9,N8239X,C172,CESSNA 172 Skyhawk,L1P,L
AB40A9,N824KS,C72R,CESSNA 172R Cutlass RG,L1P,L
AB42A9,N8244P,PA24,PIPER PA-24 Comanche,L1P,L
AB4AA9,N8268V,PA32,PIPER PA-32,L1P,L
AB4BA9,N827JE,R44,ROBINSON R-44 Raven,H1P,L
AB4EA9,N828AX,B772,BOEING 777-200,L2J,H
AB4FA9,N828MC,P28A,PIPER PA-28-140/150/160/180,L1P,L
AB56A9,N83GT,P46T,PIPER PA-46-500TP,L1T,L
AB5BA9,N8307B,C172,CESSNA 172 Skyhawk,L1P,L
AB5CA9,N831GB,LGEZ,RUTAN Long-EZ,L1P,L
AB5DA9,N831SH,R22,ROBINSON R-22 Mariner,H1P,L
AB5EA9,N83114,CH7A,BELLANCA 7 Champion,L1P,L
AB69A9,N83402,CH7A,BELLANCA 7 Champion,L1P,L
AB6DA9,N83525,B17,BOEING B-17 Flying Fortress,L4P,M
AB6EA9,N836AE,E135,EMBRAER ERJ-135,L2J,M
AB6FA9,N836LL,CRUZ,CSA PS-28 Cruiser,L1P,L
AB78A9,N83813,CH7A,BELLANCA 7 Champion,L1P,L
AB7CA9,N83936,CH7A,BELLANCA 7 Champion,L1P,L
AB7DA9,N84BR,RV14,VANS RV-14,L1P,L
AB7EA9,N84MX,ULAC,,L0-,-
AB80A9,N840JH,C550,CESSNA 550 Citation S2,L2J,L
AB82A9,N8403Q,C185,CESSNA 185 Skywagon,L1P,L
AB83A9,N841B,C172,CESSNA 172 Skyhawk,L1P,L
AB87A9,N842DY,C421,CESSNA 421 Executive Commuter,L2P,L
AB89A9,N8420K,S108,STINSON 108 Voyager,L1P,L
AB8AA9,N8427W,P28A,PIPER PA-28-140/150/160/180,L1P,L
AB8CA9,N843TB,BE18,BEECH 18 Expetitor,L2P,L
AB8EA9,N8439Z,P28A,PIPER PA-28-140/150/160/180,L1P,L
AB90A9,N844W,SR22,CIRRUS SR-22,L1P,L
AB98A9,N8461L,C172,CESSNA 172 Skyhawk,L1P,L
AB9AA9,N847JG,SR22,CIRRUS SR-22,L1P,L
AB9EA9,N848ME,SR22,CIRRUS SR-22,L1P,L
ABA3A9,N8490J,C150,CESSNA 150,L1P,L
ABA6A9,N85TA,FOX,KITFOX,L1P,L
ABA7A9,N850DF,R44,ROBINSON R-44 Raven,H1P,L
ABAAA9,N8507D,PA22,PIPER PA-22,L1P,L
ABAEA9,N8519G,C150,CESSNA 150,L1P,L
ABB1A9,N85239,AT6T,AIR TRACTOR AT-602,L1T,L
ABB3A9,N853N,,,,
ABB9A9,N8548E,CH7A,BELLANCA 7 Champion,L1P,L
ABBBA9,N855TW,C150,CESSNA 150,L1P,L
ABC0A9,N8565,WACO,WACO E/O,L1P,L
ABC4A9,N8577C,PA32,PIPER PA-32,L1P,L
ABC6A9,N858SJ,CRJ2,BOMBARDIER Regional Jet CRJ-200,L2J,M
ABCAA9,N859VG,ULAC,,L0-,-
ABCBA9,N85938,C182,CESSNA 182 Skylane,L1P,L
ABCCA9,N86BT,LGEZ,RUTAN Long-EZ,L1P,L
ABD2A9,N861BB,E145,EMBRAER ERJ-145,L2J,M
ABD3A9,N861MH,FOX,KITFOX,L1P,L
ABD5A9,N8615V,CH7B,BELLANCA 7 Citabria,L1P,L
ABD8A9,N8620M,BE35,BEECH 35 Starfire Bonanza,L1P,L
ABDDA9,N86391,AR11,AERONCA 11 Chief,L1P,L
ABE6A9,N866RS,FDCT,FLIGHT DESIGN CT,L1P,L
ABE7A9,N8661N,PA32,PIPER PA-32,L1P,L
ABEFA9,N8685U,C150,CESSNA 150,L1P,L
ABF3A9,N8697X,C180,CESSNA  180 Skywagon,L1P,L
ABF4A9,N87GX,GX,REMOS GX,L1P,L
ABF5A9,N87TC,P46T,PIPER PA-46-500TP,L1T,L
ABF6A9,N870DH,BL8,BELLANCA 8 Decathlon,L1P,L
ABFCA9,N87118,ERCO,AIR PRODUCTS F-1 Aircoupe,L1P,L
AC00A9,N8724A,BE35,BEECH 35 Starfire Bonanza,L1P,L
AC04A9,N8736D,PA22,PIPER PA-22,L1P,L
AC0CA9,N876AJ,RV6,VANS RV-6,L1P,L
AC0FA9,N8765B,,,,
AC10A9,N877DG,PA18,PIPER PA-18 Super Cub,L1P,L
AC15A9,N878SL,F900,DASSAULT Falcon 900,L3J,M
AC17A9,N8789H,NAVI,NORTH AMERICAN Navion,L1P,L
AC1BA9,N88BV,BE35,BEECH 35 Starfire Bonanza,L1P,L
AC20A9,N8803U,C172,CESSNA 172 Skyhawk,L1P,L
AC24A9,N8815X,C182,CESSNA 182 Skylane,L1P,L
AC28A9,N88270,J3,PIPER J-3 Cub,L1P,L
AC2AA9,N883TF,SR22,CIRRUS SR-22,L1P,L
AC2BA9,N8832S,C150,CESSNA 150,L1P,L
AC3BA9,N888BC,M20P,MOONEY M-20,L1P,L
AC3CA9,N888MJ,SREY,PROGRESSIVE AERODYNE SeaRey,A1P,L
AC3EA9,N8885W,P28B,PIPER PA-28-201T/235/236,L1P,L
AC3FA9,N889EA,DH8A,DE HAVILLAND DHC-8-100 Dash 8,L2T,M
AC44A9,N89TE,ECHO,TECNAM P-92 Echo,L1P,L
AC45A9,N890DK,RV9,VANS RV-9,L1P,L
AC4AA9,N891SP,C182,CESSNA 182 Skylane,L1P,L
AC4FA9,N8924C,PA22,PIPER PA-22,L1P,L
AC51A9,N893ND,PA44,PIPER PA-44 Seminole,L2P,L
AC52A9,N893YK,,,,
AC57A9,N8948J,P28A,PIPER PA-28-140/150/160/180,L1P,L
AC5EA9,N8965D,PA22,PIPER PA-22,L1P,L
AC68A9,N899VL,RV12,VANS RV-12,L1P,L
AC6BA9,N9NC,C414,CESSNA 414 Chancellor,L2P,L
AC6CA9,N9YJ,B06,BELL 206 JetRanger,H1T,L
AC6DA9,N90JP,AC50,NORTH AMERICAN ROCKWELL Commander 500,L2P,L
AC6FA9,N900F,,,,
AC70A9,N900RF,,,,
AC72A9,N9008N,ST75,STEARMAN Kaydet,L1P,L
AC75A9,N9013E,AR11,AERONCA 11 Chief,L1P,L
AC7AA9,N903DN,B739,BOEING 737-900,L2J,M
AC88A9,N9066J,ULAC,,L0-,-
AC8CA9,N9078M,C210,CESSNA 201 Centurion,L1P,L
AC8FA9,N9083D,P28A,PIPER PA-28-140/150/160/180,L1P,L
AC90A9,N909AP,PA11,PIPER PA-11 Cub Special,L1P,L
AC94A9,N91DM,C185,CESSNA 185 Skywagon,L1P,L
AC95A9,N91PT,M5,MAULE M-5,L1P,L
AC96A9,N91ZZ,,,,
AC9BA9,N911PB,S76,SIKORSKY S-76 Spirit,H2T,L
AC9DA9,N91164,BALL,,B0-,-
AC9FA9,N912S,PA18,PIPER PA-18 Super Cub,L1P,L
ACA0A9,N9121W,P28B,PIPER PA-28-201T/235/236,L1P,L
ACA8A9,N91452,,,,
ACACA9,N91575,BALL,,B0-,-
ACAEA9,N916TL,M6,MAULE M-6,L1P,L
ACAFA9,N9162X,CLBR,FISHER AERO Celebrity,L1P,L
ACB2A9,N917WJ,,,,
ACB5A9,N918PA,P28A,PIPER PA-28-140/150/160/180,L1P,L
ACBAA9,N9191V,P32R,PIPER PA-32R-300/301/301T,L1P,L
ACBBA9,N91986,J3,PIPER J-3 Cub,L1P,L
ACBCA9,N92JR,SR20,CIRRUS SR-20,L1P,L
ACC0A9,N9201D,DRON,,D0-,-
ACC5A9,N922AS,C414,CESSNA 414 Chancellor,L2P,L
ACCCA9,N9237N,ULAC,,L0-,-
ACCFA9,N9242E,AR11,AERONCA 11 Chief,L1P,L
ACD0A9,N9249R,C188,CESSNA 188 AgTruck,L1P,L
ACD3A9,N9254H,C172,CESSNA 172 Skyhawk,L1P,L
ACD4A9,N926CC,C680,CESSNA 680 Citation Sovereign,L2J,M
ACDAA9,N9271C,C180,CESSNA  180 Skywagon,L1P,L
ACE2A9,N9295J,P28A,PIPER PA-28-140/150/160/180,L1P,L
ACE6A9,N930LF,C210,CESSNA 201 Centurion,L1P,L
ACECA9,N93166,C152,CESSNA 152,L1P,L
ACEDA9,N932FW,C82R,CESSNA R182 Skylane RG,L1P,L
ACF2A9,N933V,,,,
ACF3A9,N93331,,,,
ACF7A9,N93454,C152,CESSNA 152,L1P,L
ACFAA9,N9350W,P28B,PIPER PA-28-201T/235/236,L1P,L
AD09A9,N9391X,C182,CESSNA 182 Skylane,L1P,L
AD0DA9,N940FD,B752,BOEING 757-200,L2J,M
AD11A9,N941JB,CRUZ,CSA PS-28 Cruiser,L1P,L
AD1DA9,N944SW,CRJ2,BOMBARDIER Regional Jet CRJ-200,L2J,M
AD23A9,N946CE,BE20,BEECH 200 Super King Air,L2T,M
AD26A9,N9466N,P28R,PIPER PA-28R-180/200/201,L1P,L
AD29A9,N9471E,AR11,AERONCA 11 Chief,L1P,L
AD2BA9,N948JA,RV9,VANS RV-9,L1P,L
AD2DA9,N9483H,C82R,CESSNA R182 Skylane RG,L1P,L
AD2EA9,N949AT,B712,BOEING 717-200,L2J,M
AD32A9,N95DR,RV8,VANS RV-8,L1P,L
AD3BA9,N95168,TAYB,TAYLORCRAFT BC/BF/BL,L1P,L
AD3DA9,N952SD,H500,HUGHES 500,H1T,L
AD3EA9,N95210,TAYB,TAYLORCRAFT BC/BF/BL,L1P,L
AD40A9,N953JW,AT5T,AIR TRACTOR AT-504,L1T,L
AD50A9,N957WN,B737,BOEING 737-700,L2J,M
AD51A9,N95744,TAYB,TAYLORCRAFT BC/BF/BL,L1P,L
AD5BA9,N96VA,P28A,PIPER PA-28-140/150/160/180,L1P,L
AD5DA9,N960RM,BL8,BELLANCA 8 Decathlon,L1P,L
AD5FA9,N9608U,AA5,AMERICAN AA-5 Tiger,L1P,L
AD62A9,N9613L,AA1,AMERICAN AA-1,L1P,L
AD64A9,N962MB,SR22,CIRRUS SR-22,L1P,L
AD68A9,N963Q,BE35,BEECH 35 Starfire Bonanza,L1P,L
AD6DA9,N9642J,P28A,PIPER PA-28-140/150/160/180,L1P,L
AD6EA9,N9649V,C172,CESSNA 172 Skyhawk,L1P,L
AD73A9,N966NN,B738,BOEING 737-800,L2J,M
AD76A9,N967FE,C208,CESSNA 208 Caravan,L1T,L
AD7AA9,N968JC,,,,
AD7EA9,N969MA,BE20,BEECH 200 Super King Air,L2T,M
AD82A9,N97PZ,COZY,CO-Z Cozy,L1P,L
AD8EA9,N9729C,PA32,PIPER PA-32,L1P,L
AD95A9,N97458,S108,STINSON 108 Voyager,L1P,L
AD9DA9,N977AC,P28A,PIPER PA-28-140/150/160/180,L1P,L
ADA0A9,N97746,S108,STINSON 108 Voyager,L1P,L
ADA1A9,N978DA,DV20,DIAMOND DA-20,L1P,L
ADA7A9,N97911,C182,CESSNA 182 Skylane,L1P,L
ADA9A9,N98JX,,,,
ADAAA9,N98VC,BE36,BEECH 36 Bonanza,L1P,L
ADAEA9,N9808W,P28A,PIPER PA-28-140/150/160/180,L1P,L
ADBBA9,N984T,VENT,SCHEMPP-HIRTH Ventus,L1P,L
ADCBA9,N9883M,C182,CESSNA 182 Skylane,L1P,L
ADCDA9,N989MC,ULAC,,L0-,-
ADCFA9,N9895Q,C172,CESSNA 172 Skyhawk,L1P,L
ADD0A9,N99DV,BE17,BEECH 17 Staggerwing,L1P,L
ADD2A9,N990AF,BE99,BEECH 99 Airliner,L2T,L
ADD5A9,N99049,ERCO,AIR PRODUCTS F-1 Aircoupe,L1P,L
ADD9A9,N9917B,C182,CESSNA 182 Skylane,L1P,L
ADDDA9,N9929E,C182,CESSNA 182 Skylane,L1P,L
ADE0A9,N99337,ERCO,AIR PRODUCTS F-1 Aircoupe,L1P,L
ADE4A9,N9946,G164,GRUMMAN G-164 Ag-Cat,L1P,L
ADEEA9,N997WS,HDJT,HONDA HondaJet,L2J,L
ADF0A9,N998DC,DV20,DIAMOND DA-20,L1P,L
ADF3A9,N9987A,C170,CESSNA 170,L1P,L
ADF4A9,N999GA,BE20,BEECH 200 Super King Air,L2T,M
ADF5A9,N999SG,BE36,BEECH 36 Bonanza,L1P,L
ADF6A9,N99913,ERCO,AIR PRODUCTS F-1 Aircoupe,L1P,L
ADF7A9,N9999D,PA22,PIPER PA-22,L1P,L
ADFCA9,92-0360,BE40,BEECH 400 Beechjet,L2J,M
ADFEA9,96-1006,C130,LOCKHEED C-130 Hercules,L4T,M
ADFFA9,70-1590,T38,NORTHROP T-38 Talon,L2J,L
AE00A9,64-13197,T38,NORTHROP T-38 Talon,L2J,L
AE05A9,63-8015,K35R,BOEING KC-135R/T Stratotanker,L4J,H
AE07A9,59-1515,K35R,BOEING KC-135R/T Stratotanker,L4J,H
AE08A9,00-3588,TEX2,BEECHCRAFT T-6 Texan 2,L1T,L
AE0AA9,92-26415,H60,SIKORSKY UH-60 Black Hawk,H2T,M
AE0BA9,89-26183,H60,SIKORSKY UH-60 Black Hawk,H2T,M
AE0EA9,88-26054,H60,SIKORSKY UH-60 Black Hawk,H2T,M
AE12A9,90-0165,C130,LOCKHEED C-130 Hercules,L4T,M
AE13A9,04-3723,TEX2,BEECHCRAFT T-6 Texan 2,L1T,L
AE14A9,160853,BE9L,BEECH 90 King Air,L2T,L
AE17A9,91-0308,F15,MCDONNELL-DOUGLAS F-15 Eagle,L2J,M
AE1BA9,167924,C30J,LOCKHEED MARTIN C-130J Super Hercules,L4T,M
AE1DA9,167813,H60,SIKORSKY UH-60 Black Hawk,H2T,M
AE1EA9,08-3940,TEX2,BEECHCRAFT T-6 Texan 2,L1T,L
AE1FA9,10-72154,EC45,AIRBUS HELICOPTERS EC-145,H2T,L
AE26A9,6583,AS65,AEROSPATIALE AS-365 Dauphin 2,H2T,L
AE2FA9,08-8197,C17,BOEING C-17 Globemaster 3,L4J,H
AE47A9,08-20161,H60,SIKORSKY UH-60 Black Hawk,H2T,M
AE4BA9,164860,H53,SIKORSKY CH-53,H2T,M
AE4EA9,166191,TEX2,BEECHCRAFT T-6 Texan 2,L1T,L
AE51A9,11-20357,H60,SIKORSKY UH-60 Black Hawk,H2T,M
AE52A9,09-08827,H47,BOEING-VERTOL CH-47 Chinook,H2T,M
AE56A9,13-20577,H60,SIKORSKY UH-60 Black Hawk,H2T,M
AE57A9,14-20697,H60,SIKORSKY UH-60 Black Hawk,H2T,M
AE58A9,61-0020,B52,BOEING B-52 Stratofortress,L8J,H
AE5BA9,169062,E2,NORTHROP GRUMMAN E-2 Hawkeye,L2T,M
AE5CA9,05-27056,H60,SIKORSKY UH-60 Black Hawk,H2T,M
AE5EA9,163330,B06,BELL 206 JetRanger,H1T,L
AE5FA9,19-46062,B762,BOEING 767-200,L2J,H
AE64A9,19-21078,H60,SIKORSKY UH-60 Black Hawk,H2T,M
AE6BA9,169456,V22,BELL-BOEING V-22 Osprey,R2T,M
AE6CA9,20-03329,H64,MCDONNELL DOUGLAS AH-64 Apache,H2T,M
AE6DA9,19-14496,H60,SIKORSKY UH-60 Black Hawk,H2T,M
AE74A9,22-21221,H60,SIKORSKY UH-60 Black Hawk,H2T,M
C000A9,C-FAGM,R22,ROBINSON R-22 Mariner,H1P,L
C001A9,C-FAQI,CAMP,GREGA GN-1 Aircamper,L1P,L
C002A9,C-FBAE,DC3,DOUGLAS DC-3 Dakota,L2P,M
C003A9,C-FBKA,A139,AGUSTA AW-139,H2T,L
C004A9,C-FBTW,,,,
C007A9,C-FCXK,DHC1,DE HAVILLAND DHC-1 Chipmunk,L1P,L
C008A9,C-FDHG,M20T,MOONEY M-20T,L1P,L
C00AA9,C-FEAY,CNUK,FLEET 80 Canuck,L1P,L
C00BA9,C-FEKU,C140,CESSNA 140,L1P,L
C00CA9,C-FEUQ,CH30,ZENAIR CH-300 Tri-Zenith,L1P,L
C00FA9,C-FFYE,,,,
C010A9,C-FGIA,CH7A,BELLANCA 7 Champion,L1P,L
C011A9,C-FGRW,C170,CESSNA 170,L1P,L
C012A9,C-FHBS,GLAS,Glasair,L1P,L
C013A9,C-FHLO,AS50,AEROSPATIALE AS-350 Ecureuil,H1T,L
C014A9,C-FHVK,,,,
C016A9,C-FIPC,PC12,PILATUS PC-12,L1T,L
C017A9,C-FIYY,C182,CESSNA 182 Skylane,L1P,L
C018A9,C-FJIU,C180,CESSNA  180 Skywagon,L1P,L
C019A9,C-FJSQ,C206,CESSNA  206 Stationair,L1P,L
C01AA9,C-FKCM,BK17,EUROCOPTER BK117 C-1/2,H2T,L
C01BA9,C-FKMI,C180,CESSNA  180 Skywagon,L1P,L
C01CA9,C-FKWE,DH8D,DE HAVILLAND DHC-8-400 Dash 8,L2T,M
C01EA9,C-FLPW,C180,CESSNA  180 Skywagon,L1P,L
C01FA9,C-FLZS,,,,
C020A9,C-FMJO,DHC6,DE HAVILLAND DHC-6 Twin Otter,L2T,L
C021A9,C-FMTK,T206,CESSNA T206 Turbo Stationair,L1P,L
C022A9,C-FNDG,PA24,PIPER PA-24 Comanche,L1P,L
C023A9,C-FNNC,BE20,BEECH 200 Super King Air,L2T,M
C024A9,C-FNWY,C140,CESSNA 140,L1P,L
C025A9,C-FOGU,TAYB,TAYLORCRAFT BC/BF/BL,L1P,L
C027A9,C-FPAM,C172,CESSNA 172 Skyhawk,L1P,L
C028A9,C-FPKI,CHIN,ASAP Chinook,L1P,L
C02CA9,C-FQXS,CH7A,BELLANCA 7 Champion,L1P,L
C02DA9,C-FRHO,H269,HUGHES Sky Knight,H1P,L
C02EA9,C-FRRK,C185,CESSNA 185 Skywagon,L1P,L
C02FA9,C-FSBG,RV8,VANS RV-8,L1P,L
C030A9,C-FSLC,,,,
C031A9,C-FSUY,PA23,PIPER PA-23,L2P,L
C032A9,C-FTEU,,,,
C033A9,C-FTOQ,B190,BEECH 1900,L2T,M
C034A9,C-FTYM,C150,CESSNA 150,L1P,L
C035A9,C-FUII,PA18,PIPER PA-18 Super Cub,L1P,L
C036A9,C-FUSE,PA18,PIPER PA-18 Super Cub,L1P,L
C037A9,C-FVCA,C175,CESSNA 175 Skylark,L1P,L
C038A9,C-FVLW,C182,CESSNA 182 Skylane,L1P,L
C039A9,C-FVVS,PA31,PIPER PA-31-300/310/325/350/425,L2P,L
C03AA9,C-FWFO,ULAC,,L0-,-
C03BA9,C-FWPK,T6,NORTH AMERICAN T-6 Texan,L1P,L
C03DA9,C-FXJC,E75S,EMBRAER ERJ-170-200 (short wing),L2J,M
C040A9,C-FYMQ,B38M,BOEING 737 MAX 8,L2J,M
C041A9,C-FYWM,C140,CESSNA 140,L1P,L
C042A9,C-FZGI,BL8,BELLANCA 8 Decathlon,L1P,L
C043A9,C-FZQE,C150,CESSNA 150,L1P,L
C044A9,C-GAAA,C185,CESSNA 185 Skywagon,L1P,L
C045A9,C-GAJW,PA31,PIPER PA-31-300/310/325/350/425,L2P,L
C046A9,C-GATS,BALL,,B0-,-
C047A9,C-GBDO,C172,CESSNA 172 Skyhawk,L1P,L
C048A9,C-GBNK,C150,CESSNA 150,L1P,L
C049A9,C-GBXG,C182,CESSNA 182 Skylane,L1P,L
C04AA9,C-GCHC,C208,CESSNA 208 Caravan,L1T,L
C04BA9,C-GCQY,,,,
C04CA9,C-GDAU,COUR,HELIO Courier,L1P,L
C04DA9,C-GDKQ,P28A,PIPER PA-28-140/150/160/180,L1P,L
C04EA9,C-GDUM,P28R,PIPER PA-28R-180/200/201,L1P,L
C04FA9,C-GEEI,C210,CESSNA 201 Centurion,L1P,L
C050A9,C-GEOE,SA02,K&S SA-102.5 Cavalier,L1P,L
C052A9,C-GFHW,UH1,BELL UH-1 Huey,H1T,L
C053A9,C-GFRS,PTS2,PITTS S-2 Special,L1P,L
C054A9,C-GGBO,C177,CESSNA  177 Cardinal,L1P,L
C055A9,C-GGLK,C172,CESSNA 172 Skyhawk,L1P,L
C056A9,C-GGVG,C140,CESSNA 140,L1P,L
C058A9,C-GHOY,AS50,AEROSPATIALE AS-350 Ecureuil,H1T,L
C05BA9,C-GISM,B38M,BOEING 737 MAX 8,L2J,M
C05DA9,C-GJME,SV4,NORD SV-4,L1P,L
C05EA9,C-GJWA,PA18,PIPER PA-18 Super Cub,L1P,L
C060A9,C-GKPS,PTS2,PITTS S-2 Special,L1P,L
C061A9,C-GKZO,C560,CESSNA 560 Citation Ultra,L2J,M
C062A9,C-GLJK,GLID,,L0-,-
C063A9,C-GLTG,TBM9,SOCATA TBM-900/910/930/940,L1T,L
C064A9,C-GMDC,DHC6,DE HAVILLAND DHC-6 Twin Otter,L2T,L
C065A9,C-GMMY,C182,CESSNA 182 Skylane,L1P,L
C066A9,C-GMWU,G115,GROB G-115,L1P,L
C067A9,C-GNGQ,C206,CESSNA  206 Stationair,L1P,L
C068A9,C-GNQM,J4B2,BARNETT J4B2,G1P,L
C069A9,C-GOAI,PC24,PILATUS PC-24,L2J,M
C06BA9,C-GOUA,C172,CESSNA 172 Skyhawk,L1P,L
C06CA9,C-GPDW,C177,CESSNA  177 Cardinal,L1P,L
C06DA9,C-GPNS,B212,BELL 212,H2T,L
C06FA9,C-GQHK,AS50,AEROSPATIALE AS-350 Ecureuil,H1T,L
C071A9,C-GRBC,RBEL,MURPHY Rebel,L1P,L
C072A9,C-GRKY,AT5T,AIR TRACTOR AT-504,L1T,L
C073A9,C-GRUU,B350,BEECHCRAFT Super King Air 350,L2T,M
C074A9,C-GSEQ,C172,CESSNA 172 Skyhawk,L1P,L
C076A9,C-GSYI,PA25,PIPER PA-25 Pawnee,L1P,L
C078A9,C-GTSA,M20P,MOONEY M-20,L1P,L
C079A9,C-GUBW,AR15,AERONCA 15 Sedan,L1P,L
C07AA9,C-GULS,SREY,PROGRESSIVE AERODYNE SeaRey,A1P,L
C07BA9,C-GUVO,,,,
C07CA9,C-GVFK,RJ85,AVRO RJ-85 Avroliner,L4J,M
C07DA9,C-GVPG,GLID,,L0-,-
C07EA9,C-GVZC,BALL,,B0-,-
C07FA9,C-GWIY,,,,
C081A9,C-GXCQ,KR2,RAND KR-2,L1P,L
C082A9,C-GXMM,,,,
C083A9,C-GXWI,PA25,PIPER PA-25 Pawnee,L1P,L
C085A9,C-GYQA,C180,CESSNA  180 Skywagon,L1P,L
C086A9,C-GYZW,C185,CESSNA 185 Skywagon,L1P,L
C087A9,C-GZJS,C152,CESSNA 152,L1P,L
C088A9,C-GZTO,AJET,DASSAULT-DORNIER Alpha Jet,L2J,M
C08AA9,C-IANG,,,,
C08BA9,C-IAXC,CHIN,ASAP Chinook,L1P,L
C08CA9,C-IBGY,ULAC,,L0-,-
C08EA9,C-ICAQ,ULAC,,L0-,-
C08FA9,C-ICKM,ULAC,,L0-,-
C090A9,C-ICUI,ULAC,,L0-,-
C091A9,C-IDEE,PARA,,P0-,-
C094A9,C-IEHS,ULAC,,L0-,-
C095A9,C-IERO,ULAC,,L0-,-
C096A9,C-IFBK,ULAC,,L0-,-
C097A9,C-IFLG,,,,
C099A9,C-IGEY,MAME,BLUE YONDER Merlin,L1P,L
C09AA9,C-IGOU,NDAC,NORMAND DUBE Aerocruiser,L1P,L
C09CA9,C-IHIM,PARA,,P0-,-
C09DA9,C-IHSI,ULAC,,L0-,-
C09EA9,C-IICE,ULAC,,L0-,-
C0A1A9,C-IJFS,PARA,,P0-,-
C0A3A9,C-IJZK,ULAC,,L0-,-
C0A4A9,C-IKJG,ULAC,,L0-,-
C0A5A9,C-IKTC,PARA,,P0-,-
C0A7A9,C-ILMU,PARA,,P0-,-
C0A8A9,C-ILWQ,,,,
C0B2A9,C-IPRC,ULAC,,L0-,-
C1E9A9,SERV,SERV,,V0-,-
C2B4A9,148818,S92,SIKORSKY S-92 Helibus,H2T,M
C800A9,ZK-BDK,ACAR,AUSTER J-5 Autocar,L1P,L
C803A9,ZK-DXJ,C172,CESSNA 172 Skyhawk,L1P,L
C805A9,ZK-FGV,C172,CESSNA 172 Skyhawk,L1P,L
C80CA9,ZK-CML,FU24,FLETCHER FU-24,L1P,L
C80FA9,ZK-JFK,C172,CESSNA 172 Skyhawk,L1P,L
C810A9,ZK-RRM,GYRO,,G0-,-
C811A9,ZK-KIS,KIS4,TRI-R KIS TR-4,L1P,L
C815A9,ZK-TZK,HR20,ROBIN HR-200,L1P,L
C817A9,ZK-ISH,BABY,CANADIAN HOME ROTORS Baby Belle,H1P,L
C818A9,ZK-POP,RW26,RAGWING RW-26 Special 2,L1P,L
C819A9,ZK-TMR,AA5,AMERICAN AA-5 Tiger,L1P,L
C81BA9,ZK-GXP,DISC,SCHEMPP-HIRTH Discus,L1P,L
C81CA9,ZK-HLM,R44,ROBINSON R-44 Raven,H1P,L
C81DA9,ZK-JIP,C172,CESSNA 172 Skyhawk,L1P,L
C81EA9,ZK-IAS,R44,ROBINSON R-44 Raven,H1P,L
C820A9,ZK-JNB,ZZZZ,,-0-,-
C821A9,ZK-GOB,GLID,,L0-,-
C827A9,ZK-HTH,AS50,AEROSPATIALE AS-350 Ecureuil,H1T,L
E486A9,PR-ZCL,BE9L,BEECH 90 King Air,L2T,L
E48BA9,PT-MUG,B77W,BOEING 777-300ER,L2J,H
E491A9,PR-AKA,AT76,ATR-72-600,L2T,M
E492A9,PR-ZKZ,RV10,VANS RV-10,L1P,L
E493A9,PR-OHP,A189,AGUSTA AW-189,H2T,M
E494A9,PR-ZTQ,E550,EMBRAER EMB-550 Praetor 600,L2J,M
E496A9,PT-ZMB,RV8,VANS RV-8,L1P,L
E497A9,PS-FLA,S22T,CIRRUS SR-22T Turbo,L1P,L
E880A9,ZP-BGK,C152,CESSNA 152,L1P,L
