0071B4,ZT-RAX,A119,AGUSTA AW-119 Koala,H1T,L
0088B4,ZS-DHB,DH8D,DE HAVILLAND DHC-8-400 Dash 8,L2T,M
0091B4,ZS-GRR,GLID,,L0-,-
00A9B4,ZS-PTZ,C172,CESSNA 172 Skyhawk,L1P,L
0101B4,SU-BQM,A320,AIRBUS A-320,L2J,M
0200B4,CN-BTE,TEX2,BEECHCRAFT T-6 Texan 2,L1T,L
02A1B4,TS-INU,A320,AIRBUS A-320,L2J,M
04C0B4,5Y-KYQ,E190,EMBRAER ERJ-190-100,L2J,M
06A0B4,A7-BCP,B788,BOEING 787-8 Dreamliner,L2J,H
06A2B4,A7-BEP,B77W,BOEING 777-300ER,L2J,H
0700B4,6V-AFU,DR40,ROBIN DR-400,L1P,L
0A80B4,C6-EFT,PA27,PIPER PA-23-250 Aztec,L2P,L
0B06B4,CU-T1716,A158,ANTONOV An-158,L2J,M
0C20B4,HP-1844CMP,B738,BOEING 737-800,L2J,M
0D01B4,XA-VIG,LJ60,LEARJET 60,L2J,M
0D04B4,XA-AEB,C650,CESSNA 650 Citation,L2J,M
0D06B4,XA-XPA,SBR1,NORTH AMERICAN Sabre 40/50/60/65,L2J,M
0D07B4,XA-JLV,SU95,SUKHOI Superjet 100-95,L2J,M
0D09B4,XA-JBA,SU95,SUKHOI Superjet 100-95,L2J,M
0D0BB4,XA-CDM,C25M,CESSNA 525 Citation M2,L2J,L
0D0CB4,XB-HEA,C182,CESSNA 182 Skylane,L1P,L
0D82B4,YV3301,BE9L,BEECH 90 King Air,L2T,L
140AB4,RA-02740,E190,EMBRAER ERJ-190-100,L2J,M
1506B4,RA-67252,DH8D,DE HAVILLAND DHC-8-400 Dash 8,L2T,M
151DB4,RA-73140,B77W,BOEING 777-300ER,L2J,H
151FB4,RA-73652,B737,BOEING 737-700,L2J,M
152BB4,RA-76724,,,,
154EB4,RA-85684,T154,TUPOLEV Tu-154,L3J,M
155BB4,RA-89012,SU95,SUKHOI Superjet 100-95,L2J,M
3002B4,I-MYOM,DA42,DIAMOND DA-42 Guardian,L2P,L
3004B4,I-MIKJ,C172,CESSNA 172 Skyhawk,L1P,L
31DEB4,I-D623,VNTR,ICP Ventura,L1P,L
33FDB4,MM81793,H47,BOEING-VERTOL CH-47 Chinook,H2T,M
33FFB4,MM62223,C27J,ALENIA C-27J Spartan,L2T,M
3830B4,F-BMFU,D140,JODEL D-140 Mousquetaire,L1P,L
384AB4,F-BSVU,RALL,SOCATA Rallye,L1P,L
3902B4,F-GAVU,DR40,ROBIN DR-400,L1P,L
390DB4,F-GDNU,TB20,SOCATA TB-20 Trinidad,L1P,L
3912B4,F-GEVU,TB20,SOCATA TB-20 Trinidad,L1P,L
3919B4,F-GGNU,TB20,SOCATA TB-20 Trinidad,L1P,L
3921B4,F-GINU,P32R,PIPER PA-32R-300/301/301T,L1P,L
392EB4,F-GLVU,DR40,ROBIN DR-400,L1P,L
3935B4,F-GNNU,DR40,ROBIN DR-400,L1P,L
393AB4,F-GOVU,DR40,ROBIN DR-400,L1P,L
3952B4,F-GUVU,DA40,DIAMOND DA-40 Club Star,L1P,L
3961B4,F-GYNU,DR10,CENTRE EST Ambassadeur,L1P,L
3965B4,F-GZNU,B77W,BOEING 777-300ER,L2J,H
398CB4,F-HDFU,G2CA,GUIMBAL G-2 Cabri,H1P,L
3999B4,F-HGNU,AT76,ATR-72-600,L2T,M
39CEB4,F-HTVU,B738,BOEING 737-800,L2J,M
3A46B4,F-ORVU,AT76,ATR-72-600,L2T,M
3AAAB4,F-MEBU,NH90,NHI NH-90,H2T,M
3AABB4,F-MDAQ,PUMA,AEROSPATIALE SA-330 Puma,H2T,L
3B76B4,F-MAYJ,AS55,AEROSPATIALE AS-355 Ecureuil 2,H2T,L
3B7FB4,F-ZJAI,PC7,PILATUS PC-7 Astra,L1T,L
3B9BB4,65,E121,EMBRAER EMB-121 Xingu,L2T,L
3C4AB4,D-ABUT,B763,BOEING 767-300,L2J,H
3C66B4,D-AIUT,A320,AIRBUS A-320,L2J,M
3C68B4,D-AJET,E35L,EMBRAER EMB-135 Legacy,L2J,M
3C70B4,D-ALET,B752,BOEING 757-200,L2J,M
3CA8B4,D-BJET,J328,Dornier 328 JET,L2J,M
3D04B4,D-EAAM,B209,MBB BO-209 Monsun,L1P,L
3D05B4,D-EAKI,C172,CESSNA 172 Skyhawk,L1P,L
3D07B4,D-EBEA,CP10,CAP AVIATION CAP-10,L1P,L
3D08B4,D-EBNW,DR40,ROBIN DR-400,L1P,L
3D0AB4,D-ECHO,C172,CESSNA 172 Skyhawk,L1P,L
3D0BB4,D-ECRK,DR40,ROBIN DR-400,L1P,L
3D0CB4,D-EDBG,P28A,PIPER PA-28-140/150/160/180,L1P,L
3D0DB4,D-EDLC,BR23,BRM AERO Bristell B23,L1P,L
3D0EB4,D-EDUY,DR30,CENTRE EST Prince,L1P,L
3D0FB4,D-EEEU,RALL,SOCATA Rallye,L1P,L
3D12B4,D-EFII,P28A,PIPER PA-28-140/150/160/180,L1P,L
3D14B4,D-EGCA,C172,CESSNA 172 Skyhawk,L1P,L
3D15B4,D-EGLW,C172,CESSNA 172 Skyhawk,L1P,L
3D1EB4,D-EJWM,C172,CESSNA 172 Skyhawk,L1P,L
3D1FB4,D-EKGI,S05R,SIAI-MARCHETTI S-205-22R,L1P,L
3D21B4,D-ELAA,FDMC,FLIGHT DESIGN MC,L1P,L
3D28B4,D-ENQY,P28R,PIPER PA-28R-180/200/201,L1P,L
3D31B4,D-ERBO,DA40,DIAMOND DA-40 Club Star,L1P,L
3D33B4,D-ERVG,RV8,VANS RV-8,L1P,L
3D34B4,D-ESFC,DR40,ROBIN DR-400,L1P,L
3D38B4,D-ETSM,P28U,PIPER PA-28RT-201T Turbo,L1P,L
3D39B4,D-EUCI,C206,CESSNA  206 Stationair,L1P,L
3D3BB4,D-EUWA,A210,AQUILA A-210,L1P,L
3D3DB4,D-EVPS,C172,CESSNA 172 Skyhawk,L1P,L
3D40B4,D-EWTG,SR20,CIRRUS SR-20,L1P,L
3D46B4,D-EZAI,DV20,DIAMOND DA-20,L1P,L
3DA3B4,D-GIGA,DA42,DIAMOND DA-42 Guardian,L2P,L
3DB4B4,D-GORK,PA34,PIPER PA-34 Seneca,L2P,L
3DD7B4,D-HBYA,EC35,AIRBUS HELICOPTERS EC-135/635,H2T,L
3DDEB4,D-HEOY,EC35,AIRBUS HELICOPTERS EC-135/635,H2T,L
3DE5B4,D-HHFW,B06,BELL 206 JetRanger,H1T,L
3E3FB4,D-IPIA,P180,PIAGGIO P-180 Avanti,L2T,L
3E60B4,D-KBUY,SF25,SCHEIBE SF-25 Falke,L1P,L
3E66B4,D-KECA,PK20,PIK 20E,L1P,L
3E71B4,D-KIGI,RF5,FOURNIER RF-5,L1P,L
3E75B4,D-KJTS,GLID,,L0-,-
3E7BB4,D-KMAU,DG1T,DG FLUGZEUGBAU DG-1001T,L1P,L
3E7FB4,D-KNOE,GLID,,L0-,-
3EA3B4,TWR,TWR,,T0-,-
3EC1B4,D-KOHW,S10S,STEMME S-10 Chrysalis,L1P,L
3EC2B4,D-KORS,LAE1,LANGE E-1 Antares 20E,L1E,L
3ED3B4,D-KVDC,VENT,SCHEMPP-HIRTH Ventus,L1P,L
3ED8B4,D-KXAI,GLID,,L0-,-
3EE4B4,D-1053,GLID,,L0-,-
3EECB4,D-3101,GLID,,L0-,-
3EEEB4,D-3613,GLID,,L0-,-
3EEFB4,D-3869,GLID,,L0-,-
3EF0B4,D-4125,GLID,,L0-,-
3EF2B4,D-4637,GLID,,L0-,-
3EF4B4,D-5149,GLID,,L0-,-
3EFAB4,D-6685,GLID,,L0-,-
3EFEB4,D-7709,GLID,,L0-,-
3F29B4,D-OBRW,BALL,,B0-,-
3F38B4,D-OHJO,BALL,,B0-,-
3FC7B4,D-ONBG,BALL,,B0-,-
3FE0B4,D-OWNK,BALL,,B0-,-
3FEBB4,D-MEKS,BREZ,AEROSTYLE Breezer,L1P,L
3FECB4,D-MSSO,ECHO,TECNAM P-92 Echo,L1P,L
3FEEB4,D-MOLS,ECHO,TECNAM P-92 Echo,L1P,L
3FF1B4,D-MKUN,C42,IKARUS C-42 Bison,L1P,L
3FF2B4,D-MZGS,MM24,MAGNI M-24 Orion,G1P,L
3FF4B4,D-MGCK,MT,ROTORSPORT MTOSport,G1P,L
3FF5B4,D-MGBT,FK9,B&F TECHNIK FK-9,L1P,L
4006B4,G-OBYF,B763,BOEING 767-300,L2J,H
4008B4,G-EUPT,A319,AIRBUS A-319,L2J,M
4009B4,G-WPNS,BN2T,BRITTEN-NORMAN BN-2T Turbine Islander,L2T,L
400CB4,G-WLDN,R44,ROBINSON R-44 Raven,H1P,L
400DB4,G-EZAS,A319,AIRBUS A-319,L2J,M
400EB4,G-BYYA,G115,GROB G-115,L1P,L
400FB4,G-SISU,ULAC,,L0-,-
4011B4,G-FCUM,R44,ROBINSON R-44 Raven,H1P,L
4012B4,G-KASX,SPIT,SUPERMARINE Spitfire,L1P,L
4013B4,G-DCCU,GLID,,L0-,-
4014B4,G-AOFE,DHC1,DE HAVILLAND DHC-1 Chipmunk,L1P,L
4016B4,G-AVAW,D6CR,DRUINE D-62 Condor,L1P,L
4019B4,G-BAAW,D11,JODEL D-11x/12x,L1P,L
401BB4,G-BCWH,SPRT,PRACTAVIA Sprite,L1P,L
401CB4,G-BEYZ,DR10,CENTRE EST Ambassadeur,L1P,L
401DB4,G-BGLO,C172,CESSNA 172 Skyhawk,L1P,L
401EB4,G-BHZH,C152,CESSNA 152,L1P,L
401FB4,G-BJML,C120,CESSNA 120,L1P,L
4021B4,G-ENOA,C172,CESSNA 172 Skyhawk,L1P,L
402AB4,G-BOIG,P28A,PIPER PA-28-140/150/160/180,L1P,L
402CB4,G-GZDO,C172,CESSNA 172 Skyhawk,L1P,L
402DB4,G-BPLM,SV4,NORD SV-4,L1P,L
402FB4,G-JONZ,C172,CESSNA 172 Skyhawk,L1P,L
4031B4,G-JCJC,BALL,,B0-,-
4034B4,G-BTSX,BALL,,B0-,-
4036B4,G-BUOA,ULAC,,L0-,-
403DB4,G-BXGV,C172,CESSNA 172 Skyhawk,L1P,L
4041B4,G-BYOB,RF6,FOURNIER RF-6,L1P,L
4043B4,G-IOSO,DR10,CENTRE EST Ambassadeur,L1P,L
4045B4,G-CBAS,COY2,RANS Coyote 2,L1P,L
4046B4,G-LEXS,A109,AGUSTA AW-109 Grand,H2T,L
4048B4,G-PACT,P28A,PIPER PA-28-140/150/160/180,L1P,L
404CB4,G-CDCP,JAB4,JABIRU J200-450,L1P,L
4056B4,G-GZIP,GLID,,L0-,-
4059B4,G-CHMY,GLID,,L0-,-
405FB4,G-KRIB,R44,ROBINSON R-44 Raven,H1P,L
4062B4,G-MRPH,RBEL,MURPHY Rebel,L1P,L
4065B4,G-CLGU,GLID,,L0-,-
4067B4,G-RVTW,RV12,VANS RV-12,L1P,L
4069B4,G-CHXL,RV6,VANS RV-6,L1P,L
406BB4,G-NSEY,E195,EMBRAER ERJ-190-200,L2J,M
406CB4,G-CIMS,EFOX,AEROPRO Eurofox,L1P,L
406DB4,G-REYE,R44,ROBINSON R-44 Raven,H1P,L
4070B4,G-CJBV,YK52,YAKOVLEV Yak-52,L1P,L
4072B4,G-MSGI,MM24,MAGNI M-24 Orion,G1P,L
4073B4,G-FAZT,GLAS,Glasair,L1P,L
4075B4,G-VPOP,A35K,AIRBUS A-350-1000,L2J,H
4077B4,G-MCSL,S92,SIKORSKY S-92 Helibus,H2T,M
4079B4,G-RIDC,B429,BELL 429 GlobalRanger,H2T,L
407AB4,G-NOCM,C25A,CESSNA 525A Citation CJ2,L2J,L
407BB4,G-CMAA,EFOX,AEROPRO Eurofox,L1P,L
407CB4,G-RUKH,B738,BOEING 737-800,L2J,M
407DB4,G-CMFJ,P28A,PIPER PA-28-140/150/160/180,L1P,L
4244B4,VQ-BVD,A21N,AIRBUS A-321neo,L2J,M
4247B4,VP-CEX,FA7X,DASSAULT Falcon 7X,L3J,M
424BB4,M-JCBA,H160,AIRBUS HELICOPTERS H-160,H2T,L
43BEB4,VP-BAM,B738,BOEING 737-800,L2J,M
43C0B4,XX405,GAZL,AEROSPATIALE SA-341 Gazelle,H1T,L
43C2B4,ZZ418,B350,BEECHCRAFT Super King Air 350,L2T,M
43C8B4,ZM301,G12T,GROB G-120TP,L1T,L
43EBB4,2-ANLD,PA34,PIPER PA-34 Seneca,L2P,L
4400B4,OE-LEO,GLF6,GULFSTREAM G650,L2J,M
4403B4,OE-GLG,C55B,CESSNA 550B Citation Bravo,L2J,L
4405B4,OE-DCL,C172,CESSNA 172 Skyhawk,L1P,L
4406B4,OE-DPF,P28A,PIPER PA-28-140/150/160/180,L1P,L
4407B4,OE-GFM,B350,BEECHCRAFT Super King Air 350,L2T,M
4409B4,OE-KAE,S208,SIAI-MARCHETTI S-208,L1P,L
440BB4,OE-EMA,PC12,PILATUS PC-12,L1T,L
4488B4,OO-BET,C152,CESSNA 152,L1P,L
4489B4,OO-BMT,BALL,,B0-,-
448AB4,OO-BUT,BALL,,B0-,-
4495B4,OO-EMT,B407,BELL 407,H1T,L
44A8B4,OO-JET,P28A,PIPER PA-28-140/150/160/180,L1P,L
44B0B4,OO-LET,BE20,BEECH 200 Super King Air,L2T,M
44B5B4,OO-MMT,C56X,CESSNA 560XL Citation XLS,L2J,M
44B8B4,OO-NET,PA18,PIPER PA-18 Super Cub,L1P,L
44C1B4,OO-PMT,R22,ROBINSON R-22 Mariner,H1P,L
44D8B4,OO-VET,R44,ROBINSON R-44 Raven,H1P,L
451DB4,LZ-ETM,AT43,ATR-42-300,L2T,M
4520B4,LZ-DAJ,AT76,ATR-72-600,L2T,M
459CB4,OY-GET,BE33,BEECH 33 Bonanza,L1P,L
45A8B4,OY-JET,BALL,,B0-,-
45C1B4,OY-PMT,C172,CESSNA 172 Skyhawk,L1P,L
45CAB4,OY-RUT,MD82,MCDONNELL-DOUGLAS MD-82,L2J,M
4606B4,OH-COA,C152,CESSNA 152,L1P,L
461FB4,OH-MAE,M7,MAULE M-7,L1P,L
4684B4,SX-AET,DA40,DIAMOND DA-40 Club Star,L1P,L
4689B4,SX-BMT,SW4,SWEARINGEN Metro,L2T,M
46A8B4,SX-JET,FA7X,DASSAULT Falcon 7X,L3J,M
4784B4,LN-DHZ,VAMP,DE HAVILLAND DH-100/115 Vampire,L1J,L
4787B4,LN-OVV,AS50,AEROSPATIALE AS-350 Ecureuil,H1T,L
47A2B4,LN-PFF,DA42,DIAMOND DA-42 Guardian,L2P,L
47C2B4,LN-PNB,PA31,PIPER PA-31-300/310/325/350/425,L2P,L
4840B4,PJ-WIP,DHC6,DE HAVILLAND DHC-6 Twin Otter,L2T,L
4841B4,PH-VBG,F2TH,DASSAULT Falcon 2000,L2J,M
4844B4,P4-SAT,CL60,BOMBARDIER CL-600 Challenger,L2J,M
4847B4,PH-VFB,P28A,PIPER PA-28-140/150/160/180,L1P,L
484AB4,PH-1255,AS24,SCHLEICHER ASW-24,L1P,L
484BB4,PH-1433,GLID,,L0-,-
484CB4,PH-BCA,B738,BOEING 737-800,L2J,M
484DB4,PH-1T6,ULAC,,L0-,-
4851B4,PH-4M3,JK05,EKOLOT JK-05,L1P,L
4853B4,PH-1PT,ZZZZ,,-0-,-
4854B4,PH-1VE,ZZZZ,,-0-,-
4855B4,PH-2KC,ZZZZ,,-0-,-
4856B4,PH-2SU,ZZZZ,,-0-,-
485FB4,PH-1643,GLID,,L0-,-
4860B4,PH-GLZ,EUPA,Europa,L1P,L
4880B4,SP-AFW,PZ04,PZL-OKECIE PZL-104 Wilga,L1P,L
488EB4,SP-DZW,P06T,TECNAM P-2006T,L2P,L
4891B4,SP-ENW,B738,BOEING 737-800,L2J,M
48A1B4,SP-INW,R44,ROBINSON R-44 Raven,H1P,L
4910B4,CS-DET,TB20,SOCATA TB-20 Trinidad,L1P,L
4956B4,CS-UUT,ULAC,,L0-,-
497CB4,29704,A119,AGUSTA AW-119 Koala,H1T,L
4984B4,0476,L39,LET L-39 Albatros,L1J,L
49C0B4,OK-SAA38,TL30,TL ULTRALIGHT TL-3000 Sirius,L1P,L
49C2B4,OK-ZUK07,ECHO,TECNAM P-92 Echo,L1P,L
49D1B4,OK-SLD,L410,LET L-410 Turbolet,L2T,L
49D3B4,OK-PPL,DV20,DIAMOND DA-20,L1P,L
4A41B4,YR-PMT,AN2,ANTONOV An-2,L1P,L
4AB4B4,SE-MET,C172,CESSNA 172 Skyhawk,L1P,L
4AC8B4,SE-RET,B737,BOEING 737-700,L2J,M
4AC9B4,SE-RMT,GLEX,BOMBARDIER BD-700 Global 6000/6500,L2J,M
4ADAB4,SE-VUT,C42,IKARUS C-42 Bison,L1P,L
4B04B4,HB-BUI,BALL,,B0-,-
4B05B4,HB-CEE,C150,CESSNA 150,L1P,L
4B07B4,HB-CXW,C152,CESSNA 152,L1P,L
4B08B4,HB-DHS,M20P,MOONEY M-20,L1P,L
4B0AB4,HB-EBK,DR10,CENTRE EST Ambassadeur,L1P,L
4B19B4,HB-JTC,F2TH,DASSAULT Falcon 2000,L2J,M
4B1AB4,HB-KCY,M7T,MAULE M-7-420 Turbine,L1T,L
4B1BB4,HB-KMU,P208,TECNAM P-2008,L1P,L
4B27B4,HB-PAY,PA18,PIPER PA-18 Super Cub,L1P,L
4B2DB4,HB-RIA,ZZZZ,,-0-,-
4B3AB4,HB-WGA,MM16,MAGNI M-16 Tandem Trainer,G1P,L
4B40B4,HB-YNC,RV7,VANS RV-7,L1P,L
4B43B4,HB-ZQQ,A109,AGUSTA AW-109 Grand,H2T,L
4B49B4,HB-1293,GLID,,L0-,-
4B4CB4,HB-2061,PK20,PIK 20E,L1P,L
4B4DB4,HB-2317,GLID,,L0-,-
4B50B4,HB-3085,GLID,,L0-,-
4B51B4,HB-3341,GLID,,L0-,-
4B7FB4,A-936,PC7,PILATUS PC-7 Astra,L1T,L
4CA7B4,EI-EFY,B738,BOEING 737-800,L2J,M
4CAAB4,EI-IMX,A319,AIRBUS A-319,L2J,M
4CACB4,EI-SIA,A20N,AIRBUS A-320neo,L2J,M
4CAFB4,EI-GSH,B738,BOEING 737-800,L2J,M
4D21B4,9H-PGS,A346,AIRBUS A-340-600,L4J,H
4D22B4,9H-LOI,A320,AIRBUS A-320,L2J,M
5001B4,T7-RTX,B737,BOEING 737-700,L2J,M
5002B4,T7-SON,B77W,BOEING 777-300ER,L2J,H
503DB4,LY-VEF,A320,AIRBUS A-320,L2J,M
505DB4,OM-DBT,C182,CESSNA 182 Skylane,L1P,L
506DB4,S5-DBX,C172,CESSNA 172 Skyhawk,L1P,L
5082B4,UR-ATB,B429,BELL 429 GlobalRanger,H2T,L
5083B4,UR-PRT,H25B,HAWKER BEECHCRAFT Hawker 750/850,L2J,M
5110B4,ES-HRK,R44,ROBINSON R-44 Raven,H1P,L
5140B4,4L-MWC,B737,BOEING 737-700,L2J,M
7020B4,S2-AJH,B738,BOEING 737-800,L2J,M
704CB4,XY-ALA,CRJ2,BOMBARDIER Regional Jet CRJ-200,L2J,M
70A9B4,9N-ANS,DH8D,DE HAVILLAND DHC-8-400 Dash 8,L2T,M
70C0B4,A4O-AE,GLF5,GULFSTREAM 5,L2J,M
7100B4,HZ-ARB,B789,BOEING 787-9 Dreamliner,L2J,H
7328B4,EP-JET,E145,EMBRAER ERJ-145,L2J,M
7394B4,4X-HYH,TEXA,FLY SYNTHESIS Texan,L1P,L
7503B4,9M-WAS,A139,AGUSTA AW-139,H2T,L
7582B4,RP-C3273,A320,AIRBUS A-320,L2J,M
7585B4,RP-C8949,A320,AIRBUS A-320,L2J,M
7609B4,AP-BMT,B733,BOEING 737-300,L2J,M
76CDB4,9V-SMT,A359,AIRBUS A-350-900,L2J,H
7800B4,B-3645,C525,CESSNA 525 CitationJet,L2J,L
7801B4,B-HLU,A333,AIRBUS A-330-300,L2J,H
7804B4,B-6367,A321,AIRBUS A-321,L2J,M
7805B4,B-8099,GLF4,GULFSTREAM 4,L2J,M
7806B4,B-6519,A332,AIRBUS A-330-200,L2J,H
7807B4,B-5620,B738,BOEING 737-800,L2J,M
7808B4,B-5672,B738,BOEING 737-800,L2J,M
7809B4,B-5730,B738,BOEING 737-800,L2J,M
780BB4,B-9983,A320,AIRBUS A-320,L2J,M
780CB4,B-1997,B738,BOEING 737-800,L2J,M
780DB4,B-6475,A319,AIRBUS A-319,L2J,M
780EB4,B-8162,A320,AIRBUS A-320,L2J,M
780FB4,B-8492,A321,AIRBUS A-321,L2J,M
7810B4,B-8846,A320,AIRBUS A-320,L2J,M
7811B4,B-1470,B738,BOEING 737-800,L2J,M
7812B4,B-1028,A320,AIRBUS A-320,L2J,M
7813B4,B-1089,A21N,AIRBUS A-321neo,L2J,M
7814B4,B-301D,A359,AIRBUS A-350-900,L2J,H
7815B4,B-304Y,A20N,AIRBUS A-320neo,L2J,M
7816B4,B-308N,A20N,AIRBUS A-320neo,L2J,M
7817B4,B-20DM,B77W,BOEING 777-300ER,L2J,H
7818B4,B-7950,C172,CESSNA 172 Skyhawk,L1P,L
781AB4,B-123J,DA42,DIAMOND DA-42 Guardian,L2P,L
781BB4,B-650Z,AJ27,COMAC ARJ-21-700 Xiangfeng,L2J,M
781DB4,B-221Q,B738,BOEING 737-800,L2J,M
7A42B4,7413,ZZZZ,,-0-,-
7BB0B4,B-2682,B737,BOEING 737-700,L2J,M
7C0DB4,VH-CZQ,C182,CESSNA 182 Skylane,L1P,L
7C0FB4,VH-DDY,AC11,NORTH AMERICAN ROCKWELL Commander 112/114,L1P,L
7C15B4,VH-EKM,C185,CESSNA 185 Skywagon,L1P,L
7C1CB4,VH-FYE,C177,CESSNA  177 Cardinal,L1P,L
7C1EB4,VH-GCM,GLID,,L0-,-
7C24B4,VH-HJA,R44,ROBINSON R-44 Raven,H1P,L
7C26B4,VH-HXI,C182,CESSNA 182 Skylane,L1P,L
7C30B4,VH-JWM,HUSK,CHRISTEN Husky,L1P,L
7C32B4,VH-KAU,BE36,BEECH 36 Bonanza,L1P,L
7C33B4,VH-KHY,B212,BELL 212,H2T,L
7C37B4,VH-LAE,C402,CESSNA 402 Businessliner,L2P,L
7C44B4,VH-NUU,F70,FOKKER 70,L2J,M
7C48B4,VH-ONA,C190,CESSNA 190,L1P,L
7C49B4,VH-OUE,AT8T,AIR TRACTOR AT-802,L1T,M
7C4CB4,VH-PFQ,PAY4,PIPER PA-42-1000 Cheyenne 400,L2T,L
7C4DB4,VH-PMU,P28A,PIPER PA-28-140/150/160/180,L1P,L
7C5DB4,VH-SSM,PA18,PIPER PA-18 Super Cub,L1P,L
7C5EB4,VH-SZQ,JAB4,JABIRU J200-450,L1P,L
7C63B4,VH-TZA,R22,ROBINSON R-22 Mariner,H1P,L
7C66B4,VH-UKM,VENT,SCHEMPP-HIRTH Ventus,L1P,L
7C68B4,VH-UYU,Y18T,YAKOVLEV Yak-18T,L1P,L
7C6CB4,VH-VRA,PA31,PIPER PA-31-300/310/325/350/425,L2P,L
7C6DB4,VH-VYE,B738,BOEING 737-800,L2J,M
7C70B4,VH-WJQ,P28B,PIPER PA-28-201T/235/236,L1P,L
7C72B4,VH-WXY,C182,CESSNA 182 Skylane,L1P,L
7C75B4,VH-XJA,B06,BELL 206 JetRanger,H1T,L
7C79B4,VH-YBQ,DA42,DIAMOND DA-42 Guardian,L2P,L
7C7AB4,VH-YIU,B738,BOEING 737-800,L2J,M
7C7FB4,VH-ZIE,C172,CESSNA 172 Skyhawk,L1P,L
7C80B4,VH-ZPI,EC30,AIRBUS HELICOPTERS EC-130,H1T,L
7C81B4,VH-ZWM,AC11,NORTH AMERICAN ROCKWELL Commander 112/114,L1P,L
7CC3B4,24-8560,JABI,Jabiru J120,L1P,L
7CC4B4,24-7530,JAB4,JABIRU J200-450,L1P,L
7CF9B4,N48-021,H60,SIKORSKY UH-60 Black Hawk,H2T,M
8002B4,H2375,A748,AVRO 748,L2T,M
8006B4,VT-OFX,C172,CESSNA 172 Skyhawk,L1P,L
8007B4,VT-RGW,C172,CESSNA 172 Skyhawk,L1P,L
800BB4,VT-ITH,A20N,AIRBUS A-320neo,L2J,M
800DB4,VT-TGG,B738,BOEING 737-800,L2J,M
8013B4,VT-WJR,A20N,AIRBUS A-320neo,L2J,M
8014B4,VT-IMD,A21N,AIRBUS A-321neo,L2J,M
8403B4,JA010Y,B430,BELL 430,H2T,L
8463B4,JA12RJ,CRJ7,BOMBARDIER Regional Jet CRJ-700,L2J,M
8514B4,JA321J,B738,BOEING 737-800,L2J,M
861AB4,JA6004,A109,AGUSTA AW-109 Grand,H2T,L
861EB4,JA613A,B763,BOEING 767-300,L2J,H
8675B4,JA709A,B772,BOEING 777-200,L2J,H
8681B4,JA73NN,B738,BOEING 737-800,L2J,M
8815B4,HS-EMT,C550,CESSNA 550 Citation S2,L2J,L
8850B4,HS-TET,A333,AIRBUS A-330-300,L2J,H
8880B4,VN-A605,A321,AIRBUS A-321,L2J,M
8940B4,A9C-SJW,B737,BOEING 737-700,L2J,M
8960B4,A6-HRM,B744,BOEING 747-400,L4J,H
8961B4,A6-COM,B744,BOEING 747-400,L4J,H
8963B4,A6-FER,B738,BOEING 737-800,L2J,M
8964B4,A6-EVF,A388,AIRBUS A-380-800,L4J,H
8965B4,A6-FMX,B38M,BOEING 737 MAX 8,L2J,M
8990B4,B-16218,A321,AIRBUS A-321,L2J,M
8991B4,B-18306,A333,AIRBUS A-330-300,L2J,H
8A04B4,PK-MYI,B733,BOEING 737-300,L2J,M
8A05B4,PK-FGG,BK17,EUROCOPTER BK117 C-1/2,H2T,L
8A06B4,PK-LQK,B38M,BOEING 737 MAX 8,L2J,M
8A08B4,PK-SNB,PC6T,PILATUS PC-6 Turbo-Porter,L1T,L
A000B4,N1HC,GLF5,GULFSTREAM 5,L2J,M
A001B4,N1TJ,P46T,PIPER PA-46-500TP,L1T,L
A002B4,N10DP,B47G,BELL 47G,H1P,L
A004B4,N100A,GLF6,GULFSTREAM G650,L2J,M
A008B4,N101CY,,,,
A00CB4,N102FW,UH1,BELL UH-1 Huey,H1T,L
A00DB4,N102SB,BE60,BEECH 60 Duke,L2P,L
A011B4,N103V,RV8,VANS RV-8,L1P,L
A013B4,N104BL,,,,
A016B4,N10454,C150,CESSNA 150,L1P,L
A017B4,N105EJ,DRON,,D0-,-
A01AB4,N10577,C150,CESSNA 150,L1P,L
A01CB4,N106TN,M20T,MOONEY M-20T,L1P,L
A021B4,N10742,C150,CESSNA 150,L1P,L
A023B4,N108PC,PA16,PIPER PA-16 Clipper,L1P,L
A025B4,N10865,ZZZZ,,-0-,-
A02AB4,N11JT,C150,CESSNA 150,L1P,L
A02BB4,N11UZ,P32R,PIPER PA-32R-300/301/301T,L1P,L
A02CB4,N110FD,C25A,CESSNA 525A Citation CJ2,L2J,L
A02DB4,N110RK,RV8,VANS RV-8,L1P,L
A02EB4,N1101F,SA6,STITS SA-6 Flut-R-Bug,L1P,L
A02FB4,N1108S,GLID,,L0-,-
A031B4,N111UH,R22,ROBINSON R-22 Mariner,H1P,L
A037B4,N113DS,SR22,CIRRUS SR-22,L1P,L
A039B4,N1130D,PC12,PILATUS PC-12,L1T,L
A03CB4,N114SW,ULAC,,L0-,-
A03DB4,N1142G,M20P,MOONEY M-20,L1P,L
A048B4,N1171E,BALL,,B0-,-
A049B4,N1178R,DHC2,DE HAVILLAND DHC-2 Beaver,L1P,L
A04CB4,N1183H,AR15,AERONCA 15 Sedan,L1P,L
A04DB4,N119AT,PA38,PIPER PA-38 Tomahawk,L1P,L
A050B4,N1195L,AA5,AMERICAN AA-5 Tiger,L1P,L
A052B4,N12PX,AEST,AEROSTAR 600,L2P,L
A053B4,N120AB,R44,ROBINSON R-44 Raven,H1P,L
A055B4,N120WP,SR22,CIRRUS SR-22,L1P,L
A056B4,N12045,RV6,VANS RV-6,L1P,L
A057B4,N121D,BE33,BEECH 33 Bonanza,L1P,L
A058B4,N121PF,RV4,VANS RV-4,L1P,L
A05AB4,N12168,C172,CESSNA 172 Skyhawk,L1P,L
A05CB4,N122SD,,,,
A05DB4,N12210,C172,CESSNA 172 Skyhawk,L1P,L
A05EB4,N1229A,B763,BOEING 767-300,L2J,H
A05FB4,N123JW,PA34,PIPER PA-34 Seneca,L2P,L
A060B4,N123VB,AA5,AMERICAN AA-5 Tiger,L1P,L
A061B4,N12333,,,,
A064B4,N124Y,WACF,WACO F,L1P,L
A065B4,N12456,C172,CESSNA 172 Skyhawk,L1P,L
A068B4,N1250Y,BE35,BEECH 35 Starfire Bonanza,L1P,L
A069B4,N12579,C172,CESSNA 172 Skyhawk,L1P,L
A06AB4,N126HJ,PA24,PIPER PA-24 Comanche,L1P,L
A06DB4,N127AA,A321,AIRBUS A-321,L2J,M
A070B4,N12744,COL4,CESSNA 400 Corvalis TT,L1P,L
A074B4,N12867,C172,CESSNA 172 Skyhawk,L1P,L
A076B4,N129SC,PA32,PIPER PA-32,L1P,L
A078B4,N1299,ERCO,AIR PRODUCTS F-1 Aircoupe,L1P,L
A07AB4,N13VA,RV9,VANS RV-9,L1P,L
A07DB4,N1301H,AR15,AERONCA 15 Sedan,L1P,L
A07EB4,N1308U,C150,CESSNA 150,L1P,L
A07FB4,N131JD,C172,CESSNA 172 Skyhawk,L1P,L
A082B4,N132AW,CH60,ZENAIR CH-600 Zodiac,L1P,L
A083B4,N132MB,,,,
A086B4,N133DU,BCS1,AIRBUS A220-100,L2J,M
A087B4,N133Q,BE35,BEECH 35 Starfire Bonanza,L1P,L
A08AB4,N134GS,,,,
A08BB4,N134SY,E75L,EMBRAER ERJ-170-200 (long wing),L2J,M
A091B4,N136CG,C130,LOCKHEED C-130 Hercules,L4T,M
A095B4,N137FE,B763,BOEING 767-300,L2J,H
A097B4,N1371G,C310,CESSNA 310,L2P,L
A0A0B4,N14DT,B505,BELL 505 JetRanger X,H1T,L
A0A1B4,N14PZ,P28B,PIPER PA-28-201T/235/236,L1P,L
A0A5B4,N14047,WACC,WACO C/S,L1P,L
A0AAB4,N142G,RV6,VANS RV-6,L1P,L
A0ADB4,N1429C,PA22,PIPER PA-22,L1P,L
A0B4B4,N14458,BE17,BEECH 17 Staggerwing,L1P,L
A0BAB4,N146TS,DA40,DIAMOND DA-40 Club Star,L1P,L
A0BBB4,N14623,C172,CESSNA 172 Skyhawk,L1P,L
A0BDB4,N147LJ,BE9L,BEECH 90 King Air,L2T,L
A0BFB4,N14746,BL17,BELLANCA 17 Viking,L1P,L
A0C0B4,N148DA,DV20,DIAMOND DA-20,L1P,L
A0C5B4,N149SE,PARA,,P0-,-
A0C6B4,N14911,,,,
A0C7B4,N1499B,L8,LUSCOMBE 8,L1P,L
A0CDB4,N1508W,BALL,,B0-,-
A0CEB4,N151JF,P28R,PIPER PA-28R-180/200/201,L1P,L
A0D4B4,N1525R,BALL,,B0-,-
A0D5B4,N153DW,CH70,ZENAIR CH-701 Stol,L1P,L
A0DAB4,N154T,PA18,PIPER PA-18 Super Cub,L1P,L
A0DFB4,N1554P,PA18,PIPER PA-18 Super Cub,L1P,L
A0E6B4,N1571J,P28A,PIPER PA-28-140/150/160/180,L1P,L
A0ECB4,N159MC,SW4,SWEARINGEN Metro,L2T,M
A0EFB4,N16DV,BL8,BELLANCA 8 Decathlon,L1P,L
A0F1B4,N160AF,LNP4,LANCAIR PropJet 4,L1T,L
A0F2B4,N160LM,PA24,PIPER PA-24 Comanche,L1P,L
A0F4B4,N16049,C150,CESSNA 150,L1P,L
A0F5B4,N161DD,R22,ROBINSON R-22 Mariner,H1P,L
A0F9B4,N162GB,GALX,GULFSTREAM G200,L2J,M
A0FBB4,N16214,WACC,WACO C/S,L1P,L
A0FCB4,N1629E,C172,CESSNA 172 Skyhawk,L1P,L
A106B4,N16502,E135,EMBRAER ERJ-135,L2J,M
A107B4,N1658C,C172,CESSNA 172 Skyhawk,L1P,L
A10CB4,N167LL,ULAC,,L0-,-
A113B4,N169GA,RF6,FOURNIER RF-6,L1P,L
A118B4,N17VE,GLST,GLASAIR SH-4 GlaStar,L1P,L
A11AB4,N170RR,,,,
A11DB4,N171JH,SF50,CIRRUS SF-50 Vision,L1J,L
A11EB4,N171UP,A306,AIRBUS A-300-600,L2J,H
A11FB4,N1713Q,C150,CESSNA 150,L1P,L
A120B4,N172B,C172,CESSNA 172 Skyhawk,L1P,L
A123B4,N1725T,P28A,PIPER PA-28-140/150/160/180,L1P,L
A129B4,N174TB,BL8,BELLANCA 8 Decathlon,L1P,L
A12DB4,N175W,PA22,PIPER PA-22,L1P,L
A133B4,N177FJ,C177,CESSNA  177 Cardinal,L1P,L
A139B4,N1783P,,,,
A13BB4,N179ME,T206,CESSNA T206 Turbo Stationair,L1P,L
A13EB4,N18DX,,,,
A140B4,N180AH,C180,CESSNA  180 Skywagon,L1P,L
A143B4,N180SA,A319,AIRBUS A-319,L2J,M
A144B4,N181DF,DA40,DIAMOND DA-40 Club Star,L1P,L
A14EB4,N18339,TAYA,TAYLORCRAFT A,L1P,L
A150B4,N184N,GLID,,L0-,-
A153B4,N185ES,C185,CESSNA 185 Skywagon,L1P,L
A159B4,N18627,C150,CESSNA 150,L1P,L
A15DB4,N1875,SA11,STITS SA-11 Playmate,L1P,L
A161B4,N1887C,C170,CESSNA 170,L1P,L
A162B4,N189GC,DHC6,DE HAVILLAND DHC-6 Twin Otter,L2T,L
A164B4,N18915,,,,
A166B4,N19KA,GLID,,L0-,-
A167B4,N19VG,P46T,PIPER PA-46-500TP,L1T,L
A16AB4,N1901P,PA24,PIPER PA-24 Comanche,L1P,L
A16BB4,N19080,C150,CESSNA 150,L1P,L
A16CB4,N191JK,BE36,BEECH 36 Bonanza,L1P,L
A16FB4,N192BB,MONI,MONNETT Moni,L1P,L
A170B4,N192MH,RV9,VANS RV-9,L1P,L
A172B4,N1925V,C140,CESSNA 140,L1P,L
A176B4,N1937Y,M20P,MOONEY M-20,L1P,L
A178B4,N194TD,CL30,BOMBARDIER BD-100 Challenger 300,L2J,M
A179B4,N1942Q,ST75,STEARMAN Kaydet,L1P,L
A17BB4,N195KW,C195,CESSNA 195,L1P,L
A17CB4,N195WB,C195,CESSNA 195,L1P,L
A17DB4,N1954T,P28A,PIPER PA-28-140/150/160/180,L1P,L
A183B4,N197RS,RV12,VANS RV-12,L1P,L
A185B4,N1978Z,C150,CESSNA 150,L1P,L
A186B4,N198JJ,BL8,BELLANCA 8 Decathlon,L1P,L
A189B4,N199BA,E55P,EMBRAER EMB-505 Phenom 300,L2J,M
A18AB4,N199MG,SR22,CIRRUS SR-22,L1P,L
A18CB4,N1995U,C185,CESSNA 185 Skywagon,L1P,L
A18EB4,N2QE,GL5T,BOMBARDIER BD-700 Global 5000/5500,L2J,M
A18FB4,N20AK,GLST,GLASAIR SH-4 GlaStar,L1P,L
A190B4,N20LR,AEST,AEROSTAR 600,L2P,L
A191B4,N20WX,RV7,VANS RV-7,L1P,L
A195B4,N20095,C172,CESSNA 172 Skyhawk,L1P,L
A196B4,N201L,B25,CONSOLIDATED B-25 Mitchell,L2P,M
A198B4,N2014X,C182,CESSNA 182 Skylane,L1P,L
A199B4,N202CS,,,,
A19AB4,N202NY,C172,CESSNA 172 Skyhawk,L1P,L
A1AAB4,N2060Q,C77R,CESSNA 177RG Cardinal RG,L1P,L
A1ABB4,N20671,BALL,,B0-,-
A1ACB4,N207HA,C207,CESSNA 207 Turbo Stationair,L1P,L
A1AEB4,N2072T,P28R,PIPER PA-28R-180/200/201,L1P,L
A1AFB4,N20794,C182,CESSNA 182 Skylane,L1P,L
A1B2B4,N2084W,BE35,BEECH 35 Starfire Bonanza,L1P,L
A1B6B4,N2096Z,C150,CESSNA 150,L1P,L
A1B8B4,N21RV,RV4,VANS RV-4,L1P,L
A1B9B4,N210C,P210,CESSNA P210 Centurion,L1P,L
A1BEB4,N211RD,RV7,VANS RV-7,L1P,L
A1C0B4,N2118L,C72R,CESSNA 172R Cutlass RG,L1P,L
A1C3B4,N2123C,C195,CESSNA 195,L1P,L
A1C4B4,N213AN,C172,CESSNA 172 Skyhawk,L1P,L
A1C7B4,N2135F,P28A,PIPER PA-28-140/150/160/180,L1P,L
A1C9B4,N214PS,RV14,VANS RV-14,L1P,L
A1CBB4,N2147J,P28R,PIPER PA-28R-180/200/201,L1P,L
A1CEB4,N2152A,P28A,PIPER PA-28-140/150/160/180,L1P,L
A1D6B4,N2176G,C182,CESSNA 182 Skylane,L1P,L
A1D9B4,N21809,C172,CESSNA 172 Skyhawk,L1P,L
A1DCB4,N219UA,B772,BOEING 777-200,L2J,H
A1DDB4,N2193B,L8,LUSCOMBE 8,L1P,L
A1E0B4,N22WZ,,,,
A1E1B4,N220HD,C310,CESSNA 310,L2P,L
A1E3B4,N2202W,P28A,PIPER PA-28-140/150/160/180,L1P,L
A1E4B4,N22097,BE36,BEECH 36 Bonanza,L1P,L
A1E9B4,N222P,ERCO,AIR PRODUCTS F-1 Aircoupe,L1P,L
A1EBB4,N22262,PA32,PIPER PA-32,L1P,L
A1EFB4,N22385,C150,CESSNA 150,L1P,L
A1F0B4,N224JQ,E75L,EMBRAER ERJ-170-200 (long wing),L2J,M
A1F9B4,N2260S,T210,CESSNA T210 Turbo Centurion,L1P,L
A1FAB4,N22673,C150,CESSNA 150,L1P,L
A1FCB4,N227TJ,DV20,DIAMOND DA-20,L1P,L
A1FDB4,N2272V,C72R,CESSNA 172R Cutlass RG,L1P,L
A1FEB4,N22796,O1,CESSNA 305/341 Bird Dog,L1P,L
A1FFB4,N228LA,AS50,AEROSPATIALE AS-350 Ecureuil,H1T,L
A201B4,N2284Y,C177,CESSNA  177 Cardinal,L1P,L
A202B4,N229CT,FDCT,FLIGHT DESIGN CT,L1P,L
A208B4,N230CB,EC20,AIRBUS HELICOPTERS EC-120,H1T,L
A20BB4,N2306K,L8,LUSCOMBE 8,L1P,L
A20DB4,N231RF,M20P,MOONEY M-20,L1P,L
A212B4,N2323E,BE36,BEECH 36 Bonanza,L1P,L
A216B4,N2335H,ERCO,AIR PRODUCTS F-1 Aircoupe,L1P,L
A219B4,N2340,SA30,STOLP Starduster Too,L1P,L
A21EB4,N2359P,PA18,PIPER PA-18 Super Cub,L1P,L
A221B4,N2364F,C210,CESSNA 201 Centurion,L1P,L
A222B4,N237CA,C206,CESSNA  206 Stationair,L1P,L
A225B4,N2376J,BE23,BEECH 23 Sundowner,L1P,L
A229B4,N2388M,PA12,PIPER PA-12 Super Cruiser,L1P,L
A22CB4,N2393D,C170,CESSNA 170,L1P,L
A22DB4,N24AP,P28A,PIPER PA-28-140/150/160/180,L1P,L
A22EB4,N24LV,,,,
A231B4,N240TM,C240,CESSNA 240 Corvalis TTx,L1P,L
A232B4,N2402Y,L8,LUSCOMBE 8,L1P,L
A23AB4,N24264,C152,CESSNA 152,L1P,L
A23CB4,N243S,DSA1,SMITH DSA-1 Miniplane,L1P,L
A23EB4,N24387,TAYB,TAYLORCRAFT BC/BF/BL,L1P,L
A246B4,N246EG,SR22,CIRRUS SR-22,L1P,L
A248B4,N2460U,P28A,PIPER PA-28-140/150/160/180,L1P,L
A24CB4,N2472X,C182,CESSNA 182 Skylane,L1P,L
A250B4,N24840,J3,PIPER J-3 Cub,L1P,L
A252B4,N249PA,DRON,,D0-,-
A255B4,N25FT,PA23,PIPER PA-23,L2P,L
A258B4,N250NK,BE20,BEECH 200 Super King Air,L2T,M
A25DB4,N2511D,C182,CESSNA 182 Skylane,L1P,L
A25EB4,N2518Q,C182,CESSNA 182 Skylane,L1P,L
A261B4,N2523G,C182,CESSNA 182 Skylane,L1P,L
A26CB4,N2552E,CH7A,BELLANCA 7 Champion,L1P,L
A270B4,N2564H,,,,
A274B4,N2576L,C172,CESSNA 172 Skyhawk,L1P,L
A275B4,N258FA,S22T,CIRRUS SR-22T Turbo,L1P,L
A277B4,N2581C,C170,CESSNA 170,L1P,L
A278B4,N2588P,PA18,PIPER PA-18 Super Cub,L1P,L
A27CB4,N26AR,BE9L,BEECH 90 King Air,L2T,L
A280B4,N260TP,F260,AERMACCHI SF-260,L1P,L
A282B4,N261A,P28A,PIPER PA-28-140/150/160/180,L1P,L
A283B4,N261LF,B763,BOEING 767-300,L2J,H
A287B4,N262PD,PTS1,PITTS S-1 Special,L1P,L
A289B4,N26266,AA5,AMERICAN AA-5 Tiger,L1P,L
A28DB4,N26389,AA5,AMERICAN AA-5 Tiger,L1P,L
A294B4,N26554,TAYB,TAYLORCRAFT BC/BF/BL,L1P,L
A297B4,N2660W,M20P,MOONEY M-20,L1P,L
A298B4,N26677,TAYB,TAYLORCRAFT BC/BF/BL,L1P,L
A29BB4,N2672Z,CH7B,BELLANCA 7 Citabria,L1P,L
A2A1B4,N269PC,C340,CESSNA 340 Super,L2P,L
A2A6B4,N270CF,S211,SIAI-MARCHETTI S-211,L1J,L
A2A9B4,N2706P,PA22,PIPER PA-22,L1P,L
A2ADB4,N2718S,C150,CESSNA 150,L1P,L
A2AEB4,N272JB,VJ22,VOLMER Sportsman,A1P,L
A2B4B4,N2735M,PA12,PIPER PA-12 Super Cruiser,L1P,L
A2B5B4,N274DS,DA40,DIAMOND DA-40 Club Star,L1P,L
A2B8B4,N2747Q,C182,CESSNA 182 Skylane,L1P,L
A2BBB4,N2752G,C182,CESSNA 182 Skylane,L1P,L
A2BCB4,N2759T,BE35,BEECH 35 Starfire Bonanza,L1P,L
A2BFB4,N2764K,L8,LUSCOMBE 8,L1P,L
A2C0B4,N277CE,CH60,ZENAIR CH-600 Zodiac,L1P,L
A2C3B4,N2776N,C140,CESSNA 140,L1P,L
A2C7B4,N2788R,,,,
A2CAB4,N2793H,GLID,,L0-,-
A2CCB4,N28LZ,T206,CESSNA T206 Turbo Stationair,L1P,L
A2CFB4,N280TR,S76,SIKORSKY S-76 Spirit,H2T,L
A2D0B4,N28022,BL17,BELLANCA 17 Viking,L1P,L
A2D1B4,N281AB,DRON,,D0-,-
A2D5B4,N282D,RBEL,MURPHY Rebel,L1P,L
A2D8B4,N28268,AA5,AMERICAN AA-5 Tiger,L1P,L
A2DAB4,N283SD,H60,SIKORSKY UH-60 Black Hawk,H2T,M
A2DBB4,N28310,AA5,AMERICAN AA-5 Tiger,L1P,L
A2DCB4,N2839A,C180,CESSNA  180 Skywagon,L1P,L
A2DFB4,N28433,AA5,AMERICAN AA-5 Tiger,L1P,L
A2E0B4,N285BN,A359,AIRBUS A-350-900,L2J,H
A2EDB4,N288WN,B737,BOEING 737-700,L2J,M
A2F2B4,N28967,P28B,PIPER PA-28-201T/235/236,L1P,L
A2F3B4,N29FX,AS50,AEROSPATIALE AS-350 Ecureuil,H1T,L
A2F4B4,N29SC,PA24,PIPER PA-24 Comanche,L1P,L
A2F5B4,N290CH,CL30,BOMBARDIER BD-100 Challenger 300,L2J,M
A2FFB4,N2923L,M20P,MOONEY M-20,L1P,L
A300B4,N293AW,DRON,,D0-,-
A306B4,N2940F,C182,CESSNA 182 Skylane,L1P,L
A309B4,N295SY,E75L,EMBRAER ERJ-170-200 (long wing),L2J,M
A313B4,N298FE,B763,BOEING 767-300,L2J,H
A316B4,N2988T,M200,NORTH AMERICAN ROCKWELL Commander 200,L1P,L
A317B4,N299JC,FA20,DASSAULT Falcon 200,L2J,M
A319B4,N2993K,L8,LUSCOMBE 8,L1P,L
A31BB4,N3MA,MU2,MITSUBISHI MU-2 Marquise,L2T,L
A31CB4,N3XG,RV7,VANS RV-7,L1P,L
A31DB4,N30HM,BE35,BEECH 35 Starfire Bonanza,L1P,L
A31EB4,N30TT,PA11,PIPER PA-11 Cub Special,L1P,L
A321B4,N3000K,PA32,PIPER PA-32,L1P,L
A322B4,N3007W,BE58,BEECH 58 Baron,L2P,L
A323B4,N301GW,C150,CESSNA 150,L1P,L
A325B4,N3012N,P28B,PIPER PA-28-201T/235/236,L1P,L
A328B4,N302W,BE36,BEECH 36 Bonanza,L1P,L
A329B4,N3024R,BALL,,B0-,-
A32AB4,N303CL,F2TH,DASSAULT Falcon 2000,L2J,M
A32DB4,N3036U,P28B,PIPER PA-28-201T/235/236,L1P,L
A330B4,N3041L,BE58,BEECH 58 Baron,L2P,L
A331B4,N3048X,C150,CESSNA 150,L1P,L
A334B4,N3053P,PA11,PIPER PA-11 Cub Special,L1P,L
A335B4,N306AZ,E55P,EMBRAER EMB-505 Phenom 300,L2J,M
A336B4,N306ME,T206,CESSNA T206 Turbo Stationair,L1P,L
A339B4,N307DX,A321,AIRBUS A-321,L2J,M
A33BB4,N3070J,C150,CESSNA 150,L1P,L
A33DB4,N308GV,E55P,EMBRAER EMB-505 Phenom 300,L2J,M
A33FB4,N3082M,PA12,PIPER PA-12 Super Cruiser,L1P,L
A340B4,N3089Y,C182,CESSNA 182 Skylane,L1P,L
A343B4,N3094Q,C182,CESSNA 182 Skylane,L1P,L
A344B4,N31CK,SR20,CIRRUS SR-20,L1P,L
A345B4,N31NR,RV7,VANS RV-7,L1P,L
A347B4,N310KB,RV6,VANS RV-6,L1P,L
A34BB4,N311N,BE60,BEECH 60 Duke,L2P,L
A350B4,N31204,,,,
A353B4,N313TW,AT5T,AIR TRACTOR AT-504,L1T,L
A355B4,N314AG,,,,
A358B4,N3145,GYRO,,G0-,-
A35AB4,N315PL,RV7,VANS RV-7,L1P,L
A35CB4,N3157C,AT3P,AIR TRACTOR AT-301/401,L1P,L
A35DB4,N316GC,BE20,BEECH 200 Super King Air,L2T,M
A35FB4,N31615,AT3P,AIR TRACTOR AT-301/401,L1P,L
A360B4,N3169F,PARA,,P0-,-
A363B4,N31738,AR65,AERONCA 65 Super Chief,L1P,L
A36AB4,N31903,AR65,AERONCA 65 Super Chief,L1P,L
A36CB4,N32HP,MU30,MITSUBISHI MU-300 Diamond,L2J,M
A373B4,N321TD,EAGL,CHRISTEN Eagle,L1P,L
A374B4,N3212Q,P28A,PIPER PA-28-140/150/160/180,L1P,L
A375B4,N32191,P28A,PIPER PA-28-140/150/160/180,L1P,L
A377B4,N322WB,R44,ROBINSON R-44 Raven,H1P,L
A37DB4,N324FL,E55P,EMBRAER EMB-505 Phenom 300,L2J,M
A384B4,N326BA,SW4,SWEARINGEN Metro,L2T,M
A385B4,N326MG,,,,
A387B4,N3265U,C182,CESSNA 182 Skylane,L1P,L
A388B4,N327DZ,PTMS,PITTS S-12 Super Stinker,L1P,L
A38EB4,N3282P,BALL,,B0-,-
A393B4,N33CM,PA18,PIPER PA-18 Super Cub,L1P,L
A395B4,N33YZ,M20P,MOONEY M-20,L1P,L
A399B4,N331BW,ERCO,AIR PRODUCTS F-1 Aircoupe,L1P,L
A39AB4,N331NB,A319,AIRBUS A-319,L2J,M
A3A1B4,N333HS,C510,CESSNA 510 Citation Mustang,L2J,L
A3AEB4,N33617,PA18,PIPER PA-18 Super Cub,L1P,L
A3B0B4,N337KC,C441,CESSNA 441 Conquest,L2T,L
A3B4B4,N338NA,AEST,AEROSTAR 600,L2P,L
A3BBB4,N34HR,GLID,,L0-,-
A3BCB4,N34TX,T34P,BEECH T-34 Mentor,L1P,L
A3BDB4,N340EB,C340,CESSNA 340 Super,L2P,L
A3C3B4,N3412S,C182,CESSNA 182 Skylane,L1P,L
A3C4B4,N34193,C177,CESSNA  177 Cardinal,L1P,L
A3C7B4,N3424V,C150,CESSNA 150,L1P,L
A3C9B4,N343NW,A320,AIRBUS A-320,L2J,M
A3CEB4,N3441Q,PA32,PIPER PA-32,L1P,L
A3CFB4,N34481,AR65,AERONCA 65 Super Chief,L1P,L
A3D1B4,N345US,M20P,MOONEY M-20,L1P,L
A3D2B4,N3453T,C177,CESSNA  177 Cardinal,L1P,L
A3D9B4,N3470N,M20P,MOONEY M-20,L1P,L
A3E2B4,N35CP,BL17,BELLANCA 17 Viking,L1P,L
A3E4B4,N35ZA,CH2T,ZENAIR CH-2000 Zenith,L1P,L
A3E5B4,N350KF,BE30,BEECH 300 Super King Air,L2T,L
A3E6B4,N350VM,B350,BEECHCRAFT Super King Air 350,L2T,M
A3EBB4,N3516F,C182,CESSNA 182 Skylane,L1P,L
A3F2B4,N3533A,PA22,PIPER PA-22,L1P,L
A3F3B4,N354AL,BE35,BEECH 35 Starfire Bonanza,L1P,L
A3F7B4,N355DJ,C185,CESSNA 185 Skywagon,L1P,L
A3FEB4,N3569K,J3,PIPER J-3 Cub,L1P,L
A406B4,N359EV,AS50,AEROSPATIALE AS-350 Ecureuil,H1T,L
A40EB4,N3600R,P28A,PIPER PA-28-140/150/160/180,L1P,L
A413B4,N36195,TAYB,TAYLORCRAFT BC/BF/BL,L1P,L
A417B4,N363CS,C82T,CESSNA TR182 Turbo Skylane RG,L1P,L
A41BB4,N364FQ,,,,
A41DB4,N3641S,AEST,AEROSTAR 600,L2P,L
A41EB4,N36483,TAYB,TAYLORCRAFT BC/BF/BL,L1P,L
A421B4,N3653V,C140,CESSNA 140,L1P,L
A425B4,N3665Y,C210,CESSNA 201 Centurion,L1P,L
A42CB4,N3682T,TF19,TAYLORCRAFT F-19 Sportsman,L1P,L
A431B4,N37CR,RV6,VANS RV-6,L1P,L
A434B4,N370KH,RV4,VANS RV-4,L1P,L
A437B4,N371C,HUSK,CHRISTEN Husky,L1P,L
A43AB4,N3716H,M20P,MOONEY M-20,L1P,L
A43EB4,N3728L,C172,CESSNA 172 Skyhawk,L1P,L
A441B4,N3733C,BE77,BEECH 77 Skipper,L1P,L
A444B4,N374X,RV7,VANS RV-7,L1P,L
A447B4,N375PS,GLST,GLASAIR SH-4 GlaStar,L1P,L
A44DB4,N3769M,P32R,PIPER PA-32R-300/301/301T,L1P,L
A44EB4,N377KG,RV7,VANS RV-7,L1P,L
A450B4,N3774D,C182,CESSNA 182 Skylane,L1P,L
A458B4,N3798K,P28A,PIPER PA-28-140/150/160/180,L1P,L
A459B4,N38HV,BEAR,AVIPRO RB-4 Bearhawk,L1P,L
A461B4,N3812W,PA32,PIPER PA-32,L1P,L
A462B4,N38197,P28A,PIPER PA-28-140/150/160/180,L1P,L
A465B4,N3824Z,BE24,BEECH 24 Sierra,L1P,L
A467B4,N383P,BE36,BEECH 36 Bonanza,L1P,L
A469B4,N38362,J3,PIPER J-3 Cub,L1P,L
A46DB4,N38485,P28R,PIPER PA-28R-180/200/201,L1P,L
A470B4,N3853X,VO10,NORTH AMERICAN ROCKWELL Commander 100,L1P,L
A474B4,N38650,BE36,BEECH 36 Bonanza,L1P,L
A477B4,N3870S,C172,CESSNA 172 Skyhawk,L1P,L
A478B4,N38773,P28R,PIPER PA-28R-180/200/201,L1P,L
A47DB4,N389LA,AT8T,AIR TRACTOR AT-802,L1T,M
A480B4,N39CT,P28R,PIPER PA-28R-180/200/201,L1P,L
A486B4,N391CB,BALL,,B0-,-
A489B4,N3916K,P28A,PIPER PA-28-140/150/160/180,L1P,L
A48CB4,N3921B,J3,PIPER J-3 Cub,L1P,L
A490B4,N3933E,AR11,AERONCA 11 Chief,L1P,L
A495B4,N395DN,B738,BOEING 737-800,L2J,M
A49AB4,N396SS,L11,TEMCO Sedan,L1P,L
A4A0B4,N398CA,CRJ7,BOMBARDIER Regional Jet CRJ-700,L2J,M
A4A6B4,N3991A,BE33,BEECH 33 Bonanza,L1P,L
A4A8B4,N4HX,BE17,BEECH 17 Staggerwing,L1P,L
A4A9B4,N4UC,,,,
A4AAB4,N40EH,GLAS,Glasair,L1P,L
A4AFB4,N4005M,SS2P,ROCKWELL Thrush Commander,L1P,L
A4B0B4,N401DS,PA34,PIPER PA-34 Seneca,L2P,L
A4B2B4,N4010D,SS2T,TRUSH Turbo Thrush 500/550,L1T,L
A4B6B4,N4022G,BALL,,B0-,-
A4BAB4,N4034K,RS12,RANS S-12 Super Airaile,L1P,L
A4BEB4,N4046N,C140,CESSNA 140,L1P,L
A4C2B4,N4058R,PA32,PIPER PA-32,L1P,L
A4C3B4,N406JA,C172,CESSNA 172 Skyhawk,L1P,L
A4C5B4,N4063H,M20P,MOONEY M-20,L1P,L
A4CBB4,N408PX,C408,CESSNA 408 SkyCourier,L2T,L
A4CDB4,N4087P,PA23,PIPER PA-23,L2P,L
A4CFB4,N409SV,AT46,ATR-42-600,L2T,M
A4D0B4,N4092F,B06,BELL 206 JetRanger,H1T,L
A4D1B4,N4099S,BE55,BEECH 55 Baron,L2P,L
A4D2B4,N41KM,,,,
A4D3B4,N41VT,,,,
A4D7B4,N4109A,PA23,PIPER PA-23,L2P,L
A4D9B4,N411VB,,,,
A4DBB4,N412BN,RV6,VANS RV-6,L1P,L
A4DEB4,N41256,J3,PIPER J-3 Cub,L1P,L
A4E1B4,N4130Y,DV20,DIAMOND DA-20,L1P,L
A4E2B4,N41379,P28A,PIPER PA-28-140/150/160/180,L1P,L
A4E5B4,N41421,P28A,PIPER PA-28-140/150/160/180,L1P,L
A4E8B4,N415WN,B737,BOEING 737-700,L2J,M
A4EBB4,N416PE,SF50,CIRRUS SF-50 Vision,L1J,L
A4EDB4,N41667,P28A,PIPER PA-28-140/150/160/180,L1P,L
A4EEB4,N417FX,E545,EMBRAER EMB545 Praetor 500,L2J,M
A4F1B4,N4179,MITE,MOONEY M-18,L1P,L
A4F5B4,N419BM,FOX,KITFOX,L1P,L
A4F9B4,N42EK,PTS1,PITTS S-1 Special,L1P,L
A4FBB4,N420AW,CRJ2,BOMBARDIER Regional Jet CRJ-200,L2J,M
A500B4,N421Q,C421,CESSNA 421 Executive Commuter,L2P,L
A501B4,N4210F,C172,CESSNA 172 Skyhawk,L1P,L
A502B4,N4217S,BE35,BEECH 35 Starfire Bonanza,L1P,L
A505B4,N4222J,P28A,PIPER PA-28-140/150/160/180,L1P,L
A506B4,N4229V,C170,CESSNA 170,L1P,L
A512B4,N426JC,,,,
A514B4,N4263K,,,,
A51EB4,N429SX,SONX,SONEX AIRCRAFT Sonex,L1P,L
A51FB4,N4292H,PA14,PIPER PA-14 Family Cruiser,L1P,L
A521B4,N43KP,,,,
A522B4,N43VV,RV8,VANS RV-8,L1P,L
A523B4,N430G,M20P,MOONEY M-20,L1P,L
A525B4,N43012,P28A,PIPER PA-28-140/150/160/180,L1P,L
A526B4,N4309C,PARA,,P0-,-
A52AB4,N432BQ,,,,
A52DB4,N43258,TAYB,TAYLORCRAFT BC/BF/BL,L1P,L
A530B4,N43300,TAYB,TAYLORCRAFT BC/BF/BL,L1P,L
A535B4,N435AC,,,,
A538B4,N43546,TAYB,TAYLORCRAFT BC/BF/BL,L1P,L
A539B4,N436DA,,,,
A53FB4,N43711,P28A,PIPER PA-28-140/150/160/180,L1P,L
A540B4,N4379B,C170,CESSNA 170,L1P,L
A542B4,N438VC,HUCO,BELL AH-1 HueyCobra,H1T,L
A543B4,N43834,,,,
A546B4,N439YA,,,,
A547B4,N43957,P28A,PIPER PA-28-140/150/160/180,L1P,L
A548B4,N44EM,S22T,CIRRUS SR-22T Turbo,L1P,L
A54BB4,N440MD,BALL,,B0-,-
A54DB4,N4405R,C172,CESSNA 172 Skyhawk,L1P,L
A551B4,N4417U,C150,CESSNA 150,L1P,L
A553B4,N442T,WAIX,SONEX Waiex,L1P,L
A554B4,N4422L,,,,
A555B4,N4429X,PA32,PIPER PA-32,L1P,L
A556B4,N443KS,C172,CESSNA 172 Skyhawk,L1P,L
A558B4,N4434P,FURY,HAWKER Fury,L1P,L
A55BB4,N444YW,,,,
A55CB4,N4446S,GYRO,,G0-,-
A56FB4,N4499W,P28A,PIPER PA-28-140/150/160/180,L1P,L
A571B4,N45VX,ALO2,SUD Alouette 2,H1T,L
A573B4,N450SH,ST75,STEARMAN Kaydet,L1P,L
A574B4,N45014,PA31,PIPER PA-31-300/310/325/350/425,L2P,L
A576B4,N451K,P51,NORTH AMERICAN P-51 Mustang,L1P,L
A57FB4,N45302,C150,CESSNA 150,L1P,L
A580B4,N4538C,C170,CESSNA 170,L1P,L
A583B4,N45425,L8,LUSCOMBE 8,L1P,L
A584B4,N455AE,AS50,AEROSPATIALE AS-350 Ecureuil,H1T,L
A588B4,N456DC,SR22,CIRRUS SR-22,L1P,L
A58BB4,N4567A,PA22,PIPER PA-22,L1P,L
A59FB4,N4610K,P210,CESSNA P210 Centurion,L1P,L
A5A0B4,N4617W,P210,CESSNA P210 Centurion,L1P,L
A5A3B4,N4622N,C182,CESSNA 182 Skylane,L1P,L
A5A4B4,N4629Z,PA22,PIPER PA-22,L1P,L
A5A7B4,N4634R,P28A,PIPER PA-28-140/150/160/180,L1P,L
A5B3B4,N467AZ,DRON,,D0-,-
A5B9B4,N4680J,GLAS,Glasair,L1P,L
A5BAB4,N4687V,C72R,CESSNA 172R Cutlass RG,L1P,L
A5BEB4,N4699Y,PA25,PIPER PA-25 Pawnee,L1P,L
A5BFB4,N47KT,B407,BELL 407,H1T,L
A5C2B4,N470SK,C68A,CESSNA 680 Citation Latitude,L2J,M
A5C4B4,N4709G,TAIL,WITTMAN Tailwind,L1P,L
A5C9B4,N472N,TVLB,TRAVEL AIR 2000,L1P,L
A5CBB4,N4726B,C152,CESSNA 152,L1P,L
A5CFB4,N4738E,CH7A,BELLANCA 7 Champion,L1P,L
A5D2B4,N47427,AR6T,AERONCA 65 Tandem,L1P,L
A5E5B4,N4796A,PA22,PIPER PA-22,L1P,L
A5E6B4,N48ER,AA5,AMERICAN AA-5 Tiger,L1P,L
A5E9B4,N480MH,EN48,ENSTROM TH-28,H1T,L
A5EBB4,N4805V,C72R,CESSNA 172R Cutlass RG,L1P,L
A5EFB4,N4817Y,PA25,PIPER PA-25 Pawnee,L1P,L
A5F3B4,N48291,TAYD,TAYLORCRAFT DC/DF/DL,L1P,L
A5FAB4,N4846W,AC11,NORTH AMERICAN ROCKWELL Commander 112/114,L1P,L
A602B4,N487BA,MT,ROTORSPORT MTOSport,G1P,L
A608B4,N4880L,P28A,PIPER PA-28-140/150/160/180,L1P,L
A60BB4,N489TC,PA31,PIPER PA-31-300/310/325/350/425,L2P,L
A60DB4,N48990,C152,CESSNA 152,L1P,L
A60FB4,N49WA,LJ25,LEARJET 25,L2J,L
A618B4,N492NB,ULAC,,L0-,-
A61DB4,N49306,PTS1,PITTS S-1 Special,L1P,L
A624B4,N495WW,C82T,CESSNA TR182 Turbo Skylane RG,L1P,L
A62CB4,N49717,ST75,STEARMAN Kaydet,L1P,L
A630B4,N4984,BE18,BEECH 18 Expetitor,L2P,L
A636B4,N5QZ,H500,HUGHES 500,H1T,L
A638B4,N50MK,RV6,VANS RV-6,L1P,L
A63AB4,N500HW,H500,HUGHES 500,H1T,L
A63CB4,N5003C,AT5T,AIR TRACTOR AT-504,L1T,L
A63FB4,N501X,C501,CESSNA 501 Citation 1SP,L2J,L
A641B4,N502DL,AT5T,AIR TRACTOR AT-504,L1T,L
A645B4,N503GJ,CRJ7,BOMBARDIER Regional Jet CRJ-700,L2J,M
A647B4,N5032A,BL8,BELLANCA 8 Decathlon,L1P,L
A64BB4,N5044D,C182,CESSNA 182 Skylane,L1P,L
A64FB4,N5056G,BL8,BELLANCA 8 Decathlon,L1P,L
A653B4,N5068K,CH7A,BELLANCA 7 Champion,L1P,L
A656B4,N5073B,BE35,BEECH 35 Starfire Bonanza,L1P,L
A657B4,N508AM,AS50,AEROSPATIALE AS-350 Ecureuil,H1T,L
A660B4,N51SP,C182,CESSNA 182 Skylane,L1P,L
A662B4,N510P,PA34,PIPER PA-34 Seneca,L2P,L
A664B4,N51062,ST75,STEARMAN Kaydet,L1P,L
A672B4,N5140S,,,,
A673B4,N51473,M5,MAULE M-5,L1P,L
A675B4,N515TJ,BE40,BEECH 400 Beechjet,L2J,M
A67EB4,N51761,BALL,,B0-,-
A681B4,N5181T,CH7A,BELLANCA 7 Champion,L1P,L
A683B4,N519JP,PA18,PIPER PA-18 Super Cub,L1P,L
A687B4,N52MM,C210,CESSNA 201 Centurion,L1P,L
A68DB4,N521LW,,,,
A68FB4,N5215H,PA16,PIPER PA-16 Clipper,L1P,L
A690B4,N522DN,PA22,PIPER PA-22,L1P,L
A691B4,N522PU,SR22,CIRRUS SR-22,L1P,L
A692B4,N5220,,,,
A693B4,N5227L,P28A,PIPER PA-28-140/150/160/180,L1P,L
A697B4,N5239P,PA24,PIPER PA-24 Comanche,L1P,L
A69BB4,N525CA,BE36,BEECH 36 Bonanza,L1P,L
A69CB4,N525NG,C25A,CESSNA 525A Citation CJ2,L2J,L
A69EB4,N5256J,C340,CESSNA 340 Super,L2P,L
A6A1B4,N5261A,B738,BOEING 737-800,L2J,M
A6A5B4,N5273D,C180,CESSNA  180 Skywagon,L1P,L
A6A6B4,N528AP,GLF5,GULFSTREAM 5,L2J,M
A6A9B4,N5285G,O1,CESSNA 305/341 Bird Dog,L1P,L
A6ABB4,N529PT,C82S,CESSNA T182 Turbo Skylane,L1P,L
A6AFB4,N53SR,,,,
A6B6B4,N5311W,P28A,PIPER PA-28-140/150/160/180,L1P,L
A6B7B4,N53187,C172,CESSNA 172 Skyhawk,L1P,L
A6BEB4,N53352,C172,CESSNA 172 Skyhawk,L1P,L
A6C2B4,N53475,P337,CESSNA P337 Skymaster,L2P,L
A6C9B4,N53640,P337,CESSNA P337 Skymaster,L2P,L
A6CDB4,N53763,CH7B,BELLANCA 7 Citabria,L1P,L
A6D0B4,N5381V,UH12,HILLER UH-12,H1P,L
A6D1B4,N53886,CH7B,BELLANCA 7 Citabria,L1P,L
A6D5B4,N54BH,SA30,STOLP Starduster Too,L1P,L
A6D8B4,N540J,WAIX,SONEX Waiex,L1P,L
A6DBB4,N541AS,C240,CESSNA 240 Corvalis TTx,L1P,L
A6E2B4,N5427N,FA62,FAIRCHILD M-26 Cornell,L1P,L
A6E5B4,N5432E,C172,CESSNA 172 Skyhawk,L1P,L
A6E6B4,N5439R,C172,CESSNA 172 Skyhawk,L1P,L
A6E9B4,N5444H,C172,CESSNA 172 Skyhawk,L1P,L
A6EAB4,N545CC,B734,BOEING 737-400,L2J,M
A6EDB4,N5456L,AA5,AMERICAN AA-5 Tiger,L1P,L
A6F1B4,N5468P,PA24,PIPER PA-24 Comanche,L1P,L
A6F4B4,N5473F,,,,
A6FBB4,N5490A,T210,CESSNA T210 Turbo Centurion,L1P,L
A701B4,N550ZK,T206,CESSNA T206 Turbo Stationair,L1P,L
A702B4,N55066,P28A,PIPER PA-28-140/150/160/180,L1P,L
A706B4,N55189,P28R,PIPER PA-28R-180/200/201,L1P,L
A709B4,N55231,C172,CESSNA 172 Skyhawk,L1P,L
A710B4,N5540W,P28A,PIPER PA-28-140/150/160/180,L1P,L
A714B4,N5552Z,PA22,PIPER PA-22,L1P,L
A715B4,N556,VEZE,RUTAN VariEze,L1P,L
A71AB4,N557PC,PC12,PILATUS PC-12,L1T,L
A720B4,N55888,PTS1,PITTS S-1 Special,L1P,L
A721B4,N559JT,PA23,PIPER PA-23,L2P,L
A723B4,N55930,P28A,PIPER PA-28-140/150/160/180,L1P,L
A725B4,N56MR,VELO,Velocity,L1P,L
A729B4,N5603J,C182,CESSNA 182 Skylane,L1P,L
A72BB4,N561M,,,,
A72CB4,N561XF,DRON,,D0-,-
A73FB4,N5661E,M20P,MOONEY M-20,L1P,L
A741B4,N567JA,RV7,VANS RV-7,L1P,L
A747B4,N5685L,,,,
A74AB4,N5690C,C414,CESSNA 414 Chancellor,L2P,L
A74CB4,N57GP,PA31,PIPER PA-31-300/310/325/350/425,L2P,L
A74EB4,N570D,F2TH,DASSAULT Falcon 2000,L2J,M
A755B4,N5719A,C172,CESSNA 172 Skyhawk,L1P,L
A75DB4,N574EL,,,,
A75EB4,N574QS,C56X,CESSNA 560XL Citation XLS,L2J,M
A764B4,N576AA,MD82,MCDONNELL-DOUGLAS MD-82,L2J,M
A769B4,N577PE,PC12,PILATUS PC-12,L1T,L
A76CB4,N578FX,CL35,BOMBARDIER BD-100 Challenger 350,L2J,M
A76DB4,N578SC,P28A,PIPER PA-28-140/150/160/180,L1P,L
A774B4,N58MT,LGEZ,RUTAN Long-EZ,L1P,L
A77AB4,N581MB,B350,BEECHCRAFT Super King Air 350,L2T,M
A77FB4,N5820F,C210,CESSNA 201 Centurion,L1P,L
A784B4,N5839V,GLID,,L0-,-
A789B4,N585NN,CRJ9,BOMBARDIER Regional Jet CRJ-900,L2J,M
A78BB4,N5856Q,M20P,MOONEY M-20,L1P,L
A78CB4,N586FE,MD11,MCDONNELL-DOUGLAS MD-11,L3J,H
A794B4,N588MA,B06,BELL 206 JetRanger,H1T,L
A79AB4,N5897R,RV7,VANS RV-7,L1P,L
A79BB4,N59GR,PA32,PIPER PA-32,L1P,L
A79DB4,N590DB,DHC2,DE HAVILLAND DHC-2 Beaver,L1P,L
A7A0B4,N5907,SR22,CIRRUS SR-22,L1P,L
A7A2B4,N591SF,C56X,CESSNA 560XL Citation XLS,L2J,M
A7A9B4,N593MW,SR22,CIRRUS SR-22,L1P,L
A7AFB4,N5948A,C172,CESSNA 172 Skyhawk,L1P,L
A7B1B4,N595TS,C172,CESSNA 172 Skyhawk,L1P,L
A7B3B4,N596AC,SR22,CIRRUS SR-22,L1P,L
A7B6B4,N59646,ST75,STEARMAN Kaydet,L1P,L
A7C2B4,N6BP,M20P,MOONEY M-20,L1P,L
A7C3B4,N6MV,EC55,AIRBUS HELICOPTERS EC-155,H2T,L
A7C5B4,N60JF,CJ1,CORBY CJ-1 Starlet,L1P,L
A7C7B4,N600ES,MD60,MCDONNELL-DOUGLAS MD-600N,H1T,L
A7CBB4,N601HQ,H60,SIKORSKY UH-60 Black Hawk,H2T,M
A7CDB4,N60127,C150,CESSNA 150,L1P,L
A7CEB4,N602AG,AT6T,AIR TRACTOR AT-602,L1T,L
A7D7B4,N604SJ,CL60,BOMBARDIER CL-600 Challenger,L2J,M
A7D9B4,N6049F,BE35,BEECH 35 Starfire Bonanza,L1P,L
A7DBB4,N605VG,CL60,BOMBARDIER CL-600 Challenger,L2J,M
A7DCB4,N60538,C150,CESSNA 150,L1P,L
A7E0B4,N6066A,C172,CESSNA 172 Skyhawk,L1P,L
A7E4B4,N6078D,PA22,PIPER PA-22,L1P,L
A7ECB4,N61DD,C340,CESSNA 340 Super,L2P,L
A7EDB4,N61PK,GC1,GLOBE Swift,L1P,L
A7F5B4,N6116W,P28A,PIPER PA-28-140/150/160/180,L1P,L
A7FCB4,N6133R,AT5T,AIR TRACTOR AT-504,L1T,L
A803B4,N6150L,,,,
A804B4,N6157X,AC50,NORTH AMERICAN ROCKWELL Commander 500,L2P,L
A807B4,N6162P,PA24,PIPER PA-24 Comanche,L1P,L
A80FB4,N6186V,C172,CESSNA 172 Skyhawk,L1P,L
A811B4,N619RR,DRON,,D0-,-
A817B4,N620R,FLE2,FLEET 2,L1P,L
A819B4,N6208G,C150,CESSNA 150,L1P,L
A81AB4,N621HS,P28A,PIPER PA-28-140/150/160/180,L1P,L
A81DB4,N622AJ,PA31,PIPER PA-31-300/310/325/350/425,L2P,L
A81FB4,N622WW,S76,SIKORSKY S-76 Spirit,H2T,L
A824B4,N6237E,C172,CESSNA 172 Skyhawk,L1P,L
A82FB4,N6266C,T210,CESSNA T210 Turbo Centurion,L1P,L
A832B4,N62705,ST75,STEARMAN Kaydet,L1P,L
A836B4,N62828,C82S,CESSNA T182 Turbo Skylane,L1P,L
A837B4,N629AH,C172,CESSNA 172 Skyhawk,L1P,L
A83BB4,N63DF,PTS1,PITTS S-1 Special,L1P,L
A83CB4,N63PM,RV6,VANS RV-6,L1P,L
A840B4,N6304V,COUR,HELIO Courier,L1P,L
A847B4,N6321Q,M20P,MOONEY M-20,L1P,L
A84BB4,N6333T,TAIL,WITTMAN Tailwind,L1P,L
A852B4,N6350N,CH7B,BELLANCA 7 Citabria,L1P,L
A856B4,N6362R,P28A,PIPER PA-28-140/150/160/180,L1P,L
A85BB4,N638CP,C82T,CESSNA TR182 Turbo Skylane RG,L1P,L
A861B4,N6391P,PA24,PIPER PA-24 Comanche,L1P,L
A863B4,N64JK,RV6,VANS RV-6,L1P,L
A866B4,N640RB,C650,CESSNA 650 Citation,L2J,M
A868B4,N6408J,P28A,PIPER PA-28-140/150/160/180,L1P,L
A877B4,N6449K,RC3,REPUBLIC RC-3 Seabee,A1P,L
A87EB4,N6466E,C172,CESSNA 172 Skyhawk,L1P,L
A880B4,N647RA,AT3T,AIR TRACTOR AT-302/402,L1T,L
A885B4,N6483,GLID,,L0-,-
A886B4,N649AK,,,,
A88AB4,N65DH,LGEZ,RUTAN Long-EZ,L1P,L
A88BB4,N65PP,RV6,VANS RV-6,L1P,L
A88EB4,N650WF,PA18,PIPER PA-18 Super Cub,L1P,L
A88FB4,N6504X,COL3,CESSNA 350 Corvalis,L1P,L
A895B4,N652RW,E170,EMBRAER ERJ-170-100,L2J,M
A897B4,N65283,T206,CESSNA T206 Turbo Stationair,L1P,L
A89CB4,N654ML,RV4,VANS RV-4,L1P,L
A8A1B4,N6550Q,,,,
A8A3B4,N656HA,B06,BELL 206 JetRanger,H1T,L
A8AAB4,N658CR,BALL,,B0-,-
A8B3B4,N66UT,NAVI,NORTH AMERICAN Navion,L1P,L
A8B5B4,N660RD,DRON,,D0-,-
A8BEB4,N6625F,C150,CESSNA 150,L1P,L
A8C2B4,N6637J,P28A,PIPER PA-28-140/150/160/180,L1P,L
A8C5B4,N6642A,C172,CESSNA 172 Skyhawk,L1P,L
A8CAB4,N666BZ,C208,CESSNA 208 Caravan,L1T,L
A8D0B4,N66709,C150,CESSNA 150,L1P,L
A8D3B4,N668UA,B763,BOEING 767-300,L2J,H
A8D4B4,N6683B,C310,CESSNA 310,L2P,L
A8D5B4,N669AM,CH2T,ZENAIR CH-2000 Zenith,L1P,L
A8D8B4,N6695E,C175,CESSNA 175 Skylark,L1P,L
A8DAB4,N67PR,C56X,CESSNA 560XL Citation XLS,L2J,M
A8DBB4,N67ZX,RV7,VANS RV-7,L1P,L
A8DDB4,N670WH,PC12,PILATUS PC-12,L1T,L
A8DEB4,N6704Z,B752,BOEING 757-200,L2J,M
A8E0B4,N671P,,,,
A8E2B4,N67162,BE24,BEECH 24 Sierra,L1P,L
A8F1B4,N67573,C152,CESSNA 152,L1P,L
A8F9B4,N678CT,P210,CESSNA P210 Centurion,L1P,L
A901B4,N68JP,BE55,BEECH 55 Baron,L2P,L
A906B4,N6808N,T210,CESSNA T210 Turbo Centurion,L1P,L
A90DB4,N6825H,J3,PIPER J-3 Cub,L1P,L
A90EB4,N683DN,H60,SIKORSKY UH-60 Black Hawk,H2T,M
A915B4,N6849P,PA24,PIPER PA-24 Comanche,L1P,L
A918B4,N6854F,P32R,PIPER PA-32R-300/301/301T,L1P,L
A919B4,N686CA,P28A,PIPER PA-28-140/150/160/180,L1P,L
A91AB4,N686NG,PC12,PILATUS PC-12,L1T,L
A91FB4,N6871A,C172,CESSNA 172 Skyhawk,L1P,L
A929B4,N69PT,AC50,NORTH AMERICAN ROCKWELL Commander 500,L2P,L
A92DB4,N69041,VALI,CONVAIR Valiant,L1P,L
A933B4,N692S,CB1,HATZ CB-1 Classic,L1P,L
A940B4,N69575,C310,CESSNA 310,L2P,L
A943B4,N6962X,C172,CESSNA 172 Skyhawk,L1P,L
A949B4,N698PA,ARCE,SCHEMPP-HIRTH Arcus E,L1E,L
A950B4,N7JR,B06,BELL 206 JetRanger,H1T,L
A954B4,N700BN,TBM7,SOCATA TBM-700A/B/C,L1T,L
A955B4,N700MU,RC70,ROCKWELL Commander 700/710,L2P,L
A956B4,N700Y,PA23,PIPER PA-23,L2P,L
A959B4,N701QS,CL35,BOMBARDIER BD-100 Challenger 350,L2J,M
A95AB4,N7010Y,PA30,PIPER PA-30 Twin Comanche,L2P,L
A95BB4,N70179,J3,PIPER J-3 Cub,L1P,L
A95EB4,N70221,C185,CESSNA 185 Skywagon,L1P,L
A963B4,N704CZ,C150,CESSNA 150,L1P,L
A966B4,N70467,BALL,,B0-,-
A967B4,N705FX,C208,CESSNA 208 Caravan,L1T,L
A96AB4,N7059,PA18,PIPER PA-18 Super Cub,L1P,L
A96DB4,N70632,C182,CESSNA 182 Skylane,L1P,L
A96EB4,N707BM,H25B,HAWKER BEECHCRAFT Hawker 750/850,L2J,M
A96FB4,N707MT,F2TH,DASSAULT Falcon 2000,L2J,M
A974B4,N7080X,BALL,,B0-,-
A975B4,N70878,,,,
A978B4,N70920,C182,CESSNA 182 Skylane,L1P,L
A979B4,N71A,PTS2,PITTS S-2 Special,L1P,L
A97AB4,N71LF,EVOT,LANCAIR Evolution Turbine,L1T,L
A97BB4,N71WM,J3,PIPER J-3 Cub,L1P,L
A982B4,N7114M,C175,CESSNA 175 Skylark,L1P,L
A98AB4,N7138T,C172,CESSNA 172 Skyhawk,L1P,L
A98BB4,N714JC,C150,CESSNA 150,L1P,L
A98EB4,N715AV,CRJ2,BOMBARDIER Regional Jet CRJ-200,L2J,M
A98FB4,N715MA,C182,CESSNA 182 Skylane,L1P,L
A991B4,N7155N,C82S,CESSNA T182 Turbo Skylane,L1P,L
A994B4,N7160E,C182,CESSNA 182 Skylane,L1P,L
A995B4,N7167R,P28A,PIPER PA-28-140/150/160/180,L1P,L
A997B4,N717SX,C150,CESSNA 150,L1P,L
A998B4,N7172H,BALL,,B0-,-
A999B4,N7179U,M20P,MOONEY M-20,L1P,L
A99CB4,N7184L,AA5,AMERICAN AA-5 Tiger,L1P,L
A9A2B4,N72RK,T206,CESSNA T206 Turbo Stationair,L1P,L
A9A6B4,N72058,L8,LUSCOMBE 8,L1P,L
A9A7B4,N721EN,BE36,BEECH 36 Bonanza,L1P,L
A9A9B4,N72100,BE36,BEECH 36 Bonanza,L1P,L
A9AAB4,N7218A,C172,CESSNA 172 Skyhawk,L1P,L
A9ACB4,N722TS,C25A,CESSNA 525A Citation CJ2,L2J,L
A9B3B4,N724PG,C72R,CESSNA 172R Cutlass RG,L1P,L
A9BCB4,N72634,T206,CESSNA T206 Turbo Stationair,L1P,L
A9BFB4,N727YA,ULAC,,L0-,-
A9C0B4,N72757,C140,CESSNA 140,L1P,L
A9C3B4,N7280Z,T206,CESSNA T206 Turbo Stationair,L1P,L
A9C7B4,N72922,C140,CESSNA 140,L1P,L
A9C9B4,N73LH,C208,CESSNA 208 Caravan,L1T,L
A9CAB4,N73WP,C172,CESSNA 172 Skyhawk,L1P,L
A9D0B4,N731VY,C188,CESSNA 188 AgTruck,L1P,L
A9D5B4,N7326S,C182,CESSNA 182 Skylane,L1P,L
A9D6B4,N733FG,C172,CESSNA 172 Skyhawk,L1P,L
A9D7B4,N733RN,C172,CESSNA 172 Skyhawk,L1P,L
A9D8B4,N7331J,P28A,PIPER PA-28-140/150/160/180,L1P,L
A9D9B4,N7338V,BL17,BELLANCA 17 Viking,L1P,L
A9DBB4,N734UL,C172,CESSNA 172 Skyhawk,L1P,L
A9DCB4,N7343M,C175,CESSNA 175 Skylark,L1P,L
A9DDB4,N735AX,C185,CESSNA 185 Skywagon,L1P,L
A9E1B4,N736DV,C172,CESSNA 172 Skyhawk,L1P,L
A9E2B4,N736QA,C172,CESSNA 172 Skyhawk,L1P,L
A9E4B4,N7367T,C172,CESSNA 172 Skyhawk,L1P,L
A9E6B4,N737SZ,C172,CESSNA 172 Skyhawk,L1P,L
A9EDB4,N739NP,C172,CESSNA 172 Skyhawk,L1P,L
A9EFB4,N7396R,BE36,BEECH 36 Bonanza,L1P,L
A9F1B4,N74RM,T210,CESSNA T210 Turbo Centurion,L1P,L
A9FCB4,N74225,AA5,AMERICAN AA-5 Tiger,L1P,L
A9FDB4,N743AE,PC12,PILATUS PC-12,L1T,L
AA01B4,N744DC,S22T,CIRRUS SR-22T Turbo,L1P,L
AA07B4,N74513,M20P,MOONEY M-20,L1P,L
AA0BB4,N74636,AA5,AMERICAN AA-5 Tiger,L1P,L
AA0DB4,N747MX,TCAT,GRUMMAN F7F Tigercat,L2P,M
AA0FB4,N74759,M20P,MOONEY M-20,L1P,L
AA12B4,N74801,AA5,AMERICAN AA-5 Tiger,L1P,L
AA13B4,N7488B,CH7A,BELLANCA 7 Champion,L1P,L
AA15B4,N749TT,C560,CESSNA 560 Citation Ultra,L2J,M
AA16B4,N74924,PA18,PIPER PA-18 Super Cub,L1P,L
AA17B4,N75AD,P28A,PIPER PA-28-140/150/160/180,L1P,L
AA18B4,N75LK,PA31,PIPER PA-31-300/310/325/350/425,L2P,L
AA19B4,N75WR,VEZE,RUTAN VariEze,L1P,L
AA1AB4,N750GW,CH75,ZENAIR CH-750 Cruzer,L1P,L
AA1CB4,N7502N,BE65,BEECH 65 Queen Air,L2P,L
AA20B4,N7514R,P28A,PIPER PA-28-140/150/160/180,L1P,L
AA22B4,N752NS,H25B,HAWKER BEECHCRAFT Hawker 750/850,L2J,M
AA27B4,N7531L,,,,
AA28B4,N7538X,C172,CESSNA 172 Skyhawk,L1P,L
AA32B4,N7560J,P28R,PIPER PA-28R-180/200/201,L1P,L
AA34B4,N757GV,LNC2,LANCAIR 200-320,L1P,L
AA35B4,N757TA,C152,CESSNA 152,L1P,L
AA3AB4,N7584Q,C310,CESSNA 310,L2P,L
AA3CB4,N759NR,C182,CESSNA 182 Skylane,L1P,L
AA3DB4,N759YX,C182,CESSNA 182 Skylane,L1P,L
AA40B4,N76RP,GLF5,GULFSTREAM 5,L2J,M
AA45B4,N761ES,C152,CESSNA 152,L1P,L
AA46B4,N761QY,C210,CESSNA 201 Centurion,L1P,L
AA4FB4,N7635,GLID,,L0-,-
AA53B4,N7647C,BALL,,B0-,-
AA55B4,N765SJ,CH70,ZENAIR CH-701 Stol,L1P,L
AA56B4,N76515,B738,BOEING 737-800,L2J,M
AA57B4,N7659F,P28A,PIPER PA-28-140/150/160/180,L1P,L
AA5BB4,N767BT,,,,
AA62B4,N7688D,PA18,PIPER PA-18 Super Cub,L1P,L
AA63B4,N769HP,DRON,,D0-,-
AA65B4,N76926,C140,CESSNA 140,L1P,L
AA66B4,N77AF,C72R,CESSNA 172R Cutlass RG,L1P,L
AA67B4,N77LM,BE35,BEECH 35 Starfire Bonanza,L1P,L
AA6AB4,N770TD,LJ45,LEARJET 45,L2J,M
AA6BB4,N7702Q,C310,CESSNA 310,L2P,L
AA6DB4,N771KW,B772,BOEING 777-200,L2J,H
AA6EB4,N771WB,PC12,PILATUS PC-12,L1T,L
AA72B4,N772Z,,,,
AA73B4,N7726W,P28A,PIPER PA-28-140/150/160/180,L1P,L
AA76B4,N7731N,P28A,PIPER PA-28-140/150/160/180,L1P,L
AA7BB4,N775BA,PC9,PILATUS PC-9 Hudournik,L1T,L
AA7CB4,N775MG,B350,BEECHCRAFT Super King Air 350,L2T,M
AA83B4,N777GX,SR22,CIRRUS SR-22,L1P,L
AA84B4,N777TC,,,,
AA88B4,N778WA,,,,
AA89B4,N7784S,GLID,,L0-,-
AA8FB4,N78RR,C182,CESSNA 182 Skylane,L1P,L
AA93B4,N7806D,PA22,PIPER PA-22,L1P,L
AA97B4,N7818G,C172,CESSNA 172 Skyhawk,L1P,L
AA9BB4,N783AJ,AA5,AMERICAN AA-5 Tiger,L1P,L
AA9DB4,N783WW,C82S,CESSNA T182 Turbo Skylane,L1P,L
AA9EB4,N7835B,ST75,STEARMAN Kaydet,L1P,L
AAA5B4,N78517,C172,CESSNA 172 Skyhawk,L1P,L
AAA6B4,N7859H,PA12,PIPER PA-12 Super Cruiser,L1P,L
AAADB4,N7876C,C510,CESSNA 510 Citation Mustang,L2J,L
AAB0B4,N78805,C172,CESSNA 172 Skyhawk,L1P,L
AAB3B4,N789TX,S22T,CIRRUS SR-22T Turbo,L1P,L
AAB4B4,N78928,M20P,MOONEY M-20,L1P,L
AAB5B4,N79AH,SR22,CIRRUS SR-22,L1P,L
AAB7B4,N79WV,SIRA,TECNAM P-2002 Sierra,L1P,L
AAB8B4,N790H,,,,
AABAB4,N7902S,CH7B,BELLANCA 7 Citabria,L1P,L
AABBB4,N79093,C172,CESSNA 172 Skyhawk,L1P,L
AABEB4,N7914V,C180,CESSNA  180 Skywagon,L1P,L
AACDB4,N7955W,P28A,PIPER PA-28-140/150/160/180,L1P,L
AAD0B4,N7960N,P28A,PIPER PA-28-140/150/160/180,L1P,L
AAD1B4,N7967Z,C150,CESSNA 150,L1P,L
AAD3B4,N797TE,C550,CESSNA 550 Citation S2,L2J,L
AAD7B4,N798WC,PC12,PILATUS PC-12,L1T,L
AAD8B4,N7984U,C172,CESSNA 172 Skyhawk,L1P,L
AADCB4,N7996X,C172,CESSNA 172 Skyhawk,L1P,L
AADDB4,N8FM,BE36,BEECH 36 Bonanza,L1P,L
AAE0B4,N80ND,PA24,PIPER PA-24 Comanche,L1P,L
AAE3B4,N800UW,H25B,HAWKER BEECHCRAFT Hawker 750/850,L2J,M
AAE4B4,N8003X,C172,CESSNA 172 Skyhawk,L1P,L
AAECB4,N80273,CULV,CULVER V,L1P,L
AAEDB4,N803HC,BE9T,BEECH F90 King Air,L2T,L
AAEEB4,N803TJ,B734,BOEING 737-400,L2J,M
AAF0B4,N80396,C172,CESSNA 172 Skyhawk,L1P,L
AAF1B4,N804LA,B06,BELL 206 JetRanger,H1T,L
AAF5B4,N805NZ,AT8T,AIR TRACTOR AT-802,L1T,M
AAFBB4,N80684,GC1,GLOBE Swift,L1P,L
AAFEB4,N8073W,BE36,BEECH 36 Bonanza,L1P,L
AB02B4,N8085Z,P28R,PIPER PA-28R-180/200/201,L1P,L
AB06B4,N80972,RV6,VANS RV-6,L1P,L
AB07B4,N81HB,BE36,BEECH 36 Bonanza,L1P,L
AB08B4,N81TH,PA34,PIPER PA-34 Seneca,L2P,L
AB09B4,N810DN,B739,BOEING 737-900,L2J,M
AB0BB4,N8100,,,,
AB0CB4,N8107L,C172,CESSNA 172 Skyhawk,L1P,L
AB0EB4,N811SS,M20P,MOONEY M-20,L1P,L
AB0FB4,N8112C,P28A,PIPER PA-28-140/150/160/180,L1P,L
AB10B4,N8119P,P28A,PIPER PA-28-140/150/160/180,L1P,L
AB13B4,N8124F,C150,CESSNA 150,L1P,L
AB17B4,N8136J,P28A,PIPER PA-28-140/150/160/180,L1P,L
AB1BB4,N8148M,SR20,CIRRUS SR-20,L1P,L
AB1FB4,N816AP,AT5T,AIR TRACTOR AT-504,L1T,L
AB23B4,N817DM,RV10,VANS RV-10,L1P,L
AB29B4,N8182B,RV9,VANS RV-9,L1P,L
AB2DB4,N8194E,PA32,PIPER PA-32,L1P,L
AB2EB4,N82C,EAGL,CHRISTEN Eagle,L1P,L
AB2FB4,N82NF,HUSK,CHRISTEN Husky,L1P,L
AB33B4,N8203Z,ULAC,,L0-,-
AB3CB4,N823HE,RV14,VANS RV-14,L1P,L
AB3FB4,N82398,PA18,PIPER PA-18 Super Cub,L1P,L
AB42B4,N82440,CH7A,BELLANCA 7 Champion,L1P,L
AB44B4,N825PA,CJ6,NANCHANG CJ-6,L1P,L
AB46B4,N82563,PA18,PIPER PA-18 Super Cub,L1P,L
AB49B4,N8261V,BE36,BEECH 36 Bonanza,L1P,L
AB4AB4,N82686,CH7A,BELLANCA 7 Champion,L1P,L
AB4BB4,N827JR,NAVI,NORTH AMERICAN Navion,L1P,L
AB4DB4,N8273Y,PA30,PIPER PA-30 Twin Comanche,L2P,L
AB4EB4,N828BH,AS28,SCHLEICHER ASW-28,L1P,L
AB4FB4,N828MP,S22T,CIRRUS SR-22T Turbo,L1P,L
AB51B4,N82851,B06,BELL 206 JetRanger,H1T,L
AB56B4,N83HD,F900,DASSAULT Falcon 900,L3J,M
AB5AB4,N8300B,C172,CESSNA 172 Skyhawk,L1P,L
AB61B4,N832VS,KR1,RAND KR-1,L1P,L
AB63B4,N833CC,B350,BEECHCRAFT Super King Air 350,L2T,M
AB69B4,N8341C,C25A,CESSNA 525A Citation CJ2,L2J,L
AB6AB4,N8348P,PA24,PIPER PA-24 Comanche,L1P,L
AB6DB4,N8353F,H500,HUGHES 500,H1T,L
AB74B4,N8370A,P32T,PIPER PA-32RT-300/300T,L1P,L
AB75B4,N8377M,C150,CESSNA 150,L1P,L
AB78B4,N8382D,BE35,BEECH 35 Starfire Bonanza,L1P,L
AB7DB4,N84CB,SA30,STOLP Starduster Too,L1P,L
AB82B4,N84031,CH7A,BELLANCA 7 Champion,L1P,L
AB84B4,N841MS,C650,CESSNA 650 Citation,L2J,M
AB89B4,N8420W,P28A,PIPER PA-28-140/150/160/180,L1P,L
AB8DB4,N8432Z,C210,CESSNA 201 Centurion,L1P,L
AB8EB4,N844,RV4,VANS RV-4,L1P,L
AB95B4,N84565,CH7A,BELLANCA 7 Champion,L1P,L
AB99B4,N84688,C172,CESSNA 172 Skyhawk,L1P,L
AB9AB4,N847JT,SA30,STOLP Starduster Too,L1P,L
ABA3B4,N8490V,RV3,VANS RV-3,L1P,L
ABA4B4,N84976,CH7A,BELLANCA 7 Champion,L1P,L
ABA6B4,N85TM,BE50,BEECH 50 Excalibur,L2P,L
ABA7B4,N850DS,DA40,DIAMOND DA-40 Club Star,L1P,L
ABA9B4,N8500D,PA22,PIPER PA-22,L1P,L
ABB2B4,N853CE,RBEL,MURPHY Rebel,L1P,L
ABB6B4,N854FC,,,,
ABB7B4,N854RJ,B06,BELL 206 JetRanger,H1T,L
ABB8B4,N8541E,R22,ROBINSON R-22 Mariner,H1P,L
ABB9B4,N8548R,B14A,BELLANCA 14,L1P,L
ABC3B4,N8570C,PA18,PIPER PA-18 Super Cub,L1P,L
ABC4B4,N8577P,PA24,PIPER PA-24 Comanche,L1P,L
ABCCB4,N86CD,BE36,BEECH 36 Bonanza,L1P,L
ABCEB4,N86YR,SPHA,AMERICAN AUTOGYRO Spinus,G1P,L
ABD1B4,N86033,AR11,AERONCA 11 Chief,L1P,L
ABD5B4,N86156,AR11,AERONCA 11 Chief,L1P,L
ABD8B4,N8620Y,PA30,PIPER PA-30 Twin Comanche,L2P,L
ABDCB4,N86321,AR11,AERONCA 11 Chief,L1P,L
ABDDB4,N864AA,PA44,PIPER PA-44 Seminole,L2P,L
ABE4B4,N86567,C185,CESSNA 185 Skywagon,L1P,L
ABEDB4,N868MT,P337,CESSNA P337 Skymaster,L2P,L
ABF8B4,N8700F,H269,HUGHES Sky Knight,H1P,L
AC00B4,N8724M,BE23,BEECH 23 Sundowner,L1P,L
AC02B4,N873NN,B738,BOEING 737-800,L2J,M
AC04B4,N8736Q,T206,CESSNA T206 Turbo Stationair,L1P,L
AC05B4,N874FE,C208,CESSNA 208 Caravan,L1T,L
AC07B4,N8741G,C150,CESSNA 150,L1P,L
AC08B4,N8748T,C182,CESSNA 182 Skylane,L1P,L
AC0DB4,N876MA,LJ60,LEARJET 60,L2J,M
AC13B4,N8777R,BE60,BEECH 60 Duke,L2P,L
AC14B4,N878GR,SR20,CIRRUS SR-20,L1P,L
AC17B4,N8789U,C150,CESSNA 150,L1P,L
AC1CB4,N88NM,RV8,VANS RV-8,L1P,L
AC24B4,N88158,J3,PIPER J-3 Cub,L1P,L
AC2CB4,N884AC,P28A,PIPER PA-28-140/150/160/180,L1P,L
AC2FB4,N88446,CH7A,BELLANCA 7 Champion,L1P,L
AC30B4,N885DA,,,,
AC33B4,N88569,J3,PIPER J-3 Cub,L1P,L
AC37B4,N8869B,CRJ2,BOMBARDIER Regional Jet CRJ-200,L2J,M
AC3BB4,N888BP,C340,CESSNA 340 Super,L2P,L
AC3DB4,N888YA,PA31,PIPER PA-31-300/310/325/350/425,L2P,L
AC43B4,N89HK,HUSK,CHRISTEN Husky,L1P,L
AC44B4,N89TR,,,,
AC48B4,N8907U,BE35,BEECH 35 Starfire Bonanza,L1P,L
AC4AB4,N891T,EC35,AIRBUS HELICOPTERS EC-135/635,H2T,L
AC53B4,N8936S,C150,CESSNA 150,L1P,L
AC56B4,N8941J,P28A,PIPER PA-28-140/150/160/180,L1P,L
AC57B4,N8948V,C172,CESSNA 172 Skyhawk,L1P,L
AC62B4,N8977T,C182,CESSNA 182 Skylane,L1P,L
AC63B4,N898GT,C525,CESSNA 525 CitationJet,L2J,L
AC65B4,N8982K,S108,STINSON 108 Voyager,L1P,L
AC6CB4,N9YV,PA18,PIPER PA-18 Super Cub,L1P,L
AC70B4,N900RS,C172,CESSNA 172 Skyhawk,L1P,L
AC72B4,N9008Z,T18,THORP Tiger,L1P,L
AC76B4,N902BA,C414,CESSNA 414 Chancellor,L2P,L
AC7CB4,N9030L,CH7B,BELLANCA 7 Citabria,L1P,L
AC7DB4,N9037X,C182,CESSNA 182 Skylane,L1P,L
AC80B4,N9042P,PA24,PIPER PA-24 Comanche,L1P,L
AC83B4,N905WA,C172,CESSNA 172 Skyhawk,L1P,L
AC84B4,N9054S,BE95,BEECH 95 Travel Air,L2P,L
AC8CB4,N9078Y,PA18,PIPER PA-18 Super Cub,L1P,L
AC8EB4,N908UP,C750,CESSNA 750 Citation 10,L2J,M
AC8FB4,N9083Q,BE35,BEECH 35 Starfire Bonanza,L1P,L
AC90B4,N909B,,,,
AC92B4,N909XM,DRON,,D0-,-
AC96B4,N910AJ,BE20,BEECH 200 Super King Air,L2T,M
AC98B4,N910WW,BE58,BEECH 58 Baron,L2P,L
AC99B4,N9105B,C172,CESSNA 172 Skyhawk,L1P,L
AC9AB4,N911DG,AS50,AEROSPATIALE AS-350 Ecureuil,H1T,L
AC9BB4,N911PN,EC35,AIRBUS HELICOPTERS EC-135/635,H2T,L
AC9EB4,N912GE,EPIC,EPIC AIRCRAFT Epic LT,L1T,L
AC9FB4,N912SL,FOX,KITFOX,L1P,L
ACA6B4,N914NA,,,,
ACA8B4,N9146C,BALL,,B0-,-
ACA9B4,N915ET,C82T,CESSNA TR182 Turbo Skylane RG,L1P,L
ACB2B4,N917WV,DISC,SCHEMPP-HIRTH Discus,L1P,L
ACB4B4,N918DF,,,,
ACB6B4,N918ZT,P46T,PIPER PA-46-500TP,L1T,L
ACB8B4,N919GD,SH36,SHORT 360,L2T,M
ACB9B4,N919SK,R44,ROBINSON R-44 Raven,H1P,L
ACBAB4,N91916,C182,CESSNA 182 Skylane,L1P,L
ACBCB4,N92KB,BL8,BELLANCA 8 Decathlon,L1P,L
ACC3B4,N921US,A321,AIRBUS A-321,L2J,M
ACC5B4,N922BC,C82S,CESSNA T182 Turbo Skylane,L1P,L
ACC6B4,N922MJ,P32R,PIPER PA-32R-300/301/301T,L1P,L
ACC8B4,N9225W,P28B,PIPER PA-28-201T/235/236,L1P,L
ACC9B4,N923EA,F900,DASSAULT Falcon 900,L3J,M
ACCCB4,N9237Z,M4,MAULE M-4,L1P,L
ACCEB4,N924TE,AA5,AMERICAN AA-5 Tiger,L1P,L
ACCFB4,N9242R,C188,CESSNA 188 AgTruck,L1P,L
ACD0B4,N92492,C182,CESSNA 182 Skylane,L1P,L
ACD4B4,N926CP,C172,CESSNA 172 Skyhawk,L1P,L
ACD7B4,N9266X,C182,CESSNA 182 Skylane,L1P,L
ACDAB4,N9271P,PA24,PIPER PA-24 Comanche,L1P,L
ACDCB4,N928JK,C680,CESSNA 680 Citation Sovereign,L2J,M
ACDEB4,N9283S,BE23,BEECH 23 Sundowner,L1P,L
ACE2B4,N9295V,M20P,MOONEY M-20,L1P,L
ACE3B4,N93E,DHC2,DE HAVILLAND DHC-2 Beaver,L1P,L
ACE6B4,N930LS,GLF5,GULFSTREAM 5,L2J,M
ACF0B4,N9329K,S108,STINSON 108 Voyager,L1P,L
ACF7B4,N9346E,,,,
ACFFB4,N937AK,B39M,BOEING 737 MAX 9,L2J,M
AD02B4,N9375C,P28A,PIPER PA-28-140/150/160/180,L1P,L
AD03B4,N938DH,ZZZZ,,-0-,-
AD0BB4,N94KD,,,,
AD0EB4,N940RW,TBM7,SOCATA TBM-700A/B/C,L1T,L
AD13B4,N9413V,M20P,MOONEY M-20,L1P,L
AD1AB4,N9430Q,BE35,BEECH 35 Starfire Bonanza,L1P,L
AD1BB4,N94371,C182,CESSNA 182 Skylane,L1P,L
AD1DB4,N944TG,B407,BELL 407,H1T,L
AD28B4,N947RV,RV14,VANS RV-14,L1P,L
AD2AB4,N94782,ERCO,AIR PRODUCTS F-1 Aircoupe,L1P,L
AD31B4,N9495X,C210,CESSNA 201 Centurion,L1P,L
AD34B4,N950AN,B738,BOEING 737-800,L2J,M
AD36B4,N950X,FA7X,DASSAULT Falcon 7X,L3J,M
AD39B4,N951PS,CRUZ,CSA PS-28 Cruiser,L1P,L
AD3BB4,N9517J,P28A,PIPER PA-28-140/150/160/180,L1P,L
AD3EB4,N9522A,C72R,CESSNA 172R Cutlass RG,L1P,L
AD3FB4,N9529M,M20P,MOONEY M-20,L1P,L
AD42B4,N9534D,PA22,PIPER PA-22,L1P,L
AD43B4,N954BZ,PA31,PIPER PA-31-300/310/325/350/425,L2P,L
AD46B4,N9546G,C182,CESSNA 182 Skylane,L1P,L
AD48B4,N955RC,SS2P,ROCKWELL Thrush Commander,L1P,L
AD49B4,N95509,PARA,,P0-,-
AD4AB4,N9558K,S108,STINSON 108 Voyager,L1P,L
AD4EB4,N957AM,B738,BOEING 737-800,L2J,M
AD51B4,N9575E,AR11,AERONCA 11 Chief,L1P,L
AD5AB4,N96KF,FOX,KITFOX,L1P,L
AD5EB4,N9601U,AA5,AMERICAN AA-5 Tiger,L1P,L
AD5FB4,N96085,TAYB,TAYLORCRAFT BC/BF/BL,L1P,L
AD61B4,N961UW,E190,EMBRAER ERJ-190-100,L2J,M
AD71B4,N9654Y,BE35,BEECH 35 Starfire Bonanza,L1P,L
AD72B4,N966CT,DV20,DIAMOND DA-20,L1P,L
AD79B4,N96784,C182,CESSNA 182 Skylane,L1P,L
AD7CB4,N9683W,P28A,PIPER PA-28-140/150/160/180,L1P,L
AD7EB4,N969MM,A5,ICON A-5,A1P,L
AD86B4,N9705H,C185,CESSNA 185 Skywagon,L1P,L
AD8AB4,N9717L,BE23,BEECH 23 Sundowner,L1P,L
AD8BB4,N972GL,CH60,ZENAIR CH-600 Zodiac,L1P,L
AD8CB4,N972SS,,,,
AD8DB4,N9722C,P28R,PIPER PA-28R-180/200/201,L1P,L
AD95B4,N9746J,P28A,PIPER PA-28-140/150/160/180,L1P,L
AD98B4,N9751A,C170,CESSNA 170,L1P,L
ADA4B4,N9787K,P28A,PIPER PA-28-140/150/160/180,L1P,L
ADA6B4,N979SR,BE58,BEECH 58 Baron,L2P,L
ADAAB4,N98VP,,,,
ADACB4,N980S,FA50,DASSAULT Falcon 50,L3J,M
ADADB4,N9801W,P28A,PIPER PA-28-140/150/160/180,L1P,L
ADB0B4,N981UY,A321,AIRBUS A-321,L2J,M
ADB5B4,N98252,J3,PIPER J-3 Cub,L1P,L
ADBDB4,N98498,M20P,MOONEY M-20,L1P,L
ADC0B4,N98540,J3,PIPER J-3 Cub,L1P,L
ADC5B4,N987FT,RF6,FOURNIER RF-6,L1P,L
ADD0B4,N99EF,C680,CESSNA 680 Citation Sovereign,L2J,M
ADD2B4,N990AS,M20P,MOONEY M-20,L1P,L
ADD8B4,N9910B,,,,
ADD9B4,N9917N,C180,CESSNA  180 Skywagon,L1P,L
ADE1B4,N994CC,PA18,PIPER PA-18 Super Cub,L1P,L
ADE6B4,N995RG,E550,EMBRAER EMB-550 Praetor 600,L2J,M
ADEFB4,N9975J,C188,CESSNA 188 AgTruck,L1P,L
ADF2B4,N9980A,C170,CESSNA 170,L1P,L
ADF4B4,N999GM,AC11,NORTH AMERICAN ROCKWELL Commander 112/114,L1P,L
ADFCB4,93-0628,BE40,BEECH 400 Beechjet,L2J,M
ADFDB4,92-1094,C130,LOCKHEED C-130 Hercules,L4T,M
ADFEB4,73-1677,B742,BOEING 747-200,L4J,H
ADFFB4,64-13251,T38,NORTHROP T-38 Talon,L2J,L
AE00B4,61-0851,T38,NORTHROP T-38 Talon,L2J,L
AE01B4,84-0111,LJ35,LEARJET 35,L2J,M
AE04B4,57-1499,K35R,BOEING KC-135R/T Stratotanker,L4J,H
AE07B4,62-3498,K35R,BOEING KC-135R/T Stratotanker,L4J,H
AE08B4,165959,TEX2,BEECHCRAFT T-6 Texan 2,L1T,L
AE09B4,85-24439,H60,SIKORSKY UH-60 Black Hawk,H2T,M
AE0BB4,85-24750,H60,SIKORSKY UH-60 Black Hawk,H2T,M
AE0CB4,83-23920,H60,SIKORSKY UH-60 Black Hawk,H2T,M
AE0DB4,85-24448,H60,SIKORSKY UH-60 Black Hawk,H2T,M
AE0EB4,82-23753,H60,SIKORSKY UH-60 Black Hawk,H2T,M
AE11B4,03-3682,TEX2,BEECHCRAFT T-6 Texan 2,L1T,L
AE13B4,04-3734,TEX2,BEECHCRAFT T-6 Texan 2,L1T,L
AE14B4,160977,BE9L,BEECH 90 King Air,L2T,L
AE17B4,96-0205,F15,MCDONNELL-DOUGLAS F-15 Eagle,L2J,M
AE1DB4,167824,H60,SIKORSKY UH-60 Black Hawk,H2T,M
AE1EB4,166047,TEX2,BEECHCRAFT T-6 Texan 2,L1T,L
AE1FB4,10-72165,EC45,AIRBUS HELICOPTERS EC-145,H2T,L
AE26B4,6594,AS65,AEROSPATIALE AS-365 Dauphin 2,H2T,L
AE47B4,08-20172,H60,SIKORSKY UH-60 Black Hawk,H2T,M
AE4EB4,168430,P8,BOEING P-8 Poseidon,L2J,M
AE4FB4,168100,H60,SIKORSKY UH-60 Black Hawk,H2T,M
AE50B4,10-20244,H60,SIKORSKY UH-60 Black Hawk,H2T,M
AE51B4,11-20369,H60,SIKORSKY UH-60 Black Hawk,H2T,M
AE52B4,10-08082,H47,BOEING-VERTOL CH-47 Chinook,H2T,M
AE54B4,12-9506,GLEX,BOMBARDIER BD-700 Global 6000/6500,L2J,M
AE56B4,13-20588,H60,SIKORSKY UH-60 Black Hawk,H2T,M
AE57B4,168848,P8,BOEING P-8 Poseidon,L2J,M
AE58B4,11-00265,B350,BEECHCRAFT Super King Air 350,L2T,M
AE59B4,13-08147,H47,BOEING-VERTOL CH-47 Chinook,H2T,M
AE5AB4,15-20722,H60,SIKORSKY UH-60 Black Hawk,H2T,M
AE5CB4,03-26992,H60,SIKORSKY UH-60 Black Hawk,H2T,M
AE5EB4,163346,B06,BELL 206 JetRanger,H1T,L
AE61B4,169019,H53,SIKORSKY CH-53,H2T,M
AE63B4,20-46072,B762,BOEING 767-200,L2J,H
AE68B4,10-3026,D328,DORNIER 328,L2T,M
AE6CB4,20-03340,H64,MCDONNELL DOUGLAS AH-64 Apache,H2T,M
AE6DB4,21-03372,H64,MCDONNELL DOUGLAS AH-64 Apache,H2T,M
AE74B4,22-21232,H60,SIKORSKY UH-60 Black Hawk,H2T,M
C000B4,C-FAGX,DH60,DE HAVILLAND DH-60 Moth,L1P,L
C001B4,C-FAQT,CP60,PIEL Super Diamant,L1P,L
C002B4,C-FBAP,DC4,DOUGLAS DC-4 Skymaster,L4P,M
C003B4,C-FBKL,AR50,AERONCA 50 Chief,L1P,L
C005B4,C-FCED,C182,CESSNA 182 Skylane,L1P,L
C006B4,C-FCNZ,C210,CESSNA 201 Centurion,L1P,L
C007B4,C-FCXV,,,,
C008B4,C-FDHR,DH82,DE HAVILLAND DH-82 Tiger Moth,L1P,L
C009B4,C-FDRN,C185,CESSNA 185 Skywagon,L1P,L
C00AB4,C-FEBJ,C170,CESSNA 170,L1P,L
C00FB4,C-FFYP,C150,CESSNA 150,L1P,L
C011B4,C-FGSH,CH7A,BELLANCA 7 Champion,L1P,L
C012B4,C-FHCD,,,,
C013B4,C-FHLZ,C180,CESSNA  180 Skywagon,L1P,L
C014B4,C-FHVV,AS50,AEROSPATIALE AS-350 Ecureuil,H1T,L
C015B4,C-FIFR,PA18,PIPER PA-18 Super Cub,L1P,L
C016B4,C-FIPN,PC12,PILATUS PC-12,L1T,L
C017B4,C-FIZJ,C172,CESSNA 172 Skyhawk,L1P,L
C018B4,C-FJJF,PA36,PIPER PA-36 Pawnee Brave,L1P,L
C019B4,C-FJTB,AT5T,AIR TRACTOR AT-504,L1T,L
C01AB4,C-FKCX,BE58,BEECH 58 Baron,L2P,L
C01BB4,C-FKMT,C180,CESSNA  180 Skywagon,L1P,L
C01CB4,C-FKWP,C172,CESSNA 172 Skyhawk,L1P,L
C01EB4,C-FLQH,AS50,AEROSPATIALE AS-350 Ecureuil,H1T,L
C01FB4,C-FMAD,DH82,DE HAVILLAND DH-82 Tiger Moth,L1P,L
C020B4,C-FMJZ,PA12,PIPER PA-12 Super Cruiser,L1P,L
C021B4,C-FMTV,GLAS,Glasair,L1P,L
C022B4,C-FNDR,PA22,PIPER PA-22,L1P,L
C024B4,C-FNXJ,RAF2,ROTARY AIR FORCE RAF-2000,G1P,L
C026B4,C-FORB,GLF4,GULFSTREAM 4,L2J,M
C027B4,C-FPAX,CH7B,BELLANCA 7 Citabria,L1P,L
C028B4,C-FPKT,,,,
C029B4,C-FPUP,C172,CESSNA 172 Skyhawk,L1P,L
C02BB4,C-FQOH,C150,CESSNA 150,L1P,L
C02DB4,C-FRHZ,BE20,BEECH 200 Super King Air,L2T,M
C02EB4,C-FRRV,RV6,VANS RV-6,L1P,L
C02FB4,C-FSBR,E550,EMBRAER EMB-550 Praetor 600,L2J,M
C030B4,C-FSLN,,,,
C031B4,C-FSVJ,NDIC,NORMAN Nordic,L1P,L
C032B4,C-FTFF,C150,CESSNA 150,L1P,L
C034B4,C-FTYX,C150,CESSNA 150,L1P,L
C037B4,C-FVCL,AR11,AERONCA 11 Chief,L1P,L
C038B4,C-FVMH,,,,
C03AB4,C-FWFZ,,,,
C03BB4,C-FWPV,C172,CESSNA 172 Skyhawk,L1P,L
C03EB4,C-FXTJ,CH7B,BELLANCA 7 Citabria,L1P,L
C041B4,C-FYWX,C120,CESSNA 120,L1P,L
C042B4,C-FZGT,M20P,MOONEY M-20,L1P,L
C044B4,C-GAAL,AC90,NORTH AMERICAN ROCKWELL Turbo Commander 690/840,L2T,L
C046B4,C-GAUD,SA30,STOLP Starduster Too,L1P,L
C047B4,C-GBDZ,P28A,PIPER PA-28-140/150/160/180,L1P,L
C048B4,C-GBNV,DC4,DOUGLAS DC-4 Skymaster,L4P,M
C049B4,C-GBXR,MAGN,AVID Magnum,L1P,L
C04BB4,C-GCRJ,S108,STINSON 108 Voyager,L1P,L
C04CB4,C-GDBF,M20T,MOONEY M-20T,L1P,L
C04DB4,C-GDLB,CH20,ZENAIR CH-200 Zenith,L1P,L
C04FB4,C-GEET,R44,ROBINSON R-44 Raven,H1P,L
C051B4,C-GEYL,P28A,PIPER PA-28-140/150/160/180,L1P,L
C054B4,C-GGBZ,C206,CESSNA  206 Stationair,L1P,L
C055B4,C-GGLV,C172,CESSNA 172 Skyhawk,L1P,L
C056B4,C-GGVR,C172,CESSNA 172 Skyhawk,L1P,L
C057B4,C-GHFN,C177,CESSNA  177 Cardinal,L1P,L
C058B4,C-GHPJ,A321,AIRBUS A-321,L2J,M
C05AB4,C-GIJB,C172,CESSNA 172 Skyhawk,L1P,L
C05BB4,C-GISX,C185,CESSNA 185 Skywagon,L1P,L
C05CB4,C-GJCT,PA27,PIPER PA-23-250 Aztec,L2P,L
C05EB4,C-GJWL,B06,BELL 206 JetRanger,H1T,L
C05FB4,C-GKGH,PA32,PIPER PA-32,L1P,L
C060B4,C-GKQD,DH8D,DE HAVILLAND DHC-8-400 Dash 8,L2T,M
C061B4,C-GKZZ,GLID,,L0-,-
C062B4,C-GLJV,BE20,BEECH 200 Super King Air,L2T,M
C063B4,C-GLTR,BALL,,B0-,-
C064B4,C-GMDN,C185,CESSNA 185 Skywagon,L1P,L
C065B4,C-GMNJ,SR22,CIRRUS SR-22,L1P,L
C066B4,C-GMXF,C172,CESSNA 172 Skyhawk,L1P,L
C067B4,C-GNHB,,,,
C06DB4,C-GPOD,ZZZZ,,-0-,-
C06EB4,C-GPXZ,GLID,,L0-,-
C06FB4,C-GQHV,PA31,PIPER PA-31-300/310/325/350/425,L2P,L
C070B4,C-GQRR,C152,CESSNA 152,L1P,L
C071B4,C-GRBN,PA24,PIPER PA-24 Comanche,L1P,L
C072B4,C-GRLJ,,,,
C073B4,C-GRVF,RV7,VANS RV-7,L1P,L
C074B4,C-GSFB,BE76,BEECH 76 Duchess,L2P,L
C075B4,C-GSOX,AS50,AEROSPATIALE AS-350 Ecureuil,H1T,L
C076B4,C-GSYT,C206,CESSNA  206 Stationair,L1P,L
C077B4,C-GTIP,BE33,BEECH 33 Bonanza,L1P,L
C079B4,C-GUCH,C172,CESSNA 172 Skyhawk,L1P,L
C07AB4,C-GUMD,PA46,PIPER PA-46-310/350,L1P,L
C07DB4,C-GVPR,C10T,CESSNA P210 Turbine,L1T,L
C07FB4,C-GWJJ,AC11,NORTH AMERICAN ROCKWELL Commander 112/114,L1P,L
C080B4,C-GWTF,PA18,PIPER PA-18 Super Cub,L1P,L
C082B4,C-GXMX,M5,MAULE M-5,L1P,L
C083B4,C-GXWT,C185,CESSNA 185 Skywagon,L1P,L
C084B4,C-GYGP,BE23,BEECH 23 Sundowner,L1P,L
C086B4,C-GZAH,AS50,AEROSPATIALE AS-350 Ecureuil,H1T,L
C087B4,C-GZKD,C152,CESSNA 152,L1P,L
C088B4,C-GZTZ,C152,CESSNA 152,L1P,L
C089B4,C-IADV,,,,
C08AB4,C-IANR,,,,
C08BB4,C-IAXN,ULAC,,L0-,-
C08CB4,C-IBHJ,ULAC,,L0-,-
C08DB4,C-IBRF,ULAC,,L0-,-
C08EB4,C-ICBB,PARA,,P0-,-
C091B4,C-IDEP,ULAC,,L0-,-
C092B4,C-IDOL,PARA,,P0-,-
C093B4,C-IDYH,,,,
C095B4,C-IERZ,ULAC,,L0-,-
C096B4,C-IFBV,ULAC,,L0-,-
C097B4,C-IFLR,ULAC,,L0-,-
C098B4,C-IFVN,PARA,,P0-,-
C099B4,C-IGFJ,PARA,,P0-,-
C09AB4,C-IGPF,ULAC,,L0-,-
C09BB4,C-IGZB,PARA,,P0-,-
C09CB4,C-IHIX,BEVR,ASAP Beaver,L1P,L
C09EB4,C-IICP,PARA,,P0-,-
C09FB4,C-IIML,ULAC,,L0-,-
C0A1B4,C-IJGD,PARA,,P0-,-
C0A2B4,C-IJPZ,PARA,,P0-,-
C0A4B4,C-IKJR,ULAC,,L0-,-
C0A5B4,C-IKTN,PARA,,P0-,-
C0A6B4,C-ILDJ,ULAC,,L0-,-
C0A7B4,C-ILNF,MAME,BLUE YONDER Merlin,L1P,L
C0A8B4,C-ILXB,,,,
C0B6B4,C-IREX,ULAC,,L0-,-
C0CCB4,C-IZNN,CH70,ZENAIR CH-701 Stol,L1P,L
C1E4B4,SERV,SERV,,V0-,-
C1E5B4,SERV,SERV,,V0-,-
C1E9B4,SERV,SERV,,V0-,-
C800B4,ZK-BFS,DH82,DE HAVILLAND DH-82 Tiger Moth,L1P,L
C801B4,ZK-CJA,JUNR,BOLKOW BO-208 Junior,L1P,L
C803B4,ZK-DXW,C180,CESSNA  180 Skywagon,L1P,L
C804B4,ZK-ESG,PA38,PIPER PA-38 Tomahawk,L1P,L
C80AB4,ZK-CJF,JUNR,BOLKOW BO-208 Junior,L1P,L
C80EB4,ZK-HYH,B06,BELL 206 JetRanger,H1T,L
C810B4,ZK-PPL,PELI,FLYER Pelican,L1P,L
C813B4,ZK-PTD,CT4,PACIFIC AEROSPACE CT-4 Airtrainer,L1P,L
C816B4,ZK-ITW,R44,ROBINSON R-44 Raven,H1P,L
C817B4,ZK-IUU,AS50,AEROSPATIALE AS-350 Ecureuil,H1T,L
C819B4,ZK-MSY,T51,TITAN T-51 Mustang,L1P,L
C81EB4,ZK-CBZ,C172,CESSNA 172 Skyhawk,L1P,L
C820B4,ZK-TKB,CRER,RANS Courier,L1P,L
C822B4,ZK-IDX,AS50,AEROSPATIALE AS-350 Ecureuil,H1T,L
C827B4,ZK-HNW,H500,HUGHES 500,H1T,L
E200B4,LV-S111,NG5,BRM AERO NG-5/6 Bristell,L1P,L
E400B4,4101,E145,EMBRAER ERJ-145,L2J,M
E47EB4,PR-JAQ,C750,CESSNA 750 Citation 10,L2J,M
E481B4,PR-DIB,LJ40,LEARJET 40,L2J,M
E482B4,PR-SBH,C510,CESSNA 510 Citation Mustang,L2J,L
E488B4,PR-LIG,C550,CESSNA 550 Citation S2,L2J,L
E48DB4,PP-FCC,GLEX,BOMBARDIER BD-700 Global 6000/6500,L2J,M
E48FB4,PR-GXT,B738,BOEING 737-800,L2J,M
E493B4,PR-TGG,BE9L,BEECH 90 King Air,L2T,L
E494B4,PR-YRZ,A20N,AIRBUS A-320neo,L2J,M
E495B4,PT-OEJ,BE58,BEECH 58 Baron,L2P,L
E496B4,PP-CRP,DA42,DIAMOND DA-42 Guardian,L2P,L
E497B4,PS-HAH,EC45,AIRBUS HELICOPTERS EC-145,H2T,L
E498B4,PT-LUM,BE33,BEECH 33 Bonanza,L1P,L
E806B4,913,GLF4,GULFSTREAM 4,L2J,M
