0086BA,ZS-CNP,C180,CESSNA  180 Skywagon,L1P,L
008ABA,ZS-EAZ,M200,NORTH AMERICAN ROCKWELL Commander 200,L1P,L
008FBA,ZS-FYF,P28A,PIPER PA-28-140/150/160/180,L1P,L
0092BA,ZS-HBT,R44,ROBINSON R-44 Raven,H1P,L
009DBA,ZS-LGB,P32R,PIPER PA-32R-300/301/301T,L1P,L
00A0BA,ZS-MJP,C182,CESSNA 182 Skylane,L1P,L
00ADBA,ZS-RHP,B06,BELL 206 JetRanger,H1T,L
0101BA,SU-GEJ,B738,BOEING 737-800,L2J,M
0200BA,CN-BTK,TEX2,BEECHCRAFT T-6 Texan 2,L1T,L
0642BA,5N-PDA,CL60,BOMBARDIER CL-600 Challenger,L2J,M
06A0BA,A7-BCV,B788,BOEING 787-8 Dreamliner,L2J,H
0AC7BA,EJC2100,H60,SIKORSKY UH-60 Black Hawk,H2T,M
0AC9BA,HK-1958G,C172,CESSNA 172 Skyhawk,L1P,L
0C20BA,HP-1848CMP,B738,BOEING 737-800,L2J,M
0D02BA,XA-RYM,H25B,HAWKER BEECHCRAFT Hawker 750/850,L2J,M
0D07BA,XA-LHG,A320,AIRBUS A-320,L2J,M
0D09BA,XA-ETF,AS50,AEROSPATIALE AS-350 Ecureuil,H1T,L
0D0ABA,XA-AEL,E190,EMBRAER ERJ-190-100,L2J,M
0D0BBA,XA-MFG,B789,BOEING 787-9 Dreamliner,L2J,H
0D0CBA,XA-JTI,H25B,HAWKER BEECHCRAFT Hawker 750/850,L2J,M
0D0DBA,XA-SLG,B734,BOEING 737-400,L2J,M
0D82BA,YV2840,BE30,BEECH 300 Super King Air,L2T,L
1416BA,RA-05818,R66,ROBINSON R-66,H1T,L
14B9BA,47546,,,,
151DBA,RA-73146,B77W,BOEING 777-300ER,L2J,H
151EBA,RA-73402,A320,AIRBUS A-320,L2J,M
151FBA,RA-73658,B738,BOEING 737-800,L2J,M
1533BA,RF-78778,,,,
155BBA,RA-89018,SU95,SUKHOI Superjet 100-95,L2J,M
3004BA,I-CNTY,PA34,PIPER PA-34 Seneca,L2P,L
3005BA,I-ACTO,SIRA,TECNAM P-2002 Sierra,L1P,L
3006BA,I-MADE,EC45,AIRBUS HELICOPTERS EC-145,H2T,L
3007BA,I-TFAD,P06T,TECNAM P-2006T,L2P,L
3008BA,I-MMSM,AS50,AEROSPATIALE AS-350 Ecureuil,H1T,L
31D9BA,I-A942,EV97,EVEKTRO EV-97 EuroStar,L1P,L
31DCBA,I-9504,ULAC,,L0-,-
33FDBA,MM81623,NH90,NHI NH-90,H2T,M
33FFBA,MM62211,P180,PIAGGIO P-180 Avanti,L2T,L
3801BA,F-WWIB,A20N,AIRBUS A-320neo,L2J,M
3802BA,F-WWKM,A332,AIRBUS A-330-200,L2J,H
3803BA,F-WWKU,A332,AIRBUS A-330-200,L2J,H
3806BA,F-WWJT,F2TH,DASSAULT Falcon 2000,L2J,M
3807BA,F-WWAB,A21N,AIRBUS A-321neo,L2J,M
3808BA,F-WWAL,A388,AIRBUS A-380-800,L4J,H
380CBA,F-WWCU,A359,AIRBUS A-350-900,L2J,H
380DBA,F-WWBF,A20N,AIRBUS A-320neo,L2J,M
380EBA,F-WWBO,A20N,AIRBUS A-320neo,L2J,M
380FBA,F-WWBX,A20N,AIRBUS A-320neo,L2J,M
3810BA,F-WWDG,A20N,AIRBUS A-320neo,L2J,M
3811BA,F-WWDO,A320,AIRBUS A-320,L2J,M
3812BA,F-WWDX,A20N,AIRBUS A-320neo,L2J,M
3813BA,F-WWIJ,A20N,AIRBUS A-320neo,L2J,M
3814BA,F-WWIR,A20N,AIRBUS A-320neo,L2J,M
3815BA,F-WWBE,A20N,AIRBUS A-320neo,L2J,M
3816BA,F-WWEG,AT76,ATR-72-600,L2T,M
3818BA,F-WWEW,AT76,ATR-72-600,L2T,M
381CBA,F-WWHD,FA7X,DASSAULT Falcon 7X,L3J,M
381EBA,F-WWHU,FA7X,DASSAULT Falcon 7X,L3J,M
3823BA,F-WWFS,F900,DASSAULT Falcon 900,L3J,M
3824BA,F-WWVB,F900,DASSAULT Falcon 900,L3J,M
3827BA,F-WWVZ,FA8X,DASSAULT Falcon 8X,L3J,M
3828BA,F-WWYH,A333,AIRBUS A-330-300,L2J,H
382BBA,F-WWOA,AS65,AEROSPATIALE AS-365 Dauphin 2,H2T,L
3835BA,F-WWTK,A20N,AIRBUS A-320neo,L2J,M
3839BA,F-WWGP,F2TH,DASSAULT Falcon 2000,L2J,M
383ABA,F-WWGX,F2TH,DASSAULT Falcon 2000,L2J,M
384ABA,F-WWQP,FA8X,DASSAULT Falcon 8X,L3J,M
384BBA,F-WWQZ,FA8X,DASSAULT Falcon 8X,L3J,M
38CABA,F-CYLU,GLID,,L0-,-
3AAABA,F-MEBO,NH90,NHI NH-90,H2T,M
3B75BA,F-UGJM,MIR2,DASSAULT Mirage 2000,L1J,M
3B76BA,F-RAWF,AS55,AEROSPATIALE AS-355 Ecureuil 2,H2T,L
3C66BA,D-AIUZ,A320,AIRBUS A-320,L2J,M
3CDBBA,D-CKNA,C25C,CESSNA 525C Citation CJ4,L2J,M
3D04BA,D-EAAS,C182,CESSNA 182 Skylane,L1P,L
3D05BA,D-EAKO,P28T,PIPER PA-28RT-201,L1P,L
3D07BA,D-EBEG,P28S,PIPER PA-28R-201T,L1P,L
3D08BA,D-EBOC,P28A,PIPER PA-28-140/150/160/180,L1P,L
3D09BA,D-EBXY,PA18,PIPER PA-18 Super Cub,L1P,L
3D0ABA,D-ECHU,C150,CESSNA 150,L1P,L
3D0BBA,D-ECRQ,C172,CESSNA 172 Skyhawk,L1P,L
3D0EBA,D-EDVE,DR40,ROBIN DR-400,L1P,L
3D0FBA,D-EEFA,P28A,PIPER PA-28-140/150/160/180,L1P,L
3D11BA,D-EEYS,PTSS,PITTS S-1-11 Super Stinker,L1P,L
3D12BA,D-EFIO,AA5,AMERICAN AA-5 Tiger,L1P,L
3D13BA,D-EFSK,C182,CESSNA 182 Skylane,L1P,L
3D14BA,D-EGCG,DR40,ROBIN DR-400,L1P,L
3D1ABA,D-EIJI,DR40,ROBIN DR-400,L1P,L
3D1DBA,D-EJMW,P32R,PIPER PA-32R-300/301/301T,L1P,L
3D1EBA,D-EJWS,AA5,AMERICAN AA-5 Tiger,L1P,L
3D1FBA,D-EKGO,S05R,SIAI-MARCHETTI S-205-22R,L1P,L
3D23BA,D-ELTY,ELST,PUTZER Elster,L1P,L
3D25BA,D-EMNQ,DO27,DORNIER Do-27,L1P,L
3D26BA,D-EMXM,SR22,CIRRUS SR-22,L1P,L
3D28BA,D-ENRE,PA46,PIPER PA-46-310/350,L1P,L
3D29BA,D-EOBA,BREZ,AEROSTYLE Breezer,L1P,L
3D33BA,D-ERVM,RV12,VANS RV-12,L1P,L
3D34BA,D-ESFI,S6,STEMME S-6,L1P,L
3D38BA,D-ETSS,SR22,CIRRUS SR-22,L1P,L
3D39BA,D-EUCO,C172,CESSNA 172 Skyhawk,L1P,L
3D3ABA,D-EUMK,S22T,CIRRUS SR-22T Turbo,L1P,L
3D40BA,D-EWTM,RV6,VANS RV-6,L1P,L
3D43BA,D-EXXA,P28R,PIPER PA-28R-180/200/201,L1P,L
3D47BA,D-EZKK,M20T,MOONEY M-20T,L1P,L
3D85BA,D-FWWW,PC12,PILATUS PC-12,L1T,L
3D88BA,D-FYAK,YK11,YAKOVLEV Yak-11,L1P,L
3D8EBA,D-GAHM,P06T,TECNAM P-2006T,L2P,L
3D9CBA,D-GFPI,P68,PARTENAVIA P-68 Observer,L2P,L
3DC4BA,D-GUTE,PA34,PIPER PA-34 Seneca,L2P,L
3DD4BA,D-HAUS,AS50,AEROSPATIALE AS-350 Ecureuil,H1T,L
3E25BA,D-IFMG,PRM1,RAYTHEON 390 Premier 1,L2J,L
3E47BA,D-ISJA,C25A,CESSNA 525A Citation CJ2,L2J,L
3E61BA,D-KCFA,DG80,DG FLUGZEUGBAU DG-800,L1P,L
3E67BA,D-KEMC,GLID,,L0-,-
3E6DBA,D-KGTE,DIMO,DIAMOND H-36 Dimona,L1P,L
3E6FBA,D-KHMW,DG60,DG FLUGZEUGBAU DG-600M,L1P,L
3E73BA,D-KJAG,VENT,SCHEMPP-HIRTH Ventus,L1P,L
3E76BA,D-KKDU,DUOD,SCHEMPP-HIRTH Duo Discus,L1P,L
3E7CBA,D-KMKW,AS25,SCHLEICHER ASH-25,L1P,L
3E7EBA,D-KNEO,G109,GROB G-109,L1P,L
3EF7BA,D-5923,GLID,,L0-,-
3EFBBA,D-6947,DISC,SCHEMPP-HIRTH Discus,L1P,L
3F35BA,D-OGGG,BALL,,B0-,-
3FD8BA,D-OTMW,BALL,,B0-,-
3FD9BA,D-OTWS,BALL,,B0-,-
3FECBA,D-MPAL,ULAC,,L0-,-
3FEDBA,D-MDHR,CORO,CORVUS Corone,L1P,L
3FEEBA,D-MBUB,C42,IKARUS C-42 Bison,L1P,L
3FEFBA,D-MLEC,FK12,B&F TECHNIK FK-12 Comet,L1P,L
3FF0BA,D-MJAH,FDCT,FLIGHT DESIGN CT,L1P,L
3FF1BA,D-MMBP,FK14,B&F TECHNIK FK-14 Polaris,L1P,L
3FF2BA,D-MTGI,C42,IKARUS C-42 Bison,L1P,L
3FF3BA,D-MKSA,CH60,ZENAIR CH-600 Zodiac,L1P,L
4005BA,G-VIIB,B772,BOEING 777-200,L2J,H
4008BA,G-OFOM,B461,BRITISH AEROSPACE 146-100 Statesman,L4J,M
400BBA,G-GDMW,BE76,BEECH 76 Duchess,L2P,L
400CBA,G-INAS,P28A,PIPER PA-28-140/150/160/180,L1P,L
400DBA,G-FJET,C550,CESSNA 550 Citation S2,L2J,L
400FBA,G-JECP,DH8D,DE HAVILLAND DHC-8-400 Dash 8,L2T,M
4016BA,G-AVBT,P28A,PIPER PA-28-140/150/160/180,L1P,L
4017BA,G-AWPH,PPRO,HUNTING P-56 Provost,L1P,L
4019BA,G-BACE,RF5,FOURNIER RF-5,L1P,L
401BBA,G-HIVE,C150,CESSNA 150,L1P,L
401DBA,G-BGMP,C172,CESSNA 172 Skyhawk,L1P,L
401EBA,G-BIAC,RALL,SOCATA Rallye,L1P,L
4021BA,G-ERRY,AA5,AMERICAN AA-5 Tiger,L1P,L
4025BA,G-BEOL,SC7,SHORT Skyvan,L2T,L
4029BA,G-BNXE,P28A,PIPER PA-28-140/150/160/180,L1P,L
402CBA,G-BPEZ,BALL,,B0-,-
402DBA,G-BPIZ,AA5,AMERICAN AA-5 Tiger,L1P,L
4035BA,G-OJLH,ULAC,,L0-,-
4037BA,G-MSAL,MS73,MORANE-SAULNIER MS-733 Alcyon,L1P,L
403DBA,G-BXFK,ULAC,,L0-,-
403EBA,G-NEWZ,B06,BELL 206 JetRanger,H1T,L
4042BA,G-BZIJ,DR40,ROBIN DR-400,L1P,L
4043BA,G-MEGG,EUPA,Europa,L1P,L
4046BA,G-NYMF,PA25,PIPER PA-25 Pawnee,L1P,L
4048BA,G-CCCE,AP22,AEROPRACT A-22,L1P,L
404ABA,G-NUKA,P28A,PIPER PA-28-140/150/160/180,L1P,L
404BBA,G-OKER,RV7,VANS RV-7,L1P,L
404CBA,G-DJST,ULAC,,L0-,-
404DBA,G-CDLA,ULAC,,L0-,-
404EBA,G-CDRJ,ULAC,,L0-,-
404FBA,G-OSUT,SF25,SCHEIBE SF-25 Falke,L1P,L
4052BA,G-REVE,RV6,VANS RV-6,L1P,L
4056BA,G-CKFB,DISC,SCHEMPP-HIRTH Discus,L1P,L
4058BA,G-DEKS,GLID,,L0-,-
4059BA,G-DCPD,GLID,,L0-,-
405ABA,G-CMBR,C172,CESSNA 172 Skyhawk,L1P,L
405FBA,G-CFVJ,CA65,CVJETKOVIC CA-65 Skyfly,L1P,L
4060BA,G-LSMB,F2TH,DASSAULT Falcon 2000,L2J,M
4061BA,G-CGFS,CJ6,NANCHANG CJ-6,L1P,L
4062BA,G-CKSC,CRUZ,CSA PS-28 Cruiser,L1P,L
4064BA,G-CGTS,BALL,,B0-,-
4065BA,G-IBSY,SPIT,SUPERMARINE Spitfire,L1P,L
406ABA,G-CICV,MT,ROTORSPORT MTOSport,G1P,L
406BBA,G-CIJM,BALL,,B0-,-
406CBA,G-CIKR,SKRA,BEST OFF Sky Ranger,L1P,L
406FBA,G-CIZL,ULAC,,L0-,-
4070BA,G-RDRL,UHEL,,H0-,-
4071BA,G-PRPG,DH8D,DE HAVILLAND DHC-8-400 Dash 8,L2T,M
4072BA,G-LOLI,DG1T,DG FLUGZEUGBAU DG-1001T,L1P,L
4073BA,G-JMRT,C42,IKARUS C-42 Bison,L1P,L
4074BA,G-CKTK,FOX,KITFOX,L1P,L
4075BA,G-HECT,FDCT,FLIGHT DESIGN CT,L1P,L
4077BA,G-DRTU,B738,BOEING 737-800,L2J,M
407BBA,G-CMAK,C152,CESSNA 152,L1P,L
407CBA,G-DOUN,A109,AGUSTA AW-109 Grand,H2T,L
407EBA,G-TSUN,H25B,HAWKER BEECHCRAFT Hawker 750/850,L2J,M
4242BA,VP-BNU,DH8D,DE HAVILLAND DHC-8-400 Dash 8,L2T,M
4243BA,VP-BXM,B38M,BOEING 737 MAX 8,L2J,M
4244BA,VQ-BLP,B738,BOEING 737-800,L2J,M
4247BA,VP-CRC,E35L,EMBRAER EMB-135 Legacy,L2J,M
43C6BA,ZZ397,LYNX,AGUSTAWESTLAND AW-159 Super Lynx,H2T,L
43C8BA,ZM307,G12T,GROB G-120TP,L1T,L
43EBBA,2-DBCV,AT45,ATR-42-500,L2T,M
43EDBA,2-OOOX,F2TH,DASSAULT Falcon 2000,L2J,M
4400BA,OE-GTS,C56X,CESSNA 560XL Citation XLS,L2J,M
4401BA,OE-ZCN,BALL,,B0-,-
4408BA,OE-XHF,B06,BELL 206 JetRanger,H1T,L
4409BA,OE-XAF,AS50,AEROSPATIALE AS-350 Ecureuil,H1T,L
440ABA,OE-DCG,C175,CESSNA 175 Skylark,L1P,L
440BBA,OE-7031,ULAC,,L0-,-
4488BA,OO-BEZ,BALL,,B0-,-
449CBA,OO-GEZ,CP10,CAP AVIATION CAP-10,L1P,L
44CEBA,OO-SUZ,EC30,AIRBUS HELICOPTERS EC-130,H1T,L
44D1BA,OO-TMZ,B38M,BOEING 737 MAX 8,L2J,M
451DBA,LZ-LAA,A320,AIRBUS A-320,L2J,M
4594BA,OY-EEZ,LGEZ,RUTAN Long-EZ,L1P,L
45A2BA,OY-HUZ,EC25,AIRBUS HELICOPTERS EC-225/725,H2T,M
45CABA,OY-RUZ,A320,AIRBUS A-320,L2J,M
4606BA,OH-COG,C152,CESSNA 152,L1P,L
4633BA,OH-TPI,SIRA,TECNAM P-2002 Sierra,L1P,L
4684BA,SX-AEZ,P208,TECNAM P-2008,L1P,L
4702BA,HA-BAW,SIRA,TECNAM P-2002 Sierra,L1P,L
473FBA,HA-YDM,SG92,TECHNOAVIA Turbo Finist,L1T,L
4780BA,LN-WFS,DH8C,DE HAVILLAND DHC-8-300 Dash 8,L2T,M
4783BA,LN-OOD,EC35,AIRBUS HELICOPTERS EC-135/635,H2T,L
4786BA,LN-KCE,C150,CESSNA 150,L1P,L
47BEBA,LN-TOB,PA46,PIPER PA-46-310/350,L1P,L
47C2BA,LN-GHY,GLID,,L0-,-
47C3BA,LN-YXK,SHRK,SHARK AERO Shark,L1P,L
47C6BA,LN-UPS,Z42,ZLIN Z-42/142/242,L1P,L
4840BA,PJ-DVE,DHC6,DE HAVILLAND DHC-6 Twin Otter,L2T,L
4842BA,GND,GND,,V0-,-
4843BA,PH-ZCT,PA18,PIPER PA-18 Super Cub,L1P,L
4845BA,PH-CRJ,RV6,VANS RV-6,L1P,L
4847BA,PH-ESB,TOBA,SOCATA Tobago,L1P,L
4848BA,PH-421,GLID,,L0-,-
484ABA,PH-JAC,P28A,PIPER PA-28-140/150/160/180,L1P,L
484BBA,PH-881,GLID,,L0-,-
484CBA,PH-BVF,B77W,BOEING 777-300ER,L2J,H
484DBA,PH-262,GLID,,L0-,-
484EBA,PH-3W1,ULAC,,L0-,-
484FBA,PH-RTC,EVSS,EVEKTOR SportStar,L1P,L
4850BA,P4-LAC,C130,LOCKHEED C-130 Hercules,L4T,M
4851BA,PH-1HT,ZZZZ,,-0-,-
4853BA,PH-1OH,ZZZZ,,-0-,-
4854BA,PH-1YV,ZZZZ,,-0-,-
4855BA,PH-2IK,ZZZZ,,-0-,-
4856BA,PH-2XG,ZZZZ,,-0-,-
485EBA,PH-WOH,DA40,DIAMOND DA-40 Club Star,L1P,L
4860BA,PH-UNC,FA7X,DASSAULT Falcon 7X,L3J,M
49D0BA,OK-SLI,BE58,BEECH 58 Baron,L2P,L
49D2BA,OK-COK,C172,CESSNA 172 Skyhawk,L1P,L
49D3BA,OK-LRB,L410,LET L-410 Turbolet,L2T,L
49D4BA,OK-AOC,SIRA,TECNAM P-2002 Sierra,L1P,L
4A35BA,77,PUMA,AEROSPATIALE SA-330 Puma,H2T,L
4A7FBA,YR-5670,VL3,AVEKO Flamingo,L1P,L
4AADBA,SE-KMZ,P28R,PIPER PA-28R-180/200/201,L1P,L
4AB1BA,SE-LMZ,P28A,PIPER PA-28-140/150/160/180,L1P,L
4AB2BA,SE-LUZ,C172,CESSNA 172 Skyhawk,L1P,L
4AB4BA,SE-MEZ,EVSS,EVEKTOR SportStar,L1P,L
4ACDBA,SE-SMZ,GLID,,L0-,-
4ADABA,SE-VUZ,WT9,AEROSPOOL WT-9 Dynamic,L1P,L
4B16BA,HB-IPU,A319,AIRBUS A-319,L2J,M
4B18BA,HB-JJM,A320,AIRBUS A-320,L2J,M
4B1BBA,HB-KNA,S22T,CIRRUS SR-22T Turbo,L1P,L
4B2BBA,HB-QOO,BALL,,B0-,-
4B2EBA,HB-RSC,CONI,LOCKHED Constellation,L4P,M
4B2FBA,HB-SBY,CP10,CAP AVIATION CAP-10,L1P,L
4B3ABA,HB-WGG,GYRO,,G0-,-
4B3FBA,HB-YDM,RV10,VANS RV-10,L1P,L
4B40BA,HB-YNI,COY2,RANS Coyote 2,L1P,L
4B42BA,HB-ZHA,AS50,AEROSPATIALE AS-350 Ecureuil,H1T,L
4B48BA,HB-1043,GLID,,L0-,-
4B4BBA,HB-1811,GLID,,L0-,-
4B50BA,HB-3091,GLID,,L0-,-
4B51BA,HB-3347,GLID,,L0-,-
4B7FBA,A-930,PC7,PILATUS PC-7 Astra,L1T,L
4B95BA,TC-EMZ,SR20,CIRRUS SR-20,L1P,L
4BA1BA,TC-HMZ,B430,BELL 430,H2T,L
4BB1BA,TC-LMZ,H25B,HAWKER BEECHCRAFT Hawker 750/850,L2J,M
4BB8BA,TC-NEZ,SR20,CIRRUS SR-20,L1P,L
4BCCBA,TC-SEZ,B738,BOEING 737-800,L2J,M
4CA9BA,EI-LRA,A21N,AIRBUS A-321neo,L2J,M
4CAABA,EI-ISE,B772,BOEING 777-200,L2J,H
4CABBA,EI-GUG,A320,AIRBUS A-320,L2J,M
4D21BA,9H-TTB,SR22,CIRRUS SR-22,L1P,L
4D22BA,9H-IBJ,A320,AIRBUS A-320,L2J,M
4D23BA,9H-MAS,GL5T,BOMBARDIER BD-700 Global 5000/5500,L2J,M
5002BA,T7-SKE,F900,DASSAULT Falcon 900,L3J,M
501FBA,231,H60,SIKORSKY UH-60 Black Hawk,H2T,M
503CBA,LY-BGS,B733,BOEING 737-300,L2J,M
504DBA,SERV,SERV,,V0-,-
5080BA,UR-CCP,AN12,ANTONOV An-12,L4T,M
5110BA,ES-LSD,SF34,SAAB 340,L2T,M
70C0BA,A4O-AJ,A319,AIRBUS A-319,L2J,M
7100BA,HZ-AQ16,A333,AIRBUS A-330-300,L2J,H
7103BA,HZ-SK5,GLF4,GULFSTREAM 4,L2J,M
717CBA,HZ-RC8,A139,AGUSTA AW-139,H2T,L
7502BA,9M-ASB,A139,AGUSTA AW-139,H2T,L
7543BA,9M-LMR,AT76,ATR-72-600,L2T,M
7609BA,AP-BMZ,B732,BOEING 737-200,L2J,M
76CDBA,9V-SMZ,A359,AIRBUS A-350-900,L2J,H
7800BA,B-5213,B737,BOEING 737-700,L2J,M
7802BA,B-8347,A320,AIRBUS A-320,L2J,M
7804BA,B-6132,A332,AIRBUS A-330-200,L2J,H
7805BA,B-6598,A321,AIRBUS A-321,L2J,M
7807BA,B-3186,E190,EMBRAER ERJ-190-100,L2J,M
7809BA,B-9900,A320,AIRBUS A-320,L2J,M
780ABA,B-LRO,A359,AIRBUS A-350-900,L2J,H
780BBA,B-8306,GLF5,GULFSTREAM 5,L2J,M
780CBA,B-5957,A333,AIRBUS A-330-300,L2J,H
780DBA,B-5828,B738,BOEING 737-800,L2J,M
780EBA,B-8163,A321,AIRBUS A-321,L2J,M
780FBA,B-7872,B737,BOEING 737-700,L2J,M
7812BA,B-1030,A320,AIRBUS A-320,L2J,M
7813BA,B-1014,A333,AIRBUS A-330-300,L2J,H
7814BA,B-1178,B38M,BOEING 737 MAX 8,L2J,M
7815BA,B-105F,C172,CESSNA 172 Skyhawk,L1P,L
7817BA,B-30AN,A20N,AIRBUS A-320neo,L2J,M
7818BA,B-9607,C172,CESSNA 172 Skyhawk,L1P,L
781BBA,B-12AK,SR20,CIRRUS SR-20,L1P,L
781DBA,B-329Z,A21N,AIRBUS A-321neo,L2J,M
7C02BA,VH-ATO,NOMA,GAF N22/24 Nomad,L2T,L
7C0ABA,VH-CEK,P28A,PIPER PA-28-140/150/160/180,L1P,L
7C11BA,VH-DSC,PA30,PIPER PA-30 Twin Comanche,L2P,L
7C14BA,VH-EDO,AEST,AEROSTAR 600,L2P,L
7C1ABA,VH-FKC,F100,FOKKER 100,L2J,M
7C25BA,VH-HQK,E50P,EMBRAER EMB-500 Phenom 100,L2J,L
7C26BA,VH-HXO,R44,ROBINSON R-44 Raven,H1P,L
7C2EBA,VH-JIK,C182,CESSNA 182 Skylane,L1P,L
7C2FBA,VH-JPO,AC50,NORTH AMERICAN ROCKWELL Commander 500,L2P,L
7C37BA,VH-LAK,LA4,LAKE LA-4/200,A1P,L
7C38BA,VH-LHO,C82R,CESSNA R182 Skylane RG,L1P,L
7C42BA,VH-NGS,C208,CESSNA 208 Caravan,L1T,L
7C4CBA,VH-PFW,G150,GULFSTREAM G150,L2J,M
7C5BBA,VH-SEK,B214,BELL 214,H1T,M
7C63BA,VH-TZG,BE24,BEECH 24 Sierra,L1P,L
7C67BA,VH-URW,C210,CESSNA 201 Centurion,L1P,L
7C6DBA,VH-VYK,B738,BOEING 737-800,L2J,M
7C6FBA,VH-WCS,B06,BELL 206 JetRanger,H1T,L
7C70BA,VH-WJW,SLG4,AIRPLANE FACTORY Sling 4,L1P,L
7C77BA,VH-XXO,C172,CESSNA 172 Skyhawk,L1P,L
7C78BA,VH-PRK,C208,CESSNA 208 Caravan,L1T,L
7C79BA,VH-YBW,DA42,DIAMOND DA-42 Guardian,L2P,L
7C7EBA,VH-ZBG,GLID,,L0-,-
7C7FBA,VH-ZIK,C210,CESSNA 201 Centurion,L1P,L
7CC4BA,23-0832,AP22,AEROPRACT A-22,L1P,L
800CBA,VT-TNK,A20N,AIRBUS A-320neo,L2J,M
800DBA,VT-IJG,A20N,AIRBUS A-320neo,L2J,M
8013BA,VT-PRY,H25B,HAWKER BEECHCRAFT Hawker 750/850,L2J,M
8014BA,VT-SFU,E35L,EMBRAER EMB-135 Legacy,L2J,M
840CBA,JA03HC,SF34,SAAB 340,L2T,M
845CBA,JA10TG,K100,DAHER Kodiak 100,L1T,L
84BCBA,JA22HG,SR22,CIRRUS SR-22,L1P,L
851BBA,JA340J,B738,BOEING 737-800,L2J,M
852DBA,JA391C,C25A,CESSNA 525A Citation CJ2,L2J,L
862CBA,JA6514,AS50,AEROSPATIALE AS-350 Ecureuil,H1T,L
863BBA,JA696A,AS32,AEROSPATIALE AS-332 Super Puma,H2T,M
867CBA,JA728A,DH8C,DE HAVILLAND DHC-8-300 Dash 8,L2T,M
8681BA,JA73NU,B738,BOEING 737-800,L2J,M
86DBBA,JA83RC,DH8D,DE HAVILLAND DHC-8-400 Dash 8,L2T,M
881BBA,B.F21-5/63,DA40,DIAMOND DA-40 Club Star,L1P,L
8832BA,HS-LUZ,B738,BOEING 737-800,L2J,M
8881BA,VN-A289,A321,AIRBUS A-321,L2J,M
8940BA,A9C-DHZ,B763,BOEING 767-300,L2J,H
8963BA,A6-FEX,B738,BOEING 737-800,L2J,M
8965BA,A6-YST,B738,BOEING 737-800,L2J,M
8980BA,P2-NTK,K100,DAHER Kodiak 100,L1T,L
8990BA,B-58201,A21N,AIRBUS A-321neo,L2J,M
8A03BA,PK-GRI,CRJX,BOMBARDIER Regional Jet CRJ-1000,L2J,M
8A07BA,P-3103,AS65,AEROSPATIALE AS-365 Dauphin 2,H2T,L
8A08BA,PK-TVP,DHC6,DE HAVILLAND DHC-6 Twin Otter,L2T,L
A002BA,N10DV,GLID,,L0-,-
A005BA,N100LM,UH12,HILLER UH-12,H1P,L
A006BA,N100WT,C550,CESSNA 550 Citation S2,L2J,L
A009BA,N101PK,PC12,PILATUS PC-12,L1T,L
A00CBA,N102GB,GLID,,L0-,-
A00DBA,N102SH,B47G,BELL 47G,H1P,L
A00FBA,N1029E,CH7B,BELLANCA 7 Citabria,L1P,L
A013BA,N104BS,RV10,VANS RV-10,L1P,L
A01CBA,N106TU,RV6,VANS RV-6,L1P,L
A01EBA,N107AE,B407,BELL 407,H1T,L
A020BA,N107WS,BE50,BEECH 50 Excalibur,L2P,L
A021BA,N10748,C150,CESSNA 150,L1P,L
A022BA,N108DC,H269,HUGHES Sky Knight,H1P,L
A025BA,N1087A,PA18,PIPER PA-18 Super Cub,L1P,L
A026BA,N109GA,C550,CESSNA 550 Citation S2,L2J,L
A027BA,N109SG,R109,KIMBALL Rhino,L1P,L
A02BBA,N11VE,GLID,,L0-,-
A02DBA,N110RR,J3,PIPER J-3 Cub,L1P,L
A02EBA,N1101M,CRER,RANS Courier,L1P,L
A030BA,N111JH,RV4,VANS RV-4,L1P,L
A033BA,N112B,RV7,VANS RV-7,L1P,L
A034BA,N112MF,BE65,BEECH 65 Queen Air,L2P,L
A035BA,N112XM,RV12,VANS RV-12,L1P,L
A036BA,N1125T,P28R,PIPER PA-28R-180/200/201,L1P,L
A03CBA,N114TB,AC11,NORTH AMERICAN ROCKWELL Commander 112/114,L1P,L
A03DBA,N1142N,ST75,STEARMAN Kaydet,L1P,L
A040BA,N115W,CASS,NATIONAL AERONAUTICS Cassutt 3M,L1P,L
A042BA,N116CL,DV20,DIAMOND DA-20,L1P,L
A048BA,N1171L,M20P,MOONEY M-20,L1P,L
A049BA,N1178X,P28A,PIPER PA-28-140/150/160/180,L1P,L
A04ABA,N118JG,PA46,PIPER PA-46-310/350,L1P,L
A051BA,N12DX,RS12,RANS S-12 Super Airaile,L1P,L
A052BA,N12QC,ULAC,,L0-,-
A053BA,N120AH,PC12,PILATUS PC-12,L1T,L
A054BA,N120LP,PA31,PIPER PA-31-300/310/325/350/425,L2P,L
A057BA,N121DF,,,,
A058BA,N121PM,DHC6,DE HAVILLAND DHC-6 Twin Otter,L2T,L
A05CBA,N122SK,GLST,GLASAIR SH-4 GlaStar,L1P,L
A05DBA,N12216,B738,BOEING 737-800,L2J,M
A05EBA,N1229G,CH60,ZENAIR CH-600 Zodiac,L1P,L
A060BA,N123VH,,,,
A063BA,N124N,PC12,PILATUS PC-12,L1T,L
A069BA,N1258E,CH7A,BELLANCA 7 Champion,L1P,L
A06ABA,N126HQ,E75L,EMBRAER ERJ-170-200 (long wing),L2J,M
A06BBA,N126TW,C172,CESSNA 172 Skyhawk,L1P,L
A06CBA,N12627,,,,
A070BA,N1275,GLID,,L0-,-
A071BA,N128DE,,,,
A074BA,N1287C,SR20,CIRRUS SR-20,L1P,L
A075BA,N129GC,IR23,ICA IAR-823,L1P,L
A076BA,N129SJ,E300,EXTRA EA-300/330/350,L1P,L
A077BA,N12915,C172,CESSNA 172 Skyhawk,L1P,L
A079BA,N13KA,GLAS,Glasair,L1P,L
A07FBA,N131JK,BU31,BUCKER Bu-131 Jungmann,L1P,L
A083BA,N132MH,R22,ROBINSON R-22 Mariner,H1P,L
A085BA,N1325V,C172,CESSNA 172 Skyhawk,L1P,L
A086BA,N133E,BU33,BUCKER Bu-133 Jungmeister,L1P,L
A08BBA,N134TD,T34P,BEECH T-34 Mentor,L1P,L
A08FBA,N135WB,R44,ROBINSON R-44 Raven,H1P,L
A090BA,N1354T,P28R,PIPER PA-28R-180/200/201,L1P,L
A095BA,N137FL,BE30,BEECH 300 Super King Air,L2T,L
A099BA,N138JJ,C140,CESSNA 140,L1P,L
A09CBA,N139BA,A5,ICON A-5,A1P,L
A09FBA,N1395U,C172,CESSNA 172 Skyhawk,L1P,L
A0A2BA,N140AK,GLST,GLASAIR SH-4 GlaStar,L1P,L
A0A5BA,N1405C,PA22,PIPER PA-22,L1P,L
A0ABBA,N142SM,CB1,HATZ CB-1 Classic,L1P,L
A0ADBA,N1429J,AC11,NORTH AMERICAN ROCKWELL Commander 112/114,L1P,L
A0B0BA,N1434A,PC12,PILATUS PC-12,L1T,L
A0B1BA,N144BW,R44,ROBINSON R-44 Raven,H1P,L
A0B2BA,N144NB,BE18,BEECH 18 Expetitor,L2P,L
A0B8BA,N1458G,BE35,BEECH 35 Starfire Bonanza,L1P,L
A0BABA,N146TY,,,,
A0BCBA,N147AJ,C82S,CESSNA T182 Turbo Skylane,L1P,L
A0C7BA,N1499H,P28A,PIPER PA-28-140/150/160/180,L1P,L
A0C8BA,N15KC,BE35,BEECH 35 Starfire Bonanza,L1P,L
A0C9BA,N15VJ,SF50,CIRRUS SF-50 Vision,L1J,L
A0CBBA,N150RV,RV4,VANS RV-4,L1P,L
A0D1BA,N152BD,BD5,BEDE BD-5B/D/G,L1P,L
A0D4BA,N1525X,BALL,,B0-,-
A0DCBA,N15493,P28B,PIPER PA-28-201T/235/236,L1P,L
A0E3BA,N1566Y,BE33,BEECH 33 Bonanza,L1P,L
A0E9BA,N158US,,,,
A0EEBA,N1595W,BE95,BEECH 95 Travel Air,L2P,L
A0F1BA,N160AM,B407,BELL 407,H1T,L
A0F6BA,N161PR,DC3,DOUGLAS DC-3 Dakota,L2P,M
A0F7BA,N161ZX,,,,
A0F8BA,N1617H,C77R,CESSNA 177RG Cardinal RG,L1P,L
A0FABA,N162SP,,,,
A0FBBA,N1622,C82R,CESSNA R182 Skylane RG,L1P,L
A103BA,N1646F,C172,CESSNA 172 Skyhawk,L1P,L
A106BA,N16508,WACC,WACO C/S,L1P,L
A10BBA,N167AL,H500,HUGHES 500,H1T,L
A10EBA,N1675D,C170,CESSNA 170,L1P,L
A112BA,N1687G,CH7B,BELLANCA 7 Citabria,L1P,L
A115BA,N16919,E145,EMBRAER ERJ-145,L2J,M
A117BA,N17KE,SR22,CIRRUS SR-22,L1P,L
A119BA,N170FR,,,,
A11BBA,N1701T,P28A,PIPER PA-28-140/150/160/180,L1P,L
A11DBA,N171JP,PA31,PIPER PA-31-300/310/325/350/425,L2P,L
A120BA,N172BF,C72R,CESSNA 172R Cutlass RG,L1P,L
A121BA,N172MM,C72R,CESSNA 172R Cutlass RG,L1P,L
A123BA,N1725Z,C336,CESSNA 336 Skymaster,L2P,L
A127BA,N17372,,,,
A129BA,N174TH,C172,CESSNA 172 Skyhawk,L1P,L
A12CBA,N175L,BE36,BEECH 36 Bonanza,L1P,L
A12EBA,N1754X,C210,CESSNA 201 Centurion,L1P,L
A132BA,N17660,BE58,BEECH 58 Baron,L2P,L
A134BA,N177RW,,,,
A135BA,N1771S,GLAS,Glasair,L1P,L
A139BA,N1783V,C120,CESSNA 120,L1P,L
A13EBA,N18EC,TF19,TAYLORCRAFT F-19 Sportsman,L1P,L
A140BA,N180AP,C180,CESSNA  180 Skywagon,L1P,L
A141BA,N180LV,C180,CESSNA  180 Skywagon,L1P,L
A143BA,N1805G,CH7A,BELLANCA 7 Champion,L1P,L
A144BA,N181DM,,,,
A145BA,N181PT,PA11,PIPER PA-11 Cub Special,L1P,L
A149BA,N182SR,C182,CESSNA 182 Skylane,L1P,L
A14ABA,N1822B,L8,LUSCOMBE 8,L1P,L
A14BBA,N1829N,C120,CESSNA 120,L1P,L
A14EBA,N1834E,CH7A,BELLANCA 7 Champion,L1P,L
A14FBA,N184C,S108,STINSON 108 Voyager,L1P,L
A150BA,N184NF,RV8,VANS RV-8,L1P,L
A154BA,N185RD,C185,CESSNA 185 Skywagon,L1P,L
A156BA,N1858L,BE33,BEECH 33 Bonanza,L1P,L
A157BA,N186HW,ULAC,,L0-,-
A159BA,N1863C,C170,CESSNA 170,L1P,L
A15DBA,N1875F,C210,CESSNA 201 Centurion,L1P,L
A15EBA,N188DL,M7,MAULE M-7,L1P,L
A15FBA,N188PS,PTS2,PITTS S-2 Special,L1P,L
A164BA,N1892A,PA18,PIPER PA-18 Super Cub,L1P,L
A165BA,N1899M,C182,CESSNA 182 Skylane,L1P,L
A168BA,N190FT,P28R,PIPER PA-28R-180/200/201,L1P,L
A16BBA,N19086,T6,NORTH AMERICAN T-6 Texan,L1P,L
A16CBA,N191JR,BE9L,BEECH 90 King Air,L2T,L
A16EBA,N1913Y,M20P,MOONEY M-20,L1P,L
A175BA,N1930T,P28A,PIPER PA-28-140/150/160/180,L1P,L
A179BA,N1942W,RELI,STINSON Reliant,L1P,L
A17CBA,N195WH,C195,CESSNA 195,L1P,L
A17DBA,N1954Z,U16,GRUMMAN Albatross,A2P,M
A187BA,N198UW,A321,AIRBUS A-321,L2J,M
A188BA,N1983X,C208,CESSNA 208 Caravan,L1T,L
A189BA,N199BG,,,,
A18DBA,N2EE,AA5,AMERICAN AA-5 Tiger,L1P,L
A190BA,N20LX,PA31,PIPER PA-31-300/310/325/350/425,L2P,L
A191BA,N20XC,PA11,PIPER PA-11 Cub Special,L1P,L
A192BA,N200HH,HUSK,CHRISTEN Husky,L1P,L
A194BA,N20020,RV7,VANS RV-7,L1P,L
A195BA,N201A,M20P,MOONEY M-20,L1P,L
A197BA,N201WM,M20P,MOONEY M-20,L1P,L
A198BA,N20143,C172,CESSNA 172 Skyhawk,L1P,L
A19FBA,N2031Y,C172,CESSNA 172 Skyhawk,L1P,L
A1A0BA,N20389,C172,CESSNA 172 Skyhawk,L1P,L
A1A3BA,N20431,C172,CESSNA 172 Skyhawk,L1P,L
A1A4BA,N205BL,DV20,DIAMOND DA-20,L1P,L
A1A5BA,N205MS,BE9L,BEECH 90 King Air,L2T,L
A1A7BA,N20554,C172,CESSNA 172 Skyhawk,L1P,L
A1A8BA,N206EJ,T206,CESSNA T206 Turbo Stationair,L1P,L
A1AABA,N2060W,BE35,BEECH 35 Starfire Bonanza,L1P,L
A1ADBA,N207TN,ASTO,TECNAM Astore,L1P,L
A1AEBA,N2072Z,,,,
A1AFBA,N208,C208,CESSNA 208 Caravan,L1T,L
A1B2BA,N20842,C182,CESSNA 182 Skylane,L1P,L
A1B6BA,N20965,C172,CESSNA 172 Skyhawk,L1P,L
A1B8BA,N21SA,RV7,VANS RV-7,L1P,L
A1B9BA,N210CF,T210,CESSNA T210 Turbo Centurion,L1P,L
A1BABA,N210NM,C210,CESSNA 201 Centurion,L1P,L
A1BFBA,N2111F,PA44,PIPER PA-44 Seminole,L2P,L
A1C0BA,N2118S,T210,CESSNA T210 Turbo Centurion,L1P,L
A1C1BA,N212JB,R44,ROBINSON R-44 Raven,H1P,L
A1C3BA,N2123J,P28A,PIPER PA-28-140/150/160/180,L1P,L
A1C5BA,N213M,C310,CESSNA 310,L2P,L
A1C7BA,N2135M,J3,PIPER J-3 Cub,L1P,L
A1CABA,N2140D,M20P,MOONEY M-20,L1P,L
A1D2BA,N2164K,M20P,MOONEY M-20,L1P,L
A1D3BA,N217CE,SR22,CIRRUS SR-22,L1P,L
A1D4BA,N217NL,RV7,VANS RV-7,L1P,L
A1D8BA,N218RJ,,,,
A1D9BA,N2181E,C82R,CESSNA R182 Skylane RG,L1P,L
A1DABA,N2188R,P28A,PIPER PA-28-140/150/160/180,L1P,L
A1DBBA,N219JA,SF34,SAAB 340,L2T,M
A1DFBA,N22LZ,CH65,ZENAIR CH-650 Zodiac,L1P,L
A1E4BA,N221AB,BE35,BEECH 35 Starfire Bonanza,L1P,L
A1E7BA,N22145,C150,CESSNA 150,L1P,L
A1E8BA,N222D,SREY,PROGRESSIVE AERODYNE SeaRey,A1P,L
A1E9BA,N222PF,C182,CESSNA 182 Skylane,L1P,L
A1EABA,N222ZM,PA46,PIPER PA-46-310/350,L1P,L
A1EFBA,N2239A,PA22,PIPER PA-22,L1P,L
A1F0BA,N224JW,C56X,CESSNA 560XL Citation XLS,L2J,M
A1F2BA,N22433,,,,
A1F5BA,N225Y,HUSK,CHRISTEN Husky,L1P,L
A1F7BA,N226EL,RV12,VANS RV-12,L1P,L
A1F9BA,N2260Y,C177,CESSNA  177 Cardinal,L1P,L
A1FFBA,N228LG,SR20,CIRRUS SR-20,L1P,L
A200BA,N228WN,B737,BOEING 737-700,L2J,M
A205BA,N22967,C150,CESSNA 150,L1P,L
A206BA,N23FX,PA11,PIPER PA-11 Cub Special,L1P,L
A207BA,N23SC,C680,CESSNA 680 Citation Sovereign,L2J,M
A20BBA,N2306R,C182,CESSNA 182 Skylane,L1P,L
A20CBA,N231FF,M20P,MOONEY M-20,L1P,L
A20DBA,N231RM,WHIL,WHITE LIGHTNING WLAC-1,L1P,L
A212BA,N2323L,PA38,PIPER PA-38 Tomahawk,L1P,L
A214BA,N233MB,FURY,HAWKER Fury,L1P,L
A21ABA,N2347S,C337,CESSNA 337 Super Skymaster,L2P,L
A21EBA,N2359V,C140,CESSNA 140,L1P,L
A221BA,N2364M,PA12,PIPER PA-12 Super Cruiser,L1P,L
A222BA,N237CG,SR22,CIRRUS SR-22,L1P,L
A223BA,N237NN,E75L,EMBRAER ERJ-170-200 (long wing),L2J,M
A225BA,N2376Q,BE23,BEECH 23 Sundowner,L1P,L
A229BA,N2388T,PA38,PIPER PA-38 Tomahawk,L1P,L
A22ABA,N239JC,LJ31,LEARJET 31,L2J,M
A22DBA,N24AV,EVSS,EVEKTOR SportStar,L1P,L
A22EBA,N24MA,BE95,BEECH 95 Travel Air,L2P,L
A231BA,N240TT,C240,CESSNA 240 Corvalis TTx,L1P,L
A23ABA,N2427,C172,CESSNA 172 Skyhawk,L1P,L
A23BBA,N243G,P28A,PIPER PA-28-140/150/160/180,L1P,L
A23CBA,N243SF,C560,CESSNA 560 Citation Ultra,L2J,M
A23DBA,N24312,TAYB,TAYLORCRAFT BC/BF/BL,L1P,L
A23EBA,N2439C,C206,CESSNA  206 Stationair,L1P,L
A243BA,N245MW,PA30,PIPER PA-30 Twin Comanche,L2P,L
A248BA,N24600,BE19,BEECH 19 Sport,L1P,L
A24BBA,N247TS,SR22,CIRRUS SR-22,L1P,L
A24DBA,N248AC,RJ85,AVRO RJ-85 Avroliner,L4J,M
A250BA,N24846,J3,PIPER J-3 Cub,L1P,L
A257BA,N250CK,SR22,CIRRUS SR-22,L1P,L
A25ABA,N2506T,NAVI,NORTH AMERICAN Navion,L1P,L
A25DBA,N2511K,BALL,,B0-,-
A25EBA,N2518W,,,,
A261BA,N2523N,C140,CESSNA 140,L1P,L
A265BA,N2535R,ST75,STEARMAN Kaydet,L1P,L
A266BA,N254DW,,,,
A269BA,N2547U,C172,CESSNA 172 Skyhawk,L1P,L
A26CBA,N2552L,C172,CESSNA 172 Skyhawk,L1P,L
A26DBA,N2559X,C206,CESSNA  206 Stationair,L1P,L
A277BA,N2581J,C150,CESSNA 150,L1P,L
A27BBA,N2593M,BALL,,B0-,-
A27DBA,N26MC,S22T,CIRRUS SR-22T Turbo,L1P,L
A27FBA,N260HP,ULAC,,L0-,-
A282BA,N261AF,C82T,CESSNA TR182 Turbo Skylane RG,L1P,L
A283BA,N261LM,DRON,,D0-,-
A28CBA,N26314,AA5,AMERICAN AA-5 Tiger,L1P,L
A28EBA,N264K,,,,
A291BA,N265BS,GLAS,Glasair,L1P,L
A297BA,N26602,R22,ROBINSON R-22 Mariner,H1P,L
A29BBA,N26725,AA5,AMERICAN AA-5 Tiger,L1P,L
A2A0BA,N269DC,RV6,VANS RV-6,L1P,L
A2A3BA,N2697A,,,,
A2A4BA,N27GA,FA50,DASSAULT Falcon 50,L3J,M
A2A5BA,N27SG,DISC,SCHEMPP-HIRTH Discus,L1P,L
A2A6BA,N270CM,P06T,TECNAM P-2006T,L2P,L
A2A7BA,N270NT,,,,
A2A9BA,N2706V,C77R,CESSNA 177RG Cardinal RG,L1P,L
A2AABA,N271FK,R44,ROBINSON R-44 Raven,H1P,L
A2ABBA,N271RR,ESCP,REALITY Escapade,L1P,L
A2ADBA,N2718Y,C402,CESSNA 402 Businessliner,L2P,L
A2AFBA,N272UP,MD11,MCDONNELL-DOUGLAS MD-11,L3J,H
A2B1BA,N273B,SKIM,COLONIAL Skimmer,A1P,L
A2B4BA,N2735T,BE35,BEECH 35 Starfire Bonanza,L1P,L
A2B7BA,N2740K,C82S,CESSNA T182 Turbo Skylane,L1P,L
A2BABA,N275TB,TB20,SOCATA TB-20 Trinidad,L1P,L
A2BBBA,N2752N,C140,CESSNA 140,L1P,L
A2C3BA,N2776U,C172,CESSNA 172 Skyhawk,L1P,L
A2C6BA,N2781L,C170,CESSNA 170,L1P,L
A2C8BA,N279JG,FOX,KITFOX,L1P,L
A2CABA,N2793P,LA4,LAKE LA-4/200,A1P,L
A2CEBA,N280HR,HROC,HARMON Rocket,L1P,L
A2CFBA,N280TX,,,,
A2D0BA,N28028,BL17,BELLANCA 17 Viking,L1P,L
A2D1BA,N281AH,UH1,BELL UH-1 Huey,H1T,L
A2D5BA,N282DF,PRM1,RAYTHEON 390 Premier 1,L2J,L
A2D6BA,N282PM,C208,CESSNA 208 Caravan,L1T,L
A2DABA,N283SK,E145,EMBRAER ERJ-145,L2J,M
A2DCBA,N2839G,CH7A,BELLANCA 7 Champion,L1P,L
A2DDBA,N284KB,COL3,CESSNA 350 Corvalis,L1P,L
A2E1BA,N285N,C421,CESSNA 421 Executive Commuter,L2P,L
A2E6BA,N28604,AA5,AMERICAN AA-5 Tiger,L1P,L
A2F3BA,N29GC,,,,
A2F6BA,N290NV,A320,AIRBUS A-320,L2J,M
A2FBBA,N2911P,P28R,PIPER PA-28R-180/200/201,L1P,L
A2FFBA,N2923S,C150,CESSNA 150,L1P,L
A303BA,N2935V,P28A,PIPER PA-28-140/150/160/180,L1P,L
A30EBA,N2964T,M200,NORTH AMERICAN ROCKWELL Commander 200,L1P,L
A311BA,N297Z,T206,CESSNA T206 Turbo Stationair,L1P,L
A317BA,N299JJ,E75L,EMBRAER ERJ-170-200 (long wing),L2J,M
A31EBA,N30TZ,,,,
A31FBA,N300ED,GA7,DAHER-SOCATA TB-360 Tangara,L2P,L
A322BA,N30072,BALL,,B0-,-
A324BA,N301TH,SONX,SONEX AIRCRAFT Sonex,L1P,L
A326BA,N30195,C177,CESSNA  177 Cardinal,L1P,L
A329BA,N3024X,C150,CESSNA 150,L1P,L
A331BA,N30483,P28A,PIPER PA-28-140/150/160/180,L1P,L
A338BA,N3065Y,BALL,,B0-,-
A33BBA,N3070Q,,,,
A33CBA,N30771,BE58,BEECH 58 Baron,L2P,L
A33FBA,N3082T,P28B,PIPER PA-28-201T/235/236,L1P,L
A340BA,N30894,C177,CESSNA  177 Cardinal,L1P,L
A343BA,N3094W,PA32,PIPER PA-32,L1P,L
A344BA,N31CR,PA31,PIPER PA-31-300/310/325/350/425,L2P,L
A348BA,N310VP,SR22,CIRRUS SR-22,L1P,L
A34ABA,N311C,S108,STINSON 108 Voyager,L1P,L
A34FBA,N312RD,RV12,VANS RV-12,L1P,L
A350BA,N3121,CA4,COM AIR 4,L1P,L
A357BA,N314X,M5,MAULE M-5,L1P,L
A358BA,N3145F,PARA,,P0-,-
A359BA,N315DL,DRON,,D0-,-
A361BA,N317KG,C170,CESSNA 170,L1P,L
A363BA,N3174D,C180,CESSNA  180 Skywagon,L1P,L
A371BA,N32074,WACF,WACO F,L1P,L
A375BA,N32197,PA32,PIPER PA-32,L1P,L
A376BA,N322LB,BALL,,B0-,-
A378BA,N3224Z,PA22,PIPER PA-22,L1P,L
A37CBA,N32362,,,,
A388BA,N327EE,SR22,CIRRUS SR-22,L1P,L
A38ABA,N3270S,DRON,,D0-,-
A38BBA,N32773,P28R,PIPER PA-28R-180/200/201,L1P,L
A38DBA,N328TJ,COL4,CESSNA 400 Corvalis TT,L1P,L
A38EBA,N3282V,BALL,,B0-,-
A38FBA,N32896,BALL,,B0-,-
A390BA,N329LA,AT8T,AIR TRACTOR AT-802,L1T,M
A393BA,N33CT,P28A,PIPER PA-28-140/150/160/180,L1P,L
A397BA,N330VR,,,,
A399BA,N331CB,T210,CESSNA T210 Turbo Centurion,L1P,L
A39DBA,N332F,HUSK,CHRISTEN Husky,L1P,L
A3A0BA,N3328N,J3,PIPER J-3 Cub,L1P,L
A3A1BA,N333HY,PA30,PIPER PA-30 Twin Comanche,L2P,L
A3A2BA,N333UD,C340,CESSNA 340 Super,L2P,L
A3A3BA,N3333E,P51,NORTH AMERICAN P-51 Mustang,L1P,L
A3A7BA,N3345H,ERCO,AIR PRODUCTS F-1 Aircoupe,L1P,L
A3A8BA,N335DN,A321,AIRBUS A-321,L2J,M
A3ABBA,N3357L,C185,CESSNA 185 Skywagon,L1P,L
A3B3BA,N338CA,C172,CESSNA 172 Skyhawk,L1P,L
A3B7BA,N339EZ,VEZE,RUTAN VariEze,L1P,L
A3B9BA,N3391A,PA22,PIPER PA-22,L1P,L
A3BBBA,N34HX,AS50,AEROSPATIALE AS-350 Ecureuil,H1T,L
A3BFBA,N3400V,C150,CESSNA 150,L1P,L
A3C2BA,N341TM,S22T,CIRRUS SR-22T Turbo,L1P,L
A3C3BA,N3412Y,C180,CESSNA  180 Skywagon,L1P,L
A3C7BA,N34241,C177,CESSNA  177 Cardinal,L1P,L
A3CBBA,N34364,MC45,MEYERS MAC-145,L1P,L
A3CDBA,N344S,BE58,BEECH 58 Baron,L2P,L
A3CEBA,N3441W,PA32,PIPER PA-32,L1P,L
A3D0BA,N345JS,PULS,Pulsar,L1P,L
A3D3BA,N346BJ,C150,CESSNA 150,L1P,L
A3D6BA,N34652,S10,STINSON 10 Voyager,L1P,L
A3D9BA,N3470U,C182,CESSNA 182 Skylane,L1P,L
A3DDBA,N3482X,M20P,MOONEY M-20,L1P,L
A3DEBA,N34898,CUCA,CULVER Cadet,L1P,L
A3E1BA,N34940,C177,CESSNA  177 Cardinal,L1P,L
A3E2BA,N35CV,BE9L,BEECH 90 King Air,L2T,L
A3E3BA,N35PA,P28A,PIPER PA-28-140/150/160/180,L1P,L
A3E5BA,N350KM,CL35,BOMBARDIER BD-100 Challenger 350,L2J,M
A3E6BA,N350VT,PA46,PIPER PA-46-310/350,L1P,L
A3EBBA,N3516M,P32R,PIPER PA-32R-300/301/301T,L1P,L
A3ECBA,N352FB,AS50,AEROSPATIALE AS-350 Ecureuil,H1T,L
A3EDBA,N352RH,BE35,BEECH 35 Starfire Bonanza,L1P,L
A3EEBA,N3521D,PA31,PIPER PA-31-300/310/325/350/425,L2P,L
A3F3BA,N345AS,CL35,BOMBARDIER BD-100 Challenger 350,L2J,M
A3F6BA,N3545K,P28A,PIPER PA-28-140/150/160/180,L1P,L
A3F9BA,N3550B,BE35,BEECH 35 Starfire Bonanza,L1P,L
A3FABA,N3557N,J3,PIPER J-3 Cub,L1P,L
A3FDBA,N3562E,CH7A,BELLANCA 7 Champion,L1P,L
A3FEBA,N3569R,BE23,BEECH 23 Sundowner,L1P,L
A408BA,N3591C,C170,CESSNA 170,L1P,L
A40ABA,N36HZ,BE36,BEECH 36 Bonanza,L1P,L
A40EBA,N3600X,S22T,CIRRUS SR-22T Turbo,L1P,L
A412BA,N36120,P28R,PIPER PA-28R-180/200/201,L1P,L
A413BA,N362A,BE36,BEECH 36 Bonanza,L1P,L
A41CBA,N364SB,RV12,VANS RV-12,L1P,L
A41DBA,N3641Y,AEST,AEROSTAR 600,L2P,L
A425BA,N36654,AR65,AERONCA 65 Super Chief,L1P,L
A429BA,N36777,P28R,PIPER PA-28R-180/200/201,L1P,L
A42CBA,N3682Z,BE58,BEECH 58 Baron,L2P,L
A42DBA,N369,BE50,BEECH 50 Excalibur,L2P,L
A42EBA,N369LE,H500,HUGHES 500,H1T,L
A436BA,N3704L,C172,CESSNA 172 Skyhawk,L1P,L
A43ABA,N3716P,PA22,PIPER PA-22,L1P,L
A43BBA,N372FD,RV9,VANS RV-9,L1P,L
A43FBA,N373JB,E190,EMBRAER ERJ-190-100,L2J,M
A446BA,N375DS,C650,CESSNA 650 Citation,L2J,M
A448BA,N3750D,B738,BOEING 737-800,L2J,M
A44DBA,N3769T,P28R,PIPER PA-28R-180/200/201,L1P,L
A457BA,N3791E,PA36,PIPER PA-36 Pawnee Brave,L1P,L
A459BA,N38JA,BE35,BEECH 35 Starfire Bonanza,L1P,L
A462BA,N382AB,UH1,BELL UH-1 Huey,H1T,L
A466BA,N383D,,,,
A469BA,N38368,P32R,PIPER PA-32R-300/301/301T,L1P,L
A46BBA,N384SD,UH1,BELL UH-1 Huey,H1T,L
A46DBA,N3849A,DFLY,VIKING Dragonfly,L1P,L
A474BA,N38656,P28A,PIPER PA-28-140/150/160/180,L1P,L
A476BA,N387QS,C680,CESSNA 680 Citation Sovereign,L2J,M
A47FBA,N38944,P28R,PIPER PA-28R-180/200/201,L1P,L
A480BA,N39CZ,L39,LET L-39 Albatros,L1J,L
A481BA,N39PE,CH75,ZENAIR CH-750 Cruzer,L1P,L
A489BA,N3916R,C172,CESSNA 172 Skyhawk,L1P,L
A492BA,N394MB,B505,BELL 505 JetRanger X,H1T,L
A494BA,N3945P,PA22,PIPER PA-22,L1P,L
A497BA,N3950F,C172,CESSNA 172 Skyhawk,L1P,L
A498BA,N3957S,C172,CESSNA 172 Skyhawk,L1P,L
A49BBA,N3962J,C150,CESSNA 150,L1P,L
A49FBA,N3974M,P28A,PIPER PA-28-140/150/160/180,L1P,L
A4A3BA,N3986Q,C172,CESSNA 172 Skyhawk,L1P,L
A4A4BA,N399FE,DC10,MCDONNELL DOUGLAS DC-10,L3J,H
A4A8BA,N4JC,BOLT,STEEN Skybolt,L1P,L
A4AABA,N40EP,C551,CESSNA 551 Citation 2SP,L2J,L
A4ADBA,N400MF,DC3,DOUGLAS DC-3 Dakota,L2P,M
A4AFBA,N4005T,BALL,,B0-,-
A4B2BA,N4010K,,,,
A4B6BA,N4022N,C140,CESSNA 140,L1P,L
A4BABA,N4034R,PA32,PIPER PA-32,L1P,L
A4BCBA,N404NS,C402,CESSNA 402 Businessliner,L2P,L
A4BEBA,N4046U,C150,CESSNA 150,L1P,L
A4C1BA,N4051L,R66,ROBINSON R-66,H1T,L
A4C2BA,N4058X,VO10,NORTH AMERICAN ROCKWELL Commander 100,L1P,L
A4C9BA,N4075S,AS50,AEROSPATIALE AS-350 Ecureuil,H1T,L
A4CABA,N408DX,A339,AIRBUS A-330-900,L2J,H
A4CDBA,N4087V,C170,CESSNA 170,L1P,L
A4CEBA,N409GV,C208,CESSNA 208 Caravan,L1T,L
A4CFBA,N409TA,C172,CESSNA 172 Skyhawk,L1P,L
A4D0BA,N4092M,PA12,PIPER PA-12 Super Cruiser,L1P,L
A4D2BA,N41KT,KR2,RAND KR-2,L1P,L
A4D5BA,N410SK,CL60,BOMBARDIER CL-600 Challenger,L2J,M
A4DABA,N41139,C82R,CESSNA R182 Skylane RG,L1P,L
A4DCBA,N412N,E55P,EMBRAER EMB-505 Phenom 300,L2J,M
A4DFBA,N413ES,C72R,CESSNA 172R Cutlass RG,L1P,L
A4E4BA,N414TW,EA50,ECLIPSE 550,L2J,L
A4E5BA,N41427,J3,PIPER J-3 Cub,L1P,L
A4E6BA,N415AG,RS12,RANS S-12 Super Airaile,L1P,L
A4E9BA,N4155,MITE,MOONEY M-18,L1P,L
A4EDBA,N4167C,PA46,PIPER PA-46-310/350,L1P,L
A4F1BA,N4179F,P28A,PIPER PA-28-140/150/160/180,L1P,L
A4F4BA,N41838,P32R,PIPER PA-32R-300/301/301T,L1P,L
A4F5BA,N419BT,CL2T,CANADAIR CL-415 SuperScooper,A2T,M
A4F9BA,N42ER,C150,CESSNA 150,L1P,L
A4FBBA,N420BB,BALL,,B0-,-
A4FDBA,N420XP,,,,
A4FEBA,N4205V,C170,CESSNA 170,L1P,L
A4FFBA,N421E,C421,CESSNA 421 Executive Commuter,L2P,L
A501BA,N4210M,T206,CESSNA T206 Turbo Stationair,L1P,L
A505BA,N4222Q,C172,CESSNA 172 Skyhawk,L1P,L
A506BA,N42291,C182,CESSNA 182 Skylane,L1P,L
A509BA,N4234T,P28A,PIPER PA-28-140/150/160/180,L1P,L
A50CBA,N424Z,CH70,ZENAIR CH-701 Stol,L1P,L
A50EBA,N425FL,P28A,PIPER PA-28-140/150/160/180,L1P,L
A510BA,N4251N,,,,
A515BA,N427BA,GLID,,L0-,-
A518BA,N4275U,COY2,RANS Coyote 2,L1P,L
A51BBA,N4280L,C172,CESSNA 172 Skyhawk,L1P,L
A51EBA,N429TC,BALL,,B0-,-
A520BA,N42990,P32R,PIPER PA-32R-300/301/301T,L1P,L
A522BA,N43WA,BE9L,BEECH 90 King Air,L2T,L
A525BA,N43018,TAYB,TAYLORCRAFT BC/BF/BL,L1P,L
A526BA,N4309J,P28A,PIPER PA-28-140/150/160/180,L1P,L
A52FBA,N433R,FOX,KITFOX,L1P,L
A530BA,N43306,TAYB,TAYLORCRAFT BC/BF/BL,L1P,L
A539BA,N436DG,BE36,BEECH 36 Bonanza,L1P,L
A53CBA,N4367E,ULAC,,L0-,-
A53FBA,N43717,P28A,PIPER PA-28-140/150/160/180,L1P,L
A540BA,N4379H,PA15,PIPER PA-15 Vagabond,L1P,L
A545BA,N439NA,C130,LOCKHEED C-130 Hercules,L4T,M
A54BBA,N440MK,PA44,PIPER PA-44 Seminole,L2P,L
A54DBA,N4405X,P28A,PIPER PA-28-140/150/160/180,L1P,L
A54EBA,N441EB,C441,CESSNA 441 Conquest,L2T,L
A551BA,N44170,TAYB,TAYLORCRAFT BC/BF/BL,L1P,L
A554BA,N4422S,AT3P,AIR TRACTOR AT-301/401,L1P,L
A558BA,N4434V,BE35,BEECH 35 Starfire Bonanza,L1P,L
A55ABA,N444NW,R44,ROBINSON R-44 Raven,H1P,L
A55CBA,N4446Y,G103,GROB G-103 Twin 3SL,L1P,L
A564BA,N447BC,ULAC,,L0-,-
A565BA,N447MJ,C56X,CESSNA 560XL Citation XLS,L2J,M
A56BBA,N4487Z,GC1,GLOBE Swift,L1P,L
A570BA,N45KX,LJ45,LEARJET 45,L2J,M
A571BA,N45WC,C182,CESSNA 182 Skylane,L1P,L
A575BA,N4509L,BALL,,B0-,-
A57CBA,N4526F,P28A,PIPER PA-28-140/150/160/180,L1P,L
A57FBA,N45308,C150,CESSNA 150,L1P,L
A583BA,N4543A,AA5,AMERICAN AA-5 Tiger,L1P,L
A587BA,N4555D,AA5,AMERICAN AA-5 Tiger,L1P,L
A588BA,N456DJ,C182,CESSNA 182 Skylane,L1P,L
A58ABA,N456ZW,CRJ2,BOMBARDIER Regional Jet CRJ-200,L2J,M
A58BBA,N4567G,C337,CESSNA 337 Super Skymaster,L2P,L
A58CBA,N457GG,C150,CESSNA 150,L1P,L
A58EBA,N45719,L8,LUSCOMBE 8,L1P,L
A58FBA,N4579K,NAVI,NORTH AMERICAN Navion,L1P,L
A592BA,N4584B,C180,CESSNA  180 Skywagon,L1P,L
A59FBA,N4610R,P28A,PIPER PA-28-140/150/160/180,L1P,L
A5A2BA,N462TH,DA40,DIAMOND DA-40 Club Star,L1P,L
A5A4BA,N46295,C180,CESSNA  180 Skywagon,L1P,L
A5A5BA,N463L,BE60,BEECH 60 Duke,L2P,L
A5A8BA,N464CS,C82T,CESSNA TR182 Turbo Skylane RG,L1P,L
A5ABBA,N46460,C172,CESSNA 172 Skyhawk,L1P,L
A5AEBA,N4651S,BE36,BEECH 36 Bonanza,L1P,L
A5B7BA,N468EC,C25B,CESSNA 525B Citation CJ3,L2J,L
A5BABA,N46871,ST75,STEARMAN Kaydet,L1P,L
A5C0BA,N47WE,,,,
A5C7BA,N4714E,CH7A,BELLANCA 7 Champion,L1P,L
A5CFBA,N4738L,P28A,PIPER PA-28-140/150/160/180,L1P,L
A5D2BA,N4743C,T210,CESSNA T210 Turbo Centurion,L1P,L
A5D8BA,N476PS,DA40,DIAMOND DA-40 Club Star,L1P,L
A5DBBA,N477GJ,BE40,BEECH 400 Beechjet,L2J,M
A5DDBA,N4772A,C414,CESSNA 414 Chancellor,L2P,L
A5DEBA,N4779M,,,,
A5E2BA,N479BZ,C210,CESSNA 201 Centurion,L1P,L
A5E5BA,N4796G,O1,CESSNA 305/341 Bird Dog,L1P,L
A5E7BA,N48RC,SR22,CIRRUS SR-22,L1P,L
A5F3BA,N48297,AR6T,AERONCA 65 Tandem,L1P,L
A5F6BA,N4834Z,PA22,PIPER PA-22,L1P,L
A5F8BA,N484P,P28A,PIPER PA-28-140/150/160/180,L1P,L
A5FABA,N48462,TAYD,TAYLORCRAFT DC/DF/DL,L1P,L
A606BA,N488EE,CRER,RANS Courier,L1P,L
A60ABA,N489HC,C25A,CESSNA 525A Citation CJ2,L2J,L
A60BBA,N489TJ,R22,ROBINSON R-22 Mariner,H1P,L
A60CBA,N4892V,BL17,BELLANCA 17 Viking,L1P,L
A60DBA,N48996,,,,
A60EBA,N49LA,LNC2,LANCAIR 200-320,L1P,L
A60FBA,N49WG,H269,HUGHES Sky Knight,H1P,L
A61DBA,N4931B,C152,CESSNA 152,L1P,L
A621BA,N4943E,C185,CESSNA 185 Skywagon,L1P,L
A628BA,N4960,PA24,PIPER PA-24 Comanche,L1P,L
A62CBA,N4972C,CH65,ZENAIR CH-650 Zodiac,L1P,L
A630BA,N4984F,AC11,NORTH AMERICAN ROCKWELL Commander 112/114,L1P,L
A631BA,N499CA,C402,CESSNA 402 Businessliner,L2P,L
A634BA,N4996J,P28R,PIPER PA-28R-180/200/201,L1P,L
A636BA,N5RE,AC80,NORTH AMERICAN ROCKWELL Turbo Commander 680,L2T,L
A637BA,N50BK,YK50,YAKOVLEV Yak-50,L1P,L
A638BA,N50MR,RV6,VANS RV-6,L1P,L
A639BA,N50XX,L39,LET L-39 Albatros,L1J,L
A63BBA,N500UH,EA50,ECLIPSE 550,L2J,L
A640BA,N5015M,CORS,CHANCE VOUGHT F4U Corsair,L1P,M
A641BA,N502DS,AT5T,AIR TRACTOR AT-504,L1T,L
A643BA,N5020D,C182,CESSNA 182 Skylane,L1P,L
A647BA,N5032G,CH7A,BELLANCA 7 Champion,L1P,L
A648BA,N5039T,P28A,PIPER PA-28-140/150/160/180,L1P,L
A64BBA,N5044K,BIPL,EAA Biplane,L1P,L
A64CBA,N505CE,M20P,MOONEY M-20,L1P,L
A64FBA,N5056N,CH7B,BELLANCA 7 Citabria,L1P,L
A652BA,N5061E,CRER,RANS Courier,L1P,L
A65BBA,N509DR,AS50,AEROSPATIALE AS-350 Ecureuil,H1T,L
A65FBA,N51GP,P51,NORTH AMERICAN P-51 Mustang,L1P,L
A661BA,N510D,PA23,PIPER PA-23,L2P,L
A664BA,N51068,C150,CESSNA 150,L1P,L
A669BA,N512JW,P51,NORTH AMERICAN P-51 Mustang,L1P,L
A66ABA,N512VB,B407,BELL 407,H1T,L
A66EBA,N513Y,G164,GRUMMAN G-164 Ag-Cat,L1P,L
A671BA,N514QS,C68A,CESSNA 680 Citation Latitude,L2J,M
A674BA,N515HJ,HDJT,HONDA HondaJet,L2J,L
A67FBA,N518FX,CL30,BOMBARDIER BD-100 Challenger 300,L2J,M
A680BA,N518SC,EXEC,ROTORWAY Exec,H1P,L
A687BA,N52MT,DFLY,VIKING Dragonfly,L1P,L
A68BBA,N5203L,P28A,PIPER PA-28-140/150/160/180,L1P,L
A68CBA,N521AW,PA31,PIPER PA-31-300/310/325/350/425,L2P,L
A691BA,N522Q,,,,
A692BA,N5220F,C172,CESSNA 172 Skyhawk,L1P,L
A693BA,N5227S,C82T,CESSNA TR182 Turbo Skylane RG,L1P,L
A694BA,N523GS,,,,
A69ABA,N5244M,BALL,,B0-,-
A6A2BA,N5268T,P28A,PIPER PA-28-140/150/160/180,L1P,L
A6A3BA,N527JC,GLF4,GULFSTREAM 4,L2J,M
A6A5BA,N5273K,C82T,CESSNA TR182 Turbo Skylane RG,L1P,L
A6A9BA,N5285N,C182,CESSNA 182 Skylane,L1P,L
A6ACBA,N5290E,C172,CESSNA 172 Skyhawk,L1P,L
A6ADBA,N5297R,C172,CESSNA 172 Skyhawk,L1P,L
A6AEBA,N53GR,,,,
A6AFBA,N53SX,SX30,SWEARINGEN SX-300,L1P,L
A6B4BA,N531G,,,,
A6B7BA,N5319C,C140,CESSNA 140,L1P,L
A6BABA,N53235,P46T,PIPER PA-46-500TP,L1T,L
A6C6BA,N536AC,ULAC,,L0-,-
A6C9BA,N53646,P32R,PIPER PA-32R-300/301/301T,L1P,L
A6CBBA,N537PG,SR20,CIRRUS SR-20,L1P,L
A6D6BA,N54MV,PA23,PIPER PA-23,L2P,L
A6D8BA,N540JF,GLAS,Glasair,L1P,L
A6DABA,N5403N,ST75,STEARMAN Kaydet,L1P,L
A6DCBA,N541MD,,,,
A6E1BA,N5420H,C172,CESSNA 172 Skyhawk,L1P,L
A6E2BA,N5427U,BE56,BEECH 56 Turbo Baron,L2P,L
A6E4BA,N543T,BE35,BEECH 35 Starfire Bonanza,L1P,L
A6E5BA,N5432L,AA5,AMERICAN AA-5 Tiger,L1P,L
A6EDBA,N5456S,C337,CESSNA 337 Super Skymaster,L2P,L
A6EFBA,N546RN,GLF5,GULFSTREAM 5,L2J,M
A6F7BA,N548XJ,CL30,BOMBARDIER BD-100 Challenger 300,L2J,M
A6FDBA,N55GT,MA5,MARQUART MA-5 Charger,L1P,L
A6FEBA,N55SZ,GLID,,L0-,-
A6FFBA,N550DD,P32R,PIPER PA-32R-300/301/301T,L1P,L
A700BA,N550PK,SR22,CIRRUS SR-22,L1P,L
A703BA,N551GB,C500,CESSNA 500 Citation 1,L2J,L
A704BA,N551SH,,,,
A707BA,N552K,C77R,CESSNA 177RG Cardinal RG,L1P,L
A70ABA,N553BS,H60,SIKORSKY UH-60 Black Hawk,H2T,M
A710BA,N55402,P28A,PIPER PA-28-140/150/160/180,L1P,L
A713BA,N555TU,RV9,VANS RV-9,L1P,L
A714BA,N55525,P28A,PIPER PA-28-140/150/160/180,L1P,L
A718BA,N55648,P28A,PIPER PA-28-140/150/160/180,L1P,L
A719BA,N557DC,H269,HUGHES Sky Knight,H1P,L
A71DBA,N558GA,GLF5,GULFSTREAM 5,L2J,M
A720BA,N5589D,BE35,BEECH 35 Starfire Bonanza,L1P,L
A725BA,N56MX,CP30,PIEL Emeraude,L1P,L
A728BA,N560UP,SW4,SWEARINGEN Metro,L2T,M
A731BA,N5627W,P28A,PIPER PA-28-140/150/160/180,L1P,L
A734BA,N5632N,M5,MAULE M-5,L1P,L
A735BA,N5639Z,BE36,BEECH 36 Bonanza,L1P,L
A738BA,N5644R,C172,CESSNA 172 Skyhawk,L1P,L
A741BA,N567JG,T206,CESSNA T206 Turbo Stationair,L1P,L
A747BA,N5685S,BE23,BEECH 23 Sundowner,L1P,L
A74BBA,N5697V,P28A,PIPER PA-28-140/150/160/180,L1P,L
A74DBA,N57TA,ULAC,,L0-,-
A74FBA,N570PM,P46T,PIPER PA-46-500TP,L1T,L
A751BA,N5707D,BALL,,B0-,-
A753BA,N571SK,S22T,CIRRUS SR-22T Turbo,L1P,L
A75ABA,N573N,,,,
A75FBA,N57404,CH7A,BELLANCA 7 Champion,L1P,L
A760BA,N5748E,C172,CESSNA 172 Skyhawk,L1P,L
A763BA,N57527,TAYD,TAYLORCRAFT DC/DF/DL,L1P,L
A76BBA,N5777C,C170,CESSNA 170,L1P,L
A76CBA,N578GC,C208,CESSNA 208 Caravan,L1T,L
A76FBA,N5789F,P28A,PIPER PA-28-140/150/160/180,L1P,L
A773BA,N58BT,P46T,PIPER PA-46-500TP,L1T,L
A776BA,N580JK,BE58,BEECH 58 Baron,L2P,L
A77CBA,N5815V,ST75,STEARMAN Kaydet,L1P,L
A77DBA,N582E,PARA,,P0-,-
A78ABA,N585Z,C185,CESSNA 185 Skywagon,L1P,L
A78BBA,N5856W,P28A,PIPER PA-28-140/150/160/180,L1P,L
A78CBA,N586FL,P28A,PIPER PA-28-140/150/160/180,L1P,L
A78EBA,N5861N,AC11,NORTH AMERICAN ROCKWELL Commander 112/114,L1P,L
A792BA,N5873R,C172,CESSNA 172 Skyhawk,L1P,L
A798BA,N589QE,DRON,,D0-,-
A799BA,N5890L,AA5,AMERICAN AA-5 Tiger,L1P,L
A79ABA,N5897X,CH7B,BELLANCA 7 Citabria,L1P,L
A79BBA,N59GX,GLEX,BOMBARDIER BD-700 Global 6000/6500,L2J,M
A79CBA,N59TC,BE35,BEECH 35 Starfire Bonanza,L1P,L
A7A0BA,N5907F,C210,CESSNA 201 Centurion,L1P,L
A7A4BA,N5919J,C150,CESSNA 150,L1P,L
A7ABBA,N5936D,PA22,PIPER PA-22,L1P,L
A7ADBA,N594R,RV8,VANS RV-8,L1P,L
A7B6BA,N5965B,C182,CESSNA 182 Skylane,L1P,L
A7C4BA,N6YG,RV6,VANS RV-6,L1P,L
A7C5BA,N60JM,P46T,PIPER PA-46-500TP,L1T,L
A7C8BA,N600RD,P28A,PIPER PA-28-140/150/160/180,L1P,L
A7CABA,N6008L,BE23,BEECH 23 Sundowner,L1P,L
A7CBBA,N601HW,CL60,BOMBARDIER CL-600 Challenger,L2J,M
A7CCBA,N601UB,B412,BELL 412,H2T,L
A7CDBA,N6013C,C82R,CESSNA R182 Skylane RG,L1P,L
A7D1BA,N6025F,C82S,CESSNA T182 Turbo Skylane,L1P,L
A7D8BA,N6042A,C172,CESSNA 172 Skyhawk,L1P,L
A7D9BA,N6049M,S108,STINSON 108 Voyager,L1P,L
A7DABA,N605KG,A139,AGUSTA AW-139,H2T,L
A7DCBA,N6054D,BE33,BEECH 33 Bonanza,L1P,L
A7E0BA,N6066G,C150,CESSNA 150,L1P,L
A7E7BA,N6083B,T210,CESSNA T210 Turbo Centurion,L1P,L
A7EBBA,N6095E,C185,CESSNA 185 Skywagon,L1P,L
A7ECBA,N61DK,,,,
A7EDBA,N61PR,SCAM,AEROSPORT Scamp,L1P,L
A7EFBA,N610LB,P32R,PIPER PA-32R-300/301/301T,L1P,L
A7F8BA,N6121U,TAIL,WITTMAN Tailwind,L1P,L
A7FCBA,N6133X,SS2T,TRUSH Turbo Thrush 500/550,L1T,L
A7FDBA,N614BG,C152,CESSNA 152,L1P,L
A800BA,N61450,,,,
A804BA,N61573,C172,CESSNA 172 Skyhawk,L1P,L
A807BA,N6162V,C82T,CESSNA TR182 Turbo Skylane RG,L1P,L
A808BA,N61696,C172,CESSNA 172 Skyhawk,L1P,L
A80FBA,N61861,C185,CESSNA 185 Skywagon,L1P,L
A813BA,N61984,C82S,CESSNA T182 Turbo Skylane,L1P,L
A816BA,N620F,,,,
A81CBA,N6213E,C172,CESSNA 172 Skyhawk,L1P,L
A823BA,N6230,C150,CESSNA 150,L1P,L
A824BA,N6237L,,,,
A827BA,N6242C,P28A,PIPER PA-28-140/150/160/180,L1P,L
A828BA,N6249P,PA24,PIPER PA-24 Comanche,L1P,L
A831BA,N627RE,,,,
A832BA,N6271A,C182,CESSNA 182 Skylane,L1P,L
A837BA,N629AP,BL8,BELLANCA 8 Decathlon,L1P,L
A83ABA,N6295G,C150,CESSNA 150,L1P,L
A83BBA,N63DM,PTS1,PITTS S-1 Special,L1P,L
A83CBA,N63PT,BE35,BEECH 35 Starfire Bonanza,L1P,L
A842BA,N631PB,RV9,VANS RV-9,L1P,L
A846BA,N632S,BT36,BEECH B36TC Bonanza,L1P,L
A848BA,N63287,C150,CESSNA 150,L1P,L
A853BA,N63575,C150,CESSNA 150,L1P,L
A855BA,N636TL,SR22,CIRRUS SR-22,L1P,L
A85EBA,N63863,PA23,PIPER PA-23,L2P,L
A85FBA,N639FT,P28A,PIPER PA-28-140/150/160/180,L1P,L
A863BA,N64JR,LNC2,LANCAIR 200-320,L1P,L
A866BA,N640RH,BDOG,BRITISH AEROSPACE SA-3 Bulldog,L1P,L
A868BA,N6408Q,BE58,BEECH 58 Baron,L2P,L
A869BA,N641J,JAB4,JABIRU J200-450,L1P,L
A86FBA,N6425K,C150,CESSNA 150,L1P,L
A873BA,N6437N,BALL,,B0-,-
A876BA,N6442E,C172,CESSNA 172 Skyhawk,L1P,L
A87BBA,N646CC,DH8B,DE HAVILLAND DHC-8-200 Dash 8,L2T,M
A882BA,N6478P,C152,CESSNA 152,L1P,L
A885BA,N6483F,C150,CESSNA 150,L1P,L
A889BA,N6495J,P28A,PIPER PA-28-140/150/160/180,L1P,L
A88BBA,N65PV,P46T,PIPER PA-46-500TP,L1T,L
A88CBA,N650A,PA22,PIPER PA-22,L1P,L
A88EBA,N650WM,CH65,ZENAIR CH-650 Zodiac,L1P,L
A899BA,N653V,BE35,BEECH 35 Starfire Bonanza,L1P,L
A89ABA,N65331,C172,CESSNA 172 Skyhawk,L1P,L
A89CBA,N654MS,DA40,DIAMOND DA-40 Club Star,L1P,L
A89EBA,N65454,BALL,,B0-,-
A8A5BA,N6562Z,AVID,AVID Flyer,L1P,L
A8ABBA,N658PC,PC12,PILATUS PC-12,L1T,L
A8ADBA,N65865,GLID,,L0-,-
A8AFBA,N659SA,,,,
A8B1BA,N65988,C82T,CESSNA TR182 Turbo Skylane RG,L1P,L
A8B8BA,N661JB,A320,AIRBUS A-320,L2J,M
A8BCBA,N662M,ULAC,,L0-,-
A8BFBA,N663DS,EN28,ENSTROM F-28,H1P,L
A8C5BA,N6642G,C150,CESSNA 150,L1P,L
A8D0BA,N6671E,C175,CESSNA 175 Skylark,L1P,L
A8D1BA,N6678R,BE35,BEECH 35 Starfire Bonanza,L1P,L
A8D4BA,N6683H,J3,PIPER J-3 Cub,L1P,L
A8D9BA,N67DR,BE35,BEECH 35 Starfire Bonanza,L1P,L
A8DBBA,N670AB,DHC2,DE HAVILLAND DHC-2 Beaver,L1P,L
A8DEBA,N67045,SKYR,REARWIN Skyranger,L1P,L
A8E2BA,N67168,BE23,BEECH 23 Sundowner,L1P,L
A8E4BA,N672SD,PC12,PILATUS PC-12,L1T,L
A8E6BA,N6729A,C172,CESSNA 172 Skyhawk,L1P,L
A8EFBA,N675QS,C68A,CESSNA 680 Citation Latitude,L2J,M
A8F1BA,N67579,VALI,CONVAIR Valiant,L1P,L
A8F5BA,N677AA,C172,CESSNA 172 Skyhawk,L1P,L
A8F8BA,N67744,B06,BELL 206 JetRanger,H1T,L
A8FCBA,N67867,G44,GRUMMAN G-44 Widgeon,A2P,L
A8FFBA,N6791Z,PA25,PIPER PA-25 Pawnee,L1P,L
A902BA,N68VA,P68,PARTENAVIA P-68 Observer,L2P,L
A909BA,N6813L,PA18,PIPER PA-18 Super Cub,L1P,L
A914BA,N6842J,P28A,PIPER PA-28-140/150/160/180,L1P,L
A915BA,N6849V,M20P,MOONEY M-20,L1P,L
A918BA,N6854M,S108,STINSON 108 Voyager,L1P,L
A91DBA,N687FE,A306,AIRBUS A-300-600,L2J,H
A923BA,N6883K,PA16,PIPER PA-16 Clipper,L1P,L
A925BA,N689MA,CH7B,BELLANCA 7 Citabria,L1P,L
A927BA,N6895N,M20P,MOONEY M-20,L1P,L
A928BA,N69DT,CL60,BOMBARDIER CL-600 Challenger,L2J,M
A92DBA,N69047,C152,CESSNA 152,L1P,L
A92EBA,N691DB,C77R,CESSNA 177RG Cardinal RG,L1P,L
A934BA,N69212,C152,CESSNA 152,L1P,L
A941BA,N696HL,EFOX,AEROPRO Eurofox,L1P,L
A942BA,N696TS,LJ60,LEARJET 60,L2J,M
A943BA,N69623,ST75,STEARMAN Kaydet,L1P,L
A948BA,N698DA,K100,DAHER Kodiak 100,L1T,L
A94DBA,N699SE,SE5A,RAF SE-5A Replica,L1P,L
A94FBA,N6999B,PA22,PIPER PA-22,L1P,L
A951BA,N7VC,WAIX,SONEX Waiex,L1P,L
A953BA,N70RP,SIDE,SMYTH Sidewinder,L1P,L
A955BA,N700N,BE17,BEECH 17 Staggerwing,L1P,L
A958BA,N701ES,B407,BELL 407,H1T,L
A95ABA,N70104,C185,CESSNA 185 Skywagon,L1P,L
A95DBA,N702TW,B752,BOEING 757-200,L2J,M
A95FBA,N703AG,C337,CESSNA 337 Super Skymaster,L2P,L
A966BA,N7047C,BL8,BELLANCA 8 Decathlon,L1P,L
A96DBA,N70638,ULAC,,L0-,-
A975BA,N7088D,C172,CESSNA 172 Skyhawk,L1P,L
A978BA,N70926,BE65,BEECH 65 Queen Air,L2P,L
A97ABA,N71LM,BE33,BEECH 33 Bonanza,L1P,L
A97BBA,N71WT,T210,CESSNA T210 Turbo Centurion,L1P,L
A97DBA,N710TD,T210,CESSNA T210 Turbo Centurion,L1P,L
A97EBA,N7102Q,C172,CESSNA 172 Skyhawk,L1P,L
A980BA,N711KW,SR22,CIRRUS SR-22,L1P,L
A981BA,N711WB,,,,
A982BA,N7114T,C172,CESSNA 172 Skyhawk,L1P,L
A985BA,N712Z,ZERO,MITSUBISHI Zero,L1P,L
A987BA,N713FL,C750,CESSNA 750 Citation 10,L2J,M
A988BA,N713RS,,,,
A989BA,N7131N,BALL,,B0-,-
A98DBA,N7143R,P28A,PIPER PA-28-140/150/160/180,L1P,L
A98EBA,N715BA,A5,ICON A-5,A1P,L
A98FBA,N715MG,LJ55,LEARJET 55,L2J,M
A991BA,N7155U,M20P,MOONEY M-20,L1P,L
A994BA,N7160L,AA5,AMERICAN AA-5 Tiger,L1P,L
A995BA,N7167X,C150,CESSNA 150,L1P,L
A997BA,N717TC,,,,
A998BA,N7172P,PA24,PIPER PA-24 Comanche,L1P,L
A999BA,N71790,L8,LUSCOMBE 8,L1P,L
A99BBA,N718WA,AS55,AEROSPATIALE AS-355 Ecureuil 2,H2T,L
A99CBA,N7184S,C150,CESSNA 150,L1P,L
A99DBA,N719CM,SR20,CIRRUS SR-20,L1P,L
A9A6BA,N7206D,BT36,BEECH B36TC Bonanza,L1P,L
A9A8BA,N721R,,,,
A9A9BA,N72106,T206,CESSNA T206 Turbo Stationair,L1P,L
A9AEBA,N723AJ,P28A,PIPER PA-28-140/150/160/180,L1P,L
A9B1BA,N7235B,BE35,BEECH 35 Starfire Bonanza,L1P,L
A9B2BA,N724DG,TLEG,LEGEND Turbine Legend,L1T,L
A9B5BA,N7247E,C182,CESSNA 182 Skylane,L1P,L
A9B8BA,N72517,DR1,FOKKER Dr-1,L1P,L
A9B9BA,N7259H,J3,PIPER J-3 Cub,L1P,L
A9BCBA,N7264,ST75,STEARMAN Kaydet,L1P,L
A9BDBA,N727BV,BE36,BEECH 36 Bonanza,L1P,L
A9C3BA,N72805,T206,CESSNA T206 Turbo Stationair,L1P,L
A9C4BA,N7288F,P28A,PIPER PA-28-140/150/160/180,L1P,L
A9C6BA,N729TX,S22T,CIRRUS SR-22T Turbo,L1P,L
A9C8BA,N73AH,HUSK,CHRISTEN Husky,L1P,L
A9C9BA,N73LP,B407,BELL 407,H1T,L
A9CBBA,N730H,EN28,ENSTROM F-28,H1P,L
A9CEBA,N73093,C172,CESSNA 172 Skyhawk,L1P,L
A9D4BA,N732ZB,T210,CESSNA T210 Turbo Centurion,L1P,L
A9D5BA,N7326Y,PA30,PIPER PA-30 Twin Comanche,L2P,L
A9D6BA,N733FN,C172,CESSNA 172 Skyhawk,L1P,L
A9D8BA,N7331Q,C182,CESSNA 182 Skylane,L1P,L
A9D9BA,N73381,C172,CESSNA 172 Skyhawk,L1P,L
A9DBBA,N734US,C172,CESSNA 172 Skyhawk,L1P,L
A9E2BA,N736QG,C172,CESSNA 172 Skyhawk,L1P,L
A9E4BA,N7367Z,PA25,PIPER PA-25 Pawnee,L1P,L
A9E5BA,N737GZ,C172,CESSNA 172 Skyhawk,L1P,L
A9E6BA,N737TE,C172,CESSNA 172 Skyhawk,L1P,L
A9E8BA,N73792,PA12,PIPER PA-12 Super Cruiser,L1P,L
A9EABA,N738WC,C172,CESSNA 172 Skyhawk,L1P,L
A9EBBA,N7384U,C207,CESSNA 207 Turbo Stationair,L1P,L
A9ECBA,N739CP,C82T,CESSNA TR182 Turbo Skylane RG,L1P,L
A9EFBA,N7396X,C150,CESSNA 150,L1P,L
A9F1BA,N74RT,GLF2,GULFSTREAM 2,L2J,M
A9F3BA,N740ND,P28A,PIPER PA-28-140/150/160/180,L1P,L
A9F9BA,N7418J,P28R,PIPER PA-28R-180/200/201,L1P,L
AA03BA,N744ZW,DRON,,D0-,-
AA0BBA,N7464B,RV6,VANS RV-6,L1P,L
AA10BA,N748EV,CRJ7,BOMBARDIER Regional Jet CRJ-700,L2J,M
AA11BA,N748RA,P28A,PIPER PA-28-140/150/160/180,L1P,L
AA12BA,N74807,R44,ROBINSON R-44 Raven,H1P,L
AA17BA,N75AK,C82S,CESSNA T182 Turbo Skylane,L1P,L
AA18BA,N75LR,CJ1,CORBY CJ-1 Starlet,L1P,L
AA1ABA,N750HB,CH75,ZENAIR CH-750 Cruzer,L1P,L
AA1BBA,N750TH,BE24,BEECH 24 Sierra,L1P,L
AA1CBA,N7502U,TAIL,WITTMAN Tailwind,L1P,L
AA1DBA,N75095,P28A,PIPER PA-28-140/150/160/180,L1P,L
AA20BA,N7514X,C172,CESSNA 172 Skyhawk,L1P,L
AA27BA,N7531S,ULAC,,L0-,-
AA28BA,N75383,P28A,PIPER PA-28-140/150/160/180,L1P,L
AA2ABA,N754UU,ULAC,,L0-,-
AA2BBA,N7543V,C172,CESSNA 172 Skyhawk,L1P,L
AA2CBA,N755BE,P32R,PIPER PA-32R-300/301/301T,L1P,L
AA2FBA,N7555Y,PA30,PIPER PA-30 Twin Comanche,L2P,L
AA34BA,N757HA,C152,CESSNA 152,L1P,L
AA36BA,N7572T,C172,CESSNA 172 Skyhawk,L1P,L
AA37BA,N75794,C172,CESSNA 172 Skyhawk,L1P,L
AA39BA,N758WE,GLID,,L0-,-
AA3BBA,N759CR,C182,CESSNA 182 Skylane,L1P,L
AA3CBA,N759NX,C182,CESSNA 182 Skylane,L1P,L
AA3FBA,N76FP,NAVI,NORTH AMERICAN Navion,L1P,L
AA40BA,N76RV,RV6,VANS RV-6,L1P,L
AA41BA,N760C,P32T,PIPER PA-32RT-300/300T,L1P,L
AA46BA,N761RD,T210,CESSNA T210 Turbo Centurion,L1P,L
AA4BBA,N7623C,CRUZ,CSA PS-28 Cruiser,L1P,L
AA4CBA,N763AN,B772,BOEING 777-200,L2J,H
AA51BA,N764PS,,,,
AA54BA,N765GJ,,,,
AA56BA,N7652A,C180,CESSNA  180 Skywagon,L1P,L
AA59BA,N766VN,C182,CESSNA 182 Skylane,L1P,L
AA5ABA,N7664D,PA18,PIPER PA-18 Super Cub,L1P,L
AA5BBA,N767BZ,B762,BOEING 767-200,L2J,H
AA5CBA,N767NE,CRUZ,CSA PS-28 Cruiser,L1P,L
AA5EBA,N7676G,C172,CESSNA 172 Skyhawk,L1P,L
AA64BA,N769UA,B772,BOEING 777-200,L2J,H
AA67BA,N77LT,BALL,,B0-,-
AA6BBA,N7702W,P28A,PIPER PA-28-140/150/160/180,L1P,L
AA6DBA,N771LB,AEST,AEROSTAR 600,L2P,L
AA6EBA,N771WH,BALL,,B0-,-
AA6FBA,N7714Z,PA25,PIPER PA-25 Pawnee,L1P,L
AA71BA,N772P,S76,SIKORSKY S-76 Spirit,H2T,L
AA76BA,N7731U,C172,CESSNA 172 Skyhawk,L1P,L
AA83BA,N777HC,H25B,HAWKER BEECHCRAFT Hawker 750/850,L2J,M
AA85BA,N7772V,A9,NORTH AMERICAN ROCKWELL A-9 Sparrow Commander,L1P,L
AA8EBA,N78FR,LJ60,LEARJET 60,L2J,M
AA90BA,N780CB,C560,CESSNA 560 Citation Ultra,L2J,M
AA93BA,N7806K,C180,CESSNA  180 Skywagon,L1P,L
AA96BA,N7811B,PA20,PIPER PA-20 Pacer,L1P,L
AA97BA,N7818N,P28A,PIPER PA-28-140/150/160/180,L1P,L
AAA9BA,N7864F,C402,CESSNA 402 Businessliner,L2P,L
AAAABA,N787CA,S22T,CIRRUS SR-22T Turbo,L1P,L
AAABBA,N787NG,DRON,,D0-,-
AAB0BA,N7881A,B737,BOEING 737-700,L2J,M
AAB1BA,N7888M,RV7,VANS RV-7,L1P,L
AAB4BA,N7893D,PA22,PIPER PA-22,L1P,L
AAB5BA,N79AP,BE58,BEECH 58 Baron,L2P,L
AABABA,N7902Y,PA30,PIPER PA-30 Twin Comanche,L2P,L
AAC2BA,N79264,C172,CESSNA 172 Skyhawk,L1P,L
AAC6BA,N79387,M20P,MOONEY M-20,L1P,L
AAC7BA,N794JS,C25B,CESSNA 525B Citation CJ3,L2J,L
AAC9BA,N7943Z,C150,CESSNA 150,L1P,L
AAD3BA,N797TL,SR20,CIRRUS SR-20,L1P,L
AAD8BA,N79840,M20P,MOONEY M-20,L1P,L
AADABA,N799PA,,,,
AADEBA,N8RZ,EAGL,CHRISTEN Eagle,L1P,L
AADFBA,N80CD,SR22,CIRRUS SR-22,L1P,L
AAE0BA,N80NK,R66,ROBINSON R-66,H1T,L
AAE1BA,N80YR,RV6,VANS RV-6,L1P,L
AAE2BA,N800JW,C182,CESSNA 182 Skylane,L1P,L
AAE3BA,N800VB,AC90,NORTH AMERICAN ROCKWELL Turbo Commander 690/840,L2T,L
AAE5BA,N801BN,RV8,VANS RV-8,L1P,L
AAE7BA,N801Y,BE77,BEECH 77 Skipper,L1P,L
AAE8BA,N80156,R22,ROBINSON R-22 Mariner,H1P,L
AAE9BA,N802EL,BE36,BEECH 36 Bonanza,L1P,L
AAEABA,N802QS,C700,CESSNA 700 Citation Longitude,L2J,M
AAECBA,N80279,C172,CESSNA 172 Skyhawk,L1P,L
AAEFBA,N80321,BE17,BEECH 17 Staggerwing,L1P,L
AAF0BA,N804AA,AT8T,AIR TRACTOR AT-802,L1T,M
AAF3BA,N80444,BE35,BEECH 35 Starfire Bonanza,L1P,L
AAF5BA,N805PE,PC12,PILATUS PC-12,L1T,L
AAF7BA,N80567,GC1,GLOBE Swift,L1P,L
AAF8BA,N806FX,AT73,ATR-72-212,L2T,M
AAF9BA,N806SC,DRON,,D0-,-
AAFABA,N8061Z,T206,CESSNA T206 Turbo Stationair,L1P,L
AAFFBA,N808BM,DG1T,DG FLUGZEUGBAU DG-1001T,L1P,L
AB00BA,N808MT,B407,BELL 407,H1T,L
AB02BA,N80855,C172,CESSNA 172 Skyhawk,L1P,L
AB06BA,N80978,GC1,GLOBE Swift,L1P,L
AB08BA,N81TP,C210,CESSNA 201 Centurion,L1P,L
AB0CBA,N8107S,C150,CESSNA 150,L1P,L
AB0DBA,N811GS,P32R,PIPER PA-32R-300/301/301T,L1P,L
AB0FBA,N8112J,P28A,PIPER PA-28-140/150/160/180,L1P,L
AB13BA,N8124M,P28B,PIPER PA-28-201T/235/236,L1P,L
AB14BA,N813CG,SR22,CIRRUS SR-22,L1P,L
AB15BA,N813NN,B738,BOEING 737-800,L2J,M
AB17BA,N8136Q,P28A,PIPER PA-28-140/150/160/180,L1P,L
AB19BA,N814RL,R44,ROBINSON R-44 Raven,H1P,L
AB1ABA,N8141G,T210,CESSNA T210 Turbo Centurion,L1P,L
AB22BA,N8165N,P32R,PIPER PA-32R-300/301/301T,L1P,L
AB25BA,N8170E,SR22,CIRRUS SR-22,L1P,L
AB27BA,N818GR,RV4,VANS RV-4,L1P,L
AB2DBA,N8194L,C172,CESSNA 172 Skyhawk,L1P,L
AB2EBA,N82CF,BE55,BEECH 55 Baron,L2P,L
AB33BA,N82035,PA18,PIPER PA-18 Super Cub,L1P,L
AB37BA,N82158,CH7A,BELLANCA 7 Champion,L1P,L
AB3BBA,N8228A,P32R,PIPER PA-32R-300/301/301T,L1P,L
AB3CBA,N823HL,LJ45,LEARJET 45,L2J,M
AB3FBA,N824AC,A319,AIRBUS A-319,L2J,M
AB42BA,N82446,EXEC,ROTORWAY Exec,H1P,L
AB43BA,N825DA,AT8T,AIR TRACTOR AT-802,L1T,M
AB48BA,N826SE,SR20,CIRRUS SR-20,L1P,L
AB49BA,N82611,CH7A,BELLANCA 7 Champion,L1P,L
AB4ABA,N8269B,P28B,PIPER PA-28-201T/235/236,L1P,L
AB4DBA,N82734,CH7A,BELLANCA 7 Champion,L1P,L
AB4EBA,N828BP,M20P,MOONEY M-20,L1P,L
AB51BA,N82857,B06,BELL 206 JetRanger,H1T,L
AB55BA,N8298,,,,
AB5DBA,N831T,M20P,MOONEY M-20,L1P,L
AB60BA,N832KS,C172,CESSNA 172 Skyhawk,L1P,L
AB62BA,N8324P,PA24,PIPER PA-24 Comanche,L1P,L
AB66BA,N8336S,C182,CESSNA 182 Skylane,L1P,L
AB6DBA,N8353M,R22,ROBINSON R-22 Mariner,H1P,L
AB71BA,N8365Q,R44,ROBINSON R-44 Raven,H1P,L
AB74BA,N8370G,C150,CESSNA 150,L1P,L
AB89BA,N84202,C172,CESSNA 172 Skyhawk,L1P,L
AB8DBA,N84325,CH7A,BELLANCA 7 Champion,L1P,L
AB8EBA,N844AE,E135,EMBRAER ERJ-135,L2J,M
AB99BA,N8469D,PA18,PIPER PA-18 Super Cub,L1P,L
AB9CBA,N84736,CH7A,BELLANCA 7 Champion,L1P,L
ABA3BA,N84901,C172,CESSNA 172 Skyhawk,L1P,L
ABA4BA,N8498B,PA15,PIPER PA-15 Vagabond,L1P,L
ABA5BA,N85HM,LGEZ,RUTAN Long-EZ,L1P,L
ABA6BA,N85TT,COZY,CO-Z Cozy,L1P,L
ABABBA,N851GW,PC12,PILATUS PC-12,L1T,L
ABACBA,N851TB,TBM7,SOCATA TBM-700A/B/C,L1T,L
ABAEBA,N8519Z,SCOR,ROTORWAY Scorpion,H1P,L
ABB0BA,N852W,PC12,PILATUS PC-12,L1T,L
ABB1BA,N8524R,B14A,BELLANCA 14,L1P,L
ABB5BA,N8536U,C150,CESSNA 150,L1P,L
ABB8BA,N8541L,C185,CESSNA 185 Skywagon,L1P,L
ABB9BA,N8548X,C172,CESSNA 172 Skyhawk,L1P,L
ABBCBA,N8553P,PA15,PIPER PA-15 Vagabond,L1P,L
ABC3BA,N8570J,C150,CESSNA 150,L1P,L
ABC4BA,N8577V,CH7B,BELLANCA 7 Citabria,L1P,L
ABC6BA,N858TA,F16,GENERAL DYNAMICS F-16 Fighting Falcon,L1J,M
ABC7BA,N8582M,P28R,PIPER PA-28R-180/200/201,L1P,L
ABCBBA,N8594Q,T206,CESSNA T206 Turbo Stationair,L1P,L
ABCCBA,N86CK,MUS2,BUSHBY M-2 Mustang 2,L1P,L
ABD5BA,N8616B,C172,CESSNA 172 Skyhawk,L1P,L
ABE0BA,N8645,BALL,,B0-,-
ABEBBA,N86738,CH7B,BELLANCA 7 Citabria,L1P,L
ABECBA,N868BT,FA50,DASSAULT Falcon 50,L3J,M
ABEFBA,N8686A,B738,BOEING 737-800,L2J,M
ABF0BA,N869ER,C172,CESSNA 172 Skyhawk,L1P,L
ABF2BA,N86903,B14A,BELLANCA 14,L1P,L
ABF4BA,N87HP,HUSK,CHRISTEN Husky,L1P,L
ABF6BA,N870E,,,,
AC00BA,N8724T,C182,CESSNA 182 Skylane,L1P,L
AC07BA,N8741N,P28A,PIPER PA-28-140/150/160/180,L1P,L
AC09BA,N875JJ,DRON,,D0-,-
AC0DBA,N876MG,C172,CESSNA 172 Skyhawk,L1P,L
AC0FBA,N8765U,C150,CESSNA 150,L1P,L
AC13BA,N8777X,SR22,CIRRUS SR-22,L1P,L
AC17BA,N87890,J3,PIPER J-3 Cub,L1P,L
AC1ABA,N8794S,C150,CESSNA 150,L1P,L
AC1BBA,N88CM,AEST,AEROSTAR 600,L2P,L
AC1CBA,N88NT,PC12,PILATUS PC-12,L1T,L
AC1DBA,N88YZ,RV8,VANS RV-8,L1P,L
AC21BA,N881BW,,,,
AC26BA,N882R,BE35,BEECH 35 Starfire Bonanza,L1P,L
AC2BBA,N88329,BL8,BELLANCA 8 Decathlon,L1P,L
AC2FBA,N8845B,C172,CESSNA 172 Skyhawk,L1P,L
AC3CBA,N888NA,F2TH,DASSAULT Falcon 2000,L2J,M
AC3DBA,N888YG,GLF4,GULFSTREAM 4,L2J,M
AC43BA,N89HR,SR20,CIRRUS SR-20,L1P,L
AC47BA,N8900P,PA24,PIPER PA-24 Comanche,L1P,L
AC4FBA,N8924V,C172,CESSNA 172 Skyhawk,L1P,L
AC5ABA,N8953T,C172,CESSNA 172 Skyhawk,L1P,L
AC5BBA,N896BC,PTS1,PITTS S-1 Special,L1P,L
AC5EBA,N8965W,P28B,PIPER PA-28-201T/235/236,L1P,L
AC61BA,N8970N,C441,CESSNA 441 Conquest,L2T,L
AC65BA,N8982R,CH7B,BELLANCA 7 Citabria,L1P,L
AC69BA,N8994U,C150,CESSNA 150,L1P,L
AC6ABA,N9CP,A139,AGUSTA AW-139,H2T,L
AC6BBA,N9NV,L13M,LET L-13 Blanik,L1P,L
AC6CBA,N9ZA,M20P,MOONEY M-20,L1P,L
AC6EBA,N90VM,PA31,PIPER PA-31-300/310/325/350/425,L2P,L
AC70BA,N900RY,L8,LUSCOMBE 8,L1P,L
AC71BA,1535,C208,CESSNA 208 Caravan,L1T,L
AC72BA,N90085,C120,CESSNA 120,L1P,L
AC75BA,N9013X,C182,CESSNA 182 Skylane,L1P,L
AC76BA,N902BG,GLID,,L0-,-
AC7ABA,N903EE,P28A,PIPER PA-28-140/150/160/180,L1P,L
AC7DBA,N90373,GC1,GLOBE Swift,L1P,L
AC81BA,N90496,P32R,PIPER PA-32R-300/301/301T,L1P,L
AC91BA,N909MM,F2TH,DASSAULT Falcon 2000,L2J,M
AC94BA,N91ED,C310,CESSNA 310,L2P,L
AC95BA,N91QK,CL30,BOMBARDIER BD-100 Challenger 300,L2J,M
AC9ABA,N911DN,UH1,BELL UH-1 Huey,H1T,L
AC9DBA,N9117L,CH7B,BELLANCA 7 Citabria,L1P,L
AC9EBA,N912GL,SR22,CIRRUS SR-22,L1P,L
ACA0BA,N9122C,C180,CESSNA  180 Skywagon,L1P,L
ACA1BA,N9129P,PA24,PIPER PA-24 Comanche,L1P,L
ACA5BA,N914CA,CRJ2,BOMBARDIER Regional Jet CRJ-200,L2J,M
ACA8BA,N9146J,P28A,PIPER PA-28-140/150/160/180,L1P,L
ACABBA,N9151A,UH1,BELL UH-1 Huey,H1T,L
ACACBA,N9158M,T206,CESSNA T206 Turbo Stationair,L1P,L
ACAFBA,N9163D,PA22,PIPER PA-22,L1P,L
ACB0BA,N917AP,C525,CESSNA 525 CitationJet,L2J,L
ACB2BA,N917XA,B738,BOEING 737-800,L2J,M
ACB3BA,N9175G,PA32,PIPER PA-32,L1P,L
ACB4BA,N918DM,FOX,KITFOX,L1P,L
ACB5BA,N918PT,LJ45,LEARJET 45,L2J,M
ACB6BA,N918ZZ,J3,PIPER J-3 Cub,L1P,L
ACB8BA,N919GK,S22T,CIRRUS SR-22T Turbo,L1P,L
ACB9BA,N919SR,SR22,CIRRUS SR-22,L1P,L
ACBABA,N9192B,AT3P,AIR TRACTOR AT-301/401,L1P,L
ACBFBA,N920S,SF50,CIRRUS SF-50 Vision,L1J,L
ACC0BA,N9201W,P28B,PIPER PA-28-201T/235/236,L1P,L
ACC1BA,N92087,C182,CESSNA 182 Skylane,L1P,L
ACC2BA,N921JS,RV12,VANS RV-12,L1P,L
ACCCBA,N92375,T6,NORTH AMERICAN T-6 Texan,L1P,L
ACCFBA,N9242X,C182,CESSNA 182 Skylane,L1P,L
ACD0BA,N92498,J3,PIPER J-3 Cub,L1P,L
ACD1BA,N925LC,SR22,CIRRUS SR-22,L1P,L
ACD5BA,N926PA,P28A,PIPER PA-28-140/150/160/180,L1P,L
ACDCBA,N928JR,BALL,,B0-,-
ACE3BA,N93EF,SR22,CIRRUS SR-22,L1P,L
ACE5BA,N930AS,C337,CESSNA 337 Super Skymaster,L2P,L
ACE7BA,N930XD,TBM7,SOCATA TBM-700A/B/C,L1T,L
ACE8BA,N9305K,P28A,PIPER PA-28-140/150/160/180,L1P,L
ACEBBA,N9310B,C175,CESSNA 175 Skylark,L1P,L
ACF0BA,N9329R,S52,SIKORSKY S-52,H1P,L
ACF3BA,N9334H,C172,CESSNA 172 Skyhawk,L1P,L
ACF8BA,N935FA,C82T,CESSNA TR182 Turbo Skylane RG,L1P,L
ACFBBA,N9358P,PA24,PIPER PA-24 Comanche,L1P,L
AD02BA,N9375J,P28A,PIPER PA-28-140/150/160/180,L1P,L
AD06BA,N9387M,M20P,MOONEY M-20,L1P,L
AD0BBA,N94KK,RV9,VANS RV-9,L1P,L
AD0EBA,N940SB,TBM7,SOCATA TBM-700A/B/C,L1T,L
AD13BA,N94131,ERCO,AIR PRODUCTS F-1 Aircoupe,L1P,L
AD1ABA,N9430W,P28B,PIPER PA-28-201T/235/236,L1P,L
AD29BA,N9471X,C210,CESSNA 201 Centurion,L1P,L
AD2ABA,N94788,ERCO,AIR PRODUCTS F-1 Aircoupe,L1P,L
AD2BBA,N948JT,LNC2,LANCAIR 200-320,L1P,L
AD2DBA,N94830,ERCO,AIR PRODUCTS F-1 Aircoupe,L1P,L
AD31BA,N94953,TAYB,TAYLORCRAFT BC/BF/BL,L1P,L
AD35BA,N950M,C750,CESSNA 750 Citation 10,L2J,M
AD37BA,N9505M,M20P,MOONEY M-20,L1P,L
AD38BA,N951DS,BE58,BEECH 58 Baron,L2P,L
AD3BBA,N9517Q,BE35,BEECH 35 Starfire Bonanza,L1P,L
AD3DBA,N952SW,CRJ2,BOMBARDIER Regional Jet CRJ-200,L2J,M
AD3FBA,N9529T,C210,CESSNA 201 Centurion,L1P,L
AD49BA,N9551E,BL17,BELLANCA 17 Viking,L1P,L
AD4DBA,N9563H,C185,CESSNA 185 Skywagon,L1P,L
AD4EBA,N957AT,B712,BOEING 717-200,L2J,M
AD5ABA,N96KM,PL2,PAZMANY PL-2,L1P,L
AD60BA,N961JW,L5,STINSON Sentinel,L1P,L
AD61BA,N961VB,FOX,KITFOX,L1P,L
AD62BA,N96133,B47G,BELL 47G,H1P,L
AD69BA,N9630Y,BE35,BEECH 35 Starfire Bonanza,L1P,L
AD6DBA,N96421,TAYB,TAYLORCRAFT BC/BF/BL,L1P,L
AD6EBA,N965AA,C152,CESSNA 152,L1P,L
AD6FBA,N965LG,BE9L,BEECH 90 King Air,L2T,L
AD70BA,N965WN,B737,BOEING 737-700,L2J,M
AD75BA,N96667,TAYB,TAYLORCRAFT BC/BF/BL,L1P,L
AD88BA,N971Q,BE35,BEECH 35 Starfire Bonanza,L1P,L
AD89BA,N9710F,C72R,CESSNA 172R Cutlass RG,L1P,L
AD8DBA,N9722J,P28A,PIPER PA-28-140/150/160/180,L1P,L
AD91BA,N9734M,M20P,MOONEY M-20,L1P,L
AD95BA,N9746Q,BE24,BEECH 24 Sierra,L1P,L
AD98BA,N9751G,C180,CESSNA  180 Skywagon,L1P,L
AD9ABA,N976JC,BEAR,AVIPRO RB-4 Bearhawk,L1P,L
AD9DBA,N977AV,H25B,HAWKER BEECHCRAFT Hawker 750/850,L2J,M
AD9EBA,N977MA,P28A,PIPER PA-28-140/150/160/180,L1P,L
ADA3BA,N9780E,AR11,AERONCA 11 Chief,L1P,L
ADA4BA,N9787R,BE35,BEECH 35 Starfire Bonanza,L1P,L
ADA6BA,N979SX,SONX,SONEX AIRCRAFT Sonex,L1P,L
ADA8BA,N9799U,AA5,AMERICAN AA-5 Tiger,L1P,L
ADA9BA,N98KP,RV6,VANS RV-6,L1P,L
ADAABA,N98VV,ULAC,,L0-,-
ADADBA,N98012,P28A,PIPER PA-28-140/150/160/180,L1P,L
ADAEBA,N9809C,T6,NORTH AMERICAN T-6 Texan,L1P,L
ADB1BA,N98135,P28A,PIPER PA-28-140/150/160/180,L1P,L
ADB8BA,N98300,J3,PIPER J-3 Cub,L1P,L
ADBCBA,N98423,J3,PIPER J-3 Cub,L1P,L
ADBDBA,N985AC,BL8,BELLANCA 8 Decathlon,L1P,L
ADC7BA,N98711,J3,PIPER J-3 Cub,L1P,L
ADC8BA,N9879B,CH7A,BELLANCA 7 Champion,L1P,L
ADCBBA,N98834,C310,CESSNA 310,L2P,L
ADD0BA,N99EM,BE35,BEECH 35 Starfire Bonanza,L1P,L
ADD1BA,N99QT,T206,CESSNA T206 Turbo Stationair,L1P,L
ADD3BA,N990MD,BE35,BEECH 35 Starfire Bonanza,L1P,L
ADDBBA,N992T,GLST,GLASAIR SH-4 GlaStar,L1P,L
ADE0BA,N9934P,TB21,SOCATA TB-21 Trinidad TC,L1P,L
ADEDBA,N997MC,C72R,CESSNA 172R Cutlass RG,L1P,L
ADF2BA,N9980G,C188,CESSNA 188 AgTruck,L1P,L
ADF4BA,N999GT,BE35,BEECH 35 Starfire Bonanza,L1P,L
ADF7BA,N9999W,PA23,PIPER PA-23,L2P,L
ADFCBA,93-0634,BE40,BEECH 400 Beechjet,L2J,M
ADFDBA,93-1040,C130,LOCKHEED C-130 Hercules,L4T,M
ADFEBA,99-0004,B752,BOEING 757-200,L2J,M
ADFFBA,64-13284,T38,NORTHROP T-38 Talon,L2J,L
AE00BA,61-0876,T38,NORTHROP T-38 Talon,L2J,L
AE04BA,58-0055,K35R,BOEING KC-135R/T Stratotanker,L4J,H
AE05BA,88-1305,C130,LOCKHEED C-130 Hercules,L4T,M
AE07BA,62-3557,K35R,BOEING KC-135R/T Stratotanker,L4J,H
AE08BA,165965,TEX2,BEECHCRAFT T-6 Texan 2,L1T,L
AE09BA,90-26260,H60,SIKORSKY UH-60 Black Hawk,H2T,M
AE0ABA,99-26839,H60,SIKORSKY UH-60 Black Hawk,H2T,M
AE0BBA,98-26804,H60,SIKORSKY UH-60 Black Hawk,H2T,M
AE0CBA,84-24005,H60,SIKORSKY UH-60 Black Hawk,H2T,M
AE0DBA,83-23929,H60,SIKORSKY UH-60 Black Hawk,H2T,M
AE0EBA,87-24656,H60,SIKORSKY UH-60 Black Hawk,H2T,M
AE10BA,01-0191,C17,BOEING C-17 Globemaster 3,L4J,H
AE11BA,03-3688,TEX2,BEECHCRAFT T-6 Texan 2,L1T,L
AE13BA,04-3740,TEX2,BEECHCRAFT T-6 Texan 2,L1T,L
AE14BA,160985,BE9L,BEECH 90 King Air,L2T,L
AE17BA,97-0222,F15,MCDONNELL-DOUGLAS F-15 Eagle,L2J,M
AE18BA,78-0646,A10,FAIRCHILD A-10 Thunderbolt II,L2J,M
AE1DBA,167830,H60,SIKORSKY UH-60 Black Hawk,H2T,M
AE1EBA,166053,TEX2,BEECHCRAFT T-6 Texan 2,L1T,L
AE1FBA,10-72171,EC45,AIRBUS HELICOPTERS EC-145,H2T,L
AE20BA,167985,C30J,LOCKHEED MARTIN C-130J Super Hercules,L4T,M
AE21BA,83-23900,H60,SIKORSKY UH-60 Black Hawk,H2T,M
AE26BA,6603,AS65,AEROSPATIALE AS-365 Dauphin 2,H2T,L
AE47BA,09-20231,H60,SIKORSKY UH-60 Black Hawk,H2T,M
AE4BBA,165504,H53,SIKORSKY CH-53,H2T,M
AE4EBA,168436,P8,BOEING P-8 Poseidon,L2J,M
AE4FBA,168106,H60,SIKORSKY UH-60 Black Hawk,H2T,M
AE50BA,10-20250,H60,SIKORSKY UH-60 Black Hawk,H2T,M
AE51BA,11-20386,H60,SIKORSKY UH-60 Black Hawk,H2T,M
AE52BA,10-08801,H47,BOEING-VERTOL CH-47 Chinook,H2T,M
AE56BA,13-20594,H60,SIKORSKY UH-60 Black Hawk,H2T,M
AE57BA,168854,P8,BOEING P-8 Poseidon,L2J,M
AE5ABA,15-20728,H60,SIKORSKY UH-60 Black Hawk,H2T,M
AE5CBA,90-26236,H60,SIKORSKY UH-60 Black Hawk,H2T,M
AE5EBA,162020,B06,BELL 206 JetRanger,H1T,L
AE63BA,20-46078,B762,BOEING 767-200,L2J,H
AE68BA,12-3040,D328,DORNIER 328,L2T,M
AE6ABA,170003,H53S,SIKORSKY CH-53 Super Stallion,H3T,M
AE6CBA,20-03346,H64,MCDONNELL DOUGLAS AH-64 Apache,H2T,M
AE6DBA,21-03378,H64,MCDONNELL DOUGLAS AH-64 Apache,H2T,M
C001BA,C-FAQZ,CH7B,BELLANCA 7 Citabria,L1P,L
C002BA,C-FBAV,AS50,AEROSPATIALE AS-350 Ecureuil,H1T,L
C003BA,C-FBKR,C208,CESSNA 208 Caravan,L1T,L
C004BA,C-FBUN,DH82,DE HAVILLAND DH-82 Tiger Moth,L1P,L
C006BA,C-FCOF,DH82,DE HAVILLAND DH-82 Tiger Moth,L1P,L
C007BA,C-FCYB,,,,
C008BA,C-FDHX,AT8T,AIR TRACTOR AT-802,L1T,M
C009BA,C-FDRT,C140,CESSNA 140,L1P,L
C00ABA,C-FEBP,CNUK,FLEET 80 Canuck,L1P,L
C00BBA,C-FELL,C140,CESSNA 140,L1P,L
C00CBA,C-FEVH,AR11,AERONCA 11 Chief,L1P,L
C00DBA,C-FFFD,ERCO,AIR PRODUCTS F-1 Aircoupe,L1P,L
C00FBA,C-FFYV,C172,CESSNA 172 Skyhawk,L1P,L
C010BA,C-FGIR,YALE,NORTH AMERICAN Yale,L1P,L
C011BA,C-FGSN,C185,CESSNA 185 Skywagon,L1P,L
C012BA,C-FHCJ,B762,BOEING 767-200,L2J,H
C014BA,C-FHWB,,,,
C015BA,C-FIFX,CH7A,BELLANCA 7 Champion,L1P,L
C016BA,C-FIPT,C182,CESSNA 182 Skylane,L1P,L
C018BA,C-FJJL,C140,CESSNA 140,L1P,L
C019BA,C-FJTH,B06,BELL 206 JetRanger,H1T,L
C01ABA,C-FKDD,PA18,PIPER PA-18 Super Cub,L1P,L
C01CBA,C-FKWV,C182,CESSNA 182 Skylane,L1P,L
C01DBA,C-FLGR,RV4,VANS RV-4,L1P,L
C01EBA,C-FLQN,PA23,PIPER PA-23,L2P,L
C01FBA,C-FMAJ,B763,BOEING 767-300,L2J,H
C021BA,C-FMUB,C82R,CESSNA R182 Skylane RG,L1P,L
C023BA,C-FNNT,,,,
C024BA,C-FNXP,ZZZZ,,-0-,-
C025BA,C-FOHL,B430,BELL 430,H2T,L
C026BA,C-FORH,PA31,PIPER PA-31-300/310/325/350/425,L2P,L
C027BA,C-FPBD,BCS3,AIRBUS A220-300,L2J,M
C028BA,C-FPKZ,,,,
C02ABA,C-FQER,P28A,PIPER PA-28-140/150/160/180,L1P,L
C02BBA,C-FQON,GLID,,L0-,-
C02CBA,C-FQYJ,C172,CESSNA 172 Skyhawk,L1P,L
C02DBA,C-FRIF,PA12,PIPER PA-12 Super Cruiser,L1P,L
C02EBA,C-FRSB,PA22,PIPER PA-22,L1P,L
C030BA,C-FSLT,,,,
C031BA,C-FSVP,DH3T,DE HAVILLAND DHC-3 Turbo Otter,L1T,L
C033BA,C-FTPH,SONX,SONEX AIRCRAFT Sonex,L1P,L
C036BA,C-FUSV,PA18,PIPER PA-18 Super Cub,L1P,L
C037BA,C-FVCR,GLEX,BOMBARDIER BD-700 Global 6000/6500,L2J,M
C039BA,C-FVWJ,,,,
C03ABA,C-FWGF,C150,CESSNA 150,L1P,L
C03BBA,C-FWQB,PA32,PIPER PA-32,L1P,L
C03EBA,C-FXTP,P28B,PIPER PA-28-201T/235/236,L1P,L
C03FBA,C-FYDL,RV6,VANS RV-6,L1P,L
C043BA,C-FZQV,C185,CESSNA 185 Skywagon,L1P,L
C044BA,C-GAAR,C172,CESSNA 172 Skyhawk,L1P,L
C045BA,C-GAKN,C180,CESSNA  180 Skywagon,L1P,L
C046BA,C-GAUJ,,,,
C047BA,C-GBEF,P28A,PIPER PA-28-140/150/160/180,L1P,L
C048BA,C-GBOB,C185,CESSNA 185 Skywagon,L1P,L
C049BA,C-GBXX,GLID,,L0-,-
C04ABA,C-GCHT,B212,BELL 212,H2T,L
C04BBA,C-GCRP,HROC,HARMON Rocket,L1P,L
C04CBA,C-GDBL,P28A,PIPER PA-28-140/150/160/180,L1P,L
C04DBA,C-GDLH,P28B,PIPER PA-28-201T/235/236,L1P,L
C04EBA,C-GDVD,BE58,BEECH 58 Baron,L2P,L
C04FBA,C-GEEZ,,,,
C050BA,C-GEOV,P28A,PIPER PA-28-140/150/160/180,L1P,L
C051BA,C-GEYR,C185,CESSNA 185 Skywagon,L1P,L
C052BA,C-GFIN,GLID,,L0-,-
C054BA,C-GGCF,C150,CESSNA 150,L1P,L
C055BA,C-GGMB,DHC2,DE HAVILLAND DHC-2 Beaver,L1P,L
C056BA,C-GGVX,EXPR,EXPRESS 2000,L1P,L
C057BA,C-GHFT,GYRO,,G0-,-
C058BA,C-GHPP,CH65,ZENAIR CH-650 Zodiac,L1P,L
C059BA,C-GHZL,C150,CESSNA 150,L1P,L
C05BBA,C-GITD,C150,CESSNA 150,L1P,L
C05CBA,C-GJCZ,GLID,,L0-,-
C05EBA,C-GJWR,PA32,PIPER PA-32,L1P,L
C05FBA,C-GKGN,CL60,BOMBARDIER CL-600 Challenger,L2J,M
C060BA,C-GKQJ,E295,EMBRAER ERJ-190-400,L2J,M
C061BA,C-GLAF,H500,HUGHES 500,H1T,L
C063BA,C-GLTX,BL8,BELLANCA 8 Decathlon,L1P,L
C064BA,C-GMDT,C172,CESSNA 172 Skyhawk,L1P,L
C065BA,C-GMNP,AT3T,AIR TRACTOR AT-302/402,L1T,L
C066BA,C-GMXL,DA40,DIAMOND DA-40 Club Star,L1P,L
C067BA,C-GNHH,AS50,AEROSPATIALE AS-350 Ecureuil,H1T,L
C068BA,C-GNRD,B732,BOEING 737-200,L2J,M
C069BA,C-GOAZ,PA34,PIPER PA-34 Seneca,L2P,L
C06BBA,C-GOUR,,,,
C06CBA,C-GPEN,,,,
C06DBA,C-GPOJ,DH8D,DE HAVILLAND DHC-8-400 Dash 8,L2T,M
C070BA,C-GQRX,L8,LUSCOMBE 8,L1P,L
C071BA,C-GRBT,AS50,AEROSPATIALE AS-350 Ecureuil,H1T,L
C072BA,C-GRLP,,,,
C073BA,C-GRVL,C172,CESSNA 172 Skyhawk,L1P,L
C074BA,C-GSFH,SS2T,TRUSH Turbo Thrush 500/550,L1T,L
C075BA,C-GSPD,C172,CESSNA 172 Skyhawk,L1P,L
C076BA,C-GSYZ,CH25,ZENAIR CH-250 Zenith,L1P,L
C077BA,C-GTIV,PA27,PIPER PA-23-250 Aztec,L2P,L
C078BA,C-GTSR,A332,AIRBUS A-330-200,L2J,H
C079BA,C-GUCN,AR11,AERONCA 11 Chief,L1P,L
C07ABA,C-GUMJ,AR11,AERONCA 11 Chief,L1P,L
C07BBA,C-GUWF,DHC2,DE HAVILLAND DHC-2 Beaver,L1P,L
C07EBA,C-GVZT,ST75,STEARMAN Kaydet,L1P,L
C07FBA,C-GWJP,C172,CESSNA 172 Skyhawk,L1P,L
C080BA,C-GWTL,,,,
C081BA,C-GXDH,P28A,PIPER PA-28-140/150/160/180,L1P,L
C082BA,C-GXND,C177,CESSNA  177 Cardinal,L1P,L
C083BA,C-GXWZ,C82R,CESSNA R182 Skylane RG,L1P,L
C084BA,C-GYGV,C188,CESSNA 188 AgTruck,L1P,L
C085BA,C-GYQR,C172,CESSNA 172 Skyhawk,L1P,L
C086BA,C-GZAN,B212,BELL 212,H2T,L
C087BA,C-GZKJ,C152,CESSNA 152,L1P,L
C089BA,C-IAEB,ULAC,,L0-,-
C08ABA,C-IANX,ULAC,,L0-,-
C08EBA,C-ICBH,ULAC,,L0-,-
C090BA,C-ICUZ,ULAC,,L0-,-
C091BA,C-IDEV,PARA,,P0-,-
C092BA,C-IDOR,PARA,,P0-,-
C094BA,C-IEIJ,,,,
C095BA,C-IESF,PARA,,P0-,-
C097BA,C-IFLX,CH70,ZENAIR CH-701 Stol,L1P,L
C098BA,C-IFVT,ULAC,,L0-,-
C099BA,C-IGFP,ULAC,,L0-,-
C09ABA,C-IGPL,PARA,,P0-,-
C09CBA,C-IHJD,CRER,RANS Courier,L1P,L
C09DBA,C-IHSZ,ULAC,,L0-,-
C09EBA,C-IICV,PARA,,P0-,-
C0A1BA,C-IJGJ,ULAC,,L0-,-
C0A2BA,C-IJQF,ULAC,,L0-,-
C0A5BA,C-IKTT,PARA,,P0-,-
C0A6BA,C-ILDP,ULAC,,L0-,-
C0A7BA,C-ILNL,,,,
C0A8BA,C-ILXH,,,,
C0ABBA,C-INAV,ULAC,,L0-,-
C0B2BA,C-IPRT,,,,
C1E4BA,SERV,SERV,,V0-,-
C1E9BA,SERV,SERV,,V0-,-
C801BA,ZK-CJK,JUNR,BOLKOW BO-208 Junior,L1P,L
C802BA,ZK-DFY,C172,CESSNA 172 Skyhawk,L1P,L
C803BA,ZK-DYJ,FU24,FLETCHER FU-24,L1P,L
C804BA,ZK-ESP,M5,MAULE M-5,L1P,L
C80ABA,ZK-DFL,P28A,PIPER PA-28-140/150/160/180,L1P,L
C811BA,ZK-PIE,ULAC,,L0-,-
C812BA,ZK-RTB,RALL,SOCATA Rallye,L1P,L
C819BA,ZK-OBH,CH60,ZENAIR CH-600 Zodiac,L1P,L
C81BBA,ZK-YKV,YK55,YAKOVLEV Yak-55,L1P,L
C81DBA,ZK-HYC,H269,HUGHES Sky Knight,H1P,L
C820BA,ZK-LDB,COY2,RANS Coyote 2,L1P,L
C821BA,ZK-MVE,AT76,ATR-72-600,L2T,M
C822BA,ZK-CMR,WAIX,SONEX Waiex,L1P,L
C823BA,ZK-KDE,P750,PACIFIC AEROSPACE P-750 XStol,L1T,L
C827BA,ZK-ITG,BK17,EUROCOPTER BK117 C-1/2,H2T,L
C828BA,ZK-EPH,P750,PACIFIC AEROSPACE P-750 XStol,L1T,L
C829BA,ZK-BZY,CAMP,GREGA GN-1 Aircamper,L1P,L
E200BA,LV-S113,ECHO,TECNAM P-92 Echo,L1P,L
E401BA,PT-TPT,R66,ROBINSON R-66,H1T,L
E482BA,PR-AYB,E190,EMBRAER ERJ-190-100,L2J,M
E483BA,2590,E190,EMBRAER ERJ-190-100,L2J,M
E484BA,PR-UNI,BE20,BEECH 200 Super King Air,L2T,M
E485BA,PR-CHT,S92,SIKORSKY S-92 Helibus,H2T,M
E486BA,PR-AKK,PA34,PIPER PA-34 Seneca,L2P,L
E488BA,PR-BGE,S76,SIKORSKY S-76 Spirit,H2T,L
E489BA,2004,TEX2,BEECHCRAFT T-6 Texan 2,L1T,L
E48CBA,PR-BTF,DV20,DIAMOND DA-20,L1P,L
E48EBA,PR-AQM,AT76,ATR-72-600,L2T,M
E48FBA,PP-IGS,PA34,PIPER PA-34 Seneca,L2P,L
E492BA,PR-BIZ,PAY1,PIPER PA-31T1-500 Cheyenne 1,L2T,L
E493BA,PP-YBB,B734,BOEING 737-400,L2J,M
E495BA,PR-KRC,PA34,PIPER PA-34 Seneca,L2P,L
E496BA,PS-OLV,F2TH,DASSAULT Falcon 2000,L2J,M
E809BA,CC-DGO,B505,BELL 505 JetRanger X,H1T,L
E8CFBA,331,PC6P,PILATUS PC-6 Porter,L1P,L
