0087BB,ZS-CXM,GLID,,L0-,-
0092BB,ZS-HBU,UH1,BELL UH-1 Huey,H1T,L
0096BB,ZS-IPE,H25A,HAWKER SIDDELEY HS-125,L2J,M
00A3BB,ZS-YAN,E190,EMBRAER ERJ-190-100,L2J,M
00A4BB,ZS-NXA,G164,GRUMMAN G-164 Ag-Cat,L1P,L
0101BB,SU-GEK,B738,BOEING 737-800,L2J,M
0200BB,CN-BTJ,TEX2,BEECHCRAFT T-6 Texan 2,L1T,L
04C0BB,5Y-PKI,B407,BELL 407,H1T,L
06A0BB,A7-BCW,B788,BOEING 787-8 Dreamliner,L2J,H
06A1BB,A7-BEE,B77W,BOEING 777-300ER,L2J,H
0900BB,D2-TEG,B77W,BOEING 777-300ER,L2J,H
0AC7BB,FAC4137,H60,SIKORSKY UH-60 Black Hawk,H2T,M
0C20BB,HP-1849CMP,B738,BOEING 737-800,L2J,M
0D03BB,XA-UAT,BE20,BEECH 200 Super King Air,L2T,M
0D04BB,XA-DST,C56X,CESSNA 560XL Citation XLS,L2J,M
0D05BB,XA-UNY,B733,BOEING 737-300,L2J,M
0D06BB,XA-UTL,CL60,BOMBARDIER CL-600 Challenger,L2J,M
0D09BB,XA-ATJ,E50P,EMBRAER EMB-500 Phenom 100,L2J,L
0D0BBB,XA-VIT,A20N,AIRBUS A-320neo,L2J,M
0D0CBB,XA-FPS,GLF5,GULFSTREAM 5,L2J,M
140ABB,RA-02747,E35L,EMBRAER EMB-135 Legacy,L2J,M
141CBB,RA-07355,R66,ROBINSON R-66,H1T,L
14A5BB,RA-42427,YK42,YAKOVLEV Yak-142,L3J,M
1506BB,RA-67259,DH8B,DE HAVILLAND DHC-8-200 Dash 8,L2T,M
151DBB,RA-73147,B77W,BOEING 777-300ER,L2J,H
151EBB,RA-73403,A320,AIRBUS A-320,L2J,M
151FBB,RA-73659,B738,BOEING 737-800,L2J,M
1554BB,RA-87227,YK40,YAKOVLEV Yak-40,L3J,M
155BBB,RA-89019,SU95,SUKHOI Superjet 100-95,L2J,M
3002BB,I-ELFA,A109,AGUSTA AW-109 Grand,H2T,L
3004BB,I-DSKY,P32R,PIPER PA-32R-300/301/301T,L1P,L
3006BB,I-RASH,AS50,AEROSPATIALE AS-350 Ecureuil,H1T,L
3008BB,I-PWNE,PA25,PIPER PA-25 Pawnee,L1P,L
31D8BB,I-8936,EV97,EVEKTRO EV-97 EuroStar,L1P,L
31DDBB,I-D100,FDCT,FLIGHT DESIGN CT,L1P,L
33FFBB,MM62212,P180,PIAGGIO P-180 Avanti,L2T,L
3836BB,F-CJZV,GLID,,L0-,-
383CBB,F-CEIP,GLID,,L0-,-
383DBB,F-CIPV,GLID,,L0-,-
383EBB,F-CFXN,GLID,,L0-,-
383FBB,F-CGFC,GLID,,L0-,-
3840BB,F-CGLX,VENT,SCHEMPP-HIRTH Ventus,L1P,L
3842BB,F-PDAP,MCR4,DYNAERO MCR-2/4,L1P,L
3843BB,F-PJAN,JAB4,JABIRU J200-450,L1P,L
3845BB,F-PVRJ,MCR4,DYNAERO MCR-2/4,L1P,L
3847BB,F-PROP,MCR1,COLOMBAN Ban-Bi,L1P,L
3849BB,F-PVGC,MCR1,COLOMBAN Ban-Bi,L1P,L
384ABB,F-PGAK,RV6,VANS RV-6,L1P,L
384EBB,F-PTOZ,MCR4,DYNAERO MCR-2/4,L1P,L
384FBB,F-PGBJ,D11,JODEL D-11x/12x,L1P,L
3850BB,F-PNJL,LNC2,LANCAIR 200-320,L1P,L
3855BB,F-WMXM,ZZZZ,,-0-,-
3856BB,F-WMXU,ZZZZ,,-0-,-
3858BB,F-PZAM,MCR1,COLOMBAN Ban-Bi,L1P,L
3859BB,F-WMXG,ZZZZ,,-0-,-
385ABB,F-WMXK,ZZZZ,,-0-,-
385BBB,F-WKVE,AT75,ATR-72-500,L2T,M
385DBB,F-WNUJ,AT72,ATR-72-202,L2T,M
3865BB,F-WGYP,EC30,AIRBUS HELICOPTERS EC-130,H1T,L
3867BB,F-CGKK,GLID,,L0-,-
386CBB,F-WILD,APM4,ISSOIRE APM-40 Simba,L1P,L
386DBB,F-PGRP,D11,JODEL D-11x/12x,L1P,L
386FBB,F-PGMS,LGEZ,RUTAN Long-EZ,L1P,L
3873BB,F-PTXP,D11,JODEL D-11x/12x,L1P,L
3877BB,F-WHUM,A320,AIRBUS A-320,L2J,M
3878BB,F-CFAS,GLID,,L0-,-
387ABB,F-PHSV,MCR4,DYNAERO MCR-2/4,L1P,L
387EBB,F-PEVJ,D11,JODEL D-11x/12x,L1P,L
3880BB,F-PMMR,DR10,CENTRE EST Ambassadeur,L1P,L
3883BB,F-AZMX,O1,CESSNA 305/341 Bird Dog,L1P,L
3889BB,F-PGTE,D11,JODEL D-11x/12x,L1P,L
388BBB,F-PREM,RV8,VANS RV-8,L1P,L
388CBB,F-WZFD,A359,AIRBUS A-350-900,L2J,H
388DBB,F-WZFG,A359,AIRBUS A-350-900,L2J,H
388FBB,F-WZFV,A359,AIRBUS A-350-900,L2J,H
3891BB,F-HVRC,PNR3,ALPI Pioneer 330,L1P,L
3892BB,F-WZGB,A359,AIRBUS A-350-900,L2J,H
3894BB,F-WZGR,A359,AIRBUS A-350-900,L2J,H
3895BB,F-WZGZ,A359,AIRBUS A-350-900,L2J,H
3896BB,F-WTAY,ZZZZ,,-0-,-
3898BB,F-PJLE,D140,JODEL D-140 Mousquetaire,L1P,L
3899BB,F-POSS,RV7,VANS RV-7,L1P,L
389BBB,F-WZHG,A359,AIRBUS A-350-900,L2J,H
389EBB,F-WZNF,A359,AIRBUS A-350-900,L2J,H
389FBB,F-WZNO,A359,AIRBUS A-350-900,L2J,H
38A3BB,F-PFIM,MCR1,COLOMBAN Ban-Bi,L1P,L
38AABB,F-WTBH,ZZZZ,,-0-,-
38ADBB,F-CILF,GLID,,L0-,-
38AEBB,F-COOL,GLID,,L0-,-
38B6BB,F-WSYZ,GYRO,,G0-,-
38BDBB,F-PTDF,F8L,AEROMERE F-8L Falco,L1P,L
38BEBB,F-PALC,CH30,ZENAIR CH-300 Tri-Zenith,L1P,L
38BFBB,F-PSRA,MCR4,DYNAERO MCR-2/4,L1P,L
38C0BB,F-WXAK,A320,AIRBUS A-320,L2J,M
38C2BB,F-COMB,GLID,,L0-,-
38C6BB,F-AZLT,MS76,MORANE-SAULNIER MS-760 Paris,L2J,L
38D1BB,F-WXAZ,A21N,AIRBUS A-321neo,L2J,M
38D2BB,F-WXAS,A320,AIRBUS A-320,L2J,M
38D4BB,F-WZMD,A21N,AIRBUS A-321neo,L2J,M
38D5BB,F-WZML,A21N,AIRBUS A-321neo,L2J,M
38D6BB,F-WZMT,A21N,AIRBUS A-321neo,L2J,M
38D9BB,F-CHAI,GLID,,L0-,-
38DABB,F-PKOK,RV8,VANS RV-8,L1P,L
38DBBB,F-CHMT,GLID,,L0-,-
38DCBB,F-PCBN,D11,JODEL D-11x/12x,L1P,L
38DDBB,F-PMDV,ZZZZ,,-0-,-
38E3BB,F-CHVB,LK17,SPORTINE AVIACIJA LAK-17AT,L1P,L
38E5BB,F-PATY,RV8,VANS RV-8,L1P,L
38E6BB,F-PCCE,ZZZZ,,-0-,-
38E9BB,F-CMHN,GLID,,L0-,-
38EABB,F-PVFB,RV8,VANS RV-8,L1P,L
38EBBB,F-PDFC,ZZZZ,,-0-,-
38F4BB,F-CVML,DISC,SCHEMPP-HIRTH Discus,L1P,L
38FBBB,F-PLDS,COZY,CO-Z Cozy,L1P,L
38FCBB,F-WBXL,A337,AIRBUS A-330-700 Beluga XL,L2J,H
38FEBB,F-POSO,COZY,CO-Z Cozy,L1P,L
38FFBB,F-PLEM,MCR1,COLOMBAN Ban-Bi,L1P,L
3901BB,F-WTBV,ZZZZ,,-0-,-
3902BB,F-PVBT,DR10,CENTRE EST Ambassadeur,L1P,L
3903BB,F-WTBZ,ZZZZ,,-0-,-
3907BB,F-PANI,RV7,VANS RV-7,L1P,L
3908BB,F-PBEM,RV8,VANS RV-8,L1P,L
390EBB,F-AZEG,CORS,CHANCE VOUGHT F4U Corsair,L1P,M
3914BB,F-PJEM,RV14,VANS RV-14,L1P,L
391EBB,F-CPLS,LS8,ROLLADEN-SCHNEIDER LS-8T,L1P,L
3920BB,F-WTBI,ZZZZ,,-0-,-
3921BB,F-CIVY,AS21,SCHLEICHER ASK-21,L1P,L
3927BB,F-CHAX,AS25,SCHLEICHER ASH-25,L1P,L
3928BB,F-PVMH,CB1,HATZ CB-1 Classic,L1P,L
392CBB,F-PMBA,ZZZZ,,-0-,-
392DBB,F-PXCN,RV8,VANS RV-8,L1P,L
3933BB,F-PJLB,VEZE,RUTAN VariEze,L1P,L
3935BB,F-PYKB,ZZZZ,,-0-,-
3937BB,F-CHFI,GLID,,L0-,-
393DBB,F-CTMS,GLID,,L0-,-
3945BB,F-PKMF,D11,JODEL D-11x/12x,L1P,L
3946BB,F-WAAD,GLF2,GULFSTREAM 2,L2J,M
394BBB,F-PYJV,ZZZZ,,-0-,-
3951BB,F-CGQL,JANU,SCHEMPP-HIRTH Janus,L1P,L
3957BB,F-PYQY,D11,JODEL D-11x/12x,L1P,L
3959BB,F-CAGY,GLID,,L0-,-
395CBB,F-WXLR,A21N,AIRBUS A-321neo,L2J,M
3960BB,F-CLIC,GLID,,L0-,-
3961BB,F-PGCI,ZZZZ,,-0-,-
3962BB,F-AZUY,GC1,GLOBE Swift,L1P,L
3AABBB,F-MDAJ,PUMA,AEROSPATIALE SA-330 Puma,H2T,L
3B76BB,F-RAWE,AS55,AEROSPATIALE AS-355 Ecureuil 2,H2T,L
3C08BB,D-ASHY,CL60,BOMBARDIER CL-600 Challenger,L2J,M
3C1CBB,D-AZWW,A21N,AIRBUS A-321neo,L2J,M
3CCDBB,D-CFFF,C56X,CESSNA 560XL Citation XLS,L2J,M
3D04BB,D-EAAT,B209,MBB BO-209 Monsun,L1P,L
3D05BB,D-EAKP,P28A,PIPER PA-28-140/150/160/180,L1P,L
3D08BB,D-EBOD,C152,CESSNA 152,L1P,L
3D09BB,D-EBXZ,BE33,BEECH 33 Bonanza,L1P,L
3D0BBB,D-ECRR,PULS,Pulsar,L1P,L
3D0EBB,D-EDVF,M20P,MOONEY M-20,L1P,L
3D0FBB,D-EEFB,SV4,NORD SV-4,L1P,L
3D13BB,D-EFSL,C182,CESSNA 182 Skylane,L1P,L
3D14BB,D-EGCH,CH7B,BELLANCA 7 Citabria,L1P,L
3D15BB,D-EGMD,C172,CESSNA 172 Skyhawk,L1P,L
3D16BB,D-EGVZ,DR40,ROBIN DR-400,L1P,L
3D17BB,D-EHFV,C182,CESSNA 182 Skylane,L1P,L
3D18BB,D-EHPR,P32R,PIPER PA-32R-300/301/301T,L1P,L
3D1ABB,D-EIJJ,C152,CESSNA 152,L1P,L
3D21BB,D-ELAH,GY80,DAHER-SOCATA GY-80 Horizon,L1P,L
3D22BB,D-ELKD,PA46,PIPER PA-46-310/350,L1P,L
3D23BB,D-ELTZ,C210,CESSNA 201 Centurion,L1P,L
3D24BB,D-EMDV,ST75,STEARMAN Kaydet,L1P,L
3D28BB,D-ENRF,DA40,DIAMOND DA-40 Club Star,L1P,L
3D2CBB,D-EPEP,P28A,PIPER PA-28-140/150/160/180,L1P,L
3D32BB,D-ERLR,BE33,BEECH 33 Bonanza,L1P,L
3D37BB,D-ETIX,P28A,PIPER PA-28-140/150/160/180,L1P,L
3D38BB,D-ETST,C182,CESSNA 182 Skylane,L1P,L
3D3ABB,D-EUML,C182,CESSNA 182 Skylane,L1P,L
3D3BBB,D-EUWH,E300,EXTRA EA-300/330/350,L1P,L
3D3FBB,D-EWJR,SR22,CIRRUS SR-22,L1P,L
3D43BB,D-EXXB,P28R,PIPER PA-28R-180/200/201,L1P,L
3D46BB,D-EZAP,C152,CESSNA 152,L1P,L
3DD7BB,D-HBYH,EC35,AIRBUS HELICOPTERS EC-135/635,H2T,L
3DE0BB,D-HFIX,AS50,AEROSPATIALE AS-350 Ecureuil,H1T,L
3DF4BB,D-HMXV,B06,BELL 206 JetRanger,H1T,L
3E4BBB,D-ITWL,C425,CESSNA 425 Corsair,L2T,L
3E5DBB,D-KARR,GLID,,L0-,-
3E60BB,D-KBVF,DG80,DG FLUGZEUGBAU DG-800,L1P,L
3E61BB,D-KCFB,GLID,,L0-,-
3E6DBB,D-KGTF,DIMO,DIAMOND H-36 Dimona,L1P,L
3E6EBB,D-KHDB,VENT,SCHEMPP-HIRTH Ventus,L1P,L
3E71BB,D-KIGP,AS26,SCHLEICHER ASH-26,L1P,L
3E76BB,D-KKDV,VENT,SCHEMPP-HIRTH Ventus,L1P,L
3E79BB,D-KLHJ,DISC,SCHEMPP-HIRTH Discus,L1P,L
3ECABB,D-KRST,S10S,STEMME S-10 Chrysalis,L1P,L
3ECDBB,D-KSWH,VENT,SCHEMPP-HIRTH Ventus,L1P,L
3EE8BB,D-2084,VENT,SCHEMPP-HIRTH Ventus,L1P,L
3EE9BB,D-2340,GLID,,L0-,-
3EEABB,D-2596,GLID,,L0-,-
3F03BB,D-8996,GLID,,L0-,-
3F88BB,74+53,TIGR,AIRBUS HELICOPTERS EC-665 Tiger,H2T,L
3FCABB,D-OOFB,BALL,,B0-,-
3FEABB,D-MWEK,WT9,AEROSPOOL WT-9 Dynamic,L1P,L
3FEBBB,D-MOSI,UF13,URBAN UFM-13 Lambada,L1P,L
3FECBB,D-MCMB,FDCT,FLIGHT DESIGN CT,L1P,L
3FEEBB,D-MKHW,ULAC,,L0-,-
3FF0BB,D-MMWT,GYRO,,G0-,-
3FF1BB,D-MASP,PNR3,ALPI Pioneer 330,L1P,L
3FF2BB,D-MTEZ,C42,IKARUS C-42 Bison,L1P,L
3FF3BB,D-MZTH,FA04,FLAEMING AIR FA-04,L1P,L
3FF4BB,D-MVHR,C42,IKARUS C-42 Bison,L1P,L
4005BB,G-VIIC,B772,BOEING 777-200,L2J,H
4007BB,G-TBAE,B462,BRITISH AEROSPACE 146-200 Quiet Trader,L4J,M
400BBB,G-GRYZ,BE33,BEECH 33 Bonanza,L1P,L
400CBB,G-JREE,M7,MAULE M-7,L1P,L
400DBB,G-GOAC,PA34,PIPER PA-34 Seneca,L2P,L
400EBB,G-BYWF,G115,GROB G-115,L1P,L
400FBB,G-BMKD,BE9L,BEECH 90 King Air,L2T,L
4010BB,G-MEEP,R44,ROBINSON R-44 Raven,H1P,L
4012BB,G-VICC,P28A,PIPER PA-28-140/150/160/180,L1P,L
4015BB,G-ASFX,D31,ROLLASON D-31 Turbulent,L1P,L
4016BB,G-MFAC,C172,CESSNA 172 Skyhawk,L1P,L
4017BB,G-AWPJ,C150,CESSNA 150,L1P,L
4018BB,G-RKKT,C172,CESSNA 172 Skyhawk,L1P,L
401BBB,G-BPAL,DHC1,DE HAVILLAND DHC-1 Chipmunk,L1P,L
401CBB,G-BEZK,C172,CESSNA 172 Skyhawk,L1P,L
401DBB,G-BGMR,GY20,CAB GY-20 Minicab,L1P,L
4021BB,G-EWIZ,PTS2,PITTS S-2 Special,L1P,L
4024BB,G-AAEG,DH60,DE HAVILLAND DH-60 Moth,L1P,L
4025BB,G-GANE,F8L,AEROMERE F-8L Falco,L1P,L
4028BB,G-BNHT,RF3,FOURNIER RF-3,L1P,L
402BBB,G-MVBZ,ULAC,,L0-,-
402CBB,G-ISMO,R22,ROBINSON R-22 Mariner,H1P,L
4032BB,G-BSWC,ST75,STEARMAN Kaydet,L1P,L
4033BB,G-OMAS,C150,CESSNA 150,L1P,L
4034BB,G-OAHC,BE33,BEECH 33 Bonanza,L1P,L
4035BB,G-MYBA,COY2,RANS Coyote 2,L1P,L
4036BB,G-BUOB,ULAC,,L0-,-
403ABB,G-ISDB,P28A,PIPER PA-28-140/150/160/180,L1P,L
403BBB,G-BWNT,DHC1,DE HAVILLAND DHC-1 Chipmunk,L1P,L
403EBB,G-OWAP,P28A,PIPER PA-28-140/150/160/180,L1P,L
403FBB,G-BXVU,P28A,PIPER PA-28-140/150/160/180,L1P,L
4040BB,G-ONGC,DR40,ROBIN DR-400,L1P,L
4042BB,G-BZAP,JABI,Jabiru J120,L1P,L
404CBB,G-CDDA,TB20,SOCATA TB-20 Trinidad,L1P,L
404EBB,G-CDSM,ULAC,,L0-,-
404FBB,G-CDYD,C42,IKARUS C-42 Bison,L1P,L
4050BB,G-TLDL,ULAC,,L0-,-
4054BB,G-DCYA,GLID,,L0-,-
4055BB,G-TGTT,R44,ROBINSON R-44 Raven,H1P,L
4057BB,G-DBYU,GLID,,L0-,-
4059BB,G-CHTB,GLID,,L0-,-
405ABB,G-CFDJ,EV97,EVEKTRO EV-97 EuroStar,L1P,L
405EBB,G-CJSV,GLID,,L0-,-
4060BB,G-CFZI,SVNH,AEROTEC Savannah,L1P,L
4061BB,G-DEFS,GLID,,L0-,-
4063BB,G-CGNN,GYRO,,G0-,-
4064BB,G-GDFC,B738,BOEING 737-800,L2J,M
4069BB,G-TRLL,ULAC,,L0-,-
406ABB,G-TFRA,C525,CESSNA 525 CitationJet,L2J,L
406BBB,G-EUYY,A320,AIRBUS A-320,L2J,M
406CBB,G-KIMI,P46T,PIPER PA-46-500TP,L1T,L
406DBB,G-CIMN,CH75,ZENAIR CH-750 Cruzer,L1P,L
406EBB,G-SPCM,M20T,MOONEY M-20T,L1P,L
406FBB,G-CIWN,BALL,,B0-,-
4071BB,G-IRTY,SPIT,SUPERMARINE Spitfire,L1P,L
4072BB,G-CJXF,SKRA,BEST OFF Sky Ranger,L1P,L
4074BB,G-SUEM,DA42,DIAMOND DA-42 Guardian,L2P,L
4075BB,G-DRTF,B738,BOEING 737-800,L2J,M
4076BB,G-GNMM,A109,AGUSTA AW-109 Grand,H2T,L
4077BB,G-DRTW,B738,BOEING 737-800,L2J,M
4078BB,G-KADS,VENT,SCHEMPP-HIRTH Ventus,L1P,L
407CBB,G-ZOLA,DA42,DIAMOND DA-42 Guardian,L2P,L
407DBB,G-LUAS,F260,AERMACCHI SF-260,L1P,L
4241BB,VP-CAL,B77L,BOEING 777-200LR,L2J,H
4244BB,VQ-BLT,B738,BOEING 737-800,L2J,M
4249BB,VQ-BIJ,F2TH,DASSAULT Falcon 2000,L2J,M
424BBB,M-ODUS,FA50,DASSAULT Falcon 50,L3J,M
43C1BB,ZD744,TOR,PANAVIA Tornado,L2J,M
43C4BB,ZA681,H47,BOEING-VERTOL CH-47 Chinook,H2T,M
43C5BB,ZJ646,AJET,DASSAULT-DORNIER Alpha Jet,L2J,M
43C6BB,ZZ398,LYNX,AGUSTAWESTLAND AW-159 Super Lynx,H2T,L
43C8BB,ZM308,G12T,GROB G-120TP,L1T,L
43E8BB,M-RKAY,PRM1,RAYTHEON 390 Premier 1,L2J,L
43EDBB,2-VYFG,B738,BOEING 737-800,L2J,M
4400BB,OE-AEL,DV20,DIAMOND DA-20,L1P,L
4402BB,OE-KKK,TAMP,SOCATA TB-9 Tampico,L1P,L
4403BB,OE-ICB,A320,AIRBUS A-320,L2J,M
4407BB,OE-ICQ,GLF5,GULFSTREAM 5,L2J,M
4408BB,OE-XLE,H269,HUGHES Sky Knight,H1P,L
440CBB,OE-CHN,A210,AQUILA A-210,L1P,L
4702BB,HA-BAX,S22T,CIRRUS SR-22T Turbo,L1P,L
473FBB,HA-YDN,SG92,TECHNOAVIA Turbo Finist,L1T,L
4785BB,LN-NEZ,DA40,DIAMOND DA-40 Club Star,L1P,L
47A3BB,LN-OOO,EC45,AIRBUS HELICOPTERS EC-145,H2T,L
47C2BB,LN-GCN,DG1T,DG FLUGZEUGBAU DG-1001T,L1P,L
4840BB,PJ-EZR,BN2P,BRITTEN-NORMAN BN-2 Islander,L2P,L
4843BB,PH-ELP,EC35,AIRBUS HELICOPTERS EC-135/635,H2T,L
4845BB,PH-4B7,WT9,AEROSPOOL WT-9 Dynamic,L1P,L
484ABB,PH-TYD,P28A,PIPER PA-28-140/150/160/180,L1P,L
484BBB,PH-934,GLID,,L0-,-
484CBB,PH-BVG,B77W,BOEING 777-300ER,L2J,H
484DBB,PH-236,GLID,,L0-,-
484FBB,PH-ODR,BALL,,B0-,-
4850BB,P4-GVV,GLF5,GULFSTREAM 5,L2J,M
4851BB,PH-1560,GLID,,L0-,-
4853BB,PH-1OX,ZZZZ,,-0-,-
4854BB,PH-1UC,ZZZZ,,-0-,-
4855BB,PH-2IL,ZZZZ,,-0-,-
4856BB,PH-2OJ,ZZZZ,,-0-,-
49C0BB,OK-SUV51,FAET,ATEC 321 Faeta,L1P,L
49D0BB,OK-ELA,C172,CESSNA 172 Skyhawk,L1P,L
49D2BB,OK-PCE,PC12,PILATUS PC-12,L1T,L
49D3BB,OK-IMC,DA62,DIAMOND DA-62,L2P,L
49D4BB,OK-APP,SIRA,TECNAM P-2002 Sierra,L1P,L
4A7FBB,YR-7799,ECHO,TECNAM P-92 Echo,L1P,L
4B04BB,HB-BUP,BALL,,B0-,-
4B08BB,HB-DHZ,M20T,MOONEY M-20T,L1P,L
4B14BB,HB-HWD,PC21,PILATUS PC-21,L1T,L
4B16BB,HB-IPV,A319,AIRBUS A-319,L2J,M
4B18BB,HB-JJN,A320,AIRBUS A-320,L2J,M
4B19BB,HB-JTJ,F900,DASSAULT Falcon 900,L3J,M
4B1ABB,HB-KDF,M7,MAULE M-7,L1P,L
4B1EBB,HB-LQP,PAY1,PIPER PA-31T1-500 Cheyenne 1,L2T,L
4B20BB,HB-MKH,BU33,BUCKER Bu-133 Jungmeister,L1P,L
4B22BB,HB-NDZ,AC11,NORTH AMERICAN ROCKWELL Commander 112/114,L1P,L
4B25BB,HB-OHN,P28A,PIPER PA-28-140/150/160/180,L1P,L
4B27BB,HB-PBF,P28R,PIPER PA-28R-180/200/201,L1P,L
4B2ABB,HB-QET,BALL,,B0-,-
4B33BB,HB-TPJ,C206,CESSNA  206 Stationair,L1P,L
4B3ABB,HB-WGH,GYRO,,G0-,-
4B3CBB,HB-WZZ,PIVI,PIPSTREL Virus,L1P,L
4B3FBB,HB-YDN,ZZZZ,,-0-,-
4B40BB,HB-YNJ,LEG2,LANCAIR Legacy,L1P,L
4B4BBB,HB-1812,GLID,,L0-,-
4B4CBB,HB-2068,DG40,DG FLUGZEUGBAU DG-400,L1P,L
4B4DBB,HB-2324,DIMO,DIAMOND H-36 Dimona,L1P,L
4B51BB,HB-3348,GLID,,L0-,-
4B7FBB,A-929,PC7,PILATUS PC-7 Astra,L1T,L
4CA6BB,EI-WXA,RJ85,AVRO RJ-85 Avroliner,L4J,M
4CA7BB,EI-EES,ELA7,ELA AVIACION ELA-7,G1P,L
4CA8BB,EI-FPP,CRJ9,BOMBARDIER Regional Jet CRJ-900,L2J,M
4CA9BB,EI-LRB,A21N,AIRBUS A-321neo,L2J,M
4CAABB,EI-GRI,SVNH,AEROTEC Savannah,L1P,L
4CABBB,EI-GUH,A320,AIRBUS A-320,L2J,M
4CAFBB,EI-GGO,A332,AIRBUS A-330-200,L2J,H
4CC4BB,TF-IFE,SIRA,TECNAM P-2002 Sierra,L1P,L
4D22BB,9H-LMB,A320,AIRBUS A-320,L2J,M
4D23BB,9H-MMO,A320,AIRBUS A-320,L2J,M
5000BB,T7-MRF,A320,AIRBUS A-320,L2J,M
5001BB,T7-CPX,GLF4,GULFSTREAM 4,L2J,M
501FBB,232,H60,SIKORSKY UH-60 Black Hawk,H2T,M
503CBB,LY-CHF,B733,BOEING 737-300,L2J,M
504DBB,SERV,SERV,,V0-,-
505CBB,OM-S575,VL3,AVEKO Flamingo,L1P,L
505FBB,5251,L39,LET L-39 Albatros,L1J,L
5080BB,UR-CZZ,AN12,ANTONOV An-12,L4T,M
5081BB,UR-DNL,E145,EMBRAER ERJ-145,L2J,M
5110BB,ES-LSE,SF34,SAAB 340,L2T,M
6830BB,UP-CS301,C25B,CESSNA 525B Citation CJ3,L2J,L
7100BB,HZ-AQ17,A333,AIRBUS A-330-300,L2J,H
7103BB,HZ-A15,A320,AIRBUS A-320,L2J,M
7105BB,HZ-NS27,A20N,AIRBUS A-320neo,L2J,M
7502BB,9M-PEC,B429,BELL 429 GlobalRanger,H2T,L
7585BB,RP-C1628,B350,BEECHCRAFT Super King Air 350,L2T,M
7800BB,B-5214,B737,BOEING 737-700,L2J,M
7801BB,B-LDA,A306,AIRBUS A-300-600,L2J,H
7802BB,B-1867,A320,AIRBUS A-320,L2J,M
7804BB,B-5398,B738,BOEING 737-800,L2J,M
7805BB,B-6600,A320,AIRBUS A-320,L2J,M
7807BB,B-2080,B77L,BOEING 777-200LR,L2J,H
7809BB,B-9901,A320,AIRBUS A-320,L2J,M
780ABB,B-LRP,A359,AIRBUS A-350-900,L2J,H
780BBB,B-9985,A320,AIRBUS A-320,L2J,M
780CBB,B-5958,A333,AIRBUS A-330-300,L2J,H
780DBB,B-1659,A320,AIRBUS A-320,L2J,M
780EBB,B-8167,A321,AIRBUS A-321,L2J,M
780FBB,B-7873,B738,BOEING 737-800,L2J,M
7810BB,B-8799,A321,AIRBUS A-321,L2J,M
7812BB,B-1031,A320,AIRBUS A-320,L2J,M
7813BB,B-1091,A21N,AIRBUS A-321neo,L2J,M
7814BB,B-1179,B38M,BOEING 737 MAX 8,L2J,M
7815BB,B-105G,C172,CESSNA 172 Skyhawk,L1P,L
7817BB,B-30AP,A20N,AIRBUS A-320neo,L2J,M
781BBB,B-12AL,SR20,CIRRUS SR-20,L1P,L
781DBB,B-729T,C172,CESSNA 172 Skyhawk,L1P,L
781EBB,B-222V,B77L,BOEING 777-200LR,L2J,H
7BB0BB,B-2693,B738,BOEING 737-800,L2J,M
7C0ABB,VH-CEL,BT36,BEECH B36TC Bonanza,L1P,L
7C0BBB,VH-CLP,COL4,CESSNA 400 Corvalis TT,L1P,L
7C0CBB,VH-CST,RV4,VANS RV-4,L1P,L
7C15BB,VH-EKT,SF34,SAAB 340,L2T,M
7C1ABB,VH-FKD,F100,FOKKER 100,L2J,M
7C1CBB,VH-FYL,RV10,VANS RV-10,L1P,L
7C23BB,VH-HCD,C182,CESSNA 182 Skylane,L1P,L
7C24BB,VH-HJH,PA31,PIPER PA-31-300/310/325/350/425,L2P,L
7C25BB,VH-HQL,EC30,AIRBUS HELICOPTERS EC-130,H1T,L
7C28BB,VH-IBX,P28A,PIPER PA-28-140/150/160/180,L1P,L
7C2EBB,VH-JIL,C210,CESSNA 201 Centurion,L1P,L
7C35BB,VH-KWD,C172,CESSNA 172 Skyhawk,L1P,L
7C37BB,VH-LAL,GLF6,GULFSTREAM G650,L2J,M
7C42BB,VH-NGT,TB20,SOCATA TB-20 Trinidad,L1P,L
7C43BB,VH-NNX,R22,ROBINSON R-22 Mariner,H1P,L
7C48BB,VH-ONH,C182,CESSNA 182 Skylane,L1P,L
7C4CBB,VH-PFX,PTS1,PITTS S-1 Special,L1P,L
7C5CBB,VH-SLP,PA30,PIPER PA-30 Twin Comanche,L2P,L
7C62BB,VH-TSD,C206,CESSNA  206 Stationair,L1P,L
7C63BB,VH-TZH,C402,CESSNA 402 Businessliner,L2P,L
7C6BBB,VH-VKD,B788,BOEING 787-8 Dreamliner,L2J,H
7C6CBB,VH-VRH,RV9,VANS RV-9,L1P,L
7C6DBB,VH-VYL,B738,BOEING 737-800,L2J,M
7C77BB,VH-XXP,C182,CESSNA 182 Skylane,L1P,L
7C79BB,VH-YBX,DA42,DIAMOND DA-42 Guardian,L2P,L
7CC3BB,24-8566,NG5,BRM AERO NG-5/6 Bristell,L1P,L
7CC4BB,23-5595,ALTO,DIRECT FLY Alto,L1P,L
8001BB,VT-NJB,C25A,CESSNA 525A Citation CJ2,L2J,L
800BBB,VT-ARC,F2TH,DASSAULT Falcon 2000,L2J,M
800CBB,VT-RKJ,AT76,ATR-72-600,L2T,M
800DBB,K2693,AN32,ANTONOV An-32 Sutlej,L2T,M
8013BB,VT-IYX,AT76,ATR-72-600,L2T,M
8014BB,VT-IMH,A21N,AIRBUS A-321neo,L2J,M
845BBB,JA10GR,A139,AGUSTA AW-139,H2T,L
862CBB,JA6515,AS50,AEROSPATIALE AS-350 Ecureuil,H1T,L
8880BB,VN-8620,EC25,AIRBUS HELICOPTERS EC-225/725,H2T,M
8881BB,VN-B220,AT75,ATR-72-500,L2T,M
8940BB,A9C-DHW,B763,BOEING 767-300,L2J,H
8963BB,A6-FEY,B738,BOEING 737-800,L2J,M
8964BB,A6-BLK,B789,BOEING 787-9 Dreamliner,L2J,H
8980BB,P2-ATR,AT76,ATR-72-600,L2T,M
8990BB,B-58202,A21N,AIRBUS A-321neo,L2J,M
8A03BB,PK-GRJ,CRJX,BOMBARDIER Regional Jet CRJ-1000,L2J,M
8A05BB,PK-GAM,AT76,ATR-72-600,L2T,M
8A06BB,PK-NYT,AT76,ATR-72-600,L2T,M
8A07BB,P-8001,BE40,BEECH 400 Beechjet,L2J,M
A001BB,N1TR,B350,BEECHCRAFT Super King Air 350,L2T,M
A002BB,N10DW,RV9,VANS RV-9,L1P,L
A003BB,N10QB,PA31,PIPER PA-31-300/310/325/350/425,L2P,L
A004BB,N100AG,H25B,HAWKER BEECHCRAFT Hawker 750/850,L2J,M
A005BB,N100LN,DRON,,D0-,-
A007BB,N1005,SSTL,JUST JA30 SuperSTOL,L1P,L
A009BB,N101PL,PA23,PIPER PA-23,L2P,L
A00ABB,N101ZS,,,,
A00BBB,N1017C,M20P,MOONEY M-20,L1P,L
A00DBB,N102SJ,C172,CESSNA 172 Skyhawk,L1P,L
A00EBB,N10215,G164,GRUMMAN G-164 Ag-Cat,L1P,L
A010BB,N103KA,BE30,BEECH 300 Super King Air,L2T,L
A017BB,N105ER,NAVI,NORTH AMERICAN Navion,L1P,L
A01ABB,N1058D,C190,CESSNA 190,L1P,L
A01BBB,N106HP,P28A,PIPER PA-28-140/150/160/180,L1P,L
A01DBB,N10626,P40,CURTISS P-40 Kittyhawk,L1P,L
A01EBB,N107AF,C72R,CESSNA 172R Cutlass RG,L1P,L
A01FBB,N107LM,ULAC,,L0-,-
A021BB,N10749,C150,CESSNA 150,L1P,L
A023BB,N108PK,,,,
A026BB,N109GB,G109,GROB G-109,L1P,L
A02ABB,N11K,P28A,PIPER PA-28-140/150/160/180,L1P,L
A02BBB,N11VF,RV14,VANS RV-14,L1P,L
A02CBB,N110FL,SR22,CIRRUS SR-22,L1P,L
A02EBB,N1101N,H500,HUGHES 500,H1T,L
A032BB,N1113R,GLF6,GULFSTREAM G650,L2J,M
A033BB,N112BA,VO10,NORTH AMERICAN ROCKWELL Commander 100,L1P,L
A034BB,N112MG,VO10,NORTH AMERICAN ROCKWELL Commander 100,L1P,L
A03BBB,N114GX,,,,
A03CBB,N114TC,AC11,NORTH AMERICAN ROCKWELL Commander 112/114,L1P,L
A03DBB,N1142P,RV6,VANS RV-6,L1P,L
A03EBB,N11490,WACF,WACO F,L1P,L
A040BB,N115WA,E110,EMBRAER EMB-110 Bandeirante,L2T,L
A045BB,N1166V,C172,CESSNA 172 Skyhawk,L1P,L
A048BB,N1171M,M20P,MOONEY M-20,L1P,L
A04ABB,N118JH,MUS2,BUSHBY M-2 Mustang 2,L1P,L
A04CBB,N1183Q,T210,CESSNA T210 Turbo Centurion,L1P,L
A04EBB,N119MF,B407,BELL 407,H1T,L
A050BB,N1195T,BE36,BEECH 36 Bonanza,L1P,L
A051BB,N12DY,PTMS,PITTS S-12 Super Stinker,L1P,L
A053BB,N120AJ,EC20,AIRBUS HELICOPTERS EC-120,H1T,L
A055BB,N120WW,P46T,PIPER PA-46-500TP,L1T,L
A056BB,N1205B,C210,CESSNA 201 Centurion,L1P,L
A05EBB,N1229H,AR15,AERONCA 15 Sedan,L1P,L
A05FBB,N123KC,P32R,PIPER PA-32R-300/301/301T,L1P,L
A060BB,N123VJ,C182,CESSNA 182 Skylane,L1P,L
A065BB,N1246C,C177,CESSNA  177 Cardinal,L1P,L
A066BB,N125ET,C310,CESSNA 310,L2P,L
A069BB,N1258F,T206,CESSNA T206 Turbo Stationair,L1P,L
A06ABB,N126HR,GLF5,GULFSTREAM 5,L2J,M
A06CBB,N12628,,,,
A06DBB,N127AH,EC30,AIRBUS HELICOPTERS EC-130,H1T,L
A074BB,N1287D,COL4,CESSNA 400 Corvalis TT,L1P,L
A075BB,N129GD,E55P,EMBRAER EMB-505 Phenom 300,L2J,M
A077BB,N12916,C172,CESSNA 172 Skyhawk,L1P,L
A07EBB,N13081,C172,CESSNA 172 Skyhawk,L1P,L
A07FBB,N131JL,BN2P,BRITTEN-NORMAN BN-2 Islander,L2P,L
A080BB,N131US,M20P,MOONEY M-20,L1P,L
A081BB,N1313T,ZZZZ,,-0-,-
A082BB,N132BC,P28A,PIPER PA-28-140/150/160/180,L1P,L
A088BB,N1330N,C172,CESSNA 172 Skyhawk,L1P,L
A089BB,N1337Z,BE35,BEECH 35 Starfire Bonanza,L1P,L
A08CBB,N1342R,AA5,AMERICAN AA-5 Tiger,L1P,L
A08DBB,N13492,C172,CESSNA 172 Skyhawk,L1P,L
A08FBB,N135WC,C560,CESSNA 560 Citation Ultra,L2J,M
A090BB,N1354U,C172,CESSNA 172 Skyhawk,L1P,L
A091BB,N136CP,M7,MAULE M-7,L1P,L
A09CBB,N139BB,T210,CESSNA T210 Turbo Centurion,L1P,L
A09DBB,N139MH,EC35,AIRBUS HELICOPTERS EC-135/635,H2T,L
A09FBB,N1395V,COL4,CESSNA 400 Corvalis TT,L1P,L
A0A4BB,N140WY,C140,CESSNA 140,L1P,L
A0A9BB,N1417G,BE35,BEECH 35 Starfire Bonanza,L1P,L
A0AABB,N142GG,S22T,CIRRUS SR-22T Turbo,L1P,L
A0ACBB,N14219,B738,BOEING 737-800,L2J,M
A0B0BB,N1434B,L8,LUSCOMBE 8,L1P,L
A0B8BB,N1458H,T206,CESSNA T206 Turbo Stationair,L1P,L
A0BBBB,N1463,RV14,VANS RV-14,L1P,L
A0BDBB,N147LR,RV7,VANS RV-7,L1P,L
A0C0BB,N148DH,GLAS,Glasair,L1P,L
A0C8BB,N15KD,SR20,CIRRUS SR-20,L1P,L
A0CBBB,N150RW,C150,CESSNA 150,L1P,L
A0CCBB,N1501S,BE35,BEECH 35 Starfire Bonanza,L1P,L
A0CDBB,N15083,,,,
A0D2BB,N152ML,C150,CESSNA 150,L1P,L
A0D4BB,N1525Y,BALL,,B0-,-
A0DCBB,N15494,PA32,PIPER PA-32,L1P,L
A0E5BB,N157RV,RV7,VANS RV-7,L1P,L
A0E7BB,N15782,P28A,PIPER PA-28-140/150/160/180,L1P,L
A0E8BB,N158JM,RV8,VANS RV-8,L1P,L
A0EFBB,N16EB,BLKS,AIRCRAFT SPRUCE Baby Lakes,L1P,L
A0F1BB,N160AN,A321,AIRBUS A-321,L2J,M
A0F3BB,N160X,AC50,NORTH AMERICAN ROCKWELL Commander 500,L2P,L
A0F5BB,N161DL,SR22,CIRRUS SR-22,L1P,L
A0F6BB,N161PS,PTS2,PITTS S-2 Special,L1P,L
A0FBBB,N1622A,GLST,GLASAIR SH-4 GlaStar,L1P,L
A0FFBB,N1634D,C170,CESSNA 170,L1P,L
A103BB,N1646G,CH7B,BELLANCA 7 Citabria,L1P,L
A106BB,N16509,P28A,PIPER PA-28-140/150/160/180,L1P,L
A107BB,N1658K,L8,LUSCOMBE 8,L1P,L
A10BBB,N167AM,RV6,VANS RV-6,L1P,L
A10FBB,N168DK,C82T,CESSNA TR182 Turbo Skylane RG,L1P,L
A114BB,N169SP,BE95,BEECH 95 Travel Air,L2P,L
A115BB,N1692,COUG,ACRO SPORT Cougar,L1P,L
A116BB,N1699L,C82T,CESSNA TR182 Turbo Skylane RG,L1P,L
A117BB,N17KF,PA18,PIPER PA-18 Super Cub,L1P,L
A118BB,N17VM,BE35,BEECH 35 Starfire Bonanza,L1P,L
A11CBB,N17085,DC10,MCDONNELL DOUGLAS DC-10,L3J,H
A126BB,N1730S,C172,CESSNA 172 Skyhawk,L1P,L
A12ABB,N1742V,C172,CESSNA 172 Skyhawk,L1P,L
A12CBB,N175LA,AT8T,AIR TRACTOR AT-802,L1T,M
A133BB,N177FR,C177,CESSNA  177 Cardinal,L1P,L
A13BBB,N179MM,C170,CESSNA 170,L1P,L
A140BB,N180AQ,C180,CESSNA  180 Skywagon,L1P,L
A141BB,N180LW,C180,CESSNA  180 Skywagon,L1P,L
A142BB,N180XB,C180,CESSNA  180 Skywagon,L1P,L
A143BB,N1805H,P32R,PIPER PA-32R-300/301/301T,L1P,L
A144BB,N181DN,B763,BOEING 767-300,L2J,H
A146BB,N1810,,,,
A147BB,N1817L,BE36,BEECH 36 Bonanza,L1P,L
A148BB,N182GL,C82R,CESSNA R182 Skylane RG,L1P,L
A149BB,N182SS,C182,CESSNA 182 Skylane,L1P,L
A14ABB,N1822C,C182,CESSNA 182 Skylane,L1P,L
A14BBB,N1829P,PA22,PIPER PA-22,L1P,L
A153BB,N185EZ,LGEZ,RUTAN Long-EZ,L1P,L
A154BB,N185RE,C185,CESSNA 185 Skywagon,L1P,L
A155BB,N1851A,PA31,PIPER PA-31-300/310/325/350/425,L2P,L
A156BB,N1858M,C337,CESSNA 337 Super Skymaster,L2P,L
A15EBB,N188DM,SONX,SONEX AIRCRAFT Sonex,L1P,L
A15FBB,N188PT,EVOP,LANCAIR Evolution Piston,L1P,L
A163BB,N189SR,RV9,VANS RV-9,L1P,L
A165BB,N1899N,C120,CESSNA 120,L1P,L
A166BB,N19KH,C82T,CESSNA TR182 Turbo Skylane RG,L1P,L
A16ABB,N1901W,CL30,BOMBARDIER BD-100 Challenger 300,L2J,M
A16BBB,N19087,C150,CESSNA 150,L1P,L
A16CBB,N191JS,COZY,CO-Z Cozy,L1P,L
A172BB,N19252,,,,
A175BB,N1930U,RV4,VANS RV-4,L1P,L
A179BB,N1942X,P210,CESSNA P210 Centurion,L1P,L
A17ABB,N19498,CMAS,CESSNA C-165 Airmaster,L1P,L
A17BBB,N195LC,C195,CESSNA 195,L1P,L
A17FBB,N196PA,GLF2,GULFSTREAM 2,L2J,M
A18CBB,N19951,B789,BOEING 787-9 Dreamliner,L2J,H
A18DBB,N2EF,CASS,NATIONAL AERONAUTICS Cassutt 3M,L1P,L
A18EBB,N2QM,P337,CESSNA P337 Skymaster,L2P,L
A18FBB,N20AS,S22T,CIRRUS SR-22T Turbo,L1P,L
A190BB,N20LY,BALL,,B0-,-
A195BB,N201AA,C150,CESSNA 150,L1P,L
A197BB,N201WN,M20P,MOONEY M-20,L1P,L
A19ABB,N202PE,PC12,PILATUS PC-12,L1T,L
A19CBB,N20267,C172,CESSNA 172 Skyhawk,L1P,L
A19EBB,N203SC,PA30,PIPER PA-30 Twin Comanche,L2P,L
A19FBB,N2031Z,BE58,BEECH 58 Baron,L2P,L
A1A7BB,N20555,C172,CESSNA 172 Skyhawk,L1P,L
A1A8BB,N206EK,T206,CESSNA T206 Turbo Stationair,L1P,L
A1ADBB,N207TP,RV7,VANS RV-7,L1P,L
A1B2BB,N20843,C172,CESSNA 172 Skyhawk,L1P,L
A1B6BB,N20966,C182,CESSNA 182 Skylane,L1P,L
A1B7BB,N21FW,BE99,BEECH 99 Airliner,L2T,L
A1B8BB,N21SB,E50P,EMBRAER EMB-500 Phenom 100,L2J,L
A1BABB,N210NN,E75L,EMBRAER ERJ-170-200 (long wing),L2J,M
A1BCBB,N2106Q,DHC2,DE HAVILLAND DHC-2 Beaver,L1P,L
A1BFBB,N2111G,P28A,PIPER PA-28-140/150/160/180,L1P,L
A1C0BB,N2118T,P28R,PIPER PA-28R-180/200/201,L1P,L
A1C3BB,N2123K,P28A,PIPER PA-28-140/150/160/180,L1P,L
A1C4BB,N213AV,,,,
A1C5BB,N213MA,EXEC,ROTORWAY Exec,H1P,L
A1C7BB,N2135N,C140,CESSNA 140,L1P,L
A1C8BB,N214DT,C182,CESSNA 182 Skylane,L1P,L
A1C9BB,N214PZ,MI2,MIL Mi-2,H2T,L
A1CCBB,N215GR,RV8,VANS RV-8,L1P,L
A1D2BB,N2164L,BE9T,BEECH F90 King Air,L2T,L
A1D3BB,N217CF,DA40,DIAMOND DA-40 Club Star,L1P,L
A1D8BB,N218RK,C240,CESSNA 240 Corvalis TTx,L1P,L
A1D9BB,N2181F,T206,CESSNA T206 Turbo Stationair,L1P,L
A1DBBB,N219JB,EAGL,CHRISTEN Eagle,L1P,L
A1DEBB,N22AU,C25B,CESSNA 525B Citation CJ3,L2J,L
A1DFBB,N22M,C182,CESSNA 182 Skylane,L1P,L
A1E0BB,N22XF,CH60,ZENAIR CH-600 Zodiac,L1P,L
A1E3BB,N22023,L8,LUSCOMBE 8,L1P,L
A1E4BB,N221AC,PA31,PIPER PA-31-300/310/325/350/425,L2P,L
A1E7BB,N22146,C150,CESSNA 150,L1P,L
A1E8BB,N222DA,C560,CESSNA 560 Citation Ultra,L2J,M
A1E9BB,N222PG,BE55,BEECH 55 Baron,L2P,L
A1EABB,N222ZN,DRON,,D0-,-
A1EDBB,N223SE,,,,
A1F2BB,N22434,T210,CESSNA T210 Turbo Centurion,L1P,L
A1FABB,N2268,SA10,STOLP SA-100 Starduster,L1P,L
A1FEBB,N228AB,BE36,BEECH 36 Bonanza,L1P,L
A200BB,N228WP,MU2,MITSUBISHI MU-2 Marquise,L2T,L
A202BB,N229D,WW24,IAI 1124 Westwind,L2J,M
A203BB,N229PF,PIAT,PIPISTREL Alpha Trainer,L1P,L
A205BB,N22968,C123,FAIRCHILD C-123 Provider,L2P,M
A207BB,N23SD,B06,BELL 206 JetRanger,H1T,L
A20CBB,N231FG,M20P,MOONEY M-20,L1P,L
A20FBB,N2318V,C140,CESSNA 140,L1P,L
A212BB,N2323M,PA23,PIPER PA-23,L2P,L
A218BB,N234QA,C182,CESSNA 182 Skylane,L1P,L
A219BB,N2340G,C182,CESSNA 182 Skylane,L1P,L
A21BBB,N235GT,RALL,SOCATA Rallye,L1P,L
A21EBB,N2359W,BALL,,B0-,-
A21FBB,N236KR,GLF4,GULFSTREAM 4,L2J,M
A221BB,N2364N,PA38,PIPER PA-38 Tomahawk,L1P,L
A225BB,N2376R,C82S,CESSNA T182 Turbo Skylane,L1P,L
A227BB,N238RM,C25A,CESSNA 525A Citation CJ2,L2J,L
A229BB,N2388U,C172,CESSNA 172 Skyhawk,L1P,L
A231BB,N240TU,P06T,TECNAM P-2006T,L2P,L
A232BB,N24025,BE19,BEECH 19 Sport,L1P,L
A234BB,N241LL,SR20,CIRRUS SR-20,L1P,L
A235BB,N241WS,BE58,BEECH 58 Baron,L2P,L
A236BB,N24148,FNKB,FUNK B,L1P,L
A237BB,N242DC,Z42,ZLIN Z-42/142/242,L1P,L
A238BB,N242PJ,PC24,PILATUS PC-24,L2J,M
A23DBB,N24313,C152,CESSNA 152,L1P,L
A23EBB,N2439D,C82S,CESSNA T182 Turbo Skylane,L1P,L
A249BB,N2468B,C182,CESSNA 182 Skylane,L1P,L
A254BB,N2497,,,,
A257BB,N250CL,BE20,BEECH 200 Super King Air,L2T,M
A258BB,N250NS,BALL,,B0-,-
A25ABB,N2506U,C172,CESSNA 172 Skyhawk,L1P,L
A25DBB,N2511L,C172,CESSNA 172 Skyhawk,L1P,L
A25EBB,N2518X,C206,CESSNA  206 Stationair,L1P,L
A268BB,N2540J,ULAC,,L0-,-
A269BB,N2547V,C77R,CESSNA 177RG Cardinal RG,L1P,L
A26CBB,N2552M,PA12,PIPER PA-12 Super Cruiser,L1P,L
A26DBB,N2559Y,C172,CESSNA 172 Skyhawk,L1P,L
A26EBB,N256KT,UH1,BELL UH-1 Huey,H1T,L
A270BB,N2564Q,PARA,,P0-,-
A276BB,N258RP,BE58,BEECH 58 Baron,L2P,L
A277BB,N2581K,C180,CESSNA  180 Skywagon,L1P,L
A278BB,N2588W,M20P,MOONEY M-20,L1P,L
A27DBB,N26MD,C180,CESSNA  180 Skywagon,L1P,L
A282BB,N261AG,SH33,SHORT 330 Sherpa,L2T,M
A286BB,N262DE,FOX,KITFOX,L1P,L
A289BB,N2627C,C82R,CESSNA R182 Skylane RG,L1P,L
A28CBB,N26315,AR65,AERONCA 65 Super Chief,L1P,L
A28DBB,N2639F,C182,CESSNA 182 Skylane,L1P,L
A299BB,N267HP,C172,CESSNA 172 Skyhawk,L1P,L
A29BBB,N26726,J4,PIPER J-4 Cub Coupe,L1P,L
A29CBB,N268AF,T34P,BEECH T-34 Mentor,L1P,L
A2A0BB,N269DD,C172,CESSNA 172 Skyhawk,L1P,L
A2A3BB,N2697B,,,,
A2A4BB,N27GB,P32R,PIPER PA-32R-300/301/301T,L1P,L
A2A5BB,N27SH,RV9,VANS RV-9,L1P,L
A2A8BB,N270Z,CH20,ZENAIR CH-200 Zenith,L1P,L
A2A9BB,N2706W,M20P,MOONEY M-20,L1P,L
A2ACBB,N2711N,C335,CESSNA 335,L2P,L
A2B1BB,N273BA,A5,ICON A-5,A1P,L
A2B4BB,N2735U,C172,CESSNA 172 Skyhawk,L1P,L
A2B7BB,N2740L,C172,CESSNA 172 Skyhawk,L1P,L
A2B8BB,N2747X,C180,CESSNA  180 Skywagon,L1P,L
A2BABB,N275TC,BE36,BEECH 36 Bonanza,L1P,L
A2BBBB,N2752P,PA22,PIPER PA-22,L1P,L
A2BFBB,N2764S,C150,CESSNA 150,L1P,L
A2C0BB,N277CM,S22T,CIRRUS SR-22T Turbo,L1P,L
A2C1BB,N277NT,,,,
A2C4BB,N278FK,R22,ROBINSON R-22 Mariner,H1P,L
A2C8BB,N279JH,PA32,PIPER PA-32,L1P,L
A2C9BB,N279UP,MD11,MCDONNELL-DOUGLAS MD-11,L3J,H
A2CABB,N2793Q,P32R,PIPER PA-32R-300/301/301T,L1P,L
A2D0BB,N28029,P28A,PIPER PA-28-140/150/160/180,L1P,L
A2D1BB,N281AJ,EVOP,LANCAIR Evolution Piston,L1P,L
A2D4BB,N2815B,BALL,,B0-,-
A2D8BB,N2827E,CH7A,BELLANCA 7 Champion,L1P,L
A2DFBB,N2844,,,,
A2E3BB,N2856C,C170,CESSNA 170,L1P,L
A2E7BB,N2868F,C182,CESSNA 182 Skylane,L1P,L
A2EEBB,N2885A,P28A,PIPER PA-28-140/150/160/180,L1P,L
A2F0BB,N289PM,VEZE,RUTAN VariEze,L1P,L
A2F2BB,N2897D,BE35,BEECH 35 Starfire Bonanza,L1P,L
A2F3BB,N29GD,AC90,NORTH AMERICAN ROCKWELL Turbo Commander 690/840,L2T,L
A2FCBB,N29181,T206,CESSNA T206 Turbo Stationair,L1P,L
A301BB,N293MJ,C172,CESSNA 172 Skyhawk,L1P,L
A304BB,N294EA,MD87,MCDONNELL-DOUGLAS MD-87,L2J,M
A30ABB,N2952R,P28R,PIPER PA-28R-180/200/201,L1P,L
A30BBB,N29592,C177,CESSNA  177 Cardinal,L1P,L
A30FBB,N297CP,C172,CESSNA 172 Skyhawk,L1P,L
A310BB,N297NV,A320,AIRBUS A-320,L2J,M
A312BB,N2976X,CH7B,BELLANCA 7 Citabria,L1P,L
A313BB,N298FM,BE36,BEECH 36 Bonanza,L1P,L
A317BB,N299JK,FOX,KITFOX,L1P,L
A319BB,N2993S,C150,CESSNA 150,L1P,L
A31ABB,N3BB,P51,NORTH AMERICAN P-51 Mustang,L1P,L
A31BBB,N3MH,BE20,BEECH 200 Super King Air,L2T,M
A31DBB,N30HU,HUSK,CHRISTEN Husky,L1P,L
A31EBB,N30U,AC50,NORTH AMERICAN ROCKWELL Commander 500,L2P,L
A31FBB,N300EE,E55P,EMBRAER EMB-505 Phenom 300,L2J,M
A321BB,N3000S,BALL,,B0-,-
A322BB,N30073,ULAC,,L0-,-
A326BB,N30196,WACF,WACO F,L1P,L
A327BB,N302LA,MG15,MIKOYAN MiG-15,L1J,L
A329BB,N3024Y,C182,CESSNA 182 Skylane,L1P,L
A32ABB,N303CT,C210,CESSNA 201 Centurion,L1P,L
A32EBB,N304FR,A20N,AIRBUS A-320neo,L2J,M
A330BB,N3041T,C320,CESSNA 320 Skyknight,L2P,L
A331BB,N30484,C177,CESSNA  177 Cardinal,L1P,L
A333BB,N305UV,DRON,,D0-,-
A334BB,N3053W,BE33,BEECH 33 Bonanza,L1P,L
A336BB,N306MM,BALL,,B0-,-
A338BB,N3065Z,P28R,PIPER PA-28R-180/200/201,L1P,L
A33CBB,N30772,J3,PIPER J-3 Cub,L1P,L
A33DBB,N308HB,B06,BELL 206 JetRanger,H1T,L
A33FBB,N3082U,C172,CESSNA 172 Skyhawk,L1P,L
A34ABB,N311CA,C421,CESSNA 421 Executive Commuter,L2P,L
A351BB,N3128M,J3,PIPER J-3 Cub,L1P,L
A357BB,N314XA,B734,BOEING 737-400,L2J,M
A359BB,N315DM,C172,CESSNA 172 Skyhawk,L1P,L
A35EBB,N316SR,SREY,PROGRESSIVE AERODYNE SeaRey,A1P,L
A35FBB,N3162B,C170,CESSNA 170,L1P,L
A360BB,N3169N,,,,
A369BB,N319RD,PA46,PIPER PA-46-310/350,L1P,L
A36ABB,N3191,B407,BELL 407,H1T,L
A36BBB,N3198L,BE36,BEECH 36 Bonanza,L1P,L
A370BB,N3200U,C182,CESSNA 182 Skylane,L1P,L
A373BB,N321TL,M7,MAULE M-7,L1P,L
A375BB,N32198,P28A,PIPER PA-28-140/150/160/180,L1P,L
A378BB,N32240,UH1,BELL UH-1 Huey,H1T,L
A37CBB,N32363,P28A,PIPER PA-28-140/150/160/180,L1P,L
A380BB,N32486,P28A,PIPER PA-28-140/150/160/180,L1P,L
A387BB,N32651,,,,
A38EBB,N3282W,BALL,,B0-,-
A392BB,N3294Z,PA18,PIPER PA-18 Super Cub,L1P,L
A394BB,N33P,CH7A,BELLANCA 7 Champion,L1P,L
A3A1BB,N333HZ,DRON,,D0-,-
A3A4BB,N334AR,M20P,MOONEY M-20,L1P,L
A3A8BB,N335DP,R22,ROBINSON R-22 Mariner,H1P,L
A3ABBB,N3357M,PA12,PIPER PA-12 Super Cruiser,L1P,L
A3ADBB,N336ST,TL20,TL ULTRALIGHT TL-2000 Sting,L1P,L
A3B0BB,N337KK,FDCT,FLIGHT DESIGN CT,L1P,L
A3B1BB,N337VR,VR7,VASHON Ranger R7,L1P,L
A3B2BB,N3374G,NAVI,NORTH AMERICAN Navion,L1P,L
A3BBBB,N34HY,HUSK,CHRISTEN Husky,L1P,L
A3BFBB,N3400W,PA32,PIPER PA-32,L1P,L
A3C0BB,N34077,C77R,CESSNA 177RG Cardinal RG,L1P,L
A3C3BB,N3412Z,PA22,PIPER PA-22,L1P,L
A3C4BB,N342,ERCO,AIR PRODUCTS F-1 Aircoupe,L1P,L
A3C7BB,N34242,C177,CESSNA  177 Cardinal,L1P,L
A3C9BB,N343PC,PA18,PIPER PA-18 Super Cub,L1P,L
A3CDBB,N344SA,R44,ROBINSON R-44 Raven,H1P,L
A3CFBB,N34488,AR65,AERONCA 65 Super Chief,L1P,L
A3D0BB,N345JT,,,,
A3D4BB,N346MR,A139,AGUSTA AW-139,H2T,L
A3DABB,N34776,CUCA,CULVER Cadet,L1P,L
A3E1BB,N34941,C177,CESSNA  177 Cardinal,L1P,L
A3E2BB,N35CW,PA32,PIPER PA-32,L1P,L
A3E3BB,N35PB,VELO,Velocity,L1P,L
A3E8BB,N351CE,DC6,DOUGLAS DC-6 Liftmaster,L4P,M
A3EBBB,N3516N,J3,PIPER J-3 Cub,L1P,L
A3EDBB,N352RJ,LJ35,LEARJET 35,L2J,M
A3EEBB,N3521E,CH7A,BELLANCA 7 Champion,L1P,L
A3F0BB,N353JA,H25B,HAWKER BEECHCRAFT Hawker 750/850,L2J,M
A3F9BB,N3550C,C170,CESSNA 170,L1P,L
A3FDBB,N3562F,C182,CESSNA 182 Skylane,L1P,L
A401BB,N3574J,P28A,PIPER PA-28-140/150/160/180,L1P,L
A402BB,N358CD,SR22,CIRRUS SR-22,L1P,L
A405BB,N3586M,PA12,PIPER PA-12 Super Cruiser,L1P,L
A406BB,N359FB,AS50,AEROSPATIALE AS-350 Ecureuil,H1T,L
A408BB,N3591D,,,,
A40ABB,N36J,BE36,BEECH 36 Bonanza,L1P,L
A40CBB,N360EL,B350,BEECHCRAFT Super King Air 350,L2T,M
A40DBB,N360QS,E55P,EMBRAER EMB-505 Phenom 300,L2J,M
A412BB,N36121,TAYB,TAYLORCRAFT BC/BF/BL,L1P,L
A413BB,N362AA,B763,BOEING 767-300,L2J,H
A416BB,N36244,BL8,BELLANCA 8 Decathlon,L1P,L
A41CBB,N364SC,BE36,BEECH 36 Bonanza,L1P,L
A420BB,N365VA,A320,AIRBUS A-320,L2J,M
A428BB,N3670X,VO10,NORTH AMERICAN ROCKWELL Commander 100,L1P,L
A42BBB,N368TP,AC80,NORTH AMERICAN ROCKWELL Turbo Commander 680,L2T,L
A42DBB,N369A,MITE,MOONEY M-18,L1P,L
A42FBB,N369WM,AS50,AEROSPATIALE AS-350 Ecureuil,H1T,L
A431BB,N37CY,,,,
A432BB,N37PD,,,,
A436BB,N3704M,P28R,PIPER PA-28R-180/200/201,L1P,L
A43ABB,N3716Q,BE95,BEECH 95 Travel Air,L2P,L
A43BBB,N372FE,DC10,MCDONNELL DOUGLAS DC-10,L3J,H
A43EBB,N3728T,TF19,TAYLORCRAFT F-19 Sportsman,L1P,L
A43FBB,N373JC,C310,CESSNA 310,L2P,L
A442BB,N374AV,B738,BOEING 737-800,L2J,M
A443BB,N374MA,C172,CESSNA 172 Skyhawk,L1P,L
A445BB,N3745N,BE35,BEECH 35 Starfire Bonanza,L1P,L
A446BB,N375DT,BE40,BEECH 400 Beechjet,L2J,M
A44CBB,N3762H,SONX,SONEX AIRCRAFT Sonex,L1P,L
A44DBB,N3769U,C182,CESSNA 182 Skylane,L1P,L
A450BB,N3774L,C172,CESSNA 172 Skyhawk,L1P,L
A456BB,N379RK,BE40,BEECH 400 Beechjet,L2J,M
A458BB,N3798S,C172,CESSNA 172 Skyhawk,L1P,L
A45DBB,N38000,BE23,BEECH 23 Sundowner,L1P,L
A460BB,N381TS,LNP4,LANCAIR PropJet 4,L1T,L
A461BB,N38123,P28R,PIPER PA-28R-180/200/201,L1P,L
A466BB,N383DA,P28R,PIPER PA-28R-180/200/201,L1P,L
A467BB,N383PG,SONX,SONEX AIRCRAFT Sonex,L1P,L
A469BB,N38369,J3,PIPER J-3 Cub,L1P,L
A46ABB,N384FZ,,,,
A474BB,N38657,P28A,PIPER PA-28-140/150/160/180,L1P,L
A477BB,N3870Z,BE24,BEECH 24 Sierra,L1P,L
A47BBB,N38822,J3,PIPER J-3 Cub,L1P,L
A47EBB,N389WP,PARA,,P0-,-
A47FBB,N38945,P32R,PIPER PA-32R-300/301/301T,L1P,L
A481BB,N39PF,HIGH,JUST JA20 Highlander,L1P,L
A485BB,N3904P,PA22,PIPER PA-22,L1P,L
A489BB,N3916S,C172,CESSNA 172 Skyhawk,L1P,L
A48DBB,N3928V,C172,CESSNA 172 Skyhawk,L1P,L
A48EBB,N393JE,C680,CESSNA 680 Citation Sovereign,L2J,M
A490BB,N3933M,PA12,PIPER PA-12 Super Cruiser,L1P,L
A492BB,N394MC,BE55,BEECH 55 Baron,L2P,L
A499BB,N396GT,GP3,OSPREY GP-3 Osprey 2,A1P,L
A49BBB,N3962K,P28A,PIPER PA-28-140/150/160/180,L1P,L
A49CBB,N3969W,PA32,PIPER PA-32,L1P,L
A4A4BB,N399FF,GLF5,GULFSTREAM 5,L2J,M
A4A5BB,N399RM,AA5,AMERICAN AA-5 Tiger,L1P,L
A4A6BB,N3991H,M20P,MOONEY M-20,L1P,L
A4A7BB,N3998U,C150,CESSNA 150,L1P,L
A4A9BB,N4UK,GLID,,L0-,-
A4ACBB,N400BA,COL4,CESSNA 400 Corvalis TT,L1P,L
A4AFBB,N4005U,C150,CESSNA 150,L1P,L
A4B0BB,N401DZ,A339,AIRBUS A-330-900,L2J,H
A4B6BB,N4022P,,,,
A4B7BB,N40290,UH12,HILLER UH-12,H1P,L
A4BABB,N4034S,P51,NORTH AMERICAN P-51 Mustang,L1P,L
A4BBBB,N404CM,C510,CESSNA 510 Citation Mustang,L2J,L
A4BDBB,N404YZ,SR20,CIRRUS SR-20,L1P,L
A4C0BB,N405RR,R44,ROBINSON R-44 Raven,H1P,L
A4C4BB,N406UP,B752,BOEING 757-200,L2J,M
A4C5BB,N4063Q,C310,CESSNA 310,L2P,L
A4C9BB,N4075T,PA18,PIPER PA-18 Super Cub,L1P,L
A4CCBB,N4080K,NAVI,NORTH AMERICAN Navion,L1P,L
A4D1BB,N4099Z,PA18,PIPER PA-18 Super Cub,L1P,L
A4D3BB,N41W,DSA1,SMITH DSA-1 Miniplane,L1P,L
A4D5BB,N410SL,,,,
A4D7BB,N4109H,PA12,PIPER PA-12 Super Cruiser,L1P,L
A4D8BB,N411KC,BE20,BEECH 200 Super King Air,L2T,M
A4DABB,N4114,PTS1,PITTS S-1 Special,L1P,L
A4DFBB,N413ET,SR20,CIRRUS SR-20,L1P,L
A4E4BB,N414TX,SR22,CIRRUS SR-22,L1P,L
A4E5BB,N41428,P28A,PIPER PA-28-140/150/160/180,L1P,L
A4EDBB,N4167D,P32R,PIPER PA-32R-300/301/301T,L1P,L
A4EFBB,N417SK,PC12,PILATUS PC-12,L1T,L
A4F0BB,N41716,CUCA,CULVER Cadet,L1P,L
A4F6BB,N419N,E55P,EMBRAER EMB-505 Phenom 300,L2J,M
A4F8BB,N4196B,BALL,,B0-,-
A4F9BB,N42ES,S22T,CIRRUS SR-22T Turbo,L1P,L
A502BB,N4217Z,PA18,PIPER PA-18 Super Cub,L1P,L
A506BB,N42292,C172,CESSNA 172 Skyhawk,L1P,L
A509BB,N4234U,C150,CESSNA 150,L1P,L
A50ABB,N424CP,BE9T,BEECH F90 King Air,L2T,L
A50BBB,N424NV,MD83,MCDONNELL-DOUGLAS MD-83,L2J,M
A50FBB,N425RT,TB21,SOCATA TB-21 Trinidad TC,L1P,L
A510BB,N4251P,M7,MAULE M-7,L1P,L
A511BB,N42580,C182,CESSNA 182 Skylane,L1P,L
A512BB,N426JK,R44,ROBINSON R-44 Raven,H1P,L
A514BB,N4263S,FA24,FAIRCHILD F-24 Argus,L1P,L
A515BB,N427BB,BE36,BEECH 36 Bonanza,L1P,L
A519BB,N428E,HUSK,CHRISTEN Husky,L1P,L
A51BBB,N4280M,PA12,PIPER PA-12 Super Cruiser,L1P,L
A51CBB,N4287Y,FOX,KITFOX,L1P,L
A51EBB,N429TD,B427,BELL 427,H2T,L
A51FBB,N4292Q,C172,CESSNA 172 Skyhawk,L1P,L
A520BB,N42991,J3,PIPER J-3 Cub,L1P,L
A521BB,N43KW,VELO,Velocity,L1P,L
A522BB,N43WB,T6,NORTH AMERICAN T-6 Texan,L1P,L
A526BB,N4309K,NAVI,NORTH AMERICAN Navion,L1P,L
A529BB,N4314B,BE33,BEECH 33 Bonanza,L1P,L
A52BBB,N432NC,P32R,PIPER PA-32R-300/301/301T,L1P,L
A52FBB,N433RA,P28A,PIPER PA-28-140/150/160/180,L1P,L
A530BB,N43307,TAYB,TAYLORCRAFT BC/BF/BL,L1P,L
A535BB,N435AK,A109,AGUSTA AW-109 Grand,H2T,L
A538BB,N4355C,CH7A,BELLANCA 7 Champion,L1P,L
A53CBB,N4367F,PARA,,P0-,-
A543BB,N4384A,PA18,PIPER PA-18 Super Cub,L1P,L
A54ABB,N440BE,BE58,BEECH 58 Baron,L2P,L
A54BBB,N440ML,C56X,CESSNA 560XL Citation XLS,L2J,M
A54EBB,N441EC,C441,CESSNA 441 Conquest,L2T,L
A550BB,N4410Q,C172,CESSNA 172 Skyhawk,L1P,L
A551BB,N44171,P28A,PIPER PA-28-140/150/160/180,L1P,L
A558BB,N4434W,BE36,BEECH 36 Bonanza,L1P,L
A559BB,N444CR,R22,ROBINSON R-22 Mariner,H1P,L
A55ABB,N444NX,BL8,BELLANCA 8 Decathlon,L1P,L
A55CBB,N4446Z,PA18,PIPER PA-18 Super Cub,L1P,L
A55DBB,N445FP,AP20,AEROPRACT A-20,L1P,L
A563BB,N4463U,C150,CESSNA 150,L1P,L
A564BB,N447BD,RV6,VANS RV-6,L1P,L
A565BB,N447MK,PA44,PIPER PA-44 Seminole,L2P,L
A56EBB,N4492S,BE36,BEECH 36 Bonanza,L1P,L
A571BB,N45WD,,,,
A575BB,N4509M,PA11,PIPER PA-11 Cub Special,L1P,L
A57ABB,N452NE,RV12,VANS RV-12,L1P,L
A57FBB,N45309,,,,
A582BB,N454UA,A320,AIRBUS A-320,L2J,M
A583BB,N4543B,C180,CESSNA  180 Skywagon,L1P,L
A588BB,N456DK,AP22,AEROPRACT A-22,L1P,L
A58BBB,N4567H,PA15,PIPER PA-15 Vagabond,L1P,L
A58CBB,N457GH,RV7,VANS RV-7,L1P,L
A58DBB,N457SP,C172,CESSNA 172 Skyhawk,L1P,L
A592BB,N4584C,C170,CESSNA 170,L1P,L
A596BB,N4596F,C185,CESSNA 185 Skywagon,L1P,L
A597BB,N46EW,C25A,CESSNA 525A Citation CJ2,L2J,L
A598BB,N46RB,SRAI,GREAT PLAINS Sonerai,L1P,L
A599BB,N460BG,R66,ROBINSON R-66,H1T,L
A5A0BB,N46173,C180,CESSNA  180 Skywagon,L1P,L
A5A1BB,N462HC,,,,
A5A2BB,N462TJ,S22T,CIRRUS SR-22T Turbo,L1P,L
A5A3BB,N4622V,J3,PIPER J-3 Cub,L1P,L
A5A4BB,N46296,BE17,BEECH 17 Staggerwing,L1P,L
A5AFBB,N46584,C172,CESSNA 172 Skyhawk,L1P,L
A5B1BB,N466UV,PA44,PIPER PA-44 Seminole,L2P,L
A5B2BB,N4663W,AC11,NORTH AMERICAN ROCKWELL Commander 112/114,L1P,L
A5B9BB,N4680R,P28A,PIPER PA-28-140/150/160/180,L1P,L
A5BFBB,N47L,G2T1,GREAT LAKES 2T-1,L1P,L
A5C0BB,N47WF,B47G,BELL 47G,H1P,L
A5C2BB,N470SS,,,,
A5C8BB,N472CA,CRJ2,BOMBARDIER Regional Jet CRJ-200,L2J,M
A5CBBB,N4726J,BE23,BEECH 23 Sundowner,L1P,L
A5CFBB,N4738M,BE36,BEECH 36 Bonanza,L1P,L
A5D2BB,N4743D,C182,CESSNA 182 Skylane,L1P,L
A5D3BB,N475AP,,,,
A5E1BB,N4784E,C172,CESSNA 172 Skyhawk,L1P,L
A5E2BB,N479C,AS50,AEROSPATIALE AS-350 Ecureuil,H1T,L
A5E5BB,N4796H,PA11,PIPER PA-11 Cub Special,L1P,L
A5E7BB,N48RD,EAGL,CHRISTEN Eagle,L1P,L
A5EBBB,N48052,L13M,LET L-13 Blanik,L1P,L
A5EEBB,N4810U,P28A,PIPER PA-28-140/150/160/180,L1P,L
A5F6BB,N48340,C152,CESSNA 152,L1P,L
A5F8BB,N484PA,DV20,DIAMOND DA-20,L1P,L
A605BB,N48751,C152,CESSNA 152,L1P,L
A608BB,N4880T,P28A,PIPER PA-28-140/150/160/180,L1P,L
A60CBB,N4892W,AC11,NORTH AMERICAN ROCKWELL Commander 112/114,L1P,L
A60EBB,N49LB,P32R,PIPER PA-32R-300/301/301T,L1P,L
A60FBB,N49WH,A4,DOUGLAS A-4 Skyhawk,L1J,M
A61ABB,N4926L,P28A,PIPER PA-28-140/150/160/180,L1P,L
A61DBB,N4931C,C185,CESSNA 185 Skywagon,L1P,L
A628BB,N4960A,C152,CESSNA 152,L1P,L
A629BB,N4967M,PA11,PIPER PA-11 Cub Special,L1P,L
A62CBB,N4972D,C182,CESSNA 182 Skylane,L1P,L
A631BB,N499CB,PC12,PILATUS PC-12,L1T,L
A632BB,N499NH,SBR1,NORTH AMERICAN Sabre 40/50/60/65,L2J,M
A634BB,N4996K,NAVI,NORTH AMERICAN Navion,L1P,L
A635BB,N5F,BE50,BEECH 50 Excalibur,L2P,L
A637BB,N50BL,FA50,DASSAULT Falcon 50,L3J,M
A639BB,N50XY,FA50,DASSAULT Falcon 50,L3J,M
A63BBB,N500UJ,C560,CESSNA 560 Citation Ultra,L2J,M
A63CBB,N5003K,BALL,,B0-,-
A63EBB,N501MA,P28A,PIPER PA-28-140/150/160/180,L1P,L
A640BB,N5015N,L5,STINSON Sentinel,L1P,L
A641BB,N502DT,SR20,CIRRUS SR-20,L1P,L
A647BB,N5032H,PARA,,P0-,-
A64BBB,N5044L,BL8,BELLANCA 8 Decathlon,L1P,L
A64CBB,N505CF,C501,CESSNA 501 Citation 1SP,L2J,L
A64DBB,N505NM,GAZL,AEROSPATIALE SA-341 Gazelle,H1T,L
A64FBB,N5056P,PA24,PIPER PA-24 Comanche,L1P,L
A654BB,N507JB,PA23,PIPER PA-23,L2P,L
A656BB,N5073J,C310,CESSNA 310,L2P,L
A65ABB,N5085M,TAYB,TAYLORCRAFT BC/BF/BL,L1P,L
A65BBB,N509DS,SS2T,TRUSH Turbo Thrush 500/550,L1T,L
A65DBB,N5090D,BE58,BEECH 58 Baron,L2P,L
A65EBB,N5097Q,C310,CESSNA 310,L2P,L
A660BB,N51SW,P28B,PIPER PA-28-201T/235/236,L1P,L
A664BB,N51069,C150,CESSNA 150,L1P,L
A666BB,N511SE,SR22,CIRRUS SR-22,L1P,L
A667BB,N51111,J3,PIPER J-3 Cub,L1P,L
A669BB,N512JX,ULAC,,L0-,-
A66BBB,N51234,FOX,KITFOX,L1P,L
A66FBB,N51357,ULAC,,L0-,-
A670BB,N514EM,LNP4,LANCAIR PropJet 4,L1T,L
A675BB,N515TR,RV4,VANS RV-4,L1P,L
A677BB,N516AB,P32R,PIPER PA-32R-300/301/301T,L1P,L
A679BB,N516WP,LJ60,LEARJET 60,L2J,M
A67EBB,N51768,EN28,ENSTROM F-28,H1P,L
A680BB,N518SD,RV9,VANS RV-9,L1P,L
A681BB,N51810,COZY,CO-Z Cozy,L1P,L
A682BB,N5189A,T210,CESSNA T210 Turbo Centurion,L1P,L
A686BB,N52BN,YK52,YAKOVLEV Yak-52,L1P,L
A689BB,N520JE,YK52,YAKOVLEV Yak-52,L1P,L
A68BBB,N5203M,,,,
A68DBB,N521MC,C172,CESSNA 172 Skyhawk,L1P,L
A692BB,N5220G,DHC2,DE HAVILLAND DHC-2 Beaver,L1P,L
A694BB,N523GT,RV12,VANS RV-12,L1P,L
A696BB,N5232K,C172,CESSNA 172 Skyhawk,L1P,L
A69ABB,N5244N,C182,CESSNA 182 Skylane,L1P,L
A69BBB,N525CH,C25A,CESSNA 525A Citation CJ2,L2J,L
A6A1BB,N5261H,PA16,PIPER PA-16 Clipper,L1P,L
A6A2BB,N5268U,C72R,CESSNA 172R Cutlass RG,L1P,L
A6A5BB,N5273L,P28A,PIPER PA-28-140/150/160/180,L1P,L
A6A9BB,N5285P,M20P,MOONEY M-20,L1P,L
A6B0BB,N530DC,PA46,PIPER PA-46-310/350,L1P,L
A6B1BB,N530PJ,H500,HUGHES 500,H1T,L
A6B4BB,N531GA,GLF5,GULFSTREAM 5,L2J,M
A6B6BB,N53113,ST75,STEARMAN Kaydet,L1P,L
A6B7BB,N5319D,C172,CESSNA 172 Skyhawk,L1P,L
A6BABB,N53236,C172,CESSNA 172 Skyhawk,L1P,L
A6C2BB,N5348B,C152,CESSNA 152,L1P,L
A6CDBB,N5377,PA11,PIPER PA-11 Cub Special,L1P,L
A6D1BB,N5389C,C140,CESSNA 140,L1P,L
A6D6BB,N54MW,,,,
A6DABB,N5403P,PA24,PIPER PA-24 Comanche,L1P,L
A6DBBB,N541AZ,DRON,,D0-,-
A6DCBB,N541ME,CH7A,BELLANCA 7 Champion,L1P,L
A6DDBB,N541XL,,,,
A6DEBB,N5415S,P28A,PIPER PA-28-140/150/160/180,L1P,L
A6E2BB,N5427V,P51,NORTH AMERICAN P-51 Mustang,L1P,L
A6E4BB,N543TA,C56X,CESSNA 560XL Citation XLS,L2J,M
A6E5BB,N5432M,C340,CESSNA 340 Super,L2P,L
A6E9BB,N5444Q,C150,CESSNA 150,L1P,L
A6EDBB,N5456T,C172,CESSNA 172 Skyhawk,L1P,L
A6F0BB,N5461K,C172,CESSNA 172 Skyhawk,L1P,L
A6F1BB,N5468W,P28A,PIPER PA-28-140/150/160/180,L1P,L
A6F4BB,N5473N,C82R,CESSNA R182 Skylane RG,L1P,L
A6FFBB,N550DE,RV4,VANS RV-4,L1P,L
A700BB,N550PL,GLF5,GULFSTREAM 5,L2J,M
A701BB,N550ZS,C550,CESSNA 550 Citation S2,L2J,L
A702BB,N5507C,C170,CESSNA 170,L1P,L
A703BB,N551GC,ULAC,,L0-,-
A704BB,N551SJ,C551,CESSNA 551 Citation 2SP,L2J,L
A711BB,N5548D,BE35,BEECH 35 Starfire Bonanza,L1P,L
A712BB,N555HP,TBM7,SOCATA TBM-700A/B/C,L1T,L
A716BB,N556LM,AVID,AVID Flyer,L1P,L
A71ABB,N557PK,FA7X,DASSAULT Falcon 7X,L3J,M
A71CBB,N5577B,C182,CESSNA 182 Skylane,L1P,L
A71EBB,N558SH,R22,ROBINSON R-22 Mariner,H1P,L
A727BB,N560JJ,C560,CESSNA 560 Citation Ultra,L2J,M
A729BB,N5603R,C172,CESSNA 172 Skyhawk,L1P,L
A72DBB,N5615U,,,,
A730BB,N5620L,,,,
A731BB,N5627X,,,,
A735BB,N56390,P28R,PIPER PA-28R-180/200/201,L1P,L
A739BB,N565CM,T206,CESSNA T206 Turbo Stationair,L1P,L
A742BB,N567UP,BE35,BEECH 35 Starfire Bonanza,L1P,L
A743BB,N5673Q,M20P,MOONEY M-20,L1P,L
A744BB,N568B,C560,CESSNA 560 Citation Ultra,L2J,M
A747BB,N5685T,C172,CESSNA 172 Skyhawk,L1P,L
A74ABB,N5690K,EN28,ENSTROM F-28,H1P,L
A74BBB,N5697W,EN28,ENSTROM F-28,H1P,L
A74CBB,N57GW,BE33,BEECH 33 Bonanza,L1P,L
A755BB,N5719H,PA16,PIPER PA-16 Clipper,L1P,L
A758BB,N5724,,,,
A75FBB,N57405,CH7B,BELLANCA 7 Citabria,L1P,L
A762BB,N575TX,SR22,CIRRUS SR-22,L1P,L
A769BB,N577PM,MT,ROTORSPORT MTOSport,G1P,L
A774BB,N58N,BE17,BEECH 17 Staggerwing,L1P,L
A775BB,N58YF,F260,AERMACCHI SF-260,L1P,L
A778BB,N5803T,C185,CESSNA 185 Skywagon,L1P,L
A779BB,N581BC,E55P,EMBRAER EMB-505 Phenom 300,L2J,M
A783BB,N5832R,AA5,AMERICAN AA-5 Tiger,L1P,L
A788BB,N585CP,C82T,CESSNA TR182 Turbo Skylane RG,L1P,L
A797BB,N589E,PA46,PIPER PA-46-310/350,L1P,L
A79BBB,N59GY,PA31,PIPER PA-31-300/310/325/350/425,L2P,L
A79CBB,N59TD,RV7,VANS RV-7,L1P,L
A7A7BB,N5924B,C182,CESSNA 182 Skylane,L1P,L
A7ABBB,N5936E,C150,CESSNA 150,L1P,L
A7ADBB,N594RA,H60,SIKORSKY UH-60 Black Hawk,H2T,M
A7B2BB,N5953,SR22,CIRRUS SR-22,L1P,L
A7B6BB,N5965C,J3,PIPER J-3 Cub,L1P,L
A7BABB,N5977F,CRER,RANS Courier,L1P,L
A7BFBB,N599KD,C560,CESSNA 560 Citation Ultra,L2J,M
A7C0BB,N599VK,BE95,BEECH 95 Travel Air,L2P,L
A7C1BB,N5994A,ULAC,,L0-,-
A7C2BB,N6BW,BE58,BEECH 58 Baron,L2P,L
A7C3BB,N6NB,BALL,,B0-,-
A7C4BB,N6YH,RV8,VANS RV-8,L1P,L
A7C5BB,N60JN,LEG2,LANCAIR Legacy,L1P,L
A7C7BB,N600EZ,LGEZ,RUTAN Long-EZ,L1P,L
A7CBBB,N601HX,,,,
A7CDBB,N6013D,PA22,PIPER PA-22,L1P,L
A7CEBB,N602AP,AT6T,AIR TRACTOR AT-602,L1T,L
A7D1BB,N6025G,C150,CESSNA 150,L1P,L
A7D7BB,N604SR,SREY,PROGRESSIVE AERODYNE SeaRey,A1P,L
A7D8BB,N6042B,C182,CESSNA 182 Skylane,L1P,L
A7DCBB,N6054E,BE35,BEECH 35 Starfire Bonanza,L1P,L
A7DDBB,N606C,S108,STINSON 108 Voyager,L1P,L
A7E0BB,N6066H,P28A,PIPER PA-28-140/150/160/180,L1P,L
A7E4BB,N6078L,AA5,AMERICAN AA-5 Tiger,L1P,L
A7E7BB,N6083C,BALL,,B0-,-
A7EBBB,N6095F,C182,CESSNA 182 Skylane,L1P,L
A7EDBB,N61PS,PTS2,PITTS S-2 Special,L1P,L
A7F1BB,N61040,BALL,,B0-,-
A7F2BB,N611CV,R22,ROBINSON R-22 Mariner,H1P,L
A7F3BB,N611PA,B407,BELL 407,H1T,L
A7F5BB,N61163,C150,CESSNA 150,L1P,L
A7F8BB,N6121V,C72R,CESSNA 172R Cutlass RG,L1P,L
A7F9BB,N61286,C150,CESSNA 150,L1P,L
A7FABB,N613JR,CL60,BOMBARDIER CL-600 Challenger,L2J,M
A7FBBB,N613UX,E75L,EMBRAER ERJ-170-200 (long wing),L2J,M
A803BB,N6150T,C150,CESSNA 150,L1P,L
A804BB,N61574,C172,CESSNA 172 Skyhawk,L1P,L
A806BB,N616TK,RV7,VANS RV-7,L1P,L
A807BB,N6162W,P28A,PIPER PA-28-140/150/160/180,L1P,L
A808BB,N61697,C172,CESSNA 172 Skyhawk,L1P,L
A80DBB,N618P,EPIC,EPIC AIRCRAFT Epic LT,L1T,L
A80FBB,N61862,BE17,BEECH 17 Staggerwing,L1P,L
A813BB,N61985,C172,CESSNA 172 Skyhawk,L1P,L
A820BB,N6225J,P28A,PIPER PA-28-140/150/160/180,L1P,L
A828BB,N6249Q,C402,CESSNA 402 Businessliner,L2P,L
A82CBB,N626CB,C172,CESSNA 172 Skyhawk,L1P,L
A82FBB,N6266K,C150,CESSNA 150,L1P,L
A830BB,N627F,,,,
A832BB,N6271B,T206,CESSNA T206 Turbo Stationair,L1P,L
A833BB,N6278N,,,,
A83ABB,N6295H,C207,CESSNA 207 Turbo Stationair,L1P,L
A83DBB,N630,ZZZZ,,-0-,-
A840BB,N63042,C150,CESSNA 150,L1P,L
A846BB,N632SA,PC6T,PILATUS PC-6 Turbo-Porter,L1T,L
A847BB,N6321X,BE36,BEECH 36 Bonanza,L1P,L
A84FBB,N63453,C150,CESSNA 150,L1P,L
A853BB,N63576,BE24,BEECH 24 Sierra,L1P,L
A85EBB,N63864,B06,BELL 206 JetRanger,H1T,L
A863BB,N64JS,CL60,BOMBARDIER CL-600 Challenger,L2J,M
A866BB,N640RJ,BE9L,BEECH 90 King Air,L2T,L
A867BB,N6401E,C172,CESSNA 172 Skyhawk,L1P,L
A86BBB,N6413H,J3,PIPER J-3 Cub,L1P,L
A86FBB,N6425L,,,,
A872BB,N6430C,L5,STINSON Sentinel,L1P,L
A87BBB,N646CD,T210,CESSNA T210 Turbo Centurion,L1P,L
A87CBB,N646NK,A320,AIRBUS A-320,L2J,M
A882BB,N6478Q,M20P,MOONEY M-20,L1P,L
A883BB,N648J,JAB4,JABIRU J200-450,L1P,L
A885BB,N6483G,C150,CESSNA 150,L1P,L
A889BB,N6495K,C150,CESSNA 150,L1P,L
A88DBB,N650LG,GLF4,GULFSTREAM 4,L2J,M
A894BB,N652FX,GLF6,GULFSTREAM G650,L2J,M
A895BB,N652SC,PA31,PIPER PA-31-300/310/325/350/425,L2P,L
A898BB,N653JV,,,,
A89ABB,N65332,GLID,,L0-,-
A89EBB,N65455,BALL,,B0-,-
A8A1BB,N6550X,C210,CESSNA 201 Centurion,L1P,L
A8A5BB,N65620,C172,CESSNA 172 Skyhawk,L1P,L
A8A8BB,N657WM,C421,CESSNA 421 Executive Commuter,L2P,L
A8A9BB,N65743,C172,CESSNA 172 Skyhawk,L1P,L
A8ADBB,N65866,C172,CESSNA 172 Skyhawk,L1P,L
A8B3BB,N66V,,,,
A8B4BB,N660FE,A306,AIRBUS A-300-600,L2J,H
A8B5BB,N660RL,B407,BELL 407,H1T,L
A8B8BB,N661JC,RV6,VANS RV-6,L1P,L
A8BABB,N6613K,G164,GRUMMAN G-164 Ag-Cat,L1P,L
A8BBBB,N662AV,DHC6,DE HAVILLAND DHC-6 Twin Otter,L2T,L
A8BCBB,N662MA,AT8T,AIR TRACTOR AT-802,L1T,M
A8BEBB,N6625N,C210,CESSNA 201 Centurion,L1P,L
A8BFBB,N663DT,RV12,VANS RV-12,L1P,L
A8C2BB,N6637R,BE77,BEECH 77 Skipper,L1P,L
A8C6BB,N6649U,M20P,MOONEY M-20,L1P,L
A8C9BB,N6654L,BT36,BEECH B36TC Bonanza,L1P,L
A8CABB,N666CF,EN28,ENSTROM F-28,H1P,L
A8CBBB,N666NM,RBEL,MURPHY Rebel,L1P,L
A8D0BB,N6671F,C150,CESSNA 150,L1P,L
A8D1BB,N6678S,BE33,BEECH 33 Bonanza,L1P,L
A8D6BB,N669M,,,,
A8D9BB,N67DS,C185,CESSNA 185 Skywagon,L1P,L
A8DBBB,N670AC,SBR1,NORTH AMERICAN Sabre 40/50/60/65,L2J,M
A8E2BB,N67169,BE77,BEECH 77 Skipper,L1P,L
A8EABB,N647BP,GLF4,GULFSTREAM 4,L2J,M
A8EDBB,N67457,B06,BELL 206 JetRanger,H1T,L
A8F0BB,N6750Z,C208,CESSNA 208 Caravan,L1T,L
A8F4BB,N67622,B06,BELL 206 JetRanger,H1T,L
A8F8BB,N67745,B06,BELL 206 JetRanger,H1T,L
A8F9BB,N678D,BE35,BEECH 35 Starfire Bonanza,L1P,L
A8FCBB,N67868,VALI,CONVAIR Valiant,L1P,L
A8FEBB,N679SD,UH1,BELL UH-1 Huey,H1T,L
A901BB,N68JW,C340,CESSNA 340 Super,L2P,L
A902BB,N68VB,C182,CESSNA 182 Skylane,L1P,L
A915BB,N6849W,P28A,PIPER PA-28-140/150/160/180,L1P,L
A918BB,N6854N,M20P,MOONEY M-20,L1P,L
A91CBB,N6866R,T210,CESSNA T210 Turbo Centurion,L1P,L
A927BB,N6895P,PA24,PIPER PA-24 Comanche,L1P,L
A929BB,N69Q,NAVI,NORTH AMERICAN Navion,L1P,L
A92ABB,N690AE,E145,EMBRAER ERJ-145,L2J,M
A92CBB,N690WS,AC68,AERO Commander 680,L2P,L
A92EBB,N691DC,C560,CESSNA 560 Citation Ultra,L2J,M
A931BB,N6917A,PA23,PIPER PA-23,L2P,L
A934BB,N69213,C152,CESSNA 152,L1P,L
A935BB,N6929D,PA22,PIPER PA-22,L1P,L
A951BB,N7VD,RV7,VANS RV-7,L1P,L
A953BB,N70RQ,C150,CESSNA 150,L1P,L
A954BB,N700BV,AEST,AEROSTAR 600,L2P,L
A955BB,N700NA,BE20,BEECH 200 Super King Air,L2T,M
A958BB,N701ET,CH70,ZENAIR CH-701 Stol,L1P,L
A95ABB,N70105,CH70,ZENAIR CH-701 Stol,L1P,L
A95BBB,N7018F,BE65,BEECH 65 Queen Air,L2P,L
A95DBB,N702TX,AS50,AEROSPATIALE AS-350 Ecureuil,H1T,L
A95EBB,N70228,C172,CESSNA 172 Skyhawk,L1P,L
A962BB,N7035A,C172,CESSNA 172 Skyhawk,L1P,L
A963BB,N704DF,C150,CESSNA 150,L1P,L
A964BB,N704PM,C150,CESSNA 150,L1P,L
A966BB,N7047D,BE65,BEECH 65 Queen Air,L2P,L
A967BB,N705GD,GA7C,GULFSTREAM G700,L2J,M
A968BB,N705SK,CRJ7,BOMBARDIER Regional Jet CRJ-700,L2J,M
A969BB,N70516,J3,PIPER J-3 Cub,L1P,L
A96ABB,N7059G,C172,CESSNA 172 Skyhawk,L1P,L
A96DBB,N70639,J3,PIPER J-3 Cub,L1P,L
A972BB,N708ES,SR22,CIRRUS SR-22,L1P,L
A974BB,N70804,C182,CESSNA 182 Skylane,L1P,L
A977BB,N709TW,B752,BOEING 757-200,L2J,M
A978BB,N70927,J3,PIPER J-3 Cub,L1P,L
A979BB,N71AG,BD4,BEDE BD-4,L1P,L
A97EBB,N7102R,BE36,BEECH 36 Bonanza,L1P,L
A980BB,N711KX,AS29,SCHLEICHER ASG-29,L1P,L
A981BB,N711WC,PA34,PIPER PA-34 Seneca,L2P,L
A982BB,N7114U,M20P,MOONEY M-20,L1P,L
A983BB,N712CP,C310,CESSNA 310,L2P,L
A984BB,N712NV,C172,CESSNA 172 Skyhawk,L1P,L
A98ABB,N71380,L8,LUSCOMBE 8,L1P,L
A98BBB,N714JK,C150,CESSNA 150,L1P,L
A98EBB,N715BB,PA46,PIPER PA-46-310/350,L1P,L
A98FBB,N715MH,SR22,CIRRUS SR-22,L1P,L
A991BB,N7155V,M20P,MOONEY M-20,L1P,L
A994BB,N7160M,C175,CESSNA 175 Skylark,L1P,L
A995BB,N7167Y,PA30,PIPER PA-30 Twin Comanche,L2P,L
A998BB,N7172Q,C172,CESSNA 172 Skyhawk,L1P,L
A99ABB,N718KW,DHC6,DE HAVILLAND DHC-6 Twin Otter,L2T,L
A99CBB,N7184T,C172,CESSNA 172 Skyhawk,L1P,L
A9A0BB,N7196W,R22,ROBINSON R-22 Mariner,H1P,L
A9A2BB,N72RS,,,,
A9A6BB,N7206E,BE9T,BEECH F90 King Air,L2T,L
A9A9BB,N72107,C140,CESSNA 140,L1P,L
A9AABB,N7218H,BE33,BEECH 33 Bonanza,L1P,L
A9ABBB,N722HT,S64,SIKORSKY S-64 Skycrane,H2T,M
A9ADBB,N7223,G164,GRUMMAN G-164 Ag-Cat,L1P,L
A9AEBB,N723AK,BL8,BELLANCA 8 Decathlon,L1P,L
A9AFBB,N723LR,PA15,PIPER PA-15 Vagabond,L1P,L
A9BCBB,N7264A,C172,CESSNA 172 Skyhawk,L1P,L
A9BDBB,N727BW,BE20,BEECH 200 Super King Air,L2T,M
A9C0BB,N7276D,PA18,PIPER PA-18 Super Cub,L1P,L
A9C6BB,N729TY,GLF4,GULFSTREAM 4,L2J,M
A9C8BB,N73AJ,B06,BELL 206 JetRanger,H1T,L
A9CABB,N73WW,R66,ROBINSON R-66,H1T,L
A9CBBB,N730HA,C172,CESSNA 172 Skyhawk,L1P,L
A9CEBB,N73094,C120,CESSNA 120,L1P,L
A9D1BB,N7314W,P28A,PIPER PA-28-140/150/160/180,L1P,L
A9D2BB,N732CR,T210,CESSNA T210 Turbo Centurion,L1P,L
A9D4BB,N732ZC,T210,CESSNA T210 Turbo Centurion,L1P,L
A9D6BB,N733FP,C172,CESSNA 172 Skyhawk,L1P,L
A9D7BB,N733RV,C172,CESSNA 172 Skyhawk,L1P,L
A9DBBB,N734UT,C172,CESSNA 172 Skyhawk,L1P,L
A9E0BB,N7355X,C150,CESSNA 150,L1P,L
A9E1BB,N736EB,C172,CESSNA 172 Skyhawk,L1P,L
A9E3BB,N7360P,PA11,PIPER PA-11 Cub Special,L1P,L
A9E4BB,N73670,C172,CESSNA 172 Skyhawk,L1P,L
A9E5BB,N737H,DC3,DOUGLAS DC-3 Dakota,L2P,M
A9E6BB,N737TF,C172,CESSNA 172 Skyhawk,L1P,L
A9EABB,N738WD,,,,
A9ECBB,N739CQ,C182,CESSNA 182 Skylane,L1P,L
A9EDBB,N739NW,C172,CESSNA 172 Skyhawk,L1P,L
A9EFBB,N7396Y,PA30,PIPER PA-30 Twin Comanche,L2P,L
A9F8BB,N74109,AA5,AMERICAN AA-5 Tiger,L1P,L
A9FCBB,N7423B,CH7A,BELLANCA 7 Champion,L1P,L
A9FDBB,N743AM,B407,BELL 407,H1T,L
AA04BB,N7447H,J3,PIPER J-3 Cub,L1P,L
AA06BB,N745SP,C172,CESSNA 172 Skyhawk,L1P,L
AA08BB,N7459L,PA18,PIPER PA-18 Super Cub,L1P,L
AA09BB,N746KF,BE20,BEECH 200 Super King Air,L2T,M
AA0BBB,N7464C,T6,NORTH AMERICAN T-6 Texan,L1P,L
AA0EBB,N747YK,C310,CESSNA 310,L2P,L
AA12BB,N74808,R44,ROBINSON R-44 Raven,H1P,L
AA13BB,N7488J,GLID,,L0-,-
AA17BB,N75AL,C177,CESSNA  177 Cardinal,L1P,L
AA19BB,N75WY,HUSK,CHRISTEN Husky,L1P,L
AA1ABB,N750HC,C750,CESSNA 750 Citation 10,L2J,M
AA1CBB,N7502V,C77R,CESSNA 177RG Cardinal RG,L1P,L
AA1DBB,N75096,G164,GRUMMAN G-164 Ag-Cat,L1P,L
AA1EBB,N751LA,,,,
AA21BB,N752CT,SR22,CIRRUS SR-22,L1P,L
AA27BB,N7531T,C172,CESSNA 172 Skyhawk,L1P,L
AA28BB,N75384,P28A,PIPER PA-28-140/150/160/180,L1P,L
AA2BBB,N7543W,P28A,PIPER PA-28-140/150/160/180,L1P,L
AA2CBB,N755BF,EN28,ENSTROM F-28,H1P,L
AA2DBB,N755MM,M5,MAULE M-5,L1P,L
AA31BB,N756QK,C82R,CESSNA R182 Skylane RG,L1P,L
AA33BB,N75672,ST75,STEARMAN Kaydet,L1P,L
AA35BB,N757TH,C152,CESSNA 152,L1P,L
AA36BB,N7572U,C150,CESSNA 150,L1P,L
AA37BB,N75795,C172,CESSNA 172 Skyhawk,L1P,L
AA3BBB,N759CS,C182,CESSNA 182 Skylane,L1P,L
AA3DBB,N759ZD,C182,CESSNA 182 Skylane,L1P,L
AA40BB,N76RW,PA18,PIPER PA-18 Super Cub,L1P,L
AA41BB,N760CA,C150,CESSNA 150,L1P,L
AA44BB,N7606J,P28R,PIPER PA-28R-180/200/201,L1P,L
AA45BB,N761EZ,T210,CESSNA T210 Turbo Centurion,L1P,L
AA46BB,N761RE,T210,CESSNA T210 Turbo Centurion,L1P,L
AA47BB,N7611A,C152,CESSNA 152,L1P,L
AA4BBB,N7623D,PA22,PIPER PA-22,L1P,L
AA50BB,N764DM,PL4,PAZMANY PL-4,L1P,L
AA53BB,N7647K,PA20,PIPER PA-20 Pacer,L1P,L
AA55BB,N765SR,C182,CESSNA 182 Skylane,L1P,L
AA56BB,N7652B,B14A,BELLANCA 14,L1P,L
AA57BB,N7659N,BE36,BEECH 36 Bonanza,L1P,L
AA5BBB,N767C,S108,STINSON 108 Voyager,L1P,L
AA60BB,N768RD,E170,EMBRAER ERJ-170-100,L2J,M
AA62BB,N7688L,PA18,PIPER PA-18 Super Cub,L1P,L
AA67BB,N77LU,C72R,CESSNA 172R Cutlass RG,L1P,L
AA6FBB,N77140,C120,CESSNA 120,L1P,L
AA70BB,N772CV,,,,
AA71BB,N772PA,M20T,MOONEY M-20T,L1P,L
AA74BB,N773FT,P28R,PIPER PA-28R-180/200/201,L1P,L
AA76BB,N7731V,C77R,CESSNA 177RG Cardinal RG,L1P,L
AA7ABB,N7743Y,PA30,PIPER PA-30 Twin Comanche,L2P,L
AA83BB,N777HD,WW24,IAI 1124 Westwind,L2J,M
AA84BB,N777TK,BE58,BEECH 58 Baron,L2P,L
AA85BB,N7772W,C82T,CESSNA TR182 Turbo Skylane RG,L1P,L
AA87BB,N778LB,BALL,,B0-,-
AA8EBB,N78FS,BD5J,BEDE BD-5J,L1J,L
AA94BB,N781FA,AT8T,AIR TRACTOR AT-802,L1T,M
AA95BB,N781RG,,,,
AA97BB,N7818P,PA24,PIPER PA-24 Comanche,L1P,L
AA9EBB,N7835J,BEAR,AVIPRO RB-4 Bearhawk,L1P,L
AAA1BB,N7840A,B737,BOEING 737-700,L2J,M
AAA3BB,N785GM,RV3,VANS RV-3,L1P,L
AAA4BB,N785ST,EXEC,ROTORWAY Exec,H1P,L
AAA9BB,N7864G,C172,CESSNA 172 Skyhawk,L1P,L
AAAABB,N787CB,SR22,CIRRUS SR-22,L1P,L
AAAFBB,N788RF,ULAC,,L0-,-
AAB5BB,N79AQ,,,,
AABABB,N7902Z,C150,CESSNA 150,L1P,L
AABEBB,N79142,C172,CESSNA 172 Skyhawk,L1P,L
AAC0BB,N792PC,DRON,,D0-,-
AAC4BB,N793SA,B737,BOEING 737-700,L2J,M
AAC6BB,N79388,M20P,MOONEY M-20,L1P,L
AACDBB,N79553,ST75,STEARMAN Kaydet,L1P,L
AAD3BB,N797TM,C82S,CESSNA T182 Turbo Skylane,L1P,L
AADFBB,N80CE,EAGL,CHRISTEN Eagle,L1P,L
AAE4BB,N80034,ULAC,,L0-,-
AAE9BB,N802EM,AT8T,AIR TRACTOR AT-802,L1T,M
AAEBBB,N8020Z,PL4,PAZMANY PL-4,L1P,L
AAECBB,N8028,PTS2,PITTS S-2 Special,L1P,L
AAEFBB,N80322,C172,CESSNA 172 Skyhawk,L1P,L
AAF1BB,N804LH,COY2,RANS Coyote 2,L1P,L
AAF3BB,N80445,BE35,BEECH 35 Starfire Bonanza,L1P,L
AAF7BB,N80568,,,,
AAF8BB,N806FY,CJ6,NANCHANG CJ-6,L1P,L
AAFBBB,N8069A,P32R,PIPER PA-32R-300/301/301T,L1P,L
AAFEBB,N80733,GC1,GLOBE Swift,L1P,L
AB02BB,N80856,GC1,GLOBE Swift,L1P,L
AB04BB,N809QS,C700,CESSNA 700 Citation Longitude,L2J,M
AB05BB,N8090Y,P28B,PIPER PA-28-201T/235/236,L1P,L
AB06BB,N80979,YK52,YAKOVLEV Yak-52,L1P,L
AB0ABB,N810QA,,,,
AB0DBB,N811GT,SR22,CIRRUS SR-22,L1P,L
AB11BB,N812KR,C182,CESSNA 182 Skylane,L1P,L
AB14BB,N813CH,BE35,BEECH 35 Starfire Bonanza,L1P,L
AB15BB,N813NP,DRON,,D0-,-
AB17BB,N8136R,BE36,BEECH 36 Bonanza,L1P,L
AB1CBB,N815JD,SR22,CIRRUS SR-22,L1P,L
AB1EBB,N8153L,C172,CESSNA 172 Skyhawk,L1P,L
AB1FBB,N816AW,A319,AIRBUS A-319,L2J,M
AB22BB,N8165P,PA24,PIPER PA-24 Comanche,L1P,L
AB25BB,N8170F,P32R,PIPER PA-32R-300/301/301T,L1P,L
AB27BB,N818GS,RV8,VANS RV-8,L1P,L
AB2EBB,N82CG,M20T,MOONEY M-20T,L1P,L
AB34BB,N821BR,DA42,DIAMOND DA-42 Guardian,L2P,L
AB37BB,N82159,CH7A,BELLANCA 7 Champion,L1P,L
AB3ABB,N82201,CH7A,BELLANCA 7 Champion,L1P,L
AB3CBB,N823HM,LJ45,LEARJET 45,L2J,M
AB3DBB,N823TT,CRER,RANS Courier,L1P,L
AB42BB,N82447,CH7A,BELLANCA 7 Champion,L1P,L
AB46BB,N8257,GLID,,L0-,-
AB48BB,N826SF,R22,ROBINSON R-22 Mariner,H1P,L
AB4DBB,N82735,PA18,PIPER PA-18 Super Cub,L1P,L
AB54BB,N82900,CH7A,BELLANCA 7 Champion,L1P,L
AB5ABB,N8300J,P32R,PIPER PA-32R-300/301/301T,L1P,L
AB5BBB,N8307V,CH7A,BELLANCA 7 Champion,L1P,L
AB5DBB,N831TA,SR22,CIRRUS SR-22,L1P,L
AB64BB,N833NR,DRON,,D0-,-
AB66BB,N8336T,C175,CESSNA 175 Skylark,L1P,L
AB69BB,N8341K,G164,GRUMMAN G-164 Ag-Cat,L1P,L
AB6ABB,N8348W,P28A,PIPER PA-28-140/150/160/180,L1P,L
AB6DBB,N8353N,BE35,BEECH 35 Starfire Bonanza,L1P,L
AB6EBB,N836AY,CRJ2,BOMBARDIER Regional Jet CRJ-200,L2J,M
AB71BB,N8365R,P28A,PIPER PA-28-140/150/160/180,L1P,L
AB72BB,N837DW,RV8,VANS RV-8,L1P,L
AB74BB,N8370H,J3,PIPER J-3 Cub,L1P,L
AB77BB,N838T,BE95,BEECH 95 Travel Air,L2P,L
AB78BB,N8382L,C172,CESSNA 172 Skyhawk,L1P,L
AB7ABB,N839KS,C172,CESSNA 172 Skyhawk,L1P,L
AB7CBB,N8394P,PA24,PIPER PA-24 Comanche,L1P,L
AB80BB,N840KA,DRON,,D0-,-
AB86BB,N8416A,BE35,BEECH 35 Starfire Bonanza,L1P,L
AB8ABB,N8428D,PA22,PIPER PA-22,L1P,L
AB8DBB,N84326,P28A,PIPER PA-28-140/150/160/180,L1P,L
AB8EBB,N844AF,R44,ROBINSON R-44 Raven,H1P,L
AB91BB,N84449,C172,CESSNA 172 Skyhawk,L1P,L
AB98BB,N84614,CH7A,BELLANCA 7 Champion,L1P,L
AB9ABB,N847K,G2T1,GREAT LAKES 2T-1,L1P,L
AB9CBB,N84737,CH7A,BELLANCA 7 Champion,L1P,L
AB9DBB,N848BS,,,,
ABA4BB,N8498C,AC50,NORTH AMERICAN ROCKWELL Commander 500,L2P,L
ABACBB,N851TC,RS12,RANS S-12 Super Airaile,L1P,L
ABB1BB,N8524S,C182,CESSNA 182 Skylane,L1P,L
ABB2BB,N853CM,SR22,CIRRUS SR-22,L1P,L
ABB8BB,N8541M,BE35,BEECH 35 Starfire Bonanza,L1P,L
ABB9BB,N8548Y,LA25,LAKE LA-250,A1P,L
ABBABB,N855JH,COY2,RANS Coyote 2,L1P,L
ABBBBB,N855UP,BE30,BEECH 300 Super King Air,L2T,L
ABBCBB,N8553Q,LA25,LAKE LA-250,A1P,L
ABBDBB,N856B,BE35,BEECH 35 Starfire Bonanza,L1P,L
ABBEBB,N856MF,TBM7,SOCATA TBM-700A/B/C,L1T,L
ABC0BB,N8565T,C182,CESSNA 182 Skylane,L1P,L
ABC3BB,N8570K,S108,STINSON 108 Voyager,L1P,L
ABC4BB,N8577W,P28B,PIPER PA-28-201T/235/236,L1P,L
ABCCBB,N86CL,RV8,VANS RV-8,L1P,L
ABD5BB,N8616C,B738,BOEING 737-800,L2J,M
ABDCBB,N86328,AR11,AERONCA 11 Chief,L1P,L
ABDDBB,N864AH,A139,AGUSTA AW-139,H2T,L
ABE0BB,N8645A,B738,BOEING 737-800,L2J,M
ABE4BB,N8657D,PA22,PIPER PA-22,L1P,L
ABEBBB,N86739,B14A,BELLANCA 14,L1P,L
ABEFBB,N8686B,C172,CESSNA 172 Skyhawk,L1P,L
ABF6BB,N870EA,BE36,BEECH 36 Bonanza,L1P,L
AC00BB,N8724U,C150,CESSNA 150,L1P,L
AC01BB,N873CP,C82T,CESSNA TR182 Turbo Skylane RG,L1P,L
AC04BB,N8736X,C182,CESSNA 182 Skylane,L1P,L
AC07BB,N8741P,PA24,PIPER PA-24 Comanche,L1P,L
AC0BBB,N8753S,AT3P,AIR TRACTOR AT-301/401,L1P,L
AC0CBB,N876BB,C550,CESSNA 550 Citation S2,L2J,L
AC0DBB,N876MH,EC30,AIRBUS HELICOPTERS EC-130,H1T,L
AC0FBB,N8765V,SR22,CIRRUS SR-22,L1P,L
AC13BB,N8777Y,PA30,PIPER PA-30 Twin Comanche,L2P,L
AC15BB,N878TD,RV10,VANS RV-10,L1P,L
AC16BB,N8782Q,B38M,BOEING 737 MAX 8,L2J,M
AC1ABB,N8794T,C182,CESSNA 182 Skylane,L1P,L
AC1DBB,N88Z,B14A,BELLANCA 14,L1P,L
AC20BB,N8804B,,,,
AC25BB,N882EV,WAIX,SONEX Waiex,L1P,L
AC27BB,N88207,J3,PIPER J-3 Cub,L1P,L
AC2BBB,N8833,GLF6,GULFSTREAM G650,L2J,M
AC2FBB,N8845C,ULAC,,L0-,-
AC37BB,N8869J,P28A,PIPER PA-28-140/150/160/180,L1P,L
AC3ABB,N8874A,BALL,,B0-,-
AC3BBB,N888BW,P28A,PIPER PA-28-140/150/160/180,L1P,L
AC40BB,N889R,BE35,BEECH 35 Starfire Bonanza,L1P,L
AC43BB,N89HS,ASTR,GULFSTREAM AEROSPACE Gulfstream G100,L2J,M
AC48BB,N89071,C152,CESSNA 152,L1P,L
AC4CBB,N89194,C140,CESSNA 140,L1P,L
AC4FBB,N8924W,P28B,PIPER PA-28-201T/235/236,L1P,L
AC55BB,N894RV,RV4,VANS RV-4,L1P,L
AC56BB,N8941R,CH7A,BELLANCA 7 Champion,L1P,L
AC5CBB,N896MK,SR22,CIRRUS SR-22,L1P,L
AC61BB,N8970P,PA24,PIPER PA-24 Comanche,L1P,L
AC63BB,N898H,CAMP,GREGA GN-1 Aircamper,L1P,L
AC6ABB,N9CQ,AA1,AMERICAN AA-1,L1P,L
AC6BBB,N9NW,CH7A,BELLANCA 7 Champion,L1P,L
AC6CBB,N9ZB,C501,CESSNA 501 Citation 1SP,L2J,L
AC6DBB,N90KG,GLID,,L0-,-
AC73BB,N901JR,,,,
AC7CBB,N9030T,C182,CESSNA 182 Skylane,L1P,L
AC7EBB,N904HD,LJ45,LEARJET 45,L2J,M
AC80BB,N9042W,BE36,BEECH 36 Bonanza,L1P,L
AC84BB,N9054Z,C195,CESSNA 195,L1P,L
AC89BB,N907FS,SR20,CIRRUS SR-20,L1P,L
AC8ABB,N907RY,T210,CESSNA T210 Turbo Centurion,L1P,L
AC8CBB,N90785,FOX,KITFOX,L1P,L
AC8FBB,N9083X,C182,CESSNA 182 Skylane,L1P,L
AC90BB,N909BG,G109,GROB G-109,L1P,L
AC91BB,N909MN,C25A,CESSNA 525A Citation CJ2,L2J,L
AC94BB,N91EE,P28A,PIPER PA-28-140/150/160/180,L1P,L
AC9BBB,N911PV,,,,
AC9CBB,N9110A,C170,CESSNA 170,L1P,L
AC9DBB,N9117M,C182,CESSNA 182 Skylane,L1P,L
AC9EBB,N912GM,C77R,CESSNA 177RG Cardinal RG,L1P,L
AC9FBB,N912ST,PTS2,PITTS S-2 Special,L1P,L
ACA1BB,N9129Q,BE33,BEECH 33 Bonanza,L1P,L
ACA3BB,N913VR,DRON,,D0-,-
ACA4BB,N9134G,C182,CESSNA 182 Skylane,L1P,L
ACA5BB,N914CB,C172,CESSNA 172 Skyhawk,L1P,L
ACA8BB,N9146K,P28A,PIPER PA-28-140/150/160/180,L1P,L
ACAFBB,N9163E,M20P,MOONEY M-20,L1P,L
ACB7BB,N9187L,CH7B,BELLANCA 7 Citabria,L1P,L
ACB9BB,N919SS,S22T,CIRRUS SR-22T Turbo,L1P,L
ACBABB,N9192C,C180,CESSNA  180 Skywagon,L1P,L
ACBBBB,N9199P,PA46,PIPER PA-46-310/350,L1P,L
ACBCBB,N92KJ,RV6,VANS RV-6,L1P,L
ACBFBB,N920SA,F2TH,DASSAULT Falcon 2000,L2J,M
ACC2BB,N921JT,C172,CESSNA 172 Skyhawk,L1P,L
ACC8BB,N92253,J3,PIPER J-3 Cub,L1P,L
ACCBBB,N9230V,M20P,MOONEY M-20,L1P,L
ACCFBB,N9242Y,B738,BOEING 737-800,L2J,M
ACD1BB,N925LD,T206,CESSNA T206 Turbo Stationair,L1P,L
ACD4BB,N926CW,S22T,CIRRUS SR-22T Turbo,L1P,L
ACD9BB,N927S,SONX,SONEX AIRCRAFT Sonex,L1P,L
ACDABB,N9271W,P28B,PIPER PA-28-201T/235/236,L1P,L
ACDBBB,N92787,C182,CESSNA 182 Skylane,L1P,L
ACDFBB,N929BJ,BE24,BEECH 24 Sierra,L1P,L
ACE3BB,N93EG,FOX,KITFOX,L1P,L
ACE5BB,N930AT,B712,BOEING 717-200,L2J,M
ACE8BB,N9305L,,,,
ACE9BB,N931DR,S22T,CIRRUS SR-22T Turbo,L1P,L
ACECBB,N9317P,PA24,PIPER PA-24 Comanche,L1P,L
ACF5BB,N934NK,A20N,AIRBUS A-320neo,L2J,M
ACFABB,N9351D,C72R,CESSNA 172R Cutlass RG,L1P,L
ACFEBB,N9363G,C182,CESSNA 182 Skylane,L1P,L
ACFFBB,N937AS,C72R,CESSNA 172R Cutlass RG,L1P,L
AD05BB,N9380B,C175,CESSNA 175 Skylark,L1P,L
AD0ABB,N9399R,AC50,NORTH AMERICAN ROCKWELL Commander 500,L2P,L
AD0BBB,N94KL,VELO,Velocity,L1P,L
AD11BB,N941JV,B407,BELL 407,H1T,L
AD1ABB,N9430X,C82R,CESSNA R182 Skylane RG,L1P,L
AD1BBB,N94378,ERCO,AIR PRODUCTS F-1 Aircoupe,L1P,L
AD20BB,N945LF,C525,CESSNA 525 CitationJet,L2J,L
AD22BB,N94543,PARA,,P0-,-
AD24BB,N946PD,J3,PIPER J-3 Cub,L1P,L
AD29BB,N9471Y,BE35,BEECH 35 Starfire Bonanza,L1P,L
AD34BB,N950AV,A320,AIRBUS A-320,L2J,M
AD38BB,N951DT,SR20,CIRRUS SR-20,L1P,L
AD3ABB,N9510E,AR11,AERONCA 11 Chief,L1P,L
AD3EBB,N9522H,C172,CESSNA 172 Skyhawk,L1P,L
AD42BB,N9534L,AA5,AMERICAN AA-5 Tiger,L1P,L
AD46BB,N9546P,PA25,PIPER PA-25 Pawnee,L1P,L
AD47BB,N955FD,B752,BOEING 757-200,L2J,M
AD48BB,N955RK,ULAC,,L0-,-
AD4ABB,N9558S,CH7B,BELLANCA 7 Citabria,L1P,L
AD4BBB,N956JB,DA40,DIAMOND DA-40 Club Star,L1P,L
AD55BB,N9587Q,BE35,BEECH 35 Starfire Bonanza,L1P,L
AD57BB,N959SW,CRJ2,BOMBARDIER Regional Jet CRJ-200,L2J,M
AD59BB,N9599T,C210,CESSNA 201 Centurion,L1P,L
AD6DBB,N96422,C182,CESSNA 182 Skylane,L1P,L
AD75BB,N96668,C182,CESSNA 182 Skylane,L1P,L
AD78BB,N96710,TAYB,TAYLORCRAFT BC/BF/BL,L1P,L
AD79BB,N9679A,C172,CESSNA 172 Skyhawk,L1P,L
AD7FBB,N969Y,BE36,BEECH 36 Bonanza,L1P,L
AD81BB,N97EL,DHC2,DE HAVILLAND DHC-2 Beaver,L1P,L
AD84BB,N970MC,GLST,GLASAIR SH-4 GlaStar,L1P,L
AD86BB,N9705Q,BE24,BEECH 24 Sierra,L1P,L
AD89BB,N9710G,C180,CESSNA  180 Skywagon,L1P,L
AD8BBB,N972GT,AVID,AVID Flyer,L1P,L
AD8EBB,N9729W,P28A,PIPER PA-28-140/150/160/180,L1P,L
AD9EBB,N977MB,SF50,CIRRUS SF-50 Vision,L1J,L
ADABBB,N980GA,G280,GULFSTREAM G280,L2J,M
ADB1BB,N98136,P28A,PIPER PA-28-140/150/160/180,L1P,L
ADB2BB,N982BR,C82S,CESSNA T182 Turbo Skylane,L1P,L
ADB5BB,N98259,J3,PIPER J-3 Cub,L1P,L
ADB8BB,N98301,P28A,PIPER PA-28-140/150/160/180,L1P,L
ADB9BB,N9838B,C72R,CESSNA 172R Cutlass RG,L1P,L
ADBCBB,N98424,C172,CESSNA 172 Skyhawk,L1P,L
ADC6BB,N987SF,UH1,BELL UH-1 Huey,H1T,L
ADC7BB,N98712,J3,PIPER J-3 Cub,L1P,L
ADD0BB,N99EN,,,,
ADD2BB,N990AZ,DRON,,D0-,-
ADD3BB,N990ME,TBM9,SOCATA TBM-900/910/930/940,L1T,L
ADD7BB,N991QC,G164,GRUMMAN G-164 Ag-Cat,L1P,L
ADD8BB,N9910J,GLID,,L0-,-
ADDDBB,N9929Y,,,,
ADDEBB,N993KT,C182,CESSNA 182 Skylane,L1P,L
ADE0BB,N9934Q,C172,CESSNA 172 Skyhawk,L1P,L
ADEBBB,N9963N,C180,CESSNA  180 Skywagon,L1P,L
ADEDBB,N997MD,BE9L,BEECH 90 King Air,L2T,L
ADF0BB,N998DW,C172,CESSNA 172 Skyhawk,L1P,L
ADF5BB,N999T,BE35,BEECH 35 Starfire Bonanza,L1P,L
ADF6BB,N9992L,AA1,AMERICAN AA-1,L1P,L
ADF7BB,N9999X,C185,CESSNA 185 Skywagon,L1P,L
ADFCBB,93-0635,BE40,BEECH 400 Beechjet,L2J,M
ADFDBB,93-1041,C130,LOCKHEED C-130 Hercules,L4T,M
ADFEBB,95-00123,C560,CESSNA 560 Citation Ultra,L2J,M
ADFFBB,65-10320,T38,NORTHROP T-38 Talon,L2J,L
AE04BB,58-0056,K35R,BOEING KC-135R/T Stratotanker,L4J,H
AE05BB,88-1306,C130,LOCKHEED C-130 Hercules,L4T,M
AE07BB,62-3561,K35R,BOEING KC-135R/T Stratotanker,L4J,H
AE08BB,165966,TEX2,BEECHCRAFT T-6 Texan 2,L1T,L
AE09BB,90-26282,H60,SIKORSKY UH-60 Black Hawk,H2T,M
AE0ABB,99-26840,H60,SIKORSKY UH-60 Black Hawk,H2T,M
AE0CBB,84-24006,H60,SIKORSKY UH-60 Black Hawk,H2T,M
AE0DBB,83-23931,H60,SIKORSKY UH-60 Black Hawk,H2T,M
AE10BB,01-0192,C17,BOEING C-17 Globemaster 3,L4J,H
AE11BB,03-3689,TEX2,BEECHCRAFT T-6 Texan 2,L1T,L
AE13BB,04-3741,TEX2,BEECHCRAFT T-6 Texan 2,L1T,L
AE14BB,160986,BE9L,BEECH 90 King Air,L2T,L
AE17BB,98-0131,F15,MCDONNELL-DOUGLAS F-15 Eagle,L2J,M
AE18BB,78-0647,A10,FAIRCHILD A-10 Thunderbolt II,L2J,M
AE19BB,81-0949,A10,FAIRCHILD A-10 Thunderbolt II,L2J,M
AE1DBB,167831,H60,SIKORSKY UH-60 Black Hawk,H2T,M
AE1EBB,166054,TEX2,BEECHCRAFT T-6 Texan 2,L1T,L
AE1FBB,10-72172,EC45,AIRBUS HELICOPTERS EC-145,H2T,L
AE26BB,6604,AS65,AEROSPATIALE AS-365 Dauphin 2,H2T,L
AE47BB,09-20232,H60,SIKORSKY UH-60 Black Hawk,H2T,M
AE4BBB,165651,H53,SIKORSKY CH-53,H2T,M
AE4EBB,168437,P8,BOEING P-8 Poseidon,L2J,M
AE4FBB,168107,H60,SIKORSKY UH-60 Black Hawk,H2T,M
AE50BB,10-20251,H60,SIKORSKY UH-60 Black Hawk,H2T,M
AE51BB,11-20387,H60,SIKORSKY UH-60 Black Hawk,H2T,M
AE52BB,10-08802,H47,BOEING-VERTOL CH-47 Chinook,H2T,M
AE56BB,13-20595,H60,SIKORSKY UH-60 Black Hawk,H2T,M
AE57BB,168855,P8,BOEING P-8 Poseidon,L2J,M
AE59BB,14-08154,H47,BOEING-VERTOL CH-47 Chinook,H2T,M
AE5ABB,15-20729,H60,SIKORSKY UH-60 Black Hawk,H2T,M
AE5CBB,89-26205,H60,SIKORSKY UH-60 Black Hawk,H2T,M
AE5EBB,162021,B06,BELL 206 JetRanger,H1T,L
AE63BB,20-46079,B762,BOEING 767-200,L2J,H
AE68BB,12-3085,D328,DORNIER 328,L2T,M
AE6CBB,20-03347,H64,MCDONNELL DOUGLAS AH-64 Apache,H2T,M
AE6DBB,21-03379,H64,MCDONNELL DOUGLAS AH-64 Apache,H2T,M
C000BB,C-FAHE,AS50,AEROSPATIALE AS-350 Ecureuil,H1T,L
C001BB,C-FARA,SC7,SHORT Skyvan,L2T,L
C003BB,C-FBKS,B06,BELL 206 JetRanger,H1T,L
C005BB,C-FCEK,PA22,PIPER PA-22,L1P,L
C006BB,C-FCOG,,,,
C007BB,C-FCYC,,,,
C008BB,C-FDHY,WAIX,SONEX Waiex,L1P,L
C009BB,C-FDRU,ZZZZ,,-0-,-
C00ABB,C-FEBQ,B06,BELL 206 JetRanger,H1T,L
C00BBB,C-FELM,BE77,BEECH 77 Skipper,L1P,L
C00CBB,C-FEVI,,,,
C00DBB,C-FFFE,,,,
C00EBB,C-FFPA,JS32,BRITISH AEROSPACE Jetstream Super 31,L2T,M
C00FBB,C-FFYW,DH82,DE HAVILLAND DH-82 Tiger Moth,L1P,L
C010BB,C-FGIS,PA27,PIPER PA-23-250 Aztec,L2P,L
C011BB,C-FGSO,C172,CESSNA 172 Skyhawk,L1P,L
C013BB,C-FHMG,GLEX,BOMBARDIER BD-700 Global 6000/6500,L2J,M
C015BB,C-FIFY,PA14,PIPER PA-14 Family Cruiser,L1P,L
C018BB,C-FJJM,P28A,PIPER PA-28-140/150/160/180,L1P,L
C019BB,C-FJTI,,,,
C01ABB,C-FKDE,,,,
C01BBB,C-FKNA,CH70,ZENAIR CH-701 Stol,L1P,L
C01CBB,C-FKWW,J3,PIPER J-3 Cub,L1P,L
C01DBB,C-FLGS,C175,CESSNA 175 Skylark,L1P,L
C01EBB,C-FLQO,B38M,BOEING 737 MAX 8,L2J,M
C01FBB,C-FMAK,AT43,ATR-42-300,L2T,M
C020BB,C-FMKG,C180,CESSNA  180 Skywagon,L1P,L
C022BB,C-FNDY,PA22,PIPER PA-22,L1P,L
C023BB,C-FNNU,B77W,BOEING 777-300ER,L2J,H
C025BB,C-FOHM,,,,
C027BB,C-FPBE,BCS3,AIRBUS A220-300,L2J,M
C028BB,C-FPLA,,,,
C029BB,C-FPUW,TAYA,TAYLORCRAFT A,L1P,L
C02ABB,C-FQES,P28R,PIPER PA-28R-180/200/201,L1P,L
C02BBB,C-FQOO,P28A,PIPER PA-28-140/150/160/180,L1P,L
C02DBB,C-FRIG,CH20,ZENAIR CH-200 Zenith,L1P,L
C02EBB,C-FRSC,BE55,BEECH 55 Baron,L2P,L
C030BB,C-FSLU,B38M,BOEING 737 MAX 8,L2J,M
C031BB,C-FSVQ,GLID,,L0-,-
C032BB,C-FTFM,DH8A,DE HAVILLAND DHC-8-100 Dash 8,L2T,M
C033BB,C-FTPI,C185,CESSNA 185 Skywagon,L1P,L
C034BB,C-FTZE,E300,EXTRA EA-300/330/350,L1P,L
C035BB,C-FUJA,E75S,EMBRAER ERJ-170-200 (short wing),L2J,M
C036BB,C-FUSW,P28A,PIPER PA-28-140/150/160/180,L1P,L
C038BB,C-FVMO,CH70,ZENAIR CH-701 Stol,L1P,L
C03ABB,C-FWGG,C150,CESSNA 150,L1P,L
C03CBB,C-FWZY,PA25,PIPER PA-25 Pawnee,L1P,L
C03DBB,C-FXJU,,,,
C041BB,C-FYXE,C150,CESSNA 150,L1P,L
C042BB,C-FZHA,C140,CESSNA 140,L1P,L
C043BB,C-FZQW,AS50,AEROSPATIALE AS-350 Ecureuil,H1T,L
C044BB,C-GAAS,C25B,CESSNA 525B Citation CJ3,L2J,L
C045BB,C-GAKO,BL8,BELLANCA 8 Decathlon,L1P,L
C047BB,C-GBEG,FOX,KITFOX,L1P,L
C048BB,C-GBOC,BE55,BEECH 55 Baron,L2P,L
C049BB,C-GBXY,SRAI,GREAT PLAINS Sonerai,L1P,L
C04ABB,C-GCHU,C172,CESSNA 172 Skyhawk,L1P,L
C04BBB,C-GCRQ,C172,CESSNA 172 Skyhawk,L1P,L
C04CBB,C-GDBM,T206,CESSNA T206 Turbo Stationair,L1P,L
C04DBB,C-GDLI,CL60,BOMBARDIER CL-600 Challenger,L2J,M
C04EBB,C-GDVE,CP30,PIEL Emeraude,L1P,L
C04FBB,C-GEFA,A333,AIRBUS A-330-300,L2J,H
C050BB,C-GEOW,PC12,PILATUS PC-12,L1T,L
C051BB,C-GEYS,M5,MAULE M-5,L1P,L
C052BB,C-GFIO,CRJ2,BOMBARDIER Regional Jet CRJ-200,L2J,M
C053BB,C-GFSK,CL2P,CANADAIR CL-215,A2P,M
C054BB,C-GGCG,C172,CESSNA 172 Skyhawk,L1P,L
C055BB,C-GGMC,BE9L,BEECH 90 King Air,L2T,L
C056BB,C-GGVY,C150,CESSNA 150,L1P,L
C058BB,C-GHPQ,B788,BOEING 787-8 Dreamliner,L2J,H
C059BB,C-GHZM,B26,DOUGLAS A-26 Invader,L2P,M
C05CBB,C-GJDA,A332,AIRBUS A-330-200,L2J,H
C05DBB,C-GJMW,,,,
C05EBB,C-GJWS,B738,BOEING 737-800,L2J,M
C05FBB,C-GKGO,,,,
C060BB,C-GKQK,E295,EMBRAER ERJ-190-400,L2J,M
C062BB,C-GLKC,GLST,GLASAIR SH-4 GlaStar,L1P,L
C063BB,C-GLTY,AS50,AEROSPATIALE AS-350 Ecureuil,H1T,L
C064BB,C-GMDU,,,,
C065BB,C-GMNQ,PA31,PIPER PA-31-300/310/325/350/425,L2P,L
C067BB,C-GNHI,P28A,PIPER PA-28-140/150/160/180,L1P,L
C068BB,C-GNRE,M5,MAULE M-5,L1P,L
C069BB,C-GOBA,PA27,PIPER PA-23-250 Aztec,L2P,L
C06BBB,C-GOUS,ULAC,,L0-,-
C06CBB,C-GPEO,C185,CESSNA 185 Skywagon,L1P,L
C06DBB,C-GPOK,SR22,CIRRUS SR-22,L1P,L
C06EBB,C-GPYG,P28R,PIPER PA-28R-180/200/201,L1P,L
C06FBB,C-GQIC,DC4,DOUGLAS DC-4 Skymaster,L4P,M
C070BB,C-GQRY,P28A,PIPER PA-28-140/150/160/180,L1P,L
C073BB,C-GRVM,RV4,VANS RV-4,L1P,L
C074BB,C-GSFI,T206,CESSNA T206 Turbo Stationair,L1P,L
C075BB,C-GSPE,B407,BELL 407,H1T,L
C077BB,C-GTIW,PA31,PIPER PA-31-300/310/325/350/425,L2P,L
C078BB,C-GTSS,C182,CESSNA 182 Skylane,L1P,L
C079BB,C-GUCO,S108,STINSON 108 Voyager,L1P,L
C07ABB,C-GUMK,R44,ROBINSON R-44 Raven,H1P,L
C07CBB,C-GVGC,PA32,PIPER PA-32,L1P,L
C07FBB,C-GWJQ,,,,
C080BB,C-GWTM,C172,CESSNA 172 Skyhawk,L1P,L
C081BB,C-GXDI,C182,CESSNA 182 Skylane,L1P,L
C083BB,C-GXXA,BE23,BEECH 23 Sundowner,L1P,L
C084BB,C-GYGW,C172,CESSNA 172 Skyhawk,L1P,L
C085BB,C-GYQS,,,,
C087BB,C-GZKK,C152,CESSNA 152,L1P,L
C08ABB,C-IANY,ULAC,,L0-,-
C08BBB,C-IAXU,ULAC,,L0-,-
C08CBB,C-IBHQ,ULAC,,L0-,-
C08DBB,C-IBRM,ULAC,,L0-,-
C08EBB,C-ICBI,,,,
C08FBB,C-ICLE,PARA,,P0-,-
C090BB,C-ICVA,CHIN,ASAP Chinook,L1P,L
C091BB,C-IDEW,ULAC,,L0-,-
C092BB,C-IDOS,ULAC,,L0-,-
C094BB,C-IEIK,,,,
C095BB,C-IESG,,,,
C096BB,C-IFCC,ULAC,,L0-,-
C097BB,C-IFLY,MAME,BLUE YONDER Merlin,L1P,L
C098BB,C-IFVU,,,,
C099BB,C-IGFQ,,,,
C09ABB,C-IGPM,PARA,,P0-,-
C09BBB,C-IGZI,PARA,,P0-,-
C09FBB,C-IIMS,CH70,ZENAIR CH-701 Stol,L1P,L
C0A1BB,C-IJGK,N3,NOSTALGAIR N-3 Super Pup,L1P,L
C0A2BB,C-IJQG,PARA,,P0-,-
C0A3BB,C-IKAC,ULAC,,L0-,-
C0A5BB,C-IKTU,EZFL,BLUE YONDER E-Z Flyer,L1P,L
C0A6BB,C-ILDQ,PARA,,P0-,-
C0B9BB,C-ISIS,ULAC,,L0-,-
C0BBBB,C-ITCK,ULAC,,L0-,-
C0C5BB,C-IWWW,,,,
C1E4BB,SERV,SERV,,V0-,-
C1E9BB,SERV,SERV,,V0-,-
C2B1BB,140103,P3,LOCKHEED P-3 Orion,L4T,M
C802BB,ZK-MRL,C177,CESSNA  177 Cardinal,L1P,L
C805BB,ZK-FHP,P28R,PIPER PA-28R-180/200/201,L1P,L
C80ABB,ZK-DJE,FU24,FLETCHER FU-24,L1P,L
C80DBB,ZK-HDF,R22,ROBINSON R-22 Mariner,H1P,L
C813BB,ZK-EMD,GA20,GIPPSLAND GA-200 Fatman,L1P,L
C816BB,ZK-HZJ,AS50,AEROSPATIALE AS-350 Ecureuil,H1T,L
C818BB,ZK-WOC,STRM,SG AVIATION Storm,L1P,L
C819BB,ZK-HLC,R22,ROBINSON R-22 Mariner,H1P,L
C81CBB,ZK-JAL,TMOT,FISHER R-80 Tiger Moth,L1P,L
C81EBB,ZK-IEE,R44,ROBINSON R-44 Raven,H1P,L
C820BB,ZK-CYG,SF2,VIKING SF-2 Cygnet,L1P,L
C821BB,ZK-TFL,PC12,PILATUS PC-12,L1T,L
C822BB,ZK-PLT,PC12,PILATUS PC-12,L1T,L
C823BB,ZK-IGT,B06,BELL 206 JetRanger,H1T,L
C828BB,ZK-FDS,BE20,BEECH 200 Super King Air,L2T,M
E482BB,PR-AYC,E190,EMBRAER ERJ-190-100,L2J,M
E483BB,2591,E190,EMBRAER ERJ-190-100,L2J,M
E484BB,PR-RPN,BE9L,BEECH 90 King Air,L2T,L
E48ABB,PT-TRC,C208,CESSNA 208 Caravan,L1T,L
E48DBB,PR-WQY,GLF5,GULFSTREAM 5,L2J,M
E48EBB,PR-DRM,PA34,PIPER PA-34 Seneca,L2P,L
E490BB,PR-GZM,P46T,PIPER PA-46-500TP,L1T,L
E491BB,PP-JGG,BE58,BEECH 58 Baron,L2P,L
E493BB,PT-LNP,BE58,BEECH 58 Baron,L2P,L
E494BB,PR-XMH,B38M,BOEING 737 MAX 8,L2J,M
E495BB,PR-PGG,P46T,PIPER PA-46-500TP,L1T,L
E496BB,PS-OJM,P46T,PIPER PA-46-500TP,L1T,L
E497BB,PR-OTQ,EC75,AIRBUS HELICOPTERS EC-175,H2T,M
