0088BC,ZS-DHJ,DH8D,DE HAVILLAND DHC-8-400 Dash 8,L2T,M
0089BC,ZS-DRF,F28,FOKKER F-28,L2J,M
0091BC,ZS-GRZ,GLID,,L0-,-
0095BC,ZS-IFJ,C206,CESSNA  206 Stationair,L1P,L
0099BC,ZS-JST,RALL,SOCATA Rallye,L1P,L
0101BC,SU-GEL,B738,BOEING 737-800,L2J,M
0200BC,CN-BTM,TEX2,BEECHCRAFT T-6 Texan 2,L1T,L
06A0BC,A7-BCX,B788,BOEING 787-8 Dreamliner,L2J,H
06A1BC,A7-BEF,B77W,BOEING 777-300ER,L2J,H
08CEBC,9S-AVZ,B722,BOEING 727-200,L3J,M
0900BC,D2-TEH,B77W,BOEING 777-300ER,L2J,H
0AC7BC,FAC4138,H60,SIKORSKY UH-60 Black Hawk,H2T,M
0AC8BC,FAC3103,E314,EMBRAER EMB-314 Super Tucano,L1T,L
0C20BC,HP-1850CMP,B738,BOEING 737-800,L2J,M
0D07BC,XA-GAD,E190,EMBRAER ERJ-190-100,L2J,M
0D09BC,XA-GRE,CL60,BOMBARDIER CL-600 Challenger,L2J,M
0D0ABC,XA-TFR,E550,EMBRAER EMB-550 Praetor 600,L2J,M
0D0CBC,XA-VBH,A21N,AIRBUS A-321neo,L2J,M
1130BC,GND,GND,,V0-,-
140ABC,RA-02748,E35L,EMBRAER EMB-135 Legacy,L2J,M
1410BC,RA-04284,R44,ROBINSON R-44 Raven,H1P,L
14BABC,RA-47804,AN24,ANTONOV An-24,L2T,M
14DEBC,57020,,,,
1500BC,65724,T134,TUPOLEV Tu-134,L2J,M
1501BC,RF-94296,T134,TUPOLEV Tu-134,L2J,M
1506BC,RA-67260,DH8D,DE HAVILLAND DHC-8-400 Dash 8,L2T,M
151DBC,RA-73148,A320,AIRBUS A-320,L2J,M
151EBC,RA-73404,A320,AIRBUS A-320,L2J,M
151FBC,RA-73660,B738,BOEING 737-800,L2J,M
152ABC,RA-76476,IL76,ILYUSHIN Il-76/82,L4J,H
155BBC,RA-89020,SU95,SUKHOI Superjet 100-95,L2J,M
3002BC,I-LYFE,P68,PARTENAVIA P-68 Observer,L2P,L
3004BC,I-ANEW,A139,AGUSTA AW-139,H2T,L
3005BC,I-GILI,SIRA,TECNAM P-2002 Sierra,L1P,L
3006BC,I-BMBN,BE35,BEECH 35 Starfire Bonanza,L1P,L
3007BC,I-ICAQ,S05R,SIAI-MARCHETTI S-205-22R,L1P,L
3008BC,I-ACMN,P28A,PIPER PA-28-140/150/160/180,L1P,L
31D8BC,SIRA,,,,
31DEBC,I-9256,SA2,ICP SA-2 Rampage,L1P,L
31FFBC,I-7435,TEXA,FLY SYNTHESIS Texan,L1P,L
33FFBC,MM62218,C27J,ALENIA C-27J Spartan,L2T,M
3803BC,01TJ,FK9,B&F TECHNIK FK-9,L1P,L
3807BC,86GO,PNR2,ALPI Pioneer 200,L1P,L
380BBC,F-PLMO,JAB4,JABIRU J200-450,L1P,L
380EBC,F-JEXR,SAVG,ZLIN AVIATION Savage,L1P,L
3810BC,F-JWRS,ULAC,,L0-,-
3816BC,F-JSUC,SVNH,AEROTEC Savannah,L1P,L
381FBC,F-JUAM,GYRO,,G0-,-
3827BC,F-JVAZ,VL3,AVEKO Flamingo,L1P,L
3832BC,F-JSFD,ULAC,,L0-,-
3833BC,F-JUHV,ULAC,,L0-,-
3836BC,F-JAGC,VL3,AVEKO Flamingo,L1P,L
383BBC,F-JART,J300,ALMS J-300 Joker,L1P,L
383CBC,F-JBIC,ULAC,,L0-,-
383DBC,F-JBKA,ULAC,,L0-,-
383EBC,01AHA,WT9,AEROSPOOL WT-9 Dynamic,L1P,L
3841BC,F-JCIB,STCH,FLY SYNTHESIS Storch,L1P,L
3842BC,F-JEDX,FOX,KITFOX,L1P,L
3846BC,F-JDHP,FDCT,FLIGHT DESIGN CT,L1P,L
384BBC,F-JDQO,ULAC,,L0-,-
384CBC,F-JDRU,FDCT,FLIGHT DESIGN CT,L1P,L
384DBC,F-JDUR,ULAC,,L0-,-
384EBC,F-JDVL,ULAC,,L0-,-
384FBC,F-JVGR,ULAC,,L0-,-
3855BC,F-JGKH,NG5,BRM AERO NG-5/6 Bristell,L1P,L
3858BC,F-JGWD,SVNH,AEROTEC Savannah,L1P,L
385ABC,F-JDTX,ULAC,,L0-,-
385BBC,F-JCAO,ULAC,,L0-,-
385DBC,F-JIMY,ULAC,,L0-,-
385EBC,F-JIQA,ULAC,,L0-,-
385FBC,F-JITQ,NG5,BRM AERO NG-5/6 Bristell,L1P,L
3881BC,91RK,PISI,PIPSTREL Sinus,L1P,L
3888BC,F-JYAD,FK12,B&F TECHNIK FK-12 Comet,L1P,L
388BBC,F-JZBF,ULAC,,L0-,-
388EBC,77AVV,PNR3,ALPI Pioneer 330,L1P,L
3890BC,F-JXPF,MX1T,WORLD AIRCRAFT Sentinel,L1P,L
3891BC,80XL,PNR2,ALPI Pioneer 200,L1P,L
3893BC,F-JGGW,EL10,ELA AVIACION ELA-10,G1P,L
3894BC,95XT,FK9,B&F TECHNIK FK-9,L1P,L
3898BC,F-JPLG,ZEPH,ATEC Zephyr,L1P,L
3899BC,F-JWNG,G1,G1 AVIATION G-1,L1P,L
389EBC,F-JHYY,ULAC,,L0-,-
38A0BC,F-JHBE,ULAC,,L0-,-
38A2BC,F-JHRW,UHEL,,H0-,-
38A4BC,F-JRZL,VL3,AVEKO Flamingo,L1P,L
38A5BC,F-JZOE,GUEP,AERO SERVICE Super Guepard,L1P,L
38AEBC,F-JTFR,CLON,AUTOGYRO Cavalon,G1P,L
38AFBC,59DEV,MCR1,COLOMBAN Ban-Bi,L1P,L
38B0BC,F-JDJQ,ULAC,,L0-,-
38B1BC,F-JTSJ,FDCT,FLIGHT DESIGN CT,L1P,L
38B4BC,F-JGII,SHRK,SHARK AERO Shark,L1P,L
38B5BC,F-JUHX,SD4,TOMARK Viper,L1P,L
38B7BC,F-JROI,EV97,EVEKTRO EV-97 EuroStar,L1P,L
38BDBC,F-JVBJ,ULAC,,L0-,-
38BEBC,F-JGHE,ULAC,,L0-,-
38C3BC,F-JVUR,TL20,TL ULTRALIGHT TL-2000 Sting,L1P,L
38C4BC,F-JSZC,ULAC,,L0-,-
38CABC,F-JRKB,C42,IKARUS C-42 Bison,L1P,L
38CCBC,F-JUKD,EV97,EVEKTRO EV-97 EuroStar,L1P,L
38D6BC,F-JBEB,VL3,AVEKO Flamingo,L1P,L
38D9BC,F-JIBH,UF13,URBAN UFM-13 Lambada,L1P,L
38DDBC,F-JCKI,ULAC,,L0-,-
38E0BC,F-JWMU,ULAC,,L0-,-
38E1BC,F-JDEX,ULAC,,L0-,-
38E4BC,F-JLTP,VL3,AVEKO Flamingo,L1P,L
38E5BC,F-JBZU,ULAC,,L0-,-
38E8BC,F-JDZM,WT9,AEROSPOOL WT-9 Dynamic,L1P,L
38E9BC,F-JERW,ULAC,,L0-,-
38EABC,F-JSEL,NNJA,BEST OFF Nynja,L1P,L
38EDBC,F-JRPC,PISI,PIPSTREL Sinus,L1P,L
38F0BC,F-JGJA,VL3,AVEKO Flamingo,L1P,L
38F1BC,F-JVTK,ULAC,,L0-,-
38F2BC,F-JGLZ,VL3,AVEKO Flamingo,L1P,L
38F3BC,F-JGRE,VL3,AVEKO Flamingo,L1P,L
38F4BC,F-JGPZ,D18,JODEL D-18/19/20,L1P,L
38F5BC,F-JHEC,SV4,NORD SV-4,L1P,L
38F7BC,F-JHRV,FDCT,FLIGHT DESIGN CT,L1P,L
38F9BC,F-JIMT,SVNH,AEROTEC Savannah,L1P,L
38FBBC,F-JISF,FK12,B&F TECHNIK FK-12 Comet,L1P,L
38FEBC,F-JJCC,NG5,BRM AERO NG-5/6 Bristell,L1P,L
3901BC,F-JBQM,ULAC,,L0-,-
3908BC,F-JHGS,WT9,AEROSPOOL WT-9 Dynamic,L1P,L
3909BC,F-JXHQ,ULAC,,L0-,-
390ABC,F-JXKN,WT9,AEROSPOOL WT-9 Dynamic,L1P,L
390DBC,F-JCYM,TTRS,HUMBERT Tetras,L1P,L
390EBC,F-JWAL,ULAC,,L0-,-
3910BC,73MB,WT9,AEROSPOOL WT-9 Dynamic,L1P,L
3912BC,68YE,WT9,AEROSPOOL WT-9 Dynamic,L1P,L
3913BC,F-JHLS,FDCT,FLIGHT DESIGN CT,L1P,L
3918BC,F-JWXP,FK12,B&F TECHNIK FK-12 Comet,L1P,L
3919BC,21AEQ,GUEP,AERO SERVICE Super Guepard,L1P,L
391ABC,57AXM,EV97,EVEKTRO EV-97 EuroStar,L1P,L
391BBC,F-JWTD,ULAC,,L0-,-
391FBC,F-JILU,ULAC,,L0-,-
3922BC,F-JDQA,CH60,ZENAIR CH-600 Zodiac,L1P,L
3924BC,F-JSYW,CH60,ZENAIR CH-600 Zodiac,L1P,L
3928BC,F-JIXX,AP32,AEROPRACT A-32,L1P,L
393CBC,F-JVDT,ULAC,,L0-,-
393EBC,F-JAJV,WT9,AEROSPOOL WT-9 Dynamic,L1P,L
393FBC,F-JVNM,SVNH,AEROTEC Savannah,L1P,L
3941BC,F-JVPU,FDCT,FLIGHT DESIGN CT,L1P,L
3942BC,F-JAQZ,ULAC,,L0-,-
3944BC,F-JVXO,ALSL,AIRLONY Skylane,L1P,L
3945BC,F-JBIJ,ULAC,,L0-,-
3947BC,F-JRPG,ULAC,,L0-,-
3949BC,F-JSZB,TTRS,HUMBERT Tetras,L1P,L
394BBC,F-JTVN,ULAC,,L0-,-
394EBC,F-JVFO,ULAC,,L0-,-
3952BC,F-JXVU,ULAC,,L0-,-
3956BC,F-JAON,PISI,PIPSTREL Sinus,L1P,L
395ABC,F-JBAN,VL3,AVEKO Flamingo,L1P,L
395BBC,F-JBEM,ULAC,,L0-,-
395FBC,F-JSFN,FDCT,FLIGHT DESIGN CT,L1P,L
3961BC,F-JGHU,WT9,AEROSPOOL WT-9 Dynamic,L1P,L
3963BC,40FZ,STRM,SG AVIATION Storm,L1P,L
3964BC,F-JWHB,SVNH,AEROTEC Savannah,L1P,L
3969BC,F-JDHW,ULAC,,L0-,-
3971BC,F-JDUO,ULAC,,L0-,-
3972BC,F-JZTF,ZEPH,ATEC Zephyr,L1P,L
3973BC,F-JDYR,C42,IKARUS C-42 Bison,L1P,L
3974BC,F-JDZU,SVNH,AEROTEC Savannah,L1P,L
3975BC,F-JEIW,ULAC,,L0-,-
3978BC,F-JFJN,WT9,AEROSPOOL WT-9 Dynamic,L1P,L
3979BC,F-JFXD,ULAC,,L0-,-
397CBC,F-JGFQ,ULAC,,L0-,-
397EBC,F-JGKC,LGND,AEROPILOT Legend,L1P,L
3985BC,F-JYWS,FDCT,FLIGHT DESIGN CT,L1P,L
3987BC,F-JXUP,EV97,EVEKTRO EV-97 EuroStar,L1P,L
39A1BC,F-JSIZ,ULAC,,L0-,-
39A3BC,02AAO,ECHO,TECNAM P-92 Echo,L1P,L
39ACBC,F-JTJK,PNR2,ALPI Pioneer 200,L1P,L
39AFBC,F-JTQM,FK9,B&F TECHNIK FK-9,L1P,L
39B0BC,F-JXBV,SAVG,ZLIN AVIATION Savage,L1P,L
39BDBC,F-JVAH,FDCT,FLIGHT DESIGN CT,L1P,L
39C3BC,F-JTPM,KP2,JIHLAVAN KP-2 Sova,L1P,L
39D0BC,F-JVRV,NG5,BRM AERO NG-5/6 Bristell,L1P,L
39D1BC,F-JRMV,EV97,EVEKTRO EV-97 EuroStar,L1P,L
39D2BC,F-JACD,WT9,AEROSPOOL WT-9 Dynamic,L1P,L
39DABC,F-JBBW,PIVI,PIPSTREL Virus,L1P,L
39DBBC,F-JBGI,SVNH,AEROTEC Savannah,L1P,L
39DCBC,F-JAMZ,ULAC,,L0-,-
39DDBC,F-JBLH,WT9,AEROSPOOL WT-9 Dynamic,L1P,L
39E1BC,F-JBZE,NG5,BRM AERO NG-5/6 Bristell,L1P,L
39E5BC,F-JCPP,CH60,ZENAIR CH-600 Zodiac,L1P,L
39E6BC,F-JCSV,ULAC,,L0-,-
39ECBC,F-JRRM,ULAC,,L0-,-
39F2BC,F-JDXH,VL3,AVEKO Flamingo,L1P,L
39F3BC,F-JDYU,ULAC,,L0-,-
39F4BC,F-JPHJ,EC6,CROSES EC-6 Criquet,L1P,L
3A0DBC,F-JSZR,PNR2,ALPI Pioneer 200,L1P,L
3A0EBC,31RM,FDCT,FLIGHT DESIGN CT,L1P,L
3A15BC,F-JUVX,ULAC,,L0-,-
3A17BC,F-JVKO,VL3,AVEKO Flamingo,L1P,L
3A18BC,F-JTMT,ULAC,,L0-,-
3A2ABC,F-JCVP,AP22,AEROPRACT A-22,L1P,L
3A2CBC,F-JDGY,FDCT,FLIGHT DESIGN CT,L1P,L
3A30BC,F-JDUS,ULAC,,L0-,-
3A34BC,F-JGCW,ULAC,,L0-,-
3AAABC,F-MEBM,NH90,NHI NH-90,H2T,M
3AABBC,F-MDAI,PUMA,AEROSPATIALE SA-330 Puma,H2T,L
3C1CBC,D-AZWX,A21N,AIRBUS A-321neo,L2J,M
3CC2BC,D-CBAY,C680,CESSNA 680 Citation Sovereign,L2J,M
3CEFBC,D-CSCA,C25B,CESSNA 525B Citation CJ3,L2J,L
3D04BC,D-EAAU,B209,MBB BO-209 Monsun,L1P,L
3D05BC,D-EAKQ,SYMP,OMF Symphony,L1P,L
3D07BC,D-EBEI,ME08,MESSERSCHMITT Bf-108 Taifun,L1P,L
3D08BC,D-EBOE,B209,MBB BO-209 Monsun,L1P,L
3D0ABC,D-ECHW,C150,CESSNA 150,L1P,L
3D0BBC,D-ECRS,C182,CESSNA 182 Skylane,L1P,L
3D0CBC,D-EDBO,P32T,PIPER PA-32RT-300/300T,L1P,L
3D0DBC,D-EDLK,C172,CESSNA 172 Skyhawk,L1P,L
3D0FBC,D-EEFC,PA24,PIPER PA-24 Comanche,L1P,L
3D12BC,D-EFIQ,C172,CESSNA 172 Skyhawk,L1P,L
3D13BC,D-EFSM,BREZ,AEROSTYLE Breezer,L1P,L
3D14BC,D-EGCI,G115,GROB G-115,L1P,L
3D16BC,D-EGWA,GY80,DAHER-SOCATA GY-80 Horizon,L1P,L
3D17BC,D-EHFW,P28R,PIPER PA-28R-180/200/201,L1P,L
3D18BC,D-EHPS,P28A,PIPER PA-28-140/150/160/180,L1P,L
3D1BBC,D-EITG,C172,CESSNA 172 Skyhawk,L1P,L
3D1EBC,D-EJWU,C172,CESSNA 172 Skyhawk,L1P,L
3D20BC,D-EKQM,DR40,ROBIN DR-400,L1P,L
3D21BC,D-ELAI,FDCT,FLIGHT DESIGN CT,L1P,L
3D22BC,D-ELKE,P28A,PIPER PA-28-140/150/160/180,L1P,L
3D27BC,D-ENHK,P28A,PIPER PA-28-140/150/160/180,L1P,L
3D28BC,D-ENRG,P32R,PIPER PA-32R-300/301/301T,L1P,L
3D29BC,D-EOBC,C172,CESSNA 172 Skyhawk,L1P,L
3D31BC,D-ERBW,P28A,PIPER PA-28-140/150/160/180,L1P,L
3D32BC,D-ERLS,SR22,CIRRUS SR-22,L1P,L
3D34BC,D-ESFK,FA02,FLAEMING AIR FA-02,L1P,L
3D3ABC,D-EUMM,DV20,DIAMOND DA-20,L1P,L
3D41BC,D-EXDK,ULAC,,L0-,-
3D42BC,D-EXNG,ZZZZ,,-0-,-
3D43BC,D-EXXC,P28R,PIPER PA-28R-180/200/201,L1P,L
3D47BC,D-EZKM,F260,AERMACCHI SF-260,L1P,L
3D4FBC,D-FCLG,PC6T,PILATUS PC-6 Turbo-Porter,L1T,L
3D63BC,D-FKAE,TBM8,SOCATA TBM-850,L1T,L
3DD4BC,D-HAUU,AS50,AEROSPATIALE AS-350 Ecureuil,H1T,L
3E25BC,D-IFMI,BE9L,BEECH 90 King Air,L2T,L
3E4EBC,D-IVAA,C510,CESSNA 510 Citation Mustang,L2J,L
3E5CBC,D-KAHW,VENT,SCHEMPP-HIRTH Ventus,L1P,L
3E5EBC,D-KBBO,AS22,SCHLEICHER ASW-22,L1P,L
3E60BC,D-KBVG,GLID,,L0-,-
3E61BC,D-KCFC,GLID,,L0-,-
3E67BC,D-KEME,VENT,SCHEMPP-HIRTH Ventus,L1P,L
3E68BC,D-KEWA,DIMO,DIAMOND H-36 Dimona,L1P,L
3E69BC,D-KFFW,GLID,,L0-,-
3E6ABC,D-KFPS,L13S,AEROTECHNIK L-13S Vivat,L1P,L
3E6DBC,D-KGTG,DIMO,DIAMOND H-36 Dimona,L1P,L
3E6FBC,D-KHMY,AS25,SCHLEICHER ASH-25,L1P,L
3E73BC,D-KJAI,RF4,FOURNIER RF-4,L1P,L
3E7FBC,D-KNOM,DG80,DG FLUGZEUGBAU DG-800,L1P,L
3EC2BC,D-KOSA,SF25,SCHEIBE SF-25 Falke,L1P,L
3ECEBC,D-KTGE,GLID,,L0-,-
3EDEBC,D-KZHS,GLID,,L0-,-
3EE0BC,D-0037,GLID,,L0-,-
3EECBC,D-3109,GLID,,L0-,-
3EEFBC,D-3877,DG50,DG FLUGZEUGBAU DG-500M,L1P,L
3EF2BC,D-4645,GLID,,L0-,-
3EF8BC,D-6181,GLID,,L0-,-
3EFEBC,D-7717,GLID,,L0-,-
3F29BC,D-OBSE,BALL,,B0-,-
3F90BC,74+58,TIGR,AIRBUS HELICOPTERS EC-665 Tiger,H2T,L
3FEABC,D-MWEZ,G3,REMOS Mirage,L1P,L
3FEBBC,D-MACS,EV97,EVEKTRO EV-97 EuroStar,L1P,L
3FEDBC,D-MRUN,G3,REMOS Mirage,L1P,L
3FEEBC,D-MEJS,FK14,B&F TECHNIK FK-14 Polaris,L1P,L
3FEFBC,D-MVJR,EFOX,AEROPRO Eurofox,L1P,L
3FF0BC,D-MYML,C42,IKARUS C-42 Bison,L1P,L
3FF2BC,D-MTRA,EFOX,AEROPRO Eurofox,L1P,L
3FF3BC,D-MABW,C42,IKARUS C-42 Bison,L1P,L
3FF4BC,D-MPKF,C42,IKARUS C-42 Bison,L1P,L
3FF5BC,D-MYDA,TL20,TL ULTRALIGHT TL-2000 Sting,L1P,L
3FF7BC,D-MUAS,BREZ,AEROSTYLE Breezer,L1P,L
4001BC,VP-BCW,H25B,HAWKER BEECHCRAFT Hawker 750/850,L2J,M
4005BC,G-VIID,B772,BOEING 777-200,L2J,H
4008BC,G-CFAC,RJ1H,AVRO RJ-100 Avroliner,L4J,M
4009BC,G-CELV,B733,BOEING 737-300,L2J,M
400ABC,G-NESW,PA34,PIPER PA-34 Seneca,L2P,L
400CBC,G-DSID,PA34,PIPER PA-34 Seneca,L2P,L
400DBC,G-AZHB,HR10,ROBIN HR-100,L1P,L
400EBC,G-BYWG,G115,GROB G-115,L1P,L
400FBC,G-VVTV,DA42,DIAMOND DA-42 Guardian,L2P,L
4011BC,G-RAFY,SKRA,BEST OFF Sky Ranger,L1P,L
4012BC,G-CDGW,P28A,PIPER PA-28-140/150/160/180,L1P,L
4014BC,G-AOIM,DH82,DE HAVILLAND DH-82 Tiger Moth,L1P,L
4016BC,G-AVCM,PA24,PIPER PA-24 Comanche,L1P,L
4018BC,G-AYJY,IFUR,ISAACS Fury,L1P,L
4019BC,G-BACL,D150,JODEL D-150 Mascaret,L1P,L
401CBC,G-BEZO,C172,CESSNA 172 Skyhawk,L1P,L
401EBC,G-IANC,TOBA,SOCATA Tobago,L1P,L
4020BC,G-SKYC,RF6,FOURNIER RF-6,L1P,L
4021BC,G-EXEC,PA34,PIPER PA-34 Seneca,L2P,L
4026BC,G-BMLL,G109,GROB G-109,L1P,L
4028BC,G-BNIO,L8,LUSCOMBE 8,L1P,L
402FBC,G-OPJD,P28U,PIPER PA-28RT-201T Turbo,L1P,L
4031BC,G-BSDP,C152,CESSNA 152,L1P,L
4032BC,G-KIRC,CAMP,GREGA GN-1 Aircamper,L1P,L
4034BC,G-UZLE,BALL,,B0-,-
4036BC,G-SIIE,PTS2,PITTS S-2 Special,L1P,L
4038BC,G-LIVH,J3,PIPER J-3 Cub,L1P,L
403DBC,G-RVAN,RV6,VANS RV-6,L1P,L
4042BC,G-BYYN,ULAC,,L0-,-
4043BC,G-BZJM,MM16,MAGNI M-16 Tandem Trainer,G1P,L
4045BC,G-LHCB,R22,ROBINSON R-22 Mariner,H1P,L
4046BC,G-LTZY,EC20,AIRBUS HELICOPTERS EC-120,H1T,L
4048BC,G-FINZ,SKAR,III Sky Arrow,L1P,L
404ABC,G-SOCT,YK50,YAKOVLEV Yak-50,L1P,L
404DBC,G-CDJD,SVNH,AEROTEC Savannah,L1P,L
404EBC,G-MILD,SF25,SCHEIBE SF-25 Falke,L1P,L
404FBC,G-GTFC,ULAC,,L0-,-
4050BC,G-TDYN,WT9,AEROSPOOL WT-9 Dynamic,L1P,L
4051BC,G-CENE,FDCT,FLIGHT DESIGN CT,L1P,L
4052BC,G-LSPH,RV8,VANS RV-8,L1P,L
4054BC,G-CEWT,FDCT,FLIGHT DESIGN CT,L1P,L
4063BC,G-CZOS,SR20,CIRRUS SR-20,L1P,L
4064BC,G-FELM,P28A,PIPER PA-28-140/150/160/180,L1P,L
4066BC,G-CGZU,SPIT,SUPERMARINE Spitfire,L1P,L
4067BC,G-MOLA,EV97,EVEKTRO EV-97 EuroStar,L1P,L
4068BC,G-CHWM,CLON,AUTOGYRO Cavalon,G1P,L
4069BC,G-CHYB,G109,GROB G-109,L1P,L
406CBC,G-WLTS,B429,BELL 429 GlobalRanger,H2T,L
406DBC,G-CIOZ,C42,IKARUS C-42 Bison,L1P,L
406EBC,G-CIRL,BALL,,B0-,-
406FBC,G-TIMO,EC20,AIRBUS HELICOPTERS EC-120,H1T,L
4070BC,G-IDHC,C172,CESSNA 172 Skyhawk,L1P,L
4071BC,G-JEMZ,BALL,,B0-,-
4073BC,G-VONY,C182,CESSNA 182 Skylane,L1P,L
4074BC,G-CKTG,BALL,,B0-,-
4075BC,G-CLVO,GLID,,L0-,-
4076BC,G-DSMR,GLF6,GULFSTREAM G650,L2J,M
4077BC,G-CLDP,CDUS,AUTOGYRO Calidus,G1P,L
4079BC,G-FPRD,SR22,CIRRUS SR-22,L1P,L
407CBC,G-DOOG,TL20,TL ULTRALIGHT TL-2000 Sting,L1P,L
4243BC,VQ-BXG,FA8X,DASSAULT Falcon 8X,L3J,M
4247BC,VP-CJH,GLF6,GULFSTREAM G650,L2J,M
4248BC,VP-CSI,B738,BOEING 737-800,L2J,M
424BBC,M-ATRJ,FA7X,DASSAULT Falcon 7X,L3J,M
43C4BC,ZA710,H47,BOEING-VERTOL CH-47 Chinook,H2T,M
43C5BC,ZJ647,AJET,DASSAULT-DORNIER Alpha Jet,L2J,M
43C6BC,ZZ399,LYNX,AGUSTAWESTLAND AW-159 Super Lynx,H2T,L
43C8BC,ZM309,G12T,GROB G-120TP,L1T,L
43E8BC,M-DKVL,GLF4,GULFSTREAM 4,L2J,M
43E9BC,M-MDBD,GLEX,BOMBARDIER BD-700 Global 6000/6500,L2J,M
43EABC,M-ABJX,EC25,AIRBUS HELICOPTERS EC-225/725,H2T,M
43EDBC,2-VYFI,B738,BOEING 737-800,L2J,M
4400BC,OE-FOX,C340,CESSNA 340 Super,L2P,L
4403BC,OE-7105,WT9,AEROSPOOL WT-9 Dynamic,L1P,L
4405BC,OE-DHJ,S22T,CIRRUS SR-22T Turbo,L1P,L
4406BC,OE-LDM,DC6,DOUGLAS DC-6 Liftmaster,L4P,M
4408BC,OE-XNE,B407,BELL 407,H1T,L
440BBC,OE-FXX,DA62,DIAMOND DA-62,L2P,L
440CBC,OE-IRB,GLEX,BOMBARDIER BD-700 Global 6000/6500,L2J,M
4701BC,HA-ARC,P28A,PIPER PA-28-140/150/160/180,L1P,L
4785BC,LN-TFS,P28A,PIPER PA-28-140/150/160/180,L1P,L
47A6BC,LN-OXI,A169,AGUSTA AW-169,H2T,L
47C2BC,LN-YAH,JABI,Jabiru J120,L1P,L
4840BC,PJ-TYD,BN2P,BRITTEN-NORMAN BN-2 Islander,L2P,L
4847BC,PH-KLU,T6,NORTH AMERICAN T-6 Texan,L1P,L
4848BC,PH-980,GLID,,L0-,-
484ABC,PH-PAZ,C182,CESSNA 182 Skylane,L1P,L
484BBC,PH-1035,DUOD,SCHEMPP-HIRTH Duo Discus,L1P,L
484CBC,PH-BVI,B77W,BOEING 777-300ER,L2J,H
484FBC,PH-PPY,BALL,,B0-,-
4851BC,PH-1HX,ZZZZ,,-0-,-
4854BC,PH-2BH,ZZZZ,,-0-,-
4855BC,PH-2IM,ZZZZ,,-0-,-
4856BC,PH-2UR,ZZZZ,,-0-,-
4864BC,PH-PNY,PA31,PIPER PA-31-300/310/325/350/425,L2P,L
48E4BC,SP-NHM,R44,ROBINSON R-44 Raven,H1P,L
49C1BC,OK-HUG04,ZEPH,ATEC Zephyr,L1P,L
49D0BC,OK-JAN,L200,LET L-200 Morava,L2P,L
49D2BC,OK-STB,C152,CESSNA 152,L1P,L
49D4BC,OK-AIS,SIRA,TECNAM P-2002 Sierra,L1P,L
4B08BC,HB-DIA,M20P,MOONEY M-20,L1P,L
4B0ABC,HB-EBS,DR10,CENTRE EST Ambassadeur,L1P,L
4B0BBC,HB-ELO,J3,PIPER J-3 Cub,L1P,L
4B0EBC,HB-FPC,PC12,PILATUS PC-12,L1T,L
4B14BC,HB-HWE,PC21,PILATUS PC-21,L1T,L
4B26BC,HB-ORK,PA18,PIPER PA-18 Super Cub,L1P,L
4B28BC,HB-PLC,P28T,PIPER PA-28RT-201,L1P,L
4B2BBC,HB-QOQ,BALL,,B0-,-
4B2CBC,HB-QYM,BALL,,B0-,-
4B39BC,HB-VWM,C525,CESSNA 525 CitationJet,L2J,L
4B3ABC,HB-WGI,GYRO,,G0-,-
4B40BC,HB-YNK,EUPA,Europa,L1P,L
4B47BC,HB-789,GLID,,L0-,-
4B4DBC,HB-2325,VENT,SCHEMPP-HIRTH Ventus,L1P,L
4B7FBC,A-928,PC7,PILATUS PC-7 Astra,L1T,L
4CA5BC,EI-GLU,GLID,,L0-,-
4CA8BC,EI-EDR,P28R,PIPER PA-28R-180/200/201,L1P,L
4CA9BC,EI-LRC,A21N,AIRBUS A-321neo,L2J,M
4CACBC,EI-GEG,E190,EMBRAER ERJ-190-100,L2J,M
4D21BC,9H-ASB,GL5T,BOMBARDIER BD-700 Global 5000/5500,L2J,M
4D22BC,9H-LMC,A320,AIRBUS A-320,L2J,M
4D23BC,9H-ORN,B38M,BOEING 737 MAX 8,L2J,M
5001BC,T7-RAS,HDJT,HONDA HondaJet,L2J,L
501FBC,233,H60,SIKORSKY UH-60 Black Hawk,H2T,M
502CBC,YL-MFG,ULAC,,L0-,-
504DBC,SERV,SERV,,V0-,-
5081BC,UR-PAMI,R44,ROBINSON R-44 Raven,H1P,L
5083BC,UR-CPZ,AN12,ANTONOV An-12,L4T,M
5110BC,ES-TLU,L39,LET L-39 Albatros,L1J,L
5140BC,4L-CMX,B738,BOEING 737-800,L2J,M
7062BC,KMOI-05,EC25,AIRBUS HELICOPTERS EC-225/725,H2T,M
70C0BC,A4O-ED,E75S,EMBRAER ERJ-170-200 (short wing),L2J,M
7100BC,HZ-AQ18,A333,AIRBUS A-330-300,L2J,H
7105BC,HZ-NS28,A20N,AIRBUS A-320neo,L2J,M
710DBC,HZ-NS34,A20N,AIRBUS A-320neo,L2J,M
717CBC,HZ-HM93,A139,AGUSTA AW-139,H2T,L
7394BC,4X-CWB,C182,CESSNA 182 Skylane,L1P,L
7502BC,9M-AQS,A320,AIRBUS A-320,L2J,M
7504BC,9M-RCI,B505,BELL 505 JetRanger X,H1T,L
7585BC,RP-C8586,B350,BEECHCRAFT Super King Air 350,L2T,M
7801BC,B-LDB,A306,AIRBUS A-300-600,L2J,H
7804BC,B-6362,A321,AIRBUS A-321,L2J,M
7805BC,B-5259,B737,BOEING 737-700,L2J,M
7806BC,B-6723,A320,AIRBUS A-320,L2J,M
7807BC,B-6138,A388,AIRBUS A-380-800,L4J,H
7808BC,B-1995,B738,BOEING 737-800,L2J,M
7809BC,B-9902,A320,AIRBUS A-320,L2J,M
780ABC,B-LRQ,A359,AIRBUS A-350-900,L2J,H
780CBC,B-1873,A320,AIRBUS A-320,L2J,M
780DBC,B-1783,B738,BOEING 737-800,L2J,M
780EBC,B-8165,A321,AIRBUS A-321,L2J,M
780FBC,B-7396,B738,BOEING 737-800,L2J,M
7810BC,B-8689,A333,AIRBUS A-330-300,L2J,H
7812BC,B-3271,GLF6,GULFSTREAM G650,L2J,M
7813BC,B-1293,B789,BOEING 787-9 Dreamliner,L2J,H
7814BC,B-1180,B38M,BOEING 737 MAX 8,L2J,M
7815BC,B-105H,C172,CESSNA 172 Skyhawk,L1P,L
7817BC,B-605A,G280,GULFSTREAM G280,L2J,M
781CBC,B-327A,A20N,AIRBUS A-320neo,L2J,M
781DBC,B-729U,C172,CESSNA 172 Skyhawk,L1P,L
781EBC,B-222W,B77L,BOEING 777-200LR,L2J,H
7A49BC,LH921756,MI8,MIL Mi-8/9/17/19/171/172,H2T,M
7BB0BC,B-2694,B738,BOEING 737-800,L2J,M
7C01BC,VH-AMM,PC24,PILATUS PC-24,L2J,M
7C07BC,VH-BTA,BALL,,B0-,-
7C0BBC,VH-CLQ,R44,ROBINSON R-44 Raven,H1P,L
7C0CBC,VH-CSU,C182,CESSNA 182 Skylane,L1P,L
7C0DBC,VH-CZY,COZY,CO-Z Cozy,L1P,L
7C11BC,VH-DSE,A109,AGUSTA AW-109 Grand,H2T,L
7C12BC,VH-DZI,C177,CESSNA  177 Cardinal,L1P,L
7C19BC,VH-FDA,BE20,BEECH 200 Super King Air,L2T,M
7C1ABC,VH-FKE,PA11,PIPER PA-11 Cub Special,L1P,L
7C24BC,VH-HJI,AEST,AEROSTAR 600,L2P,L
7C34BC,VH-KPA,B36T,BEECH 36 Turbine Bonanza,L1T,L
7C37BC,VH-LAM,C404,CESSNA 404 Titan,L2P,L
7C3ABC,VH-LVY,C182,CESSNA 182 Skylane,L1P,L
7C3DBC,VH-MHA,SR22,CIRRUS SR-22,L1P,L
7C49BC,VH-OUM,AT8T,AIR TRACTOR AT-802,L1T,M
7C63BC,VH-TZI,DA62,DIAMOND DA-62,L2P,L
7C6ABC,VH-VDA,PA44,PIPER PA-44 Seminole,L2P,L
7C6BBC,VH-VKE,B788,BOEING 787-8 Dreamliner,L2J,H
7C6CBC,VH-VRI,P68,PARTENAVIA P-68 Observer,L2P,L
7C70BC,VH-WJY,AS50,AEROSPATIALE AS-350 Ecureuil,H1T,L
7C74BC,VH-XCE,AS50,AEROSPATIALE AS-350 Ecureuil,H1T,L
7C75BC,VH-XJI,GLID,,L0-,-
7C76BC,VH-XQM,GLID,,L0-,-
7C79BC,VH-YBY,C140,CESSNA 140,L1P,L
7C7CBC,VH-YXA,BE58,BEECH 58 Baron,L2P,L
7C7EBC,VH-ZBI,AT8T,AIR TRACTOR AT-802,L1T,M
7C81BC,VH-ZWU,R44,ROBINSON R-44 Raven,H1P,L
7CBBBC,19-8402,SVNH,AEROTEC Savannah,L1P,L
7CC4BC,24-8676,ECHO,TECNAM P-92 Echo,L1P,L
8007BC,VT-JDD,AT75,ATR-72-500,L2T,M
800DBC,K2736,AN32,ANTONOV An-32 Sutlej,L2T,M
8014BC,VT-IIR,A20N,AIRBUS A-320neo,L2J,M
841EBC,JA08JJ,A320,AIRBUS A-320,L2J,M
841FBC,JA08VA,A320,AIRBUS A-320,L2J,M
845EBC,JA11AN,B737,BOEING 737-700,L2J,M
8568BC,JA40DA,DA40,DIAMOND DA-40 Club Star,L1P,L
861EBC,JA613J,B763,BOEING 767-300,L2J,H
862CBC,JA6516,AS50,AEROSPATIALE AS-350 Ecureuil,H1T,L
8675BC,JA709J,B772,BOEING 777-200,L2J,H
8687BC,JA75AN,B738,BOEING 737-800,L2J,M
8688BC,JA75ME,SR22,CIRRUS SR-22,L1P,L
86DCBC,JA841A,DH8D,DE HAVILLAND DHC-8-400 Dash 8,L2T,M
86E7BC,JA873A,B789,BOEING 787-9 Dreamliner,L2J,H
8733BC,JA937A,B789,BOEING 787-9 Dreamliner,L2J,H
873EBC,JA969A,A139,AGUSTA AW-139,H2T,L
8881BC,VN-A266,E190,EMBRAER ERJ-190-100,L2J,M
8963BC,A6-FEZ,B738,BOEING 737-800,L2J,M
8964BC,A6-BLL,B789,BOEING 787-9 Dreamliner,L2J,H
8990BC,B-58203,A21N,AIRBUS A-321neo,L2J,M
8991BC,B-18315,A333,AIRBUS A-330-300,L2J,H
8A03BC,PK-GRK,CRJX,BOMBARDIER Regional Jet CRJ-1000,L2J,M
8A05BC,PK-GAN,AT76,ATR-72-600,L2T,M
8A06BC,PK-GDA,B38M,BOEING 737 MAX 8,L2J,M
8A07BC,P-4301,B190,BEECH 1900,L2T,M
8A08BC,P-3001,B412,BELL 412,H2T,L
A001BC,N1TS,B737,BOEING 737-700,L2J,M
A004BC,N100AH,C182,CESSNA 182 Skylane,L1P,L
A008BC,N101DF,GLAS,Glasair,L1P,L
A009BC,N101PM,COL3,CESSNA 350 Corvalis,L1P,L
A00FBC,N1029G,ACAM,LEZA Air Cam,L2P,L
A012BC,N10339,M7,MAULE M-7,L1P,L
A013BC,N104BU,C182,CESSNA 182 Skylane,L1P,L
A014BC,N104N,RV10,VANS RV-10,L1P,L
A016BC,N1046B,M20P,MOONEY M-20,L1P,L
A019BC,N10504,CH7A,BELLANCA 7 Champion,L1P,L
A01BBC,N106HQ,E75L,EMBRAER ERJ-170-200 (long wing),L2J,M
A021BC,N1075,RV9,VANS RV-9,L1P,L
A025BC,N1087C,C172,CESSNA 172 Skyhawk,L1P,L
A026BC,N109GC,GB1,GAME COMPOSITES GameBird,L1P,L
A027BC,N109SJ,A109,AGUSTA AW-109 Grand,H2T,L
A028BC,N10915,C150,CESSNA 150,L1P,L
A029BC,N1099F,C185,CESSNA 185 Skywagon,L1P,L
A02ABC,N11KA,PTS2,PITTS S-2 Special,L1P,L
A02BBC,N11VG,BE35,BEECH 35 Starfire Bonanza,L1P,L
A02CBC,N110FM,C150,CESSNA 150,L1P,L
A030BC,N111JK,VEZE,RUTAN VariEze,L1P,L
A032BC,N1113S,GLID,,L0-,-
A033BC,N112BB,BE36,BEECH 36 Bonanza,L1P,L
A034BC,N112MH,BE36,BEECH 36 Bonanza,L1P,L
A035BC,N112XP,RV12,VANS RV-12,L1P,L
A039BC,N1130M,BE35,BEECH 35 Starfire Bonanza,L1P,L
A03ABC,N1137Y,C82T,CESSNA TR182 Turbo Skylane RG,L1P,L
A03DBC,N1142Q,P28A,PIPER PA-28-140/150/160/180,L1P,L
A03EBC,N11491,C150,CESSNA 150,L1P,L
A045BC,N1166W,C172,CESSNA 172 Skyhawk,L1P,L
A046BC,N117FL,BE95,BEECH 95 Travel Air,L2P,L
A047BC,N117RS,BE58,BEECH 58 Baron,L2P,L
A048BC,N1171N,M20P,MOONEY M-20,L1P,L
A04DBC,N119BA,ZZZZ,,-0-,-
A050BC,N1195U,C172,CESSNA 172 Skyhawk,L1P,L
A051BC,N12DZ,PC12,PILATUS PC-12,L1T,L
A056BC,N1205C,C177,CESSNA  177 Cardinal,L1P,L
A057BC,N121DH,BOLT,STEEN Skybolt,L1P,L
A05ABC,N1217F,C185,CESSNA 185 Skywagon,L1P,L
A05CBC,N122SM,S22T,CIRRUS SR-22T Turbo,L1P,L
A05DBC,N12218,B738,BOEING 737-800,L2J,M
A05FBC,N123KD,C501,CESSNA 501 Citation 1SP,L2J,L
A060BC,N123VK,C172,CESSNA 172 Skyhawk,L1P,L
A061BC,N1234A,BE60,BEECH 60 Duke,L2P,L
A067BC,N125R,PA18,PIPER PA-18 Super Cub,L1P,L
A068BC,N12506,C172,CESSNA 172 Skyhawk,L1P,L
A069BC,N1258G,C310,CESSNA 310,L2P,L
A06FBC,N127WW,,,,
A070BC,N1275B,HUSK,CHRISTEN Husky,L1P,L
A071BC,N128DG,RV12,VANS RV-12,L1P,L
A074BC,N1287E,C172,CESSNA 172 Skyhawk,L1P,L
A076BC,N129SL,C172,CESSNA 172 Skyhawk,L1P,L
A077BC,N12917,C172,CESSNA 172 Skyhawk,L1P,L
A078BC,N1299H,COL4,CESSNA 400 Corvalis TT,L1P,L
A07CBC,N130RV,C150,CESSNA 150,L1P,L
A07EBC,N13082,ULAC,,L0-,-
A07FBC,N131JM,HUSK,CHRISTEN Husky,L1P,L
A083BC,N132MK,T51,TITAN T-51 Mustang,L1P,L
A089BC,N13370,C172,CESSNA 172 Skyhawk,L1P,L
A08BBC,N134TF,BE33,BEECH 33 Bonanza,L1P,L
A08CBC,N1342S,C182,CESSNA 182 Skylane,L1P,L
A08DBC,N13493,C177,CESSNA  177 Cardinal,L1P,L
A094BC,N1366Y,C172,CESSNA 172 Skyhawk,L1P,L
A09CBC,N139BC,BL8,BELLANCA 8 Decathlon,L1P,L
A09FBC,N1395W,M20P,MOONEY M-20,L1P,L
A0A2BC,N140AM,P28A,PIPER PA-28-140/150/160/180,L1P,L
A0A9BC,N1417H,AR15,AERONCA 15 Sedan,L1P,L
A0ACBC,N1422,BIPL,EAA Biplane,L1P,L
A0AEBC,N143KF,FOX,KITFOX,L1P,L
A0B1BC,N144BY,M20P,MOONEY M-20,L1P,L
A0B6BC,N145RB,PARA,,P0-,-
A0B8BC,N1458J,AC11,NORTH AMERICAN ROCKWELL Commander 112/114,L1P,L
A0BABC,N146U,CC19,CUB CRAFTERS CC-19 XCub,L1P,L
A0C4BC,N149GG,,,,
A0C6BC,N14919,,,,
A0C9BC,N15VL,EXEC,ROTORWAY Exec,H1P,L
A0CCBC,N1501T,PA32,PIPER PA-32,L1P,L
A0CEBC,N151JP,H500,HUGHES 500,H1T,L
A0D0BC,N1513W,BALL,,B0-,-
A0D1BC,N152BF,T206,CESSNA T206 Turbo Stationair,L1P,L
A0D3BC,N152XT,C152,CESSNA 152,L1P,L
A0D8BC,N15372,P28A,PIPER PA-28-140/150/160/180,L1P,L
A0DBBC,N1542U,T206,CESSNA T206 Turbo Stationair,L1P,L
A0DDBC,N155L,BE55,BEECH 55 Baron,L2P,L
A0DEBC,N155WF,MU2,MITSUBISHI MU-2 Marquise,L2T,L
A0DFBC,N1554X,P28R,PIPER PA-28R-180/200/201,L1P,L
A0E0BC,N156CS,SR20,CIRRUS SR-20,L1P,L
A0E7BC,N15783,P28A,PIPER PA-28-140/150/160/180,L1P,L
A0EDBC,N159XS,RF10,FOURNIER RF-10,L1P,L
A0EFBC,N16EC,P28A,PIPER PA-28-140/150/160/180,L1P,L
A0F1BC,N160AP,H47,BOEING-VERTOL CH-47 Chinook,H2T,M
A0F4BC,N1605G,CH7A,BELLANCA 7 Champion,L1P,L
A0F5BC,N161DM,DISC,SCHEMPP-HIRTH Discus,L1P,L
A0F6BC,N161PT,P28A,PIPER PA-28-140/150/160/180,L1P,L
A0FABC,N162SR,SR22,CIRRUS SR-22,L1P,L
A0FBBC,N1622B,ULAC,,L0-,-
A103BC,N1646H,P28A,PIPER PA-28-140/150/160/180,L1P,L
A105BC,N165RD,CL35,BOMBARDIER BD-100 Challenger 350,L2J,M
A10ABC,N1663C,SR22,CIRRUS SR-22,L1P,L
A10BBC,N167AN,A321,AIRBUS A-321,L2J,M
A10DBC,N167X,,,,
A10FBC,N168DL,RV9,VANS RV-9,L1P,L
A112BC,N1687J,P28A,PIPER PA-28-140/150/160/180,L1P,L
A115BC,N1692A,PA22,PIPER PA-22,L1P,L
A116BC,N1699M,C182,CESSNA 182 Skylane,L1P,L
A117BC,N17KG,BE95,BEECH 95 Travel Air,L2P,L
A11BBC,N1701V,C172,CESSNA 172 Skyhawk,L1P,L
A11CBC,N17086,CMAS,CESSNA C-165 Airmaster,L1P,L
A11DBC,N171JR,PTS2,PITTS S-2 Special,L1P,L
A120BC,N172BH,C172,CESSNA 172 Skyhawk,L1P,L
A121BC,N172MP,C172,CESSNA 172 Skyhawk,L1P,L
A123BC,N17251,C150,CESSNA 150,L1P,L
A124BC,N173EF,GLST,GLASAIR SH-4 GlaStar,L1P,L
A126BC,N1730T,CH75,ZENAIR CH-750 Cruzer,L1P,L
A12CBC,N175LB,BALL,,B0-,-
A12DBC,N175WH,BALL,,B0-,-
A132BC,N17662,,,,
A136BC,N17785,BE36,BEECH 36 Bonanza,L1P,L
A13DBC,N17950,GLID,,L0-,-
A142BC,N180XC,CC19,CUB CRAFTERS CC-19 XCub,L1P,L
A143BC,N1805J,P28A,PIPER PA-28-140/150/160/180,L1P,L
A144BC,N181DP,P28R,PIPER PA-28R-180/200/201,L1P,L
A146BC,N1810A,SR20,CIRRUS SR-20,L1P,L
A147BC,N1817M,MG17,MIKOYAN MiG-17,L1J,L
A148BC,N182GM,C82T,CESSNA TR182 Turbo Skylane RG,L1P,L
A149BC,N182ST,C182,CESSNA 182 Skylane,L1P,L
A14ABC,N1822D,RV6,VANS RV-6,L1P,L
A14BBC,N1829Q,C77R,CESSNA 177RG Cardinal RG,L1P,L
A14FBC,N184CB,RV6,VANS RV-6,L1P,L
A153BC,N185F,C180,CESSNA  180 Skywagon,L1P,L
A154BC,N185RF,C185,CESSNA 185 Skywagon,L1P,L
A155BC,N1851B,BALL,,B0-,-
A156BC,N1858N,C120,CESSNA 120,L1P,L
A159BC,N1863E,CH7A,BELLANCA 7 Champion,L1P,L
A15EBC,N188DN,B763,BOEING 767-300,L2J,H
A160BC,N1880,SR22,CIRRUS SR-22,L1P,L
A161BC,N1887L,BE60,BEECH 60 Duke,L2P,L
A164BC,N1892C,,,,
A165BC,N1899P,,,,
A169BC,N190SA,F2TH,DASSAULT Falcon 2000,L2J,M
A16ABC,N1901X,C182,CESSNA 182 Skylane,L1P,L
A16EBC,N19130,B752,BOEING 757-200,L2J,M
A173BC,N193EH,AS50,AEROSPATIALE AS-350 Ecureuil,H1T,L
A175BC,N1930V,C172,CESSNA 172 Skyhawk,L1P,L
A179BC,N1942Y,RV8,VANS RV-8,L1P,L
A183BC,N197S,GYRO,,G0-,-
A185BC,N19787,C177,CESSNA  177 Cardinal,L1P,L
A186BC,N198JS,RV6,VANS RV-6,L1P,L
A18DBC,N2EG,,,,
A18FBC,N20AT,H500,HUGHES 500,H1T,L
A192BC,N200HK,BE20,BEECH 200 Super King Air,L2T,M
A196BC,N201LH,M20P,MOONEY M-20,L1P,L
A197BC,N201WP,M20P,MOONEY M-20,L1P,L
A198BC,N20145,C177,CESSNA  177 Cardinal,L1P,L
A199BC,N202D,BE35,BEECH 35 Starfire Bonanza,L1P,L
A19CBC,N20268,C172,CESSNA 172 Skyhawk,L1P,L
A19EBC,N203SD,ULAC,,L0-,-
A19FBC,N20310,C172,CESSNA 172 Skyhawk,L1P,L
A1A0BC,N2039A,BALL,,B0-,-
A1A1BC,N204JW,C182,CESSNA 182 Skylane,L1P,L
A1A2BC,N204VB,BALL,,B0-,-
A1A4BC,N205BN,C25A,CESSNA 525A Citation CJ2,L2J,L
A1A8BC,N206EL,T206,CESSNA T206 Turbo Stationair,L1P,L
A1A9BC,N206QS,CL60,BOMBARDIER CL-600 Challenger,L2J,M
A1ABBC,N20679,,,,
A1AEBC,N20721,C172,CESSNA 172 Skyhawk,L1P,L
A1B0BC,N208LG,SR20,CIRRUS SR-20,L1P,L
A1B1BC,N208WN,B737,BOEING 737-700,L2J,M
A1B6BC,N20967,WACE,WACO Aristocrat,L1P,L
A1B7BC,N21FX,HA4T,RAYTHEON 4000 Hawker Horizon,L2J,M
A1B9BC,N210CH,C210,CESSNA 201 Centurion,L1P,L
A1BABC,N210NP,T210,CESSNA T210 Turbo Centurion,L1P,L
A1BCBC,N2106R,PARA,,P0-,-
A1BEBC,N211RM,AS21,SCHLEICHER ASK-21,L1P,L
A1C1BC,N212JD,BOLT,STEEN Skybolt,L1P,L
A1C3BC,N2123L,BE36,BEECH 36 Bonanza,L1P,L
A1C4BC,N213AW,R44,ROBINSON R-44 Raven,H1P,L
A1C5BC,N213MB,C177,CESSNA  177 Cardinal,L1P,L
A1C9BC,N214Q,BE35,BEECH 35 Starfire Bonanza,L1P,L
A1CCBC,N215GS,R44,ROBINSON R-44 Raven,H1P,L
A1CEBC,N2152J,RV6,VANS RV-6,L1P,L
A1CFBC,N2159V,C140,CESSNA 140,L1P,L
A1D0BC,N216KQ,K100,DAHER Kodiak 100,L1T,L
A1D4BC,N217NN,E75L,EMBRAER ERJ-170-200 (long wing),L2J,M
A1D6BC,N2176Q,C77R,CESSNA 177RG Cardinal RG,L1P,L
A1D9BC,N2181G,C182,CESSNA 182 Skylane,L1P,L
A1DABC,N2188T,T34P,BEECH T-34 Mentor,L1P,L
A1DEBC,N22AV,WW24,IAI 1124 Westwind,L2J,M
A1DFBC,N22MA,PC6T,PILATUS PC-6 Turbo-Porter,L1T,L
A1E0BC,N22XG,BE35,BEECH 35 Starfire Bonanza,L1P,L
A1E1BC,N220HM,C501,CESSNA 501 Citation 1SP,L2J,L
A1E2BC,N220TT,BE20,BEECH 200 Super King Air,L2T,M
A1E6BC,N221WR,LJ45,LEARJET 45,L2J,M
A1E7BC,N22147,C150,CESSNA 150,L1P,L
A1E8BC,N222DB,P32R,PIPER PA-32R-300/301/301T,L1P,L
A1ECBC,N223G,GYRO,,G0-,-
A1EFBC,N2239C,SS2T,TRUSH Turbo Thrush 500/550,L1T,L
A1F2BC,N22435,C150,CESSNA 150,L1P,L
A1F4BC,N225MW,BE20,BEECH 200 Super King Air,L2T,M
A1F6BC,N22558,C150,CESSNA 150,L1P,L
A1FABC,N2268A,C72R,CESSNA 172R Cutlass RG,L1P,L
A1FEBC,N228AC,T28,NORTH AMERICAN T-28,L1P,L
A202BC,N229DA,SR20,CIRRUS SR-20,L1P,L
A207BC,N23SE,PTS2,PITTS S-2 Special,L1P,L
A208BC,N230CK,PTS2,PITTS S-2 Special,L1P,L
A20DBC,N231RP,M20P,MOONEY M-20,L1P,L
A20EBC,N2311K,L8,LUSCOMBE 8,L1P,L
A212BC,N2323N,C140,CESSNA 140,L1P,L
A216BC,N2335R,BE58,BEECH 58 Baron,L2P,L
A217BC,N234DW,C310,CESSNA 310,L2P,L
A21CBC,N235T,PA18,PIPER PA-18 Super Cub,L1P,L
A21DBC,N2352L,BE23,BEECH 23 Sundowner,L1P,L
A21EBC,N2359X,C182,CESSNA 182 Skylane,L1P,L
A221BC,N2364P,PA18,PIPER PA-18 Super Cub,L1P,L
A22CBC,N2393M,PA12,PIPER PA-12 Super Cruiser,L1P,L
A22EBC,N24MC,PTS2,PITTS S-2 Special,L1P,L
A232BC,N24026,BE23,BEECH 23 Sundowner,L1P,L
A233BC,N241AF,C82T,CESSNA TR182 Turbo Skylane RG,L1P,L
A234BC,N241LM,S22T,CIRRUS SR-22T Turbo,L1P,L
A235BC,N241WT,RV6,VANS RV-6,L1P,L
A23ABC,N2427B,C82S,CESSNA T182 Turbo Skylane,L1P,L
A23DBC,N24314,C72R,CESSNA 172R Cutlass RG,L1P,L
A23FBC,N244K,GLID,,L0-,-
A248BC,N24602,BE19,BEECH 19 Sport,L1P,L
A249BC,N2468C,C180,CESSNA  180 Skywagon,L1P,L
A24CBC,N24725,C152,CESSNA 152,L1P,L
A24DBC,N248AE,B06,BELL 206 JetRanger,H1T,L
A254BC,N2497A,PA18,PIPER PA-18 Super Cub,L1P,L
A255BC,N25GA,BDOG,BRITISH AEROSPACE SA-3 Bulldog,L1P,L
A256BC,N25SG,GLID,,L0-,-
A257BC,N250CM,C680,CESSNA 680 Citation Sovereign,L2J,M
A25ABC,N2506V,COL3,CESSNA 350 Corvalis,L1P,L
A25DBC,N2511M,PA12,PIPER PA-12 Super Cruiser,L1P,L
A25EBC,N2518Y,C172,CESSNA 172 Skyhawk,L1P,L
A25FBC,N252JH,M20P,MOONEY M-20,L1P,L
A260BC,N252UP,MD11,MCDONNELL-DOUGLAS MD-11,L3J,H
A261BC,N2523Q,C182,CESSNA 182 Skylane,L1P,L
A262BC,N253B,,,,
A265BC,N2535T,,,,
A269BC,N2547W,BE24,BEECH 24 Sierra,L1P,L
A26CBC,N2552N,ULAC,,L0-,-
A26FBC,N256W,TBM7,SOCATA TBM-700A/B/C,L1T,L
A270BC,N2564R,C182,CESSNA 182 Skylane,L1P,L
A279BC,N259JG,,,,
A27CBC,N26AZ,SSAB,NORTH AMERICAN F-100 Super Sabre,L1J,M
A27DBC,N26ME,H25B,HAWKER BEECHCRAFT Hawker 750/850,L2J,M
A27EBC,N26XL,C56X,CESSNA 560XL Citation XLS,L2J,M
A280BC,N260TX,BE20,BEECH 200 Super King Air,L2T,M
A282BC,N261AH,C680,CESSNA 680 Citation Sovereign,L2J,M
A285BC,N2615A,PA22,PIPER PA-22,L1P,L
A286BC,N262DF,RV4,VANS RV-4,L1P,L
A287BC,N262PM,BE33,BEECH 33 Bonanza,L1P,L
A28DBC,N2639G,C182,CESSNA 182 Skylane,L1P,L
A290BC,N26439,S10,STINSON 10 Voyager,L1P,L
A292BC,N265N,,,,
A2A1BC,N269PL,LNP4,LANCAIR PropJet 4,L1T,L
A2A4BC,N27GC,FOX,KITFOX,L1P,L
A2A6BC,N270CP,C82T,CESSNA TR182 Turbo Skylane RG,L1P,L
A2A8BC,N270ZA,CRJ7,BOMBARDIER Regional Jet CRJ-700,L2J,M
A2B7BC,N2740M,PA12,PIPER PA-12 Super Cruiser,L1P,L
A2B8BC,N2747Y,BE95,BEECH 95 Travel Air,L2P,L
A2BBBC,N2752Q,C182,CESSNA 182 Skylane,L1P,L
A2C6BC,N2781N,C140,CESSNA 140,L1P,L
A2C7BC,N2788Z,GLID,,L0-,-
A2CBBC,N28BA,SSTL,JUST JA30 SuperSTOL,L1P,L
A2CCBC,N28MG,BE58,BEECH 58 Baron,L2P,L
A2D1BC,N281AK,B739,BOEING 737-900,L2J,M
A2D4BC,N2815C,C170,CESSNA 170,L1P,L
A2DBBC,N28318,S1,INTERSTATE S-1 Cadet,L1P,L
A2DFBC,N2844A,C180,CESSNA  180 Skywagon,L1P,L
A2E0BC,N285BW,BE35,BEECH 35 Starfire Bonanza,L1P,L
A2E3BC,N2856D,RV6,VANS RV-6,L1P,L
A2E6BC,N28606,L8,LUSCOMBE 8,L1P,L
A2EABC,N28729,L8,LUSCOMBE 8,L1P,L
A2EBBC,N288AJ,RV9,VANS RV-9,L1P,L
A2EEBC,N2885B,P28A,PIPER PA-28-140/150/160/180,L1P,L
A2F5BC,N290CR,EXEC,ROTORWAY Exec,H1P,L
A2FABC,N291RV,RV10,VANS RV-10,L1P,L
A2FCBC,N29182,AR6T,AERONCA 65 Tandem,L1P,L
A2FFBC,N2923U,C172,CESSNA 172 Skyhawk,L1P,L
A303BC,N2935X,C177,CESSNA  177 Cardinal,L1P,L
A308BC,N295H,COUR,HELIO Courier,L1P,L
A30BBC,N29593,C177,CESSNA  177 Cardinal,L1P,L
A30EBC,N2964V,C150,CESSNA 150,L1P,L
A310BC,N297NW,RV8,VANS RV-8,L1P,L
A319BC,N2993T,M200,NORTH AMERICAN ROCKWELL Commander 200,L1P,L
A31ABC,N3BC,C182,CESSNA 182 Skylane,L1P,L
A31BBC,N3MJ,BE35,BEECH 35 Starfire Bonanza,L1P,L
A31CBC,N3XQ,,,,
A31DBC,N30HV,BE30,BEECH 300 Super King Air,L2T,L
A31FBC,N300EF,P28A,PIPER PA-28-140/150/160/180,L1P,L
A321BC,N3000T,C337,CESSNA 337 Super Skymaster,L2P,L
A322BC,N30074,P32R,PIPER PA-32R-300/301/301T,L1P,L
A326BC,N30197,BALL,,B0-,-
A328BC,N302WH,UH1,BELL UH-1 Huey,H1T,L
A32BBC,N303P,RV7,VANS RV-7,L1P,L
A32DBC,N30362,J3,PIPER J-3 Cub,L1P,L
A330BC,N3041U,C172,CESSNA 172 Skyhawk,L1P,L
A334BC,N3053X,C150,CESSNA 150,L1P,L
A338BC,N30650,P28A,PIPER PA-28-140/150/160/180,L1P,L
A33BBC,N3070S,R22,ROBINSON R-22 Mariner,H1P,L
A33CBC,N30773,J5,PIPER J-5 Cub Cruiser,L1P,L
A33FBC,N3082V,AT8T,AIR TRACTOR AT-802,L1T,M
A343BC,N3094Y,P32R,PIPER PA-32R-300/301/301T,L1P,L
A347BC,N310KK,C310,CESSNA 310,L2P,L
A349BC,N3104G,SS2P,ROCKWELL Thrush Commander,L1P,L
A34ABC,N311CB,RV4,VANS RV-4,L1P,L
A34EBC,N312F,RV10,VANS RV-10,L1P,L
A34FBC,N312RF,ULAC,,L0-,-
A350BC,N3121B,J5,PIPER J-5 Cub Cruiser,L1P,L
A351BC,N3128N,C120,CESSNA 120,L1P,L
A354BC,N3133E,CH7A,BELLANCA 7 Champion,L1P,L
A359BC,N315DN,A321,AIRBUS A-321,L2J,M
A35BBC,N3150,AS31,SCHLEICHER ASH-31,L1P,L
A35DBC,N316GL,PA11,PIPER PA-11 Cub Special,L1P,L
A35EBC,N316SS,F900,DASSAULT Falcon 900,L3J,M
A35FBC,N3162C,ULAC,,L0-,-
A361BC,N317KJ,S22T,CIRRUS SR-22T Turbo,L1P,L
A363BC,N3174F,C182,CESSNA 182 Skylane,L1P,L
A364BC,N318CA,BE58,BEECH 58 Baron,L2P,L
A367BC,N3186J,C150,CESSNA 150,L1P,L
A36ABC,N3191A,BE36,BEECH 36 Bonanza,L1P,L
A36CBC,N32HX,AS50,AEROSPATIALE AS-350 Ecureuil,H1T,L
A36DBC,N32UC,A32P,SCHLEICHER ASG-32Mi,L1P,L
A370BC,N3200V,PARA,,P0-,-
A371BC,N32076,WACF,WACO F,L1P,L
A372BC,N321HF,FOX,KITFOX,L1P,L
A373BC,N321TM,,,,
A375BC,N32199,WACF,WACO F,L1P,L
A379BC,N323CW,E300,EXTRA EA-300/330/350,L1P,L
A37CBC,N32364,P28A,PIPER PA-28-140/150/160/180,L1P,L
A381BC,N325JS,C152,CESSNA 152,L1P,L
A38ABC,N3270U,C182,CESSNA 182 Skylane,L1P,L
A38BBC,N32775,J4,PIPER J-4 Cub Coupe,L1P,L
A38EBC,N3282X,BALL,,B0-,-
A38FBC,N32898,P28A,PIPER PA-28-140/150/160/180,L1P,L
A393BC,N33CV,BE33,BEECH 33 Bonanza,L1P,L
A394BC,N33PA,,,,
A396BC,N330KM,E300,EXTRA EA-300/330/350,L1P,L
A399BC,N331CD,SWAK,WARNER Sportster,L1P,L
A39CBC,N3316M,PA12,PIPER PA-12 Super Cruiser,L1P,L
A39FBC,N3321D,C180,CESSNA  180 Skywagon,L1P,L
A3A1BC,N333J,JAB4,JABIRU J200-450,L1P,L
A3A2BC,N333UF,BALL,,B0-,-
A3A7BC,N3345K,GC1,GLOBE Swift,L1P,L
A3A9BC,N335PW,C335,CESSNA 335,L2P,L
A3AFBC,N3369R,C182,CESSNA 182 Skylane,L1P,L
A3B3BC,N338CC,PA18,PIPER PA-18 Super Cub,L1P,L
A3BCBC,N34UE,B429,BELL 429 GlobalRanger,H2T,L
A3BDBC,N340EK,C680,CESSNA 680 Citation Sovereign,L2J,M
A3C2BC,N341TP,,,,
A3C4BC,N342A,AA1,AMERICAN AA-1,L1P,L
A3CDBC,N344SB,B407,BELL 407,H1T,L
A3CEBC,N3441Y,C180,CESSNA  180 Skywagon,L1P,L
A3CFBC,N34489,C177,CESSNA  177 Cardinal,L1P,L
A3D2BC,N34531,AR65,AERONCA 65 Super Chief,L1P,L
A3DABC,N34777,C177,CESSNA  177 Cardinal,L1P,L
A3DEBC,N349,BALL,,B0-,-
A3DFBC,N349LE,,,,
A3E3BC,N35PC,VEZE,RUTAN VariEze,L1P,L
A3EFBC,N3528S,C172,CESSNA 172 Skyhawk,L1P,L
A3F0BC,N353JB,E190,EMBRAER ERJ-190-100,L2J,M
A3F4BC,N354M,BE35,BEECH 35 Starfire Bonanza,L1P,L
A3FCBC,N356SW,B733,BOEING 737-300,L2J,M
A3FDBC,N3562G,P28A,PIPER PA-28-140/150/160/180,L1P,L
A401BC,N3574K,P28A,PIPER PA-28-140/150/160/180,L1P,L
A405BC,N3586N,J3,PIPER J-3 Cub,L1P,L
A40ABC,N36JA,FOX,KITFOX,L1P,L
A40CBC,N360EM,RV6,VANS RV-6,L1P,L
A40EBC,N3600Z,PA22,PIPER PA-22,L1P,L
A410BC,N361HK,Q9,GENERAL ATOMICS MQ-9 Reaper,L1T,L
A413BC,N362AB,P32R,PIPER PA-32R-300/301/301T,L1P,L
A416BC,N36245,CH7B,BELLANCA 7 Citabria,L1P,L
A417BC,N363D,BE20,BEECH 200 Super King Air,L2T,M
A41CBC,N364SD,UH1,BELL UH-1 Huey,H1T,L
A41DBC,N36410,TAYD,TAYLORCRAFT DC/DF/DL,L1P,L
A421BC,N36533,AR65,AERONCA 65 Super Chief,L1P,L
A425BC,N36656,AR65,AERONCA 65 Super Chief,L1P,L
A427BC,N367QS,E55P,EMBRAER EMB-505 Phenom 300,L2J,M
A428BC,N3670Y,C210,CESSNA 201 Centurion,L1P,L
A42CBC,N36821,AR6T,AERONCA 65 Tandem,L1P,L
A432BC,N37PE,DRON,,D0-,-
A43ABC,N3716R,P28A,PIPER PA-28-140/150/160/180,L1P,L
A43EBC,N3728U,C182,CESSNA 182 Skylane,L1P,L
A441BC,N3733L,C172,CESSNA 172 Skyhawk,L1P,L
A445BC,N3745P,P210,CESSNA P210 Centurion,L1P,L
A448BC,N3750F,C172,CESSNA 172 Skyhawk,L1P,L
A449BC,N3757S,C172,CESSNA 172 Skyhawk,L1P,L
A44ABC,N376GS,CRER,RANS Courier,L1P,L
A44DBC,N3769V,C150,CESSNA 150,L1P,L
A459BC,N38JC,RV6,VANS RV-6,L1P,L
A45DBC,N38001,BE23,BEECH 23 Sundowner,L1P,L
A45EBC,N3808B,BE35,BEECH 35 Starfire Bonanza,L1P,L
A460BC,N381TT,GLST,GLASAIR SH-4 GlaStar,L1P,L
A466BC,N383DB,RV7,VANS RV-7,L1P,L
A467BC,N383PH,EC35,AIRBUS HELICOPTERS EC-135/635,H2T,L
A46ABC,N384G,P28A,PIPER PA-28-140/150/160/180,L1P,L
A46CBC,N38412,P28A,PIPER PA-28-140/150/160/180,L1P,L
A477BC,N38700,P28A,PIPER PA-28-140/150/160/180,L1P,L
A47CBC,N389AC,CL2T,CANADAIR CL-415 SuperScooper,A2T,M
A47FBC,N38946,J3,PIPER J-3 Cub,L1P,L
A481BC,N39PG,PA18,PIPER PA-18 Super Cub,L1P,L
A485BC,N3904Q,C172,CESSNA 172 Skyhawk,L1P,L
A489BC,N3916T,P28R,PIPER PA-28R-180/200/201,L1P,L
A48CBC,N3921K,P28A,PIPER PA-28-140/150/160/180,L1P,L
A494BC,N3945R,P28A,PIPER PA-28-140/150/160/180,L1P,L
A497BC,N3950H,ERCO,AIR PRODUCTS F-1 Aircoupe,L1P,L
A49FBC,N3974P,,,,
A4A7BC,N3998V,C170,CESSNA 170,L1P,L
A4A8BC,N4JE,PTS1,PITTS S-1 Special,L1P,L
A4AABC,N40ER,C172,CESSNA 172 Skyhawk,L1P,L
A4ACBC,N400BB,DG40,DG FLUGZEUGBAU DG-400,L1P,L
A4ADBC,N400MH,S22T,CIRRUS SR-22T Turbo,L1P,L
A4AEBC,N400XP,BE40,BEECH 400 Beechjet,L2J,M
A4AFBC,N4005V,C170,CESSNA 170,L1P,L
A4B2BC,N4010M,SS2T,TRUSH Turbo Thrush 500/550,L1T,L
A4B3BC,N4017Y,C185,CESSNA 185 Skywagon,L1P,L
A4B5BC,N402TD,B06,BELL 206 JetRanger,H1T,L
A4B7BC,N40291,,,,
A4B9BC,N403WB,BN2P,BRITTEN-NORMAN BN-2 Islander,L2P,L
A4BFBC,N405FL,P28A,PIPER PA-28-140/150/160/180,L1P,L
A4C1BC,N4051N,C120,CESSNA 120,L1P,L
A4C9BC,N4075U,C150,CESSNA 150,L1P,L
A4CCBC,N4080L,PA31,PIPER PA-31-300/310/325/350/425,L2P,L
A4D3BC,N41WA,P28R,PIPER PA-28R-180/200/201,L1P,L
A4D5BC,N410SM,S22T,CIRRUS SR-22T Turbo,L1P,L
A4DBBC,N412BW,C82S,CESSNA T182 Turbo Skylane,L1P,L
A4E0BC,N413R,B14A,BELLANCA 14,L1P,L
A4E1BC,N41306,C172,CESSNA 172 Skyhawk,L1P,L
A4E2BC,N4138G,R22,ROBINSON R-22 Mariner,H1P,L
A4E5BC,N41429,P28R,PIPER PA-28R-180/200/201,L1P,L
A4E8BC,N415WW,WACF,WACO F,L1P,L
A4EFBC,N417SL,VIX,SKYSTAR Kitfox Voyager,L1P,L
A4F2BC,N418KC,C25A,CESSNA 525A Citation CJ2,L2J,L
A4F6BC,N419NA,UH1,BELL UH-1 Huey,H1T,L
A4FBBC,N420BD,BE40,BEECH 400 Beechjet,L2J,M
A4FEBC,N4205X,SS2P,ROCKWELL Thrush Commander,L1P,L
A502BC,N42170,J3,PIPER J-3 Cub,L1P,L
A505BC,N4222S,AT3T,AIR TRACTOR AT-302/402,L1T,L
A506BC,N42293,C182,CESSNA 182 Skylane,L1P,L
A511BC,N42581,J3,PIPER J-3 Cub,L1P,L
A512BC,N426JL,,,,
A514BC,N4263T,,,,
A515BC,N427BC,B350,BEECHCRAFT Super King Air 350,L2T,M
A516BC,N427MJ,F2TH,DASSAULT Falcon 2000,L2J,M
A51CBC,N4287Z,PA18,PIPER PA-18 Super Cub,L1P,L
A51FBC,N4292R,PA32,PIPER PA-32,L1P,L
A522BC,N43WC,FOX,KITFOX,L1P,L
A523BC,N430GH,,,,
A524BC,N430SP,B430,BELL 430,H2T,L
A526BC,N4309L,C172,CESSNA 172 Skyhawk,L1P,L
A52DBC,N4326F,P28A,PIPER PA-28-140/150/160/180,L1P,L
A531BC,N4338J,P28A,PIPER PA-28-140/150/160/180,L1P,L
A538BC,N4355D,P28B,PIPER PA-28-201T/235/236,L1P,L
A53CBC,N4367G,P28A,PIPER PA-28-140/150/160/180,L1P,L
A53FBC,N43719,,,,
A543BC,N4384B,C170,CESSNA 170,L1P,L
A547BC,N4396E,CH7A,BELLANCA 7 Champion,L1P,L
A548BC,N44EV,EVSS,EVEKTOR SportStar,L1P,L
A549BC,N44RA,BE95,BEECH 95 Travel Air,L2P,L
A54ABC,N440BF,P28A,PIPER PA-28-140/150/160/180,L1P,L
A54CBC,N440XT,BE40,BEECH 400 Beechjet,L2J,M
A54DBC,N4405Z,PA18,PIPER PA-18 Super Cub,L1P,L
A54EBC,N441ED,MUS2,BUSHBY M-2 Mustang 2,L1P,L
A550BC,N4410R,C172,CESSNA 172 Skyhawk,L1P,L
A552BC,N442HB,C172,CESSNA 172 Skyhawk,L1P,L
A553BC,N442TH,R44,ROBINSON R-44 Raven,H1P,L
A555BC,N44295,PA32,PIPER PA-32,L1P,L
A558BC,N4434X,P28R,PIPER PA-28R-180/200/201,L1P,L
A559BC,N444CS,RV4,VANS RV-4,L1P,L
A55FBC,N4451S,BE36,BEECH 36 Bonanza,L1P,L
A560BC,N44583,P28A,PIPER PA-28-140/150/160/180,L1P,L
A561BC,N446JN,GLID,,L0-,-
A566BC,N447XS,PIVI,PIPSTREL Virus,L1P,L
A571BC,N45WE,EXPR,EXPRESS 2000,L1P,L
A573BC,N450SR,ST75,STEARMAN Kaydet,L1P,L
A574BC,N4502B,C180,CESSNA  180 Skywagon,L1P,L
A575BC,N4509N,BALL,,B0-,-
A578BC,N4514E,CH7A,BELLANCA 7 Champion,L1P,L
A579BC,N452C,BE36,BEECH 36 Bonanza,L1P,L
A57CBC,N4526H,M20P,MOONEY M-20,L1P,L
A580BC,N4538L,AA5,AMERICAN AA-5 Tiger,L1P,L
A583BC,N4543C,C170,CESSNA 170,L1P,L
A584BC,N455AN,A21N,AIRBUS A-321neo,L2J,M
A586BC,N455X,C310,CESSNA 310,L2P,L
A587BC,N4555F,P28R,PIPER PA-28R-180/200/201,L1P,L
A588BC,N456DL,BE95,BEECH 95 Travel Air,L2P,L
A589BC,N456PS,M20P,MOONEY M-20,L1P,L
A58EBC,N4572A,BE35,BEECH 35 Starfire Bonanza,L1P,L
A58FBC,N4579M,PA11,PIPER PA-11 Cub Special,L1P,L
A590BC,N458KG,P28A,PIPER PA-28-140/150/160/180,L1P,L
A592BC,N4584D,BE35,BEECH 35 Starfire Bonanza,L1P,L
A597BC,N46EX,E300,EXTRA EA-300/330/350,L1P,L
A5A4BC,N46297,,,,
A5A9BC,N464P,BE35,BEECH 35 Starfire Bonanza,L1P,L
A5B8BC,N468QL,,,,
A5BABC,N46873,C152,CESSNA 152,L1P,L
A5BBBC,N469HC,,,,
A5BEBC,N46996,ST75,STEARMAN Kaydet,L1P,L
A5C0BC,N47WG,GLEX,BOMBARDIER BD-700 Global 6000/6500,L2J,M
A5CBBC,N4726K,C182,CESSNA 182 Skylane,L1P,L
A5D2BC,N4743E,C82R,CESSNA R182 Skylane RG,L1P,L
A5D9BC,N4760,EFOX,AEROPRO Eurofox,L1P,L
A5DFBC,N478KJ,C82T,CESSNA TR182 Turbo Skylane RG,L1P,L
A5E1BC,N4784F,C206,CESSNA  206 Stationair,L1P,L
A5E2BC,N479CA,CRJ2,BOMBARDIER Regional Jet CRJ-200,L2J,M
A5E7BC,N48RE,SR22,CIRRUS SR-22,L1P,L
A5EBBC,N48053,AR6T,AERONCA 65 Tandem,L1P,L
A5EFBC,N48176,M20P,MOONEY M-20,L1P,L
A5F1BC,N482TM,BE40,BEECH 400 Beechjet,L2J,M
A5F6BC,N48341,AR6T,AERONCA 65 Tandem,L1P,L
A5FDBC,N4851W,AC11,NORTH AMERICAN ROCKWELL Commander 112/114,L1P,L
A5FEBC,N48587,,,,
A601BC,N4863Z,PA22,PIPER PA-22,L1P,L
A605BC,N48752,,,,
A608BC,N4880U,C210,CESSNA 201 Centurion,L1P,L
A60EBC,N49LC,PA18,PIPER PA-18 Super Cub,L1P,L
A612BC,N4902F,C172,CESSNA 172 Skyhawk,L1P,L
A613BC,N4909S,P28R,PIPER PA-28R-180/200/201,L1P,L
A61ABC,N4926M,PA11,PIPER PA-11 Cub Special,L1P,L
A622BC,N495AS,B739,BOEING 737-900,L2J,M
A625BC,N4955K,NAVI,NORTH AMERICAN Navion,L1P,L
A62BBC,N497SU,R44,ROBINSON R-44 Raven,H1P,L
A62DBC,N4979R,C172,CESSNA 172 Skyhawk,L1P,L
A631BC,N499CC,PA11,PIPER PA-11 Cub Special,L1P,L
A634BC,N4996L,P28A,PIPER PA-28-140/150/160/180,L1P,L
A635BC,N5FA,AEST,AEROSTAR 600,L2P,L
A637BC,N50BM,RV9,VANS RV-9,L1P,L
A638BC,N50MT,SW3,SWEARINGEN Merlin 3,L2T,L
A63ABC,N500JD,FA7X,DASSAULT Falcon 7X,L3J,M
A63CBC,N5003L,T206,CESSNA T206 Turbo Stationair,L1P,L
A63EBC,N501MB,C501,CESSNA 501 Citation 1SP,L2J,L
A642BC,N502Q,AT5T,AIR TRACTOR AT-504,L1T,L
A645BC,N503GS,GLF5,GULFSTREAM 5,L2J,M
A646BC,N503SY,E75L,EMBRAER ERJ-170-200 (long wing),L2J,M
A647BC,N5032J,CH7B,BELLANCA 7 Citabria,L1P,L
A649BC,N504KQ,K100,DAHER Kodiak 100,L1T,L
A64CBC,N505CG,DRON,,D0-,-
A652BC,N5061G,CH7B,BELLANCA 7 Citabria,L1P,L
A653BC,N5068T,CH7B,BELLANCA 7 Citabria,L1P,L
A658BC,N508MA,BE24,BEECH 24 Sierra,L1P,L
A65BBC,N509DT,A21N,AIRBUS A-321neo,L2J,M
A65DBC,N5090E,C172,CESSNA 172 Skyhawk,L1P,L
A65EBC,N5097R,C72R,CESSNA 172R Cutlass RG,L1P,L
A660BC,N51SX,SX30,SWEARINGEN SX-300,L1P,L
A66DBC,N513MW,C25M,CESSNA 525 Citation M2,L2J,L
A672BC,N51400,C150,CESSNA 150,L1P,L
A673BC,N5148A,C172,CESSNA 172 Skyhawk,L1P,L
A677BC,N516AC,CH7B,BELLANCA 7 Citabria,L1P,L
A67ABC,N51646,ULAC,,L0-,-
A67EBC,N51769,EN28,ENSTROM F-28,H1P,L
A682BC,N5189B,C152,CESSNA 152,L1P,L
A685BC,N51934,DSA1,SMITH DSA-1 Miniplane,L1P,L
A68BBC,N5203N,C182,CESSNA 182 Skylane,L1P,L
A690BC,N522DW,ULAC,,L0-,-
A695BC,N523T,BE35,BEECH 35 Starfire Bonanza,L1P,L
A696BC,N5232L,P28A,PIPER PA-28-140/150/160/180,L1P,L
A69EBC,N5256S,C172,CESSNA 172 Skyhawk,L1P,L
A69FBC,N526FG,P46T,PIPER PA-46-500TP,L1T,L
A6A1BC,N5261J,C414,CESSNA 414 Chancellor,L2P,L
A6A9BC,N5285Q,C150,CESSNA 150,L1P,L
A6AABC,N529DV,C25B,CESSNA 525B Citation CJ3,L2J,L
A6ADBC,N5297T,PA34,PIPER PA-34 Seneca,L2P,L
A6AEBC,N53GT,AA5,AMERICAN AA-5 Tiger,L1P,L
A6B3BC,N5307B,C182,CESSNA 182 Skylane,L1P,L
A6B4BC,N531GB,T206,CESSNA T206 Turbo Stationair,L1P,L
A6B5BC,N531SH,R44,ROBINSON R-44 Raven,H1P,L
A6B7BC,N5319E,BE35,BEECH 35 Starfire Bonanza,L1P,L
A6B8BC,N532K,,,,
A6BABC,N53237,C172,CESSNA 172 Skyhawk,L1P,L
A6C1BC,N53402,C172,CESSNA 172 Skyhawk,L1P,L
A6C5BC,N53525,P337,CESSNA P337 Skymaster,L2P,L
A6C7BC,N536LL,PARA,,P0-,-
A6D1BC,N5389D,C180,CESSNA  180 Skywagon,L1P,L
A6D7BC,N54YC,BE30,BEECH 300 Super King Air,L2T,L
A6DABC,N5403Q,C150,CESSNA 150,L1P,L
A6DBBC,N541B,BE20,BEECH 200 Super King Air,L2T,M
A6E1BC,N5420K,SLG2,AIRPLANE FACTORY Sling 2,L1P,L
A6E2BC,N5427W,RV7,VANS RV-7,L1P,L
A6E4BC,N543TB,RV7,VANS RV-7,L1P,L
A6E5BC,N5432N,DG15,HOWARD Nightingale,L1P,L
A6E6BC,N5439Z,PA22,PIPER PA-22,L1P,L
A6F0BC,N5461L,AA5,AMERICAN AA-5 Tiger,L1P,L
A6F4BC,N5473P,PA24,PIPER PA-24 Comanche,L1P,L
A6F5BC,N548AZ,DRON,,D0-,-
A6FABC,N549QC,B412,BELL 412,H2T,L
A6FBBC,N5490J,C310,CESSNA 310,L2P,L
A6FDBC,N55GV,GLF5,GULFSTREAM 5,L2J,M
A6FFBC,N550DF,BE95,BEECH 95 Travel Air,L2P,L
A704BC,N551SK,GLID,,L0-,-
A705BC,N55116,P28R,PIPER PA-28R-180/200/201,L1P,L
A706BC,N5519G,M7,MAULE M-7,L1P,L
A70DBC,N5536B,C182,CESSNA 182 Skylane,L1P,L
A711BC,N5548E,C150,CESSNA 150,L1P,L
A713BC,N555TW,P28A,PIPER PA-28-140/150/160/180,L1P,L
A71CBC,N5577C,,,,
A723BC,N55938,P28A,PIPER PA-28-140/150/160/180,L1P,L
A727BC,N560JK,C560,CESSNA 560 Citation Ultra,L2J,M
A72BBC,N561MH,P28A,PIPER PA-28-140/150/160/180,L1P,L
A72EBC,N562E,RV12,VANS RV-12,L1P,L
A734BC,N5632Q,M20P,MOONEY M-20,L1P,L
A735BC,N56391,M5,MAULE M-5,L1P,L
A738BC,N5644T,C172,CESSNA 172 Skyhawk,L1P,L
A73CBC,N5656W,P28A,PIPER PA-28-140/150/160/180,L1P,L
A73DBC,N566FL,P28A,PIPER PA-28-140/150/160/180,L1P,L
A741BC,N567JJ,COL4,CESSNA 400 Corvalis TT,L1P,L
A747BC,N5685U,P28A,PIPER PA-28-140/150/160/180,L1P,L
A74CBC,N57GX,M20P,MOONEY M-20,L1P,L
A74DBC,N57TC,BE35,BEECH 35 Starfire Bonanza,L1P,L
A751BC,N5707F,P28A,PIPER PA-28-140/150/160/180,L1P,L
A758BC,N5724A,BALL,,B0-,-
A75EBC,N574R,DRON,,D0-,-
A760BC,N5748G,C150,CESSNA 150,L1P,L
A763BC,N57529,TAYD,TAYLORCRAFT DC/DF/DL,L1P,L
A767BC,N5765B,C182,CESSNA 182 Skylane,L1P,L
A768BC,N577DG,SR22,CIRRUS SR-22,L1P,L
A773BC,N58BV,T206,CESSNA T206 Turbo Stationair,L1P,L
A776BC,N580JM,DRON,,D0-,-
A77CBC,N5815X,M20P,MOONEY M-20,L1P,L
A782BC,N583TF,BE95,BEECH 95 Travel Air,L2P,L
A783BC,N5832S,BE35,BEECH 35 Starfire Bonanza,L1P,L
A787BC,N5844V,GLID,,L0-,-
A789BC,N585NW,B753,BOEING 757-300,L2J,M
A78BBC,N5856Y,PA23,PIPER PA-23,L2P,L
A790BC,N587JL,ALIG,ARION LS-1 Lightning,L1P,L
A793BC,N588BC,BL8,BELLANCA 8 Decathlon,L1P,L
A799BC,N5890N,AC11,NORTH AMERICAN ROCKWELL Commander 112/114,L1P,L
A79CBC,N59TE,BE35,BEECH 35 Starfire Bonanza,L1P,L
A7A3BC,N5912,GLID,,L0-,-
A7A4BC,N5919L,AA1,AMERICAN AA-1,L1P,L
A7A7BC,N5924C,BE35,BEECH 35 Starfire Bonanza,L1P,L
A7A9BC,N593ND,PA44,PIPER PA-44 Seminole,L2P,L
A7B4BC,N596LS,DRON,,D0-,-
A7BABC,N5977G,C150,CESSNA 150,L1P,L
A7C4BC,N6YJ,B407,BELL 407,H1T,L
A7C5BC,N60JP,BALL,,B0-,-
A7C9BC,N6001B,C182,CESSNA 182 Skylane,L1P,L
A7D1BC,N6025H,J3,PIPER J-3 Cub,L1P,L
A7D5BC,N6037L,AA5,AMERICAN AA-5 Tiger,L1P,L
A7D8BC,N6042C,,,,
A7D9BC,N6049P,PA24,PIPER PA-24 Comanche,L1P,L
A7DDBC,N606CA,PA23,PIPER PA-23,L2P,L
A7E0BC,N6066J,C182,CESSNA 182 Skylane,L1P,L
A7E3BC,N6071A,C172,CESSNA 172 Skyhawk,L1P,L
A7EDBC,N61PT,T206,CESSNA T206 Turbo Stationair,L1P,L
A7F1BC,N61041,C150,CESSNA 150,L1P,L
A7F5BC,N61164,C185,CESSNA 185 Skywagon,L1P,L
A7F7BC,N612S,RS12,RANS S-12 Super Airaile,L1P,L
A7F8BC,N6121W,P28A,PIPER PA-28-140/150/160/180,L1P,L
A7FABC,N613JS,AS31,SCHLEICHER ASH-31,L1P,L
A7FCBC,N6133Z,SS2T,TRUSH Turbo Thrush 500/550,L1T,L
A7FDBC,N614BJ,GLST,GLASAIR SH-4 GlaStar,L1P,L
A806BC,N616TL,R66,ROBINSON R-66,H1T,L
A807BC,N6162X,SR22,CIRRUS SR-22,L1P,L
A808BC,N61698,BE9L,BEECH 90 King Air,L2T,L
A810BC,N619FT,P28A,PIPER PA-28-140/150/160/180,L1P,L
A813BC,N61986,YK55,YAKOVLEV Yak-55,L1P,L
A816BC,N620FB,PC12,PILATUS PC-12,L1T,L
A817BC,N620RH,CH60,ZENAIR CH-600 Zodiac,L1P,L
A81ABC,N621J,CH64,ZENAIR CH-640 Zodiac,L1P,L
A81DBC,N622AS,B737,BOEING 737-700,L2J,M
A827BC,N6242E,C172,CESSNA 172 Skyhawk,L1P,L
A828BC,N6249R,C150,CESSNA 150,L1P,L
A82ABC,N625VS,SR22,CIRRUS SR-22,L1P,L
A82DBC,N626NJ,P28A,PIPER PA-28-140/150/160/180,L1P,L
A831BC,N627RG,SR22,CIRRUS SR-22,L1P,L
A833BC,N6278P,PA24,PIPER PA-24 Comanche,L1P,L
A83BBC,N63DP,,,,
A83CBC,N63PV,P32R,PIPER PA-32R-300/301/301T,L1P,L
A841BC,N631CY,,,,
A844BC,N63166,C180,CESSNA  180 Skywagon,L1P,L
A84ABC,N633V,BE35,BEECH 35 Starfire Bonanza,L1P,L
A857BC,N637,HUSK,CHRISTEN Husky,L1P,L
A860BC,N639SA,SYMP,OMF Symphony,L1P,L
A861BC,N6391X,,,,
A862BC,N63988,ULAC,,L0-,-
A863BC,N64JT,PA18,PIPER PA-18 Super Cub,L1P,L
A867BC,N6401F,C150,CESSNA 150,L1P,L
A868BC,N6408S,C82R,CESSNA R182 Skylane RG,L1P,L
A869BC,N641JB,A320,AIRBUS A-320,L2J,M
A86BBC,N6413J,BE36,BEECH 36 Bonanza,L1P,L
A86DBC,N642M,SC7,SHORT Skyvan,L2T,L
A870BC,N643DS,DA40,DIAMOND DA-40 Club Star,L1P,L
A872BC,N6430D,CH7A,BELLANCA 7 Champion,L1P,L
A873BC,N6437Q,M20P,MOONEY M-20,L1P,L
A875BC,N644SW,B733,BOEING 737-300,L2J,M
A877BC,N6449T,C182,CESSNA 182 Skylane,L1P,L
A87ABC,N6454K,C150,CESSNA 150,L1P,L
A87EBC,N6466N,T210,CESSNA T210 Turbo Centurion,L1P,L
A881BC,N6471E,C172,CESSNA 172 Skyhawk,L1P,L
A885BC,N6483H,J3,PIPER J-3 Cub,L1P,L
A88ABC,N65DR,RV6,VANS RV-6,L1P,L
A88BBC,N65PX,CL60,BOMBARDIER CL-600 Challenger,L2J,M
A88CBC,N650AB,C650,CESSNA 650 Citation,L2J,M
A88FBC,N65045,C172,CESSNA 172 Skyhawk,L1P,L
A891BC,N651PF,ACR2,ACRO SPORT 2,L1P,L
A893BC,N65168,B06,BELL 206 JetRanger,H1T,L
A895BC,N652SD,C208,CESSNA 208 Caravan,L1T,L
A8A0BC,N655QS,C56X,CESSNA 560XL Citation XLS,L2J,M
A8A5BC,N65621,WACF,WACO F,L1P,L
A8ADBC,N65867,GLID,,L0-,-
A8B6BC,N6601H,C172,CESSNA 172 Skyhawk,L1P,L
A8B7BC,N6608U,M20P,MOONEY M-20,L1P,L
A8BBBC,N662AW,A320,AIRBUS A-320,L2J,M
A8BCBC,N662MB,PARA,,P0-,-
A8C5BC,N6642J,P28A,PIPER PA-28-140/150/160/180,L1P,L
A8CBBC,N666NN,PA34,PIPER PA-34 Seneca,L2P,L
A8CEBC,N667FE,A306,AIRBUS A-300-600,L2J,H
A8CFBC,N667RL,B407,BELL 407,H1T,L
A8D4BC,N6683K,G164,GRUMMAN G-164 Ag-Cat,L1P,L
A8D6BC,N669MA,SR22,CIRRUS SR-22,L1P,L
A8D8BC,N6695N,BE33,BEECH 33 Bonanza,L1P,L
A8D9BC,N67DT,,,,
A8DABC,N67PZ,,,,
A8DFBC,N671DB,M20P,MOONEY M-20,L1P,L
A8E9BC,N67335,C152,CESSNA 152,L1P,L
A8EABC,N674BQ,DRON,,D0-,-
A8EDBC,N67458,DG15,HOWARD Nightingale,L1P,L
A8F5BC,N677AC,CH7A,BELLANCA 7 Champion,L1P,L
A8F8BC,N67746,C152,CESSNA 152,L1P,L
A901BC,N68JX,PTS1,PITTS S-1 Special,L1P,L
A906BC,N6808W,P28A,PIPER PA-28-140/150/160/180,L1P,L
A911BC,N6837U,M20P,MOONEY M-20,L1P,L
A913BC,N684T,BE35,BEECH 35 Starfire Bonanza,L1P,L
A91FBC,N6871J,P28R,PIPER PA-28R-180/200/201,L1P,L
A925BC,N689MC,E50P,EMBRAER EMB-500 Phenom 100,L2J,L
A927BC,N6895Q,G164,GRUMMAN G-164 Ag-Cat,L1P,L
A928BC,N69DV,H500,HUGHES 500,H1T,L
A939BC,N694BS,SSTL,JUST JA30 SuperSTOL,L1P,L
A940BC,N6958C,P28R,PIPER PA-28R-180/200/201,L1P,L
A944BC,N697AE,DRON,,D0-,-
A94BBC,N6987A,AS50,AEROSPATIALE AS-350 Ecureuil,H1T,L
A94FBC,N6999D,M20P,MOONEY M-20,L1P,L
A950BC,N7JZ,C210,CESSNA 201 Centurion,L1P,L
A952BC,N70FK,F900,DASSAULT Falcon 900,L3J,M
A953BC,N70RR,ULAC,,L0-,-
A954BC,N700BW,CL30,BOMBARDIER BD-100 Challenger 300,L2J,M
A95ABC,N70106,J3,PIPER J-3 Cub,L1P,L
A95BBC,N7018G,C172,CESSNA 172 Skyhawk,L1P,L
A95CBC,N702HS,RV7,VANS RV-7,L1P,L
A963BC,N704DG,C150,CESSNA 150,L1P,L
A965BC,N704ZU,C150,CESSNA 150,L1P,L
A966BC,N7047E,C175,CESSNA 175 Skylark,L1P,L
A969BC,N70517,C182,CESSNA 182 Skylane,L1P,L
A96FBC,N707NA,B407,BELL 407,H1T,L
A975BC,N7088F,C150,CESSNA 150,L1P,L
A977BC,N709TX,,,,
A978BC,N70928,J3,PIPER J-3 Cub,L1P,L
A97ABC,N71LP,C501,CESSNA 501 Citation 1SP,L2J,L
A97FBC,N71093,J3,PIPER J-3 Cub,L1P,L
A980BC,N711KY,AS29,SCHLEICHER ASG-29,L1P,L
A981BC,N711WD,SEAW,Seawind,A1P,L
A982BC,N7114V,M20P,MOONEY M-20,L1P,L
A986BC,N7126Y,BALL,,B0-,-
A98ABC,N71381,L8,LUSCOMBE 8,L1P,L
A98BBC,N714JL,C150,CESSNA 150,L1P,L
A98CBC,N714US,A319,AIRBUS A-319,L2J,M
A98EBC,N715BC,BE36,BEECH 36 Bonanza,L1P,L
A991BC,N7155W,R22,ROBINSON R-22 Mariner,H1P,L
A999BC,N71792,L8,LUSCOMBE 8,L1P,L
A99CBC,N7184U,M20P,MOONEY M-20,L1P,L
A99DBC,N719CP,C82T,CESSNA TR182 Turbo Skylane RG,L1P,L
A9A6BC,N7206F,P28A,PIPER PA-28-140/150/160/180,L1P,L
A9A8BC,N721RB,AAT4,AERO AT-4,L1P,L
A9A9BC,N72108,BE36,BEECH 36 Bonanza,L1P,L
A9AABC,N7218J,P28A,PIPER PA-28-140/150/160/180,L1P,L
A9ADBC,N7223A,C172,CESSNA 172 Skyhawk,L1P,L
A9B9BC,N7259K,PA18,PIPER PA-18 Super Cub,L1P,L
A9BCBC,N7264B,BE35,BEECH 35 Starfire Bonanza,L1P,L
A9C0BC,N7276E,T206,CESSNA T206 Turbo Stationair,L1P,L
A9C2BC,N728RA,RV9,VANS RV-9,L1P,L
A9C8BC,N73AK,PA12,PIPER PA-12 Super Cruiser,L1P,L
A9C9BC,N73LR,FA10,DASSAULT Falcon 100,L2J,M
A9CBBC,N730HB,SR20,CIRRUS SR-20,L1P,L
A9D0BC,N731WF,SR22,CIRRUS SR-22,L1P,L
A9D5BC,N73260,B47G,BELL 47G,H1P,L
A9D7BC,N733RW,C172,CESSNA 172 Skyhawk,L1P,L
A9D8BC,N7331S,C182,CESSNA 182 Skylane,L1P,L
A9D9BC,N73383,C172,CESSNA 172 Skyhawk,L1P,L
A9DABC,N734JN,C172,CESSNA 172 Skyhawk,L1P,L
A9DBBC,N734UU,C172,CESSNA 172 Skyhawk,L1P,L
A9DCBC,N7343V,BL17,BELLANCA 17 Viking,L1P,L
A9DDBC,N735BE,C182,CESSNA 182 Skylane,L1P,L
A9DFBC,N735XS,C182,CESSNA 182 Skylane,L1P,L
A9E1BC,N736EC,C172,CESSNA 172 Skyhawk,L1P,L
A9E3BC,N7360Q,C182,CESSNA 182 Skylane,L1P,L
A9E4BC,N73671,C172,CESSNA 172 Skyhawk,L1P,L
A9E8BC,N73794,,,,
A9EABC,N738WE,C172,CESSNA 172 Skyhawk,L1P,L
A9EBBC,N7384W,P28A,PIPER PA-28-140/150/160/180,L1P,L
A9EEBC,N739ZC,C172,CESSNA 172 Skyhawk,L1P,L
A9F0BC,N74FP,RV7,VANS RV-7,L1P,L
A9F1BC,N74RV,RV7,VANS RV-7,L1P,L
AA01BC,N744DL,,,,
AA04BC,N7447J,P28R,PIPER PA-28R-180/200/201,L1P,L
AA07BC,N7452A,C172,CESSNA 172 Skyhawk,L1P,L
AA16BC,N7493B,CH7A,BELLANCA 7 Champion,L1P,L
AA17BC,N75AM,BE55,BEECH 55 Baron,L2P,L
AA18BC,N75LT,C25A,CESSNA 525A Citation CJ2,L2J,L
AA1BBC,N750TK,CH75,ZENAIR CH-750 Cruzer,L1P,L
AA1DBC,N75097,,,,
AA1EBC,N751LB,P32R,PIPER PA-32R-300/301/301T,L1P,L
AA2ABC,N754UW,A319,AIRBUS A-319,L2J,M
AA31BC,N756QL,T206,CESSNA T206 Turbo Stationair,L1P,L
AA32BC,N7560S,C182,CESSNA 182 Skylane,L1P,L
AA33BC,N75673,ST75,STEARMAN Kaydet,L1P,L
AA34BC,N757HC,C152,CESSNA 152,L1P,L
AA36BC,N7572V,C77R,CESSNA 177RG Cardinal RG,L1P,L
AA3ABC,N7584Y,C82R,CESSNA R182 Skylane RG,L1P,L
AA3BBC,N759CT,C182,CESSNA 182 Skylane,L1P,L
AA3CBC,N759NZ,C182,CESSNA 182 Skylane,L1P,L
AA3DBC,N759ZE,C182,CESSNA 182 Skylane,L1P,L
AA3FBC,N76FR,P32R,PIPER PA-32R-300/301/301T,L1P,L
AA44BC,N7606K,PA20,PIPER PA-20 Pacer,L1P,L
AA4BBC,N7623E,B14A,BELLANCA 14,L1P,L
AA4FBC,N7635H,PA12,PIPER PA-12 Super Cruiser,L1P,L
AA52BC,N7640,GLID,,L0-,-
AA54BC,N765GL,G2T1,GREAT LAKES 2T-1,L1P,L
AA57BC,N7659P,PA24,PIPER PA-24 Comanche,L1P,L
AA5ABC,N7664F,P28A,PIPER PA-28-140/150/160/180,L1P,L
AA5BBC,N767CA,C82T,CESSNA TR182 Turbo Skylane RG,L1P,L
AA61BC,N7681A,S76,SIKORSKY S-76 Spirit,H2T,L
AA62BC,N7688M,C175,CESSNA 175 Skylark,L1P,L
AA66BC,N77AP,C182,CESSNA 182 Skylane,L1P,L
AA67BC,N77LV,BE58,BEECH 58 Baron,L2P,L
AA68BC,N77XA,RV7,VANS RV-7,L1P,L
AA6ABC,N770TM,F2TH,DASSAULT Falcon 2000,L2J,M
AA6DBC,N771LD,FA20,DASSAULT Falcon 200,L2J,M
AA73BC,N77264,C140,CESSNA 140,L1P,L
AA75BC,N773S,,,,
AA81BC,N7760U,C172,CESSNA 172 Skyhawk,L1P,L
AA83BC,N777HE,C172,CESSNA 172 Skyhawk,L1P,L
AA84BC,N777TL,BE35,BEECH 35 Starfire Bonanza,L1P,L
AA85BC,N7772X,C172,CESSNA 172 Skyhawk,L1P,L
AA86BC,N77798,ST75,STEARMAN Kaydet,L1P,L
AA8BBC,N779PA,EC30,AIRBUS HELICOPTERS EC-130,H1T,L
AA8EBC,N78FT,R44,ROBINSON R-44 Raven,H1P,L
AA90BC,N780CD,SR22,CIRRUS SR-22,L1P,L
AA94BC,3202,B429,BELL 429 GlobalRanger,H2T,L
AA95BC,N781RH,EXEC,ROTORWAY Exec,H1P,L
AA96BC,N7811D,PA22,PIPER PA-22,L1P,L
AA98BC,N782J,JAB4,JABIRU J200-450,L1P,L
AA9ABC,N7823G,C172,CESSNA 172 Skyhawk,L1P,L
AA9BBC,N783AS,AT8T,AIR TRACTOR AT-802,L1T,M
AAA9BC,N7864H,PA12,PIPER PA-12 Super Cruiser,L1P,L
AAAABC,N787CC,BE58,BEECH 58 Baron,L2P,L
AAB4BC,N7893F,C150,CESSNA 150,L1P,L
AAB5BC,N79AR,S58P,SIKORSKY S-58,H1P,L
AAB7BC,N79XC,S22T,CIRRUS SR-22T Turbo,L1P,L
AAB8BC,N790HH,DRON,,D0-,-
AABBBC,N791A,RV7,VANS RV-7,L1P,L
AAC4BC,N793SB,BE35,BEECH 35 Starfire Bonanza,L1P,L
AAC5BC,N7931Y,PA30,PIPER PA-30 Twin Comanche,L2P,L
AAC9BC,N79431,C172,CESSNA 172 Skyhawk,L1P,L
AACDBC,N79554,C172,CESSNA 172 Skyhawk,L1P,L
AAD2BC,N797HG,PA46,PIPER PA-46-310/350,L1P,L
AAD4BC,N7972Z,C150,CESSNA 150,L1P,L
AAD5BC,N798,FBA2,FOUND FB-2 Bush Hawk,L1P,L
AADABC,N799PC,T210,CESSNA T210 Turbo Centurion,L1P,L
AADFBC,N80CF,,,,
AAE4BC,N80035,PTS2,PITTS S-2 Special,L1P,L
AAE8BC,N80158,C172,CESSNA 172 Skyhawk,L1P,L
AAEDBC,N803HL,C172,CESSNA 172 Skyhawk,L1P,L
AAEFBC,N80323,BE18,BEECH 18 Expetitor,L2P,L
AAF0BC,N804AC,H25B,HAWKER BEECHCRAFT Hawker 750/850,L2J,M
AAF3BC,N80446,P28A,PIPER PA-28-140/150/160/180,L1P,L
AAF5BC,N805PG,E55P,EMBRAER EMB-505 Phenom 300,L2J,M
AAF7BC,N80569,GC1,GLOBE Swift,L1P,L
AAFABC,N80611,GC1,GLOBE Swift,L1P,L
AAFBBC,N8069B,C172,CESSNA 172 Skyhawk,L1P,L
AAFEBC,N80734,C172,CESSNA 172 Skyhawk,L1P,L
AAFFBC,N808BP,C82T,CESSNA TR182 Turbo Skylane RG,L1P,L
AB02BC,N80857,ULAC,,L0-,-
AB03BC,N809EM,C206,CESSNA  206 Stationair,L1P,L
AB07BC,N81HK,,,,
AB0EBC,N811T,,,,
AB11BC,N812KS,C72R,CESSNA 172R Cutlass RG,L1P,L
AB13BC,N8124P,SR22,CIRRUS SR-22,L1P,L
AB14BC,N813CJ,DRON,,D0-,-
AB17BC,N8136S,C150,CESSNA 150,L1P,L
AB18BC,N814FG,C172,CESSNA 172 Skyhawk,L1P,L
AB1FBC,N816AX,FA50,DASSAULT Falcon 50,L3J,M
AB20BC,N816MC,S22T,CIRRUS SR-22T Turbo,L1P,L
AB22BC,N8165Q,BE36,BEECH 36 Bonanza,L1P,L
AB25BC,N8170G,PA34,PIPER PA-34 Seneca,L2P,L
AB26BC,N8177T,C175,CESSNA 175 Skylark,L1P,L
AB27BC,N818GT,,,,
AB2ABC,N8189W,P28A,PIPER PA-28-140/150/160/180,L1P,L
AB2BBC,N819KR,C550,CESSNA 550 Citation S2,L2J,L
AB2EBC,N82CH,RV10,VANS RV-10,L1P,L
AB2FBC,N82NP,NPOR,REDFERN Nieuport 24,L1P,L
AB33BC,N82037,ZZZZ,,-0-,-
AB3ABC,N82202,CH7A,BELLANCA 7 Champion,L1P,L
AB3EBC,N82325,PA18,PIPER PA-18 Super Cub,L1P,L
AB3FBC,N824AE,E135,EMBRAER ERJ-135,L2J,M
AB41BC,N824WS,R22,ROBINSON R-22 Mariner,H1P,L
AB42BC,N82448,PA18,PIPER PA-18 Super Cub,L1P,L
AB43BC,N825DC,,,,
AB44BC,N825PJ,FOX,KITFOX,L1P,L
AB49BC,N82613,PA18,PIPER PA-18 Super Cub,L1P,L
AB4DBC,N82736,PA18,PIPER PA-18 Super Cub,L1P,L
AB4EBC,N828BR,SR20,CIRRUS SR-20,L1P,L
AB50BC,N828YC,DRON,,D0-,-
AB51BC,N82859,P28R,PIPER PA-28R-180/200/201,L1P,L
AB54BC,N82901,CH7A,BELLANCA 7 Champion,L1P,L
AB5ABC,N8300K,S108,STINSON 108 Voyager,L1P,L
AB5BBC,N8307W,P28A,PIPER PA-28-140/150/160/180,L1P,L
AB5CBC,N831GW,AEST,AEROSTAR 600,L2P,L
AB61BC,N832W,,,,
AB6ABC,N8348X,R44,ROBINSON R-44 Raven,H1P,L
AB74BC,N8370J,C150,CESSNA 150,L1P,L
AB75BC,N8377V,CH7A,BELLANCA 7 Champion,L1P,L
AB76BC,N838GV,C208,CESSNA 208 Caravan,L1T,L
AB7ABC,N839KT,BE23,BEECH 23 Sundowner,L1P,L
AB7DBC,N84CK,B06,BELL 206 JetRanger,H1T,L
AB80BC,N840KB,AC90,NORTH AMERICAN ROCKWELL Turbo Commander 690/840,L2T,L
AB84BC,N841N,CL60,BOMBARDIER CL-600 Challenger,L2J,M
AB86BC,N8416B,CRJ2,BOMBARDIER Regional Jet CRJ-200,L2J,M
AB8ABC,N8428E,B47G,BELL 47G,H1P,L
AB9ABC,N847KA,,,,
ABA3BC,N84903,CH7A,BELLANCA 7 Champion,L1P,L
ABA4BC,N8498D,PA22,PIPER PA-22,L1P,L
ABA6BC,N85TV,C510,CESSNA 510 Citation Mustang,L2J,L
ABA7BC,N850E,TBM7,SOCATA TBM-700A/B/C,L1T,L
ABA9BC,N8500M,BE35,BEECH 35 Starfire Bonanza,L1P,L
ABAABC,N8507Y,PA30,PIPER PA-30 Twin Comanche,L2P,L
ABADBC,N8512Q,,,,
ABAEBC,N85191,CH7A,BELLANCA 7 Champion,L1P,L
ABB1BC,N8524T,C182,CESSNA 182 Skylane,L1P,L
ABB5BC,N8536W,P28B,PIPER PA-28-201T/235/236,L1P,L
ABB6BC,N854FL,H25B,HAWKER BEECHCRAFT Hawker 750/850,L2J,M
ABB8BC,N8541N,P28B,PIPER PA-28-201T/235/236,L1P,L
ABB9BC,N8548Z,LA25,LAKE LA-250,A1P,L
ABBBBC,N855UQ,DRON,,D0-,-
ABC1BC,N857DZ,B739,BOEING 737-900,L2J,M
ABC6BC,N858TC,B58T,BEECH 58TC Baron,L2P,L
ABC7BC,N8582P,PA24,PIPER PA-24 Comanche,L1P,L
ABC9BC,N859KV,DRON,,D0-,-
ABCCBC,N86CM,PA31,PIPER PA-31-300/310/325/350/425,L2P,L
ABCDBC,N86NT,GLID,,L0-,-
ABCFBC,N860KD,,,,
ABD1BC,N8604A,PARA,,P0-,-
ABD5BC,N8616D,PA22,PIPER PA-22,L1P,L
ABD9BC,N8628G,C150,CESSNA 150,L1P,L
ABDDBC,N864AJ,CH75,ZENAIR CH-750 Cruzer,L1P,L
ABE7BC,N86617,CH7B,BELLANCA 7 Citabria,L1P,L
ABEDBC,N868NA,F18H,BOEING FA-18 HORNET,L2J,M
ABF4BC,N87HR,R44,ROBINSON R-44 Raven,H1P,L
ABF5BC,N87TX,SSTL,JUST JA30 SuperSTOL,L1P,L
ABF8BC,N8700P,PA24,PIPER PA-24 Comanche,L1P,L
ABFCBC,N8712S,C150,CESSNA 150,L1P,L
AC00BC,N8724V,CH7A,BELLANCA 7 Champion,L1P,L
AC08BC,N87481,C310,CESSNA 310,L2P,L
AC0BBC,N8753T,C182,CESSNA 182 Skylane,L1P,L
AC0FBC,N8765W,SR20,CIRRUS SR-20,L1P,L
AC1ABC,N8794U,C150,CESSNA 150,L1P,L
AC1CBC,N88NV,CH7A,BELLANCA 7 Champion,L1P,L
AC1DBC,N88ZA,B407,BELL 407,H1T,L
AC26BC,N882RB,C550,CESSNA 550 Citation S2,L2J,L
AC2BBC,N8833A,BE33,BEECH 33 Bonanza,L1P,L
AC2CBC,N884AL,S76,SIKORSKY S-76 Spirit,H2T,L
AC33BC,N8857G,C182,CESSNA 182 Skylane,L1P,L
AC3BBC,N888BX,ULAC,,L0-,-
AC4FBC,N8924X,C182,CESSNA 182 Skylane,L1P,L
AC50BC,N893CS,EC35,AIRBUS HELICOPTERS EC-135/635,H2T,L
AC53BC,N89360,C140,CESSNA 140,L1P,L
AC5EBC,N8965Y,PA30,PIPER PA-30 Twin Comanche,L2P,L
AC5FBC,N897EC,P28R,PIPER PA-28R-180/200/201,L1P,L
AC65BC,N8982T,C182,CESSNA 182 Skylane,L1P,L
AC69BC,N8994W,P28B,PIPER PA-28-201T/235/236,L1P,L
AC6ABC,N9CR,B429,BELL 429 GlobalRanger,H2T,L
AC6BBC,N9NX,C208,CESSNA 208 Caravan,L1T,L
AC6EBC,N90VP,BE65,BEECH 65 Queen Air,L2P,L
AC70BC,N900S,C310,CESSNA 310,L2P,L
AC71BC,N9001W,P28B,PIPER PA-28-201T/235/236,L1P,L
AC72BC,N90087,ULAC,,L0-,-
AC73BC,N901JS,BE9L,BEECH 90 King Air,L2T,L
AC78BC,N902XW,,,,
AC79BC,N90252,C172,CESSNA 172 Skyhawk,L1P,L
AC7CBC,N9030U,PA22,PIPER PA-22,L1P,L
AC80BC,N9042X,SREY,PROGRESSIVE AERODYNE SeaRey,A1P,L
AC82BC,N905LC,C560,CESSNA 560 Citation Ultra,L2J,M
AC86BC,N906PA,DA40,DIAMOND DA-40 Club Star,L1P,L
AC8FBC,N9083Y,BALL,,B0-,-
AC90BC,N909BH,H60,SIKORSKY UH-60 Black Hawk,H2T,M
AC91BC,N909MP,CH7B,BELLANCA 7 Citabria,L1P,L
AC93BC,N90951,C172,CESSNA 172 Skyhawk,L1P,L
AC96BC,N910AS,DHC2,DE HAVILLAND DHC-2 Beaver,L1P,L
AC99BC,N9105K,S108,STINSON 108 Voyager,L1P,L
AC9ABC,N911DQ,B739,BOEING 737-900,L2J,M
AC9BBC,N911PW,B06,BELL 206 JetRanger,H1T,L
AC9CBC,N9110B,BALL,,B0-,-
AC9DBC,N9117N,BALL,,B0-,-
ACA1BC,N9129R,C140,CESSNA 140,L1P,L
ACA4BC,N9134H,C172,CESSNA 172 Skyhawk,L1P,L
ACB0BC,N917AR,,,,
ACB3BC,N9175J,P28A,PIPER PA-28-140/150/160/180,L1P,L
ACB7BC,N9187M,RV4,VANS RV-4,L1P,L
ACB8BC,N919GM,E300,EXTRA EA-300/330/350,L1P,L
ACBBBC,N9199Q,BE33,BEECH 33 Bonanza,L1P,L
ACBCBC,N92KK,RV8,VANS RV-8,L1P,L
ACBFBC,N920SB,C82R,CESSNA R182 Skylane RG,L1P,L
ACC3BC,N921V,CH60,ZENAIR CH-600 Zodiac,L1P,L
ACC4BC,N92131,C172,CESSNA 172 Skyhawk,L1P,L
ACC5BC,N922BL,NG5,BRM AERO NG-5/6 Bristell,L1P,L
ACC8BC,N92254,J3,PIPER J-3 Cub,L1P,L
ACCBBC,N9230W,P28B,PIPER PA-28-201T/235/236,L1P,L
ACCFBC,N9242Z,AA5,AMERICAN AA-5 Tiger,L1P,L
ACD2BC,N925WL,R44,ROBINSON R-44 Raven,H1P,L
ACD3BC,N92542,C182,CESSNA 182 Skylane,L1P,L
ACD7BC,N92665,C182,CESSNA 182 Skylane,L1P,L
ACD9BC,N927SA,BL8,BELLANCA 8 Decathlon,L1P,L
ACDBBC,N92788,C182,CESSNA 182 Skylane,L1P,L
ACDCBC,N928JT,RV7,VANS RV-7,L1P,L
ACDEBC,N92830,SKYR,REARWIN Skyranger,L1P,L
ACE2BC,N92953,SKYR,REARWIN Skyranger,L1P,L
ACE5BC,N930AU,A321,AIRBUS A-321,L2J,M
ACE6BC,N930M,RV10,VANS RV-10,L1P,L
ACE8BC,N9305M,M20P,MOONEY M-20,L1P,L
ACEBBC,N9310D,C72R,CESSNA 172R Cutlass RG,L1P,L
ACEEBC,N932SW,CRJ2,BOMBARDIER Regional Jet CRJ-200,L2J,M
ACFABC,N9351E,AR11,AERONCA 11 Chief,L1P,L
ACFFBC,N937AT,B712,BOEING 717-200,L2J,M
AD05BC,N9380C,P28R,PIPER PA-28R-180/200/201,L1P,L
AD09BC,N9392F,C72R,CESSNA 172R Cutlass RG,L1P,L
AD0BBC,N94KM,BE58,BEECH 58 Baron,L2P,L
AD11BC,N941JW,C182,CESSNA 182 Skylane,L1P,L
AD18BC,N943EL,C750,CESSNA 750 Citation 10,L2J,M
AD1ABC,N9430Y,BE35,BEECH 35 Starfire Bonanza,L1P,L
AD1BBC,N94379,ERCO,AIR PRODUCTS F-1 Aircoupe,L1P,L
AD1FBC,N945AA,SF50,CIRRUS SF-50 Vision,L1J,L
AD21BC,N945WN,B737,BOEING 737-700,L2J,M
AD22BC,N94544,C182,CESSNA 182 Skylane,L1P,L
AD26BC,N94667,ERCO,AIR PRODUCTS F-1 Aircoupe,L1P,L
AD2ABC,N9479,ZZZZ,,-0-,-
AD2EBC,N949BM,HUSK,CHRISTEN Husky,L1P,L
AD35BC,N950MB,BE20,BEECH 200 Super King Air,L2T,M
AD37BC,N9505P,PA24,PIPER PA-24 Comanche,L1P,L
AD3CBC,N952GS,AA1,AMERICAN AA-1,L1P,L
AD3FBC,N9529V,M10,MOONEY M-10 Cadet,L1P,L
AD44BC,N954NN,B738,BOEING 737-800,L2J,M
AD46BC,N9546Q,BE65,BEECH 65 Queen Air,L2P,L
AD47BC,N955FE,C208,CESSNA 208 Caravan,L1T,L
AD4ABC,N9558T,C210,CESSNA 201 Centurion,L1P,L
AD4EBC,N957AV,A320,AIRBUS A-320,L2J,M
AD55BC,N9587R,BE35,BEECH 35 Starfire Bonanza,L1P,L
AD5ABC,N96KP,VELO,Velocity,L1P,L
AD5BBC,N96VV,RV4,VANS RV-4,L1P,L
AD5CBC,N960G,P46T,PIPER PA-46-500TP,L1T,L
AD5DBC,N960SF,F900,DASSAULT Falcon 900,L3J,M
AD5EBC,N96012,TAYB,TAYLORCRAFT BC/BF/BL,L1P,L
AD69BC,N96300,TAYB,TAYLORCRAFT BC/BF/BL,L1P,L
AD6BBC,N964HL,,,,
AD6EBC,N965AC,P28A,PIPER PA-28-140/150/160/180,L1P,L
AD72BC,N966DA,P28A,PIPER PA-28-140/150/160/180,L1P,L
AD79BC,N9679B,C180,CESSNA  180 Skywagon,L1P,L
AD7CBC,N96834,TAYB,TAYLORCRAFT BC/BF/BL,L1P,L
AD81BC,N97EM,C56X,CESSNA 560XL Citation XLS,L2J,M
AD8ABC,N9717U,AA5,AMERICAN AA-5 Tiger,L1P,L
AD8CBC,N972T,BE35,BEECH 35 Starfire Bonanza,L1P,L
AD8DBC,N9722L,C700,CESSNA 700 Citation Longitude,L2J,M
AD8FBC,N973KS,BE30,BEECH 300 Super King Air,L2T,L
AD91BC,N9734P,PA18,PIPER PA-18 Super Cub,L1P,L
AD9CBC,N9763M,M20P,MOONEY M-20,L1P,L
AD9EBC,N977MC,BE35,BEECH 35 Starfire Bonanza,L1P,L
ADA3BC,N9780G,C180,CESSNA  180 Skywagon,L1P,L
ADA4BC,N9787T,C172,CESSNA 172 Skyhawk,L1P,L
ADA8BC,N9799W,P28A,PIPER PA-28-140/150/160/180,L1P,L
ADADBC,N98014,P28A,PIPER PA-28-140/150/160/180,L1P,L
ADAEBC,N9809E,AR11,AERONCA 11 Chief,L1P,L
ADAFBC,N981K,S22T,CIRRUS SR-22T Turbo,L1P,L
ADB1BC,N98137,J3,PIPER J-3 Cub,L1P,L
ADB9BC,N9838C,C82R,CESSNA R182 Skylane RG,L1P,L
ADBCBC,N98425,J3,PIPER J-3 Cub,L1P,L
ADC0BC,N98548,J3,PIPER J-3 Cub,L1P,L
ADC8BC,N9879D,PA18,PIPER PA-18 Super Cub,L1P,L
ADCFBC,N98959,PA12,PIPER PA-12 Super Cruiser,L1P,L
ADD0BC,N99EP,,,,
ADD2BC,N990B,C172,CESSNA 172 Skyhawk,L1P,L
ADD3BC,N990MF,C56X,CESSNA 560XL Citation XLS,L2J,M
ADD9BC,N9917W,P28A,PIPER PA-28-140/150/160/180,L1P,L
ADDCBC,N9922N,C180,CESSNA  180 Skywagon,L1P,L
ADE4BC,N9946U,AA1,AMERICAN AA-1,L1P,L
ADEDBC,N997ME,BE10,BEECH 100 King Air,L2T,L
ADF1BC,N998QC,G164,GRUMMAN G-164 Ag-Cat,L1P,L
ADF3BC,N9987V,C172,CESSNA 172 Skyhawk,L1P,L
ADF5BC,N999TA,TBM7,SOCATA TBM-700A/B/C,L1T,L
ADFCBC,93-0636,BE40,BEECH 400 Beechjet,L2J,M
ADFEBC,95-00124,C560,CESSNA 560 Citation Ultra,L2J,M
ADFFBC,65-10331,T38,NORTHROP T-38 Talon,L2J,L
AE04BC,58-0059,K35R,BOEING KC-135R/T Stratotanker,L4J,H
AE05BC,88-1307,C130,LOCKHEED C-130 Hercules,L4T,M
AE07BC,62-3564,K35R,BOEING KC-135R/T Stratotanker,L4J,H
AE08BC,165967,TEX2,BEECHCRAFT T-6 Texan 2,L1T,L
AE09BC,91-26335,H60,SIKORSKY UH-60 Black Hawk,H2T,M
AE0ABC,99-26842,H60,SIKORSKY UH-60 Black Hawk,H2T,M
AE0BBC,98-26806,H60,SIKORSKY UH-60 Black Hawk,H2T,M
AE0CBC,84-24007,H60,SIKORSKY UH-60 Black Hawk,H2T,M
AE0EBC,87-24655,H60,SIKORSKY UH-60 Black Hawk,H2T,M
AE10BC,01-0193,C17,BOEING C-17 Globemaster 3,L4J,H
AE11BC,03-3690,TEX2,BEECHCRAFT T-6 Texan 2,L1T,L
AE12BC,69-5823,C130,LOCKHEED C-130 Hercules,L4T,M
AE13BC,04-3742,TEX2,BEECHCRAFT T-6 Texan 2,L1T,L
AE14BC,161057,BE9L,BEECH 90 King Air,L2T,L
AE18BC,78-0619,A10,FAIRCHILD A-10 Thunderbolt II,L2J,M
AE1EBC,166055,TEX2,BEECHCRAFT T-6 Texan 2,L1T,L
AE1FBC,10-72173,EC45,AIRBUS HELICOPTERS EC-145,H2T,L
AE21BC,85-24481,H60,SIKORSKY UH-60 Black Hawk,H2T,M
AE26BC,6605,AS65,AEROSPATIALE AS-365 Dauphin 2,H2T,L
AE47BC,09-20233,H60,SIKORSKY UH-60 Black Hawk,H2T,M
AE4EBC,168438,P8,BOEING P-8 Poseidon,L2J,M
AE50BC,10-20252,H60,SIKORSKY UH-60 Black Hawk,H2T,M
AE51BC,11-20388,H60,SIKORSKY UH-60 Black Hawk,H2T,M
AE56BC,13-20596,H60,SIKORSKY UH-60 Black Hawk,H2T,M
AE57BC,168856,P8,BOEING P-8 Poseidon,L2J,M
AE59BC,14-08155,H47,BOEING-VERTOL CH-47 Chinook,H2T,M
AE5ABC,15-20730,H60,SIKORSKY UH-60 Black Hawk,H2T,M
AE5CBC,89-26207,H60,SIKORSKY UH-60 Black Hawk,H2T,M
AE5DBC,169209,F18S,BOEING FA-18 SUPER HORNET,L2J,M
AE5EBC,162022,B06,BELL 206 JetRanger,H1T,L
AE63BC,20-46080,B762,BOEING 767-200,L2J,H
AE68BC,12-3050,D328,DORNIER 328,L2T,M
AE6CBC,20-03348,H64,MCDONNELL DOUGLAS AH-64 Apache,H2T,M
AE6DBC,21-03380,H64,MCDONNELL DOUGLAS AH-64 Apache,H2T,M
C001BC,C-FARB,R22,ROBINSON R-22 Mariner,H1P,L
C002BC,C-FBAX,C207,CESSNA 207 Turbo Stationair,L1P,L
C003BC,C-FBKT,ZZZZ,,-0-,-
C005BC,C-FCEL,RBEL,MURPHY Rebel,L1P,L
C006BC,C-FCOH,,,,
C007BC,C-FCYD,,,,
C008BC,C-FDHZ,AT8T,AIR TRACTOR AT-802,L1T,M
C009BC,C-FDRV,C150,CESSNA 150,L1P,L
C00BBC,C-FELN,P28A,PIPER PA-28-140/150/160/180,L1P,L
C00CBC,C-FEVJ,C150,CESSNA 150,L1P,L
C00DBC,C-FFFF,,,,
C00EBC,C-FFPB,LA4,LAKE LA-4/200,A1P,L
C00FBC,C-FFYX,T40,TURNER T-40,L1P,L
C010BC,C-FGIT,,,,
C011BC,C-FGSP,,,,
C013BC,C-FHMH,RV9,VANS RV-9,L1P,L
C016BC,C-FIPV,PA31,PIPER PA-31-300/310/325/350/425,L2P,L
C018BC,C-FJJN,C172,CESSNA 172 Skyhawk,L1P,L
C01ABC,C-FKDF,C180,CESSNA  180 Skywagon,L1P,L
C01BBC,C-FKNB,TAYA,TAYLORCRAFT A,L1P,L
C01CBC,C-FKWX,C336,CESSNA 336 Skymaster,L2P,L
C01DBC,C-FLGT,C180,CESSNA  180 Skywagon,L1P,L
C01EBC,C-FLQP,B38M,BOEING 737 MAX 8,L2J,M
C01FBC,C-FMAL,H500,HUGHES 500,H1T,L
C022BC,C-FNDZ,PA22,PIPER PA-22,L1P,L
C023BC,C-FNNV,C172,CESSNA 172 Skyhawk,L1P,L
C024BC,C-FNXR,C172,CESSNA 172 Skyhawk,L1P,L
C027BC,C-FPBF,GLID,,L0-,-
C029BC,C-FPUX,C170,CESSNA 170,L1P,L
C02BBC,C-FQOP,Z42,ZLIN Z-42/142/242,L1P,L
C02CBC,C-FQYL,BIPL,EAA Biplane,L1P,L
C02DBC,C-FRIH,HIGH,JUST JA20 Highlander,L1P,L
C02FBC,C-FSBZ,C180,CESSNA  180 Skywagon,L1P,L
C030BC,C-FSLV,C206,CESSNA  206 Stationair,L1P,L
C031BC,C-FSVR,,,,
C032BC,C-FTFN,CAMP,GREGA GN-1 Aircamper,L1P,L
C033BC,C-FTPJ,C172,CESSNA 172 Skyhawk,L1P,L
C034BC,C-FTZF,GLID,,L0-,-
C035BC,C-FUJB,PA11,PIPER PA-11 Cub Special,L1P,L
C036BC,C-FUSX,SKIM,COLONIAL Skimmer,A1P,L
C037BC,C-FVCT,FOX,KITFOX,L1P,L
C039BC,C-FVWL,,,,
C03ABC,C-FWGH,B738,BOEING 737-800,L2J,M
C03BBC,C-FWQD,RBEL,MURPHY Rebel,L1P,L
C03DBC,C-FXJV,PA16,PIPER PA-16 Clipper,L1P,L
C03EBC,C-FXTR,,,,
C040BC,C-FYNJ,C172,CESSNA 172 Skyhawk,L1P,L
C041BC,C-FYXF,A321,AIRBUS A-321,L2J,M
C042BC,C-FZHB,CH7A,BELLANCA 7 Champion,L1P,L
C043BC,C-FZQX,R44,ROBINSON R-44 Raven,H1P,L
C044BC,C-GAAT,B190,BEECH 1900,L2T,M
C045BC,C-GAKP,PA38,PIPER PA-38 Tomahawk,L1P,L
C046BC,C-GAUL,,,,
C047BC,C-GBEH,,,,
C048BC,C-GBOD,AS50,AEROSPATIALE AS-350 Ecureuil,H1T,L
C04ABC,C-GCHV,B105,EUROCOPTER BO-105,H2T,L
C04BBC,C-GCRR,B06,BELL 206 JetRanger,H1T,L
C04CBC,C-GDBN,ULAC,,L0-,-
C04DBC,C-GDLJ,C172,CESSNA 172 Skyhawk,L1P,L
C04FBC,C-GEFB,C188,CESSNA 188 AgTruck,L1P,L
C050BC,C-GEOX,H500,HUGHES 500,H1T,L
C051BC,C-GEYT,C180,CESSNA  180 Skywagon,L1P,L
C053BC,C-GFSL,CL2P,CANADAIR CL-215,A2P,M
C054BC,C-GGCH,B427,BELL 427,H2T,L
C055BC,C-GGMD,BALL,,B0-,-
C056BC,C-GGVZ,C172,CESSNA 172 Skyhawk,L1P,L
C057BC,C-GHFV,ULAC,,L0-,-
C058BC,C-GHPR,C188,CESSNA 188 AgTruck,L1P,L
C059BC,C-GHZN,AS50,AEROSPATIALE AS-350 Ecureuil,H1T,L
C05ABC,C-GIJJ,RBEL,MURPHY Rebel,L1P,L
C05BBC,C-GITF,PA34,PIPER PA-34 Seneca,L2P,L
C05CBC,C-GJDB,C172,CESSNA 172 Skyhawk,L1P,L
C05DBC,C-GJMX,,,,
C05EBC,C-GJWT,BE55,BEECH 55 Baron,L2P,L
C05FBC,C-GKGP,CHR1,ELMWOOD CA-05 Christavia Mk1,L1P,L
C060BC,C-GKQL,E295,EMBRAER ERJ-190-400,L2J,M
C061BC,C-GLAH,AS50,AEROSPATIALE AS-350 Ecureuil,H1T,L
C062BC,C-GLKD,P28A,PIPER PA-28-140/150/160/180,L1P,L
C063BC,C-GLTZ,AC11,NORTH AMERICAN ROCKWELL Commander 112/114,L1P,L
C064BC,C-GMDV,RV10,VANS RV-10,L1P,L
C065BC,C-GMNR,B06,BELL 206 JetRanger,H1T,L
C067BC,C-GNHJ,GLID,,L0-,-
C068BC,C-GNRF,C152,CESSNA 152,L1P,L
C069BC,C-GOBB,,,,
C06ABC,C-GOKX,B212,BELL 212,H2T,L
C06BBC,C-GOUT,BALL,,B0-,-
C06CBC,C-GPEP,PZ04,PZL-OKECIE PZL-104 Wilga,L1P,L
C06DBC,C-GPOL,ZZZZ,,-0-,-
C06EBC,C-GPYH,P28A,PIPER PA-28-140/150/160/180,L1P,L
C06FBC,C-GQID,CH7A,BELLANCA 7 Champion,L1P,L
C072BC,C-GRLR,RV4,VANS RV-4,L1P,L
C073BC,C-GRVN,RV9,VANS RV-9,L1P,L
C075BC,C-GSPF,BALL,,B0-,-
C077BC,C-GTIX,WAIX,SONEX Waiex,L1P,L
C078BC,C-GTST,T206,CESSNA T206 Turbo Stationair,L1P,L
C079BC,C-GUCP,BL8,BELLANCA 8 Decathlon,L1P,L
C07ABC,C-GUML,DHC2,DE HAVILLAND DHC-2 Beaver,L1P,L
C07BBC,C-GUWH,KR2,RAND KR-2,L1P,L
C07CBC,C-GVGD,BL8,BELLANCA 8 Decathlon,L1P,L
C07FBC,C-GWJR,C172,CESSNA 172 Skyhawk,L1P,L
C080BC,C-GWTN,ACR2,ACRO SPORT 2,L1P,L
C081BC,C-GXDJ,C172,CESSNA 172 Skyhawk,L1P,L
C082BC,C-GXNF,PA27,PIPER PA-23-250 Aztec,L2P,L
C083BC,C-GXXB,DHC6,DE HAVILLAND DHC-6 Twin Otter,L2T,L
C084BC,C-GYGX,C172,CESSNA 172 Skyhawk,L1P,L
C085BC,C-GYQT,SW4,SWEARINGEN Metro,L2T,M
C086BC,C-GZAP,GLAS,Glasair,L1P,L
C088BC,C-GZUH,CRJ9,BOMBARDIER Regional Jet CRJ-900,L2J,M
C089BC,C-IAED,ULAC,,L0-,-
C08ABC,C-IANZ,ULAC,,L0-,-
C08BBC,C-IAXV,BEVR,ASAP Beaver,L1P,L
C08DBC,C-IBRN,PARA,,P0-,-
C08FBC,C-ICLF,,,,
C090BC,C-ICVB,NDAC,NORMAND DUBE Aerocruiser,L1P,L
C091BC,C-IDEX,ULAC,,L0-,-
C092BC,C-IDOT,,,,
C093BC,C-IDYP,,,,
C094BC,C-IEIL,SREY,PROGRESSIVE AERODYNE SeaRey,A1P,L
C095BC,C-IESH,ULAC,,L0-,-
C096BC,C-IFCD,NDAC,NORMAND DUBE Aerocruiser,L1P,L
C097BC,C-IFLZ,ULAC,,L0-,-
C098BC,C-IFVV,PARA,,P0-,-
C099BC,C-IGFR,,,,
C09BBC,C-IGZJ,PARA,,P0-,-
C09CBC,C-IHJF,DSA1,SMITH DSA-1 Miniplane,L1P,L
C09EBC,C-IICX,PARA,,P0-,-
C0A1BC,C-IJGL,ULAC,,L0-,-
C0A2BC,C-IJQH,PARA,,P0-,-
C0A5BC,C-IKTV,,,,
C1E4BC,SERV,SERV,,V0-,-
C1E9BC,SERV,SERV,,V0-,-
C803BC,ZK-DYV,C182,CESSNA 182 Skylane,L1P,L
C805BC,ZK-FHQ,P28A,PIPER PA-28-140/150/160/180,L1P,L
C807BC,ZK-GBX,GLID,,L0-,-
C80CBC,ZK-FBO,BALL,,B0-,-
C80FBC,ZK-MIE,PA34,PIPER PA-34 Seneca,L2P,L
C814BC,ZK-TRK,ULAC,,L0-,-
C815BC,ZK-RAQ,GYRO,,G0-,-
C817BC,ZK-FIG,C172,CESSNA 172 Skyhawk,L1P,L
C81BBC,ZK-IOO,R44,ROBINSON R-44 Raven,H1P,L
C81CBC,ZK-MLA,JABI,Jabiru J120,L1P,L
C827BC,ZK-IDW,AS50,AEROSPATIALE AS-350 Ecureuil,H1T,L
C828BC,ZK-LAH,RS12,RANS S-12 Super Airaile,L1P,L
E200BC,LV-S116,EV97,EVEKTRO EV-97 EuroStar,L1P,L
E47EBC,PR-MAK,A320,AIRBUS A-320,L2J,M
E482BC,PP-PTN,AT75,ATR-72-500,L2T,M
E486BC,PP-PAF,TBM8,SOCATA TBM-850,L1T,L
E491BC,PP-CJZ,BE9L,BEECH 90 King Air,L2T,L
E493BC,PR-SLC,BE35,BEECH 35 Starfire Bonanza,L1P,L
E494BC,PR-XMG,B38M,BOEING 737 MAX 8,L2J,M
E495BC,PS-HYC,BE9L,BEECH 90 King Air,L2T,L
E496BC,PS-CTZ,C208,CESSNA 208 Caravan,L1T,L
E497BC,PR-OTP,EC75,AIRBUS HELICOPTERS EC-175,H2T,M
E499BC,PS-INB,C25B,CESSNA 525B Citation CJ3,L2J,L
E808BC,CC-DAF,R44,ROBINSON R-44 Raven,H1P,L
E809BC,CC-CYT,PAT4,PIPER PA-31T3-500,L2T,L
E8CFBC,306,DHC6,DE HAVILLAND DHC-6 Twin Otter,L2T,L
