0089C6,ZS-DRP,C205,CESSNA  205,L1P,L
008DC6,ZS-FEZ,P28A,PIPER PA-28-140/150/160/180,L1P,L
0090C6,ZS-GIN,GLID,,L0-,-
0092C6,ZS-HCF,B407,BELL 407,H1T,L
00A8C6,ZS-PKV,B735,BOEING 737-500,L2J,M
00B1C6,ZS-SVL,P28A,PIPER PA-28-140/150/160/180,L1P,L
0200C6,CN-BTW,TEX2,BEECHCRAFT T-6 Texan 2,L1T,L
0641C6,5N-BRX,S76,SIKORSKY S-76 Spirit,H2T,L
0642C6,5N-BZU,E145,EMBRAER ERJ-145,L2J,M
06A1C6,A7-CGA,GLF6,GULFSTREAM G650,L2J,M
06A2C6,A7-BEW,B77W,BOEING 777-300ER,L2J,H
0AC8C6,1271,E110,EMBRAER EMB-110 Bandeirante,L2T,L
0AC9C6,EJC1101,B350,BEECHCRAFT Super King Air 350,L2T,M
0C40C6,HI999,SF34,SAAB 340,L2T,M
0D02C6,XA-BRE,LJ60,LEARJET 60,L2J,M
0D05C6,XA-BLU,PC12,PILATUS PC-12,L1T,L
0D06C6,XA-XTR,GLF4,GULFSTREAM 4,L2J,M
0D08C6,XA-UUQ,LJ31,LEARJET 31,L2J,M
0D0CC6,XB-VID,T206,CESSNA T206 Turbo Stationair,L1P,L
0D0DC6,XA-AKC,E50P,EMBRAER EMB-500 Phenom 100,L2J,L
0D83C6,YV3100,PAY1,PIPER PA-31T1-500 Cheyenne 1,L2T,L
1407C6,RA-01990,A139,AGUSTA AW-139,H2T,L
140FC6,RA-04038,AS50,AEROSPATIALE AS-350 Ecureuil,H1T,L
14A5C6,RA-42438,YK42,YAKOVLEV Yak-142,L3J,M
14FBC6,RA-64454,,,,
1501C6,RF-65990,T134,TUPOLEV Tu-134,L2J,M
1506C6,RA-67670,DH8C,DE HAVILLAND DHC-8-300 Dash 8,L2T,M
151DC6,RA-73158,A321,AIRBUS A-321,L2J,M
151EC6,RA-73414,A321,AIRBUS A-321,L2J,M
151FC6,RA-73670,B738,BOEING 737-800,L2J,M
1533C6,RF-78790,IL76,ILYUSHIN Il-76/82,L4J,H
154DC6,RA-85446,T154,TUPOLEV Tu-154,L3J,M
1555C6,RA-87494,YK40,YAKOVLEV Yak-40,L3J,M
155BC6,RA-89030,SU95,SUKHOI Superjet 100-95,L2J,M
3004C6,I-LASI,AS50,AEROSPATIALE AS-350 Ecureuil,H1T,L
3006C6,I-AMCR,C152,CESSNA 152,L1P,L
31DCC6,I-C517,TL20,TL ULTRALIGHT TL-2000 Sting,L1P,L
33FDC6,MM81552,NH90,NHI NH-90,H2T,M
33FEC6,MM81671,A109,AGUSTA AW-109 Grand,H2T,L
33FFC6,MM55087,M339,AERMACCHI MB-339,L1J,L
3424C6,EC-JXL,SR22,CIRRUS SR-22,L1P,L
3425C6,EC-KNZ,EC35,AIRBUS HELICOPTERS EC-135/635,H2T,L
3445C6,EC-MCK,B463,BRITISH AEROSPACE 146-300,L4J,M
3450C6,EC-LPF,BALL,,B0-,-
3452C6,EC-MNB,CRJ2,BOMBARDIER Regional Jet CRJ-200,L2J,M
3453C6,EC-MQF,BALL,,B0-,-
3455C6,EC-HRK,TB20,SOCATA TB-20 Trinidad,L1P,L
3460C6,EC-GT8,AP22,AEROPRACT A-22,L1P,L
3462C6,EC-NEJ,AS50,AEROSPATIALE AS-350 Ecureuil,H1T,L
3463C6,EC-NHP,A319,AIRBUS A-319,L2J,M
3471C6,EC-NSP,AS50,AEROSPATIALE AS-350 Ecureuil,H1T,L
3532C6,T.23-02,A400,AIRBUS A-400M,L4T,H
3571C6,E.27-06,PC21,PILATUS PC-21,L1T,L
3591C6,HU.26-10,EC35,AIRBUS HELICOPTERS EC-135/635,H2T,L
3851C6,F-BUOG,PA18,PIPER PA-18 Super Cub,L1P,L
3900C6,F-GAGG,C177,CESSNA  177 Cardinal,L1P,L
390CC6,F-GDGG,TB20,SOCATA TB-20 Trinidad,L1P,L
391DC6,F-GHOG,C172,CESSNA 172 Skyhawk,L1P,L
3935C6,F-GNOG,AS50,AEROSPATIALE AS-350 Ecureuil,H1T,L
393CC6,F-GPGG,BALL,,B0-,-
3950C6,F-GUGG,A318,AIRBUS A-318,L2J,M
398CC6,F-HDGG,DA40,DIAMOND DA-40 Club Star,L1P,L
39A0C6,F-HIGG,GY80,DAHER-SOCATA GY-80 Horizon,L1P,L
39ADC6,F-HLOG,PA18,PIPER PA-18 Super Cub,L1P,L
39BCC6,F-HPGG,TBM9,SOCATA TBM-900/910/930/940,L1T,L
39BDC6,F-HPOG,EVSS,EVEKTOR SportStar,L1P,L
39C5C6,F-HROG,P180,PIAGGIO P-180 Avanti,L2T,L
39CDC6,F-HTOG,SR20,CIRRUS SR-20,L1P,L
39E1C6,F-HYOG,E145,EMBRAER ERJ-145,L2J,M
3AAAC6,F-MEBC,NH90,NHI NH-90,H2T,M
3AABC6,F-MAYQ,AS55,AEROSPATIALE AS-355 Ecureuil 2,H2T,L
3B75C6,F-UGJJ,MIR2,DASSAULT Mirage 2000,L1J,M
3B76C6,F-RAVS,AS55,AEROSPATIALE AS-355 Ecureuil 2,H2T,L
3B77C6,129,CN35,CASA CN-235 Persuader,L2T,M
3C0AC6,D-ATCB,A321,AIRBUS A-321,L2J,M
3C17C6,D-AYAB,A21N,AIRBUS A-321neo,L2J,M
3C1CC6,D-AZXH,A21N,AIRBUS A-321neo,L2J,M
3C4DC6,D-ACNF,CRJ9,BOMBARDIER Regional Jet CRJ-900,L2J,M
3C55C6,D-AENF,A20N,AIRBUS A-320neo,L2J,M
3C64C6,D-AIFF,A343,AIRBUS A-340-300,L4J,H
3C65C6,D-AINF,A20N,AIRBUS A-320neo,L2J,M
3C6DC6,D-AKNF,A319,AIRBUS A-319,L2J,M
3C70C6,D-ALFF,B77L,BOEING 777-200LR,L2J,H
3CD3C6,D-CHMS,PC24,PILATUS PC-24,L2J,M
3D07C6,D-EBES,P28S,PIPER PA-28R-201T,L1P,L
3D08C6,D-EBOO,BE24,BEECH 24 Sierra,L1P,L
3D09C6,D-EBYK,DA40,DIAMOND DA-40 Club Star,L1P,L
3D0DC6,D-EDLU,BREZ,AEROSTYLE Breezer,L1P,L
3D0FC6,D-EEFM,C172,CESSNA 172 Skyhawk,L1P,L
3D11C6,D-EEZE,C172,CESSNA 172 Skyhawk,L1P,L
3D12C6,D-EFJA,C152,CESSNA 152,L1P,L
3D15C6,D-EGMO,PA18,PIPER PA-18 Super Cub,L1P,L
3D16C6,D-EGWK,P149,PIAGGIO P-149,L1P,L
3D17C6,D-EHGG,DAL4,DALLACH D-4 Fascination,L1P,L
3D1DC6,D-EJNI,JUNR,BOLKOW BO-208 Junior,L1P,L
3D1FC6,D-EKHA,A210,AQUILA A-210,L1P,L
3D22C6,D-ELKO,CH7B,BELLANCA 7 Citabria,L1P,L
3D23C6,D-ELUK,PA18,PIPER PA-18 Super Cub,L1P,L
3D25C6,D-EMOC,M20P,MOONEY M-20,L1P,L
3D27C6,D-ENHU,C182,CESSNA 182 Skylane,L1P,L
3D29C6,D-EOBM,HR10,ROBIN HR-100,L1P,L
3D2BC6,D-EOVE,C172,CESSNA 172 Skyhawk,L1P,L
3D2CC6,D-EPFA,E300,EXTRA EA-300/330/350,L1P,L
3D2EC6,D-EPYS,C182,CESSNA 182 Skylane,L1P,L
3D39C6,D-EUDA,DV20,DIAMOND DA-20,L1P,L
3D3EC6,D-EWAG,DV20,DIAMOND DA-20,L1P,L
3D43C6,D-EXXM,M20P,MOONEY M-20,L1P,L
3D46C6,D-EZBA,C152,CESSNA 152,L1P,L
3D5EC6,D-FIDI,C208,CESSNA 208 Caravan,L1T,L
3D66C6,D-FLEC,C208,CESSNA 208 Caravan,L1T,L
3DA2C6,D-GHWW,PA23,PIPER PA-23,L2P,L
3DD2C6,D-HABM,A109,AGUSTA AW-109 Grand,H2T,L
3E1CC6,D-ICCC,F406,CESSNA F406 Caravan 2,L2T,L
3E1DC6,D-ICLY,C303,CESSNA T303 Crusader,L2P,L
3E23C6,D-IETA,C414,CESSNA 414 Chancellor,L2P,L
3E5CC6,D-KAIG,RF4,FOURNIER RF-4,L1P,L
3E5EC6,D-KBBY,AS22,SCHLEICHER ASW-22,L1P,L
3E64C6,D-KDJA,DIMO,DIAMOND H-36 Dimona,L1P,L
3E6EC6,D-KHDM,DG80,DG FLUGZEUGBAU DG-800,L1P,L
3E73C6,D-KJAS,AS26,SCHLEICHER ASH-26,L1P,L
3E7BC6,D-KMBM,AS31,SCHLEICHER ASH-31,L1P,L
3E7CC6,D-KMLI,GLID,,L0-,-
3E7EC6,D-KNFA,DISC,SCHEMPP-HIRTH Discus,L1P,L
3E7FC6,D-KNOW,G109,GROB G-109,L1P,L
3EE0C6,D-0047,GLID,,L0-,-
3EEEC6,D-3631,GLID,,L0-,-
3EFCC6,D-7215,GLID,,L0-,-
3EFDC6,D-7471,GLID,,L0-,-
3F99C6,89+63,S61,SIKORSKY S-61 Sea King,H2T,M
3FEAC6,D-MWFW,ZZZZ,,-0-,-
3FEBC6,D-MOKU,FK12,B&F TECHNIK FK-12 Comet,L1P,L
3FEDC6,D-MBDM,FDCT,FLIGHT DESIGN CT,L1P,L
3FEEC6,D-MPMI,AP22,AEROPRACT A-22,L1P,L
3FF0C6,D-MADG,ULAC,,L0-,-
3FF2C6,D-MSNX,G3,REMOS Mirage,L1P,L
3FF4C6,D-MTBI,C42,IKARUS C-42 Bison,L1P,L
3FF5C6,D-MNHI,C42,IKARUS C-42 Bison,L1P,L
4004C6,G-BNLX,B744,BOEING 747-400,L4J,H
4006C6,G-BZHA,B763,BOEING 767-300,L2J,H
4009C6,G-EUUI,A320,AIRBUS A-320,L2J,M
400CC6,G-CIEL,C56X,CESSNA 560XL Citation XLS,L2J,M
400EC6,G-BYUB,G115,GROB G-115,L1P,L
400FC6,G-LXUS,PNR3,ALPI Pioneer 330,L1P,L
4012C6,G-IFAB,C182,CESSNA 182 Skylane,L1P,L
4014C6,G-AOSK,DHC1,DE HAVILLAND DHC-1 Chipmunk,L1P,L
4015C6,G-ASIY,PA25,PIPER PA-25 Pawnee,L1P,L
4017C6,G-AWSM,P28B,PIPER PA-28-201T/235/236,L1P,L
4018C6,G-AYLA,TOUR,MILLICER Airtourer,L1P,L
4019C6,G-BAEM,DR40,ROBIN DR-400,L1P,L
401DC6,G-BGOG,P28A,PIPER PA-28-140/150/160/180,L1P,L
401FC6,G-BJOV,C150,CESSNA 150,L1P,L
4026C6,G-MNPY,ULAC,,L0-,-
4028C6,G-BNIV,C152,CESSNA 152,L1P,L
4029C6,G-MTOO,ULAC,,L0-,-
402AC6,G-DIME,AC11,NORTH AMERICAN ROCKWELL Commander 112/114,L1P,L
402CC6,G-BOXR,GA7,DAHER-SOCATA TB-360 Tangara,L2P,L
402DC6,G-IGIS,B06,BELL 206 JetRanger,H1T,L
4031C6,G-LILY,B06,BELL 206 JetRanger,H1T,L
4037C6,G-EWAN,WAIX,SONEX Waiex,L1P,L
403BC6,G-BWNY,RF10,FOURNIER RF-10,L1P,L
403EC6,G-DORN,C365,EKW C-3605,L1T,L
403FC6,G-PJMT,LNC2,LANCAIR 200-320,L1P,L
4040C6,G-ODUD,P28A,PIPER PA-28-140/150/160/180,L1P,L
4047C6,G-RIXS,EUPA,Europa,L1P,L
4049C6,G-FJTH,AP22,AEROPRACT A-22,L1P,L
404AC6,G-JACH,P28A,PIPER PA-28-140/150/160/180,L1P,L
404CC6,G-CDEX,EUPA,Europa,L1P,L
404EC6,G-KOYY,NIMB,SCHEMPP-HIRTH Nimbus,L1P,L
4050C6,G-ZADA,SKRA,BEST OFF Sky Ranger,L1P,L
4051C6,G-SHEE,ULAC,,L0-,-
4053C6,G-DHAL,GLID,,L0-,-
4054C6,G-CHXE,GLID,,L0-,-
4057C6,G-SWCT,FDCT,FLIGHT DESIGN CT,L1P,L
4062C6,G-PULR,PTS2,PITTS S-2 Special,L1P,L
4064C6,G-FLKY,C172,CESSNA 172 Skyhawk,L1P,L
4066C6,G-PAIG,G109,GROB G-109,L1P,L
4067C6,G-CHHJ,EFOX,AEROPRO Eurofox,L1P,L
4069C6,G-CLLH,GLID,,L0-,-
406AC6,G-CIEA,GLID,,L0-,-
406BC6,G-XXEC,A109,AGUSTA AW-109 Grand,H2T,L
406CC6,G-CIJY,TAIL,WITTMAN Tailwind,L1P,L
406DC6,G-CIPG,NG5,BRM AERO NG-5/6 Bristell,L1P,L
406EC6,G-CIRP,EFOX,AEROPRO Eurofox,L1P,L
4071C6,G-HLCM,A109,AGUSTA AW-109 Grand,H2T,L
4076C6,G-HISP,ME09,MESSERSCHMITT Bf-109,L1P,L
4077C6,G-GMAH,EC45,AIRBUS HELICOPTERS EC-145,H2T,L
407AC6,G-TUKO,B738,BOEING 737-800,L2J,M
4242C6,VP-BNN,A319,AIRBUS A-319,L2J,M
4243C6,VQ-BVH,DH8D,DE HAVILLAND DHC-8-400 Dash 8,L2T,M
4244C6,VQ-BCQ,A333,AIRBUS A-330-300,L2J,H
4245C6,VP-CUY,B738,BOEING 737-800,L2J,M
4249C6,VQ-BJP,B735,BOEING 737-500,L2J,M
424BC6,M-XJET,H25B,HAWKER BEECHCRAFT Hawker 750/850,L2J,M
43C1C6,ZZ176,C17,BOEING C-17 Globemaster 3,L4J,H
43C4C6,ZA679,H47,BOEING-VERTOL CH-47 Chinook,H2T,M
43C6C6,ZZ414,LYNX,AGUSTAWESTLAND AW-159 Super Lynx,H2T,L
43C8C6,ZM319,G12T,GROB G-120TP,L1T,L
43E7C6,M-OLEG,E35L,EMBRAER EMB-135 Legacy,L2J,M
43E8C6,M-ZLAM,F2TH,DASSAULT Falcon 2000,L2J,M
43E9C6,M-EBRB,F900,DASSAULT Falcon 900,L3J,M
43EEC6,2-NEIL,AT75,ATR-72-500,L2T,M
4404C6,OE-DJW,C172,CESSNA 172 Skyhawk,L1P,L
4406C6,OE-IKF,A319,AIRBUS A-319,L2J,M
440BC6,OE-LNJ,B752,BOEING 757-200,L2J,M
440CC6,OE-IBV,A359,AIRBUS A-350-900,L2J,H
4489C6,OO-BNF,BALL,,B0-,-
449BC6,OO-F10,FK14,B&F TECHNIK FK-14 Polaris,L1P,L
44C8C6,OO-RFF,R44,ROBINSON R-44 Raven,H1P,L
44CCC6,OO-SFF,A333,AIRBUS A-330-300,L2J,H
44CDC6,OO-SNF,A320,AIRBUS A-320,L2J,M
44E8C6,OO-ZFF,GLID,,L0-,-
4520C6,LZ-DEN,P28T,PIPER PA-28RT-201,L1P,L
4586C6,OY-AVF,DHC1,DE HAVILLAND DHC-1 Chipmunk,L1P,L
4589C6,OY-BNF,C172,CESSNA 172 Skyhawk,L1P,L
4598C6,OY-FFF,SIRA,TECNAM P-2002 Sierra,L1P,L
45CEC6,OY-SVF,JS31,BRITISH AEROSPACE Jetstream T.Mk.3,L2T,M
4602C6,OH-BBI,BE55,BEECH 55 Baron,L2P,L
4620C6,OH-MKS,DA42,DIAMOND DA-42 Guardian,L2P,L
4686C6,SX-AVF,PAY1,PIPER PA-31T1-500 Cheyenne 1,L2T,L
4691C6,SX-DNF,A321,AIRBUS A-321,L2J,M
46A2C6,SX-HVF,EC20,AIRBUS HELICOPTERS EC-120,H1T,L
4708C6,HA-DIK,C182,CESSNA 182 Skylane,L1P,L
4712C6,HA-HCW,C172,CESSNA 172 Skyhawk,L1P,L
4783C6,LN-ODN,EC20,AIRBUS HELICOPTERS EC-120,H1T,L
47A0C6,LN-DPS,T33,LOCKHEED T-33,L1J,M
47AEC6,LN-FNJ,B789,BOEING 787-9 Dreamliner,L2J,H
47C1C6,LN-BSJ,BE20,BEECH 200 Super King Air,L2T,M
47C5C6,LN-LNC,B788,BOEING 787-8 Dreamliner,L2J,H
4842C6,GND,GND,,V0-,-
4843C6,PH-WXD,F70,FOKKER 70,L2J,M
4844C6,PH-BXV,B738,BOEING 737-800,L2J,M
4849C6,PH-1280,GLID,,L0-,-
484BC6,PH-RVN,RV9,VANS RV-9,L1P,L
484CC6,PH-AOM,A332,AIRBUS A-330-200,L2J,H
484DC6,PH-3K5,ULAC,,L0-,-
484FC6,PH-1494,GLID,,L0-,-
4850C6,P4-LTI,A319,AIRBUS A-319,L2J,M
4851C6,PH-1HN,ZZZZ,,-0-,-
4855C6,PH-2HY,ZZZZ,,-0-,-
4856C6,PH-2QA,ZZZZ,,-0-,-
485EC6,PH-ZGZ,BE9L,BEECH 90 King Air,L2T,L
4880C6,SP-AGG,PZ04,PZL-OKECIE PZL-104 Wilga,L1P,L
4898C6,SP-GGG,P46T,PIPER PA-46-500TP,L1T,L
489DC6,SP-HOG,Y18T,YAKOVLEV Yak-18T,L1P,L
489EC6,SP-HXG,EC35,AIRBUS HELICOPTERS EC-135/635,H2T,L
48A5C6,SP-KOG,C152,CESSNA 152,L1P,L
48C4C6,SP-SGG,R44,ROBINSON R-44 Raven,H1P,L
48F9C6,SP-SMOG,BUSH,RAINBOW SKYREACH BushCat,L1P,L
48FDC6,SP-SHOG,AP22,AEROPRACT A-22,L1P,L
4905C6,CS-ANF,D5,AUSTER D-5,L1P,L
4914C6,CS-EFF,C56X,CESSNA 560XL Citation XLS,L2J,M
4920C6,CS-HFF,R22,ROBINSON R-22 Mariner,H1P,L
4952C6,CS-TVF,A20N,AIRBUS A-320neo,L2J,M
4998C6,OK-FFF,R22,ROBINSON R-22 Mariner,H1P,L
49C0C6,OK-SUA39,TL30,TL ULTRALIGHT TL-3000 Sirius,L1P,L
49C1C6,OK-PNF,Z42,ZLIN Z-42/142/242,L1P,L
49D0C6,OK-SLN,E35L,EMBRAER EMB-135 Legacy,L2J,M
49D1C6,OK-TVT,B738,BOEING 737-800,L2J,M
49D3C6,OK-CZE,SR22,CIRRUS SR-22,L1P,L
49D4C6,OK-AFT,P28R,PIPER PA-28R-180/200/201,L1P,L
4A0AC6,YR-BVF,IR46,IAR 46 Katty,L1P,L
4A94C6,SE-EFF,JUNR,BOLKOW BO-208 Junior,L1P,L
4A98C6,SE-FFF,P28A,PIPER PA-28-140/150/160/180,L1P,L
4AB4C6,SE-MFF,SB20,SAAB 2000,L2T,M
4AC8C6,SE-RFF,B789,BOEING 787-9 Dreamliner,L2J,H
4AC9C6,SE-RNF,B38M,BOEING 737 MAX 8,L2J,M
4ACAC6,SE-RVF,PC24,PILATUS PC-24,L2J,M
4AD5C6,SE-UNF,DUOD,SCHEMPP-HIRTH Duo Discus,L1P,L
4B08C6,HB-DIK,M20P,MOONEY M-20,L1P,L
4B14C6,HB-HWO,PC21,PILATUS PC-21,L1T,L
4B2AC6,HB-QFE,BALL,,B0-,-
4B2BC6,HB-QPA,BALL,,B0-,-
4B3FC6,HB-YDY,BX2,BRANDLI Cherry,L1P,L
4B40C6,HB-YNU,RV12,VANS RV-12,L1P,L
4B48C6,HB-1055,GLID,,L0-,-
4B4DC6,HB-2335,DIMO,DIAMOND H-36 Dimona,L1P,L
4B7FC6,T-364,EC35,AIRBUS HELICOPTERS EC-135/635,H2T,L
4B82C6,EM-7118,B429,BELL 429 GlobalRanger,H2T,L
4BA5C6,TC-INF,LJ60,LEARJET 60,L2J,M
4BA8C6,TC-JFF,B738,BOEING 737-800,L2J,M
4BA9C6,TC-JNF,A332,AIRBUS A-330-200,L2J,H
4BAAC6,TC-JVF,B738,BOEING 737-800,L2J,M
4BB1C6,TC-LNF,A333,AIRBUS A-330-300,L2J,H
4CA5C6,EI-DUO,A332,AIRBUS A-330-200,L2J,H
4CABC6,EI-GUP,AT76,ATR-72-600,L2T,M
4D00C6,LX-LGE,DH8D,DE HAVILLAND DHC-8-400 Dash 8,L2T,M
4D02C6,LX-PCD,PC24,PILATUS PC-24,L2J,M
4D03C6,LX-N90448,E3TF,BOEING E-3 Sentry (TF33),L4J,H
4D22C6,9H-LOA,A320,AIRBUS A-320,L2J,M
4D23C6,9H-LBS,DA62,DIAMOND DA-62,L2P,L
5000C6,T7-IGF,BN2P,BRITTEN-NORMAN BN-2 Islander,L2P,L
5002C6,T7-JUE,GL7T,BOMBARDIER BD-700 Global 7000/7500,L2J,M
502CC6,YL-CSA,BCS3,AIRBUS A220-300,L2J,M
503DC6,LY-TKT,A319,AIRBUS A-319,L2J,M
505EC6,OM-NVF,ULAC,,L0-,-
506DC6,S5-DYG,C172,CESSNA 172 Skyhawk,L1P,L
5083C6,UR-PWTF,RV14,VANS RV-14,L1P,L
50FFC6,UR-09915,AN26,ANTONOV An-26,L2T,M
5100C6,EW-483TI,AN12,ANTONOV An-12,L4T,M
600BC6,4K-LAR,GLF4,GULFSTREAM 4,L2J,M
6010C6,EX-80003,MD83,MCDONNELL-DOUGLAS MD-83,L2J,M
70C0C6,A4O-DJ,A333,AIRBUS A-330-300,L2J,H
710DC6,HZ-FAM,A20N,AIRBUS A-320neo,L2J,M
7335C6,EP-MNF,A310,AIRBUS A-310,L2J,H
7380C6,4X-EDH,B789,BOEING 787-9 Dreamliner,L2J,H
7386C6,4X-WBJ,G250,GULFSTREAM G250,L2J,M
7394C6,4X-CZT,PA31,PIPER PA-31-300/310/325/350/425,L2P,L
7504C6,9M-PME,A139,AGUSTA AW-139,H2T,L
7609C6,AP-BNF,A332,AIRBUS A-330-200,L2J,H
76CCC6,9V-SFF,B744,BOEING 747-400,L4J,H
76D1C6,9V-TNF,A20N,AIRBUS A-320neo,L2J,M
76E4C6,9V-YFF,DA40,DIAMOND DA-40 Club Star,L1P,L
7705C6,4R-ANF,A21N,AIRBUS A-321neo,L2J,M
7801C6,B-LAA,A333,AIRBUS A-330-300,L2J,H
7804C6,B-2071,B77L,BOEING 777-200LR,L2J,H
7805C6,B-5486,B738,BOEING 737-800,L2J,M
7806C6,B-5491,B738,BOEING 737-800,L2J,M
7807C6,B-5609,B738,BOEING 737-800,L2J,M
7808C6,B-6918,A320,AIRBUS A-320,L2J,M
7809C6,B-9707,DA40,DIAMOND DA-40 Club Star,L1P,L
780AC6,B-LEF,A321,AIRBUS A-321,L2J,M
780BC6,B-1915,B738,BOEING 737-800,L2J,M
780DC6,B-1657,A320,AIRBUS A-320,L2J,M
780EC6,B-8189,A321,AIRBUS A-321,L2J,M
780FC6,B-8547,A320,AIRBUS A-320,L2J,M
7810C6,B-8776,A332,AIRBUS A-330-200,L2J,H
7812C6,B-1361,A20N,AIRBUS A-320neo,L2J,M
7816C6,B-308T,A359,AIRBUS A-350-900,L2J,H
7817C6,B-106H,PC12,PILATUS PC-12,L1T,L
781BC6,B-128Y,SR20,CIRRUS SR-20,L1P,L
781CC6,B-327D,A20N,AIRBUS A-320neo,L2J,M
781DC6,B-221X,B77L,BOEING 777-200LR,L2J,H
7C01C6,VH-AMW,DH82,DE HAVILLAND DH-82 Tiger Moth,L1P,L
7C0AC6,VH-CEW,RV7,VANS RV-7,L1P,L
7C0FC6,VH-DEG,C421,CESSNA 421 Executive Commuter,L2P,L
7C10C6,VH-DLK,C182,CESSNA 182 Skylane,L1P,L
7C17C6,VH-EZC,LA4,LAKE LA-4/200,A1P,L
7C19C6,VH-FDK,PC12,PILATUS PC-12,L1T,L
7C1AC6,VH-FKO,F50,FOKKER 50,L2T,M
7C23C6,VH-HCO,T206,CESSNA T206 Turbo Stationair,L1P,L
7C24C6,VH-HJS,BE20,BEECH 200 Super King Air,L2T,M
7C29C6,VH-IJC,PA32,PIPER PA-32,L1P,L
7C2EC6,VH-JIW,C152,CESSNA 152,L1P,L
7C33C6,VH-KIG,PA31,PIPER PA-31-300/310/325/350/425,L2P,L
7C34C6,VH-KPK,S76,SIKORSKY S-76 Spirit,H2T,L
7C35C6,VH-KWO,PC24,PILATUS PC-24,L2J,M
7C37C6,VH-LAW,GLEX,BOMBARDIER BD-700 Global 6000/6500,L2J,M
7C3CC6,VH-MAG,C182,CESSNA 182 Skylane,L1P,L
7C3EC6,VH-MOO,C182,CESSNA 182 Skylane,L1P,L
7C3FC6,VH-MVS,BE20,BEECH 200 Super King Air,L2T,M
7C48C6,VH-ONS,AS50,AEROSPATIALE AS-350 Ecureuil,H1T,L
7C4DC6,VH-PNC,C210,CESSNA 201 Centurion,L1P,L
7C60C6,VH-TEG,C182,CESSNA 182 Skylane,L1P,L
7C63C6,VH-TZS,AC50,NORTH AMERICAN ROCKWELL Commander 500,L2P,L
7C68C6,VH-BAM,C208,CESSNA 208 Caravan,L1T,L
7C6AC6,VH-VDK,R44,ROBINSON R-44 Raven,H1P,L
7C6CC6,VH-VRS,R44,ROBINSON R-44 Raven,H1P,L
7C72C6,VH-WYG,R44,ROBINSON R-44 Raven,H1P,L
7C74C6,VH-XCO,AS50,AEROSPATIALE AS-350 Ecureuil,H1T,L
7C76C6,VH-XQW,DISC,SCHEMPP-HIRTH Discus,L1P,L
7C7AC6,VH-YJC,AC50,NORTH AMERICAN ROCKWELL Commander 500,L2P,L
7C7BC6,VH-YQG,B738,BOEING 737-800,L2J,M
7C7CC6,VH-YXK,A139,AGUSTA AW-139,H2T,L
7C7EC6,VH-ZBS,NIMB,SCHEMPP-HIRTH Nimbus,L1P,L
7C7FC6,VH-ZIW,DA42,DIAMOND DA-42 Guardian,L2P,L
7CC3C6,24-8606,JAB4,JABIRU J200-450,L1P,L
8002C6,BH572,A748,AVRO 748,L2T,M
8004C6,VT-RSR,H25B,HAWKER BEECHCRAFT Hawker 750/850,L2J,M
800CC6,VT-TSG,H25B,HAWKER BEECHCRAFT Hawker 750/850,L2J,M
8013C6,VT-IUM,A21N,AIRBUS A-321neo,L2J,M
8403C6,JA011G,C25C,CESSNA 525C Citation CJ4,L2J,M
8405C6,JA01KG,A109,AGUSTA AW-109 Grand,H2T,L
8464C6,JA131Y,A139,AGUSTA AW-139,H2T,L
8468C6,JA-A1454,BALL,,B0-,-
84BAC6,JA220E,A139,AGUSTA AW-139,H2T,L
8523C6,JA3678,C172,CESSNA 172 Skyhawk,L1P,L
85C8C6,JA525C,C25A,CESSNA 525A Citation CJ2,L2J,L
8674C6,JA702A,B772,BOEING 777-200,L2J,H
867FC6,JA734A,B77W,BOEING 777-300ER,L2J,H
8695C6,JA798A,B77W,BOEING 777-300ER,L2J,H
881BC6,B.F21-8/63,DA40,DIAMOND DA-40 Club Star,L1P,L
8822C6,HS-HVF,S76,SIKORSKY S-76 Spirit,H2T,L
8880C6,VN-A610,A321,AIRBUS A-321,L2J,M
8881C6,VN-A811,A333,AIRBUS A-330-300,L2J,H
8960C6,A6-EYD,A332,AIRBUS A-330-200,L2J,H
8963C6,A6-LRD,B772,BOEING 777-200,L2J,H
8964C6,A6-AOR,A320,AIRBUS A-320,L2J,M
8965C6,A6-MPB,EC45,AIRBUS HELICOPTERS EC-145,H2T,L
8990C6,B-16305,A332,AIRBUS A-330-200,L2J,H
8A03C6,PK-GFU,B738,BOEING 737-800,L2J,M
8A04C6,PK-WGP,AT76,ATR-72-600,L2T,M
8A05C6,PK-RJH,,,,
8A07C6,PK-RJM,E145,EMBRAER ERJ-145,L2J,M
8A08C6,PK-SAE,A320,AIRBUS A-320,L2J,M
A000C6,N1HW,BOLT,STEEN Skybolt,L1P,L
A002C6,N10EG,C550,CESSNA 550 Citation S2,L2J,L
A004C6,N100AT,,,,
A007C6,N1005L,LA4,LAKE LA-4/200,A1P,L
A008C6,N101DR,P32R,PIPER PA-32R-300/301/301T,L1P,L
A00BC6,N1017P,PA23,PIPER PA-23,L2P,L
A00CC6,N102GP,BE99,BEECH 99 Airliner,L2T,L
A00EC6,N1022F,C185,CESSNA 185 Skywagon,L1P,L
A00FC6,N1029S,ZZZZ,,-0-,-
A011C6,N103VT,,,,
A013C6,N104CD,RV10,VANS RV-10,L1P,L
A016C6,N1046M,ST75,STEARMAN Kaydet,L1P,L
A018C6,N105RH,C650,CESSNA 650 Citation,L2J,M
A01BC6,N106J,PA24,PIPER PA-24 Comanche,L1P,L
A01DC6,N1063G,RV8,VANS RV-8,L1P,L
A021C6,N1075K,,,,
A022C6,N108DQ,BCS1,AIRBUS A220-100,L2J,M
A029C6,N1099R,BALL,,B0-,-
A02DC6,N110SC,RV10,VANS RV-10,L1P,L
A030C6,N111JV,BE95,BEECH 95 Travel Air,L2P,L
A031C6,N111VA,S55P,SIKORSKY S-55 Chickasaw,H1P,L
A032C6,N11132,P28A,PIPER PA-28-140/150/160/180,L1P,L
A033C6,N112BM,VO10,NORTH AMERICAN ROCKWELL Commander 100,L1P,L
A034C6,N112MT,EC35,AIRBUS HELICOPTERS EC-135/635,H2T,L
A036C6,N11255,WACF,WACO F,L1P,L
A03AC6,N11378,C177,CESSNA  177 Cardinal,L1P,L
A03BC6,N114HH,AC11,NORTH AMERICAN ROCKWELL Commander 112/114,L1P,L
A03CC6,N114TP,BE35,BEECH 35 Starfire Bonanza,L1P,L
A03DC6,N11420,A320,AIRBUS A-320,L2J,M
A03EC6,N115A,BE17,BEECH 17 Staggerwing,L1P,L
A03FC6,N115LF,CL30,BOMBARDIER BD-100 Challenger 300,L2J,M
A040C6,N115WM,GLST,GLASAIR SH-4 GlaStar,L1P,L
A048C6,N1171Y,V1,GRUMMAN Mohawk,L2T,M
A04BC6,N118V,BE35,BEECH 35 Starfire Bonanza,L1P,L
A04EC6,N119MS,C210,CESSNA 201 Centurion,L1P,L
A051C6,N12EJ,,,,
A053C6,N120AV,,,,
A054C6,N120MA,C120,CESSNA 120,L1P,L
A057C6,N121DT,LGEZ,RUTAN Long-EZ,L1P,L
A058C6,N121PZ,E50P,EMBRAER EMB-500 Phenom 100,L2J,L
A05BC6,N122GR,LNC4,LANCAIR 4,L1P,L
A05EC6,N1229U,C172,CESSNA 172 Skyhawk,L1P,L
A05FC6,N123KP,PIAT,PIPISTREL Alpha Trainer,L1P,L
A060C6,N123VV,S211,SIAI-MARCHETTI S-211,L1J,L
A061C6,N1234L,BE60,BEECH 60 Duke,L2P,L
A062C6,N124CF,EXEC,ROTORWAY Exec,H1P,L
A063C6,N124NM,GLID,,L0-,-
A069C6,N1258S,C337,CESSNA 337 Super Skymaster,L2P,L
A06AC6,N126JB,RV6,VANS RV-6,L1P,L
A06EC6,N127M,RV8,VANS RV-8,L1P,L
A070C6,N1275M,C337,CESSNA 337 Super Skymaster,L2P,L
A071C6,N128DS,C208,CESSNA 208 Caravan,L1T,L
A073C6,N1280D,AVID,AVID Flyer,L1P,L
A076C6,N129SW,C172,CESSNA 172 Skyhawk,L1P,L
A077C6,N1292G,C310,CESSNA 310,L2P,L
A07DC6,N13011,,,,
A07EC6,N1309B,C550,CESSNA 550 Citation S2,L2J,L
A07FC6,N131JX,LJ45,LEARJET 45,L2J,M
A081C6,N13134,DRON,,D0-,-
A085C6,N13257,C172,CESSNA 172 Skyhawk,L1P,L
A086C6,N133EM,BE36,BEECH 36 Bonanza,L1P,L
A08DC6,N135AB,BE35,BEECH 35 Starfire Bonanza,L1P,L
A08FC6,N135WP,PA18,PIPER PA-18 Super Cub,L1P,L
A091C6,N136D,AC11,NORTH AMERICAN ROCKWELL Commander 112/114,L1P,L
A094C6,N13668,C172,CESSNA 172 Skyhawk,L1P,L
A096C6,N137SD,PA32,PIPER PA-32,L1P,L
A097C6,N13710,C177,CESSNA  177 Cardinal,L1P,L
A09AC6,N138VB,C240,CESSNA 240 Corvalis TTx,L1P,L
A09BC6,N13833,PA18,PIPER PA-18 Super Cub,L1P,L
A09EC6,N139Y,WACF,WACO F,L1P,L
A0A0C6,N14EL,GLAS,Glasair,L1P,L
A0A9C6,N1417T,P28A,PIPER PA-28-140/150/160/180,L1P,L
A0ACC6,N1422K,,,,
A0B1C6,N144CH,EC45,AIRBUS HELICOPTERS EC-145,H2T,L
A0B7C6,N1451H,AR15,AERONCA 15 Sedan,L1P,L
A0BBC6,N1463L,BE23,BEECH 23 Sundowner,L1P,L
A0C3C6,N1487S,C182,CESSNA 182 Skylane,L1P,L
A0C5C6,N149SY,E75L,EMBRAER ERJ-170-200 (long wing),L2J,M
A0C6C6,N1492J,F2TH,DASSAULT Falcon 2000,L2J,M
A0CAC6,N150GA,G150,GULFSTREAM G150,L2J,M
A0CCC6,N15013,P28R,PIPER PA-28R-180/200/201,L1P,L
A0D8C6,N1538B,L8,LUSCOMBE 8,L1P,L
A0DAC6,N154TT,C414,CESSNA 414 Chancellor,L2P,L
A0E0C6,N156DB,B105,EUROCOPTER BO-105,H2T,L
A0E1C6,N156PH,CL35,BOMBARDIER BD-100 Challenger 350,L2J,M
A0E5C6,N157SF,C172,CESSNA 172 Skyhawk,L1P,L
A0E6C6,N15712,B737,BOEING 737-700,L2J,M
A0E7C6,N1579C,SONX,SONEX AIRCRAFT Sonex,L1P,L
A0EAC6,N15835,BE17,BEECH 17 Staggerwing,L1P,L
A0EFC6,N16EN,WAIX,SONEX Waiex,L1P,L
A0F2C6,N160ME,C172,CESSNA 172 Skyhawk,L1P,L
A0F8C6,N1617V,C172,CESSNA 172 Skyhawk,L1P,L
A103C6,N1646T,C414,CESSNA 414 Chancellor,L2P,L
A111C6,N1680H,P28R,PIPER PA-28R-180/200/201,L1P,L
A114C6,N169T,BOLT,STEEN Skybolt,L1P,L
A115C6,N1692L,C82S,CESSNA T182 Turbo Skylane,L1P,L
A117C6,N17KS,AS20,SCHLEICHER ASW-20,L1P,L
A119C6,N170GC,C170,CESSNA 170,L1P,L
A11AC6,N170SJ,C170,CESSNA 170,L1P,L
A11BC6,N17015,B78X,BOEING 787-10 Dreamliner,L2J,H
A11FC6,N17138,E45X,EMBRAER ERJ-145XR,L2J,M
A120C6,N172BT,C172,CESSNA 172 Skyhawk,L1P,L
A121C6,N172MZ,DA40,DIAMOND DA-40 Club Star,L1P,L
A124C6,N173ER,CTAH,RAINBOW SKYREACH Cheetah,L1P,L
A12AC6,N17426,LJ60,LEARJET 60,L2J,M
A12BC6,N175AF,C72R,CESSNA 172R Cutlass RG,L1P,L
A12EC6,N17549,J2,PIPER J-2 Cub,L1P,L
A133C6,N177GB,AA5,AMERICAN AA-5 Tiger,L1P,L
A134C6,N177SH,C177,CESSNA  177 Cardinal,L1P,L
A139C6,N17837,J2,PIPER J-2 Cub,L1P,L
A13DC6,N1796,T6,NORTH AMERICAN T-6 Texan,L1P,L
A143C6,N1805U,B38M,BOEING 737 MAX 8,L2J,M
A144C6,N181DZ,PA18,PIPER PA-18 Super Cub,L1P,L
A147C6,N1817X,C182,CESSNA 182 Skylane,L1P,L
A149C6,N182TC,C82S,CESSNA T182 Turbo Skylane,L1P,L
A14EC6,N1834S,BE36,BEECH 36 Bonanza,L1P,L
A14FC6,N184CM,RV8,VANS RV-8,L1P,L
A153C6,N185FK,C185,CESSNA 185 Skywagon,L1P,L
A154C6,N185RR,C185,CESSNA 185 Skywagon,L1P,L
A156C6,N1858Y,C172,CESSNA 172 Skyhawk,L1P,L
A157C6,N186JH,LGEZ,RUTAN Long-EZ,L1P,L
A159C6,N1863Q,C77R,CESSNA 177RG Cardinal RG,L1P,L
A15BC6,N187MF,RV8,VANS RV-8,L1P,L
A160C6,N1880K,L8,LUSCOMBE 8,L1P,L
A163C6,N189TB,TOBA,SOCATA Tobago,L1P,L
A165C6,N1899Z,C210,CESSNA 201 Centurion,L1P,L
A168C6,N190GE,RV8,VANS RV-8,L1P,L
A172C6,N1926C,,,,
A178C6,N194TX,O1,CESSNA 305/341 Bird Dog,L1P,L
A17CC6,N195WV,LNC2,LANCAIR 200-320,L1P,L
A17DC6,N1955A,VTRA,RANS Venterra,L1P,L
A183C6,N197SK,,,,
A184C6,N19716,AERK,AERONCA Sea Scout,L1P,L
A185C6,N1979G,AA5,AMERICAN AA-5 Tiger,L1P,L
A188C6,N19839,C172,CESSNA 172 Skyhawk,L1P,L
A18AC6,N199N,C82R,CESSNA R182 Skylane RG,L1P,L
A18CC6,N1996B,BALL,,B0-,-
A18DC6,N2ES,COL4,CESSNA 400 Corvalis TT,L1P,L
A190C6,N20MJ,C25A,CESSNA 525A Citation CJ2,L2J,L
A193C6,N200UA,T210,CESSNA T210 Turbo Centurion,L1P,L
A194C6,N2003B,AT5T,AIR TRACTOR AT-504,L1T,L
A196C6,N201LT,M20P,MOONEY M-20,L1P,L
A197C6,N201WZ,M20P,MOONEY M-20,L1P,L
A198C6,N2015E,CH7A,BELLANCA 7 Champion,L1P,L
A199C6,N202DK,BE95,BEECH 95 Travel Air,L2P,L
A19DC6,N203GH,AT6T,AIR TRACTOR AT-602,L1T,L
A19EC6,N203SP,C82S,CESSNA T182 Turbo Skylane,L1P,L
A1A0C6,N2039L,BALL,,B0-,-
A1A3C6,N2044C,B06,BELL 206 JetRanger,H1T,L
A1A5C6,N205ND,C180,CESSNA  180 Skywagon,L1P,L
A1A9C6,N206RB,T206,CESSNA T206 Turbo Stationair,L1P,L
A1AFC6,N208AL,C208,CESSNA 208 Caravan,L1T,L
A1B0C6,N208LS,C208,CESSNA 208 Caravan,L1T,L
A1B6C6,N2097G,C172,CESSNA 172 Skyhawk,L1P,L
A1B8C6,N21SN,,,,
A1BDC6,N211FR,A320,AIRBUS A-320,L2J,M
A1BFC6,N2111T,SS2T,TRUSH Turbo Thrush 500/550,L1T,L
A1C0C6,N21184,C182,CESSNA 182 Skylane,L1P,L
A1C1C6,N212JP,,,,
A1C3C6,N2123W,BE23,BEECH 23 Sundowner,L1P,L
A1C5C6,N213MM,P28A,PIPER PA-28-140/150/160/180,L1P,L
A1C6C6,N213XT,,,,
A1C7C6,N2135Z,C180,CESSNA  180 Skywagon,L1P,L
A1C8C6,N214ED,PA44,PIPER PA-44 Seminole,L2P,L
A1CAC6,N2140R,,,,
A1CBC6,N21472,C182,CESSNA 182 Skylane,L1P,L
A1CEC6,N2152U,BRB2,BRANTLY B-2,H1P,L
A1CFC6,N21595,J3,PIPER J-3 Cub,L1P,L
A1D0C6,N216L,SR22,CIRRUS SR-22,L1P,L
A1D2C6,N2164X,M20P,MOONEY M-20,L1P,L
A1D8C6,N218RW,S22T,CIRRUS SR-22T Turbo,L1P,L
A1D9C6,N2181S,T210,CESSNA T210 Turbo Centurion,L1P,L
A1DAC6,N21883,C188,CESSNA 188 AgTruck,L1P,L
A1DDC6,N2193V,PA44,PIPER PA-44 Seminole,L2P,L
A1DEC6,N22BE,EAGL,CHRISTEN Eagle,L1P,L
A1DFC6,N22ML,,,,
A1E0C6,N22XS,EAGL,CHRISTEN Eagle,L1P,L
A1E3C6,N2203D,P28A,PIPER PA-28-140/150/160/180,L1P,L
A1E7C6,N2215G,B105,EUROCOPTER BO-105,H2T,L
A1E9C6,N222PT,P28R,PIPER PA-28R-180/200/201,L1P,L
A1EAC6,N222ZZ,GLF4,GULFSTREAM 4,L2J,M
A1EBC6,N2227K,L8,LUSCOMBE 8,L1P,L
A1EDC6,N223SR,,,,
A1EEC6,N2232B,RV3,VANS RV-3,L1P,L
A1F3C6,N225C,CJ6,NANCHANG CJ-6,L1P,L
A1F6C6,N2256H,ERCO,AIR PRODUCTS F-1 Aircoupe,L1P,L
A1F9C6,N2261,RV14,VANS RV-14,L1P,L
A1FAC6,N2268L,S64,SIKORSKY S-64 Skycrane,H2T,M
A1FDC6,N2273C,C180,CESSNA  180 Skywagon,L1P,L
A1FEC6,N228AN,C172,CESSNA 172 Skyhawk,L1P,L
A200C6,N228X,P208,TECNAM P-2008,L1P,L
A203C6,N229PS,CRJ2,BOMBARDIER Regional Jet CRJ-200,L2J,M
A20BC6,N23063,L8,LUSCOMBE 8,L1P,L
A20CC6,N231FT,M20P,MOONEY M-20,L1P,L
A20EC6,N2311V,BE36,BEECH 36 Bonanza,L1P,L
A212C6,N2323Y,C177,CESSNA  177 Cardinal,L1P,L
A213C6,N233BH,B06,BELL 206 JetRanger,H1T,L
A219C6,N2340T,P28R,PIPER PA-28R-180/200/201,L1P,L
A21DC6,N2352W,BE23,BEECH 23 Sundowner,L1P,L
A21FC6,HBAL028,BALL,,B0-,-
A221C6,N2364Z,PA18,PIPER PA-18 Super Cub,L1P,L
A223C6,N237P,CAMP,GREGA GN-1 Aircamper,L1P,L
A228C6,N2381U,C172,CESSNA 172 Skyhawk,L1P,L
A22AC6,N239JQ,E75L,EMBRAER ERJ-170-200 (long wing),L2J,M
A22DC6,N24BG,BE20,BEECH 200 Super King Air,L2T,M
A232C6,N2403F,PA38,PIPER PA-38 Tomahawk,L1P,L
A233C6,N241AR,C320,CESSNA 320 Skyknight,L2P,L
A236C6,N2415J,BALL,,B0-,-
A237C6,N242DP,DA42,DIAMOND DA-42 Guardian,L2P,L
A23AC6,N2427M,P28A,PIPER PA-28-140/150/160/180,L1P,L
A241C6,N2444G,C182,CESSNA 182 Skylane,L1P,L
A242C6,N245CB,PA34,PIPER PA-34 Seneca,L2P,L
A243C6,N245NH,DV20,DIAMOND DA-20,L1P,L
A245C6,N2456K,L8,LUSCOMBE 8,L1P,L
A247C6,N246RF,AS50,AEROSPATIALE AS-350 Ecureuil,H1T,L
A249C6,N2468N,PA38,PIPER PA-38 Tomahawk,L1P,L
A250C6,N2485H,ERCO,AIR PRODUCTS F-1 Aircoupe,L1P,L
A255C6,N25GL,B25,CONSOLIDATED B-25 Mitchell,L2P,M
A256C6,N25SS,T6,NORTH AMERICAN T-6 Texan,L1P,L
A258C6,N250PC,PA24,PIPER PA-24 Comanche,L1P,L
A25DC6,N2511X,COL3,CESSNA 350 Corvalis,L1P,L
A268C6,N2540V,C170,CESSNA 170,L1P,L
A269C6,N25476,C152,CESSNA 152,L1P,L
A26BC6,N255TM,T206,CESSNA T206 Turbo Stationair,L1P,L
A26CC6,N2552Y,PA31,PIPER PA-31-300/310/325/350/425,L2P,L
A270C6,N25641,DC3,DOUGLAS DC-3 Dakota,L2P,M
A274C6,N25764,J3,PIPER J-3 Cub,L1P,L
A277C6,N2581W,M20P,MOONEY M-20,L1P,L
A27BC6,N2593Z,PA23,PIPER PA-23,L2P,L
A288C6,N2620C,R22,ROBINSON R-22 Mariner,H1P,L
A28CC6,N2632F,C182,CESSNA 182 Skylane,L1P,L
A294C6,N2656M,PA12,PIPER PA-12 Super Cruiser,L1P,L
A296C6,N266RH,R66,ROBINSON R-66,H1T,L
A297C6,N2661D,C170,CESSNA 170,L1P,L
A299C6,N267J,BL8,BELLANCA 8 Decathlon,L1P,L
A29BC6,N2673G,C182,CESSNA 182 Skylane,L1P,L
A29CC6,N268AS,E55P,EMBRAER EMB-505 Phenom 300,L2J,M
A29FC6,N2685K,L8,LUSCOMBE 8,L1P,L
A2A3C6,N2697N,C140,CESSNA 140,L1P,L
A2ABC6,N271SC,CRUZ,CSA PS-28 Cruiser,L1P,L
A2ACC6,N2711Z,BL8,BELLANCA 8 Decathlon,L1P,L
A2AFC6,N272VA,RV12,VANS RV-12,L1P,L
A2B7C6,N2740X,DHC2,DE HAVILLAND DHC-2 Beaver,L1P,L
A2B8C6,N27478,PA31,PIPER PA-31-300/310/325/350/425,L2P,L
A2BBC6,N27520,B39M,BOEING 737 MAX 9,L2J,M
A2BDC6,N276LF,C240,CESSNA 240 Corvalis TTx,L1P,L
A2C1C6,N277PD,R44,ROBINSON R-44 Raven,H1P,L
A2C5C6,N278SB,M20T,MOONEY M-20T,L1P,L
A2C9C6,N279V,,,,
A2CCC6,N28MS,PC12,PILATUS PC-12,L1T,L
A2D0C6,N2803K,C180,CESSNA  180 Skywagon,L1P,L
A2D1C6,N281AV,A320,AIRBUS A-320,L2J,M
A2D2C6,N281MA,MU2,MITSUBISHI MU-2 Marquise,L2T,L
A2D4C6,N2815N,C120,CESSNA 120,L1P,L
A2D5C6,N282DT,AA5,AMERICAN AA-5 Tiger,L1P,L
A2D7C6,N2820E,CH7A,BELLANCA 7 Champion,L1P,L
A2DAC6,N283SX,SRAI,GREAT PLAINS Sonerai,L1P,L
A2DBC6,N2832H,GLID,,L0-,-
A2DCC6,N2839U,C172,CESSNA 172 Skyhawk,L1P,L
A2E3C6,N2856P,PA22,PIPER PA-22,L1P,L
A2E6C6,N2861F,C182,CESSNA 182 Skylane,L1P,L
A2E8C6,N287JB,LNP4,LANCAIR PropJet 4,L1T,L
A2ECC6,N288M,BE36,BEECH 36 Bonanza,L1P,L
A2EEC6,N2885M,P28A,PIPER PA-28-140/150/160/180,L1P,L
A2EFC6,N289DS,DA40,DIAMOND DA-40 Club Star,L1P,L
A2F2C6,N2897Q,P28B,PIPER PA-28-201T/235/236,L1P,L
A2F4C6,N29SW,B732,BOEING 737-200,L2J,M
A2FBC6,N29111,,,,
A303C6,N29357,WACF,WACO F,L1P,L
A306C6,N2940Z,P28B,PIPER PA-28-201T/235/236,L1P,L
A30BC6,N296AB,DRON,,D0-,-
A30EC6,N29645,C177,CESSNA  177 Cardinal,L1P,L
A314C6,N298SD,H500,HUGHES 500,H1T,L
A317C6,N299JW,SR22,CIRRUS SR-22,L1P,L
A319C6,N29933,T6,NORTH AMERICAN T-6 Texan,L1P,L
A31AC6,N3BN,CH7B,BELLANCA 7 Citabria,L1P,L
A31BC6,N3MU,BE58,BEECH 58 Baron,L2P,L
A31CC6,N3Y,ZZZZ,,-0-,-
A31FC6,N300ER,CL30,BOMBARDIER BD-100 Challenger 300,L2J,M
A321C6,N30003,BALL,,B0-,-
A322C6,N3008D,C310,CESSNA 310,L2P,L
A323C6,N301HP,UH1,BELL UH-1 Huey,H1T,L
A324C6,N301TV,M20P,MOONEY M-20,L1P,L
A325C6,N30126,P28A,PIPER PA-28-140/150/160/180,L1P,L
A326C6,N302AF,C82T,CESSNA TR182 Turbo Skylane RG,L1P,L
A329C6,N30249,P28A,PIPER PA-28-140/150/160/180,L1P,L
A32AC6,N303DD,E75L,EMBRAER ERJ-170-200 (long wing),L2J,M
A32FC6,N304SH,BE30,BEECH 300 Super King Air,L2T,L
A330C6,N30414,,,,
A331C6,N3049E,C82R,CESSNA R182 Skylane RG,L1P,L
A332C6,N305K,M20P,MOONEY M-20,L1P,L
A338C6,N3066,ULAC,,L0-,-
A33BC6,N30702,,,,
A33CC6,N3078C,RV6,VANS RV-6,L1P,L
A341C6,N309LL,C77R,CESSNA 177RG Cardinal RG,L1P,L
A343C6,N30948,J3,PIPER J-3 Cub,L1P,L
A344C6,N31DC,RV8,VANS RV-8,L1P,L
A345C6,N31PJ,,,,
A348C6,N310WA,BL8,BELLANCA 8 Decathlon,L1P,L
A349C6,N3104S,SS2P,ROCKWELL Thrush Commander,L1P,L
A34AC6,N311CM,,,,
A352C6,N313JH,C310,CESSNA 310,L2P,L
A353C6,N313UP,B763,BOEING 767-300,L2J,H
A354C6,N3133Q,P28A,PIPER PA-28-140/150/160/180,L1P,L
A355C6,N314B,BE35,BEECH 35 Starfire Bonanza,L1P,L
A35DC6,N316GW,,,,
A360C6,N3169Z,PA22,PIPER PA-22,L1P,L
A362C6,N317W,BALL,,B0-,-
A363C6,N3174R,P28R,PIPER PA-28R-180/200/201,L1P,L
A364C6,N318CL,F2TH,DASSAULT Falcon 2000,L2J,M
A36EC6,N320ET,S22T,CIRRUS SR-22T Turbo,L1P,L
A370C6,N32005,WACF,WACO F,L1P,L
A373C6,N321TX,C150,CESSNA 150,L1P,L
A374C6,N32128,P28A,PIPER PA-28-140/150/160/180,L1P,L
A375C6,N322AH,AS50,AEROSPATIALE AS-350 Ecureuil,H1T,L
A376C6,N322LP,CH75,ZENAIR CH-750 Cruzer,L1P,L
A379C6,N323DF,P28B,PIPER PA-28-201T/235/236,L1P,L
A37AC6,N323PM,BT36,BEECH B36TC Bonanza,L1P,L
A37EC6,N324SK,C172,CESSNA 172 Skyhawk,L1P,L
A383C6,N32539,P28A,PIPER PA-28-140/150/160/180,L1P,L
A385C6,N326N,H25B,HAWKER BEECHCRAFT Hawker 750/850,L2J,M
A388C6,N327ES,DRON,,D0-,-
A38AC6,N32704,P28A,PIPER PA-28-140/150/160/180,L1P,L
A38DC6,N328TW,DISC,SCHEMPP-HIRTH Discus,L1P,L
A394C6,N33PL,RV6,VANS RV-6,L1P,L
A398C6,N3304U,A319,AIRBUS A-319,L2J,M
A399C6,N331CP,C172,CESSNA 172 Skyhawk,L1P,L
A39AC6,N331NV,A319,AIRBUS A-319,L2J,M
A39EC6,N332RT,RV8,VANS RV-8,L1P,L
A3A1C6,N333JK,PRM1,RAYTHEON 390 Premier 1,L2J,L
A3A8C6,N335E,LNC2,LANCAIR 200-320,L1P,L
A3A9C6,N335QF,AT8T,AIR TRACTOR AT-802,L1T,M
A3ADC6,N336TD,SR22,CIRRUS SR-22,L1P,L
A3AFC6,N33691,P28A,PIPER PA-28-140/150/160/180,L1P,L
A3B1C6,N337WB,C337,CESSNA 337 Super Skymaster,L2P,L
A3B2C6,N3374T,C177,CESSNA  177 Cardinal,L1P,L
A3B5C6,N338Z,BE35,BEECH 35 Starfire Bonanza,L1P,L
A3B6C6,N3386W,PA32,PIPER PA-32,L1P,L
A3B8C6,N339RS,L39,LET L-39 Albatros,L1J,L
A3BBC6,N34JJ,B412,BELL 412,H2T,L
A3C7C6,N3425C,C170,CESSNA 170,L1P,L
A3CBC6,N3437F,C182,CESSNA 182 Skylane,L1P,L
A3D2C6,N3454A,PA22,PIPER PA-22,L1P,L
A3D4C6,N346NB,A319,AIRBUS A-319,L2J,M
A3D6C6,N3466D,C170,CESSNA 170,L1P,L
A3DDC6,N34829,C177,CESSNA  177 Cardinal,L1P,L
A3DEC6,N349AJ,HA4T,RAYTHEON 4000 Hawker Horizon,L2J,M
A3E1C6,N3495B,BE35,BEECH 35 Starfire Bonanza,L1P,L
A3E2C6,N35DG,RV6,VANS RV-6,L1P,L
A3E7C6,N3504W,ULAC,,L0-,-
A3EDC6,N352RV,RV12,VANS RV-12,L1P,L
A3F2C6,N3533U,C172,CESSNA 172 Skyhawk,L1P,L
A3F4C6,N354MK,P28A,PIPER PA-28-140/150/160/180,L1P,L
A3FAC6,N35570,J3,PIPER J-3 Cub,L1P,L
A3FBC6,N356H,BE36,BEECH 36 Bonanza,L1P,L
A3FDC6,N3562S,C172,CESSNA 172 Skyhawk,L1P,L
A401C6,N3574V,C140,CESSNA 140,L1P,L
A403C6,N358NW,A320,AIRBUS A-320,L2J,M
A40BC6,N36US,,,,
A40EC6,N36009,CH7A,BELLANCA 7 Champion,L1P,L
A412C6,N3613B,GLID,,L0-,-
A416C6,N3625E,CH7A,BELLANCA 7 Champion,L1P,L
A419C6,N363ZX,DRON,,D0-,-
A41AC6,N3637H,ERCO,AIR PRODUCTS F-1 Aircoupe,L1P,L
A41DC6,N3642,,,,
A41EC6,N3649L,C172,CESSNA 172 Skyhawk,L1P,L
A421C6,N3654C,C180,CESSNA  180 Skywagon,L1P,L
A429C6,N3678J,C150,CESSNA 150,L1P,L
A42DC6,N369AL,SR20,CIRRUS SR-20,L1P,L
A42EC6,N369LS,C560,CESSNA 560 Citation Ultra,L2J,M
A42FC6,N369WY,H500,HUGHES 500,H1T,L
A431C6,N37DJ,LS8,ROLLADEN-SCHNEIDER LS-8T,L1P,L
A434C6,N370LA,C172,CESSNA 172 Skyhawk,L1P,L
A437C6,N371CT,FDCT,FLIGHT DESIGN CT,L1P,L
A43AC6,N37161,FA24,FAIRCHILD F-24 Argus,L1P,L
A43BC6,N372FR,A20N,AIRBUS A-320neo,L2J,M
A43FC6,N373JP,RV7,VANS RV-7,L1P,L
A443C6,N374MM,SR22,CIRRUS SR-22,L1P,L
A445C6,N3745Z,,,,
A448C6,N3750R,C172,CESSNA 172 Skyhawk,L1P,L
A44CC6,N3762U,J5,PIPER J-5 Cub Cruiser,L1P,L
A44EC6,N377L,PC12,PILATUS PC-12,L1T,L
A451C6,N378CS,T206,CESSNA T206 Turbo Stationair,L1P,L
A45DC6,N3801A,GLID,,L0-,-
A45EC6,N3808M,P28A,PIPER PA-28-140/150/160/180,L1P,L
A469C6,N3837K,ST75,STEARMAN Kaydet,L1P,L
A46BC6,N384SR,SR22,CIRRUS SR-22,L1P,L
A470C6,N3854E,CH7A,BELLANCA 7 Champion,L1P,L
A471C6,N386C,S108,STINSON 108 Voyager,L1P,L
A478C6,N3878L,C172,CESSNA 172 Skyhawk,L1P,L
A47BC6,N3883C,CRUZ,CSA PS-28 Cruiser,L1P,L
A47EC6,N389X,MUS2,BUSHBY M-2 Mustang 2,L1P,L
A47FC6,N3895F,P28R,PIPER PA-28R-180/200/201,L1P,L
A481C6,N39PS,C182,CESSNA 182 Skylane,L1P,L
A487C6,N391PA,DRON,,D0-,-
A48DC6,N39286,BE95,BEECH 95 Travel Air,L2P,L
A48EC6,N393JR,RV12,VANS RV-12,L1P,L
A497C6,N3950T,P28R,PIPER PA-28R-180/200/201,L1P,L
A498C6,N39574,AR65,AERONCA 65 Super Chief,L1P,L
A49CC6,N39697,P28A,PIPER PA-28-140/150/160/180,L1P,L
A49DC6,N397LB,RV12,VANS RV-12,L1P,L
A4A1C6,N398P,C320,CESSNA 320 Skyknight,L2P,L
A4A3C6,N39862,BL17,BELLANCA 17 Viking,L1P,L
A4A6C6,N3991U,C150,CESSNA 150,L1P,L
A4A9C6,N4UW,C82S,CESSNA T182 Turbo Skylane,L1P,L
A4AAC6,N40FA,,,,
A4ABC6,N40RG,C172,CESSNA 172 Skyhawk,L1P,L
A4ACC6,N400BM,,,,
A4ADC6,N400MT,T34P,BEECH T-34 Mentor,L1P,L
A4B2C6,N4010X,SS2T,TRUSH Turbo Thrush 500/550,L1T,L
A4B3C6,N40178,AR11,AERONCA 11 Chief,L1P,L
A4B5C6,N402TP,G120,GROB G-120,L1P,L
A4B8C6,N403LF,B407,BELL 407,H1T,L
A4C0C6,N405SB,P28A,PIPER PA-28-140/150/160/180,L1P,L
A4C5C6,N40631,J3,PIPER J-3 Cub,L1P,L
A4C7C6,N407MS,B407,BELL 407,H1T,L
A4CCC6,N4080W,PA32,PIPER PA-32,L1P,L
A4D6C6,N4102H,M20P,MOONEY M-20,L1P,L
A4D7C6,N4109U,C150,CESSNA 150,L1P,L
A4D8C6,N411KP,ZZZZ,,-0-,-
A4D9C6,N411VV,AC50,NORTH AMERICAN ROCKWELL Commander 500,L2P,L
A4DAC6,N4114L,C172,CESSNA 172 Skyhawk,L1P,L
A4DBC6,N412CF,B407,BELL 407,H1T,L
A4DEC6,N4126P,C177,CESSNA  177 Cardinal,L1P,L
A4E3C6,N414JB,COZY,CO-Z Cozy,L1P,L
A4E4C6,N414UH,B407,BELL 407,H1T,L
A4E5C6,N4143J,BALL,,B0-,-
A4E9C6,N4155M,PA12,PIPER PA-12 Super Cruiser,L1P,L
A4EAC6,N416DS,DA40,DIAMOND DA-40 Club Star,L1P,L
A4ECC6,N4160D,COUR,HELIO Courier,L1P,L
A4EDC6,N4167Q,C310,CESSNA 310,L2P,L
A4EFC6,N417SW,CRJ2,BOMBARDIER Regional Jet CRJ-200,L2J,M
A4F0C6,N4172G,,,,
A4F5C6,N419CE,C25C,CESSNA 525C Citation CJ4,L2J,M
A4F9C6,N42FC,BE20,BEECH 200 Super King Air,L2T,M
A4FAC6,N42RJ,BOLT,STEEN Skybolt,L1P,L
A4FBC6,N420BP,M7T,MAULE M-7-420 Turbine,L1T,L
A4FDC6,N420YA,HIGH,JUST JA20 Highlander,L1P,L
A4FFC6,N421EM,C421,CESSNA 421 Executive Commuter,L2P,L
A501C6,N4210Z,PA18,PIPER PA-18 Super Cub,L1P,L
A505C6,N42222,J3,PIPER J-3 Cub,L1P,L
A506C6,N423AB,DA40,DIAMOND DA-40 Club Star,L1P,L
A509C6,N42345,J3,PIPER J-3 Cub,L1P,L
A50DC6,N42468,J3,PIPER J-3 Cub,L1P,L
A510C6,N42510,C182,CESSNA 182 Skylane,L1P,L
A517C6,N427Y,WAIX,SONEX Waiex,L1P,L
A518C6,N42756,P28A,PIPER PA-28-140/150/160/180,L1P,L
A51AC6,N428QS,E55P,EMBRAER EMB-505 Phenom 300,L2J,M
A51CC6,N42879,MA5,MARQUART MA-5 Charger,L1P,L
A521C6,N43LG,S1,INTERSTATE S-1 Cadet,L1P,L
A525C6,N4302K,PA32,PIPER PA-32,L1P,L
A52FC6,N433RM,C172,CESSNA 172 Skyhawk,L1P,L
A530C6,N4331H,PA17,PIPER PA-17 Vagabond Trainer,L1P,L
A534C6,N4343L,C172,CESSNA 172 Skyhawk,L1P,L
A535C6,N435AW,CRJ2,BOMBARDIER Regional Jet CRJ-200,L2J,M
A538C6,N4355P,PA23,PIPER PA-23,L2P,L
A53BC6,N4360F,P28A,PIPER PA-28-140/150/160/180,L1P,L
A53CC6,N4367S,AT3P,AIR TRACTOR AT-301/401,L1P,L
A540C6,N4379V,P28A,PIPER PA-28-140/150/160/180,L1P,L
A547C6,N4396Q,C172,CESSNA 172 Skyhawk,L1P,L
A548C6,N44FE,R44,ROBINSON R-44 Raven,H1P,L
A549C6,N44RL,PA31,PIPER PA-31-300/310/325/350/425,L2P,L
A54BC6,N440MX,HUSK,CHRISTEN Husky,L1P,L
A54EC6,N441EP,LJ45,LEARJET 45,L2J,M
A550C6,N44101,TAYB,TAYLORCRAFT BC/BF/BL,L1P,L
A551C6,N4418B,C170,CESSNA 170,L1P,L
A553C6,N442TT,SR22,CIRRUS SR-22,L1P,L
A554C6,N44224,TAYB,TAYLORCRAFT BC/BF/BL,L1P,L
A558C6,N44347,P28A,PIPER PA-28-140/150/160/180,L1P,L
A559C6,N444DB,PTS1,PITTS S-1 Special,L1P,L
A55AC6,N444PH,R22,ROBINSON R-22 Mariner,H1P,L
A55CC6,N4447,T6,NORTH AMERICAN T-6 Texan,L1P,L
A55FC6,N44512,P28A,PIPER PA-28-140/150/160/180,L1P,L
A560C6,N4459C,C190,CESSNA 190,L1P,L
A567C6,N44758,N3N,NAVAL AIRCRAFT FACTORY N3N,L1P,L
A56AC6,N44800,P28A,PIPER PA-28-140/150/160/180,L1P,L
A56DC6,N449TS,DA42,DIAMOND DA-42 Guardian,L2P,L
A56EC6,N44923,N3N,NAVAL AIRCRAFT FACTORY N3N,L1P,L
A56FC6,N45AC,FA50,DASSAULT Falcon 50,L3J,M
A573C6,N450TA,BE18,BEECH 18 Expetitor,L2P,L
A574C6,N4502M,PA11,PIPER PA-11 Cub Special,L1P,L
A575C6,N4509Y,PA18,PIPER PA-18 Super Cub,L1P,L
A576C6,N451KT,PRM1,RAYTHEON 390 Premier 1,L2J,L
A57BC6,N452YX,E75L,EMBRAER ERJ-170-200 (long wing),L2J,M
A57CC6,N4526T,P28R,PIPER PA-28R-180/200/201,L1P,L
A57EC6,N453RP,EXEC,ROTORWAY Exec,H1P,L
A580C6,N4538W,AC11,NORTH AMERICAN ROCKWELL Commander 112/114,L1P,L
A587C6,N4555R,P28A,PIPER PA-28-140/150/160/180,L1P,L
A58BC6,N4567U,C150,CESSNA 150,L1P,L
A58DC6,N457T,P28A,PIPER PA-28-140/150/160/180,L1P,L
A58EC6,N4572L,C421,CESSNA 421 Executive Commuter,L2P,L
A590C6,N458KS,RV8,VANS RV-8,L1P,L
A596C6,N4596S,BE33,BEECH 33 Bonanza,L1P,L
A597C6,N46FG,,,,
A59DC6,N461ER,C172,CESSNA 172 Skyhawk,L1P,L
A5A1C6,N462HP,PA46,PIPER PA-46-310/350,L1P,L
A5A3C6,N46226,C172,CESSNA 172 Skyhawk,L1P,L
A5A5C6,N463LM,PA11,PIPER PA-11 Cub Special,L1P,L
A5A7C6,N46349,C172,CESSNA 172 Skyhawk,L1P,L
A5ABC6,N4647B,,,,
A5ADC6,N465SH,T6,NORTH AMERICAN T-6 Texan,L1P,L
A5AEC6,N46514,C172,CESSNA 172 Skyhawk,L1P,L
A5AFC6,N4659E,CH7A,BELLANCA 7 Champion,L1P,L
A5B0C6,N466K,BE35,BEECH 35 Starfire Bonanza,L1P,L
A5BAC6,N4688C,C185,CESSNA 185 Skywagon,L1P,L
A5BEC6,N47AE,M7,MAULE M-7,L1P,L
A5BFC6,N47LL,BE35,BEECH 35 Starfire Bonanza,L1P,L
A5C0C6,N47WS,FOX,KITFOX,L1P,L
A5C2C6,N470TC,BE20,BEECH 200 Super King Air,L2T,M
A5C3C6,N4702P,C152,CESSNA 152,L1P,L
A5C8C6,N472CM,C172,CESSNA 172 Skyhawk,L1P,L
A5D1C6,N474UP,B752,BOEING 757-200,L2J,M
A5D2C6,N4743Q,C185,CESSNA 185 Skywagon,L1P,L
A5D3C6,N475B,BE35,BEECH 35 Starfire Bonanza,L1P,L
A5D9C6,N4760K,P210,CESSNA P210 Centurion,L1P,L
A5E5C6,N4796U,U16,GRUMMAN Albatross,A2P,M
A5E9C6,N480NA,B462,BRITISH AEROSPACE 146-200 Quiet Trader,L4J,M
A5F2C6,N48228,C152,CESSNA 152,L1P,L
A5F3C6,N483AH,VENT,SCHEMPP-HIRTH Ventus,L1P,L
A5F7C6,N484DF,H60,SIKORSKY UH-60 Black Hawk,H2T,M
A5FEC6,N4859G,C172,CESSNA 172 Skyhawk,L1P,L
A60BC6,N489TW,BALL,,B0-,-
A612C6,N4902R,C188,CESSNA 188 AgTruck,L1P,L
A616C6,N4914U,C210,CESSNA 201 Centurion,L1P,L
A617C6,N492CP,SR22,CIRRUS SR-22,L1P,L
A625C6,N4955V,CH7A,BELLANCA 7 Champion,L1P,L
A62CC6,N4972Q,C185,CESSNA 185 Skywagon,L1P,L
A62DC6,N49791,DG15,HOWARD Nightingale,L1P,L
A630C6,N4984T,P28A,PIPER PA-28-140/150/160/180,L1P,L
A633C6,N499Z,BE95,BEECH 95 Travel Air,L2P,L
A635C6,N5FL,C525,CESSNA 525 CitationJet,L2J,L
A636C6,N5RS,C56X,CESSNA 560XL Citation XLS,L2J,M
A637C6,N50BX,AA5,AMERICAN AA-5 Tiger,L1P,L
A638C6,N50NC,AS21,SCHLEICHER ASK-21,L1P,L
A63CC6,N5003W,P28A,PIPER PA-28-140/150/160/180,L1P,L
A640C6,N5015Z,PA22,PIPER PA-22,L1P,L
A643C6,N5020R,C172,CESSNA 172 Skyhawk,L1P,L
A647C6,N5032U,BL8,BELLANCA 8 Decathlon,L1P,L
A648C6,N50395,BL8,BELLANCA 8 Decathlon,L1P,L
A64AC6,N504WF,C25M,CESSNA 525 Citation M2,L2J,L
A64CC6,N505CS,B505,BELL 505 JetRanger X,H1T,L
A651C6,N506RW,C560,CESSNA 560 Citation Ultra,L2J,M
A656C6,N5073V,,,,
A659C6,N508XS,B06,BELL 206 JetRanger,H1T,L
A65AC6,N5085Y,AVID,AVID Flyer,L1P,L
A65BC6,N509EC,BEAR,AVIPRO RB-4 Bearhawk,L1P,L
A65DC6,N5090Q,C152,CESSNA 152,L1P,L
A65FC6,N51HA,BE58,BEECH 58 Baron,L2P,L
A662C6,N510PT,HDJT,HONDA HondaJet,L2J,L
A665C6,N511GK,C172,CESSNA 172 Skyhawk,L1P,L
A666C6,N511SR,SR22,CIRRUS SR-22,L1P,L
A667C6,N5112B,BALL,,B0-,-
A66BC6,N5124E,C172,CESSNA 172 Skyhawk,L1P,L
A66FC6,N5136H,PA14,PIPER PA-14 Family Cruiser,L1P,L
A67BC6,N517DL,C172,CESSNA 172 Skyhawk,L1P,L
A67CC6,N517PS,M20P,MOONEY M-20,L1P,L
A67EC6,N5177J,PARA,,P0-,-
A681C6,N5182A,C72R,CESSNA 172R Cutlass RG,L1P,L
A682C6,N5189M,TAYB,TAYLORCRAFT BC/BF/BL,L1P,L
A685C6,N5194D,C182,CESSNA 182 Skylane,L1P,L
A690C6,N522EF,RV8,VANS RV-8,L1P,L
A692C6,N5220T,P28A,PIPER PA-28-140/150/160/180,L1P,L
A694C6,N523HD,C25B,CESSNA 525B Citation CJ3,L2J,L
A696C6,N5232W,P28A,PIPER PA-28-140/150/160/180,L1P,L
A69AC6,N5244Z,T206,CESSNA T206 Turbo Stationair,L1P,L
A69EC6,N52562,C182,CESSNA 182 Skylane,L1P,L
A6A1C6,N5261U,C72R,CESSNA 172R Cutlass RG,L1P,L
A6A2C6,N52685,C172,CESSNA 172 Skyhawk,L1P,L
A6A5C6,N5273X,CH7A,BELLANCA 7 Champion,L1P,L
A6ACC6,N5290S,CRER,RANS Courier,L1P,L
A6AEC6,N53HC,H500,HUGHES 500,H1T,L
A6AFC6,N53TJ,BE9L,BEECH 90 King Air,L2T,L
A6B2C6,N5300A,T210,CESSNA T210 Turbo Centurion,L1P,L
A6B7C6,N5319Q,C150,CESSNA 150,L1P,L
A6BAC6,N5324G,C172,CESSNA 172 Skyhawk,L1P,L
A6BEC6,N5336K,C172,CESSNA 172 Skyhawk,L1P,L
A6BFC6,N534F,T210,CESSNA T210 Turbo Centurion,L1P,L
A6C2C6,N5348N,ST75,STEARMAN Kaydet,L1P,L
A6C5C6,N5353E,BE35,BEECH 35 Starfire Bonanza,L1P,L
A6C7C6,N536LW,B412,BELL 412,H2T,L
A6C9C6,N5365H,PA16,PIPER PA-16 Clipper,L1P,L
A6D1C6,N5389P,PA24,PIPER PA-24 Comanche,L1P,L
A6D5C6,N54CA,CL35,BOMBARDIER BD-100 Challenger 350,L2J,M
A6D6C6,N54NG,C510,CESSNA 510 Citation Mustang,L2J,L
A6D8C6,N540JT,RV8,VANS RV-8,L1P,L
A6DAC6,N54030,SAKO,RANS S-10 Sakota,L1P,L
A6E1C6,N5420V,P51,NORTH AMERICAN P-51 Mustang,L1P,L
A6E9C6,N54441,PA32,PIPER PA-32,L1P,L
A6EAC6,N545CW,P28A,PIPER PA-28-140/150/160/180,L1P,L
A6EBC6,N545PB,CRJ7,BOMBARDIER Regional Jet CRJ-700,L2J,M
A6EFC6,N546S,C123,FAIRCHILD C-123 Provider,L2P,M
A6F8C6,N54852,PA23,PIPER PA-23,L2P,L
A6FDC6,N55HE,ERCO,AIR PRODUCTS F-1 Aircoupe,L1P,L
A6FEC6,N55TL,BE55,BEECH 55 Baron,L2P,L
A6FFC6,N550DR,GLF5,GULFSTREAM 5,L2J,M
A701C6,N5500C,BL8,BELLANCA 8 Decathlon,L1P,L
A702C6,N5507P,CH7B,BELLANCA 7 Citabria,L1P,L
A705C6,N5512F,P28A,PIPER PA-28-140/150/160/180,L1P,L
A707C6,N552KM,RV8,VANS RV-8,L1P,L
A70AC6,N553CD,SR22,CIRRUS SR-22,L1P,L
A711C6,N5548Q,TOBA,SOCATA Tobago,L1P,L
A712C6,N555J,ST75,STEARMAN Kaydet,L1P,L
A715C6,N556AS,B738,BOEING 737-800,L2J,M
A71BC6,N5570B,C182,CESSNA 182 Skylane,L1P,L
A720C6,N5589R,C172,CESSNA 172 Skyhawk,L1P,L
A724C6,N56CC,PA24,PIPER PA-24 Comanche,L1P,L
A728C6,N560VA,C56X,CESSNA 560XL Citation XLS,L2J,M
A729C6,N56032,P28R,PIPER PA-28R-180/200/201,L1P,L
A72BC6,N561MT,C560,CESSNA 560 Citation Ultra,L2J,M
A72DC6,N56155,PA32,PIPER PA-32,L1P,L
A732C6,N563HH,PARA,,P0-,-
A734C6,N56320,PA32,PIPER PA-32,L1P,L
A738C6,N56443,ST75,STEARMAN Kaydet,L1P,L
A73FC6,N5661Y,M7,MAULE M-7,L1P,L
A744C6,N568BL,NG5,BRM AERO NG-5/6 Bristell,L1P,L
A74AC6,N5690W,P28A,PIPER PA-28-140/150/160/180,L1P,L
A74BC6,N56977,P28A,PIPER PA-28-140/150/160/180,L1P,L
A750C6,N5700E,C172,CESSNA 172 Skyhawk,L1P,L
A751C6,N5707R,C172,CESSNA 172 Skyhawk,L1P,L
A755C6,N5719U,P28A,PIPER PA-28-140/150/160/180,L1P,L
A758C6,N5724L,CH70,ZENAIR CH-701 Stol,L1P,L
A75EC6,N574RK,SR22,CIRRUS SR-22,L1P,L
A75FC6,N5741F,P28A,PIPER PA-28-140/150/160/180,L1P,L
A760C6,N5748S,GLID,,L0-,-
A761C6,N575JB,C414,CESSNA 414 Chancellor,L2P,L
A765C6,N576M,B407,BELL 407,H1T,L
A767C6,N5765M,C310,CESSNA 310,L2P,L
A76DC6,N578SW,E120,EMBRAER EMB-120 Brasilia,L2T,M
A77FC6,N5820Z,PA22,PIPER PA-22,L1P,L
A784C6,N584AB,R44,ROBINSON R-44 Raven,H1P,L
A788C6,N585D,GLF5,GULFSTREAM 5,L2J,M
A78FC6,N5869A,C172,CESSNA 172 Skyhawk,L1P,L
A795C6,N588Y,,,,
A796C6,N58856,DG15,HOWARD Nightingale,L1P,L
A798C6,N589QS,C56X,CESSNA 560XL Citation XLS,L2J,M
A7A0C6,N5907T,C150,CESSNA 150,L1P,L
A7A1C6,N591GT,S22T,CIRRUS SR-22T Turbo,L1P,L
A7A2C6,N591SZ,GLID,,L0-,-
A7A4C6,N5919W,P28A,PIPER PA-28-140/150/160/180,L1P,L
A7B0C6,N595JD,T28,NORTH AMERICAN T-28,L1P,L
A7B2C6,N5953L,AA1,AMERICAN AA-1,L1P,L
A7B6C6,N5965P,CHR4,ELMWOOD CH-8 Christavia Mk4,L1P,L
A7BAC6,N5977S,BE23,BEECH 23 Sundowner,L1P,L
A7BBC6,N598GS,GLF4,GULFSTREAM 4,L2J,M
A7C1C6,N5994M,DH82,DE HAVILLAND DH-82 Tiger Moth,L1P,L
A7C2C6,N6CG,LGEZ,RUTAN Long-EZ,L1P,L
A7C3C6,N6NN,P28R,PIPER PA-28R-180/200/201,L1P,L
A7C8C6,N600RR,C310,CESSNA 310,L2P,L
A7CBC6,N601JH,CH60,ZENAIR CH-600 Zodiac,L1P,L
A7CEC6,N602B,BE35,BEECH 35 Starfire Bonanza,L1P,L
A7D1C6,N6025T,BE35,BEECH 35 Starfire Bonanza,L1P,L
A7D5C6,N6037W,BE95,BEECH 95 Travel Air,L2P,L
A7D6C6,N604GW,CL60,BOMBARDIER CL-600 Challenger,L2J,M
A7D7C6,N604TB,CL60,BOMBARDIER CL-600 Challenger,L2J,M
A7D8C6,N6042N,C172,CESSNA 172 Skyhawk,L1P,L
A7D9C6,N6049Z,PA25,PIPER PA-25 Pawnee,L1P,L
A7DCC6,N6054R,C172,CESSNA 172 Skyhawk,L1P,L
A7E1C6,N607FJ,BE20,BEECH 200 Super King Air,L2T,M
A7E9C6,N609ME,,,,
A7EBC6,N6095S,P28A,PIPER PA-28-140/150/160/180,L1P,L
A7ECC6,N61DX,RV9,VANS RV-9,L1P,L
A7EDC6,N61QC,SRAI,GREAT PLAINS Sonerai,L1P,L
A7EEC6,N610AH,AS50,AEROSPATIALE AS-350 Ecureuil,H1T,L
A7F3C6,N611PM,LNCE,LANCAIR ES,L1P,L
A7F9C6,N6129G,C150,CESSNA 150,L1P,L
A7FAC6,N613KB,BL8,BELLANCA 8 Decathlon,L1P,L
A7FCC6,N61339,M7,MAULE M-7,L1P,L
A804C6,N6158E,C172,CESSNA 172 Skyhawk,L1P,L
A807C6,N61627,ST75,STEARMAN Kaydet,L1P,L
A80CC6,N618DE,B407,BELL 407,H1T,L
A811C6,N619SJ,LNP4,LANCAIR PropJet 4,L1T,L
A812C6,N61915,C172,CESSNA 172 Skyhawk,L1P,L
A813C6,N6199F,C210,CESSNA 201 Centurion,L1P,L
A814C6,N62KA,RV10,VANS RV-10,L1P,L
A815C6,N62VG,LJ60,LEARJET 60,L2J,M
A818C6,N6201P,PA24,PIPER PA-24 Comanche,L1P,L
A826C6,N624TD,AS55,AEROSPATIALE AS-355 Ecureuil 2,H2T,L
A828C6,N62491,PA18,PIPER PA-18 Super Cub,L1P,L
A829C6,N625KW,T206,CESSNA T206 Turbo Stationair,L1P,L
A82BC6,N6254T,C150,CESSNA 150,L1P,L
A82EC6,N626Z,FA7X,DASSAULT Falcon 7X,L3J,M
A833C6,N6278Z,,,,
A836C6,N6283R,C150,CESSNA 150,L1P,L
A837C6,N629BA,T206,CESSNA T206 Turbo Stationair,L1P,L
A83AC6,N6295U,M20P,MOONEY M-20,L1P,L
A83BC6,N63DZ,LJ45,LEARJET 45,L2J,M
A844C6,N6317F,C172,CESSNA 172 Skyhawk,L1P,L
A848C6,N6329J,P28A,PIPER PA-28-140/150/160/180,L1P,L
A84BC6,N6334A,PA38,PIPER PA-38 Tomahawk,L1P,L
A84FC6,N6346D,C172,CESSNA 172 Skyhawk,L1P,L
A851C6,N635R,C310,CESSNA 310,L2P,L
A85AC6,N6375B,C182,CESSNA 182 Skylane,L1P,L
A862C6,N6399H,J3,PIPER J-3 Cub,L1P,L
A863C6,N64KC,BE95,BEECH 95 Travel Air,L2P,L
A868C6,N64082,C172,CESSNA 172 Skyhawk,L1P,L
A869C6,N641JM,C206,CESSNA  206 Stationair,L1P,L
A86FC6,N6425X,C180,CESSNA  180 Skywagon,L1P,L
A872C6,N6430P,PA24,PIPER PA-24 Comanche,L1P,L
A87AC6,N6454V,COUR,HELIO Courier,L1P,L
A881C6,N6471Q,M20P,MOONEY M-20,L1P,L
A885C6,N6483T,C150,CESSNA 150,L1P,L
A886C6,N649BC,PA32,PIPER PA-32,L1P,L
A889C6,N6495W,P28A,PIPER PA-28-140/150/160/180,L1P,L
A88FC6,N6505E,C175,CESSNA 175 Skylark,L1P,L
A893C6,N6517H,J3,PIPER J-3 Cub,L1P,L
A895C6,N652SP,C172,CESSNA 172 Skyhawk,L1P,L
A896C6,N6522,R22,ROBINSON R-22 Mariner,H1P,L
A897C6,N6529L,C152,CESSNA 152,L1P,L
A89AC6,N6534C,P28R,PIPER PA-28R-180/200/201,L1P,L
A89CC6,N654ND,C172,CESSNA 172 Skyhawk,L1P,L
A89EC6,N6546F,P28A,PIPER PA-28-140/150/160/180,L1P,L
A8A0C6,N655RB,RV7,VANS RV-7,L1P,L
A8A1C6,N65508,PARA,,P0-,-
A8A2C6,N6558J,P28A,PIPER PA-28-140/150/160/180,L1P,L
A8AAC6,N658DJ,DRON,,D0-,-
A8ADC6,N6587G,C150,CESSNA 150,L1P,L
A8B0C6,N65919,GLID,,L0-,-
A8B2C6,N66KE,GLID,,L0-,-
A8B6C6,N6601T,C150,CESSNA 150,L1P,L
A8B7C6,N66084,C172,CESSNA 172 Skyhawk,L1P,L
A8B8C6,N661JP,BD4,BEDE BD-4,L1P,L
A8BAC6,N6613W,P28A,PIPER PA-28-140/150/160/180,L1P,L
A8BBC6,N662BF,LGEZ,RUTAN Long-EZ,L1P,L
A8C1C6,N6630R,BE24,BEECH 24 Sierra,L1P,L
A8C5C6,N6642U,M20P,MOONEY M-20,L1P,L
A8C9C6,N6654X,C210,CESSNA 201 Centurion,L1P,L
A8CBC6,N666NY,R44,ROBINSON R-44 Raven,H1P,L
A8E0C6,N671PT,SREY,PROGRESSIVE AERODYNE SeaRey,A1P,L
A8E2C6,N6717K,BE23,BEECH 23 Sundowner,L1P,L
A8E4C6,N672SR,SREY,PROGRESSIVE AERODYNE SeaRey,A1P,L
A8E5C6,N6722B,T210,CESSNA T210 Turbo Centurion,L1P,L
A8E6C6,N6729N,M20P,MOONEY M-20,L1P,L
A8EDC6,N6746H,C172,CESSNA 172 Skyhawk,L1P,L
A8F8C6,N6775F,P28A,PIPER PA-28-140/150/160/180,L1P,L
A8F9C6,N678DL,B752,BOEING 757-200,L2J,M
A8FAC6,N678PS,EA50,ECLIPSE 550,L2J,L
A900C6,N6799M,C182,CESSNA 182 Skylane,L1P,L
A901C6,N68KG,RV7,VANS RV-7,L1P,L
A902C6,N68VN,O1,CESSNA 305/341 Bird Dog,L1P,L
A90AC6,N682BH,B06,BELL 206 JetRanger,H1T,L
A917C6,N685WH,GC1,GLOBE Swift,L1P,L
A91AC6,N686P,UH12,HILLER UH-12,H1P,L
A91CC6,N68662,C175,CESSNA 175 Skylark,L1P,L
A924C6,N689BG,GLF5,GULFSTREAM 5,L2J,M
A92AC6,N690AR,AC68,AERO Commander 680,L2P,L
A92DC6,N6905J,P28R,PIPER PA-28R-180/200/201,L1P,L
A930C6,N6910A,C172,CESSNA 172 Skyhawk,L1P,L
A931C6,N6917M,S108,STINSON 108 Voyager,L1P,L
A933C6,N692ST,PA46,PIPER PA-46-310/350,L1P,L
A93FC6,N6951B,BALL,,B0-,-
A947C6,N6975H,C172,CESSNA 172 Skyhawk,L1P,L
A950C6,N7KJ,LNP4,LANCAIR PropJet 4,L1T,L
A951C6,N7VQ,RV7,VANS RV-7,L1P,L
A954C6,N700CF,TBM7,SOCATA TBM-700A/B/C,L1T,L
A959C6,N701RK,CH70,ZENAIR CH-701 Stol,L1P,L
A95AC6,N7011F,C150,CESSNA 150,L1P,L
A963C6,N704DS,C150,CESSNA 150,L1P,L
A966C6,N7047Q,LGEZ,RUTAN Long-EZ,L1P,L
A968C6,N705SW,B737,BOEING 737-700,L2J,M
A969C6,N7052G,C172,CESSNA 172 Skyhawk,L1P,L
A96AC6,N7059T,C172,CESSNA 172 Skyhawk,L1P,L
A971C6,N7076N,FOX,KITFOX,L1P,L
A974C6,N7081E,C175,CESSNA 175 Skylark,L1P,L
A97DC6,N710TR,C172,CESSNA 172 Skyhawk,L1P,L
A97EC6,N71022,J3,PIPER J-3 Cub,L1P,L
A97FC6,N711AB,P28R,PIPER PA-28R-180/200/201,L1P,L
A981C6,N711WP,BE35,BEECH 35 Starfire Bonanza,L1P,L
A983C6,N712D,C172,CESSNA 172 Skyhawk,L1P,L
A98AC6,N7139A,C172,CESSNA 172 Skyhawk,L1P,L
A98CC6,N714VB,C152,CESSNA 152,L1P,L
A990C6,N715Y,FDCT,FLIGHT DESIGN CT,L1P,L
A991C6,N71556,L8,LUSCOMBE 8,L1P,L
A995C6,N71679,BALL,,B0-,-
A99CC6,N71844,C182,CESSNA 182 Skylane,L1P,L
A99DC6,N719CZ,,,,
A9A0C6,N71967,T206,CESSNA T206 Turbo Stationair,L1P,L
A9A2C6,N72SC,BE58,BEECH 58 Baron,L2P,L
A9A7C6,N721FF,GLEX,BOMBARDIER BD-700 Global 6000/6500,L2J,M
A9AFC6,N723MB,BE55,BEECH 55 Baron,L2P,L
A9B4C6,N7240F,P28A,PIPER PA-28-140/150/160/180,L1P,L
A9B8C6,N7252J,P28A,PIPER PA-28-140/150/160/180,L1P,L
A9B9C6,N7259V,A9,NORTH AMERICAN ROCKWELL A-9 Sparrow Commander,L1P,L
A9BDC6,N727CG,C82S,CESSNA T182 Turbo Skylane,L1P,L
A9C0C6,N7276Q,C82S,CESSNA T182 Turbo Skylane,L1P,L
A9C4C6,N7288T,C172,CESSNA 172 Skyhawk,L1P,L
A9C5C6,N729JC,SONX,SONEX AIRCRAFT Sonex,L1P,L
A9CBC6,N730HM,BE20,BEECH 200 Super King Air,L2T,M
A9CEC6,N731AD,S108,STINSON 108 Voyager,L1P,L
A9D5C6,N7327,ALO2,SUD Alouette 2,H1T,L
A9D6C6,N733G,FA50,DASSAULT Falcon 50,L3J,M
A9D7C6,N733SF,C172,CESSNA 172 Skyhawk,L1P,L
A9D8C6,N73312,C172,CESSNA 172 Skyhawk,L1P,L
A9DAC6,N734JY,C172,CESSNA 172 Skyhawk,L1P,L
A9DCC6,N73435,C172,CESSNA 172 Skyhawk,L1P,L
A9DDC6,N735BQ,C182,CESSNA 182 Skylane,L1P,L
A9DEC6,N735MW,T206,CESSNA T206 Turbo Stationair,L1P,L
A9DFC6,N735YB,C182,CESSNA 182 Skylane,L1P,L
A9E2C6,N736QU,C182,CESSNA 182 Skylane,L1P,L
A9E6C6,N737TS,C82R,CESSNA R182 Skylane RG,L1P,L
A9EBC6,N73846,C172,CESSNA 172 Skyhawk,L1P,L
A9EDC6,N739PG,C172,CESSNA 172 Skyhawk,L1P,L
A9EEC6,N739ZN,C172,CESSNA 172 Skyhawk,L1P,L
A9F1C6,N74SE,C172,CESSNA 172 Skyhawk,L1P,L
A9F2C6,N740CK,B744,BOEING 747-400,L4J,H
A9F4C6,N740YX,E75L,EMBRAER ERJ-170-200 (long wing),L2J,M
A9FCC6,N7423N,C182,CESSNA 182 Skylane,L1P,L
AA01C6,N744DW,SASY,PROTECH Sassy,L1P,L
AA03C6,N7440H,J3,PIPER J-3 Cub,L1P,L
AA06C6,N745T,BE55,BEECH 55 Baron,L2P,L
AA08C6,N7459X,C172,CESSNA 172 Skyhawk,L1P,L
AA0CC6,N747CJ,E300,EXTRA EA-300/330/350,L1P,L
AA12C6,N7481J,P28R,PIPER PA-28R-180/200/201,L1P,L
AA17C6,N75AX,LJ45,LEARJET 45,L2J,M
AA18C6,N75MC,BEAR,AVIPRO RB-4 Bearhawk,L1P,L
AA1AC6,N750HP,UH1,BELL UH-1 Huey,H1T,L
AA20C6,N75149,P28A,PIPER PA-28-140/150/160/180,L1P,L
AA21C6,N752DD,RV6,VANS RV-6,L1P,L
AA22C6,N752PK,R44,ROBINSON R-44 Raven,H1P,L
AA26C6,N753SH,BALL,,B0-,-
AA28C6,N7539E,CH7A,BELLANCA 7 Champion,L1P,L
AA2BC6,N75437,,,,
AA32C6,N75602,C172,CESSNA 172 Skyhawk,L1P,L
AA33C6,N7568C,ERCO,AIR PRODUCTS F-1 Aircoupe,L1P,L
AA39C6,N758WS,,,,
AA3AC6,N75848,ST75,STEARMAN Kaydet,L1P,L
AA3BC6,N759DC,C182,CESSNA 182 Skylane,L1P,L
AA3CC6,N759PJ,C182,CESSNA 182 Skylane,L1P,L
AA3DC6,N759ZQ,C182,CESSNA 182 Skylane,L1P,L
AA3FC6,N76GA,S76,SIKORSKY S-76 Spirit,H2T,L
AA40C6,N76SG,R44,ROBINSON R-44 Raven,H1P,L
AA44C6,N7606V,C172,CESSNA 172 Skyhawk,L1P,L
AA45C6,N761FK,T210,CESSNA T210 Turbo Centurion,L1P,L
AA4CC6,N763B,BE35,BEECH 35 Starfire Bonanza,L1P,L
AA53C6,N7647W,P28A,PIPER PA-28-140/150/160/180,L1P,L
AA55C6,N765TB,GYRO,,G0-,-
AA56C6,N7652N,BE95,BEECH 95 Travel Air,L2P,L
AA59C6,N766W,PA22,PIPER PA-22,L1P,L
AA5BC6,N767CL,C172,CESSNA 172 Skyhawk,L1P,L
AA5EC6,N7676U,C150,CESSNA 150,L1P,L
AA62C6,N7688X,C172,CESSNA 172 Skyhawk,L1P,L
AA67C6,N77ME,FA50,DASSAULT Falcon 50,L3J,M
AA68C6,N77XL,GYRO,,G0-,-
AA6AC6,N770TX,CLON,AUTOGYRO Cavalon,G1P,L
AA6BC6,N77028,C120,CESSNA 120,L1P,L
AA6FC6,N7715A,C180,CESSNA  180 Skywagon,L1P,L
AA70C6,N772DF,M20P,MOONEY M-20,L1P,L
AA71C6,N772PM,CH60,ZENAIR CH-600 Zodiac,L1P,L
AA75C6,N773SK,CRJ7,BOMBARDIER Regional Jet CRJ-700,L2J,M
AA77C6,N7739G,C172,CESSNA 172 Skyhawk,L1P,L
AA78C6,N774KB,RV7,VANS RV-7,L1P,L
AA7AC6,N77439,C140,CESSNA 140,L1P,L
AA7EC6,N7756B,RV9,VANS RV-9,L1P,L
AA82C6,N7768E,C150,CESSNA 150,L1P,L
AA83C6,N777HQ,,,,
AA84C6,N777TW,C172,CESSNA 172 Skyhawk,L1P,L
AA86C6,N778AG,DRON,,D0-,-
AA8AC6,N779DE,MM16,MAGNI M-16 Tandem Trainer,G1P,L
AA8EC6,N78GC,BL8,BELLANCA 8 Decathlon,L1P,L
AA8FC6,N78SJ,E300,EXTRA EA-300/330/350,L1P,L
AA90C6,N780CP,C82T,CESSNA TR182 Turbo Skylane RG,L1P,L
AA92C6,N780ZA,G2T1,GREAT LAKES 2T-1,L1P,L
AA94C6,N781FM,C172,CESSNA 172 Skyhawk,L1P,L
AA96C6,N7811P,PA24,PIPER PA-24 Comanche,L1P,L
AA97C6,N78180,C172,CESSNA 172 Skyhawk,L1P,L
AA9BC6,N783BB,TBM7,SOCATA TBM-700A/B/C,L1T,L
AA9EC6,N7835V,BE35,BEECH 35 Starfire Bonanza,L1P,L
AAA8C6,N786WB,SR22,CIRRUS SR-22,L1P,L
AAB0C6,N7881N,C172,CESSNA 172 Skyhawk,L1P,L
AAB2C6,N789JJ,ERCO,AIR PRODUCTS F-1 Aircoupe,L1P,L
AAB4C6,N7893R,BE35,BEECH 35 Starfire Bonanza,L1P,L
AAB5C6,N79BA,PA30,PIPER PA-30 Twin Comanche,L2P,L
AAB6C6,N79MG,AEST,AEROSTAR 600,L2P,L
AAC5C6,N79318,C172,CESSNA 172 Skyhawk,L1P,L
AAC9C6,N7944A,RV12,VANS RV-12,L1P,L
AAD2C6,N797HS,,,,
AADCC6,N7997E,C150,CESSNA 150,L1P,L
AADEC6,N8SL,H269,HUGHES Sky Knight,H1P,L
AADFC6,N80CR,T206,CESSNA T206 Turbo Stationair,L1P,L
AAEBC6,N8021,,,,
AAF0C6,N804AN,B788,BOEING 787-8 Dreamliner,L2J,H
AAF2C6,N804X,CRJ7,BOMBARDIER Regional Jet CRJ-700,L2J,M
AAF5C6,N805PS,CRUZ,CSA PS-28 Cruiser,L1P,L
AAF8C6,N806GJ,H25B,HAWKER BEECHCRAFT Hawker 750/850,L2J,M
AAF9C6,N806SQ,C650,CESSNA 650 Citation,L2J,M
AAFEC6,N8074D,PA18,PIPER PA-18 Super Cub,L1P,L
AB02C6,N8086G,P28A,PIPER PA-28-140/150/160/180,L1P,L
AB05C6,N80909,GC1,GLOBE Swift,L1P,L
AB06C6,N8098K,G164,GRUMMAN G-164 Ag-Cat,L1P,L
AB0BC6,N8100T,RV6,VANS RV-6,L1P,L
AB0CC6,N81074,C140,CESSNA 140,L1P,L
AB0FC6,N8112W,P28A,PIPER PA-28-140/150/160/180,L1P,L
AB11C6,N812LB,BALL,,B0-,-
AB15C6,N813P,P28A,PIPER PA-28-140/150/160/180,L1P,L
AB17C6,N81362,FA24,FAIRCHILD F-24 Argus,L1P,L
AB1BC6,N81485,CH7A,BELLANCA 7 Champion,L1P,L
AB1EC6,N8153X,C172,CESSNA 172 Skyhawk,L1P,L
AB1FC6,N816BG,H25B,HAWKER BEECHCRAFT Hawker 750/850,L2J,M
AB22C6,N81650,CH7A,BELLANCA 7 Champion,L1P,L
AB23C6,N817EE,DRON,,D0-,-
AB25C6,N8170S,P32R,PIPER PA-32R-300/301/301T,L1P,L
AB27C6,N818HC,RV8,VANS RV-8,L1P,L
AB2BC6,N819LA,BE36,BEECH 36 Bonanza,L1P,L
AB2EC6,N82CT,C182,CESSNA 182 Skylane,L1P,L
AB31C6,N820KK,DRON,,D0-,-
AB33C6,N8204G,C77R,CESSNA 177RG Cardinal RG,L1P,L
AB34C6,N821CB,BE10,BEECH 100 King Air,L2T,L
AB38C6,N822F,R44,ROBINSON R-44 Raven,H1P,L
AB3AC6,N8221B,C172,CESSNA 172 Skyhawk,L1P,L
AB3BC6,N8228N,GLF5,GULFSTREAM 5,L2J,M
AB43C6,N825DN,B739,BOEING 737-900,L2J,M
AB4AC6,N8269P,PA24,PIPER PA-24 Comanche,L1P,L
AB51C6,N8286J,,,,
AB54C6,N8291A,C170,CESSNA 170,L1P,L
AB55C6,N8298M,P28B,PIPER PA-28-201T/235/236,L1P,L
AB5DC6,N831TM,BE20,BEECH 200 Super King Air,L2T,M
AB62C6,N83241,CH7A,BELLANCA 7 Champion,L1P,L
AB64C6,N833PB,BE36,BEECH 36 Bonanza,L1P,L
AB66C6,N83364,P28A,PIPER PA-28-140/150/160/180,L1P,L
AB6AC6,N83487,CH7A,BELLANCA 7 Champion,L1P,L
AB6BC6,N835JS,C56X,CESSNA 560XL Citation XLS,L2J,M
AB6DC6,N8353Z,C210,CESSNA 201 Centurion,L1P,L
AB71C6,N83652,CH7A,BELLANCA 7 Champion,L1P,L
AB72C6,N837EG,BE36,BEECH 36 Bonanza,L1P,L
AB74C6,N8370U,C172,CESSNA 172 Skyhawk,L1P,L
AB75C6,N83775,P28A,PIPER PA-28-140/150/160/180,L1P,L
AB82C6,N8404J,C150,CESSNA 150,L1P,L
AB83C6,N841CD,SR22,CIRRUS SR-22,L1P,L
AB86C6,N8416M,C150,CESSNA 150,L1P,L
AB89C6,N8421D,PA22,PIPER PA-22,L1P,L
AB8DC6,N8433G,DRON,,D0-,-
AB95C6,N8457N,BE35,BEECH 35 Starfire Bonanza,L1P,L
AB9DC6,N848CC,G280,GULFSTREAM G280,L2J,M
ABA0C6,N8486L,C172,CESSNA 172 Skyhawk,L1P,L
ABA3C6,N8491C,P28A,PIPER PA-28-140/150/160/180,L1P,L
ABA9C6,N8500X,,,,
ABACC6,N851TP,UH1,BELL UH-1 Huey,H1T,L
ABB1C6,N85243,CH7A,BELLANCA 7 Champion,L1P,L
ABB5C6,N85366,CH7A,BELLANCA 7 Champion,L1P,L
ABBBC6,N855V,WACF,WACO F,L1P,L
ABC3C6,N8570W,B738,BOEING 737-800,L2J,M
ABC4C6,N85777,CH7A,BELLANCA 7 Champion,L1P,L
ABC6C6,N858TN,S22T,CIRRUS SR-22T Turbo,L1P,L
ABC7C6,N8582Z,B738,BOEING 737-800,L2J,M
ABCBC6,N85942,AR11,AERONCA 11 Chief,L1P,L
ABCDC6,N86PC,C550,CESSNA 550 Citation S2,L2J,L
ABD1C6,N8604L,,,,
ABD6C6,N862FD,B77L,BOEING 777-200LR,L2J,H
ABD9C6,N8628S,C150,CESSNA 150,L1P,L
ABDAC6,N863JB,C560,CESSNA 560 Citation Ultra,L2J,M
ABDCC6,N8633J,C150,CESSNA 150,L1P,L
ABDDC6,N864AU,C172,CESSNA 172 Skyhawk,L1P,L
ABDEC6,N864M,LNC2,LANCAIR 200-320,L1P,L
ABE0C6,N8645M,BE35,BEECH 35 Starfire Bonanza,L1P,L
ABE1C6,N865DS,RV6,VANS RV-6,L1P,L
ABE2C6,N865PY,,,,
ABE4C6,N8657Q,BE35,BEECH 35 Starfire Bonanza,L1P,L
ABE8C6,N8669T,C182,CESSNA 182 Skylane,L1P,L
ABEFC6,N8686N,PA32,PIPER PA-32,L1P,L
ABF2C6,N8691E,PA34,PIPER PA-34 Seneca,L2P,L
ABF4C6,N87JA,C172,CESSNA 172 Skyhawk,L1P,L
ABF8C6,N8700Z,C185,CESSNA 185 Skywagon,L1P,L
ABF9C6,N8708,ZZZZ,,-0-,-
ABFDC6,N872AB,HUSK,CHRISTEN Husky,L1P,L
AC04C6,N87368,E75L,EMBRAER ERJ-170-200 (long wing),L2J,M
AC07C6,N87410,ERCO,AIR PRODUCTS F-1 Aircoupe,L1P,L
AC0AC6,N875VB,DRON,,D0-,-
AC13C6,N87779,J3,PIPER J-3 Cub,L1P,L
AC14C6,N878HJ,HDJT,HONDA HondaJet,L2J,L
AC1BC6,N88CZ,C182,CESSNA 182 Skylane,L1P,L
AC20C6,N8804N,P28A,PIPER PA-28-140/150/160/180,L1P,L
AC23C6,N881YV,B762,BOEING 767-200,L2J,H
AC27C6,N8821H,NAVI,NORTH AMERICAN Navion,L1P,L
AC29C6,N883JD,CH65,ZENAIR CH-650 Zodiac,L1P,L
AC2BC6,N8833L,B38M,BOEING 737 MAX 8,L2J,M
AC37C6,N8869V,BL17,BELLANCA 17 Viking,L1P,L
AC3FC6,N889FE,C208,CESSNA 208 Caravan,L1T,L
AC41C6,N8891G,C150,CESSNA 150,L1P,L
AC43C6,N89JC,SRAI,GREAT PLAINS Sonerai,L1P,L
AC48C6,N8908B,C172,CESSNA 172 Skyhawk,L1P,L
AC57C6,N8949C,P28R,PIPER PA-28R-180/200/201,L1P,L
AC58C6,N895JY,,,,
AC5AC6,N89535,C140,CESSNA 140,L1P,L
AC5EC6,N89658,C120,CESSNA 120,L1P,L
AC64C6,N898TS,F900,DASSAULT Falcon 900,L3J,M
AC66C6,N899AC,CAMP,GREGA GN-1 Aircamper,L1P,L
AC69C6,N89946,CH7A,BELLANCA 7 Champion,L1P,L
AC70C6,N900SK,C208,CESSNA 208 Caravan,L1T,L
AC71C6,N90016,BALL,,B0-,-
AC75C6,N90139,C140,CESSNA 140,L1P,L
AC80C6,N90427,BALL,,B0-,-
AC84C6,N9055,,,,
AC85C6,N906DE,MD88,MCDONNELL-DOUGLAS MD-88,L2J,M
AC89C6,N907GC,FOX,KITFOX,L1P,L
AC8CC6,N9079F,BALL,,B0-,-
AC93C6,N9096A,BALL,,B0-,-
AC96C6,N910BB,DA40,DIAMOND DA-40 Club Star,L1P,L
AC9CC6,N9110M,YK52,YAKOVLEV Yak-52,L1P,L
ACA0C6,N9122Q,ULAC,,L0-,-
ACA1C6,N91291,C180,CESSNA  180 Skywagon,L1P,L
ACA3C6,N913WB,AS50,AEROSPATIALE AS-350 Ecureuil,H1T,L
ACA7C6,N914Z,C172,CESSNA 172 Skyhawk,L1P,L
ACA8C6,N9146W,P28B,PIPER PA-28-201T/235/236,L1P,L
ACAAC6,N915RS,CH7B,BELLANCA 7 Citabria,L1P,L
ACACC6,N9158Z,BALL,,B0-,-
ACB0C6,N917BA,,,,
ACB3C6,N9175U,BALL,,B0-,-
ACB7C6,N9187X,ULAC,,L0-,-
ACB9C6,N919TC,C172,CESSNA 172 Skyhawk,L1P,L
ACBCC6,N92KV,BALL,,B0-,-
ACBDC6,N92WA,BE18,BEECH 18 Expetitor,L2P,L
ACC0C6,N92018,C182,CESSNA 182 Skylane,L1P,L
ACC4C6,N9214A,PA38,PIPER PA-38 Tomahawk,L1P,L
ACC5C6,N922BW,BE9L,BEECH 90 King Air,L2T,L
ACC8C6,N9226D,PA22,PIPER PA-22,L1P,L
ACCBC6,N92306,C172,CESSNA 172 Skyhawk,L1P,L
ACCCC6,N9238G,C182,CESSNA 182 Skylane,L1P,L
ACD0C6,N925AJ,F2TH,DASSAULT Falcon 2000,L2J,M
ACD2C6,N925WW,BE9L,BEECH 90 King Air,L2T,L
ACD3C6,N9255B,PA46,PIPER PA-46-310/350,L1P,L
ACD4C6,N926DG,RV6,VANS RV-6,L1P,L
ACD5C6,N926PN,GLEX,BOMBARDIER BD-700 Global 6000/6500,L2J,M
ACD7C6,N9267E,AR11,AERONCA 11 Chief,L1P,L
ACDAC6,N92717,PA46,PIPER PA-46-310/350,L1P,L
ACDBC6,N9279H,FA62,FAIRCHILD M-26 Cornell,L1P,L
ACDCC6,N928KC,M20P,MOONEY M-20,L1P,L
ACDDC6,N928VJ,GLID,,L0-,-
ACE2C6,N9296C,C180,CESSNA  180 Skywagon,L1P,L
ACE3C6,N93ET,T206,CESSNA T206 Turbo Stationair,L1P,L
ACE5C6,N930BD,BE58,BEECH 58 Baron,L2P,L
ACEDC6,N932H,DC3,DOUGLAS DC-3 Dakota,L2P,M
ACEFC6,N9322S,BE24,BEECH 24 Sierra,L1P,L
ACF2C6,N933WD,BE35,BEECH 35 Starfire Bonanza,L1P,L
ACF3C6,N9334V,M20P,MOONEY M-20,L1P,L
ACFAC6,N9351Q,BE33,BEECH 33 Bonanza,L1P,L
ACFFC6,N937BC,S22T,CIRRUS SR-22T Turbo,L1P,L
AD05C6,N9380N,C185,CESSNA 185 Skywagon,L1P,L
AD08C6,N939TE,AA5,AMERICAN AA-5 Tiger,L1P,L
AD0AC6,N93992,ERCO,AIR PRODUCTS F-1 Aircoupe,L1P,L
AD0CC6,N94WC,R44,ROBINSON R-44 Raven,H1P,L
AD10C6,N9409L,C172,CESSNA 172 Skyhawk,L1P,L
AD13C6,N9414C,C180,CESSNA  180 Skywagon,L1P,L
AD19C6,N943RB,PA46,PIPER PA-46-310/350,L1P,L
AD1AC6,N94308,ERCO,AIR PRODUCTS F-1 Aircoupe,L1P,L
AD29C6,N94719,C152,CESSNA 152,L1P,L
AD33C6,N95RA,PA32,PIPER PA-32,L1P,L
AD3AC6,N9510R,BE35,BEECH 35 Starfire Bonanza,L1P,L
AD3FC6,N95295,TAYB,TAYLORCRAFT BC/BF/BL,L1P,L
AD42C6,N9534X,C210,CESSNA 201 Centurion,L1P,L
AD49C6,N9551S,CH7A,BELLANCA 7 Champion,L1P,L
AD4AC6,N95583,H269,HUGHES Sky Knight,H1P,L
AD55C6,N95871,TAYB,TAYLORCRAFT BC/BF/BL,L1P,L
AD5BC6,N96WE,BE58,BEECH 58 Baron,L2P,L
AD5DC6,N960SR,R44,ROBINSON R-44 Raven,H1P,L
AD5EC6,N9602B,C72R,CESSNA 172R Cutlass RG,L1P,L
AD62C6,N9614E,HUSK,CHRISTEN Husky,L1P,L
AD66C6,N9626H,C172,CESSNA 172 Skyhawk,L1P,L
AD6DC6,N9643C,B25,CONSOLIDATED B-25 Mitchell,L2P,M
AD6EC6,N965AN,B738,BOEING 737-800,L2J,M
AD71C6,N9655F,H269,HUGHES Sky Knight,H1P,L
AD72C6,N966DL,MD88,MCDONNELL-DOUGLAS MD-88,L2J,M
AD75C6,N9667J,P28A,PIPER PA-28-140/150/160/180,L1P,L
AD78C6,N9672A,C140,CESSNA 140,L1P,L
AD79C6,N9679M,M20P,MOONEY M-20,L1P,L
AD86C6,N97051,C182,CESSNA 182 Skylane,L1P,L
AD89C6,N9710T,C172,CESSNA 172 Skyhawk,L1P,L
AD8DC6,N9722W,P28A,PIPER PA-28-140/150/160/180,L1P,L
AD8EC6,N97297,S108,STINSON 108 Voyager,L1P,L
AD8FC6,N973LB,BE55,BEECH 55 Baron,L2P,L
AD98C6,N9751U,AA5,AMERICAN AA-5 Tiger,L1P,L
ADA0C6,N97750,S108,STINSON 108 Voyager,L1P,L
ADA4C6,N97873,C172,CESSNA 172 Skyhawk,L1P,L
ADA7C6,N9792V,C172,CESSNA 172 Skyhawk,L1P,L
ADA9C6,N98LA,P32R,PIPER PA-32R-300/301/301T,L1P,L
ADACC6,N980ST,B734,BOEING 737-400,L2J,M
ADB1C6,N9814G,T206,CESSNA T206 Turbo Stationair,L1P,L
ADB8C6,N9831B,B14A,BELLANCA 14,L1P,L
ADBCC6,N9843E,GLID,,L0-,-
ADC4C6,N9867L,AA1,AMERICAN AA-1,L1P,L
ADC8C6,N9879P,PA25,PIPER PA-25 Pawnee,L1P,L
ADCCC6,N989CA,P212,TECNAM P-2012 Traveller,L2P,L
ADCFC6,N9896J,C150,CESSNA 150,L1P,L
ADD1C6,N99RE,C25B,CESSNA 525B Citation CJ3,L2J,L
ADD3C6,N990MR,C550,CESSNA 550 Citation S2,L2J,L
ADDCC6,N9922Y,T210,CESSNA T210 Turbo Centurion,L1P,L
ADDDC6,N99299,ERCO,AIR PRODUCTS F-1 Aircoupe,L1P,L
ADE0C6,N99341,C172,CESSNA 172 Skyhawk,L1P,L
ADE6C6,N995S,P46T,PIPER PA-46-500TP,L1T,L
ADE8C6,N99587,PA18,PIPER PA-18 Super Cub,L1P,L
ADF4C6,N999HE,C172,CESSNA 172 Skyhawk,L1P,L
ADF5C6,N999TL,PA23,PIPER PA-23,L2P,L
ADFCC6,93-0646,BE40,BEECH 400 Beechjet,L2J,M
ADFDC6,93-1459,C130,LOCKHEED C-130 Hercules,L4T,M
ADFFC6,64-10297,T38,NORTHROP T-38 Talon,L2J,L
AE00C6,64-13298,T38,NORTHROP T-38 Talon,L2J,L
AE01C6,64-14844,R135,BOEING RC-135,L4J,H
AE02C6,89-9102,C130,LOCKHEED C-130 Hercules,L4T,M
AE04C6,59-1480,K35R,BOEING KC-135R/T Stratotanker,L4J,H
AE05C6,65-0967,C130,LOCKHEED C-130 Hercules,L4T,M
AE07C6,64-14831,K35R,BOEING KC-135R/T Stratotanker,L4J,H
AE0CC6,91-26343,H60,SIKORSKY UH-60 Black Hawk,H2T,M
AE0DC6,84-23965,H60,SIKORSKY UH-60 Black Hawk,H2T,M
AE11C6,03-3700,TEX2,BEECHCRAFT T-6 Texan 2,L1T,L
AE13C6,04-3752,TEX2,BEECHCRAFT T-6 Texan 2,L1T,L
AE14C6,161069,BE9L,BEECH 90 King Air,L2T,L
AE1DC6,167842,H60,SIKORSKY UH-60 Black Hawk,H2T,M
AE1EC6,166065,TEX2,BEECHCRAFT T-6 Texan 2,L1T,L
AE1FC6,10-72183,EC45,AIRBUS HELICOPTERS EC-145,H2T,L
AE20C6,07-7185,C17,BOEING C-17 Globemaster 3,L4J,H
AE21C6,02-26973,H60,SIKORSKY UH-60 Black Hawk,H2T,M
AE49C6,09-9210,C17,BOEING C-17 Globemaster 3,L4J,H
AE4EC6,168761,P8,BOEING P-8 Poseidon,L2J,M
AE4FC6,168118,H60,SIKORSKY UH-60 Black Hawk,H2T,M
AE51C6,11-20399,H60,SIKORSKY UH-60 Black Hawk,H2T,M
AE52C6,10-08813,H47,BOEING-VERTOL CH-47 Chinook,H2T,M
AE54C6,11-5765,C30J,LOCKHEED MARTIN C-130J Super Hercules,L4T,M
AE56C6,13-20606,H60,SIKORSKY UH-60 Black Hawk,H2T,M
AE57C6,169001,P8,BOEING P-8 Poseidon,L2J,M
AE59C6,14-08165,H47,BOEING-VERTOL CH-47 Chinook,H2T,M
AE5AC6,15-20740,H60,SIKORSKY UH-60 Black Hawk,H2T,M
AE5BC6,16-46021,B762,BOEING 767-200,L2J,H
AE5CC6,97-26779,H60,SIKORSKY UH-60 Black Hawk,H2T,M
AE5DC6,169219,F18S,BOEING FA-18 SUPER HORNET,L2J,M
AE5EC6,162035,B06,BELL 206 JetRanger,H1T,L
AE61C6,761541,F5,NORTHROP F-5 Tiger 2,L2J,M
AE6BC6,13-20582,H60,SIKORSKY UH-60 Black Hawk,H2T,M
AE6CC6,20-03358,H64,MCDONNELL DOUGLAS AH-64 Apache,H2T,M
C000C6,C-FAHP,T206,CESSNA T206 Turbo Stationair,L1P,L
C003C6,C-FBLD,GSIS,INNOAVIATION Genesis,L1P,L
C004C6,C-FBUZ,LNC2,LANCAIR 200-320,L1P,L
C005C6,C-FCEV,C150,CESSNA 150,L1P,L
C006C6,C-FCOR,DH82,DE HAVILLAND DH-82 Tiger Moth,L1P,L
C007C6,C-FCYN,DHC1,DE HAVILLAND DHC-1 Chipmunk,L1P,L
C008C6,C-FDIJ,B763,BOEING 767-300,L2J,H
C009C6,C-FDSF,RV6,VANS RV-6,L1P,L
C00AC6,C-FECB,CH7A,BELLANCA 7 Champion,L1P,L
C00BC6,C-FELX,C140,CESSNA 140,L1P,L
C00CC6,C-FEVT,AR11,AERONCA 11 Chief,L1P,L
C00DC6,C-FFFP,,,,
C00EC6,C-FFPL,AT8T,AIR TRACTOR AT-802,L1T,M
C00FC6,C-FFZH,C170,CESSNA 170,L1P,L
C010C6,C-FGJD,L8,LUSCOMBE 8,L1P,L
C011C6,C-FGSZ,P28A,PIPER PA-28-140/150/160/180,L1P,L
C012C6,C-FHCV,C172,CESSNA 172 Skyhawk,L1P,L
C013C6,C-FHMR,PA18,PIPER PA-18 Super Cub,L1P,L
C015C6,C-FIGJ,CL2T,CANADAIR CL-415 SuperScooper,A2T,M
C017C6,C-FJAB,DHC2,DE HAVILLAND DHC-2 Beaver,L1P,L
C018C6,C-FJJX,,,,
C01AC6,C-FKDP,J3,PIPER J-3 Cub,L1P,L
C01BC6,C-FKNL,PA22,PIPER PA-22,L1P,L
C01CC6,C-FKXH,C180,CESSNA  180 Skywagon,L1P,L
C01DC6,C-FLHD,J3,PIPER J-3 Cub,L1P,L
C01EC6,C-FLQZ,B38M,BOEING 737 MAX 8,L2J,M
C01FC6,C-FMAV,SW4,SWEARINGEN Metro,L2T,M
C020C6,C-FMKR,SA30,STOLP Starduster Too,L1P,L
C021C6,C-FMUN,B350,BEECHCRAFT Super King Air 350,L2T,M
C023C6,C-FNOF,C170,CESSNA 170,L1P,L
C024C6,C-FNYB,C175,CESSNA 175 Skylark,L1P,L
C025C6,C-FOHX,CH70,ZENAIR CH-701 Stol,L1P,L
C026C6,C-FORT,FORT,FLEET Fort,L1P,L
C027C6,C-FPBP,C120,CESSNA 120,L1P,L
C028C6,C-FPLL,C150,CESSNA 150,L1P,L
C029C6,C-FPVH,,,,
C02AC6,C-FQFD,,,,
C02BC6,C-FQOZ,P28A,PIPER PA-28-140/150/160/180,L1P,L
C02DC6,C-FRIR,C172,CESSNA 172 Skyhawk,L1P,L
C02EC6,C-FRSN,,,,
C030C6,C-FSMF,C175,CESSNA 175 Skylark,L1P,L
C032C6,C-FTFX,DHC6,DE HAVILLAND DHC-6 Twin Otter,L2T,L
C033C6,C-FTPT,PA24,PIPER PA-24 Comanche,L1P,L
C034C6,C-FTZP,ULAC,,L0-,-
C036C6,C-FUTH,C172,CESSNA 172 Skyhawk,L1P,L
C037C6,C-FVDD,BABY,CANADIAN HOME ROTORS Baby Belle,H1P,L
C038C6,C-FVMZ,CH7A,BELLANCA 7 Champion,L1P,L
C03AC6,C-FWGR,ZZZZ,,-0-,-
C03BC6,C-FWQN,L8,LUSCOMBE 8,L1P,L
C03CC6,C-FXAJ,C750,CESSNA 750 Citation 10,L2J,M
C03DC6,C-FXKF,C172,CESSNA 172 Skyhawk,L1P,L
C03FC6,C-FYDX,C172,CESSNA 172 Skyhawk,L1P,L
C040C6,C-FYNT,DHC2,DE HAVILLAND DHC-2 Beaver,L1P,L
C041C6,C-FYXP,T18,THORP Tiger,L1P,L
C042C6,C-FZHL,,,,
C043C6,C-FZRH,C172,CESSNA 172 Skyhawk,L1P,L
C044C6,C-GABD,C206,CESSNA  206 Stationair,L1P,L
C045C6,C-GAKZ,C172,CESSNA 172 Skyhawk,L1P,L
C046C6,C-GAUV,ULAC,,L0-,-
C047C6,C-GBER,J3,PIPER J-3 Cub,L1P,L
C049C6,C-GBYJ,RBEL,MURPHY Rebel,L1P,L
C04AC6,C-GCIF,BE77,BEECH 77 Skipper,L1P,L
C04BC6,C-GCSB,P28A,PIPER PA-28-140/150/160/180,L1P,L
C04CC6,C-GDBX,DHC2,DE HAVILLAND DHC-2 Beaver,L1P,L
C04DC6,C-GDLT,UT66,UTVA 66,L1P,L
C04EC6,C-GDVP,P28A,PIPER PA-28-140/150/160/180,L1P,L
C051C6,C-GEZD,A321,AIRBUS A-321,L2J,M
C052C6,C-GFIZ,C185,CESSNA 185 Skywagon,L1P,L
C053C6,C-GFSV,B190,BEECH 1900,L2T,M
C055C6,C-GGMN,DH8D,DE HAVILLAND DHC-8-400 Dash 8,L2T,M
C056C6,C-GGWJ,B737,BOEING 737-700,L2J,M
C057C6,C-GHGF,DC3,DOUGLAS DC-3 Dakota,L2P,M
C058C6,C-GHQB,BE23,BEECH 23 Sundowner,L1P,L
C059C6,C-GHZX,C172,CESSNA 172 Skyhawk,L1P,L
C05AC6,C-GIJT,C172,CESSNA 172 Skyhawk,L1P,L
C05BC6,C-GITP,A319,AIRBUS A-319,L2J,M
C05CC6,C-GJDL,P28R,PIPER PA-28R-180/200/201,L1P,L
C05DC6,C-GJNH,PA31,PIPER PA-31-300/310/325/350/425,L2P,L
C05FC6,C-GKGZ,RV6,VANS RV-6,L1P,L
C062C6,C-GLKN,C150,CESSNA 150,L1P,L
C063C6,C-GLUJ,C172,CESSNA 172 Skyhawk,L1P,L
C064C6,C-GMEF,PA25,PIPER PA-25 Pawnee,L1P,L
C065C6,C-GMOB,PA31,PIPER PA-31-300/310/325/350/425,L2P,L
C066C6,C-GMXX,ULAC,,L0-,-
C067C6,C-GNHT,C185,CESSNA 185 Skywagon,L1P,L
C068C6,C-GNRP,J3,PIPER J-3 Cub,L1P,L
C06AC6,C-GOLH,,,,
C06BC6,C-GOVD,AS50,AEROSPATIALE AS-350 Ecureuil,H1T,L
C06CC6,C-GPEZ,B06,BELL 206 JetRanger,H1T,L
C06EC6,C-GPYR,P28R,PIPER PA-28R-180/200/201,L1P,L
C071C6,C-GRCF,LA4,LAKE LA-4/200,A1P,L
C072C6,C-GRMB,BE35,BEECH 35 Starfire Bonanza,L1P,L
C074C6,C-GSFT,C172,CESSNA 172 Skyhawk,L1P,L
C075C6,C-GSPP,G164,GRUMMAN G-164 Ag-Cat,L1P,L
C077C6,C-GTJH,P28A,PIPER PA-28-140/150/160/180,L1P,L
C078C6,C-GTTD,AEST,AEROSTAR 600,L2P,L
C07AC6,C-GUMV,C172,CESSNA 172 Skyhawk,L1P,L
C07BC6,C-GUWR,C172,CESSNA 172 Skyhawk,L1P,L
C07CC6,C-GVGN,PA22,PIPER PA-22,L1P,L
C07DC6,C-GVQJ,BALL,,B0-,-
C07EC6,C-GWAF,C172,CESSNA 172 Skyhawk,L1P,L
C07FC6,C-GWKB,C172,CESSNA 172 Skyhawk,L1P,L
C080C6,C-GWTX,S61,SIKORSKY S-61 Sea King,H2T,M
C081C6,C-GXDT,C172,CESSNA 172 Skyhawk,L1P,L
C082C6,C-GXNP,AS55,AEROSPATIALE AS-355 Ecureuil 2,H2T,L
C083C6,C-GXXL,DHC2,DE HAVILLAND DHC-2 Beaver,L1P,L
C084C6,C-GYHH,C82R,CESSNA R182 Skylane RG,L1P,L
C085C6,C-GYRD,SW4,SWEARINGEN Metro,L2T,M
C086C6,C-GZAZ,GRIF,CANADA AIR RV Griffin,L1P,L
C088C6,C-GZUR,CL30,BOMBARDIER BD-100 Challenger 300,L2J,M
C08DC6,C-IBRX,ULAC,,L0-,-
C08EC6,C-ICBT,ULAC,,L0-,-
C08FC6,C-ICLP,ZZZZ,,-0-,-
C090C6,C-ICVL,CHIN,ASAP Chinook,L1P,L
C092C6,C-IDPD,PARA,,P0-,-
C093C6,C-IDYZ,ULAC,,L0-,-
C094C6,C-IEIV,PARA,,P0-,-
C095C6,C-IESR,KTOO,AMAX Karatoo,L1P,L
C096C6,C-IFCN,ULAC,,L0-,-
C097C6,C-IFMJ,ULAC,,L0-,-
C098C6,C-IFWF,ULAC,,L0-,-
C09BC6,C-IGZT,ULAC,,L0-,-
C09DC6,C-IHTL,BEVR,ASAP Beaver,L1P,L
C0A1C6,C-IJGV,COY2,RANS Coyote 2,L1P,L
C0A2C6,C-IJQR,PARA,,P0-,-
C0A3C6,C-IKAN,ULAC,,L0-,-
C0A4C6,C-IKKJ,ZZZZ,,-0-,-
C0A5C6,C-IKUF,ULAC,,L0-,-
C0A6C6,C-ILEB,CH70,ZENAIR CH-701 Stol,L1P,L
C0A7C6,C-ILNX,,,,
C0A8C6,C-ILXT,,,,
C0C4C6,C-IWNL,ULAC,,L0-,-
C1E4C6,SERV,SERV,,V0-,-
C1E9C6,SERV,SERV,,V0-,-
C801C6,ZK-CMP,CH7A,BELLANCA 7 Champion,L1P,L
C802C6,ZK-DGN,P28A,PIPER PA-28-140/150/160/180,L1P,L
C807C6,ZK-GCO,GLID,,L0-,-
C80AC6,ZK-DWX,C206,CESSNA  206 Stationair,L1P,L
C810C6,ZK-JMB,C172,CESSNA 172 Skyhawk,L1P,L
C811C6,ZK-CAC,D31,ROLLASON D-31 Turbulent,L1P,L
C812C6,ZK-CQB,FU24,FLETCHER FU-24,L1P,L
C814C6,ZK-HMP,H269,HUGHES Sky Knight,H1P,L
C815C6,ZK-SFL,FU24,FLETCHER FU-24,L1P,L
C816C6,ZK-DPT,BT36,BEECH B36TC Bonanza,L1P,L
C817C6,ZK-VAW,AP22,AEROPRACT A-22,L1P,L
C818C6,ZK-RCE,GYRO,,G0-,-
C819C6,ZK-HOX,R44,ROBINSON R-44 Raven,H1P,L
C81DC6,ZK-SPT,SASP,SUPERMARINE AIRCRAFT Spitfire Mk25/26,L1P,L
C81EC6,ZK-VMC,EUPA,Europa,L1P,L
C820C6,ZK-PDN,RV8,VANS RV-8,L1P,L
C822C6,ZK-KRA,SF34,SAAB 340,L2T,M
C828C6,ZK-SHH,VEZE,RUTAN VariEze,L1P,L
E034C6,LV-CSF,A343,AIRBUS A-340-300,L4J,H
E065C6,LV-FWF,BE40,BEECH 400 Beechjet,L2J,M
E072C6,LV-GKF,BE9L,BEECH 90 King Air,L2T,L
E082C6,LV-HKF,C208,CESSNA 208 Caravan,L1T,L
E0A5C6,LV-JWF,C150,CESSNA 150,L1P,L
E0B1C6,LV-KGF,BE30,BEECH 300 Super King Air,L2T,L
E0D3C6,LV-MOF,P32T,PIPER PA-32RT-300/300T,L1P,L
E174C6,LV-WSF,SS2T,TRUSH Turbo Thrush 500/550,L1T,L
E482C6,PT-MXE,A321,AIRBUS A-321,L2J,M
E485C6,PR-WBW,LJ60,LEARJET 60,L2J,M
E48AC6,PR-TKJ,AT76,ATR-72-600,L2T,M
E48EC6,PR-TYF,A320,AIRBUS A-320,L2J,M
E490C6,PU-ZAT,RV9,VANS RV-9,L1P,L
E491C6,PP-WSR,GLF6,GULFSTREAM G650,L2J,M
E495C6,PR-GEQ,B737,BOEING 737-700,L2J,M
E496C6,PS-FSR,GLF5,GULFSTREAM 5,L2J,M
E497C6,PS-CEC,BE9L,BEECH 90 King Air,L2T,L
E803C6,CC-ARN,RJ1H,AVRO RJ-100 Avroliner,L4J,M
E8CFC6,FAP-332,C27J,ALENIA C-27J Spartan,L2T,M
