0081CB,ZS-ARA,LJ35,LEARJET 35,L2J,M
0093CB,ZS-HMG,R44,ROBINSON R-44 Raven,H1P,L
00A8CB,ZS-PLA,C182,CESSNA 182 Skylane,L1P,L
00B0CB,ZS-SLU,C172,CESSNA 172 Skyhawk,L1P,L
0100CB,SU-BNJ,BE20,BEECH 200 Super King Air,L2T,M
0101CB,SU-TMI,B738,BOEING 737-800,L2J,M
0200CB,CN-RGB,B788,BOEING 787-8 Dreamliner,L2J,H
02A1CB,TS-IOL,B736,BOEING 737-600,L2J,M
04C0CB,5Y-GOK,C208,CESSNA 208 Caravan,L1T,L
04C1CB,5Y-JWG,F50,FOKKER 50,L2T,M
0641CB,5N-SYS,B735,BOEING 737-500,L2J,M
0642CB,5N-BZT,E145,EMBRAER ERJ-145,L2J,M
06A1CB,A7-CGF,GLF6,GULFSTREAM G650,L2J,M
0700CB,6V-AGL,TAMP,SOCATA TB-9 Tampico,L1P,L
08CBCB,9Q-CDC,B721,BOEING 727-100,L3J,M
08CECB,9S-ABI,A320,AIRBUS A-320,L2J,M
0900CB,D2-EBP,E145,EMBRAER ERJ-145,L2J,M
0AC0CB,FAC1282,C295,CASA C-295 Persuader,L2T,M
0AC3CB,HK-5274,A320,AIRBUS A-320,L2J,M
0C20CB,HP-1920,BE20,BEECH 200 Super King Air,L2T,M
0D05CB,XA-MRC,A30B,AIRBUS A-300-200,L2J,H
0D09CB,XA-MRM,SU95,SUKHOI Superjet 100-95,L2J,M
0D0ACB,XA-UZS,AT76,ATR-72-600,L2T,M
0D0BCB,XA-RFH,BE9L,BEECH 90 King Air,L2T,L
0D80CB,YV2823,B732,BOEING 737-200,L2J,M
0D81CB,YV2924,BE20,BEECH 200 Super King Air,L2T,M
0D83CB,YV3481,C650,CESSNA 650 Citation,L2J,M
140ACB,RA-02763,E35L,EMBRAER EMB-135 Legacy,L2J,M
1467CB,RA-26571,AN26,ANTONOV An-26,L2T,M
1501CB,RA-65995,T134,TUPOLEV Tu-134,L2J,M
151DCB,RA-73163,A321,AIRBUS A-321,L2J,M
151ECB,RA-73419,A320,AIRBUS A-320,L2J,M
151FCB,RA-73675,A319,AIRBUS A-319,L2J,M
152BCB,RF-76747,,,,
155BCB,RA-89035,SU95,SUKHOI Superjet 100-95,L2J,M
3002CB,I-ZACK,C560,CESSNA 560 Citation Ultra,L2J,M
3005CB,I-BPAC,B734,BOEING 737-400,L2J,M
3007CB,I-ALYD,F260,AERMACCHI SF-260,L1P,L
31DCCB,I-6305,PNR3,ALPI Pioneer 330,L1P,L
31DDCB,I-D154,NG5,BRM AERO NG-5/6 Bristell,L1P,L
31DECB,I-D679,VL3,AVEKO Flamingo,L1P,L
33FFCB,MM55082,M339,AERMACCHI MB-339,L1J,L
3420CB,EC-IZH,A320,AIRBUS A-320,L2J,M
3425CB,EC-KBS,P68,PARTENAVIA P-68 Observer,L2P,L
3442CB,EC-LRR,AT76,ATR-72-600,L2T,M
3444CB,EC-MAO,A320,AIRBUS A-320,L2J,M
3445CB,EC-MBP,A139,AGUSTA AW-139,H2T,L
3453CB,EC-MQH,A320,AIRBUS A-320,L2J,M
3455CB,EC-MSS,C56X,CESSNA 560XL Citation XLS,L2J,M
3460CB,EC-MUP,BE20,BEECH 200 Super King Air,L2T,M
3461CB,EC-NCX,A359,AIRBUS A-350-900,L2J,H
3463CB,EC-NGX,C510,CESSNA 510 Citation Mustang,L2J,L
3465CB,EC-NNP,AS50,AEROSPATIALE AS-350 Ecureuil,H1T,L
3532CB,T.23-03,A400,AIRBUS A-400M,L4T,H
3571CB,E.27-11,PC21,PILATUS PC-21,L1T,L
3593CB,HE.26-22,EC35,AIRBUS HELICOPTERS EC-135/635,H2T,L
380CCB,F-BDGL,SV4,NORD SV-4,L1P,L
3828CB,F-BKGL,DR10,CENTRE EST Ambassadeur,L1P,L
3850CB,F-BUGL,RALL,SOCATA Rallye,L1P,L
3905CB,F-GBOL,GLEX,BOMBARDIER BD-700 Global 6000/6500,L2J,M
3908CB,F-GCGL,ALO2,SUD Alouette 2,H1T,L
3918CB,F-GGGL,M20P,MOONEY M-20,L1P,L
3944CB,F-GRGL,E145,EMBRAER ERJ-145,L2J,M
394DCB,F-GTOL,BALL,,B0-,-
3950CB,F-GUGL,A318,AIRBUS A-318,L2J,M
395CCB,F-GXGL,DR40,ROBIN DR-400,L1P,L
3980CB,F-HAGL,BT36,BEECH B36TC Bonanza,L1P,L
398CCB,F-HDGL,DA40,DIAMOND DA-40 Club Star,L1P,L
39B9CB,F-HOOL,C172,CESSNA 172 Skyhawk,L1P,L
39C9CB,F-HSOL,DR40,ROBIN DR-400,L1P,L
3AAACB,F-MEAX,NH90,NHI NH-90,H2T,M
3AABCB,5591,AS55,AEROSPATIALE AS-355 Ecureuil 2,H2T,L
3B76CB,F-RAVN,AS55,AEROSPATIALE AS-355 Ecureuil 2,H2T,L
3B77CB,071,CN35,CASA CN-235 Persuader,L2T,M
3C0ACB,D-ATCG,A321,AIRBUS A-321,L2J,M
3C17CB,D-AYAG,A21N,AIRBUS A-321neo,L2J,M
3C1CCB,D-AZXM,A21N,AIRBUS A-321neo,L2J,M
3C49CB,D-ABNK,A320,AIRBUS A-320,L2J,M
3C4ACB,D-ABVK,B744,BOEING 747-400,L4J,H
3C4DCB,D-ACNK,CRJ9,BOMBARDIER Regional Jet CRJ-900,L2J,M
3C65CB,D-AINK,A20N,AIRBUS A-320neo,L2J,M
3C68CB,D-AJFK,A333,AIRBUS A-330-300,L2J,H
3C6DCB,D-AKNK,A319,AIRBUS A-319,L2J,M
3C70CB,D-ALFK,B77L,BOEING 777-200LR,L2J,H
3D05CB,D-EALF,DR40,ROBIN DR-400,L1P,L
3D06CB,D-EAVB,BE33,BEECH 33 Bonanza,L1P,L
3D08CB,D-EBOT,A210,AQUILA A-210,L1P,L
3D09CB,D-EBYP,M6,MAULE M-6,L1P,L
3D0ACB,D-ECIL,AUS5,AUSTER AOP5,L1P,L
3D0DCB,D-EDLZ,C172,CESSNA 172 Skyhawk,L1P,L
3D0FCB,D-EEFR,C172,CESSNA 172 Skyhawk,L1P,L
3D10CB,D-EEPN,DO27,DORNIER Do-27,L1P,L
3D13CB,D-EFTB,PA18,PIPER PA-18 Super Cub,L1P,L
3D15CB,D-EGMT,C182,CESSNA 182 Skylane,L1P,L
3D19CB,D-EIAD,WT9,AEROSPOOL WT-9 Dynamic,L1P,L
3D20CB,D-EKRB,C150,CESSNA 150,L1P,L
3D21CB,D-ELAX,FDCT,FLIGHT DESIGN CT,L1P,L
3D22CB,D-ELKT,C172,CESSNA 172 Skyhawk,L1P,L
3D23CB,D-ELUP,C172,CESSNA 172 Skyhawk,L1P,L
3D25CB,D-EMOH,M20P,MOONEY M-20,L1P,L
3D28CB,D-ENRV,RV7,VANS RV-7,L1P,L
3D29CB,D-EOBR,DR30,CENTRE EST Prince,L1P,L
3D31CB,D-ERCL,BOLT,STEEN Skybolt,L1P,L
3D32CB,D-ERMH,C182,CESSNA 182 Skylane,L1P,L
3D38CB,D-ETTJ,S22T,CIRRUS SR-22T Turbo,L1P,L
3D3ECB,D-EWAL,DA40,DIAMOND DA-40 Club Star,L1P,L
3D46CB,D-EZBF,BU31,BUCKER Bu-131 Jungmann,L1P,L
3DA5CB,D-GJAP,P68,PARTENAVIA P-68 Observer,L2P,L
3DD2CB,D-HABR,EC35,AIRBUS HELICOPTERS EC-135/635,H2T,L
3DD3CB,D-HALN,R44,ROBINSON R-44 Raven,H1P,L
3DD6CB,D-HBPB,EC35,AIRBUS HELICOPTERS EC-135/635,H2T,L
3E1BCB,D-IBSL,E50P,EMBRAER EMB-500 Phenom 100,L2J,L
3E1DCB,D-ICMD,C25A,CESSNA 525A Citation CJ2,L2J,L
3E5DCB,D-KASH,SF25,SCHEIBE SF-25 Falke,L1P,L
3E5ECB,D-KBCD,SF25,SCHEIBE SF-25 Falke,L1P,L
3E65CB,D-KDTB,G109,GROB G-109,L1P,L
3E71CB,D-KIHF,GLID,,L0-,-
3E72CB,D-KIRB,GLID,,L0-,-
3E78CB,D-KKYD,AS25,SCHLEICHER ASH-25,L1P,L
3E7BCB,D-KMBR,GLID,,L0-,-
3E7CCB,D-KMLN,GLID,,L0-,-
3EC2CB,D-KOSP,ARCP,SCHEMPP-HIRTH Arcus M,L1P,L
3ECBCB,D-KSDF,TFUN,VALENTIN Taifun,L1P,L
3ECECB,D-KTGT,AS26,SCHLEICHER ASH-26,L1P,L
3ED4CB,D-KVNV,AS25,SCHLEICHER ASH-25,L1P,L
3EE7CB,D-1844,GLID,,L0-,-
3EE9CB,D-2356,GLID,,L0-,-
3EEBCB,D-2868,DISC,SCHEMPP-HIRTH Discus,L1P,L
3EEDCB,D-3380,GLID,,L0-,-
3F01CB,D-8500,GLID,,L0-,-
3F29CB,D-OBST,BALL,,B0-,-
3FC1CB,D-OKVB,BALL,,B0-,-
3FCCCB,D-OOZJ,BALL,,B0-,-
3FEACB,D-MRWE,DAL4,DALLACH D-4 Fascination,L1P,L
3FEBCB,D-MALP,PNR2,ALPI Pioneer 200,L1P,L
3FECCB,D-MSZC,CDUS,AUTOGYRO Calidus,G1P,L
3FEDCB,D-MBIZ,C42,IKARUS C-42 Bison,L1P,L
3FEECB,D-MFMM,FDCT,FLIGHT DESIGN CT,L1P,L
3FEFCB,D-MFWC,MM24,MAGNI M-24 Orion,G1P,L
3FF0CB,D-MDIC,MT,ROTORSPORT MTOSport,G1P,L
3FF2CB,D-MRIO,CH60,ZENAIR CH-600 Zodiac,L1P,L
3FF3CB,D-MNEE,GYRO,,G0-,-
3FF4CB,D-MOKM,ECHO,TECNAM P-92 Echo,L1P,L
4005CB,G-BAOU,AA5,AMERICAN AA-5 Tiger,L1P,L
4008CB,G-OZBS,A321,AIRBUS A-321,L2J,M
4009CB,G-FRAI,FA20,DASSAULT Falcon 200,L2J,M
400BCB,G-EJTC,R44,ROBINSON R-44 Raven,H1P,L
400FCB,G-PURL,P32R,PIPER PA-32R-300/301/301T,L1P,L
4010CB,G-BLWF,HR10,ROBIN HR-100,L1P,L
4012CB,G-SKRG,SKRA,BEST OFF Sky Ranger,L1P,L
4014CB,G-AOTR,DHC1,DE HAVILLAND DHC-1 Chipmunk,L1P,L
4016CB,G-AVER,C150,CESSNA 150,L1P,L
401ACB,G-BBHK,T6,NORTH AMERICAN T-6 Texan,L1P,L
401CCB,G-BFAX,DHC1,DE HAVILLAND DHC-1 Chipmunk,L1P,L
401DCB,G-BGPB,T6,NORTH AMERICAN T-6 Texan,L1P,L
401ECB,G-BICD,AUS5,AUSTER AOP5,L1P,L
4021CB,G-FLPI,AC11,NORTH AMERICAN ROCKWELL Commander 112/114,L1P,L
4022CB,G-JESS,P28S,PIPER PA-28R-201T,L1P,L
4025CB,G-RNHF,FURY,HAWKER Fury,L1P,L
4028CB,G-BNEL,P28A,PIPER PA-28-140/150/160/180,L1P,L
402ECB,G-BUCT,C150,CESSNA 150,L1P,L
4036CB,G-BUON,AVID,AVID Flyer,L1P,L
403ACB,G-BWEY,GYRO,,G0-,-
4041CB,G-OKCP,BALL,,B0-,-
4043CB,G-TAMS,BE23,BEECH 23 Sundowner,L1P,L
4044CB,G-BZSB,PTS1,PITTS S-1 Special,L1P,L
4045CB,G-CBCB,BDOG,BRITISH AEROSPACE SA-3 Bulldog,L1P,L
4047CB,G-CEEN,P28A,PIPER PA-28-140/150/160/180,L1P,L
4048CB,G-CDDM,BALL,,B0-,-
4049CB,G-TORC,P28R,PIPER PA-28R-180/200/201,L1P,L
404ACB,G-CCOW,ULAC,,L0-,-
404BCB,G-VVBR,R22,ROBINSON R-22 Mariner,H1P,L
404DCB,G-OJAG,C172,CESSNA 172 Skyhawk,L1P,L
404ECB,G-CDUK,C42,IKARUS C-42 Bison,L1P,L
4052CB,G-CJCG,GLID,,L0-,-
4053CB,G-YAKF,YK52,YAKOVLEV Yak-52,L1P,L
4054CB,G-EECC,WT9,AEROSPOOL WT-9 Dynamic,L1P,L
4056CB,G-GRZZ,R44,ROBINSON R-44 Raven,H1P,L
405BCB,G-DFEB,GLID,,L0-,-
405ECB,G-OMRP,FDCT,FLIGHT DESIGN CT,L1P,L
4060CB,G-CFZT,ULAC,,L0-,-
4065CB,G-YTLY,COY2,RANS Coyote 2,L1P,L
4066CB,G-CHAU,BALL,,B0-,-
4068CB,G-GDFM,B733,BOEING 737-300,L2J,M
4069CB,G-LOWE,SRAI,GREAT PLAINS Sonerai,L1P,L
406ACB,G-CIDF,MT,ROTORSPORT MTOSport,G1P,L
406CCB,G-CIJZ,CH75,ZENAIR CH-750 Cruzer,L1P,L
406ECB,G-CIRZ,C42,IKARUS C-42 Bison,L1P,L
4075CB,G-CKWX,C42,IKARUS C-42 Bison,L1P,L
4076CB,G-CKZV,P28A,PIPER PA-28-140/150/160/180,L1P,L
4079CB,G-OVEY,RV7,VANS RV-7,L1P,L
407ACB,G-GFCE,P28A,PIPER PA-28-140/150/160/180,L1P,L
407CCB,G-UXLA,LJ40,LEARJET 40,L2J,M
4240CB,VP-BHJ,A319,AIRBUS A-319,L2J,M
4243CB,VQ-BVK,B738,BOEING 737-800,L2J,M
4244CB,VQ-BXK,B77W,BOEING 777-300ER,L2J,H
4245CB,VP-CMV,FA7X,DASSAULT Falcon 7X,L3J,M
4247CB,VP-CPB,EC45,AIRBUS HELICOPTERS EC-145,H2T,L
4248CB,VP-CTT,B737,BOEING 737-700,L2J,M
4249CB,VQ-BJV,B735,BOEING 737-500,L2J,M
424BCB,M-MWYL,A333,AIRBUS A-330-300,L2J,H
43C4CB,ZD982,H47,BOEING-VERTOL CH-47 Chinook,H2T,M
43C5CB,XX449,GAZL,AEROSPATIALE SA-341 Gazelle,H1T,L
43C6CB,ZK315,EUFI,EUROFIGHTER 2000,L2J,M
43C8CB,ZM324,TEX2,BEECHCRAFT T-6 Texan 2,L1T,L
43ECCB,2-ACUA,A332,AIRBUS A-330-200,L2J,H
4401CB,OE-AGO,PA18,PIPER PA-18 Super Cub,L1P,L
4402CB,OE-9408,DIMO,DIAMOND H-36 Dimona,L1P,L
4405CB,OE-XCU,R44,ROBINSON R-44 Raven,H1P,L
4406CB,OE-HEY,F2TH,DASSAULT Falcon 2000,L2J,M
4407CB,OE-CWR,C150,CESSNA 150,L1P,L
4408CB,OE-FAG,C25A,CESSNA 525A Citation CJ2,L2J,L
4409CB,OE-XCR,R44,ROBINSON R-44 Raven,H1P,L
440BCB,OE-LNR,B752,BOEING 757-200,L2J,M
4490CB,OO-DFK,PA38,PIPER PA-38 Tomahawk,L1P,L
44A7CB,OO-I15,VL3,AVEKO Flamingo,L1P,L
44ADCB,OO-KNK,TB20,SOCATA TB-20 Trinidad,L1P,L
44CCCB,OO-SFK,A333,AIRBUS A-330-300,L2J,H
44CDCB,OO-SNK,A320,AIRBUS A-320,L2J,M
44CECB,OO-SVK,HR20,ROBIN HR-200,L1P,L
44D2CB,OO-TVK,P32R,PIPER PA-32R-300/301/301T,L1P,L
451CCB,LZ-CEA,A109,AGUSTA AW-109 Grand,H2T,L
4520CB,LZ-DAZ,B738,BOEING 737-800,L2J,M
4586CB,OY-AVK,KZ7,SAI KZ-7,L1P,L
4588CB,OY-BFK,C172,CESSNA 172 Skyhawk,L1P,L
4591CB,OY-DNK,BE35,BEECH 35 Starfire Bonanza,L1P,L
45A1CB,OY-HNK,EC35,AIRBUS HELICOPTERS EC-135/635,H2T,L
45CACB,OY-RVK,RV8,VANS RV-8,L1P,L
45D0CB,OY-TFK,P28A,PIPER PA-28-140/150/160/180,L1P,L
45E4CB,OY-YFK,DH8D,DE HAVILLAND DHC-8-400 Dash 8,L2T,M
4613CB,OH-HMX,EC35,AIRBUS HELICOPTERS EC-135/635,H2T,L
4619CB,OH-JTZ,B737,BOEING 737-700,L2J,M
4692CB,SX-DVK,A320,AIRBUS A-320,L2J,M
470ACB,HA-ECH,EC35,AIRBUS HELICOPTERS EC-135/635,H2T,L
473CCB,HA-XAP,GPRO,GENEVATION GenPro,L1P,L
477FCB,R-904,EXPL,MCDONNELL-DOUGLAS MD-900 Explorer,H2T,L
4783CB,LN-OOH,EC35,AIRBUS HELICOPTERS EC-135/635,H2T,L
4784CB,LN-NFA,C182,CESSNA 182 Skylane,L1P,L
4785CB,LN-AED,C172,CESSNA 172 Skyhawk,L1P,L
4786CB,LN-DDD,DEFI,RUTAN 40 Defiant,L2P,L
4841CB,PH-NZV,S76,SIKORSKY S-76 Spirit,H2T,L
4845CB,PH-HBL,B738,BOEING 737-800,L2J,M
4847CB,PH-RKJ,BALL,,B0-,-
4848CB,PH-ALI,C150,CESSNA 150,L1P,L
484ACB,PH-EZA,E190,EMBRAER ERJ-190-100,L2J,M
484BCB,PH-GRF,BALL,,B0-,-
484CCB,PH-SCP,RV9,VANS RV-9,L1P,L
484ECB,PH-2W3,ULAC,,L0-,-
484FCB,PH-TOJ,BALL,,B0-,-
4850CB,PH-WTP,BALL,,B0-,-
4851CB,PH-1IY,ZZZZ,,-0-,-
4853CB,PH-1RD,ZZZZ,,-0-,-
4855CB,PH-2KQ,ZZZZ,,-0-,-
4856CB,PH-2QR,ZZZZ,,-0-,-
4863CB,PH-1655,GLID,,L0-,-
489ECB,SP-HXM,EC35,AIRBUS HELICOPTERS EC-135/635,H2T,L
48A5CB,SP-KOL,C152,CESSNA 152,L1P,L
48B1CB,SP-MOL,C172,CESSNA 172 Skyhawk,L1P,L
48B9CB,SP-OOL,C172,CESSNA 172 Skyhawk,L1P,L
48BDCB,SP-POL,P06T,TECNAM P-2006T,L2P,L
48C5CB,SP-SOL,SR22,CIRRUS SR-22,L1P,L
48C9CB,SP-TOL,XA42,XTREMAIR XA-42,L1P,L
48D1CB,SP-WOL,R44,ROBINSON R-44 Raven,H1P,L
48E1CB,SP-VOL,B407,BELL 407,H1T,L
48FDCB,SP-SPOL,ECHO,TECNAM P-92 Echo,L1P,L
4910CB,CS-DFK,F2TH,DASSAULT Falcon 2000,L2J,M
4951CB,CS-TNK,A320,AIRBUS A-320,L2J,M
4952CB,CS-TVK,A20N,AIRBUS A-320neo,L2J,M
49C1CB,OK-PNK,Z42,ZLIN Z-42/142/242,L1P,L
49D0CB,OK-TEK,C150,CESSNA 150,L1P,L
49D1CB,OK-ELP,C172,CESSNA 172 Skyhawk,L1P,L
49D3CB,OK-DLA,SIRA,TECNAM P-2002 Sierra,L1P,L
4A0ACB,YR-BVK,IR46,IAR 46 Katty,L1P,L
4AA9CB,SE-JNK,B407,BELL 407,H1T,L
4AB1CB,SE-LNK,M20T,MOONEY M-20T,L1P,L
4ADACB,SE-VVK,NG5,BRM AERO NG-5/6 Bristell,L1P,L
4AE0CB,SE-XFK,GLAS,Glasair,L1P,L
4B05CB,HB-CFB,C72R,CESSNA 172R Cutlass RG,L1P,L
4B07CB,HB-CYT,C172,CESSNA 172 Skyhawk,L1P,L
4B14CB,HB-HWT,PC21,PILATUS PC-21,L1T,L
4B19CB,HB-JTZ,CL60,BOMBARDIER CL-600 Challenger,L2J,M
4B1ACB,HB-KDV,DR40,ROBIN DR-400,L1P,L
4B25CB,HB-OID,P28R,PIPER PA-28R-180/200/201,L1P,L
4B26CB,HB-ORZ,PA18,PIPER PA-18 Super Cub,L1P,L
4B27CB,HB-PBV,P28A,PIPER PA-28-140/150/160/180,L1P,L
4B2BCB,HB-QPF,BALL,,B0-,-
4B2FCB,HB-SCP,DV20,DIAMOND DA-20,L1P,L
4B39CB,HB-VXB,PC24,PILATUS PC-24,L2J,M
4B43CB,HB-ZRN,A109,AGUSTA AW-109 Grand,H2T,L
4B47CB,HB-804,GLID,,L0-,-
4B4BCB,HB-1828,GLID,,L0-,-
4B4CCB,HB-2084,G109,GROB G-109,L1P,L
4B4DCB,HB-2340,DG80,DG FLUGZEUGBAU DG-800,L1P,L
4B50CB,HB-3108,GLID,,L0-,-
4B5CCB,PARROTLO,TWR,,T0-,-
4B7FCB,T-359,EC35,AIRBUS HELICOPTERS EC-135/635,H2T,L
4B85CB,TC-ANK,A318,AIRBUS A-318,L2J,M
4B95CB,TC-ENK,H25B,HAWKER BEECHCRAFT Hawker 750/850,L2J,M
4BA2CB,TC-HVK,A139,AGUSTA AW-139,H2T,L
4BA8CB,TC-JFK,B738,BOEING 737-800,L2J,M
4BA9CB,TC-JNK,A333,AIRBUS A-330-300,L2J,H
4BAACB,TC-JVK,B738,BOEING 737-800,L2J,M
4BADCB,TC-KNK,F2TH,DASSAULT Falcon 2000,L2J,M
4CA2CB,EI-DER,A320,AIRBUS A-320,L2J,M
4CA4CB,EI-FLM,B738,BOEING 737-800,L2J,M
4CA9CB,EI-LRD,A21N,AIRBUS A-321neo,L2J,M
4CAACB,EI-EZX,PA22,PIPER PA-22,L1P,L
4CAFCB,EI-GHB,B734,BOEING 737-400,L2J,M
4D00CB,LX-LGH,DH8D,DE HAVILLAND DHC-8-400 Dash 8,L2T,M
4D03CB,LX-N90453,E3TF,BOEING E-3 Sentry (TF33),L4J,H
4D20CB,9H-VFE,CL60,BOMBARDIER CL-600 Challenger,L2J,M
4D23CB,9H-CGC,A321,AIRBUS A-321,L2J,M
5002CB,T7-RDC,B739,BOEING 737-900,L2J,M
502CCB,YL-IES,C404,CESSNA 404 Titan,L2P,L
503CCB,LY-LML,C172,CESSNA 172 Skyhawk,L1P,L
506DCB,S5-DMG,C152,CESSNA 152,L1P,L
5080CB,UR-CQU,B734,BOEING 737-400,L2J,M
5081CB,UR-DNO,E145,EMBRAER ERJ-145,L2J,M
5083CB,UR-CQT,B733,BOEING 737-300,L2J,M
50FFCB,10YELLOW,EC25,AIRBUS HELICOPTERS EC-225/725,H2T,M
7010CB,VH-DLP,BE23,BEECH 23 Sundowner,L1P,L
70C0CB,A4O-BK,B739,BOEING 737-900,L2J,M
717CCB,HZ-NS46,A20N,AIRBUS A-320neo,L2J,M
730CCB,EP-CFK,F100,FOKKER 100,L2J,M
7335CB,EP-MNK,A306,AIRBUS A-300-600,L2J,H
7380CB,4X-EDM,B789,BOEING 787-9 Dreamliner,L2J,H
7394CB,4X-CEH,C172,CESSNA 172 Skyhawk,L1P,L
7502CB,9M-FLY,R66,ROBINSON R-66,H1T,L
7503CB,9M-FIF,AT76,ATR-72-600,L2T,M
7504CB,9M-WBA,A139,AGUSTA AW-139,H2T,L
7585CB,RP-C7292,AT76,ATR-72-600,L2T,M
7608CB,AP-BFK,F406,CESSNA F406 Caravan 2,L2T,L
76BCCB,9V-OFK,B788,BOEING 787-8 Dreamliner,L2J,H
76CCCB,9V-SFK,B744,BOEING 747-400,L4J,H
76E4CB,9V-YFK,DA40,DIAMOND DA-40 Club Star,L1P,L
7800CB,B-001A,C919,COMAC C-919,L2J,M
7801CB,B-LAF,A333,AIRBUS A-330-300,L2J,H
7802CB,B-6301,A320,AIRBUS A-320,L2J,M
7803CB,B-8129,G200,AKROTECH G-200,L1P,L
7804CB,B-5387,B738,BOEING 737-800,L2J,M
7805CB,B-2882,B734,BOEING 737-400,L2J,M
7806CB,B-3566,CL60,BOMBARDIER CL-600 Challenger,L2J,M
7807CB,B-6822,A320,AIRBUS A-320,L2J,M
7808CB,B-2033,B77W,BOEING 777-300ER,L2J,H
780BCB,B-1921,B738,BOEING 737-800,L2J,M
780CCB,B-1700,B738,BOEING 737-800,L2J,M
780ECB,B-6995,B738,BOEING 737-800,L2J,M
780FCB,B-8550,A332,AIRBUS A-330-200,L2J,H
7810CB,B-1593,B738,BOEING 737-800,L2J,M
7811CB,B-005U,A359,AIRBUS A-350-900,L2J,H
7812CB,B-1366,B738,BOEING 737-800,L2J,M
7815CB,B-304X,A20N,AIRBUS A-320neo,L2J,M
7817CB,B-30AT,A20N,AIRBUS A-320neo,L2J,M
781ACB,B-125E,AURA,SUNWARD Aurora S60/70,L1P,L
781BCB,B-129K,SR20,CIRRUS SR-20,L1P,L
7C06CB,VH-BML,C210,CESSNA 201 Centurion,L1P,L
7C12CB,VH-DZX,C310,CESSNA 310,L2P,L
7C16CB,VH-ESD,B412,BELL 412,H2T,L
7C2BCB,VH-IXP,PA31,PIPER PA-31-300/310/325/350/425,L2P,L
7C32CB,VH-KBH,R44,ROBINSON R-44 Raven,H1P,L
7C34CB,VH-KPP,RV6,VANS RV-6,L1P,L
7C3ACB,VH-LWD,RV7,VANS RV-7,L1P,L
7C3FCB,VH-MVX,BE20,BEECH 200 Super King Air,L2T,M
7C4CCB,VH-PGD,PA32,PIPER PA-32,L1P,L
7C58CB,VH-RTP,BN2P,BRITTEN-NORMAN BN-2 Islander,L2P,L
7C60CB,VH-TEL,SR20,CIRRUS SR-20,L1P,L
7C61CB,VH-TLP,BE55,BEECH 55 Baron,L2P,L
7C62CB,VH-TST,RV4,VANS RV-4,L1P,L
7C68CB,VH-UZH,E190,EMBRAER ERJ-190-100,L2J,M
7C6BCB,VH-VKT,P208,TECNAM P-2008,L1P,L
7C6CCB,VH-VRX,RV10,VANS RV-10,L1P,L
7C70CB,VH-WKD,B06,BELL 206 JetRanger,H1T,L
7C74CB,VH-XCT,LNC2,LANCAIR 200-320,L1P,L
7C79CB,VH-YCD,CT4,PACIFIC AEROSPACE CT-4 Airtrainer,L1P,L
7C7ACB,VH-YJH,C172,CESSNA 172 Skyhawk,L1P,L
7C7CCB,VH-YXP,EXPR,EXPRESS 2000,L1P,L
7CC4CB,23-1693,JAB4,JABIRU J200-450,L1P,L
7CF7CB,SSM2,TWR,,T0-,-
7CF9CB,A47-001,P8,BOEING P-8 Poseidon,L2J,M
8002CB,K3601,E35L,EMBRAER EMB-135 Legacy,L2J,M
800CCB,VT-IVK,A20N,AIRBUS A-320neo,L2J,M
800FCB,VT-SXD,B738,BOEING 737-800,L2J,M
8013CB,VT-IJW,A20N,AIRBUS A-320neo,L2J,M
8465CB,JA139M,A139,AGUSTA AW-139,H2T,L
8477CB,JA18AR,AS65,AEROSPATIALE AS-365 Dauphin 2,H2T,L
84B3CB,JA201R,P28R,PIPER PA-28R-180/200/201,L1P,L
85D3CB,JA557H,EC35,AIRBUS HELICOPTERS EC-135/635,H2T,L
8832CB,HS-LVK,B739,BOEING 737-900,L2J,M
8880CB,VN-A560,A320,AIRBUS A-320,L2J,M
8881CB,VN-A488,FA8X,DASSAULT Falcon 8X,L3J,M
8963CB,A6-AOA,A320,AIRBUS A-320,L2J,M
8965CB,A6-RJA,B737,BOEING 737-700,L2J,M
8990CB,B-16310,A332,AIRBUS A-330-200,L2J,H
8A01CB,PK-LGJ,B739,BOEING 737-900,L2J,M
8A02CB,PK-AXU,A320,AIRBUS A-320,L2J,M
A000CB,N1JA,P210,CESSNA P210 Centurion,L1P,L
A001CB,N1UG,P32R,PIPER PA-32R-300/301/301T,L1P,L
A003CB,N10QT,,,,
A005CB,N100MD,C340,CESSNA 340 Super,L2P,L
A006CB,N100XK,T6,NORTH AMERICAN T-6 Texan,L1P,L
A008CB,N101DW,P32R,PIPER PA-32R-300/301/301T,L1P,L
A00ACB,N1010H,AR15,AERONCA 15 Sedan,L1P,L
A00BCB,N1017U,BU31,BUCKER Bu-131 Jungmann,L1P,L
A00DCB,N102T,PA18,PIPER PA-18 Super Cub,L1P,L
A00ECB,N1022L,LA4,LAKE LA-4/200,A1P,L
A00FCB,N1029X,PA32,PIPER PA-32,L1P,L
A010CB,N103KS,C172,CESSNA 172 Skyhawk,L1P,L
A01ACB,N1058V,C172,CESSNA 172 Skyhawk,L1P,L
A01ECB,N107AX,S22T,CIRRUS SR-22T Turbo,L1P,L
A01FCB,N107MC,PA46,PIPER PA-46-310/350,L1P,L
A025CB,N1087T,COL4,CESSNA 400 Corvalis TT,L1P,L
A029CB,N1099W,BE36,BEECH 36 Bonanza,L1P,L
A02ACB,N11KR,T210,CESSNA T210 Turbo Centurion,L1P,L
A02BCB,N11VX,SWAK,WARNER Sportster,L1P,L
A030CB,N111K,BE35,BEECH 35 Starfire Bonanza,L1P,L
A031CB,N111VF,T210,CESSNA T210 Turbo Centurion,L1P,L
A032CB,N11137,E45X,EMBRAER ERJ-145XR,L2J,M
A034CB,N112MY,GLEX,BOMBARDIER BD-700 Global 6000/6500,L2J,M
A036CB,N1126,,,,
A03ACB,N1138C,PA22,PIPER PA-22,L1P,L
A03ECB,N115AE,PTS1,PITTS S-1 Special,L1P,L
A040CB,N115WS,SA30,STOLP Starduster Too,L1P,L
A043CB,N116PJ,LJ45,LEARJET 45,L2J,M
A045CB,N1167A,BE30,BEECH 300 Super King Air,L2T,L
A046CB,N117GA,C97,BOEING C-97 Stratofreighter,L4P,M
A048CB,N11713,,,,
A050CB,N11959,C150,CESSNA 150,L1P,L
A054CB,N120MF,SYMP,OMF Symphony,L1P,L
A056CB,N1205T,P28A,PIPER PA-28-140/150/160/180,L1P,L
A05CCB,N122TB,SREY,PROGRESSIVE AERODYNE SeaRey,A1P,L
A05DCB,N1222N,ST75,STEARMAN Kaydet,L1P,L
A05ECB,N1229Z,C208,CESSNA 208 Caravan,L1T,L
A061CB,N1234R,RV4,VANS RV-4,L1P,L
A065CB,N1246U,C172,CESSNA 172 Skyhawk,L1P,L
A06ACB,N126JG,FW90,FOCKE-WULF Fw-190 Replica,L1P,L
A077CB,N1292M,C182,CESSNA 182 Skylane,L1P,L
A079CB,N13KT,PTS2,PITTS S-2 Special,L1P,L
A07CCB,N130SK,R44,ROBINSON R-44 Raven,H1P,L
A07ECB,N1309G,C172,CESSNA 172 Skyhawk,L1P,L
A081CB,N13139,,,,
A082CB,N132BU,,,,
A083CB,N132N,BE20,BEECH 200 Super King Air,L2T,M
A089CB,N1338E,CH7A,BELLANCA 7 Champion,L1P,L
A08ACB,N134HQ,E75L,EMBRAER ERJ-170-200 (long wing),L2J,M
A08CCB,N13427,WACC,WACO C/S,L1P,L
A090CB,N1355,GLID,,L0-,-
A091CB,N136DE,SRAI,GREAT PLAINS Sonerai,L1P,L
A094CB,N1367C,PA18,PIPER PA-18 Super Cub,L1P,L
A096CB,N137SJ,B06,BELL 206 JetRanger,H1T,L
A097CB,N13715,C172,CESSNA 172 Skyhawk,L1P,L
A09CCB,N139BT,C172,CESSNA 172 Skyhawk,L1P,L
A09FCB,N1396A,BE35,BEECH 35 Starfire Bonanza,L1P,L
A0A0CB,N14ER,PTS1,PITTS S-1 Special,L1P,L
A0A2CB,N140BB,BE36,BEECH 36 Bonanza,L1P,L
A0A6CB,N141E,,,,
A0A8CB,N1410M,C182,CESSNA 182 Skylane,L1P,L
A0A9CB,N1417Y,C172,CESSNA 172 Skyhawk,L1P,L
A0B0CB,N1434T,P28R,PIPER PA-28R-180/200/201,L1P,L
A0B1CB,N144CN,PA23,PIPER PA-23,L2P,L
A0B9CB,N146JJ,SR20,CIRRUS SR-20,L1P,L
A0C5CB,N149TC,RV7,VANS RV-7,L1P,L
A0C6CB,N1492P,PA23,PIPER PA-23,L2P,L
A0C8CB,N15KV,CAMP,GREGA GN-1 Aircamper,L1P,L
A0C9CB,N15WA,PTS2,PITTS S-2 Special,L1P,L
A0CACB,N150GF,H25B,HAWKER BEECHCRAFT Hawker 750/850,L2J,M
A0CCCB,N15018,PA34,PIPER PA-34 Seneca,L2P,L
A0D0CB,N1514A,PA20,PIPER PA-20 Pacer,L1P,L
A0D6CB,N153R,C310,CESSNA 310,L2P,L
A0D8CB,N1538G,BE36,BEECH 36 Bonanza,L1P,L
A0DBCB,N15429,,,,
A0DCCB,N155AJ,SR22,CIRRUS SR-22,L1P,L
A0DECB,N155WW,HUSK,CHRISTEN Husky,L1P,L
A0DFCB,N1555B,L8,LUSCOMBE 8,L1P,L
A0EECB,N1596C,C180,CESSNA  180 Skywagon,L1P,L
A0F1CB,N160BD,RV12,VANS RV-12,L1P,L
A0F8CB,N16170,E45X,EMBRAER ERJ-145XR,L2J,M
A0F9CB,N162H,EXEC,ROTORWAY Exec,H1P,L
A0FCCB,N16293,P28R,PIPER PA-28R-180/200/201,L1P,L
A103CB,N1646Y,C172,CESSNA 172 Skyhawk,L1P,L
A10ECB,N1675W,BE33,BEECH 33 Bonanza,L1P,L
A117CB,N17KX,GLID,,L0-,-
A118CB,N17WC,BE30,BEECH 300 Super King Air,L2T,L
A11ACB,N170SP,C172,CESSNA 172 Skyhawk,L1P,L
A11FCB,N1714C,C180,CESSNA  180 Skywagon,L1P,L
A121CB,N172ND,P28R,PIPER PA-28R-180/200/201,L1P,L
A127CB,N1738J,P28A,PIPER PA-28-140/150/160/180,L1P,L
A129CB,N174U,BE58,BEECH 58 Baron,L2P,L
A12ECB,N1755D,C170,CESSNA 170,L1P,L
A12FCB,N176DJ,RV8,VANS RV-8,L1P,L
A130CB,N176PQ,CRJ9,BOMBARDIER Regional Jet CRJ-900,L2J,M
A132CB,N1767G,BE35,BEECH 35 Starfire Bonanza,L1P,L
A135CB,N17719,B737,BOEING 737-700,L2J,M
A13BCB,N179NC,TBM7,SOCATA TBM-700A/B/C,L1T,L
A13FCB,N18RA,LJ35,LEARJET 35,L2J,M
A140CB,N180BF,C180,CESSNA  180 Skywagon,L1P,L
A141CB,N180MM,C180,CESSNA  180 Skywagon,L1P,L
A146CB,N1810R,C82R,CESSNA R182 Skylane RG,L1P,L
A149CB,N182TH,C182,CESSNA 182 Skylane,L1P,L
A14ECB,N1834X,C182,CESSNA 182 Skylane,L1P,L
A14FCB,N184CS,RV8,VANS RV-8,L1P,L
A154CB,N185RW,C185,CESSNA 185 Skywagon,L1P,L
A156CB,N18583,C150,CESSNA 150,L1P,L
A159CB,N1863V,C140,CESSNA 140,L1P,L
A15DCB,N1875Y,C172,CESSNA 172 Skyhawk,L1P,L
A160CB,N1880Q,C77R,CESSNA 177RG Cardinal RG,L1P,L
A164CB,N1892T,P28A,PIPER PA-28-140/150/160/180,L1P,L
A165CB,N18994,BE23,BEECH 23 Sundowner,L1P,L
A167CB,N19WE,PA34,PIPER PA-34 Seneca,L2P,L
A169CB,N190SR,SR22,CIRRUS SR-22,L1P,L
A16ACB,N1902B,L8,LUSCOMBE 8,L1P,L
A16BCB,N1909N,C120,CESSNA 120,L1P,L
A175CB,N1931,ST75,STEARMAN Kaydet,L1P,L
A176CB,N1938L,BE24,BEECH 24 Sierra,L1P,L
A177CB,N194HW,RV9,VANS RV-9,L1P,L
A179CB,N1943C,C170,CESSNA 170,L1P,L
A17ACB,N195AN,B752,BOEING 757-200,L2J,M
A17CCB,N195X,C190,CESSNA 190,L1P,L
A17FCB,N196PS,CRUZ,CSA PS-28 Cruiser,L1P,L
A181CB,N1967J,GLF5,GULFSTREAM 5,L2J,M
A184CB,N1972A,,,,
A185CB,N1979M,J3,PIPER J-3 Cub,L1P,L
A188CB,N1984D,BE35,BEECH 35 Starfire Bonanza,L1P,L
A18CCB,N1996G,C414,CESSNA 414 Chancellor,L2P,L
A18DCB,N2EX,SRAI,GREAT PLAINS Sonerai,L1P,L
A18ECB,N2RC,C560,CESSNA 560 Citation Ultra,L2J,M
A18FCB,N20BH,B407,BELL 407,H1T,L
A190CB,N20MP,R66,ROBINSON R-66,H1T,L
A192CB,N200J,,,,
A194CB,N2003G,C182,CESSNA 182 Skylane,L1P,L
A195CB,N201AS,GLID,,L0-,-
A197CB,N201XD,M20P,MOONEY M-20,L1P,L
A19ACB,N202PW,GLID,,L0-,-
A19BCB,N2020B,L8,LUSCOMBE 8,L1P,L
A19ECB,N203SU,SU26,SUKHOI Su-26,L1P,L
A19FCB,N2032E,BE35,BEECH 35 Starfire Bonanza,L1P,L
A1A0CB,N2039R,C182,CESSNA 182 Skylane,L1P,L
A1A2CB,N204VS,MI24,MIL Mi-24/25/35,H2T,M
A1A4CB,N205CC,M20P,MOONEY M-20,L1P,L
A1A7CB,N2056L,BE24,BEECH 24 Sierra,L1P,L
A1A8CB,N206FA,B06,BELL 206 JetRanger,H1T,L
A1A9CB,N206RG,PA30,PIPER PA-30 Twin Comanche,L2P,L
A1AFCB,N208AR,C208,CESSNA 208 Caravan,L1T,L
A1B3CB,N209DP,C172,CESSNA 172 Skyhawk,L1P,L
A1B6CB,N2097M,P28A,PIPER PA-28-140/150/160/180,L1P,L
A1BCCB,N21066,ULAC,,L0-,-
A1BECB,N211SB,RV6,VANS RV-6,L1P,L
A1BFCB,N2111Y,C172,CESSNA 172 Skyhawk,L1P,L
A1C0CB,N21189,C182,CESSNA 182 Skylane,L1P,L
A1C2CB,N212V,BE35,BEECH 35 Starfire Bonanza,L1P,L
A1C7CB,N21354,AR65,AERONCA 65 Super Chief,L1P,L
A1CACB,N2140W,BE23,BEECH 23 Sundowner,L1P,L
A1CBCB,N21477,C182,CESSNA 182 Skylane,L1P,L
A1CCCB,N215HG,C25C,CESSNA 525C Citation CJ4,L2J,M
A1CECB,N2152Z,P28A,PIPER PA-28-140/150/160/180,L1P,L
A1D4CB,N217PC,BE36,BEECH 36 Bonanza,L1P,L
A1D8CB,N218SA,PA24,PIPER PA-24 Comanche,L1P,L
A1DACB,N21888,BALL,,B0-,-
A1DDCB,N21930,C150,CESSNA 150,L1P,L
A1DECB,N22BK,BE60,BEECH 60 Duke,L2P,L
A1E0CB,N22XX,C172,CESSNA 172 Skyhawk,L1P,L
A1E5CB,N221M,KR34,KREIDER_REISNER C-4 Challenger,L1P,L
A1E7CB,N2215M,J3,PIPER J-3 Cub,L1P,L
A1E8CB,N222DS,BIPL,EAA Biplane,L1P,L
A1EECB,N2232G,C182,CESSNA 182 Skylane,L1P,L
A1EFCB,N2239T,P28A,PIPER PA-28-140/150/160/180,L1P,L
A1F3CB,N225CE,,,,
A1F9CB,N2261E,CH7A,BELLANCA 7 Champion,L1P,L
A1FBCB,N227JA,C510,CESSNA 510 Citation Mustang,L2J,L
A1FDCB,N2273H,ERCO,AIR PRODUCTS F-1 Aircoupe,L1P,L
A1FECB,N228AT,A4,DOUGLAS A-4 Skyhawk,L1J,M
A201CB,N2285L,BE36,BEECH 36 Bonanza,L1P,L
A202CB,N229DR,P28R,PIPER PA-28R-180/200/201,L1P,L
A207CB,N23SV,,,,
A20BCB,N23068,C150,CESSNA 150,L1P,L
A20DCB,N231SD,M20P,MOONEY M-20,L1P,L
A210CB,N232JW,CRUZ,CSA PS-28 Cruiser,L1P,L
A217CB,N243EL,P180,PIAGGIO P-180 Avanti,L2T,L
A218CB,N234QS,CL60,BOMBARDIER CL-600 Challenger,L2J,M
A21DCB,N23521,C82S,CESSNA T182 Turbo Skylane,L1P,L
A21ECB,N236AA,H60,SIKORSKY UH-60 Black Hawk,H2T,M
A220CB,N236WN,B737,BOEING 737-700,L2J,M
A228CB,N2381Z,C72R,CESSNA 172R Cutlass RG,L1P,L
A22ACB,N239JV,BE20,BEECH 200 Super King Air,L2T,M
A22BCB,N239VA,RV12,VANS RV-12,L1P,L
A22DCB,N24BM,RV4,VANS RV-4,L1P,L
A22ECB,N24MT,P32R,PIPER PA-32R-300/301/301T,L1P,L
A22FCB,N24XZ,PC12,PILATUS PC-12,L1T,L
A232CB,N2403L,C172,CESSNA 172 Skyhawk,L1P,L
A233CB,N241AW,GLST,GLASAIR SH-4 GlaStar,L1P,L
A234CB,N241MB,SR22,CIRRUS SR-22,L1P,L
A236CB,N2415P,PA18,PIPER PA-18 Super Cub,L1P,L
A23CCB,N243SY,E75L,EMBRAER ERJ-170-200 (long wing),L2J,M
A23ECB,N2439V,C140,CESSNA 140,L1P,L
A241CB,N2444M,PA12,PIPER PA-12 Super Cruiser,L1P,L
A243CB,N245NN,E75L,EMBRAER ERJ-170-200 (long wing),L2J,M
A245CB,N2456Q,T206,CESSNA T206 Turbo Stationair,L1P,L
A247CB,N246RL,EAGL,CHRISTEN Eagle,L1P,L
A248CB,N2461G,C182,CESSNA 182 Skylane,L1P,L
A249CB,N2468T,P28A,PIPER PA-28-140/150/160/180,L1P,L
A24ACB,N247JC,RV7,VANS RV-7,L1P,L
A24DCB,N248AV,DRON,,D0-,-
A24ECB,N248MA,BL8,BELLANCA 8 Decathlon,L1P,L
A254CB,N2497R,P28A,PIPER PA-28-140/150/160/180,L1P,L
A255CB,N25GR,BE9L,BEECH 90 King Air,L2T,L
A256CB,N25SX,,,,
A257CB,N250DB,SA10,STOLP SA-100 Starduster,L1P,L
A25ACB,N2507,CH80,ZENAIR CH-801 Stol,L1P,L
A25BCB,N251G,AEST,AEROSTAR 600,L2P,L
A261CB,N25235,ULAC,,L0-,-
A269CB,N2548A,PA22,PIPER PA-22,L1P,L
A26DCB,N256AC,PA22,PIPER PA-22,L1P,L
A270CB,N25646,DC3,DOUGLAS DC-3 Dakota,L2P,M
A272CB,N257PG,S22T,CIRRUS SR-22T Turbo,L1P,L
A274CB,N25769,J3,PIPER J-3 Cub,L1P,L
A276CB,N258SE,,,,
A278CB,N2589B,PA38,PIPER PA-38 Tomahawk,L1P,L
A279CB,N259JX,E135,EMBRAER ERJ-135,L2J,M
A27CCB,N26BP,B26,DOUGLAS A-26 Invader,L2P,M
A27DCB,N26MV,B06,BELL 206 JetRanger,H1T,L
A27ECB,N26YA,RV4,VANS RV-4,L1P,L
A27FCB,N260JF,PA24,PIPER PA-24 Comanche,L1P,L
A281CB,N2603N,C140,CESSNA 140,L1P,L
A283CB,N261MD,GYRO,,G0-,-
A285CB,N2615R,C182,CESSNA 182 Skylane,L1P,L
A28CCB,N2632L,C172,CESSNA 172 Skyhawk,L1P,L
A294CB,N2656S,T210,CESSNA T210 Turbo Centurion,L1P,L
A298CB,N2668V,C170,CESSNA 170,L1P,L
A29FCB,N2685Q,C182,CESSNA 182 Skylane,L1P,L
A2A2CB,N2690G,C182,CESSNA 182 Skylane,L1P,L
A2A3CB,N2697T,PARA,,P0-,-
A2A4CB,N27GT,EC20,AIRBUS HELICOPTERS EC-120,H1T,L
A2A5CB,N27SZ,AS31,SCHLEICHER ASH-31,L1P,L
A2ABCB,N271SH,R22,ROBINSON R-22 Mariner,H1P,L
A2ADCB,N2719E,,,,
A2AECB,N272K,SA30,STOLP Starduster Too,L1P,L
A2B8CB,N2748C,C170,CESSNA 170,L1P,L
A2C3CB,N2777A,BE55,BEECH 55 Baron,L2P,L
A2C4CB,N278GA,GALX,GULFSTREAM G200,L2J,M
A2CBCB,N28BR,PA46,PIPER PA-46-310/350,L1P,L
A2CCCB,N28MX,FOX,KITFOX,L1P,L
A2CECB,N280JH,COY2,RANS Coyote 2,L1P,L
A2CFCB,N280UP,MD11,MCDONNELL-DOUGLAS MD-11,L3J,H
A2D1CB,N281B,,,,
A2D7CB,N2820K,L8,LUSCOMBE 8,L1P,L
A2DACB,N283TB,T206,CESSNA T206 Turbo Stationair,L1P,L
A2DECB,N284W,VELO,Velocity,L1P,L
A2DFCB,N2844R,P28R,PIPER PA-28R-180/200/201,L1P,L
A2E3CB,N2856U,C172,CESSNA 172 Skyhawk,L1P,L
A2E8CB,N287JG,BE35,BEECH 35 Starfire Bonanza,L1P,L
A2EACB,N2873P,PA18,PIPER PA-18 Super Cub,L1P,L
A2ECCB,N288ME,C172,CESSNA 172 Skyhawk,L1P,L
A2EECB,N2885S,C150,CESSNA 150,L1P,L
A2F2CB,N2897V,BE35,BEECH 35 Starfire Bonanza,L1P,L
A2F3CB,N29GV,,,,
A2F4CB,N29TA,RV6,VANS RV-6,L1P,L
A2F5CB,N290DF,,,,
A2F6CB,N290PM,B190,BEECH 1900,L2T,M
A2F8CB,N2907D,PA34,PIPER PA-34 Seneca,L2P,L
A2FFCB,N29239,C172,CESSNA 172 Skyhawk,L1P,L
A307CB,N2948E,CH7A,BELLANCA 7 Champion,L1P,L
A30ACB,N29527,TAYB,TAYLORCRAFT BC/BF/BL,L1P,L
A30ECB,N2965,ST75,STEARMAN Kaydet,L1P,L
A312CB,N2977C,C180,CESSNA  180 Skywagon,L1P,L
A315CB,N29815,TAYB,TAYLORCRAFT BC/BF/BL,L1P,L
A31ACB,N3BT,PA31,PIPER PA-31-300/310/325/350/425,L2P,L
A31DCB,N30JK,RV4,VANS RV-4,L1P,L
A322CB,N3008J,BCS3,AIRBUS A220-300,L2J,M
A325CB,N3013A,C170,CESSNA 170,L1P,L
A326CB,N302AL,,,,
A328CB,N302WY,HUSK,CHRISTEN Husky,L1P,L
A329CB,N3025D,C310,CESSNA 310,L2P,L
A32BCB,N303PQ,CRJ9,BOMBARDIER Regional Jet CRJ-900,L2J,M
A330CB,N30419,YK52,YAKOVLEV Yak-52,L1P,L
A331CB,N3049K,P32R,PIPER PA-32R-300/301/301T,L1P,L
A338CB,N3066E,CH7A,BELLANCA 7 Champion,L1P,L
A33BCB,N30707,J3,PIPER J-3 Cub,L1P,L
A33CCB,N3078H,BE33,BEECH 33 Bonanza,L1P,L
A33FCB,N3083,GLID,,L0-,-
A343CB,N3095C,BE35,BEECH 35 Starfire Bonanza,L1P,L
A344CB,N31DH,,,,
A345CB,N31PP,WAIX,SONEX Waiex,L1P,L
A346CB,N31ZV,LJ31,LEARJET 31,L2J,M
A347CB,N310L,PTS1,PITTS S-1 Special,L1P,L
A34ACB,N311CS,C550,CESSNA 550 Citation S2,L2J,L
A34DCB,N31160,J3,PIPER J-3 Cub,L1P,L
A354CB,N3133V,C150,CESSNA 150,L1P,L
A355CB,N314BE,PA18,PIPER PA-18 Super Cub,L1P,L
A356CB,N314ML,SREY,PROGRESSIVE AERODYNE SeaRey,A1P,L
A358CB,N3145Y,C182,CESSNA 182 Skylane,L1P,L
A35BCB,N3150Q,QUIC,Quickie,L1P,L
A35CCB,N31571,PA32,PIPER PA-32,L1P,L
A35DCB,N316HA,PA31,PIPER PA-31-300/310/325/350/425,L2P,L
A35FCB,N3162T,PARA,,P0-,-
A360CB,N31694,P28R,PIPER PA-28R-180/200/201,L1P,L
A363CB,N3174W,PARA,,P0-,-
A369CB,N319RV,RV12,VANS RV-12,L1P,L
A36CCB,N32JM,SA30,STOLP Starduster Too,L1P,L
A36FCB,N320RD,C320,CESSNA 320 Skyknight,L2P,L
A372CB,N321HW,C82S,CESSNA T182 Turbo Skylane,L1P,L
A37ACB,N323PS,CRUZ,CSA PS-28 Cruiser,L1P,L
A380CB,N3249M,C402,CESSNA 402 Businessliner,L2P,L
A38BCB,N3278K,BOLT,STEEN Skybolt,L1P,L
A38ECB,N3283B,PA20,PIPER PA-20 Pacer,L1P,L
A38FCB,N329AM,EC30,AIRBUS HELICOPTERS EC-130,H1T,L
A392CB,N3295E,AR11,AERONCA 11 Chief,L1P,L
A394CB,N33PR,P32R,PIPER PA-32R-300/301/301T,L1P,L
A395CB,N33ZX,BE36,BEECH 36 Bonanza,L1P,L
A397CB,N330WH,BE33,BEECH 33 Bonanza,L1P,L
A39ACB,N331P,RV10,VANS RV-10,L1P,L
A39CCB,N33162,ST75,STEARMAN Kaydet,L1P,L
A3A3CB,N3333X,,,,
A3A4CB,N334BG,P28A,PIPER PA-28-140/150/160/180,L1P,L
A3A7CB,N33450,J3,PIPER J-3 Cub,L1P,L
A3AACB,N3350S,C210,CESSNA 201 Centurion,L1P,L
A3ABCB,N33573,J3,PIPER J-3 Cub,L1P,L
A3B0CB,N337LA,C337,CESSNA 337 Super Skymaster,L2P,L
A3B1CB,N337WG,C337,CESSNA 337 Super Skymaster,L2P,L
A3B2CB,N3374Y,C182,CESSNA 182 Skylane,L1P,L
A3B6CB,N33861,AR65,AERONCA 65 Super Chief,L1P,L
A3B7CB,N339FR,A20N,AIRBUS A-320neo,L2J,M
A3B9CB,N3391T,C177,CESSNA  177 Cardinal,L1P,L
A3BBCB,N34JP,BE33,BEECH 33 Bonanza,L1P,L
A3BDCB,N340F,C340,CESSNA 340 Super,L2P,L
A3BECB,N340RF,C340,CESSNA 340 Super,L2P,L
A3C8CB,N343DN,A321,AIRBUS A-321,L2J,M
A3CECB,N3442C,C170,CESSNA 170,L1P,L
A3D6CB,N3466J,C150,CESSNA 150,L1P,L
A3E3CB,N35PT,SR20,CIRRUS SR-20,L1P,L
A3E4CB,N35ZZ,,,,
A3E7CB,N35041,C177,CESSNA  177 Cardinal,L1P,L
A3E8CB,N351CW,PRM1,RAYTHEON 390 Premier 1,L2J,L
A3EFCB,N35287,C177,CESSNA  177 Cardinal,L1P,L
A3F0CB,N353JS,AS50,AEROSPATIALE AS-350 Ecureuil,H1T,L
A3F2CB,N3533Z,PA22,PIPER PA-22,L1P,L
A3F6CB,N35452,J3,PIPER J-3 Cub,L1P,L
A3F9CB,N3550U,C182,CESSNA 182 Skylane,L1P,L
A3FACB,N35575,C172,CESSNA 172 Skyhawk,L1P,L
A3FECB,N35698,J4,PIPER J-4 Cub Coupe,L1P,L
A3FFCB,N357LC,C185,CESSNA 185 Skywagon,L1P,L
A403CB,N358PA,AS50,AEROSPATIALE AS-350 Ecureuil,H1T,L
A405CB,N35863,BALL,,B0-,-
A408CB,N3591V,C140,CESSNA 140,L1P,L
A409CB,N35986,J4,PIPER J-4 Cub Coupe,L1P,L
A40ACB,N36JR,C172,CESSNA 172 Skyhawk,L1P,L
A40DCB,N360RH,LNC2,LANCAIR 200-320,L1P,L
A40ECB,N3601D,,,,
A413CB,N362AS,E55P,EMBRAER EMB-505 Phenom 300,L2J,M
A419CB,N3630B,G164,GRUMMAN G-164 Ag-Cat,L1P,L
A41ACB,N3637N,J3,PIPER J-3 Cub,L1P,L
A41DCB,N3642E,CH7A,BELLANCA 7 Champion,L1P,L
A41ECB,N3649R,P28A,PIPER PA-28-140/150/160/180,L1P,L
A421CB,N3654H,M20P,MOONEY M-20,L1P,L
A422CB,N366CC,BE30,BEECH 300 Super King Air,L2T,L
A428CB,N3671C,C82R,CESSNA R182 Skylane RG,L1P,L
A430CB,N3695J,FOX,KITFOX,L1P,L
A431CB,N37DP,T210,CESSNA T210 Turbo Centurion,L1P,L
A436CB,N37043,BALL,,B0-,-
A448CB,N3750W,PA32,PIPER PA-32,L1P,L
A44CCB,N3762Z,PA18,PIPER PA-18 Super Cub,L1P,L
A44DCB,N377,HUSK,CHRISTEN Husky,L1P,L
A451CB,N378CX,B763,BOEING 767-300,L2J,H
A456CB,N379SA,C82S,CESSNA T182 Turbo Skylane,L1P,L
A461CB,N3813J,C150,CESSNA 150,L1P,L
A463CB,N382M,RV14,VANS RV-14,L1P,L
A465CB,N3825M,BE36,BEECH 36 Bonanza,L1P,L
A468CB,N3830D,C182,CESSNA 182 Skylane,L1P,L
A469CB,N3837Q,C172,CESSNA 172 Skyhawk,L1P,L
A470CB,N3854K,GC1,GLOBE Swift,L1P,L
A474CB,N3866N,BE77,BEECH 77 Skipper,L1P,L
A478CB,N3878R,C172,CESSNA 172 Skyhawk,L1P,L
A47BCB,N3883H,M20P,MOONEY M-20,L1P,L
A47CCB,N389AT,LJ25,LEARJET 25,L2J,L
A480CB,N39DR,P28A,PIPER PA-28-140/150/160/180,L1P,L
A482CB,N390AB,PRM1,RAYTHEON 390 Premier 1,L2J,L
A483CB,N390LH,B06,BELL 206 JetRanger,H1T,L
A486CB,N391D,P28A,PIPER PA-28-140/150/160/180,L1P,L
A48DCB,N3929A,,,,
A48ECB,N393JW,BE20,BEECH 200 Super King Air,L2T,M
A494CB,N39456,P28A,PIPER PA-28-140/150/160/180,L1P,L
A496CB,N395QS,E55P,EMBRAER EMB-505 Phenom 300,L2J,M
A497CB,N3950Y,C210,CESSNA 201 Centurion,L1P,L
A49BCB,N39621,PA44,PIPER PA-44 Seminole,L2P,L
A49DCB,N397LG,AS50,AEROSPATIALE AS-350 Ecureuil,H1T,L
A49ECB,N397WN,P28A,PIPER PA-28-140/150/160/180,L1P,L
A49FCB,N39744,P32R,PIPER PA-32R-300/301/301T,L1P,L
A4A5CB,N399SC,CRUZ,CSA PS-28 Cruiser,L1P,L
A4A6CB,N3991Z,PA18,PIPER PA-18 Super Cub,L1P,L
A4A7CB,N3999,PA32,PIPER PA-32,L1P,L
A4A9CB,N4VA,BE35,BEECH 35 Starfire Bonanza,L1P,L
A4ACCB,N400BS,C421,CESSNA 421 Executive Commuter,L2P,L
A4B2CB,N40102,KR2,RAND KR-2,L1P,L
A4B7CB,N403AE,AS50,AEROSPATIALE AS-350 Ecureuil,H1T,L
A4BACB,N40348,M4,MAULE M-4,L1P,L
A4BCCB,N404PJ,C402,CESSNA 402 Businessliner,L2P,L
A4C2CB,N4059D,C182,CESSNA 182 Skylane,L1P,L
A4C5CB,N40636,P28A,PIPER PA-28-140/150/160/180,L1P,L
A4C6CB,N407BR,B407,BELL 407,H1T,L
A4CCCB,N40801,P28B,PIPER PA-28-201T/235/236,L1P,L
A4CDCB,N4088B,BL17,BELLANCA 17 Viking,L1P,L
A4CFCB,N409TT,COL3,CESSNA 350 Corvalis,L1P,L
A4D0CB,N40924,J3,PIPER J-3 Cub,L1P,L
A4D1CB,N41AD,L29,AERO L-29 Delfin,L1J,L
A4D6CB,N4102N,C140,CESSNA 140,L1P,L
A4D7CB,N4109Z,PA18,PIPER PA-18 Super Cub,L1P,L
A4D9CB,N411W,,,,
A4DACB,N4114R,PA32,PIPER PA-32,L1P,L
A4DECB,N4126U,P28A,PIPER PA-28-140/150/160/180,L1P,L
A4E1CB,N4131L,P32R,PIPER PA-32R-300/301/301T,L1P,L
A4E2CB,N4138X,VO10,NORTH AMERICAN ROCKWELL Commander 100,L1P,L
A4E3CB,N414JG,C414,CESSNA 414 Chancellor,L2P,L
A4E5CB,N4143P,PA23,PIPER PA-23,L2P,L
A4E7CB,N415ME,COL4,CESSNA 400 Corvalis TT,L1P,L
A4E9CB,N4155S,BE55,BEECH 55 Baron,L2P,L
A4EACB,N416DX,A339,AIRBUS A-330-900,L2J,H
A4ECCB,N4160J,P28A,PIPER PA-28-140/150/160/180,L1P,L
A4EFCB,N417TA,SR22,CIRRUS SR-22,L1P,L
A4F0CB,N4172M,PA12,PIPER PA-12 Super Cruiser,L1P,L
A4F4CB,N4184Q,C310,CESSNA 310,L2P,L
A4F7CB,N419YX,E75L,EMBRAER ERJ-170-200 (long wing),L2J,M
A4FACB,N42RP,J3,PIPER J-3 Cub,L1P,L
A4FCCB,N420N,,,,
A4FFCB,N421ES,C421,CESSNA 421 Executive Commuter,L2P,L
A504CB,N422TW,AT6T,AIR TRACTOR AT-602,L1T,L
A506CB,N423AG,MT,ROTORSPORT MTOSport,G1P,L
A50ECB,N425GC,C425,CESSNA 425 Corsair,L2T,L
A50FCB,N425SJ,SR20,CIRRUS SR-20,L1P,L
A511CB,N4259F,C172,CESSNA 172 Skyhawk,L1P,L
A514CB,N42638,J3,PIPER J-3 Cub,L1P,L
A517CB,N427YE,S22T,CIRRUS SR-22T Turbo,L1P,L
A519CB,N428ER,C172,CESSNA 172 Skyhawk,L1P,L
A51BCB,N42803,J3,PIPER J-3 Cub,L1P,L
A51DCB,N429HP,PA23,PIPER PA-23,L2P,L
A51ECB,N429TV,B429,BELL 429 GlobalRanger,H2T,L
A51FCB,N42926,J3,PIPER J-3 Cub,L1P,L
A520CB,N43AF,,,,
A521CB,N43LM,DA40,DIAMOND DA-40 Club Star,L1P,L
A522CB,N43WT,M20P,MOONEY M-20,L1P,L
A524CB,N430TD,M20P,MOONEY M-20,L1P,L
A525CB,N4302Q,,,,
A526CB,N43091,P28A,PIPER PA-28-140/150/160/180,L1P,L
A529CB,N4314T,P28A,PIPER PA-28-140/150/160/180,L1P,L
A52CCB,N432Z,BE58,BEECH 58 Baron,L2P,L
A52ECB,N433FL,P28A,PIPER PA-28-140/150/160/180,L1P,L
A52FCB,N433RS,ULAC,,L0-,-
A530CB,N4331N,C195,CESSNA 195,L1P,L
A531CB,N4338Z,PA18,PIPER PA-18 Super Cub,L1P,L
A534CB,N4343R,C172,CESSNA 172 Skyhawk,L1P,L
A540CB,N43790,P28A,PIPER PA-28-140/150/160/180,L1P,L
A543CB,N4384S,P32R,PIPER PA-32R-300/301/301T,L1P,L
A544CB,N439CM,PC12,PILATUS PC-12,L1T,L
A548CB,N44FK,RV8,VANS RV-8,L1P,L
A549CB,N44RR,PTS1,PITTS S-1 Special,L1P,L
A54FCB,N441R,C441,CESSNA 441 Conquest,L2T,L
A554CB,N44229,P28R,PIPER PA-28R-180/200/201,L1P,L
A558CB,N4435B,C170,CESSNA 170,L1P,L
A559CB,N444DG,BE35,BEECH 35 Starfire Bonanza,L1P,L
A55CCB,N4447E,PA38,PIPER PA-38 Tomahawk,L1P,L
A55ECB,N445SL,B407,BELL 407,H1T,L
A560CB,N4459H,M20P,MOONEY M-20,L1P,L
A565CB,N447NA,BE33,BEECH 33 Bonanza,L1P,L
A567CB,N4476C,C195,CESSNA 195,L1P,L
A56ACB,N44805,P28A,PIPER PA-28-140/150/160/180,L1P,L
A56CCB,N449HR,HROC,HARMON Rocket,L1P,L
A56FCB,N45AH,HUSK,CHRISTEN Husky,L1P,L
A571CB,N45WV,RS20,RANS S-20 Raven,L1P,L
A573CB,N450TF,COL4,CESSNA 400 Corvalis TT,L1P,L
A574CB,N4502S,AT3T,AIR TRACTOR AT-302/402,L1T,L
A578CB,N4514V,AA5,AMERICAN AA-5 Tiger,L1P,L
A584CB,N455BC,PC12,PILATUS PC-12,L1T,L
A587CB,N4555W,G2T1,GREAT LAKES 2T-1,L1P,L
A591CB,N458WC,C82T,CESSNA TR182 Turbo Skylane RG,L1P,L
A592CB,N4584U,C150,CESSNA 150,L1P,L
A597CB,N46FM,,,,
A598CB,N46RT,GA6C,GULFSTREAM G600,L2J,M
A599CB,N460BY,DRON,,D0-,-
A59FCB,N46108,TAYD,TAYLORCRAFT DC/DF/DL,L1P,L
A5A3CB,N4623A,C180,CESSNA  180 Skywagon,L1P,L
A5A6CB,N463WY,H46,BOEING-VERTOL CH-46 Sea Knight,H2T,M
A5A7CB,N4635D,C172,CESSNA 172 Skyhawk,L1P,L
A5ADCB,N465SN,H60,SIKORSKY UH-60 Black Hawk,H2T,M
A5AECB,N46519,C172,CESSNA 172 Skyhawk,L1P,L
A5B2CB,N4664B,C180,CESSNA  180 Skywagon,L1P,L
A5B4CB,N467NC,PARA,,P0-,-
A5BACB,N4688H,PA17,PIPER PA-17 Vagabond Trainer,L1P,L
A5BECB,N47AK,DHC2,DE HAVILLAND DHC-2 Beaver,L1P,L
A5C5CB,N471L,BE95,BEECH 95 Travel Air,L2P,L
A5C7CB,N4714X,C150,CESSNA 150,L1P,L
A5D7CB,N476EC,PARA,,P0-,-
A5DBCB,N477HA,B712,BOEING 717-200,L2J,M
A5DDCB,N4772T,C182,CESSNA 182 Skylane,L1P,L
A5E6CB,N48FP,,,,
A5EECB,N4811,RV8,VANS RV-8,L1P,L
A5EFCB,N4818L,P28A,PIPER PA-28-140/150/160/180,L1P,L
A5F6CB,N4835F,T206,CESSNA T206 Turbo Stationair,L1P,L
A5FACB,N4847J,BE35,BEECH 35 Starfire Bonanza,L1P,L
A5FDCB,N4852A,PA22,PIPER PA-22,L1P,L
A601CB,N4864D,C172,CESSNA 172 Skyhawk,L1P,L
A605CB,N4876G,C172,CESSNA 172 Skyhawk,L1P,L
A607CB,N488RC,,,,
A609CB,N4888K,NAVI,NORTH AMERICAN Navion,L1P,L
A60BCB,N489UA,A320,AIRBUS A-320,L2J,M
A60CCB,N4893B,,,,
A60DCB,N49AM,BE60,BEECH 60 Duke,L2P,L
A60ECB,N49LT,C182,CESSNA 182 Skylane,L1P,L
A618CB,N492P,BE40,BEECH 400 Beechjet,L2J,M
A61ACB,N49262,AR6T,AERONCA 65 Tandem,L1P,L
A61BCB,N493FS,COY2,RANS Coyote 2,L1P,L
A631CB,N499CT,FDCT,FLIGHT DESIGN CT,L1P,L
A634CB,N49961,T6,NORTH AMERICAN T-6 Texan,L1P,L
A635CB,N5FR,BOLT,STEEN Skybolt,L1P,L
A636CB,N5RX,NAVI,NORTH AMERICAN Navion,L1P,L
A637CB,N50CB,C414,CESSNA 414 Chancellor,L2P,L
A639CB,N50YP,FA50,DASSAULT Falcon 50,L3J,M
A63CCB,N50031,AVID,AVID Flyer,L1P,L
A63ECB,N501MS,BE9L,BEECH 90 King Air,L2T,L
A643CB,N5020W,P28A,PIPER PA-28-140/150/160/180,L1P,L
A648CB,N504,S58T,SIKORSKY S-58T,H1T,L
A652CB,N5061X,O1,CESSNA 305/341 Bird Dog,L1P,L
A653CB,N50688,C150,CESSNA 150,L1P,L
A654CB,N507JT,A320,AIRBUS A-320,L2J,M
A656CB,N50730,C150,CESSNA 150,L1P,L
A659CB,N508XX,,,,
A65ECB,N50976,C172,CESSNA 172 Skyhawk,L1P,L
A65FCB,N51HF,C206,CESSNA  206 Stationair,L1P,L
A660CB,N51TM,,,,
A661CB,N510DS,DA40,DIAMOND DA-40 Club Star,L1P,L
A663CB,N5100D,AT5T,AIR TRACTOR AT-504,L1T,L
A667CB,N5112G,C182,CESSNA 182 Skylane,L1P,L
A668CB,N5119T,CH7A,BELLANCA 7 Champion,L1P,L
A66BCB,N5124K,NAVI,NORTH AMERICAN Navion,L1P,L
A66FCB,N5136N,C182,CESSNA 182 Skylane,L1P,L
A672CB,N5141E,C180,CESSNA  180 Skywagon,L1P,L
A673CB,N5148R,ULAC,,L0-,-
A677CB,N516AT,DRON,,D0-,-
A67DCB,N5170C,BE35,BEECH 35 Starfire Bonanza,L1P,L
A67ECB,N5177P,PA24,PIPER PA-24 Comanche,L1P,L
A681CB,N5182F,C172,CESSNA 172 Skyhawk,L1P,L
A682CB,N5189S,P28A,PIPER PA-28-140/150/160/180,L1P,L
A689CB,N520JW,PA32,PIPER PA-32,L1P,L
A68FCB,N52156,C77R,CESSNA 177RG Cardinal RG,L1P,L
A691CB,N522QS,C68A,CESSNA 680 Citation Latitude,L2J,M
A692CB,N5220Y,PA23,PIPER PA-23,L2P,L
A693CB,N52279,C172,CESSNA 172 Skyhawk,L1P,L
A696CB,N52321,C182,CESSNA 182 Skylane,L1P,L
A69BCB,N525CZ,C25A,CESSNA 525A Citation CJ2,L2J,L
A69CCB,N525PE,C550,CESSNA 550 Citation S2,L2J,L
A69ECB,N52567,FA62,FAIRCHILD M-26 Cornell,L1P,L
A69FCB,N526FX,CL30,BOMBARDIER BD-100 Challenger 300,L2J,M
A6A0CB,N526SC,AEST,AEROSTAR 600,L2P,L
A6A1CB,N5261Z,PA22,PIPER PA-22,L1P,L
A6A4CB,N527VA,A319,AIRBUS A-319,L2J,M
A6A5CB,N52732,C182,CESSNA 182 Skylane,L1P,L
A6A7CB,N528MT,B407,BELL 407,H1T,L
A6ADCB,N52978,J3,PIPER J-3 Cub,L1P,L
A6AFCB,N53TP,C25B,CESSNA 525B Citation CJ3,L2J,L
A6B2CB,N5300F,BALL,,B0-,-
A6B3CB,N5307S,DC6,DOUGLAS DC-6 Liftmaster,L4P,M
A6B4CB,N531GS,P28R,PIPER PA-28R-180/200/201,L1P,L
A6C1CB,N5341G,C82S,CESSNA T182 Turbo Skylane,L1P,L
A6C2CB,N5348T,PA18,PIPER PA-18 Super Cub,L1P,L
A6C5CB,N5353K,C172,CESSNA 172 Skyhawk,L1P,L
A6C6CB,N536AV,A320,AIRBUS A-320,L2J,M
A6C7CB,N536MA,CH7B,BELLANCA 7 Citabria,L1P,L
A6C9CB,N5365N,ST75,STEARMAN Kaydet,L1P,L
A6CCCB,N5370E,C185,CESSNA 185 Skywagon,L1P,L
A6D0CB,N5382H,PA16,PIPER PA-16 Clipper,L1P,L
A6D5CB,N54CF,C510,CESSNA 510 Citation Mustang,L2J,L
A6E4CB,N543TS,,,,
A6EBCB,N545PG,RV10,VANS RV-10,L1P,L
A6EDCB,N54569,C172,CESSNA 172 Skyhawk,L1P,L
A6F1CB,N5469B,C182,CESSNA 182 Skylane,L1P,L
A6F4CB,N54734,C172,CESSNA 172 Skyhawk,L1P,L
A6F8CB,N54857,PA23,PIPER PA-23,L2P,L
A6FCCB,N5498,,,,
A701CB,N5500H,PA11,PIPER PA-11 Cub Special,L1P,L
A704CB,N551T,BE35,BEECH 35 Starfire Bonanza,L1P,L
A705CB,N5512L,,,,
A711CB,N5548V,P32R,PIPER PA-32R-300/301/301T,L1P,L
A712CB,N555JE,BE95,BEECH 95 Travel Air,L2P,L
A716CB,N556MC,BE20,BEECH 200 Super King Air,L2T,M
A71BCB,N5570G,C150,CESSNA 150,L1P,L
A720CB,N5589W,BALL,,B0-,-
A724CB,N56CH,E550,EMBRAER EMB-550 Praetor 600,L2J,M
A72DCB,N5616,GLF5,GULFSTREAM 5,L2J,M
A730CB,N56202,P28A,PIPER PA-28-140/150/160/180,L1P,L
A731CB,N5628C,C140,CESSNA 140,L1P,L
A734CB,N56325,P28A,PIPER PA-28-140/150/160/180,L1P,L
A739CB,N565DC,,,,
A73CCB,N5657A,M7,MAULE M-7,L1P,L
A73FCB,N56613,PA32,PIPER PA-32,L1P,L
A740CB,N5669D,M7,MAULE M-7,L1P,L
A743CB,N56736,P28A,PIPER PA-28-140/150/160/180,L1P,L
A747CB,N56859,B753,BOEING 757-300,L2J,M
A74BCB,N5698B,C182,CESSNA 182 Skylane,L1P,L
A750CB,N5700K,BE95,BEECH 95 Travel Air,L2P,L
A752CB,N571GW,BEAR,AVIPRO RB-4 Bearhawk,L1P,L
A757CB,N572W,P28A,PIPER PA-28-140/150/160/180,L1P,L
A758CB,N5724R,C172,CESSNA 172 Skyhawk,L1P,L
A75CCB,N5736U,P28A,PIPER PA-28-140/150/160/180,L1P,L
A75FCB,N5741L,,,,
A766CB,N576XL,,,,
A76BCB,N5777V,BE23,BEECH 23 Sundowner,L1P,L
A76DCB,N578TA,M20P,MOONEY M-20,L1P,L
A76ECB,N5782M,C310,CESSNA 310,L2P,L
A773CB,N58CK,BE58,BEECH 58 Baron,L2P,L
A77FCB,N58204,BCAT,GRUMMAN F-8F Bearcat,L1P,L
A788CB,N585DE,P28A,PIPER PA-28-140/150/160/180,L1P,L
A789CB,N585PL,G280,GULFSTREAM G280,L2J,M
A78FCB,N5869F,C210,CESSNA 201 Centurion,L1P,L
A79BCB,N59HP,UH1,BELL UH-1 Huey,H1T,L
A79DCB,N590E,GLEX,BOMBARDIER BD-700 Global 6000/6500,L2J,M
A79FCB,N5900M,C180,CESSNA  180 Skywagon,L1P,L
A7A0CB,N5907Y,PA18,PIPER PA-18 Super Cub,L1P,L
A7A3CB,N5912Q,M20P,MOONEY M-20,L1P,L
A7C1CB,N5994S,BE23,BEECH 23 Sundowner,L1P,L
A7C2CB,N6CM,T18,THORP Tiger,L1P,L
A7C3CB,N6NT,P210,CESSNA P210 Centurion,L1P,L
A7C4CB,N6YZ,LA25,LAKE LA-250,A1P,L
A7C5CB,N60KD,RV6,VANS RV-6,L1P,L
A7C6CB,N60VK,,,,
A7C8CB,N600RW,EC20,AIRBUS HELICOPTERS EC-120,H1T,L
A7C9CB,N6001S,GLID,,L0-,-
A7CACB,N60083,BE23,BEECH 23 Sundowner,L1P,L
A7CDCB,N6013V,C82T,CESSNA TR182 Turbo Skylane RG,L1P,L
A7CECB,N602BE,AT6T,AIR TRACTOR AT-602,L1T,L
A7D4CB,N6030Q,PTS2,PITTS S-2 Special,L1P,L
A7D5CB,N60371,C150,CESSNA 150,L1P,L
A7D6CB,N604HA,,,,
A7D8CB,N6042T,CH60,ZENAIR CH-600 Zodiac,L1P,L
A7D9CB,N60494,C150,CESSNA 150,L1P,L
A7DCCB,N6054W,P28A,PIPER PA-28-140/150/160/180,L1P,L
A7E2CB,N607RV,RV7,VANS RV-7,L1P,L
A7E3CB,N6071R,AEST,AEROSTAR 600,L2P,L
A7E7CB,N6083U,HUSK,CHRISTEN Husky,L1P,L
A7E9CB,N609MK,AS50,AEROSPATIALE AS-350 Ecureuil,H1T,L
A7EBCB,N6095X,AC11,NORTH AMERICAN ROCKWELL Commander 112/114,L1P,L
A7F0CB,N610X,B47G,BELL 47G,H1P,L
A7F1CB,N6105F,C210,CESSNA 201 Centurion,L1P,L
A7F2CB,N611DL,,,,
A7F8CB,N6122A,P210,CESSNA P210 Centurion,L1P,L
A7FCCB,N6134D,PA22,PIPER PA-22,L1P,L
A800CB,N6146G,PARA,,P0-,-
A802CB,N615RC,T33,LOCKHEED T-33,L1J,M
A806CB,N616UA,BE95,BEECH 95 Travel Air,L2P,L
A80BCB,N6175E,C172,CESSNA 172 Skyhawk,L1P,L
A80CCB,N618DK,,,,
A811CB,N619SP,C172,CESSNA 172 Skyhawk,L1P,L
A812CB,N6192,EAGL,CHRISTEN Eagle,L1P,L
A813CB,N6199L,G2T1,GREAT LAKES 2T-1,L1P,L
A814CB,N62KF,BALL,,B0-,-
A815CB,N62VM,PA46,PIPER PA-46-310/350,L1P,L
A816CB,N620FS,GLAS,Glasair,L1P,L
A818CB,N6201U,T206,CESSNA T206 Turbo Stationair,L1P,L
A823CB,N6230S,C150,CESSNA 150,L1P,L
A829CB,N625LA,PA18,PIPER PA-18 Super Cub,L1P,L
A82CCB,N626CT,C750,CESSNA 750 Citation 10,L2J,M
A830CB,N627FR,AVID,AVID Flyer,L1P,L
A832CB,N6271T,C150,CESSNA 150,L1P,L
A836CB,N6283W,P28A,PIPER PA-28-140/150/160/180,L1P,L
A838CB,N629MM,C172,CESSNA 172 Skyhawk,L1P,L
A840CB,N6305H,J3,PIPER J-3 Cub,L1P,L
A844CB,N6317L,,,,
A846CB,N632SS,G73,GRUMMAN G-73 Mallard,A2P,L
A848CB,N6329P,PA24,PIPER PA-24 Comanche,L1P,L
A84CCB,N634CA,GLID,,L0-,-
A84FCB,N6346J,P28A,PIPER PA-28-140/150/160/180,L1P,L
A851CB,N635RE,,,,
A85BCB,N638DM,RV8,VANS RV-8,L1P,L
A85CCB,N638PT,GLST,GLASAIR SH-4 GlaStar,L1P,L
A860CB,N639SR,SR22,CIRRUS SR-22,L1P,L
A861CB,N6392B,C182,CESSNA 182 Skylane,L1P,L
A862CB,N6399N,CH7B,BELLANCA 7 Citabria,L1P,L
A866CB,N640S,RENE,Renegade,L1P,L
A868CB,N64087,C172,CESSNA 172 Skyhawk,L1P,L
A872CB,N6430U,M20P,MOONEY M-20,L1P,L
A878CB,N645LC,MA5,MARQUART MA-5 Charger,L1P,L
A87FCB,N647FT,P28A,PIPER PA-28-140/150/160/180,L1P,L
A881CB,N6471V,COUR,HELIO Courier,L1P,L
A882CB,N64786,C175,CESSNA 175 Skylark,L1P,L
A883CB,N648JR,BE36,BEECH 36 Bonanza,L1P,L
A88CCB,N650AS,C650,CESSNA 650 Citation,L2J,M
A88FCB,N6505K,RC3,REPUBLIC RC-3 Seabee,A1P,L
A897CB,N6529R,BT36,BEECH B36TC Bonanza,L1P,L
A89BCB,N654CC,RV8,VANS RV-8,L1P,L
A8A1CB,N6551C,BE35,BEECH 35 Starfire Bonanza,L1P,L
A8A6CB,N657AR,RV8,VANS RV-8,L1P,L
A8AACB,N658DP,BE58,BEECH 58 Baron,L2P,L
A8ACCB,N6580A,C180,CESSNA  180 Skywagon,L1P,L
A8B5CB,N660SB,R66,ROBINSON R-66,H1T,L
A8B7CB,N66089,C150,CESSNA 150,L1P,L
A8B9CB,N661V,BE35,BEECH 35 Starfire Bonanza,L1P,L
A8BECB,N66254,C150,CESSNA 150,L1P,L
A8C1CB,N6630W,P28A,PIPER PA-28-140/150/160/180,L1P,L
A8C6CB,N665,P28B,PIPER PA-28-201T/235/236,L1P,L
A8CFCB,N667SA,R44,ROBINSON R-44 Raven,H1P,L
A8D0CB,N6671X,BE58,BEECH 58 Baron,L2P,L
A8DECB,N6705M,C182,CESSNA 182 Skylane,L1P,L
A8DFCB,N671DS,KR2,RAND KR-2,L1P,L
A8E1CB,N6710D,BE24,BEECH 24 Sierra,L1P,L
A8E2CB,N6717Q,G164,GRUMMAN G-164 Ag-Cat,L1P,L
A8E5CB,N6722G,C150,CESSNA 150,L1P,L
A8EDCB,N6746N,M20P,MOONEY M-20,L1P,L
A8F0CB,N6751E,C175,CESSNA 175 Skylark,L1P,L
A8F2CB,N676JA,BE9L,BEECH 90 King Air,L2T,L
A8F4CB,N6763H,J3,PIPER J-3 Cub,L1P,L
A8FFCB,N6792F,C150,CESSNA 150,L1P,L
A900CB,N6799S,C150,CESSNA 150,L1P,L
A902CB,N68VT,C182,CESSNA 182 Skylane,L1P,L
A905CB,N68010,DHC2,DE HAVILLAND DHC-2 Beaver,L1P,L
A906CB,N6809A,C172,CESSNA 172 Skyhawk,L1P,L
A90FCB,N683QS,C56X,CESSNA 560XL Citation XLS,L2J,M
A911CB,N68379,C402,CESSNA 402 Businessliner,L2P,L
A914CB,N68421,ST75,STEARMAN Kaydet,L1P,L
A918CB,N68544,CH7B,BELLANCA 7 Citabria,L1P,L
A923CB,N68832,ST75,STEARMAN Kaydet,L1P,L
A927CB,N68955,VALI,CONVAIR Valiant,L1P,L
A92DCB,N6905P,PA24,PIPER PA-24 Comanche,L1P,L
A92FCB,N691Q,BE35,BEECH 35 Starfire Bonanza,L1P,L
A931CB,N6917S,C150,CESSNA 150,L1P,L
A934CB,N6922J,P28A,PIPER PA-28-140/150/160/180,L1P,L
A939CB,N694CG,,,,
A93CCB,N6946Q,BE23,BEECH 23 Sundowner,L1P,L
A93FCB,N6951G,C150,CESSNA 150,L1P,L
A944CB,N697AV,A321,AIRBUS A-321,L2J,M
A945CB,N697MA,B06,BELL 206 JetRanger,H1T,L
A94BCB,N6987R,BE19,BEECH 19 Sport,L1P,L
A94FCB,N6999U,M20P,MOONEY M-20,L1P,L
A950CB,N7KP,DA40,DIAMOND DA-40 Club Star,L1P,L
A951CB,N7VV,RV6,VANS RV-6,L1P,L
A952CB,N70G,BE95,BEECH 95 Travel Air,L2P,L
A953CB,N70SF,CH7B,BELLANCA 7 Citabria,L1P,L
A954CB,N700CL,TBM7,SOCATA TBM-700A/B/C,L1T,L
A956CB,N700YY,C510,CESSNA 510 Citation Mustang,L2J,L
A957CB,N7006U,BALL,,B0-,-
A958CB,N701FJ,LJ45,LEARJET 45,L2J,M
A95BCB,N7018X,C150,CESSNA 150,L1P,L
A963CB,N704DX,C150,CESSNA 150,L1P,L
A966CB,N7047V,LNC2,LANCAIR 200-320,L1P,L
A968CB,N705TA,PC12,PILATUS PC-12,L1T,L
A96ACB,N7059Y,PA30,PIPER PA-30 Twin Comanche,L2P,L
A96DCB,N7064Q,BE65,BEECH 65 Queen Air,L2P,L
A96ECB,N707CK,B744,BOEING 747-400,L4J,H
A971CB,N7076T,C172,CESSNA 172 Skyhawk,L1P,L
A974CB,N7081K,LNC2,LANCAIR 200-320,L1P,L
A975CB,N7088W,P28A,PIPER PA-28-140/150/160/180,L1P,L
A978CB,N7093N,BALL,,B0-,-
A97ACB,N71MD,QIC2,QUICKIE Q2,L1P,L
A97DCB,N710TW,B752,BOEING 757-200,L2J,M
A97ECB,N71027,J3,PIPER J-3 Cub,L1P,L
A980CB,N711LN,PTS1,PITTS S-1 Special,L1P,L
A982CB,N7115,GLID,,L0-,-
A984CB,N712PL,PELI,FLYER Pelican,L1P,L
A987CB,N713GC,GB1,GAME COMPOSITES GameBird,L1P,L
A988CB,N713SJ,C172,CESSNA 172 Skyhawk,L1P,L
A989CB,N71315,L8,LUSCOMBE 8,L1P,L
A98ACB,N7139F,BALL,,B0-,-
A98BCB,N714KA,FOX,KITFOX,L1P,L
A98CCB,N714VG,C152,CESSNA 152,L1P,L
A994CB,N71603,L8,LUSCOMBE 8,L1P,L
A996CB,N717HP,C208,CESSNA 208 Caravan,L1T,L
A997CB,N717TV,C310,CESSNA 310,L2P,L
A998CB,N71726,C182,CESSNA 182 Skylane,L1P,L
A999CB,N718AF,B190,BEECH 1900,L2T,M
A9A1CB,N72GB,,,,
A9A2CB,N72SH,VEZE,RUTAN VariEze,L1P,L
A9A6CB,N7206W,P28A,PIPER PA-28-140/150/160/180,L1P,L
A9A7CB,N721FL,T206,CESSNA T206 Turbo Stationair,L1P,L
A9A8CB,N721RS,BE35,BEECH 35 Starfire Bonanza,L1P,L
A9A9CB,N7211N,C182,CESSNA 182 Skylane,L1P,L
A9AACB,N7218Z,PA25,PIPER PA-25 Pawnee,L1P,L
A9ABCB,N722JJ,SF50,CIRRUS SF-50 Vision,L1J,L
A9ADCB,N7223R,GLAS,Glasair,L1P,L
A9AECB,N723BA,A5,ICON A-5,A1P,L
A9B1CB,N7235U,BE58,BEECH 58 Baron,L2P,L
A9B5CB,N7247X,C150,CESSNA 150,L1P,L
A9B8CB,N7252P,PA24,PIPER PA-24 Comanche,L1P,L
A9C0CB,N7276V,C82S,CESSNA T182 Turbo Skylane,L1P,L
A9C3CB,N7281M,C206,CESSNA  206 Stationair,L1P,L
A9C4CB,N7288Y,PA30,PIPER PA-30 Twin Comanche,L2P,L
A9C5CB,N729JH,C172,CESSNA 172 Skyhawk,L1P,L
A9C7CB,N7293Q,C182,CESSNA 182 Skylane,L1P,L
A9CDCB,N73029,C120,CESSNA 120,L1P,L
A9CECB,N731AJ,C310,CESSNA 310,L2P,L
A9D4CB,N732ZU,C210,CESSNA 201 Centurion,L1P,L
A9D5CB,N7327E,C210,CESSNA 201 Centurion,L1P,L
A9D7CB,N733SL,C172,CESSNA 172 Skyhawk,L1P,L
A9D8CB,N73317,C172,CESSNA 172 Skyhawk,L1P,L
A9DACB,N734KC,T34P,BEECH T-34 Mentor,L1P,L
A9DFCB,N735YG,C182,CESSNA 182 Skylane,L1P,L
A9E1CB,N736ET,C172,CESSNA 172 Skyhawk,L1P,L
A9E4CB,N7368F,C172,CESSNA 172 Skyhawk,L1P,L
A9E6CB,N737TX,C172,CESSNA 172 Skyhawk,L1P,L
A9E7CB,N73728,C172,CESSNA 172 Skyhawk,L1P,L
A9E8CB,N738AH,C172,CESSNA 172 Skyhawk,L1P,L
A9E9CB,N738LP,C82R,CESSNA R182 Skylane RG,L1P,L
A9EACB,N738WV,C182,CESSNA 182 Skylane,L1P,L
A9EBCB,N7385A,C172,CESSNA 172 Skyhawk,L1P,L
A9ECCB,N739DF,C172,CESSNA 172 Skyhawk,L1P,L
A9F1CB,N74SK,BE35,BEECH 35 Starfire Bonanza,L1P,L
A9F5CB,N7406Y,PA30,PIPER PA-30 Twin Comanche,L2P,L
A9F6CB,N741FN,MU2,MITSUBISHI MU-2 Marquise,L2T,L
AA00CB,N7435W,P28A,PIPER PA-28-140/150/160/180,L1P,L
AA03CB,N7440N,C182,CESSNA 182 Skylane,L1P,L
AA08CB,N74592,AA5,AMERICAN AA-5 Tiger,L1P,L
AA0CCB,N747CP,LJ35,LEARJET 35,L2J,M
AA17CB,N75BB,BE18,BEECH 18 Expetitor,L2P,L
AA18CB,N75MH,KR2,RAND KR-2,L1P,L
AA19CB,N75XP,LJ45,LEARJET 45,L2J,M
AA1BCB,N750U,P28A,PIPER PA-28-140/150/160/180,L1P,L
AA1CCB,N7503A,ULAC,,L0-,-
AA1DCB,N751AL,B752,BOEING 757-200,L2J,M
AA1ECB,N751LS,C170,CESSNA 170,L1P,L
AA1FCB,N751WY,G164,GRUMMAN G-164 Ag-Cat,L1P,L
AA20CB,N7515D,BE70,BEECH 70 Queen Air,L2P,L
AA24CB,N7527G,R44,ROBINSON R-44 Raven,H1P,L
AA30CB,N756EV,C182,CESSNA 182 Skylane,L1P,L
AA31CB,N756RA,C82R,CESSNA R182 Skylane RG,L1P,L
AA37CB,N758AK,C172,CESSNA 172 Skyhawk,L1P,L
AA38CB,N758LR,C172,CESSNA 172 Skyhawk,L1P,L
AA3BCB,N759DH,C182,CESSNA 182 Skylane,L1P,L
AA3ECB,N7597F,CH7A,BELLANCA 7 Champion,L1P,L
AA40CB,N76SM,CH7B,BELLANCA 7 Citabria,L1P,L
AA44CB,N76060,C120,CESSNA 120,L1P,L
AA45CB,N761FQ,T210,CESSNA T210 Turbo Centurion,L1P,L
AA46CB,N761RW,E170,EMBRAER ERJ-170-100,L2J,M
AA47CB,N7611S,C182,CESSNA 182 Skylane,L1P,L
AA4BCB,N7623V,C77R,CESSNA 177RG Cardinal RG,L1P,L
AA4FCB,N7635Y,PA30,PIPER PA-30 Twin Comanche,L2P,L
AA5BCB,N767CR,C172,CESSNA 172 Skyhawk,L1P,L
AA5FCB,N768FP,DRON,,D0-,-
AA60CB,N768RV,RV8,VANS RV-8,L1P,L
AA62CB,N76882,C140,CESSNA 140,L1P,L
AA66CB,N77BD,G44,GRUMMAN G-44 Widgeon,A2P,L
AA68CB,N77XR,AS20,SCHLEICHER ASW-20,L1P,L
AA6BCB,N7703C,PA44,PIPER PA-44 Seminole,L2P,L
AA6CCB,N771AN,B772,BOEING 777-200,L2J,H
AA6ECB,N771X,C185,CESSNA 185 Skywagon,L1P,L
AA70CB,N772DL,PA31,PIPER PA-31-300/310/325/350/425,L2P,L
AA76CB,N7732A,B737,BOEING 737-700,L2J,M
AA77CB,N7739M,M22,MOONEY M-22 Mustang,L1P,L
AA7ECB,N7756G,C150,CESSNA 150,L1P,L
AA81CB,N77609,FA24,FAIRCHILD F-24 Argus,L1P,L
AA83CB,N777HV,PA18,PIPER PA-18 Super Cub,L1P,L
AA84CB,N777UA,B772,BOEING 777-200,L2J,H
AA87CB,N778LT,R44,ROBINSON R-44 Raven,H1P,L
AA8ECB,N78GH,PA31,PIPER PA-31-300/310/325/350/425,L2P,L
AA8FCB,N78SP,VEZE,RUTAN VariEze,L1P,L
AA91CB,N780P,S76,SIKORSKY S-76 Spirit,H2T,L
AA97CB,N78185,C185,CESSNA 185 Skywagon,L1P,L
AA9BCB,N783BG,C72R,CESSNA 172R Cutlass RG,L1P,L
AAA2CB,N78473,PA12,PIPER PA-12 Super Cruiser,L1P,L
AAA3CB,N785HC,PA46,PIPER PA-46-310/350,L1P,L
AAA5CB,N7852V,M20P,MOONEY M-20,L1P,L
AAA6CB,N78596,C172,CESSNA 172 Skyhawk,L1P,L
AAA9CB,N7864Y,PA30,PIPER PA-30 Twin Comanche,L2P,L
AAACCB,N787ZE,S22T,CIRRUS SR-22T Turbo,L1P,L
AAAFCB,N788RX,CH60,ZENAIR CH-600 Zodiac,L1P,L
AAB1CB,N78884,M20P,MOONEY M-20,L1P,L
AAB6CB,N79MM,BE33,BEECH 33 Bonanza,L1P,L
AABECB,N7915H,PA12,PIPER PA-12 Super Cruiser,L1P,L
AAC6CB,N7939P,PA24,PIPER PA-24 Comanche,L1P,L
AAD9CB,N799DM,RV9,VANS RV-9,L1P,L
AADBCB,N799ZZ,M4,MAULE M-4,L1P,L
AADECB,N8SR,P28R,PIPER PA-28R-180/200/201,L1P,L
AADFCB,N80CW,CP30,PIEL Emeraude,L1P,L
AAE0CB,N80PB,VEZE,RUTAN VariEze,L1P,L
AAE5CB,N801CE,DRON,,D0-,-
AAEACB,N802RJ,RV8,VANS RV-8,L1P,L
AAECCB,N8028R,BE24,BEECH 24 Sierra,L1P,L
AAEDCB,N803JA,C208,CESSNA 208 Caravan,L1T,L
AAEFCB,N8033H,SR22,CIRRUS SR-22,L1P,L
AAF0CB,N804AT,PA44,PIPER PA-44 Seminole,L2P,L
AAF3CB,N8045L,C172,CESSNA 172 Skyhawk,L1P,L
AAF6CB,N8050C,PA18,PIPER PA-18 Super Cub,L1P,L
AAF7CB,N8057P,AT8T,AIR TRACTOR AT-802,L1T,M
AAF8CB,N806GP,RV7,VANS RV-7,L1P,L
AAFACB,N8062F,C150,CESSNA 150,L1P,L
AAFBCB,N8069S,P32R,PIPER PA-32R-300/301/301T,L1P,L
AAFFCB,N808CD,SR22,CIRRUS SR-22,L1P,L
AB02CB,N8086M,C310,CESSNA 310,L2P,L
AB04CB,N809RH,C206,CESSNA  206 Stationair,L1P,L
AB05CB,N8091D,PA18,PIPER PA-18 Super Cub,L1P,L
AB0ACB,N810QS,C700,CESSNA 700 Citation Longitude,L2J,M
AB0BCB,N8100Y,PA18,PIPER PA-18 Super Cub,L1P,L
AB0DCB,N811HJ,C441,CESSNA 441 Conquest,L2T,L
AB10CB,N812AA,B788,BOEING 787-8 Dreamliner,L2J,H
AB13CB,N81244,FA24,FAIRCHILD F-24 Argus,L1P,L
AB17CB,N81367,AA5,AMERICAN AA-5 Tiger,L1P,L
AB1ACB,N8141Z,P28A,PIPER PA-28-140/150/160/180,L1P,L
AB20CB,N816MT,SS2T,TRUSH Turbo Thrush 500/550,L1T,L
AB25CB,N8170X,C172,CESSNA 172 Skyhawk,L1P,L
AB26CB,N81778,P28R,PIPER PA-28R-180/200/201,L1P,L
AB29CB,N81820,BE99,BEECH 99 Airliner,L2T,L
AB2BCB,N819LF,EC35,AIRBUS HELICOPTERS EC-135/635,H2T,L
AB2FCB,N82PD,PTS2,PITTS S-2 Special,L1P,L
AB33CB,N8204M,BE36,BEECH 36 Bonanza,L1P,L
AB34CB,N821CG,E300,EXTRA EA-300/330/350,L1P,L
AB35CB,N821NN,B738,BOEING 737-800,L2J,M
AB39CB,N822RL,H25B,HAWKER BEECHCRAFT Hawker 750/850,L2J,M
AB3ACB,N8221G,C77R,CESSNA 177RG Cardinal RG,L1P,L
AB3ECB,N8233K,S108,STINSON 108 Voyager,L1P,L
AB40CB,N824MA,P210,CESSNA P210 Centurion,L1P,L
AB41CB,N824XG,BALL,,B0-,-
AB42CB,N8245N,P28A,PIPER PA-28-140/150/160/180,L1P,L
AB46CB,N8257R,BL17,BELLANCA 17 Viking,L1P,L
AB49CB,N8262H,P28A,PIPER PA-28-140/150/160/180,L1P,L
AB4BCB,N827KP,PARA,,P0-,-
AB4ECB,N828CF,C72R,CESSNA 172R Cutlass RG,L1P,L
AB51CB,N8286P,PA24,PIPER PA-24 Comanche,L1P,L
AB5ACB,N83000,BE36,BEECH 36 Bonanza,L1P,L
AB5BCB,N8308A,C170,CESSNA 170,L1P,L
AB5DCB,N831TS,P28A,PIPER PA-28-140/150/160/180,L1P,L
AB5ECB,N83123,CH7A,BELLANCA 7 Champion,L1P,L
AB62CB,N83246,B47G,BELL 47G,H1P,L
AB69CB,N83411,PA18,PIPER PA-18 Super Cub,L1P,L
AB6DCB,N83534,PA18,PIPER PA-18 Super Cub,L1P,L
AB75CB,N8378,G164,GRUMMAN G-164 Ag-Cat,L1P,L
AB76CB,N838HK,E145,EMBRAER ERJ-145,L2J,M
AB78CB,N83822,CH7A,BELLANCA 7 Champion,L1P,L
AB79CB,N839AB,RV8,VANS RV-8,L1P,L
AB7CCB,N83945,CH7A,BELLANCA 7 Champion,L1P,L
AB7DCB,N84D,BE35,BEECH 35 Starfire Bonanza,L1P,L
AB7ECB,N84PF,LA4,LAKE LA-4/200,A1P,L
AB82CB,N8404P,PA24,PIPER PA-24 Comanche,L1P,L
AB86CB,N8416S,C182,CESSNA 182 Skylane,L1P,L
AB89CB,N8421J,MOR2,MORRISEY Nifty,L1P,L
AB94CB,N8450G,P28A,PIPER PA-28-140/150/160/180,L1P,L
AB98CB,N8462K,S108,STINSON 108 Voyager,L1P,L
ABA0CB,N8486R,P28A,PIPER PA-28-140/150/160/180,L1P,L
ABAACB,N8508C,P28R,PIPER PA-28R-180/200/201,L1P,L
ABAECB,N852AE,E135,EMBRAER ERJ-135,L2J,M
ABB1CB,N85248,CH7A,BELLANCA 7 Champion,L1P,L
ABB8CB,N85413,CH7A,BELLANCA 7 Champion,L1P,L
ABCCCB,N86DB,C172,CESSNA 172 Skyhawk,L1P,L
ABCDCB,N86PH,B06,BELL 206 JetRanger,H1T,L
ABD5CB,N8616U,C172,CESSNA 172 Skyhawk,L1P,L
ABD9CB,N8628X,B105,EUROCOPTER BO-105,H2T,L
ABE4CB,N8657V,CH7B,BELLANCA 7 Citabria,L1P,L
ABE8CB,N8669Y,PA30,PIPER PA-30 Twin Comanche,L2P,L
ABEBCB,N8674Q,BE35,BEECH 35 Starfire Bonanza,L1P,L
ABECCB,N868CK,SR22,CIRRUS SR-22,L1P,L
AC00CB,N8725,COL4,CESSNA 400 Corvalis TT,L1P,L
AC08CB,N8749F,H269,HUGHES Sky Knight,H1P,L
AC0FCB,N8766A,BE35,BEECH 35 Starfire Bonanza,L1P,L
AC10CB,N877ER,,,,
AC13CB,N8778D,PA22,PIPER PA-22,L1P,L
AC1BCB,N88DD,F2TH,DASSAULT Falcon 2000,L2J,M
AC1CCB,N88PK,C182,CESSNA 182 Skylane,L1P,L
AC28CB,N8828Z,C172,CESSNA 172 Skyhawk,L1P,L
AC29CB,N883JJ,BL8,BELLANCA 8 Decathlon,L1P,L
AC2BCB,N8833R,B14A,BELLANCA 14,L1P,L
AC2CCB,N884BA,B762,BOEING 767-200,L2J,H
AC33CB,N8857X,C182,CESSNA 182 Skylane,L1P,L
AC3BCB,N888CM,C172,CESSNA 172 Skyhawk,L1P,L
AC3CCB,N888NT,PC12,PILATUS PC-12,L1T,L
AC42CB,N8898Y,PA30,PIPER PA-30 Twin Comanche,L2P,L
AC46CB,N890R,BE35,BEECH 35 Starfire Bonanza,L1P,L
AC4BCB,N89129,C140,CESSNA 140,L1P,L
AC4ECB,N892WW,BE33,BEECH 33 Bonanza,L1P,L
AC5ECB,N8966C,BE35,BEECH 35 Starfire Bonanza,L1P,L
AC64CB,N898TX,SR20,CIRRUS SR-20,L1P,L
AC6ACB,N9DF,M20P,MOONEY M-20,L1P,L
AC6BCB,N9PM,P28R,PIPER PA-28R-180/200/201,L1P,L
AC6CCB,N9ZT,SR22,CIRRUS SR-22,L1P,L
AC6ECB,N90WD,RLU1,RLU Super Breezy,L1P,L
AC6FCB,N900GJ,VENT,SCHEMPP-HIRTH Ventus,L1P,L
AC73CB,N901KG,BL8,BELLANCA 8 Decathlon,L1P,L
AC75CB,N9014D,,,,
AC78CB,N902YL,,,,
AC79CB,N9026G,C182,CESSNA 182 Skylane,L1P,L
AC7CCB,N90309,RV8,VANS RV-8,L1P,L
AC7DCB,N9038K,P28A,PIPER PA-28-140/150/160/180,L1P,L
AC7FCB,N904UA,,,,
AC80CB,N9043B,CH7A,BELLANCA 7 Champion,L1P,L
AC81CB,N905AM,DA40,DIAMOND DA-40 Club Star,L1P,L
AC84CB,N9055E,AR11,AERONCA 11 Chief,L1P,L
AC85CB,N906DK,C56X,CESSNA 560XL Citation XLS,L2J,M
AC8FCB,N9084C,CH7A,BELLANCA 7 Champion,L1P,L
AC94CB,N91EW,BE77,BEECH 77 Skipper,L1P,L
AC95CB,N91RB,C25A,CESSNA 525A Citation CJ2,L2J,L
AC96CB,N910BG,G103,GROB G-103 Twin 3SL,L1P,L
AC9ACB,N911EE,LNP4,LANCAIR PropJet 4,L1T,L
AC9DCB,N91173,NAVI,NORTH AMERICAN Navion,L1P,L
AC9ECB,N912HC,CRER,RANS Courier,L1P,L
ACA0CB,N9122V,M20P,MOONEY M-20,L1P,L
ACA1CB,N91296,,,,
ACA3CB,N913WG,RV9,VANS RV-9,L1P,L
ACA4CB,N9134Y,P28A,PIPER PA-28-140/150/160/180,L1P,L
ACABCB,N9151T,UH12,HILLER UH-12,H1P,L
ACACCB,N91584,NAVI,NORTH AMERICAN Navion,L1P,L
ACAFCB,N9163W,P28B,PIPER PA-28-201T/235/236,L1P,L
ACB0CB,N917BF,,,,
ACB1CB,N917MM,E50P,EMBRAER EMB-500 Phenom 100,L2J,L
ACB3CB,N9175Z,P28R,PIPER PA-28R-180/200/201,L1P,L
ACB4CB,N918ED,PA18,PIPER PA-18 Super Cub,L1P,L
ACB6CB,N9180R,PARA,,P0-,-
ACB7CB,N91872,GLID,,L0-,-
ACB8CB,N919HB,LEG2,LANCAIR Legacy,L1P,L
ACBBCB,N91995,J3,PIPER J-3 Cub,L1P,L
ACBCCB,N92L,G44,GRUMMAN G-44 Widgeon,A2P,L
ACBFCB,N920SS,FDCT,FLIGHT DESIGN CT,L1P,L
ACC4CB,N9214F,M7,MAULE M-7,L1P,L
ACC5CB,N922CA,RV12,VANS RV-12,L1P,L
ACC9CB,N923EZ,M20P,MOONEY M-20,L1P,L
ACCACB,N923RE,C68A,CESSNA 680 Citation Latitude,L2J,M
ACCBCB,N9231A,GLID,,L0-,-
ACCFCB,N9243D,PA22,PIPER PA-22,L1P,L
ACDACB,N9272B,C175,CESSNA 175 Skylark,L1P,L
ACDECB,N9284E,AR11,AERONCA 11 Chief,L1P,L
ACDFCB,N929C,S108,STINSON 108 Voyager,L1P,L
ACE2CB,N9296H,C172,CESSNA 172 Skyhawk,L1P,L
ACE6CB,N930MQ,BE9L,BEECH 90 King Air,L2T,L
ACE8CB,N93052,C210,CESSNA 201 Centurion,L1P,L
ACEFCB,N9322X,C82R,CESSNA R182 Skylane RG,L1P,L
ACF0CB,N93298,C185,CESSNA 185 Skywagon,L1P,L
ACFACB,N9351V,M20P,MOONEY M-20,L1P,L
ACFBCB,N93586,BL17,BELLANCA 17 Viking,L1P,L
AD02CB,N93751,ERCO,AIR PRODUCTS F-1 Aircoupe,L1P,L
AD09CB,N9392W,P28B,PIPER PA-28-201T/235/236,L1P,L
AD0ACB,N93997,ERCO,AIR PRODUCTS F-1 Aircoupe,L1P,L
AD0BCB,N94LB,M7,MAULE M-7,L1P,L
AD13CB,N9414H,C172,CESSNA 172 Skyhawk,L1P,L
AD17CB,N9426L,,,,
AD19CB,N943RG,P28B,PIPER PA-28-201T/235/236,L1P,L
AD1ACB,N9431C,P28A,PIPER PA-28-140/150/160/180,L1P,L
AD1BCB,N9438P,PA24,PIPER PA-24 Comanche,L1P,L
AD23CB,N946DP,PA46,PIPER PA-46-310/350,L1P,L
AD26CB,N9467M,C182,CESSNA 182 Skylane,L1P,L
AD28CB,N947ST,A119,AGUSTA AW-119 Koala,H1T,L
AD2ACB,N9479Q,BE33,BEECH 33 Bonanza,L1P,L
AD31CB,N9496K,S108,STINSON 108 Voyager,L1P,L
AD32CB,N95F,VEZE,RUTAN VariEze,L1P,L
AD33CB,N95RF,FOX,KITFOX,L1P,L
AD37CB,N95054,PARA,,P0-,-
AD3BCB,N95177,ULAC,,L0-,-
AD42CB,N95342,TAYB,TAYLORCRAFT BC/BF/BL,L1P,L
AD44CB,N954PC,PA18,PIPER PA-18 Super Cub,L1P,L
AD48CB,N955SA,CH7B,BELLANCA 7 Citabria,L1P,L
AD4BCB,N956JT,A321,AIRBUS A-321,L2J,M
AD51CB,N95753,TAYB,TAYLORCRAFT BC/BF/BL,L1P,L
AD5DCB,N960SW,CRJ2,BOMBARDIER Regional Jet CRJ-200,L2J,M
AD62CB,N9614K,C188,CESSNA 188 AgTruck,L1P,L
AD63CB,N962CE,MD83,MCDONNELL-DOUGLAS MD-83,L2J,M
AD6ACB,N9638R,BE95,BEECH 95 Travel Air,L2P,L
AD6DCB,N9643H,C172,CESSNA 172 Skyhawk,L1P,L
AD6ECB,N965AT,B712,BOEING 717-200,L2J,M
AD71CB,N9655L,AA1,AMERICAN AA-1,L1P,L
AD75CB,N9667P,PA18,PIPER PA-18 Super Cub,L1P,L
AD79CB,N9679S,CH7A,BELLANCA 7 Champion,L1P,L
AD7ACB,N968KM,SR22,CIRRUS SR-22,L1P,L
AD7CCB,N9684J,P28A,PIPER PA-28-140/150/160/180,L1P,L
AD7DCB,N969CD,FDCT,FLIGHT DESIGN CT,L1P,L
AD7ECB,N969NK,A20N,AIRBUS A-320neo,L2J,M
AD81CB,N97FB,RV12,VANS RV-12,L1P,L
AD89CB,N9710Y,BE35,BEECH 35 Starfire Bonanza,L1P,L
AD8ACB,N97179,S108,STINSON 108 Voyager,L1P,L
AD8DCB,N97221,C182,CESSNA 182 Skylane,L1P,L
AD8ECB,N973AA,SH36,SHORT 360,L2T,M
AD91CB,N97344,S108,STINSON 108 Voyager,L1P,L
AD95CB,N97467,C182,CESSNA 182 Skylane,L1P,L
AD97CB,N975SC,B407,BELL 407,H1T,L
AD9CCB,N97632,C337,CESSNA 337 Super Skymaster,L2P,L
ADA0CB,N97755,C172,CESSNA 172 Skyhawk,L1P,L
ADA3CB,N9780X,C210,CESSNA 201 Centurion,L1P,L
ADA8CB,N98A,BL8,BELLANCA 8 Decathlon,L1P,L
ADAACB,N98WM,ST75,STEARMAN Kaydet,L1P,L
ADABCB,N980GS,,,,
ADAECB,N9809V,SONX,SONEX AIRCRAFT Sonex,L1P,L
ADB3CB,N982NN,B738,BOEING 737-800,L2J,M
ADB6CB,N983FE,C208,CESSNA 208 Caravan,L1T,L
ADB8CB,N9831G,C172,CESSNA 172 Skyhawk,L1P,L
ADBCCB,N9843K,P28A,PIPER PA-28-140/150/160/180,L1P,L
ADC1CB,N986DT,S22T,CIRRUS SR-22T Turbo,L1P,L
ADC3CB,N9860E,GLID,,L0-,-
ADC4CB,N9867R,BE35,BEECH 35 Starfire Bonanza,L1P,L
ADCBCB,N9884L,AA1,AMERICAN AA-1,L1P,L
ADCFCB,N9896P,PA25,PIPER PA-25 Pawnee,L1P,L
ADD0CB,N99FD,F260,AERMACCHI SF-260,L1P,L
ADD1CB,N99RK,BE58,BEECH 58 Baron,L2P,L
ADD5CB,N99058,ERCO,AIR PRODUCTS F-1 Aircoupe,L1P,L
ADD8CB,N99100,C172,CESSNA 172 Skyhawk,L1P,L
ADE1CB,N994DA,DV20,DIAMOND DA-20,L1P,L
ADE7CB,N99511,JACE,ACE Junior Ace,L1P,L
ADE8CB,N9959B,C182,CESSNA 182 Skylane,L1P,L
ADEFCB,N99757,ERCO,AIR PRODUCTS F-1 Aircoupe,L1P,L
ADF0CB,N998EM,LS8,ROLLADEN-SCHNEIDER LS-8T,L1P,L
ADF4CB,N999HK,PA22,PIPER PA-22,L1P,L
ADF5CB,N999TR,GLF4,GULFSTREAM 4,L2J,M
ADFCCB,93-0651,BE40,BEECH 400 Beechjet,L2J,M
ADFDCB,93-2042,C130,LOCKHEED C-130 Hercules,L4T,M
ADFECB,84-00485,BE20,BEECH 200 Super King Air,L2T,M
ADFFCB,65-10416,T38,NORTHROP T-38 Talon,L2J,L
AE00CB,65-10437,T38,NORTHROP T-38 Talon,L2J,L
AE01CB,62-4135,R135,BOEING RC-135,L4J,H
AE02CB,90-9107,C130,LOCKHEED C-130 Hercules,L4T,M
AE03CB,163311,C130,LOCKHEED C-130 Hercules,L4T,M
AE04CB,61-0318,K35R,BOEING KC-135R/T Stratotanker,L4J,H
AE07CB,88-0265,C17,BOEING C-17 Globemaster 3,L4J,H
AE0DCB,83-23886,H60,SIKORSKY UH-60 Black Hawk,H2T,M
AE11CB,03-3705,TEX2,BEECHCRAFT T-6 Texan 2,L1T,L
AE12CB,66-0219,C130,LOCKHEED C-130 Hercules,L4T,M
AE13CB,04-3757,TEX2,BEECHCRAFT T-6 Texan 2,L1T,L
AE14CB,161074,BE9L,BEECH 90 King Air,L2T,L
AE18CB,78-0659,A10,FAIRCHILD A-10 Thunderbolt II,L2J,M
AE1CCB,86-0163,F15,MCDONNELL-DOUGLAS F-15 Eagle,L2J,M
AE1DCB,167847,H60,SIKORSKY UH-60 Black Hawk,H2T,M
AE1ECB,166070,TEX2,BEECHCRAFT T-6 Texan 2,L1T,L
AE1FCB,11-72188,EC45,AIRBUS HELICOPTERS EC-145,H2T,L
AE21CB,06-27074,H60,SIKORSKY UH-60 Black Hawk,H2T,M
AE26CB,89-2047,F16,GENERAL DYNAMICS F-16 Fighting Falcon,L1J,M
AE50CB,10-20267,H60,SIKORSKY UH-60 Black Hawk,H2T,M
AE51CB,11-20415,H60,SIKORSKY UH-60 Black Hawk,H2T,M
AE52CB,10-08818,H47,BOEING-VERTOL CH-47 Chinook,H2T,M
AE54CB,12-5757,C30J,LOCKHEED MARTIN C-130J Super Hercules,L4T,M
AE56CB,13-20611,H60,SIKORSKY UH-60 Black Hawk,H2T,M
AE57CB,169006,P8,BOEING P-8 Poseidon,L2J,M
AE59CB,14-08170,H47,BOEING-VERTOL CH-47 Chinook,H2T,M
AE5ACB,15-20745,H60,SIKORSKY UH-60 Black Hawk,H2T,M
AE5BCB,15-20783,H60,SIKORSKY UH-60 Black Hawk,H2T,M
AE5CCB,90-26225,H60,SIKORSKY UH-60 Black Hawk,H2T,M
AE5DCB,168624,V22,BELL-BOEING V-22 Osprey,R2T,M
AE5ECB,162041,B06,BELL 206 JetRanger,H1T,L
AE6CCB,20-03363,H64,MCDONNELL DOUGLAS AH-64 Apache,H2T,M
AE74CB,21-03432,H64,MCDONNELL DOUGLAS AH-64 Apache,H2T,M
C000CB,C-FAHU,B06,BELL 206 JetRanger,H1T,L
C001CB,C-FARQ,C208,CESSNA 208 Caravan,L1T,L
C003CB,C-FBLI,PA22,PIPER PA-22,L1P,L
C004CB,C-FBVE,C172,CESSNA 172 Skyhawk,L1P,L
C005CB,C-FCFA,,,,
C007CB,C-FCYS,L8,LUSCOMBE 8,L1P,L
C009CB,C-FDSK,ULAC,,L0-,-
C00ACB,C-FECG,NORS,NOORDUYN Norseman,L1P,L
C00BCB,C-FEMC,LJ40,LEARJET 40,L2J,M
C00CCB,C-FEVY,,,,
C00DCB,C-FFFU,PTS1,PITTS S-1 Special,L1P,L
C00ECB,C-FFPQ,LA4,LAKE LA-4/200,A1P,L
C00FCB,C-FFZM,DHC2,DE HAVILLAND DHC-2 Beaver,L1P,L
C010CB,C-FGJI,A320,AIRBUS A-320,L2J,M
C011CB,C-FGTE,GLST,GLASAIR SH-4 GlaStar,L1P,L
C012CB,C-FHDA,,,,
C013CB,C-FHMW,T206,CESSNA T206 Turbo Stationair,L1P,L
C014CB,C-FHWS,,,,
C015CB,C-FIGO,S76,SIKORSKY S-76 Spirit,H2T,L
C016CB,C-FIQK,P28B,PIPER PA-28-201T/235/236,L1P,L
C017CB,C-FJAG,DHC1,DE HAVILLAND DHC-1 Chipmunk,L1P,L
C018CB,C-FJKC,RC3,REPUBLIC RC-3 Seabee,A1P,L
C019CB,C-FJTY,CH7A,BELLANCA 7 Champion,L1P,L
C01ACB,C-FKDU,CH7A,BELLANCA 7 Champion,L1P,L
C01BCB,C-FKNQ,AS55,AEROSPATIALE AS-355 Ecureuil 2,H2T,L
C01CCB,C-FKXM,CRER,RANS Courier,L1P,L
C01DCB,C-FLHI,B38M,BOEING 737 MAX 8,L2J,M
C01FCB,C-FMBA,CH7B,BELLANCA 7 Citabria,L1P,L
C020CB,C-FMKW,PA22,PIPER PA-22,L1P,L
C022CB,C-FNEO,R22,ROBINSON R-22 Mariner,H1P,L
C023CB,C-FNOK,ZZZZ,,-0-,-
C024CB,C-FNYG,AS50,AEROSPATIALE AS-350 Ecureuil,H1T,L
C026CB,C-FORY,,,,
C027CB,C-FPBU,FOX,KITFOX,L1P,L
C028CB,C-FPLQ,P28A,PIPER PA-28-140/150/160/180,L1P,L
C02ACB,C-FQFI,C150,CESSNA 150,L1P,L
C02BCB,C-FQPE,C150,CESSNA 150,L1P,L
C02CCB,C-FQZA,P28A,PIPER PA-28-140/150/160/180,L1P,L
C02DCB,C-FRIW,P28A,PIPER PA-28-140/150/160/180,L1P,L
C02ECB,C-FRSS,P28A,PIPER PA-28-140/150/160/180,L1P,L
C02FCB,C-FSCO,D328,DORNIER 328,L2T,M
C030CB,C-FSMK,,,,
C031CB,C-FSWG,EXEC,ROTORWAY Exec,H1P,L
C032CB,C-FTGC,,,,
C034CB,C-FTZU,,,,
C035CB,C-FUJQ,PA18,PIPER PA-18 Super Cub,L1P,L
C036CB,C-FUTM,,,,
C037CB,C-FVDI,C150,CESSNA 150,L1P,L
C039CB,C-FVXA,C150,CESSNA 150,L1P,L
C03ACB,C-FWGW,,,,
C03BCB,C-FWQS,P28A,PIPER PA-28-140/150/160/180,L1P,L
C03CCB,C-FXAO,P28A,PIPER PA-28-140/150/160/180,L1P,L
C03DCB,C-FXKK,C550,CESSNA 550 Citation S2,L2J,L
C03ECB,C-FXUG,P28A,PIPER PA-28-140/150/160/180,L1P,L
C03FCB,C-FYEC,,,,
C040CB,C-FYNY,C172,CESSNA 172 Skyhawk,L1P,L
C041CB,C-FYXU,C140,CESSNA 140,L1P,L
C043CB,C-FZRM,B738,BOEING 737-800,L2J,M
C045CB,C-GALE,MM24,MAGNI M-24 Orion,G1P,L
C046CB,C-GAVA,UH1,BELL UH-1 Huey,H1T,L
C047CB,C-GBEW,LA4,LAKE LA-4/200,A1P,L
C048CB,C-GBOS,DH8C,DE HAVILLAND DHC-8-300 Dash 8,L2T,M
C049CB,C-GBYO,,,,
C04CCB,C-GDCC,CL35,BOMBARDIER BD-100 Challenger 350,L2J,M
C04ECB,C-GDVU,CH7B,BELLANCA 7 Citabria,L1P,L
C04FCB,C-GEFQ,C172,CESSNA 172 Skyhawk,L1P,L
C050CB,C-GEPM,EXEC,ROTORWAY Exec,H1P,L
C051CB,C-GEZI,AA5,AMERICAN AA-5 Tiger,L1P,L
C052CB,C-GFJE,C172,CESSNA 172 Skyhawk,L1P,L
C053CB,C-GFTA,M4,MAULE M-4,L1P,L
C054CB,C-GGCW,C177,CESSNA  177 Cardinal,L1P,L
C055CB,C-GGMS,CH7B,BELLANCA 7 Citabria,L1P,L
C056CB,C-GGWO,M5,MAULE M-5,L1P,L
C058CB,C-GHQG,A321,AIRBUS A-321,L2J,M
C059CB,C-GIAC,GLF5,GULFSTREAM 5,L2J,M
C05ACB,C-GIJY,,,,
C05BCB,C-GITU,A321,AIRBUS A-321,L2J,M
C05DCB,C-GJNM,BE33,BEECH 33 Bonanza,L1P,L
C05ECB,C-GJXI,C172,CESSNA 172 Skyhawk,L1P,L
C062CB,C-GLKS,G2T1,GREAT LAKES 2T-1,L1P,L
C064CB,C-GMEK,EC20,AIRBUS HELICOPTERS EC-120,H1T,L
C065CB,C-GMOG,,,,
C069CB,C-GOBQ,P28A,PIPER PA-28-140/150/160/180,L1P,L
C06ACB,C-GOLM,C206,CESSNA  206 Stationair,L1P,L
C06CCB,C-GPFE,G120,GROB G-120,L1P,L
C06DCB,C-GPPA,C182,CESSNA 182 Skylane,L1P,L
C06ECB,C-GPYW,C172,CESSNA 172 Skyhawk,L1P,L
C06FCB,C-GQIS,C210,CESSNA 201 Centurion,L1P,L
C071CB,C-GRCK,GLID,,L0-,-
C072CB,C-GRMG,PA24,PIPER PA-24 Comanche,L1P,L
C073CB,C-GRWC,R44,ROBINSON R-44 Raven,H1P,L
C075CB,C-GSPU,B407,BELL 407,H1T,L
C076CB,C-GSZQ,H500,HUGHES 500,H1T,L
C077CB,C-GTJM,FOX,KITFOX,L1P,L
C078CB,C-GTTI,T28,NORTH AMERICAN T-28,L1P,L
C079CB,C-GUDE,,,,
C07ACB,C-GUNA,SS2T,TRUSH Turbo Thrush 500/550,L1T,L
C07BCB,C-GUWW,SC7,SHORT Skyvan,L2T,L
C07CCB,C-GVGS,SRAI,GREAT PLAINS Sonerai,L1P,L
C07DCB,C-GVQO,C172,CESSNA 172 Skyhawk,L1P,L
C07ECB,C-GWAK,,,,
C080CB,C-GWUC,CH70,ZENAIR CH-701 Stol,L1P,L
C081CB,C-GXDY,GL7T,BOMBARDIER BD-700 Global 7000/7500,L2J,M
C082CB,C-GXNU,CL60,BOMBARDIER CL-600 Challenger,L2J,M
C084CB,C-GYHM,C185,CESSNA 185 Skywagon,L1P,L
C085CB,C-GYRI,E55P,EMBRAER EMB-505 Phenom 300,L2J,M
C086CB,C-GZBE,DHC2,DE HAVILLAND DHC-2 Beaver,L1P,L
C087CB,C-GZLA,RBEL,MURPHY Rebel,L1P,L
C088CB,C-GZUW,PA22,PIPER PA-22,L1P,L
C08ACB,C-IAOO,DSA1,SMITH DSA-1 Miniplane,L1P,L
C08BCB,C-IAYK,ULAC,,L0-,-
C08CCB,C-IBIG,ULAC,,L0-,-
C08ECB,C-ICBY,PARA,,P0-,-
C08FCB,C-ICLU,PARA,,P0-,-
C090CB,C-ICVQ,ULAC,,L0-,-
C091CB,C-IDFM,ULAC,,L0-,-
C092CB,C-IDPI,ULAC,,L0-,-
C093CB,C-IDZE,PARA,,P0-,-
C094CB,C-IEJA,ULAC,,L0-,-
C095CB,C-IESW,ULAC,,L0-,-
C096CB,C-IFCS,PELI,FLYER Pelican,L1P,L
C097CB,C-IFMO,PARA,,P0-,-
C098CB,C-IFWK,,,,
C099CB,C-IGGG,ULAC,,L0-,-
C09ACB,C-IGQC,,,,
C09BCB,C-IGZY,ULAC,,L0-,-
C09CCB,C-IHJU,,,,
C09DCB,C-IHTQ,BEVR,ASAP Beaver,L1P,L
C0A1CB,C-IJHA,PARA,,P0-,-
C0A2CB,C-IJQW,PARA,,P0-,-
C0A5CB,C-IKUK,PARA,,P0-,-
C0A6CB,C-ILEG,PARA,,P0-,-
C0A7CB,C-ILOC,PARA,,P0-,-
C0CDCB,C-IZYG,TAYA,TAYLORCRAFT A,L1P,L
C1E9CB,SERV,SERV,,V0-,-
C2B0CB,156126,TEX2,BEECHCRAFT T-6 Texan 2,L1T,L
C2B5CB,130617,C30J,LOCKHEED MARTIN C-130J Super Hercules,L4T,M
C800CB,ZK-BJT,C170,CESSNA 170,L1P,L
C803CB,ZK-EBL,P28A,PIPER PA-28-140/150/160/180,L1P,L
C804CB,ZK-ETJ,C152,CESSNA 152,L1P,L
C807CB,ZK-GCY,GLID,,L0-,-
C80ACB,ZK-DZM,FU24,FLETCHER FU-24,L1P,L
C811CB,ZK-STN,S108,STINSON 108 Voyager,L1P,L
C817CB,ZK-HYK,H500,HUGHES 500,H1T,L
C818CB,ZK-JQJ,ULAC,,L0-,-
C81ACB,ZK-GGR,DG1T,DG FLUGZEUGBAU DG-1001T,L1P,L
C81BCB,ZK-HVS,R22,ROBINSON R-22 Mariner,H1P,L
C81CCB,ZK-CPY,DHC1,DE HAVILLAND DHC-1 Chipmunk,L1P,L
C81DCB,ZK-CTD,C172,CESSNA 172 Skyhawk,L1P,L
C81ECB,ZK-SGS,COY2,RANS Coyote 2,L1P,L
C81FCB,ZK-CJN,P208,TECNAM P-2008,L1P,L
C820CB,ZK-CTT,C172,CESSNA 172 Skyhawk,L1P,L
C821CB,ZK-IIC,AS50,AEROSPATIALE AS-350 Ecureuil,H1T,L
C822CB,ZK-ZTH,PA22,PIPER PA-22,L1P,L
C827CB,ZK-JPA,P28A,PIPER PA-28-140/150/160/180,L1P,L
C828CB,ZK-PCH,RV6,VANS RV-6,L1P,L
E032CB,LV-CKK,LJ60,LEARJET 60,L2J,M
E061CB,LV-FGK,EC20,AIRBUS HELICOPTERS EC-120,H1T,L
E064CB,LV-FSK,B738,BOEING 737-800,L2J,M
E070CB,LV-GCK,LJ60,LEARJET 60,L2J,M
E071CB,LV-GGK,B738,BOEING 737-800,L2J,M
E072CB,LV-GKK,TWEN,TECNAM Twenty-Ten,L1P,L
E073CB,LV-GOK,CL30,BOMBARDIER BD-100 Challenger 300,L2J,M
E080CB,LV-HCK,R66,ROBINSON R-66,H1T,L
E081CB,LV-HGK,BE55,BEECH 55 Baron,L2P,L
E082CB,LV-HKK,BE58,BEECH 58 Baron,L2P,L
E480CB,PR-XGT,BE9L,BEECH 90 King Air,L2T,L
E484CB,PR-UUT,E50P,EMBRAER EMB-500 Phenom 100,L2J,L
E487CB,PP-CPN,LJ45,LEARJET 45,L2J,M
E488CB,PR-XDA,A109,AGUSTA AW-109 Grand,H2T,L
E48CCB,PP-JRR,BE58,BEECH 58 Baron,L2P,L
E48ECB,PP-BLV,SR22,CIRRUS SR-22,L1P,L
E48FCB,PT-MXO,A321,AIRBUS A-321,L2J,M
E490CB,PR-VDB,C208,CESSNA 208 Caravan,L1T,L
E493CB,PR-FJV,P46T,PIPER PA-46-500TP,L1T,L
E494CB,PR-SKF,C172,CESSNA 172 Skyhawk,L1P,L
E499CB,PT-OCV,E110,EMBRAER EMB-110 Bandeirante,L2T,L
E808CB,CC-ASX,LGEZ,RUTAN Long-EZ,L1P,L
E8CFCB,OB-2114,C172,CESSNA 172 Skyhawk,L1P,L
E94BCB,CP-3019,B733,BOEING 737-300,L2J,M
