0084CE,ZS-BUR,SR22,CIRRUS SR-22,L1P,L
0085CE,ZS-CEN,PA22,PIPER PA-22,L1P,L
008DCE,ZS-FFH,C182,CESSNA 182 Skylane,L1P,L
0094CE,ZS-HWF,R22,ROBINSON R-22 Mariner,H1P,L
00A6CE,ZS-ORL,SS2T,TRUSH Turbo Thrush 500/550,L1T,L
00ADCE,ZS-RIJ,R22,ROBINSON R-22 Mariner,H1P,L
00AFCE,ZS-SCB,C172,CESSNA 172 Skyhawk,L1P,L
00CDCE,ZU-JPW,RV10,VANS RV-10,L1P,L
0101CE,SU-TMJ,B738,BOEING 737-800,L2J,M
02A1CE,TS-IOO,B737,BOEING 737-700,L2J,M
04C0CE,5Y-KWM,B407,BELL 407,H1T,L
04C1CE,5Y-WFB,F50,FOKKER 50,L2T,M
0641CE,5N-BTH,S92,SIKORSKY S-92 Helibus,H2T,M
06A0CE,A7-GHG,A139,AGUSTA AW-139,H2T,L
06A1CE,A7-CGI,GLF6,GULFSTREAM G650,L2J,M
06A2CE,A7-DDD,DA42,DIAMOND DA-42 Guardian,L2P,L
08CECE,9S-ABJ,B733,BOEING 737-300,L2J,M
0900CE,D2-FLB,AT72,ATR-72-202,L2T,M
0AC3CE,HK-5275,A320,AIRBUS A-320,L2J,M
0C20CE,HP-1854CMP,B738,BOEING 737-800,L2J,M
0D04CE,XA-UKF,LJ35,LEARJET 35,L2J,M
0D09CE,XA-VAU,A320,AIRBUS A-320,L2J,M
0D0BCE,XA-BBB,B39M,BOEING 737 MAX 9,L2J,M
0D0CCE,XA-VRO,A20N,AIRBUS A-320neo,L2J,M
0D81CE,YV2970,C208,CESSNA 208 Caravan,L1T,L
0D83CE,YV1310,M20P,MOONEY M-20,L1P,L
1100CE,RACE,GLID,,L0-,-
1130CE,GND,GND,,V0-,-
1407CE,RA-01998,A139,AGUSTA AW-139,H2T,L
1418CE,RA-06350,R66,ROBINSON R-66,H1T,L
141ECE,RA-07886,B58T,BEECH 58TC Baron,L2P,L
1457CE,RA-22478,MI8,MIL Mi-8/9/17/19/171/172,H2T,M
151DCE,RA-73166,A321,AIRBUS A-321,L2J,M
151ECE,RA-73422,A320,AIRBUS A-320,L2J,M
151FCE,RA-73678,A319,AIRBUS A-319,L2J,M
155BCE,RA-89038,SU95,SUKHOI Superjet 100-95,L2J,M
157DCE,RF-97742,SU57,SUKHOI Su-57,L2J,M
1809CE,RA-2510G,Z42,ZLIN Z-42/142/242,L1P,L
3003CE,I-ELLO,H500,HUGHES 500,H1T,L
3005CE,I-AMDI,C172,CESSNA 172 Skyhawk,L1P,L
31DECE,I-A298,MX1T,WORLD AIRCRAFT Sentinel,L1P,L
33FECE,MM81674,A109,AGUSTA AW-109 Grand,H2T,L
33FFCE,MM55079,M339,AERMACCHI MB-339,L1J,L
3415CE,EC-IEF,A320,AIRBUS A-320,L2J,M
3420CE,EC-JAZ,A319,AIRBUS A-319,L2J,M
3432CE,T.19B-22,CN35,CASA CN-235 Persuader,L2T,M
3434CE,EC-LGV,F2TH,DASSAULT Falcon 2000,L2J,M
3435CE,EC-LOR,EC35,AIRBUS HELICOPTERS EC-135/635,H2T,L
3440CE,EC-LNH,A332,AIRBUS A-330-200,L2J,H
3444CE,EC-MAJ,A332,AIRBUS A-330-200,L2J,H
3450CE,EC-MHF,G2CA,GUIMBAL G-2 Cabri,H1P,L
3453CE,EC-MQK,B744,BOEING 747-400,L4J,H
3461CE,EC-NDG,A319,AIRBUS A-319,L2J,M
3462CE,EC-NBT,AS32,AEROSPATIALE AS-332 Super Puma,H2T,M
3571CE,E.27-14,PC21,PILATUS PC-21,L1T,L
3825CE,F-BJOO,PICO,GENERAL AVIA F-15 Picchio,L1P,L
3911CE,F-GEOO,PA34,PIPER PA-34 Seneca,L2P,L
3914CE,F-GFGO,P28A,PIPER PA-28-140/150/160/180,L1P,L
394DCE,F-GTOO,P28A,PIPER PA-28-140/150/160/180,L1P,L
3950CE,F-GUGO,A318,AIRBUS A-318,L2J,M
3988CE,F-HCGO,P06T,TECNAM P-2006T,L2P,L
398CCE,F-HDGO,DA40,DIAMOND DA-40 Club Star,L1P,L
3995CE,F-HFOO,HDJT,HONDA HondaJet,L2J,L
3999CE,F-HGOO,DV20,DIAMOND DA-20,L1P,L
39B5CE,F-HNOO,P28A,PIPER PA-28-140/150/160/180,L1P,L
39B9CE,F-HOOO,DA40,DIAMOND DA-40 Club Star,L1P,L
39C4CE,F-HRGO,DR40,ROBIN DR-400,L1P,L
39C8CE,F-HSGO,TWEN,TECNAM Twenty-Ten,L1P,L
39C9CE,F-HSOO,DR40,ROBIN DR-400,L1P,L
39CCCE,F-HTGO,PC12,PILATUS PC-12,L1T,L
39CDCE,F-HTOO,A359,AIRBUS A-350-900,L2J,H
39E5CE,F-HZOO,APM2,ISSOIRE APM-20 Lionceau,L1P,L
3AAACE,F-MEAU,NH90,NHI NH-90,H2T,M
3AABCE,5541,AS55,AEROSPATIALE AS-355 Ecureuil 2,H2T,L
3B76CE,F-RAVJ,AS55,AEROSPATIALE AS-355 Ecureuil 2,H2T,L
3B77CE,114,CN35,CASA CN-235 Persuader,L2T,M
3B9BCE,26,ATLA,BREGUET Atlantic,L2T,M
3C17CE,D-AYAJ,A321,AIRBUS A-321,L2J,M
3C49CE,D-ABNN,A320,AIRBUS A-320,L2J,M
3C4ACE,D-ABVN,B744,BOEING 747-400,L4J,H
3C4DCE,D-ACNN,CRJ9,BOMBARDIER Regional Jet CRJ-900,L2J,M
3C65CE,D-AINN,A20N,AIRBUS A-320neo,L2J,M
3C6DCE,D-AKNN,A319,AIRBUS A-319,L2J,M
3C85CE,D-BANN,CL30,BOMBARDIER BD-100 Challenger 300,L2J,M
3C9CCE,D-BGFN,E550,EMBRAER EMB-550 Praetor 600,L2J,M
3CBDCE,D-BONN,F2TH,DASSAULT Falcon 2000,L2J,M
3CC9CE,D-CDSO,C55B,CESSNA 550B Citation Bravo,L2J,L
3D05CE,D-EALI,M20P,MOONEY M-20,L1P,L
3D07CE,D-EBFA,P28B,PIPER PA-28-201T/235/236,L1P,L
3D08CE,D-EBOW,B209,MBB BO-209 Monsun,L1P,L
3D09CE,D-EBYS,C172,CESSNA 172 Skyhawk,L1P,L
3D0ACE,D-ECIO,C77R,CESSNA 177RG Cardinal RG,L1P,L
3D0BCE,D-ECSK,P28T,PIPER PA-28RT-201,L1P,L
3D0ECE,D-EDVY,SR22,CIRRUS SR-22,L1P,L
3D0FCE,D-EEFU,RALL,SOCATA Rallye,L1P,L
3D10CE,D-EEPQ,DR40,ROBIN DR-400,L1P,L
3D11CE,D-EEZM,C150,CESSNA 150,L1P,L
3D12CE,D-EFJI,B209,MBB BO-209 Monsun,L1P,L
3D14CE,D-EGDA,DR40,ROBIN DR-400,L1P,L
3D15CE,D-EGMW,C177,CESSNA  177 Cardinal,L1P,L
3D16CE,D-EGWS,M20P,MOONEY M-20,L1P,L
3D17CE,D-EHGO,AC11,NORTH AMERICAN ROCKWELL Commander 112/114,L1P,L
3D19CE,D-EIAG,P28A,PIPER PA-28-140/150/160/180,L1P,L
3D1ACE,D-EIKC,P210,CESSNA P210 Centurion,L1P,L
3D1BCE,D-EITY,P28U,PIPER PA-28RT-201T Turbo,L1P,L
3D21CE,D-ELBA,DV20,DIAMOND DA-20,L1P,L
3D24CE,D-EMEO,F260,AERMACCHI SF-260,L1P,L
3D27CE,D-ENIC,F260,AERMACCHI SF-260,L1P,L
3D29CE,D-EOBU,P149,PIAGGIO P-149,L1P,L
3D2BCE,D-EOVM,C152,CESSNA 152,L1P,L
3D31CE,D-ERCO,DV20,DIAMOND DA-20,L1P,L
3D32CE,D-ERMK,RV7,VANS RV-7,L1P,L
3D35CE,D-ESPY,SR20,CIRRUS SR-20,L1P,L
3D38CE,D-ETTM,C182,CESSNA 182 Skylane,L1P,L
3D39CE,D-EUDI,PA32,PIPER PA-32,L1P,L
3D3ECE,D-EWAO,DV20,DIAMOND DA-20,L1P,L
3D3FCE,D-EWKK,C152,CESSNA 152,L1P,L
3D40CE,D-EWUG,DR40,ROBIN DR-400,L1P,L
3D41CE,D-EXEC,DA40,DIAMOND DA-40 Club Star,L1P,L
3D46CE,D-EZBI,Z26,ZLIN Z-26/126/226/326/526/626/726,L1P,L
3D4ECE,D-FCCC,PC12,PILATUS PC-12,L1T,L
3D54CE,D-FEJE,PC6T,PILATUS PC-6 Turbo-Porter,L1T,L
3D68CE,D-FLYC,C208,CESSNA 208 Caravan,L1T,L
3DD2CE,D-HABU,EC35,AIRBUS HELICOPTERS EC-135/635,H2T,L
3DD6CE,D-HBPE,EC35,AIRBUS HELICOPTERS EC-135/635,H2T,L
3DDDCE,D-HEGC,AS32,AEROSPATIALE AS-332 Super Puma,H2T,M
3DF8CE,D-HOLY,B06,BELL 206 JetRanger,H1T,L
3E04CE,D-HTAC,G2CA,GUIMBAL G-2 Cabri,H1P,L
3E17CE,D-IAFE,DA62,DIAMOND DA-62,L2P,L
3E1ACE,D-IBIS,C303,CESSNA T303 Crusader,L2P,L
3E5ECE,D-KBCG,GLID,,L0-,-
3E73CE,D-KJBA,SF25,SCHEIBE SF-25 Falke,L1P,L
3E77CE,D-KKOK,ARCP,SCHEMPP-HIRTH Arcus M,L1P,L
3EC1CE,D-KOIW,DISC,SCHEMPP-HIRTH Discus,L1P,L
3EC2CE,D-KOSS,SF25,SCHEIBE SF-25 Falke,L1P,L
3ECBCE,D-KSDI,GLID,,L0-,-
3ED1CE,D-KUKK,DIMO,DIAMOND H-36 Dimona,L1P,L
3EE2CE,D-0567,GLID,,L0-,-
3EECCE,D-3127,GLID,,L0-,-
3EEECE,D-3639,GLID,,L0-,-
3FD6CE,D-OSTY,BALL,,B0-,-
3FDCCE,D-OVBA,BALL,,B0-,-
3FEACE,D-MASZ,C42,IKARUS C-42 Bison,L1P,L
3FEBCE,D-MVBC,GOLF,TECNAM P-96 Golf,L1P,L
3FECCE,D-MARY,BREZ,AEROSTYLE Breezer,L1P,L
3FEECE,D-MPWZ,FDCT,FLIGHT DESIGN CT,L1P,L
3FEFCE,D-MDKB,FDCT,FLIGHT DESIGN CT,L1P,L
3FF0CE,D-MJGX,G3,REMOS Mirage,L1P,L
3FF2CE,D-MMZC,FK9,B&F TECHNIK FK-9,L1P,L
3FF3CE,D-MPZZ,ULAC,,L0-,-
3FF4CE,D-MMTD,NG5,BRM AERO NG-5/6 Bristell,L1P,L
4009CE,G-FRAL,FA20,DASSAULT Falcon 200,L2J,M
400ACE,G-ZZSA,EC25,AIRBUS HELICOPTERS EC-225/725,H2T,M
400CCE,G-BXGA,AS50,AEROSPATIALE AS-350 Ecureuil,H1T,L
400DCE,G-SHAR,C182,CESSNA 182 Skylane,L1P,L
400ECE,G-BYUJ,G115,GROB G-115,L1P,L
4013CE,G-AFGM,J4,PIPER J-4 Cub Coupe,L1P,L
4014CE,G-AOUP,DHC1,DE HAVILLAND DHC-1 Chipmunk,L1P,L
4017CE,G-TEWS,P28A,PIPER PA-28-140/150/160/180,L1P,L
4018CE,G-AYMK,P28A,PIPER PA-28-140/150/160/180,L1P,L
4019CE,G-BAEY,C172,CESSNA 172 Skyhawk,L1P,L
401ACE,G-BBHY,P28A,PIPER PA-28-140/150/160/180,L1P,L
401BCE,G-BDBV,D11,JODEL D-11x/12x,L1P,L
401CCE,G-BFBE,HR20,ROBIN HR-200,L1P,L
401DCE,G-BGPH,AA5,AMERICAN AA-5 Tiger,L1P,L
401ECE,G-BICG,C152,CESSNA 152,L1P,L
4020CE,G-BLHR,GA7,DAHER-SOCATA TB-360 Tangara,L2P,L
4022CE,G-RAZY,P28A,PIPER PA-28-140/150/160/180,L1P,L
4023CE,G-MJDJ,ULAC,,L0-,-
4025CE,G-BCUS,BDOG,BRITISH AEROSPACE SA-3 Bulldog,L1P,L
4026CE,G-BMOH,BALL,,B0-,-
4028CE,G-BNGT,P28A,PIPER PA-28-140/150/160/180,L1P,L
402CCE,G-MVIU,ULAC,,L0-,-
402DCE,G-BPOS,C150,CESSNA 150,L1P,L
4031CE,G-BSLT,P28A,PIPER PA-28-140/150/160/180,L1P,L
4032CE,G-BAGG,PA32,PIPER PA-32,L1P,L
4035CE,G-BUEP,M7,MAULE M-7,L1P,L
403CCE,G-SNEV,ULAC,,L0-,-
4040CE,G-BYDV,RV6,VANS RV-6,L1P,L
4048CE,G-CCAE,JABI,Jabiru J120,L1P,L
4051CE,G-CENH,SIRA,TECNAM P-2002 Sierra,L1P,L
4052CE,G-EFLY,GLID,,L0-,-
4054CE,G-OTIV,WT9,AEROSPOOL WT-9 Dynamic,L1P,L
4056CE,G-CEZB,SVNH,AEROTEC Savannah,L1P,L
4058CE,G-DDRW,GLID,,L0-,-
405DCE,G-IGHT,RV8,VANS RV-8,L1P,L
4060CE,G-LNIG,ULAC,,L0-,-
4063CE,G-CGNZ,EUPA,Europa,L1P,L
4064CE,G-DCJM,GLID,,L0-,-
4065CE,G-CGXC,ULAC,,L0-,-
4066CE,G-TAWG,B738,BOEING 737-800,L2J,M
4067CE,G-WPDD,EC35,AIRBUS HELICOPTERS EC-135/635,H2T,L
4068CE,G-FLBY,C42,IKARUS C-42 Bison,L1P,L
4069CE,G-IRAK,TOBA,SOCATA Tobago,L1P,L
406ACE,G-ISLI,AT75,ATR-72-500,L2T,M
406BCE,G-IDYL,CLON,AUTOGYRO Cavalon,G1P,L
406DCE,G-LMRD,AT45,ATR-42-500,L2T,M
406ECE,G-CISR,ZZZZ,,-0-,-
406FCE,G-CIZP,CLON,AUTOGYRO Cavalon,G1P,L
4071CE,G-JMCK,B734,BOEING 737-400,L2J,M
4072CE,G-TGPG,B733,BOEING 737-300,L2J,M
4073CE,G-VBEL,B789,BOEING 787-9 Dreamliner,L2J,H
4074CE,G-LSZA,DA42,DIAMOND DA-42 Guardian,L2P,L
4076CE,G-HBRB,C42,IKARUS C-42 Bison,L1P,L
407ACE,G-OBTO,CC19,CUB CRAFTERS CC-19 XCub,L1P,L
4244CE,VQ-BOH,A320,AIRBUS A-320,L2J,M
4247CE,VP-CGC,EC30,AIRBUS HELICOPTERS EC-130,H1T,L
43C4CE,ZD983,H47,BOEING-VERTOL CH-47 Chinook,H2T,M
43C7CE,ZK551,H47,BOEING-VERTOL CH-47 Chinook,H2T,M
43C8CE,ZM327,TEX2,BEECHCRAFT T-6 Texan 2,L1T,L
43E9CE,M-USIK,GLF6,GULFSTREAM G650,L2J,M
43EACE,M-YFLY,PC12,PILATUS PC-12,L1T,L
43EDCE,2-CATS,A109,AGUSTA AW-109 Grand,H2T,L
4401CE,OE-9468,S10S,STEMME S-10 Chrysalis,L1P,L
4402CE,OE-9129,GLID,,L0-,-
4404CE,OE-9382,DIMO,DIAMOND H-36 Dimona,L1P,L
4406CE,OE-5500,GLID,,L0-,-
440BCE,OE-LNX,B752,BOEING 757-200,L2J,M
440CCE,OE-AMK,BR23,BRM AERO Bristell B23,L1P,L
4485CE,OO-ANN,PA44,PIPER PA-44 Seminole,L2P,L
4488CE,OO-BFN,BALL,,B0-,-
449FCE,OO-G18,WT9,AEROSPOOL WT-9 Dynamic,L1P,L
44A7CE,OO-I18,VL3,AVEKO Flamingo,L1P,L
44B2CE,OO-LVN,PA25,PIPER PA-25 Pawnee,L1P,L
44CCCE,OO-SFN,A333,AIRBUS A-330-300,L2J,H
44CDCE,OO-SNN,A320,AIRBUS A-320,L2J,M
44D1CE,OO-TNN,B734,BOEING 737-400,L2J,M
4520CE,LZ-FBK,A320,AIRBUS A-320,L2J,M
458ACE,OY-BVN,BE33,BEECH 33 Bonanza,L1P,L
45A1CE,OY-HNN,R44,ROBINSON R-44 Raven,H1P,L
45D0CE,OY-TFN,R100,ROBIN Aiglon,L1P,L
45E2CE,OY-XVN,DUOD,SCHEMPP-HIRTH Duo Discus,L1P,L
4689CE,SX-BNN,SW4,SWEARINGEN Metro,L2T,M
4692CE,SX-DVN,A320,AIRBUS A-320,L2J,M
4706CE,HA-CPA,C206,CESSNA  206 Stationair,L1P,L
4715CE,HA-IGS,C152,CESSNA 152,L1P,L
4722CE,HA-NES,TB20,SOCATA TB-20 Trinidad,L1P,L
472FCE,HA-SCS,C650,CESSNA 650 Citation,L2J,M
47A1CE,LN-OOZ,EC35,AIRBUS HELICOPTERS EC-135/635,H2T,L
47A6CE,LN-NGO,B738,BOEING 737-800,L2J,M
4841CE,PH-SSX,AS65,AEROSPATIALE AS-365 Dauphin 2,H2T,L
4848CE,PH-BIS,TAMP,SOCATA TB-9 Tampico,L1P,L
4849CE,PH-FAS,DAL4,DALLACH D-4 Fascination,L1P,L
484ACE,PH-3R1,EV97,EVEKTRO EV-97 EuroStar,L1P,L
484BCE,PH-NCD,DR40,ROBIN DR-400,L1P,L
484CCE,PH-LSA,CRUZ,CSA PS-28 Cruiser,L1P,L
4851CE,PH-1AI,ZZZZ,,-0-,-
4853CE,PH-ARS,BALL,,B0-,-
4854CE,PH-1UB,ZZZZ,,-0-,-
4855CE,PH-2LP,ZZZZ,,-0-,-
4856CE,PH-2WD,ZZZZ,,-0-,-
4863CE,PH-1656,GLID,,L0-,-
4864CE,PH-WPA,G280,GULFSTREAM G280,L2J,M
488CCE,SP-DGO,M28,PZL-MIELEC M-28 Skytruck,L2T,M
489ECE,SP-HXP,EC35,AIRBUS HELICOPTERS EC-135/635,H2T,L
48FDCE,SP-SHOO,PIVI,PIPSTREL Virus,L1P,L
4912CE,CS-DVN,C650,CESSNA 650 Citation,L2J,M
4951CE,CS-TNN,A320,AIRBUS A-320,L2J,M
49D0CE,OK-WYN,C177,CESSNA  177 Cardinal,L1P,L
49D2CE,OK-GFS,AT75,ATR-72-500,L2T,M
49D3CE,OK-JFA,BE40,BEECH 400 Beechjet,L2J,M
49D4CE,OK-FSE,CRUZ,CSA PS-28 Cruiser,L1P,L
4A09CE,YR-BNN,BN2P,BRITTEN-NORMAN BN-2 Islander,L2P,L
4A35CE,333,EC35,AIRBUS HELICOPTERS EC-135/635,H2T,L
4A80CE,SE-LFS,F50,FOKKER 50,L2T,M
4A9DCE,SE-GNN,P28A,PIPER PA-28-140/150/160/180,L1P,L
4AA9CE,SE-JNN,R22,ROBINSON R-22 Mariner,H1P,L
4AB2CE,SE-LVN,DA40,DIAMOND DA-40 Club Star,L1P,L
4AB4CE,SE-MFN,AC90,NORTH AMERICAN ROCKWELL Turbo Commander 690/840,L2T,L
4AC8CE,SE-RFN,B738,BOEING 737-800,L2J,M
4AD1CE,SE-TNN,GLID,,L0-,-
4AD9CE,SE-VNN,XNON,CELIER Xenon,G1P,L
4B02CE,HB-BBQ,BALL,,B0-,-
4B04CE,HB-BVI,SHIP,,B0-,-
4B10CE,HB-GJM,BE20,BEECH 200 Super King Air,L2T,M
4B19CE,HB-JUC,FA7X,DASSAULT Falcon 7X,L3J,M
4B1ACE,HB-KDY,DR40,ROBIN DR-400,L1P,L
4B2CCE,HB-QZE,BALL,,B0-,-
4B2FCE,HB-SCS,DV20,DIAMOND DA-20,L1P,L
4B43CE,HB-ZRQ,A109,AGUSTA AW-109 Grand,H2T,L
4B47CE,HB-807,GLID,,L0-,-
4B4ACE,HB-1575,GLID,,L0-,-
4B4CCE,HB-2087,G109,GROB G-109,L1P,L
4B51CE,HB-3367,GLID,,L0-,-
4B7FCE,T-356,EC35,AIRBUS HELICOPTERS EC-135/635,H2T,L
4B82CE,OR-0177,C650,CESSNA 650 Citation,L2J,M
4BA8CE,TC-JFN,B738,BOEING 737-800,L2J,M
4BA9CE,TC-JNN,A333,AIRBUS A-330-300,L2J,H
4BAACE,TC-JVN,B738,BOEING 737-800,L2J,M
4BCDCE,TC-SNN,B738,BOEING 737-800,L2J,M
4CACCE,EI-GFD,A332,AIRBUS A-330-200,L2J,H
4CAFCE,EI-SII,A20N,AIRBUS A-320neo,L2J,M
4CC4CE,TF-IFB,SIRA,TECNAM P-2002 Sierra,L1P,L
4D03CE,LX-N90456,E3TF,BOEING E-3 Sentry (TF33),L4J,H
4D20CE,9H-VFF,CL60,BOMBARDIER CL-600 Challenger,L2J,M
4D21CE,9H-FRA,B738,BOEING 737-800,L2J,M
4D22CE,9H-SXK,A333,AIRBUS A-330-300,L2J,H
4D23CE,9H-CGG,A321,AIRBUS A-321,L2J,M
5001CE,T7-008,SB20,SAAB 2000,L2T,M
5002CE,T7-ALEX,GL5T,BOMBARDIER BD-700 Global 5000/5500,L2J,M
502CCE,YL-CSE,BCS3,AIRBUS A220-300,L2J,M
505CCE,OM-NFT,SD4,TOMARK Viper,L1P,L
506DCE,S5-DMA,C182,CESSNA 182 Skylane,L1P,L
5082CE,UR-ELU,SF34,SAAB 340,L2T,M
5110CE,ES-KEN,DA62,DIAMOND DA-62,L2P,L
6831CE,07-RED,AN72,ANTONOV An-74-200,L2J,M
70C0CE,A4O-SB,B788,BOEING 787-8 Dreamliner,L2J,H
717CCE,HZ-NS49,A20N,AIRBUS A-320neo,L2J,M
7394CE,4X-CHQ,C172,CESSNA 172 Skyhawk,L1P,L
7504CE,9M-WBB,A139,AGUSTA AW-139,H2T,L
7580CE,RP-C7256,AT75,ATR-72-500,L2T,M
7586CE,RP-C3901,A339,AIRBUS A-330-900,L2J,H
76CCCE,9V-SFN,B744,BOEING 747-400,L4J,H
76E4CE,9V-YFN,DA40,DIAMOND DA-40 Club Star,L1P,L
7800CE,B-8498,A320,AIRBUS A-320,L2J,M
7803CE,B-4060,CRJ7,BOMBARDIER Regional Jet CRJ-700,L2J,M
7804CE,B-5196,B738,BOEING 737-800,L2J,M
7805CE,B-3158,E190,EMBRAER ERJ-190-100,L2J,M
7807CE,B-6536,A332,AIRBUS A-330-200,L2J,H
7808CE,B-3203,E190,EMBRAER ERJ-190-100,L2J,M
7809CE,B-7691,CRJ9,BOMBARDIER Regional Jet CRJ-900,L2J,M
780ACE,B-9923,A320,AIRBUS A-320,L2J,M
780BCE,B-1925,B738,BOEING 737-800,L2J,M
780CCE,B-1880,A321,AIRBUS A-321,L2J,M
780DCE,B-1501,B738,BOEING 737-800,L2J,M
780FCE,B-8553,A321,AIRBUS A-321,L2J,M
7811CE,B-1451,B738,BOEING 737-800,L2J,M
7814CE,B-302F,A20N,AIRBUS A-320neo,L2J,M
7815CE,B-208E,B38M,BOEING 737 MAX 8,L2J,M
781ACE,B-321S,A321,AIRBUS A-321,L2J,M
781BCE,B-650Y,AJ27,COMAC ARJ-21-700 Xiangfeng,L2J,M
781CCE,B-12AD,B350,BEECHCRAFT Super King Air 350,L2T,M
781ECE,B-653R,AJ27,COMAC ARJ-21-700 Xiangfeng,L2J,M
7C06CE,VH-BMO,BE58,BEECH 58 Baron,L2P,L
7C0CCE,VH-CTC,EC30,AIRBUS HELICOPTERS EC-130,H1T,L
7C10CE,VH-DLS,S22T,CIRRUS SR-22T Turbo,L1P,L
7C11CE,VH-DSW,C150,CESSNA 150,L1P,L
7C15CE,VH-ELC,AS50,AEROSPATIALE AS-350 Ecureuil,H1T,L
7C17CE,VH-EZK,LGEZ,RUTAN Long-EZ,L1P,L
7C19CE,VH-FDS,BE20,BEECH 200 Super King Air,L2T,M
7C1ACE,VH-FKW,F50,FOKKER 50,L2T,M
7C1FCE,VH-GKG,M20T,MOONEY M-20T,L1P,L
7C2ACE,VH-IQO,C182,CESSNA 182 Skylane,L1P,L
7C30CE,VH-JXC,M20P,MOONEY M-20,L1P,L
7C3ACE,VH-LWG,SR22,CIRRUS SR-22,L1P,L
7C3CCE,VH-MAO,C172,CESSNA 172 Skyhawk,L1P,L
7C3DCE,VH-MHS,C172,CESSNA 172 Skyhawk,L1P,L
7C42CE,VH-NHC,F100,FOKKER 100,L2J,M
7C44CE,VH-NVK,B105,EUROCOPTER BO-105,H2T,L
7C47CE,VH-OGW,PA31,PIPER PA-31-300/310/325/350/425,L2P,L
7C58CE,VH-RTS,GA8,GIPPSAERO GA-8 Airvan,L1P,L
7C60CE,VH-TEO,R44,ROBINSON R-44 Raven,H1P,L
7C61CE,VH-TLS,M20T,MOONEY M-20T,L1P,L
7C68CE,VH-UZK,E190,EMBRAER ERJ-190-100,L2J,M
7C70CE,VH-WKG,P32T,PIPER PA-32RT-300/300T,L1P,L
7C71CE,VH-WRK,C172,CESSNA 172 Skyhawk,L1P,L
7C74CE,VH-XCW,B230,BELL 230,H2T,L
7C79CE,VH-YCG,RV8,VANS RV-8,L1P,L
7C7ACE,VH-YJK,YK52,YAKOVLEV Yak-52,L1P,L
7C7BCE,VH-YQO,B738,BOEING 737-800,L2J,M
7C7CCE,VH-YXS,A320,AIRBUS A-320,L2J,M
7C81CE,VH-ZXC,A139,AGUSTA AW-139,H2T,L
7CC3CE,24-8387,ECHO,TECNAM P-92 Echo,L1P,L
7CC4CE,24-7900,ALIG,ARION LS-1 Lightning,L1P,L
7CF9CE,A47-004,P8,BOEING P-8 Poseidon,L2J,M
8002CE,K3604,E35L,EMBRAER EMB-135 Legacy,L2J,M
8007CE,VT-IFR,A320,AIRBUS A-320,L2J,M
800BCE,VT-SLM,B738,BOEING 737-800,L2J,M
800CCE,VT-IVN,A20N,AIRBUS A-320neo,L2J,M
800FCE,VT-IJP,A20N,AIRBUS A-320neo,L2J,M
8013CE,VT-IUQ,A21N,AIRBUS A-321neo,L2J,M
8014CE,VT-IML,A21N,AIRBUS A-321neo,L2J,M
8468CE,JA145C,EC45,AIRBUS HELICOPTERS EC-145,H2T,L
8674CE,JA702J,B772,BOEING 777-200,L2J,H
867FCE,JA734J,B77W,BOEING 777-300ER,L2J,H
873DCE,JA962A,A139,AGUSTA AW-139,H2T,L
8881CE,VN-A238,F2TH,DASSAULT Falcon 2000,L2J,M
8961CE,A6-ZBS,A109,AGUSTA AW-109 Grand,H2T,L
8963CE,A6-BLA,B789,BOEING 787-9 Dreamliner,L2J,H
8965CE,A6-FKC,B38M,BOEING 737 MAX 8,L2J,M
8980CE,P2-NTE,K100,DAHER Kodiak 100,L1T,L
8990CE,B-16331,A333,AIRBUS A-330-300,L2J,H
8A01CE,PK-LGM,B739,BOEING 737-900,L2J,M
8A03CE,PK-WGK,AT76,ATR-72-600,L2T,M
8A04CE,PK-LBS,B738,BOEING 737-800,L2J,M
8A05CE,PK-NAL,B735,BOEING 737-500,L2J,M
8A07CE,PK-BDF,A20N,AIRBUS A-320neo,L2J,M
A000CE,N1JD,PA34,PIPER PA-34 Seneca,L2P,L
A001CE,N1UK,P28A,PIPER PA-28-140/150/160/180,L1P,L
A003CE,N10QW,BE20,BEECH 200 Super King Air,L2T,M
A004CE,N100BA,BE99,BEECH 99 Airliner,L2T,L
A005CE,N100MG,CRER,RANS Courier,L1P,L
A006CE,N100XN,,,,
A007CE,N1005U,M20P,MOONEY M-20,L1P,L
A008CE,N101DZ,,,,
A00ACE,N1010L,AT3P,AIR TRACTOR AT-301/401,L1P,L
A00BCE,N1017X,AT3T,AIR TRACTOR AT-302/402,L1T,L
A00CCE,N102GX,GX,REMOS GX,L1P,L
A00DCE,N102TC,PA18,PIPER PA-18 Super Cub,L1P,L
A00FCE,N10290,KR31,KREIDER-REISNER C-2 Challenger,L1P,L
A011CE,N103WA,,,,
A012CE,N1034S,M20P,MOONEY M-20,L1P,L
A013CE,N104CM,H269,HUGHES Sky Knight,H1P,L
A016CE,N1046V,T206,CESSNA T206 Turbo Stationair,L1P,L
A018CE,N105RR,BALL,,B0-,-
A01DCE,N1063Q,P32R,PIPER PA-32R-300/301/301T,L1P,L
A01ECE,N107B,DHC2,DE HAVILLAND DHC-2 Beaver,L1P,L
A024CE,N1080K,L8,LUSCOMBE 8,L1P,L
A027CE,N109TB,CAMP,GREGA GN-1 Aircamper,L1P,L
A029CE,N1099Z,CH70,ZENAIR CH-701 Stol,L1P,L
A02BCE,N11W,SR22,CIRRUS SR-22,L1P,L
A02DCE,N110SL,C82T,CESSNA TR182 Turbo Skylane RG,L1P,L
A030CE,N111KC,BE9L,BEECH 90 King Air,L2T,L
A032CE,N1114,RV6,VANS RV-6,L1P,L
A039CE,N11305,C150,CESSNA 150,L1P,L
A03ACE,N1138F,P28R,PIPER PA-28R-180/200/201,L1P,L
A03CCE,N114TX,T206,CESSNA T206 Turbo Stationair,L1P,L
A03ECE,N115AH,AS50,AEROSPATIALE AS-350 Ecureuil,H1T,L
A043CE,N116PM,PA11,PIPER PA-11 Cub Special,L1P,L
A047CE,N117SK,,,,
A04ACE,N118KB,RV8,VANS RV-8,L1P,L
A04CCE,N11839,C150,CESSNA 150,L1P,L
A053CE,N120BC,P210,CESSNA P210 Centurion,L1P,L
A05ACE,N1217Z,BE35,BEECH 35 Starfire Bonanza,L1P,L
A05CCE,N122TE,PA32,PIPER PA-32,L1P,L
A060CE,N123WC,PA22,PIPER PA-22,L1P,L
A061CE,N1234U,PA34,PIPER PA-34 Seneca,L2P,L
A069CE,N12580,C180,CESSNA  180 Skywagon,L1P,L
A06ACE,N126JK,C208,CESSNA 208 Caravan,L1T,L
A06CCE,N1263S,C182,CESSNA 182 Skylane,L1P,L
A06DCE,N127BB,C425,CESSNA 425 Corsair,L2T,L
A06ECE,N127MH,RV7,VANS RV-7,L1P,L
A071CE,N128E,M20P,MOONEY M-20,L1P,L
A078CE,N12991,C172,CESSNA 172 Skyhawk,L1P,L
A079CE,N13KW,,,,
A07ACE,N13WB,BE18,BEECH 18 Expetitor,L2P,L
A07DCE,N13019,C177,CESSNA  177 Cardinal,L1P,L
A081CE,N1314B,L8,LUSCOMBE 8,L1P,L
A085CE,N1326E,CH7A,BELLANCA 7 Champion,L1P,L
A086CE,N133EV,CRJ9,BOMBARDIER Regional Jet CRJ-900,L2J,M
A088CE,N13307,C177,CESSNA  177 Cardinal,L1P,L
A08CCE,N1343,ZZZZ,,-0-,-
A08ECE,N135LR,LJ55,LEARJET 55,L2J,M
A090CE,N1355C,COL4,CESSNA 400 Corvalis TT,L1P,L
A091CE,N136DH,LJ35,LEARJET 35,L2J,M
A094CE,N1367F,C172,CESSNA 172 Skyhawk,L1P,L
A097CE,N13718,B737,BOEING 737-700,L2J,M
A09FCE,N1396D,C170,CESSNA 170,L1P,L
A0A5CE,N1405Y,C172,CESSNA 172 Skyhawk,L1P,L
A0A6CE,N141EC,SR22,CIRRUS SR-22,L1P,L
A0AACE,N142HA,C172,CESSNA 172 Skyhawk,L1P,L
A0B1CE,N144CR,C150,CESSNA 150,L1P,L
A0B6CE,N145RV,RV10,VANS RV-10,L1P,L
A0B9CE,N146JM,,,,
A0BCCE,N147BD,RV7,VANS RV-7,L1P,L
A0C6CE,N1492S,C182,CESSNA 182 Skylane,L1P,L
A0C7CE,N14993,E145,EMBRAER ERJ-145,L2J,M
A0C8CE,N15KY,PA23,PIPER PA-23,L2P,L
A0CBCE,N150SQ,C150,CESSNA 150,L1P,L
A0CCCE,N1502A,PA20,PIPER PA-20 Pacer,L1P,L
A0CDCE,N1509M,C182,CESSNA 182 Skylane,L1P,L
A0D0CE,N1514D,C195,CESSNA 195,L1P,L
A0D7CE,N15309,P28A,PIPER PA-28-140/150/160/180,L1P,L
A0DACE,N154UA,,,,
A0DDCE,N155LT,,,,
A0DFCE,N1555E,COY2,RANS Coyote 2,L1P,L
A0E3CE,N1567H,C77R,CESSNA 177RG Cardinal RG,L1P,L
A0E6CE,N1572,,,,
A0E7CE,N1579L,BE35,BEECH 35 Starfire Bonanza,L1P,L
A0EACE,N1584C,C180,CESSNA  180 Skywagon,L1P,L
A0ECCE,N159ND,P28A,PIPER PA-28-140/150/160/180,L1P,L
A0EFCE,N16EW,,,,
A0F0CE,N16RB,BE95,BEECH 95 Travel Air,L2P,L
A0F1CE,N160BG,,,,
A0F2CE,N160MN,RV6,VANS RV-6,L1P,L
A0F4CE,N16050,H500,HUGHES 500,H1T,L
A0FACE,N162TJ,C550,CESSNA 550 Citation S2,L2J,L
A0FDCE,N163LA,C150,CESSNA 150,L1P,L
A0FFCE,N1634Y,C172,CESSNA 172 Skyhawk,L1P,L
A100CE,N164CT,S22T,CIRRUS SR-22T Turbo,L1P,L
A108CE,N166JP,DA40,DIAMOND DA-40 Club Star,L1P,L
A10FCE,N168ED,C310,CESSNA 310,L2P,L
A111CE,N1680R,C82R,CESSNA R182 Skylane RG,L1P,L
A112CE,N16872,FA24,FAIRCHILD F-24 Argus,L1P,L
A113CE,N169HB,BE20,BEECH 200 Super King Air,L2T,M
A117CE,N17L,GLST,GLASAIR SH-4 GlaStar,L1P,L
A118CE,N17WF,BE35,BEECH 35 Starfire Bonanza,L1P,L
A119CE,N170GL,B190,BEECH 1900,L2T,M
A11ACE,N170SS,B47G,BELL 47G,H1P,L
A11BCE,N1702C,C180,CESSNA  180 Skywagon,L1P,L
A120CE,N172CA,C172,CESSNA 172 Skyhawk,L1P,L
A12ACE,N1743D,C170,CESSNA 170,L1P,L
A134CE,N177SR,R22,ROBINSON R-22 Mariner,H1P,L
A137CE,N178KH,,,,
A139CE,N1784E,C310,CESSNA 310,L2P,L
A13FCE,N18RD,,,,
A143CE,N18052,C150,CESSNA 150,L1P,L
A148CE,N182HE,C82T,CESSNA TR182 Turbo Skylane RG,L1P,L
A14ACE,N1822X,BE23,BEECH 23 Sundowner,L1P,L
A14ECE,N18340,TAYA,TAYLORCRAFT A,L1P,L
A150CE,N184PA,GLF2,GULFSTREAM 2,L2J,M
A152CE,N18463,BE36,BEECH 36 Bonanza,L1P,L
A155CE,N1851V,C120,CESSNA 120,L1P,L
A156CE,N18586,C150,CESSNA 150,L1P,L
A15BCE,N187MP,RV4,VANS RV-4,L1P,L
A160CE,N1880T,P28A,PIPER PA-28-140/150/160/180,L1P,L
A161CE,N18874,BE24,BEECH 24 Sierra,L1P,L
A163CE,N189TK,BE58,BEECH 58 Baron,L2P,L
A165CE,N18997,GLID,,L0-,-
A166CE,N19LB,T210,CESSNA T210 Turbo Centurion,L1P,L
A167CE,N19WH,ACR2,ACRO SPORT 2,L1P,L
A16BCE,N1909R,B06,BELL 206 JetRanger,H1T,L
A16DCE,N191VS,H500,HUGHES 500,H1T,L
A16ECE,N1914H,P28A,PIPER PA-28-140/150/160/180,L1P,L
A16FCE,N192CC,PA18,PIPER PA-18 Super Cub,L1P,L
A172CE,N1926L,RV12,VANS RV-12,L1P,L
A175CE,N1931C,BE20,BEECH 200 Super King Air,L2T,M
A180CE,N1960A,,,,
A181CE,N1967M,GLF5,GULFSTREAM 5,L2J,M
A184CE,N1972D,SR22,CIRRUS SR-22,L1P,L
A189CE,N199CB,AA5,AMERICAN AA-5 Tiger,L1P,L
A18DCE,N2F,AEST,AEROSTAR 600,L2P,L
A18ECE,N2RF,C25B,CESSNA 525B Citation CJ3,L2J,L
A18FCE,N20BL,GALX,GULFSTREAM G200,L2J,M
A190CE,N20MS,P51,NORTH AMERICAN P-51 Mustang,L1P,L
A194CE,N2003K,TF19,TAYLORCRAFT F-19 Sportsman,L1P,L
A196CE,N201MA,MC45,MEYERS MAC-145,L1P,L
A197CE,N201XG,M20P,MOONEY M-20,L1P,L
A198CE,N2015N,,,,
A19BCE,N2020E,CH7A,BELLANCA 7 Champion,L1P,L
A19CCE,N2027R,C182,CESSNA 182 Skylane,L1P,L
A1A0CE,N2039U,M4,MAULE M-4,L1P,L
A1A3CE,N2044L,BE24,BEECH 24 Sierra,L1P,L
A1A4CE,N205CF,A119,AGUSTA AW-119 Koala,H1T,L
A1A9CE,N206RK,T206,CESSNA T206 Turbo Stationair,L1P,L
A1ABCE,N2068S,C182,CESSNA 182 Skylane,L1P,L
A1ACCE,N207JB,CL60,BOMBARDIER CL-600 Challenger,L2J,M
A1B0CE,N208M,COY2,RANS Coyote 2,L1P,L
A1B2CE,N2085M,PA34,PIPER PA-34 Seneca,L2P,L
A1B3CE,N209DS,DA40,DIAMOND DA-40 Club Star,L1P,L
A1B8CE,N21SW,PTS1,PITTS S-1 Special,L1P,L
A1B9CE,N210DA,BE58,BEECH 58 Baron,L2P,L
A1BCCE,N21069,AERK,AERONCA Sea Scout,L1P,L
A1BECE,N211SE,SR22,CIRRUS SR-22,L1P,L
A1C0CE,N2119B,L8,LUSCOMBE 8,L1P,L
A1C2CE,N212VC,B212,BELL 212,H2T,L
A1C3CE,N21234,C340,CESSNA 340 Super,L2P,L
A1C4CE,N213BP,P28A,PIPER PA-28-140/150/160/180,L1P,L
A1C7CE,N21357,P32R,PIPER PA-32R-300/301/301T,L1P,L
A1CACE,N2140Z,P28B,PIPER PA-28-201T/235/236,L1P,L
A1CECE,N21522,P28A,PIPER PA-28-140/150/160/180,L1P,L
A1CFCE,N216AB,R22,ROBINSON R-22 Mariner,H1P,L
A1D0CE,N216LH,T206,CESSNA T206 Turbo Stationair,L1P,L
A1D3CE,N217D,ULAC,,L0-,-
A1D4CE,N217PF,BL8,BELLANCA 8 Decathlon,L1P,L
A1D5CE,N217ZM,PIAT,PIPISTREL Alpha Trainer,L1P,L
A1D6CE,N21768,,,,
A1D8CE,N218SD,UH1,BELL UH-1 Huey,H1T,L
A1DECE,N22BN,MIMU,BUSHBY Midget Mustang,L1P,L
A1E3CE,N2203M,P28A,PIPER PA-28-140/150/160/180,L1P,L
A1E6CE,N221XJ,CRJ2,BOMBARDIER Regional Jet CRJ-200,L2J,M
A1E7CE,N2215Q,P28R,PIPER PA-28R-180/200/201,L1P,L
A1E8CE,N222DV,S22T,CIRRUS SR-22T Turbo,L1P,L
A1E9CE,N222QA,C150,CESSNA 150,L1P,L
A1EFCE,N2239W,B06,BELL 206 JetRanger,H1T,L
A1F0CE,N224KR,SR22,CIRRUS SR-22,L1P,L
A1F2CE,N2244N,C140,CESSNA 140,L1P,L
A1FBCE,N227JD,RV8,VANS RV-8,L1P,L
A1FDCE,N2273L,BE36,BEECH 36 Bonanza,L1P,L
A1FECE,N228AW,B733,BOEING 737-300,L2J,M
A1FFCE,N228MB,PAY3,PIPER PA-42-720 Cheyenne 3,L2T,L
A203CE,N229Q,BE35,BEECH 35 Starfire Bonanza,L1P,L
A207CE,N23SY,BE30,BEECH 300 Super King Air,L2T,L
A208CE,N230DC,DA40,DIAMOND DA-40 Club Star,L1P,L
A20BCE,N2307A,PA22,PIPER PA-22,L1P,L
A20CCE,N231GA,M20P,MOONEY M-20,L1P,L
A216CE,N23359,C150,CESSNA 150,L1P,L
A21ACE,N2348B,PA38,PIPER PA-38 Tomahawk,L1P,L
A21CCE,N235TT,M7,MAULE M-7,L1P,L
A21DCE,N23524,BE36,BEECH 36 Bonanza,L1P,L
A221CE,N23647,AT3P,AIR TRACTOR AT-301/401,L1P,L
A222CE,N237DB,SAKO,RANS S-10 Sakota,L1P,L
A225CE,N2377,T18,THORP Tiger,L1P,L
A226CE,N238G,TAIL,WITTMAN Tailwind,L1P,L
A228CE,N23812,TAYB,TAYLORCRAFT BC/BF/BL,L1P,L
A22CCE,N23935,AR65,AERONCA 65 Super Chief,L1P,L
A22ECE,N24MW,SR22,CIRRUS SR-22,L1P,L
A232CE,N2403P,GLID,,L0-,-
A233CE,N241AZ,B763,BOEING 767-300,L2J,H
A234CE,N241ME,C82S,CESSNA T182 Turbo Skylane,L1P,L
A236CE,N2415S,AC50,NORTH AMERICAN ROCKWELL Commander 500,L2P,L
A239CE,N2420J,C150,CESSNA 150,L1P,L
A23ACE,N2427V,C140,CESSNA 140,L1P,L
A23CCE,N243TA,ECHO,TECNAM P-92 Echo,L1P,L
A23DCE,N2432M,PA12,PIPER PA-12 Super Cruiser,L1P,L
A23ECE,N2439Y,C172,CESSNA 172 Skyhawk,L1P,L
A241CE,N2444Q,C182,CESSNA 182 Skylane,L1P,L
A242CE,N245CK,CL60,BOMBARDIER CL-600 Challenger,L2J,M
A245CE,N2456T,NAVI,NORTH AMERICAN Navion,L1P,L
A247CE,N246RP,COY2,RANS Coyote 2,L1P,L
A248CE,N2461K,GLF4,GULFSTREAM 4,L2J,M
A249CE,N2468W,BL8,BELLANCA 8 Decathlon,L1P,L
A24CCE,N2473N,PA38,PIPER PA-38 Tomahawk,L1P,L
A250CE,N2485R,P28A,PIPER PA-28-140/150/160/180,L1P,L
A253CE,N2490H,,,,
A254CE,N2497U,PARA,,P0-,-
A256CE,N25T,GLAS,Glasair,L1P,L
A257CE,N250DE,B06,BELL 206 JetRanger,H1T,L
A25ACE,N2507C,C170,CESSNA 170,L1P,L
A25ECE,N2519F,P46T,PIPER PA-46-500TP,L1T,L
A25FCE,N252KA,BE20,BEECH 200 Super King Air,L2T,M
A265CE,N2536A,PA38,PIPER PA-38 Tomahawk,L1P,L
A269CE,N2548D,C170,CESSNA 170,L1P,L
A26BCE,N255TV,FOX,KITFOX,L1P,L
A26FCE,N256WT,SREY,PROGRESSIVE AERODYNE SeaRey,A1P,L
A276CE,N258SH,EN28,ENSTROM F-28,H1P,L
A278CE,N2589E,PARA,,P0-,-
A282CE,N261BA,GLID,,L0-,-
A283CE,N261MG,P28A,PIPER PA-28-140/150/160/180,L1P,L
A28CCE,N2632P,BE35,BEECH 35 Starfire Bonanza,L1P,L
A28DCE,N26390,AA5,AMERICAN AA-5 Tiger,L1P,L
A291CE,N265CM,C560,CESSNA 560 Citation Ultra,L2J,M
A292CE,N265NT,,,,
A293CE,N265YZ,HIGH,JUST JA20 Highlander,L1P,L
A2A2CE,N2690K,L8,LUSCOMBE 8,L1P,L
A2A4CE,N27GW,,,,
A2A5CE,N27TB,C550,CESSNA 550 Citation S2,L2J,L
A2A6CE,N270DG,CH70,ZENAIR CH-701 Stol,L1P,L
A2A9CE,N2707E,CH7A,BELLANCA 7 Champion,L1P,L
A2ACCE,N27117,BE36,BEECH 36 Bonanza,L1P,L
A2B7CE,N27405,PA31,PIPER PA-31-300/310/325/350/425,L2P,L
A2B8CE,N2748F,C82S,CESSNA T182 Turbo Skylane,L1P,L
A2BACE,N275TX,C172,CESSNA 172 Skyhawk,L1P,L
A2BBCE,N27528,PA31,PIPER PA-31-300/310/325/350/425,L2P,L
A2C1CE,N277PM,RV7,VANS RV-7,L1P,L
A2CBCE,N28BU,,,,
A2CDCE,N28YF,T28,NORTH AMERICAN T-28,L1P,L
A2D0CE,N2803T,P28A,PIPER PA-28-140/150/160/180,L1P,L
A2D5CE,N282EA,BE58,BEECH 58 Baron,L2P,L
A2D7CE,N2820N,P28B,PIPER PA-28-201T/235/236,L1P,L
A2DACE,N283TE,DRON,,D0-,-
A2DBCE,N2832R,C182,CESSNA 182 Skylane,L1P,L
A2E0CE,N285CP,C82S,CESSNA T182 Turbo Skylane,L1P,L
A2E1CE,N285NV,A320,AIRBUS A-320,L2J,M
A2E3CE,N2856X,C177,CESSNA  177 Cardinal,L1P,L
A2E4CE,N286FM,E45X,EMBRAER ERJ-145XR,L2J,M
A2E5CE,N286RT,EN28,ENSTROM F-28,H1P,L
A2EBCE,N288BB,PTS1,PITTS S-1 Special,L1P,L
A2F2CE,N2897Y,C182,CESSNA 182 Skylane,L1P,L
A2F4CE,N29TD,CRER,RANS Courier,L1P,L
A2F8CE,N2907G,,,,
A2FCCE,N2919K,C180,CESSNA  180 Skywagon,L1P,L
A2FFCE,N2924B,BE35,BEECH 35 Starfire Bonanza,L1P,L
A306CE,N29407,P28B,PIPER PA-28-201T/235/236,L1P,L
A30BCE,N296AK,B739,BOEING 737-900,L2J,M
A30ECE,N2965C,C180,CESSNA  180 Skywagon,L1P,L
A30FCE,N297DH,RV7,VANS RV-7,L1P,L
A312CE,N2977F,C182,CESSNA 182 Skylane,L1P,L
A317CE,N299KD,SA30,STOLP Starduster Too,L1P,L
A319CE,N2994A,C180,CESSNA  180 Skywagon,L1P,L
A31BCE,N3NB,P32R,PIPER PA-32R-300/301/301T,L1P,L
A31CCE,N3YH,SR22,CIRRUS SR-22,L1P,L
A320CE,N300RE,PA30,PIPER PA-30 Twin Comanche,L2P,L
A321CE,N3001A,BALL,,B0-,-
A325CE,N3013D,P28A,PIPER PA-28-140/150/160/180,L1P,L
A329CE,N3025G,ERCO,AIR PRODUCTS F-1 Aircoupe,L1P,L
A32ACE,N303DM,,,,
A32DCE,N3037K,P28R,PIPER PA-28R-180/200/201,L1P,L
A330CE,N3042B,C195,CESSNA 195,L1P,L
A331CE,N3049N,C140,CESSNA 140,L1P,L
A333CE,N305VP,P32R,PIPER PA-32R-300/301/301T,L1P,L
A334CE,N3054E,C172,CESSNA 172 Skyhawk,L1P,L
A338CE,N3066H,P28A,PIPER PA-28-140/150/160/180,L1P,L
A33ACE,N307RD,B06,BELL 206 JetRanger,H1T,L
A33FCE,N3083C,BE35,BEECH 35 Starfire Bonanza,L1P,L
A342CE,N309X,M5,MAULE M-5,L1P,L
A343CE,N3095F,C182,CESSNA 182 Skylane,L1P,L
A344CE,N31DL,M20P,MOONEY M-20,L1P,L
A347CE,N310LC,C310,CESSNA 310,L2P,L
A348CE,N310WJ,C310,CESSNA 310,L2P,L
A34ACE,N311CV,SF50,CIRRUS SF-50 Vision,L1J,L
A34BCE,N311PA,,,,
A350CE,N3121V,P28A,PIPER PA-28-140/150/160/180,L1P,L
A356CE,N314MP,C182,CESSNA 182 Skylane,L1P,L
A358CE,N31451,BALL,,B0-,-
A359CE,N315EF,P28A,PIPER PA-28-140/150/160/180,L1P,L
A361CE,N317LB,P28A,PIPER PA-28-140/150/160/180,L1P,L
A365CE,N318P,LNCE,LANCAIR ES,L1P,L
A368CE,N319FS,GLF5,GULFSTREAM 5,L2J,M
A36BCE,N31985,P28A,PIPER PA-28-140/150/160/180,L1P,L
A370CE,N3201C,BE35,BEECH 35 Starfire Bonanza,L1P,L
A371CE,N3208P,FB1A,BOWERS Fly Baby 1A,L1P,L
A378CE,N3225J,C150,CESSNA 150,L1P,L
A37DCE,N324GM,MU2,MITSUBISHI MU-2 Marquise,L2T,L
A382CE,N325VR,VR7,VASHON Ranger R7,L1P,L
A383CE,N3254G,BE36,BEECH 36 Bonanza,L1P,L
A388CE,N327F,RV6,VANS RV-6,L1P,L
A38ACE,N3271B,PA22,PIPER PA-22,L1P,L
A38ECE,N3283E,BALL,,B0-,-
A393CE,N33DN,PA24,PIPER PA-24 Comanche,L1P,L
A396CE,N330LE,,,,
A397CE,N330WL,WAIX,SONEX Waiex,L1P,L
A399CE,N331CX,C525,CESSNA 525 CitationJet,L2J,L
A39ECE,N332SA,PAY4,PIPER PA-42-1000 Cheyenne 400,L2T,L
A3A0CE,N33288,J4,PIPER J-4 Cub Coupe,L1P,L
A3A1CE,N333JT,S22T,CIRRUS SR-22T Turbo,L1P,L
A3A7CE,N33453,J3,PIPER J-3 Cub,L1P,L
A3ABCE,N33576,J3,PIPER J-3 Cub,L1P,L
A3AFCE,N33699,PA32,PIPER PA-32,L1P,L
A3B6CE,N33864,PA32,PIPER PA-32,L1P,L
A3B9CE,N3391W,PA32,PIPER PA-32,L1P,L
A3BECE,N340RJ,C340,CESSNA 340 Super,L2P,L
A3C0CE,N3408R,C182,CESSNA 182 Skylane,L1P,L
A3C1CE,N341JA,SSTL,JUST JA30 SuperSTOL,L1P,L
A3D0CE,N345KM,F900,DASSAULT Falcon 900,L3J,M
A3D1CE,N345VT,S92,SIKORSKY S-92 Helibus,H2T,M
A3D2CE,N3454J,C150,CESSNA 150,L1P,L
A3D3CE,N346CD,SR22,CIRRUS SR-22,L1P,L
A3D6CE,N3466M,PA12,PIPER PA-12 Super Cruiser,L1P,L
A3DACE,N3478Q,C320,CESSNA 320 Skyknight,L2P,L
A3DECE,N349AS,AT8T,AIR TRACTOR AT-802,L1T,M
A3E2CE,N35DQ,ACR2,ACRO SPORT 2,L1P,L
A3E3CE,N35PW,GLID,,L0-,-
A3E7CE,N35044,C177,CESSNA  177 Cardinal,L1P,L
A3ECCE,N352FX,E55P,EMBRAER EMB-505 Phenom 300,L2J,M
A3EFCE,N3529,DH82,DE HAVILLAND DH-82 Tiger Moth,L1P,L
A3F1CE,N353VA,GLF4,GULFSTREAM 4,L2J,M
A3F2CE,N35332,C172,CESSNA 172 Skyhawk,L1P,L
A3F3CE,N354BM,HUSK,CHRISTEN Husky,L1P,L
A3FACE,N35578,C172,CESSNA 172 Skyhawk,L1P,L
A3FCCE,N356TP,T6,NORTH AMERICAN T-6 Texan,L1P,L
A3FDCE,N35620,J5,PIPER J-5 Cub Cruiser,L1P,L
A3FECE,N357A,M20P,MOONEY M-20,L1P,L
A400CE,N357WM,BE18,BEECH 18 Expetitor,L2P,L
A402CE,N358CY,GLF2,GULFSTREAM 2,L2J,M
A405CE,N35866,C77R,CESSNA 177RG Cardinal RG,L1P,L
A406CE,N359FW,RV10,VANS RV-10,L1P,L
A407CE,N359SB,AP22,AEROPRACT A-22,L1P,L
A408CE,N3591Y,C182,CESSNA 182 Skylane,L1P,L
A40CCE,N360FE,DC10,MCDONNELL DOUGLAS DC-10,L3J,H
A40DCE,N360RL,CL60,BOMBARDIER CL-600 Challenger,L2J,M
A412CE,N3613K,J3,PIPER J-3 Cub,L1P,L
A414CE,N362MA,PA46,PIPER PA-46-310/350,L1P,L
A419CE,N3630E,AR11,AERONCA 11 Chief,L1P,L
A41ACE,N3637R,P28A,PIPER PA-28-140/150/160/180,L1P,L
A41DCE,N3642H,ERCO,AIR PRODUCTS F-1 Aircoupe,L1P,L
A421CE,N3654L,C172,CESSNA 172 Skyhawk,L1P,L
A428CE,N3671F,BT36,BEECH B36TC Bonanza,L1P,L
A429CE,N3678S,C172,CESSNA 172 Skyhawk,L1P,L
A42ACE,N368JB,E190,EMBRAER ERJ-190-100,L2J,M
A42CCE,N3683J,C150,CESSNA 150,L1P,L
A42ECE,N369M,BL17,BELLANCA 17 Viking,L1P,L
A430CE,N3695M,P28A,PIPER PA-28-140/150/160/180,L1P,L
A431CE,N37DS,PC12,PILATUS PC-12,L1T,L
A433CE,N370AC,CH7B,BELLANCA 7 Citabria,L1P,L
A437CE,N371DA,B738,BOEING 737-800,L2J,M
A43CCE,N372SE,DA40,DIAMOND DA-40 Club Star,L1P,L
A43ECE,N3729B,BE77,BEECH 77 Skipper,L1P,L
A43FCE,N373JX,B744,BOEING 747-400,L4J,H
A445CE,N37457,BALL,,B0-,-
A448CE,N3750Z,AA5,AMERICAN AA-5 Tiger,L1P,L
A451CE,N378D,SBR1,NORTH AMERICAN Sabre 40/50/60/65,L2J,M
A45ACE,N38VB,R44,ROBINSON R-44 Raven,H1P,L
A45DCE,N3801J,C150,CESSNA 150,L1P,L
A463CE,N382MC,C421,CESSNA 421 Executive Commuter,L2P,L
A465CE,N3825Q,C172,CESSNA 172 Skyhawk,L1P,L
A468CE,N3830G,T206,CESSNA T206 Turbo Stationair,L1P,L
A469CE,N3837T,P28R,PIPER PA-28R-180/200/201,L1P,L
A46CCE,N3842K,GC1,GLOBE Swift,L1P,L
A474CE,N3866R,P28A,PIPER PA-28-140/150/160/180,L1P,L
A476CE,N387RM,CH75,ZENAIR CH-750 Cruzer,L1P,L
A47BCE,N3883L,C172,CESSNA 172 Skyhawk,L1P,L
A47CCE,N389AW,LJ35,LEARJET 35,L2J,M
A480CE,N39DU,RV6,VANS RV-6,L1P,L
A482CE,N390AE,PRM1,RAYTHEON 390 Premier 1,L2J,L
A486CE,N391DC,DV20,DIAMOND DA-20,L1P,L
A48DCE,N3929D,C182,CESSNA 182 Skylane,L1P,L
A494CE,N39459,P32R,PIPER PA-32R-300/301/301T,L1P,L
A497CE,N39501,T206,CESSNA T206 Turbo Stationair,L1P,L
A49ACE,N396TT,SAKO,RANS S-10 Sakota,L1P,L
A49FCE,N39747,P28A,PIPER PA-28-140/150/160/180,L1P,L
A4A4CE,N399G,C25A,CESSNA 525A Citation CJ2,L2J,L
A4A8CE,N4JY,AC11,NORTH AMERICAN ROCKWELL Commander 112/114,L1P,L
A4A9CE,N4VD,RV14,VANS RV-14,L1P,L
A4ABCE,N40RQ,HA4T,RAYTHEON 4000 Hawker Horizon,L2J,M
A4ACCE,N400BV,,,,
A4ADCE,N400NA,C82R,CESSNA R182 Skylane RG,L1P,L
A4AFCE,N4006C,S108,STINSON 108 Voyager,L1P,L
A4B6CE,N40228,PA23,PIPER PA-23,L2P,L
A4B7CE,N403AH,P68T,PARTENAVIA AP-68 Spartacus,L2T,L
A4BECE,N4047D,C182,CESSNA 182 Skylane,L1P,L
A4C2CE,N4059G,YK52,YAKOVLEV Yak-52,L1P,L
A4C3CE,N406KB,CRUZ,CSA PS-28 Cruiser,L1P,L
A4CACE,N408ES,C72R,CESSNA 172R Cutlass RG,L1P,L
A4CCCE,N40804,J3,PIPER J-3 Cub,L1P,L
A4CFCE,N409TW,ULAC,,L0-,-
A4D0CE,N40927,P28A,PIPER PA-28-140/150/160/180,L1P,L
A4D1CE,N41AG,BL8,BELLANCA 8 Decathlon,L1P,L
A4D6CE,N4102R,PA32,PIPER PA-32,L1P,L
A4D9CE,N411WC,B350,BEECHCRAFT Super King Air 350,L2T,M
A4DACE,N4114U,C150,CESSNA 150,L1P,L
A4DBCE,N412CP,SR22,CIRRUS SR-22,L1P,L
A4DECE,N4126X,VO10,NORTH AMERICAN ROCKWELL Commander 100,L1P,L
A4E2CE,N41380,P28A,PIPER PA-28-140/150/160/180,L1P,L
A4E5CE,N4143S,BE35,BEECH 35 Starfire Bonanza,L1P,L
A4E6CE,N415BB,SR22,CIRRUS SR-22,L1P,L
A4E9CE,N4155V,C170,CESSNA 170,L1P,L
A4EACE,N416E,EFOX,AEROPRO Eurofox,L1P,L
A4EDCE,N4167Y,R44,ROBINSON R-44 Raven,H1P,L
A4F2CE,N418KW,C550,CESSNA 550 Citation S2,L2J,L
A4F4CE,N4184T,P28A,PIPER PA-28-140/150/160/180,L1P,L
A4F9CE,N42FL,GLF2,GULFSTREAM 2,L2J,M
A4FCCE,N420NC,,,,
A500CE,N421RA,C421,CESSNA 421 Executive Commuter,L2P,L
A501CE,N42107,J3,PIPER J-3 Cub,L1P,L
A502CE,N4218H,M20P,MOONEY M-20,L1P,L
A506CE,N423AK,CL60,BOMBARDIER CL-600 Challenger,L2J,M
A509CE,N4235C,C414,CESSNA 414 Chancellor,L2P,L
A50ACE,N424DH,LNC2,LANCAIR 200-320,L1P,L
A50DCE,N4247F,PARA,,P0-,-
A50FCE,N425SM,RV12,VANS RV-12,L1P,L
A510CE,N42518,C182,CESSNA 182 Skylane,L1P,L
A514CE,N4264A,NAVI,NORTH AMERICAN Navion,L1P,L
A515CE,N427BW,B427,BELL 427,H2T,L
A51ACE,N428R,PTS1,PITTS S-1 Special,L1P,L
A51BCE,N42806,J3,PIPER J-3 Cub,L1P,L
A520CE,N43AJ,,,,
A522CE,N43WW,P32R,PIPER PA-32R-300/301/301T,L1P,L
A525CE,N4302T,P28A,PIPER PA-28-140/150/160/180,L1P,L
A526CE,N43094,P28A,PIPER PA-28-140/150/160/180,L1P,L
A52DCE,N4326Z,PA18,PIPER PA-18 Super Cub,L1P,L
A52ECE,N433FP,,,,
A52FCE,N433RV,RV10,VANS RV-10,L1P,L
A530CE,N4331R,C172,CESSNA 172 Skyhawk,L1P,L
A531CE,N43382,TAYB,TAYLORCRAFT BC/BF/BL,L1P,L
A532CE,N434JM,SSTL,JUST JA30 SuperSTOL,L1P,L
A534CE,N4343U,C150,CESSNA 150,L1P,L
A538CE,N4355X,P28R,PIPER PA-28R-180/200/201,L1P,L
A53FCE,N4372S,P28A,PIPER PA-28-140/150/160/180,L1P,L
A540CE,N43793,P28R,PIPER PA-28R-180/200/201,L1P,L
A543CE,N4384V,C195,CESSNA 195,L1P,L
A553CE,N442UA,A320,AIRBUS A-320,L2J,M
A554CE,N4423B,C170,CESSNA 170,L1P,L
A556CE,N443LT,C310,CESSNA 310,L2P,L
A558CE,N4435E,CH7A,BELLANCA 7 Champion,L1P,L
A559CE,N444DK,BE35,BEECH 35 Starfire Bonanza,L1P,L
A55CCE,N4447H,PA15,PIPER PA-15 Vagabond,L1P,L
A55ECE,N445SP,M20P,MOONEY M-20,L1P,L
A55FCE,N4452,B06,BELL 206 JetRanger,H1T,L
A562CE,N446VM,,,,
A565CE,N447ND,P28A,PIPER PA-28-140/150/160/180,L1P,L
A567CE,N4476F,SH36,SHORT 360,L2T,M
A569CE,N448RB,RV7,VANS RV-7,L1P,L
A570CE,N45LS,RV4,VANS RV-4,L1P,L
A572CE,N450HC,PA31,PIPER PA-31-300/310/325/350/425,L2P,L
A573CE,N450TJ,LJ45,LEARJET 45,L2J,M
A574CE,N4502V,BALL,,B0-,-
A575CE,N45096,BALL,,B0-,-
A576CE,N451LA,DA62,DIAMOND DA-62,L2P,L
A579CE,N452CT,R22,ROBINSON R-22 Mariner,H1P,L
A57CCE,N45261,N3N,NAVAL AIRCRAFT FACTORY N3N,L1P,L
A585CE,N455MM,PA31,PIPER PA-31-300/310/325/350/425,L2P,L
A587CE,N4555Z,PA22,PIPER PA-22,L1P,L
A593CE,N459CS,C172,CESSNA 172 Skyhawk,L1P,L
A598CE,N46RW,BIPL,EAA Biplane,L1P,L
A59ACE,N460NG,PC12,PILATUS PC-12,L1T,L
A59CCE,N4606J,P28R,PIPER PA-28R-180/200/201,L1P,L
A5A0CE,N4618M,BE58,BEECH 58 Baron,L2P,L
A5A7CE,N4635G,C414,CESSNA 414 Chancellor,L2P,L
A5A8CE,N464DM,RV6,VANS RV-6,L1P,L
A5ADCE,N465SR,SR22,CIRRUS SR-22,L1P,L
A5B3CE,N467C,SA30,STOLP Starduster Too,L1P,L
A5B6CE,N4676H,PA17,PIPER PA-17 Vagabond Trainer,L1P,L
A5BACE,N4688L,C172,CESSNA 172 Skyhawk,L1P,L
A5BECE,N47AN,C650,CESSNA 650 Citation,L2J,M
A5BFCE,N47LU,PA44,PIPER PA-44 Seminole,L2P,L
A5C7CE,N47140,C140,CESSNA 140,L1P,L
A5C9CE,N472PA,DA40,DIAMOND DA-40 Club Star,L1P,L
A5D6CE,N47551,P28R,PIPER PA-28R-180/200/201,L1P,L
A5DACE,N47674,P28A,PIPER PA-28-140/150/160/180,L1P,L
A5E6CE,N48FS,EN48,ENSTROM TH-28,H1T,L
A5E8CE,N480CC,C25B,CESSNA 525B Citation CJ3,L2J,L
A5EECE,N4811C,BE95,BEECH 95 Travel Air,L2P,L
A5F2CE,N4823F,P28R,PIPER PA-28R-180/200/201,L1P,L
A5F9CE,N4840A,,,,
A5FBCE,N485GM,GLF4,GULFSTREAM 4,L2J,M
A601CE,N4864G,C172,CESSNA 172 Skyhawk,L1P,L
A602CE,N487CB,C525,CESSNA 525 CitationJet,L2J,L
A60CCE,N4893E,C172,CESSNA 172 Skyhawk,L1P,L
A60ECE,N49LW,,,,
A613CE,N491,C185,CESSNA 185 Skywagon,L1P,L
A616CE,N49142,C152,CESSNA 152,L1P,L
A61ACE,N49265,BE18,BEECH 18 Expetitor,L2P,L
A61CCE,N493SA,PC12,PILATUS PC-12,L1T,L
A61ECE,N49388,T6,NORTH AMERICAN T-6 Texan,L1P,L
A621CE,N49430,C152,CESSNA 152,L1P,L
A628CE,N4960V,B17,BOEING B-17 Flying Fortress,L4P,M
A62BCE,N497TM,BE40,BEECH 400 Beechjet,L2J,M
A630CE,N49841,J3,PIPER J-3 Cub,L1P,L
A636CE,N5S,LEG2,LANCAIR Legacy,L1P,L
A638CE,N50NL,FA7X,DASSAULT Falcon 7X,L3J,M
A63BCE,N500VC,C560,CESSNA 560 Citation Ultra,L2J,M
A645CE,N503HK,Q9,GENERAL ATOMICS MQ-9 Reaper,L1T,L
A648CE,N504AB,LJ60,LEARJET 60,L2J,M
A649CE,N504LH,EC35,AIRBUS HELICOPTERS EC-135/635,H2T,L
A64CCE,N505D,GLF5,GULFSTREAM 5,L2J,M
A64DCE,N505PF,B505,BELL 505 JetRanger X,H1T,L
A64FCE,N50568,CH7B,BELLANCA 7 Citabria,L1P,L
A653CE,N5069A,C172,CESSNA 172 Skyhawk,L1P,L
A656CE,N50733,,,,
A659CE,N508Y,PA31,PIPER PA-31-300/310/325/350/425,L2P,L
A65CCE,N509QS,C68A,CESSNA 680 Citation Latitude,L2J,M
A65FCE,N51HJ,MIMU,BUSHBY Midget Mustang,L1P,L
A661CE,N510DV,C510,CESSNA 510 Citation Mustang,L2J,L
A663CE,N5100G,C172,CESSNA 172 Skyhawk,L1P,L
A665CE,N511GT,ULAC,,L0-,-
A666CE,N511SZ,GLID,,L0-,-
A668CE,N5119W,P28A,PIPER PA-28-140/150/160/180,L1P,L
A66BCE,N5124N,C182,CESSNA 182 Skylane,L1P,L
A671CE,N514RM,P28A,PIPER PA-28-140/150/160/180,L1P,L
A674CE,N515JD,PTS1,PITTS S-1 Special,L1P,L
A676CE,N5153L,P28A,PIPER PA-28-140/150/160/180,L1P,L
A677CE,N516AW,PA11,PIPER PA-11 Cub Special,L1P,L
A67FCE,N518GS,GLF4,GULFSTREAM 4,L2J,M
A680CE,N518SY,CH75,ZENAIR CH-750 Cruzer,L1P,L
A681CE,N5182J,C340,CESSNA 340 Super,L2P,L
A685CE,N5194M,BE76,BEECH 76 Duchess,L2P,L
A686CE,N52CG,YK52,YAKOVLEV Yak-52,L1P,L
A68FCE,N52159,FA62,FAIRCHILD M-26 Cornell,L1P,L
A690CE,N522EP,E50P,EMBRAER EMB-500 Phenom 100,L2J,L
A696CE,N52324,C182,CESSNA 182 Skylane,L1P,L
A69ACE,N52447,C182,CESSNA 182 Skylane,L1P,L
A69BCE,N525DB,C172,CESSNA 172 Skyhawk,L1P,L
A69CCE,N525PH,C25A,CESSNA 525A Citation CJ2,L2J,L
A69FCE,N526G,P28A,PIPER PA-28-140/150/160/180,L1P,L
A6A1CE,N52612,C77R,CESSNA 177RG Cardinal RG,L1P,L
A6A5CE,N52735,C182,CESSNA 182 Skylane,L1P,L
A6A7CE,N528MW,COY2,RANS Coyote 2,L1P,L
A6A9CE,N52858,C172,CESSNA 172 Skyhawk,L1P,L
A6ACCE,N52900,T6,NORTH AMERICAN T-6 Texan,L1P,L
A6B2CE,N5300J,BALL,,B0-,-
A6B5CE,N531TA,E530,CESSNA E530 Scorpion,L2J,M
A6B6CE,N5312M,C152,CESSNA 152,L1P,L
A6C3CE,N535JF,C25A,CESSNA 525A Citation CJ2,L2J,L
A6C9CE,N5365R,C172,CESSNA 172 Skyhawk,L1P,L
A6CCCE,N5370H,PA16,PIPER PA-16 Clipper,L1P,L
A6CFCE,N538T,BE35,BEECH 35 Starfire Bonanza,L1P,L
A6D2CE,N539KS,C172,CESSNA 172 Skyhawk,L1P,L
A6D4CE,N5394P,PA24,PIPER PA-24 Comanche,L1P,L
A6E7CE,N544LM,LJ35,LEARJET 35,L2J,M
A6E9CE,N54449,,,,
A6EBCE,N545PK,VTRA,RANS Venterra,L1P,L
A6EDCE,N5457B,C182,CESSNA 182 Skylane,L1P,L
A6F0CE,N54614,PA23,PIPER PA-23,L2P,L
A6F2CE,N547K,P28A,PIPER PA-28-140/150/160/180,L1P,L
A6FCCE,N5498C,C170,CESSNA 170,L1P,L
A701CE,N5500L,CH7B,BELLANCA 7 Citabria,L1P,L
A702CE,N5507X,ST75,STEARMAN Kaydet,L1P,L
A704CE,N551TC,,,,
A709CE,N5524S,C182,CESSNA 182 Skylane,L1P,L
A710CE,N5541M,VO10,NORTH AMERICAN ROCKWELL Commander 100,L1P,L
A712CE,N555JH,,,,
A713CE,N555UP,R22,ROBINSON R-22 Mariner,H1P,L
A714CE,N5553Q,M20P,MOONEY M-20,L1P,L
A715CE,N556B,H269,HUGHES Sky Knight,H1P,L
A71FCE,N5582N,VALI,CONVAIR Valiant,L1P,L
A720CE,N5589Z,PA22,PIPER PA-22,L1P,L
A722CE,N559W,,,,
A724CE,N56CL,FA7X,DASSAULT Falcon 7X,L3J,M
A726CE,N56YY,PTS1,PITTS S-1 Special,L1P,L
A727CE,N560KC,C56X,CESSNA 560XL Citation XLS,L2J,M
A72DCE,N5616C,,,,
A730CE,N56205,ST75,STEARMAN Kaydet,L1P,L
A731CE,N5628F,P28A,PIPER PA-28-140/150/160/180,L1P,L
A734CE,N56328,M5,MAULE M-5,L1P,L
A738CE,N5645A,C172,CESSNA 172 Skyhawk,L1P,L
A74ACE,N56904,M20P,MOONEY M-20,L1P,L
A74BCE,N5698E,EN28,ENSTROM F-28,H1P,L
A74DCE,N57TW,BT36,BEECH B36TC Bonanza,L1P,L
A74ECE,N570EA,EA50,ECLIPSE 550,L2J,L
A754CE,N5712R,C172,CESSNA 172 Skyhawk,L1P,L
A757CE,N572WC,BE20,BEECH 200 Super King Air,L2T,M
A759CE,N573CP,SR22,CIRRUS SR-22,L1P,L
A761CE,N575JK,AA5,AMERICAN AA-5 Tiger,L1P,L
A765CE,N576MH,S76,SIKORSKY S-76 Spirit,H2T,L
A76ACE,N5770M,C310,CESSNA 310,L2P,L
A76DCE,N578TD,C206,CESSNA  206 Stationair,L1P,L
A76ECE,N5782Q,M20P,MOONEY M-20,L1P,L
A76FCE,N57891,J5,PIPER J-5 Cub Cruiser,L1P,L
A772CE,N5794T,C172,CESSNA 172 Skyhawk,L1P,L
A773CE,N58CN,RV8,VANS RV-8,L1P,L
A776CE,N580KE,E300,EXTRA EA-300/330/350,L1P,L
A778CE,N5804B,C182,CESSNA 182 Skylane,L1P,L
A77ECE,N582RA,B06,BELL 206 JetRanger,H1T,L
A783CE,N5833,,,,
A788CE,N585DH,,,,
A78ECE,N58618,ST75,STEARMAN Kaydet,L1P,L
A792CE,N5874A,C172,CESSNA 172 Skyhawk,L1P,L
A796CE,N5886D,PA18,PIPER PA-18 Super Cub,L1P,L
A798CE,N589R,C182,CESSNA 182 Skylane,L1P,L
A79ACE,N5898G,C150,CESSNA 150,L1P,L
A79BCE,N59HS,S22T,CIRRUS SR-22T Turbo,L1P,L
A79FCE,N5900Q,M20P,MOONEY M-20,L1P,L
A7A7CE,N5924W,P28A,PIPER PA-28-140/150/160/180,L1P,L
A7ABCE,N5936Z,PA22,PIPER PA-22,L1P,L
A7ADCE,N594RV,RV4,VANS RV-4,L1P,L
A7AECE,N5941R,C172,CESSNA 172 Skyhawk,L1P,L
A7B0CE,N595JM,SR22,CIRRUS SR-22,L1P,L
A7B9CE,N5970P,PA24,PIPER PA-24 Comanche,L1P,L
A7BACE,N59770,ST75,STEARMAN Kaydet,L1P,L
A7BCCE,N598TF,P46T,PIPER PA-46-500TP,L1T,L
A7BDCE,N5982S,BE23,BEECH 23 Sundowner,L1P,L
A7C0CE,N599WD,ULAC,,L0-,-
A7C4CE,N6ZB,C150,CESSNA 150,L1P,L
A7CACE,N60086,BE24,BEECH 24 Sierra,L1P,L
A7CBCE,N601JR,C150,CESSNA 150,L1P,L
A7CCCE,N601UX,E75L,EMBRAER ERJ-170-200 (long wing),L2J,M
A7D1CE,N60251,BE35,BEECH 35 Starfire Bonanza,L1P,L
A7D4CE,N6030T,ZZZZ,,-0-,-
A7D5CE,N60374,C150,CESSNA 150,L1P,L
A7DECE,N606P,BALL,,B0-,-
A7E0CE,N60662,AT3T,AIR TRACTOR AT-302/402,L1T,L
A7E6CE,N608UW,EC45,AIRBUS HELICOPTERS EC-145,H2T,L
A7E8CE,N609BG,BE30,BEECH 300 Super King Air,L2T,L
A7EBCE,N60950,C150,CESSNA 150,L1P,L
A7ECCE,N61EE,BE33,BEECH 33 Bonanza,L1P,L
A7F1CE,N6105J,T206,CESSNA T206 Turbo Stationair,L1P,L
A7F2CE,N611DP,PA31,PIPER PA-31-300/310/325/350/425,L2P,L
A7F4CE,N6110A,PA18,PIPER PA-18 Super Cub,L1P,L
A7F5CE,N6117M,C152,CESSNA 152,L1P,L
A7F8CE,N6122D,C172,CESSNA 172 Skyhawk,L1P,L
A7F9CE,N6129Q,,,,
A7FCCE,N6134G,C172,CESSNA 172 Skyhawk,L1P,L
A803CE,N6151B,C182,CESSNA 182 Skylane,L1P,L
A807CE,N6163E,H269,HUGHES Sky Knight,H1P,L
A80BCE,N6175H,C152,CESSNA 152,L1P,L
A80ECE,N6180,C180,CESSNA  180 Skywagon,L1P,L
A80FCE,N6187L,C82S,CESSNA T182 Turbo Skylane,L1P,L
A811CE,N619SS,SR20,CIRRUS SR-20,L1P,L
A814CE,N62KJ,C180,CESSNA  180 Skywagon,L1P,L
A817CE,N620SA,,,,
A818CE,N6201X,AC50,NORTH AMERICAN ROCKWELL Commander 500,L2P,L
A819CE,N62088,J3,PIPER J-3 Cub,L1P,L
A81CCE,N62130,,,,
A81ECE,N622MR,,,,
A823CE,N6230V,,,,
A825CE,N624HF,UH1,BELL UH-1 Huey,H1T,L
A826CE,N624TM,C82S,CESSNA T182 Turbo Skylane,L1P,L
A82CCE,N626CW,SA30,STOLP Starduster Too,L1P,L
A82DCE,N626PB,RV10,VANS RV-10,L1P,L
A831CE,N627S,RV10,VANS RV-10,L1P,L
A833CE,N62787,PA23,PIPER PA-23,L2P,L
A834CE,N628JS,LA4,LAKE LA-4/200,A1P,L
A83DCE,N630AT,C182,CESSNA 182 Skylane,L1P,L
A83ECE,N630LZ,DRON,,D0-,-
A840CE,N6305L,,,,
A843CE,N6310C,BE36,BEECH 36 Bonanza,L1P,L
A844CE,N6317P,PA24,PIPER PA-24 Comanche,L1P,L
A847CE,N6322F,C182,CESSNA 182 Skylane,L1P,L
A84BCE,N6334J,P28A,PIPER PA-28-140/150/160/180,L1P,L
A84CCE,N634CD,,,,
A84DCE,N634NK,A320,AIRBUS A-320,L2J,M
A84FCE,N6346M,S108,STINSON 108 Voyager,L1P,L
A852CE,N6351D,C172,CESSNA 172 Skyhawk,L1P,L
A853CE,N6358Q,M20P,MOONEY M-20,L1P,L
A854CE,N636J,JAB4,JABIRU J200-450,L1P,L
A856CE,N6363G,C150,CESSNA 150,L1P,L
A857CE,N637AS,E50P,EMBRAER EMB-500 Phenom 100,L2J,L
A85ACE,N6375K,RC3,REPUBLIC RC-3 Seabee,A1P,L
A85ECE,N6387N,CH7A,BELLANCA 7 Champion,L1P,L
A860CE,N639SU,DRON,,D0-,-
A861CE,N6392E,C82R,CESSNA R182 Skylane RG,L1P,L
A864CE,N64VS,CH65,ZENAIR CH-650 Zodiac,L1P,L
A866CE,N640SC,BE60,BEECH 60 Duke,L2P,L
A86ACE,N641VA,A320,AIRBUS A-320,L2J,M
A86BCE,N64132,C172,CESSNA 172 Skyhawk,L1P,L
A86CCE,N642BM,RV7,VANS RV-7,L1P,L
A872CE,N6430X,C180,CESSNA  180 Skywagon,L1P,L
A875CE,N644TP,SA30,STOLP Starduster Too,L1P,L
A876CE,N64420,C172,CESSNA 172 Skyhawk,L1P,L
A87ACE,N64543,C172,CESSNA 172 Skyhawk,L1P,L
A880CE,N647SB,T210,CESSNA T210 Turbo Centurion,L1P,L
A884CE,N648V,BE95,BEECH 95 Travel Air,L2P,L
A885CE,N64831,C152,CESSNA 152,L1P,L
A88ACE,N65EJ,PA18,PIPER PA-18 Super Cub,L1P,L
A88DCE,N650MA,T206,CESSNA T206 Turbo Stationair,L1P,L
A88FCE,N6505N,T210,CESSNA T210 Turbo Centurion,L1P,L
A892CE,N6510E,C175,CESSNA 175 Skylark,L1P,L
A896CE,N6522H,J3,PIPER J-3 Cub,L1P,L
A897CE,N6529U,M20P,MOONEY M-20,L1P,L
A89ACE,N6534L,C152,CESSNA 152,L1P,L
A89BCE,N654CF,CRER,RANS Courier,L1P,L
A89ECE,N6546P,PA24,PIPER PA-24 Comanche,L1P,L
A8A2CE,N6558S,C150,CESSNA 150,L1P,L
A8A3CE,N656JB,A320,AIRBUS A-320,L2J,M
A8A7CE,N657M,PA11,PIPER PA-11 Cub Special,L1P,L
A8AACE,N658DS,DA40,DIAMOND DA-40 Club Star,L1P,L
A8BACE,N66134,C150,CESSNA 150,L1P,L
A8C5CE,N66422,C150,CESSNA 150,L1P,L
A8C6CE,N665AB,E50P,EMBRAER EMB-500 Phenom 100,L2J,L
A8C9CE,N66545,J5,PIPER J-5 Cub Cruiser,L1P,L
A8CBCE,N666PF,DRON,,D0-,-
A8D0CE,N66710,BE23,BEECH 23 Sundowner,L1P,L
A8D1CE,N6679A,BE36,BEECH 36 Bonanza,L1P,L
A8D9CE,N67EL,F900,DASSAULT Falcon 900,L3J,M
A8E1CE,N6710G,C150,CESSNA 150,L1P,L
A8E5CE,N6722K,G164,GRUMMAN G-164 Ag-Cat,L1P,L
A8E9CE,N6734N,M20P,MOONEY M-20,L1P,L
A8EACE,N674CH,FDCT,FLIGHT DESIGN CT,L1P,L
A8EDCE,N6746R,T210,CESSNA T210 Turbo Centurion,L1P,L
A8F1CE,N6758U,M20P,MOONEY M-20,L1P,L
A8F2CE,N676JD,T6,NORTH AMERICAN T-6 Texan,L1P,L
A8F3CE,N676UK,DRON,,D0-,-
A8F6CE,N677MB,SR22,CIRRUS SR-22,L1P,L
A8F8CE,N6775P,PA24,PIPER PA-24 Comanche,L1P,L
A8FFCE,N6792J,P28A,PIPER PA-28-140/150/160/180,L1P,L
A900CE,N6799V,M20P,MOONEY M-20,L1P,L
A911CE,N6838B,PA22,PIPER PA-22,L1P,L
A918CE,N68547,CH7A,BELLANCA 7 Champion,L1P,L
A919CE,N686DB,C172,CESSNA 172 Skyhawk,L1P,L
A91ECE,N687SF,C560,CESSNA 560 Citation Ultra,L2J,M
A920CE,N6879C,P28A,PIPER PA-28-140/150/160/180,L1P,L
A923CE,N68835,ST75,STEARMAN Kaydet,L1P,L
A927CE,N68958,ST75,STEARMAN Kaydet,L1P,L
A92CCE,N690XL,C56X,CESSNA 560XL Citation XLS,L2J,M
A92DCE,N6905S,C150,CESSNA 150,L1P,L
A930CE,N6910J,P28A,PIPER PA-28-140/150/160/180,L1P,L
A931CE,N6917V,M20P,MOONEY M-20,L1P,L
A935CE,N6929Y,PA23,PIPER PA-23,L2P,L
A93FCE,N6951K,BALL,,B0-,-
A940CE,N6958W,P28A,PIPER PA-28-140/150/160/180,L1P,L
A94ACE,N6980H,J3,PIPER J-3 Cub,L1P,L
A94BCE,N6987U,G44,GRUMMAN G-44 Widgeon,A2P,L
A951CE,N7VY,BE18,BEECH 18 Expetitor,L2P,L
A954CE,N700CP,BE9L,BEECH 90 King Air,L2T,L
A957CE,N7006X,PARA,,P0-,-
A959CE,N701RT,ST75,STEARMAN Kaydet,L1P,L
A95ACE,N7011P,PA24,PIPER PA-24 Comanche,L1P,L
A95CCE,N702JK,BE58,BEECH 58 Baron,L2P,L
A961CE,N703XP,PA31,PIPER PA-31-300/310/325/350/425,L2P,L
A964CE,N704QF,C150,CESSNA 150,L1P,L
A966CE,N7047Y,PA30,PIPER PA-30 Twin Comanche,L2P,L
A969CE,N7052Q,C172,CESSNA 172 Skyhawk,L1P,L
A96ACE,N70591,C182,CESSNA 182 Skylane,L1P,L
A96BCE,N706KW,B763,BOEING 767-300,L2J,H
A970CE,N707Z,BE36,BEECH 36 Bonanza,L1P,L
A972CE,N708FL,C750,CESSNA 750 Citation 10,L2J,M
A974CE,N7081N,R44,ROBINSON R-44 Raven,H1P,L
A978CE,N7093R,P28A,PIPER PA-28-140/150/160/180,L1P,L
A979CE,N71BA,ST75,STEARMAN Kaydet,L1P,L
A97ACE,N71MG,SRAI,GREAT PLAINS Sonerai,L1P,L
A97FCE,N711AK,C182,CESSNA 182 Skylane,L1P,L
A987CE,N713GF,C182,CESSNA 182 Skylane,L1P,L
A988CE,N713SM,C182,CESSNA 182 Skylane,L1P,L
A989CE,N71318,L8,LUSCOMBE 8,L1P,L
A98BCE,N714KD,C150,CESSNA 150,L1P,L
A98ECE,N715BW,C72R,CESSNA 172R Cutlass RG,L1P,L
A993CE,N716R,BALL,,B0-,-
A994CE,N71606,BALL,,B0-,-
A995CE,N7168G,C172,CESSNA 172 Skyhawk,L1P,L
A996CE,N717HS,S22T,CIRRUS SR-22T Turbo,L1P,L
A998CE,N71729,BALL,,B0-,-
A999CE,N718AJ,SR22,CIRRUS SR-22,L1P,L
A99CCE,N7185B,PA18,PIPER PA-18 Super Cub,L1P,L
A99DCE,N719DG,DG1T,DG FLUGZEUGBAU DG-1001T,L1P,L
A9A2CE,N72SL,A119,AGUSTA AW-119 Koala,H1T,L
A9A9CE,N7211R,PTS1,PITTS S-1 Special,L1P,L
A9AACE,N72182,C140,CESSNA 140,L1P,L
A9ADCE,N7223U,B37M,BOEING 737 MAX 7,L2J,M
A9B1CE,N7235X,C150,CESSNA 150,L1P,L
A9B4CE,N7240P,GLID,,L0-,-
A9B6CE,N725H,AS25,SCHLEICHER ASH-25,L1P,L
A9B7CE,N725TF,A139,AGUSTA AW-139,H2T,L
A9B8CE,N7252S,C82S,CESSNA T182 Turbo Skylane,L1P,L
A9B9CE,N72593,UH1,BELL UH-1 Huey,H1T,L
A9C4CE,N72881,C140,CESSNA 140,L1P,L
A9C5CE,N729JL,COY2,RANS Coyote 2,L1P,L
A9C7CE,N7293T,C172,CESSNA 172 Skyhawk,L1P,L
A9C8CE,N73BC,P28A,PIPER PA-28-140/150/160/180,L1P,L
A9C9CE,N73MJ,PA34,PIPER PA-34 Seneca,L2P,L
A9CDCE,N7303B,BE35,BEECH 35 Starfire Bonanza,L1P,L
A9CFCE,N731LT,P210,CESSNA P210 Centurion,L1P,L
A9D2CE,N732DK,T210,CESSNA T210 Turbo Centurion,L1P,L
A9DACE,N734KF,C172,CESSNA 172 Skyhawk,L1P,L
A9DDCE,N735BY,C182,CESSNA 182 Skylane,L1P,L
A9DECE,N735ND,C182,CESSNA 182 Skylane,L1P,L
A9E4CE,N7368J,C172,CESSNA 172 Skyhawk,L1P,L
A9E5CE,N737HU,C182,CESSNA 182 Skylane,L1P,L
A9E7CE,N7373A,C172,CESSNA 172 Skyhawk,L1P,L
A9E9CE,N738LS,C182,CESSNA 182 Skylane,L1P,L
A9EACE,N738WY,C172,CESSNA 172 Skyhawk,L1P,L
A9ECCE,N739DJ,C172,CESSNA 172 Skyhawk,L1P,L
A9EECE,N739ZW,C172,CESSNA 172 Skyhawk,L1P,L
A9EFCE,N7397G,C172,CESSNA 172 Skyhawk,L1P,L
A9F0CE,N74GG,GLF4,GULFSTREAM 4,L2J,M
A9F8CE,N7411T,C172,CESSNA 172 Skyhawk,L1P,L
A9FCCE,N7423W,BALL,,B0-,-
AA00CE,N7435Z,PA25,PIPER PA-25 Pawnee,L1P,L
AA04CE,N74472,AA5,AMERICAN AA-5 Tiger,L1P,L
AA06CE,N745TH,CH70,ZENAIR CH-701 Stol,L1P,L
AA08CE,N74595,AA5,AMERICAN AA-5 Tiger,L1P,L
AA0BCE,N7464X,C172,CESSNA 172 Skyhawk,L1P,L
AA0FCE,N74760,M20P,MOONEY M-20,L1P,L
AA18CE,N75ML,C182,CESSNA 182 Skylane,L1P,L
AA1ACE,N750HX,CH75,ZENAIR CH-750 Cruzer,L1P,L
AA1DCE,N751AP,SR22,CIRRUS SR-22,L1P,L
AA20CE,N7515G,C150,CESSNA 150,L1P,L
AA21CE,N752DM,C182,CESSNA 182 Skylane,L1P,L
AA22CE,N752PT,RV8,VANS RV-8,L1P,L
AA24CE,N7527K,C180,CESSNA  180 Skywagon,L1P,L
AA27CE,N7532B,CH7A,BELLANCA 7 Champion,L1P,L
AA28CE,N7539N,T206,CESSNA T206 Turbo Stationair,L1P,L
AA2CCE,N755C,SR22,CIRRUS SR-22,L1P,L
AA30CE,N756EY,T206,CESSNA T206 Turbo Stationair,L1P,L
AA34CE,N757HW,B752,BOEING 757-200,L2J,M
AA36CE,N7573C,ERCO,AIR PRODUCTS F-1 Aircoupe,L1P,L
AA37CE,N758AN,B772,BOEING 777-200,L2J,H
AA38CE,N758LU,DRON,,D0-,-
AA3BCE,N759DL,C182,CESSNA 182 Skylane,L1P,L
AA3CCE,N759PS,C182,CESSNA 182 Skylane,L1P,L
AA3FCE,N76GJ,BE40,BEECH 400 Beechjet,L2J,M
AA44CE,N76063,C140,CESSNA 140,L1P,L
AA48CE,N76186,C140,CESSNA 140,L1P,L
AA49CE,N762JR,BPAT,R&B Bearhawk Patrol,L1P,L
AA4FCE,N76351,C140,CESSNA 140,L1P,L
AA56CE,N7652W,P28A,PIPER PA-28-140/150/160/180,L1P,L
AA58CE,N766LB,BALL,,B0-,-
AA5FCE,N768FS,S22T,CIRRUS SR-22T Turbo,L1P,L
AA61CE,N7681U,T210,CESSNA T210 Turbo Centurion,L1P,L
AA67CE,N77MN,RV10,VANS RV-10,L1P,L
AA6BCE,N7703F,C150,CESSNA 150,L1P,L
AA6CCE,N771AR,UH1,BELL UH-1 Huey,H1T,L
AA72CE,N7720A,C180,CESSNA  180 Skywagon,L1P,L
AA73CE,N7727M,M22,MOONEY M-22 Mustang,L1P,L
AA74CE,N773GM,S22T,CIRRUS SR-22T Turbo,L1P,L
AA77CE,N7739Q,C310,CESSNA 310,L2P,L
AA7ACE,N7744G,TAIL,WITTMAN Tailwind,L1P,L
AA80CE,N776RF,BE35,BEECH 35 Starfire Bonanza,L1P,L
AA81CE,N7761B,RV6,VANS RV-6,L1P,L
AA82CE,N7768N,P28A,PIPER PA-28-140/150/160/180,L1P,L
AA83CE,N777HY,HUSK,CHRISTEN Husky,L1P,L
AA89CE,N7785H,PA12,PIPER PA-12 Super Cruiser,L1P,L
AA8ECE,N78GL,SR22,CIRRUS SR-22,L1P,L
AA8FCE,N78SS,DHC2,DE HAVILLAND DHC-2 Beaver,L1P,L
AA90CE,N780CX,DRON,,D0-,-
AA95CE,N781SA,C172,CESSNA 172 Skyhawk,L1P,L
AA96CE,N7811X,C172,CESSNA 172 Skyhawk,L1P,L
AA97CE,N78188,GC1,GLOBE Swift,L1P,L
AA9ACE,N78230,GC1,GLOBE Swift,L1P,L
AA9ECE,N78353,TAYA,TAYLORCRAFT A,L1P,L
AAA1CE,N7840V,M20P,MOONEY M-20,L1P,L
AAA2CE,N78476,PA12,PIPER PA-12 Super Cruiser,L1P,L
AAA5CE,N7852Y,PA30,PIPER PA-30 Twin Comanche,L2P,L
AAA9CE,N78641,PA11,PIPER PA-11 Cub Special,L1P,L
AAADCE,N78764,,,,
AAAFCE,N788S,P32R,PIPER PA-32R-300/301/301T,L1P,L
AAB0CE,N7881W,P28A,PIPER PA-28-140/150/160/180,L1P,L
AAB2CE,N789JS,C560,CESSNA 560 Citation Ultra,L2J,M
AAB4CE,N7893Z,C150,CESSNA 150,L1P,L
AAC2CE,N7927P,PA24,PIPER PA-24 Comanche,L1P,L
AACDCE,N7956M,BE35,BEECH 35 Starfire Bonanza,L1P,L
AAD0CE,N7961D,BE35,BEECH 35 Starfire Bonanza,L1P,L
AADDCE,N8GN,VENT,SCHEMPP-HIRTH Ventus,L1P,L
AADFCE,N80CZ,COZY,CO-Z Cozy,L1P,L
AAE0CE,N80PE,C82T,CESSNA TR182 Turbo Skylane RG,L1P,L
AAE4CE,N8004N,PA32,PIPER PA-32,L1P,L
AAE5CE,N801CH,PA31,PIPER PA-31-300/310/325/350/425,L2P,L
AAF0CE,N804AW,A319,AIRBUS A-319,L2J,M
AAF3CE,N8045P,PA24,PIPER PA-24 Comanche,L1P,L
AAF6CE,N8050F,ULAC,,L0-,-
AAF7CE,N8057S,BE35,BEECH 35 Starfire Bonanza,L1P,L
AB00CE,N808NN,B738,BOEING 737-800,L2J,M
AB02CE,N8086Q,PA34,PIPER PA-34 Seneca,L2P,L
AB05CE,N8091G,C77R,CESSNA 177RG Cardinal RG,L1P,L
AB07CE,N81JC,VEZE,RUTAN VariEze,L1P,L
AB0ECE,N811TT,H269,HUGHES Sky Knight,H1P,L
AB0FCE,N81124,AA5,AMERICAN AA-5 Tiger,L1P,L
AB15CE,N813PH,ULAC,,L0-,-
AB1ACE,N81412,CH7A,BELLANCA 7 Champion,L1P,L
AB25CE,N81700,CH7A,BELLANCA 7 Champion,L1P,L
AB26CE,N8178A,CH7A,BELLANCA 7 Champion,L1P,L
AB27CE,N818HL,BE20,BEECH 200 Super King Air,L2T,M
AB29CE,N81823,CH7A,BELLANCA 7 Champion,L1P,L
AB2DCE,N81946,CH7A,BELLANCA 7 Champion,L1P,L
AB2ECE,N82DA,C414,CESSNA 414 Chancellor,L2P,L
AB2FCE,N82PG,PAY3,PIPER PA-42-720 Cheyenne 3,L2T,L
AB37CE,N8216T,PA32,PIPER PA-32,L1P,L
AB3ACE,N8221K,GLID,,L0-,-
AB3BCE,N8228W,P28A,PIPER PA-28-140/150/160/180,L1P,L
AB3FCE,N824AY,CRJ2,BOMBARDIER Regional Jet CRJ-200,L2J,M
AB40CE,N824MD,E170,EMBRAER ERJ-170-100,L2J,M
AB42CE,N8245R,BL17,BELLANCA 17 Viking,L1P,L
AB48CE,N826T,BE35,BEECH 35 Starfire Bonanza,L1P,L
AB49CE,N8262L,C172,CESSNA 172 Skyhawk,L1P,L
AB4BCE,N827KS,C72R,CESSNA 172R Cutlass RG,L1P,L
AB4DCE,N8274P,PA24,PIPER PA-24 Comanche,L1P,L
AB4ECE,N828CJ,BE30,BEECH 300 Super King Air,L2T,L
AB54CE,N8291J,,,,
AB56CE,N83JE,RV4,VANS RV-4,L1P,L
AB58CE,N830ER,K100,DAHER Kodiak 100,L1T,L
AB5ACE,N83003,PA44,PIPER PA-44 Seminole,L2P,L
AB5BCE,N8308D,BALL,,B0-,-
AB5ECE,N83126,P28B,PIPER PA-28-201T/235/236,L1P,L
AB60CE,N832LM,SR22,CIRRUS SR-22,L1P,L
AB62CE,N83249,CH7A,BELLANCA 7 Champion,L1P,L
AB68CE,N834SH,R22,ROBINSON R-22 Mariner,H1P,L
AB69CE,N83414,CH7A,BELLANCA 7 Champion,L1P,L
AB6ACE,N8349E,C172,CESSNA 172 Skyhawk,L1P,L
AB75CE,N8378C,P28A,PIPER PA-28-140/150/160/180,L1P,L
AB79CE,N839AE,E135,EMBRAER ERJ-135,L2J,M
AB7CCE,N83948,CH7A,BELLANCA 7 Champion,L1P,L
AB7DCE,N84DC,BE58,BEECH 58 Baron,L2P,L
AB7ECE,N84PJ,F2TH,DASSAULT Falcon 2000,L2J,M
AB81CE,N840WA,BL8,BELLANCA 8 Decathlon,L1P,L
AB83CE,N841CM,P28A,PIPER PA-28-140/150/160/180,L1P,L
AB88CE,N842RR,,,,
AB8CCE,N843UP,B350,BEECHCRAFT Super King Air 350,L2T,M
AB91CE,N8445T,C182,CESSNA 182 Skylane,L1P,L
AB98CE,N8462N,BE23,BEECH 23 Sundowner,L1P,L
AB9BCE,N847W,,,,
ABA3CE,N8491L,C172,CESSNA 172 Skyhawk,L1P,L
ABA4CE,N8498X,C172,CESSNA 172 Skyhawk,L1P,L
ABB1CE,N8525A,BE35,BEECH 35 Starfire Bonanza,L1P,L
ABB2CE,N853DF,RV7,VANS RV-7,L1P,L
ABB3CE,N853PM,C185,CESSNA 185 Skywagon,L1P,L
ABC4CE,N8578E,CH7B,BELLANCA 7 Citabria,L1P,L
ABC6CE,N858TW,SR22,CIRRUS SR-22,L1P,L
ABC8CE,N859AG,CL60,BOMBARDIER CL-600 Challenger,L2J,M
ABCBCE,N8595,GLID,,L0-,-
ABCCCE,N86DE,COL4,CESSNA 400 Corvalis TT,L1P,L
ABD1CE,N8604U,C172,CESSNA 172 Skyhawk,L1P,L
ABD9CE,N86280,TBM,GRUMMAN G-40 Avenger,L1P,M
ABDCCE,N8633S,C150,CESSNA 150,L1P,L
ABDECE,N864MH,EC30,AIRBUS HELICOPTERS EC-130,H1T,L
ABE3CE,N8650M,BE35,BEECH 35 Starfire Bonanza,L1P,L
ABE7CE,N8662Q,BE35,BEECH 35 Starfire Bonanza,L1P,L
ABE8CE,N86691,ZZZZ,,-0-,-
ABEFCE,N8686W,P28B,PIPER PA-28-201T/235/236,L1P,L
ABF1CE,N869RS,,,,
ABF7CE,N870RA,AT8T,AIR TRACTOR AT-802,L1T,M
ABF9CE,N8708H,NAVI,NORTH AMERICAN Navion,L1P,L
AC00CE,N8725C,PA20,PIPER PA-20 Pacer,L1P,L
AC0FCE,N8766D,PA22,PIPER PA-22,L1P,L
AC1ACE,N8795B,C172,CESSNA 172 Skyhawk,L1P,L
AC1BCE,N88DG,,,,
AC26CE,N882RV,RV8,VANS RV-8,L1P,L
AC28CE,N88282,J3,PIPER J-3 Cub,L1P,L
AC32CE,N8850P,PA24,PIPER PA-24 Comanche,L1P,L
AC33CE,N88570,J3,PIPER J-3 Cub,L1P,L
AC36CE,N8862S,C150,CESSNA 150,L1P,L
AC42CE,N88981,,,,
AC44CE,N89US,DRON,,D0-,-
AC47CE,N89009,C140,CESSNA 140,L1P,L
AC48CE,N8908K,S108,STINSON 108 Voyager,L1P,L
AC4ACE,N891UA,A319,AIRBUS A-319,L2J,M
AC4CCE,N892AM,SR22,CIRRUS SR-22,L1P,L
AC55CE,N894SP,PETR,EDRA Super Petrel,A1P,L
AC5ACE,N8954C,P32R,PIPER PA-32R-300/301/301T,L1P,L
AC60CE,N897RB,RV7,VANS RV-7,L1P,L
AC66CE,N899AL,GLF4,GULFSTREAM 4,L2J,M
AC69CE,N8995D,PA18,PIPER PA-18 Super Cub,L1P,L
AC6BCE,N9PQ,,,,
AC6DCE,N90LA,CH7B,BELLANCA 7 Citabria,L1P,L
AC6FCE,N900GM,C310,CESSNA 310,L2P,L
AC71CE,N9002D,BALL,,B0-,-
AC72CE,N9009Q,BE35,BEECH 35 Starfire Bonanza,L1P,L
AC74CE,N901VR,RV10,VANS RV-10,L1P,L
AC76CE,N902CB,BALL,,B0-,-
AC78CE,N902YP,F900,DASSAULT Falcon 900,L3J,M
AC7CCE,N9031B,CH7A,BELLANCA 7 Champion,L1P,L
AC7DCE,N9038N,AC50,NORTH AMERICAN ROCKWELL Commander 500,L2P,L
AC84CE,N9055H,ST75,STEARMAN Kaydet,L1P,L
AC85CE,N906DN,B739,BOEING 737-900,L2J,M
AC88CE,N9067L,CH7A,BELLANCA 7 Champion,L1P,L
AC8BCE,N9072C,CH7A,BELLANCA 7 Champion,L1P,L
AC8CCE,N9079P,PA24,PIPER PA-24 Comanche,L1P,L
AC8FCE,N9084F,C72R,CESSNA 172R Cutlass RG,L1P,L
AC91CE,N909NG,PC12,PILATUS PC-12,L1T,L
AC93CE,N9096J,P28A,PIPER PA-28-140/150/160/180,L1P,L
AC94CE,N91EZ,LGEZ,RUTAN Long-EZ,L1P,L
AC97CE,N910MR,P28A,PIPER PA-28-140/150/160/180,L1P,L
AC98CE,N910XX,TBM7,SOCATA TBM-700A/B/C,L1T,L
AC9CCE,N9110V,C310,CESSNA 310,L2P,L
AC9DCE,N91176,NAVI,NORTH AMERICAN Navion,L1P,L
AC9ECE,N912HF,BE33,BEECH 33 Bonanza,L1P,L
ACA0CE,N9122Y,PA46,PIPER PA-46-310/350,L1P,L
ACA1CE,N91299,C180,CESSNA  180 Skywagon,L1P,L
ACA2CE,N913LD,RV4,VANS RV-4,L1P,L
ACA4CE,N91341,PA38,PIPER PA-38 Tomahawk,L1P,L
ACA5CE,N914CW,DHC2,DE HAVILLAND DHC-2 Beaver,L1P,L
ACA8CE,N91464,C180,CESSNA  180 Skywagon,L1P,L
ACAACE,N915S,RV9,VANS RV-9,L1P,L
ACAFCE,N9163Z,P28A,PIPER PA-28-140/150/160/180,L1P,L
ACB4CE,N918EG,LJ45,LEARJET 45,L2J,M
ACB7CE,N91875,GLID,,L0-,-
ACB9CE,N919TL,SR22,CIRRUS SR-22,L1P,L
ACBCCE,N92LC,C72R,CESSNA 172R Cutlass RG,L1P,L
ACBECE,N920GP,PIPA,PIPSTREL Panthera,L1P,L
ACC2CE,N921KM,PA46,PIPER PA-46-310/350,L1P,L
ACC4CE,N9214J,P28A,PIPER PA-28-140/150/160/180,L1P,L
ACC6CE,N922NK,A20N,AIRBUS A-320neo,L2J,M
ACCACE,N923RH,R44,ROBINSON R-44 Raven,H1P,L
ACCDCE,N924J,BE18,BEECH 18 Expetitor,L2P,L
ACD9CE,N927SU,PA44,PIPER PA-44 Seminole,L2P,L
ACDCCE,N928KL,BE20,BEECH 200 Super King Air,L2T,M
ACDFCE,N929CC,PA18,PIPER PA-18 Super Cub,L1P,L
ACE2CE,N9296L,,,,
ACE3CE,N93FA,RV4,VANS RV-4,L1P,L
ACE5CE,N930BM,C82S,CESSNA T182 Turbo Skylane,L1P,L
ACE8CE,N93055,C185,CESSNA 185 Skywagon,L1P,L
ACF0CE,N933A,BE33,BEECH 33 Bonanza,L1P,L
ACF3CE,N93343,C185,CESSNA 185 Skywagon,L1P,L
ACFDCE,N936V,BE36,BEECH 36 Bonanza,L1P,L
AD05CE,N9380W,P28B,PIPER PA-28-201T/235/236,L1P,L
AD06CE,N93877,ERCO,AIR PRODUCTS F-1 Aircoupe,L1P,L
AD0ACE,N94,CL60,BOMBARDIER CL-600 Challenger,L2J,M
AD0BCE,N94LE,RV6,VANS RV-6,L1P,L
AD0FCE,N9402H,FA24,FAIRCHILD F-24 Argus,L1P,L
AD10CE,N9409U,C150,CESSNA 150,L1P,L
AD18CE,N943FD,B752,BOEING 757-200,L2J,M
AD1BCE,N9438S,COY2,RANS Coyote 2,L1P,L
AD22CE,N9455M,,,,
AD23CE,N946DS,DA40,DIAMOND DA-40 Club Star,L1P,L
AD25CE,N9460D,PA18,PIPER PA-18 Super Cub,L1P,L
AD26CE,N9467Q,BE58,BEECH 58 Baron,L2P,L
AD28CE,N947SW,CRJ2,BOMBARDIER Regional Jet CRJ-200,L2J,M
AD2ACE,N9479T,PA38,PIPER PA-38 Tomahawk,L1P,L
AD2DCE,N9484K,P28A,PIPER PA-28-140/150/160/180,L1P,L
AD32CE,N95FC,C182,CESSNA 182 Skylane,L1P,L
AD33CE,N95RJ,BE30,BEECH 300 Super King Air,L2T,L
AD37CE,N95057,TAYB,TAYLORCRAFT BC/BF/BL,L1P,L
AD3FCE,N953AB,SR22,CIRRUS SR-22,L1P,L
AD42CE,N95345,TAYB,TAYLORCRAFT BC/BF/BL,L1P,L
AD43CE,N954D,S108,STINSON 108 Voyager,L1P,L
AD4ACE,N9559A,C170,CESSNA 170,L1P,L
AD4BCE,N956JW,CH7B,BELLANCA 7 Citabria,L1P,L
AD51CE,N95756,TAYB,TAYLORCRAFT BC/BF/BL,L1P,L
AD54CE,N9580Y,BE35,BEECH 35 Starfire Bonanza,L1P,L
AD55CE,N95879,C182,CESSNA 182 Skylane,L1P,L
AD5ACE,N96LG,C180,CESSNA  180 Skywagon,L1P,L
AD5FCE,N9609W,P28A,PIPER PA-28-140/150/160/180,L1P,L
AD67CE,N963FF,C510,CESSNA 510 Citation Mustang,L2J,L
AD6DCE,N9643L,AA1,AMERICAN AA-1,L1P,L
AD71CE,N9655P,PA18,PIPER PA-18 Super Cub,L1P,L
AD75CE,N9667S,CH7B,BELLANCA 7 Citabria,L1P,L
AD78CE,N9672J,P28A,PIPER PA-28-140/150/160/180,L1P,L
AD79CE,N9679V,C172,CESSNA 172 Skyhawk,L1P,L
AD7CCE,N9684M,M20P,MOONEY M-20,L1P,L
AD7DCE,N969CG,BE9L,BEECH 90 King Air,L2T,L
AD7ECE,N969NN,B738,BOEING 737-800,L2J,M
AD81CE,N97FE,COY2,RANS Coyote 2,L1P,L
AD92CE,N974DB,C172,CESSNA 172 Skyhawk,L1P,L
AD96CE,N975G,RV12,VANS RV-12,L1P,L
AD97CE,N975SF,AT5T,AIR TRACTOR AT-504,L1T,L
AD9CCE,N97635,S108,STINSON 108 Voyager,L1P,L
ADA3CE,N97800,S108,STINSON 108 Voyager,L1P,L
ADA8CE,N98AC,FA50,DASSAULT Falcon 50,L3J,M
ADABCE,N980GV,P06T,TECNAM P-2006T,L2P,L
ADACCE,N980TA,C172,CESSNA 172 Skyhawk,L1P,L
ADADCE,N9802M,M4,MAULE M-4,L1P,L
ADB9CE,N9838W,P28A,PIPER PA-28-140/150/160/180,L1P,L
ADBECE,N985MD,ULAC,,L0-,-
ADC8CE,N9879X,C185,CESSNA 185 Skywagon,L1P,L
ADCBCE,N9884P,PA18,PIPER PA-18 Super Cub,L1P,L
ADCCCE,N989CJ,C25C,CESSNA 525C Citation CJ4,L2J,M
ADD1CE,N99RN,GLST,GLASAIR SH-4 GlaStar,L1P,L
ADD8CE,N99103,ERCO,AIR PRODUCTS F-1 Aircoupe,L1P,L
ADD9CE,N9918D,PA18,PIPER PA-18 Super Cub,L1P,L
ADDACE,N992HP,R66,ROBINSON R-66,H1T,L
ADDCCE,N99226,ERCO,AIR PRODUCTS F-1 Aircoupe,L1P,L
ADDDCE,N993AF,CH75,ZENAIR CH-750 Cruzer,L1P,L
ADE4CE,N9947B,C182,CESSNA 182 Skylane,L1P,L
ADE7CE,N99514,ERCO,AIR PRODUCTS F-1 Aircoupe,L1P,L
ADE8CE,N9959E,C182,CESSNA 182 Skylane,L1P,L
ADE9CE,N996K,SA10,STOLP SA-100 Starduster,L1P,L
ADECCE,N997BS,,,,
ADF6CE,N99925,DRON,,D0-,-
ADFCCE,93-0654,BE40,BEECH 400 Beechjet,L2J,M
ADFDCE,93-2106,C130,LOCKHEED C-130 Hercules,L4T,M
ADFECE,84-00488,BE20,BEECH 200 Super King Air,L2T,M
AE00CE,68-8106,T38,NORTHROP T-38 Talon,L2J,L
AE01CE,62-4134,R135,BOEING RC-135,L4J,H
AE02CE,91-9142,C130,LOCKHEED C-130 Hercules,L4T,M
AE03CE,164105,C130,LOCKHEED C-130 Hercules,L4T,M
AE04CE,62-3524,K35R,BOEING KC-135R/T Stratotanker,L4J,H
AE05CE,82-0055,C130,LOCKHEED C-130 Hercules,L4T,M
AE07CE,89-1190,C17,BOEING C-17 Globemaster 3,L4J,H
AE0BCE,98-26819,H60,SIKORSKY UH-60 Black Hawk,H2T,M
AE0DCE,83-23930,H60,SIKORSKY UH-60 Black Hawk,H2T,M
AE11CE,03-3706,TEX2,BEECHCRAFT T-6 Texan 2,L1T,L
AE13CE,04-6205,TEX2,BEECHCRAFT T-6 Texan 2,L1T,L
AE14CE,161077,BE9L,BEECH 90 King Air,L2T,L
AE18CE,78-0673,A10,FAIRCHILD A-10 Thunderbolt II,L2J,M
AE19CE,81-0970,A10,FAIRCHILD A-10 Thunderbolt II,L2J,M
AE1ECE,166073,TEX2,BEECHCRAFT T-6 Texan 2,L1T,L
AE1FCE,11-72191,EC45,AIRBUS HELICOPTERS EC-145,H2T,L
AE21CE,88-26023,H60,SIKORSKY UH-60 Black Hawk,H2T,M
AE29CE,08-6201,C30J,LOCKHEED MARTIN C-130J Super Hercules,L4T,M
AE4ECE,10-0052,V22,BELL-BOEING V-22 Osprey,R2T,M
AE4FCE,168126,H60,SIKORSKY UH-60 Black Hawk,H2T,M
AE50CE,10-20270,H60,SIKORSKY UH-60 Black Hawk,H2T,M
AE51CE,11-20418,H60,SIKORSKY UH-60 Black Hawk,H2T,M
AE54CE,12-5761,C30J,LOCKHEED MARTIN C-130J Super Hercules,L4T,M
AE56CE,13-20614,H60,SIKORSKY UH-60 Black Hawk,H2T,M
AE57CE,169009,P8,BOEING P-8 Poseidon,L2J,M
AE59CE,14-08453,H47,BOEING-VERTOL CH-47 Chinook,H2T,M
AE5ACE,15-20748,H60,SIKORSKY UH-60 Black Hawk,H2T,M
AE5BCE,15-20786,H60,SIKORSKY UH-60 Black Hawk,H2T,M
AE5CCE,89-26206,H60,SIKORSKY UH-60 Black Hawk,H2T,M
AE5ECE,162044,B06,BELL 206 JetRanger,H1T,L
AE74CE,21-03435,H64,MCDONNELL DOUGLAS AH-64 Apache,H2T,M
C000CE,C-FAHX,B06,BELL 206 JetRanger,H1T,L
C002CE,C-FBBP,AA5,AMERICAN AA-5 Tiger,L1P,L
C003CE,C-FBLL,,,,
C004CE,C-FBVH,H500,HUGHES 500,H1T,L
C005CE,C-FCFD,,,,
C007CE,C-FCYV,C152,CESSNA 152,L1P,L
C008CE,C-FDIR,P28R,PIPER PA-28R-180/200/201,L1P,L
C00ACE,C-FECJ,C180,CESSNA  180 Skywagon,L1P,L
C00BCE,C-FEMF,LJ40,LEARJET 40,L2J,M
C00DCE,C-FFFX,B38M,BOEING 737 MAX 8,L2J,M
C00FCE,C-FFZP,DH8D,DE HAVILLAND DHC-8-400 Dash 8,L2T,M
C011CE,C-FGTH,PA18,PIPER PA-18 Super Cub,L1P,L
C012CE,C-FHDD,ZZZZ,,-0-,-
C014CE,C-FHWV,CH7A,BELLANCA 7 Champion,L1P,L
C015CE,C-FIGR,KA27,KAMOV Ka-252,H2T,M
C016CE,C-FIQN,BALL,,B0-,-
C017CE,C-FJAJ,C82R,CESSNA R182 Skylane RG,L1P,L
C018CE,C-FJKF,AR11,AERONCA 11 Chief,L1P,L
C019CE,C-FJUB,EC30,AIRBUS HELICOPTERS EC-130,H1T,L
C01ACE,C-FKDX,C550,CESSNA 550 Citation S2,L2J,L
C01BCE,C-FKNT,B06,BELL 206 JetRanger,H1T,L
C01CCE,C-FKXP,ERCO,AIR PRODUCTS F-1 Aircoupe,L1P,L
C01DCE,C-FLHL,PA12,PIPER PA-12 Super Cruiser,L1P,L
C01ECE,C-FLRH,B407,BELL 407,H1T,L
C01FCE,C-FMBD,C172,CESSNA 172 Skyhawk,L1P,L
C020CE,C-FMKZ,SR22,CIRRUS SR-22,L1P,L
C021CE,C-FMUV,CRJ1,BOMBARDIER Regional Jet CRJ-100,L2J,M
C024CE,C-FNYJ,GLID,,L0-,-
C025CE,C-FOIF,PA24,PIPER PA-24 Comanche,L1P,L
C027CE,C-FPBX,LJ45,LEARJET 45,L2J,M
C028CE,C-FPLT,C182,CESSNA 182 Skylane,L1P,L
C02BCE,C-FQPH,,,,
C02CCE,C-FQZD,ULAC,,L0-,-
C02DCE,C-FRIZ,DV20,DIAMOND DA-20,L1P,L
C02ECE,C-FRSV,R44,ROBINSON R-44 Raven,H1P,L
C02FCE,C-FSCR,C82R,CESSNA R182 Skylane RG,L1P,L
C030CE,C-FSMN,C170,CESSNA 170,L1P,L
C031CE,C-FSWJ,ZZZZ,,-0-,-
C032CE,C-FTGF,O1,CESSNA 305/341 Bird Dog,L1P,L
C033CE,C-FTQB,C185,CESSNA 185 Skywagon,L1P,L
C034CE,C-FTZX,,,,
C036CE,C-FUTP,M20P,MOONEY M-20,L1P,L
C037CE,C-FVDL,C150,CESSNA 150,L1P,L
C038CE,C-FVNH,C210,CESSNA 201 Centurion,L1P,L
C039CE,C-FVXD,C188,CESSNA 188 AgTruck,L1P,L
C03ACE,C-FWGZ,C150,CESSNA 150,L1P,L
C03CCE,C-FXAR,P28A,PIPER PA-28-140/150/160/180,L1P,L
C03DCE,C-FXKN,PA44,PIPER PA-44 Seminole,L2P,L
C03ECE,C-FXUJ,,,,
C03FCE,C-FYEF,J3,PIPER J-3 Cub,L1P,L
C041CE,C-FYXX,EXEC,ROTORWAY Exec,H1P,L
C042CE,C-FZHT,GLID,,L0-,-
C043CE,C-FZRP,TOOT,MEYER Little Toot,L1P,L
C045CE,C-GALH,B06,BELL 206 JetRanger,H1T,L
C046CE,C-GAVD,CH30,ZENAIR CH-300 Tri-Zenith,L1P,L
C047CE,C-GBEZ,PEGZ,PEGASE AERO Pegazair,L1P,L
C049CE,C-GBYR,GLID,,L0-,-
C04BCE,C-GCSJ,C152,CESSNA 152,L1P,L
C04CCE,C-GDCF,C175,CESSNA 175 Skylark,L1P,L
C04DCE,C-GDMB,DA40,DIAMOND DA-40 Club Star,L1P,L
C04ECE,C-GDVX,BL8,BELLANCA 8 Decathlon,L1P,L
C04FCE,C-GEFT,,,,
C050CE,C-GEPP,RAF2,ROTARY AIR FORCE RAF-2000,G1P,L
C051CE,C-GEZL,,,,
C052CE,C-GFJH,C172,CESSNA 172 Skyhawk,L1P,L
C053CE,C-GFTD,P28R,PIPER PA-28R-180/200/201,L1P,L
C054CE,C-GGCZ,C182,CESSNA 182 Skylane,L1P,L
C055CE,C-GGMV,DV20,DIAMOND DA-20,L1P,L
C056CE,C-GGWR,LA4,LAKE LA-4/200,A1P,L
C057CE,C-GHGN,DHC2,DE HAVILLAND DHC-2 Beaver,L1P,L
C058CE,C-GHQJ,GLID,,L0-,-
C059CE,C-GIAF,C25B,CESSNA 525B Citation CJ3,L2J,L
C05ACE,C-GIKB,DHC6,DE HAVILLAND DHC-6 Twin Otter,L2T,L
C05BCE,C-GITX,,,,
C05CCE,C-GJDT,LNCE,LANCAIR ES,L1P,L
C05DCE,C-GJNP,C180,CESSNA  180 Skywagon,L1P,L
C05ECE,C-GJXL,RBEL,MURPHY Rebel,L1P,L
C05FCE,C-GKHH,HUSK,CHRISTEN Husky,L1P,L
C061CE,C-GLAZ,PA31,PIPER PA-31-300/310/325/350/425,L2P,L
C063CE,C-GLUR,BE20,BEECH 200 Super King Air,L2T,M
C064CE,C-GMEN,C172,CESSNA 172 Skyhawk,L1P,L
C065CE,C-GMOJ,PA31,PIPER PA-31-300/310/325/350/425,L2P,L
C066CE,C-GMYF,C172,CESSNA 172 Skyhawk,L1P,L
C067CE,C-GNIB,PA18,PIPER PA-18 Super Cub,L1P,L
C068CE,C-GNRX,AS50,AEROSPATIALE AS-350 Ecureuil,H1T,L
C069CE,C-GOBT,SA3,STITS SA-3 Playboy,L1P,L
C06ACE,C-GOLP,PA44,PIPER PA-44 Seminole,L2P,L
C06BCE,C-GOVL,BE23,BEECH 23 Sundowner,L1P,L
C06CCE,C-GPFH,AS50,AEROSPATIALE AS-350 Ecureuil,H1T,L
C06DCE,C-GPPD,,,,
C06ECE,C-GPYZ,C182,CESSNA 182 Skylane,L1P,L
C071CE,C-GRCN,,,,
C072CE,C-GRMJ,S61,SIKORSKY S-61 Sea King,H2T,M
C073CE,C-GRWF,,,,
C074CE,C-GSGB,PA24,PIPER PA-24 Comanche,L1P,L
C075CE,C-GSPX,P28R,PIPER PA-28R-180/200/201,L1P,L
C076CE,C-GSZT,C182,CESSNA 182 Skylane,L1P,L
C077CE,C-GTJP,BE77,BEECH 77 Skipper,L1P,L
C078CE,C-GTTL,C195,CESSNA 195,L1P,L
C079CE,C-GUDH,B789,BOEING 787-9 Dreamliner,L2J,H
C07ACE,C-GUND,BE20,BEECH 200 Super King Air,L2T,M
C07BCE,C-GUWZ,RAZM,SAINT GERMAIN Raz-Mut,L1P,L
C07CCE,C-GVGV,P28A,PIPER PA-28-140/150/160/180,L1P,L
C07DCE,C-GVQR,BE56,BEECH 56 Turbo Baron,L2P,L
C07ECE,C-GWAN,PA18,PIPER PA-18 Super Cub,L1P,L
C07FCE,C-GWKJ,BALL,,B0-,-
C080CE,C-GWUF,SR22,CIRRUS SR-22,L1P,L
C081CE,C-GXEB,PA14,PIPER PA-14 Family Cruiser,L1P,L
C082CE,C-GXNX,,,,
C084CE,C-GYHP,,,,
C085CE,C-GYRL,SW4,SWEARINGEN Metro,L2T,M
C086CE,C-GZBH,C180,CESSNA  180 Skywagon,L1P,L
C087CE,C-GZLD,C177,CESSNA  177 Cardinal,L1P,L
C08ACE,C-IAOR,CHIN,ASAP Chinook,L1P,L
C08BCE,C-IAYN,ULAC,,L0-,-
C08DCE,C-IBSF,ULAC,,L0-,-
C08ECE,C-ICCB,ULAC,,L0-,-
C08FCE,C-ICLX,,,,
C090CE,C-ICVT,N3,NOSTALGAIR N-3 Super Pup,L1P,L
C092CE,C-IDPL,PARA,,P0-,-
C093CE,C-IDZH,ULAC,,L0-,-
C094CE,C-IEJD,ULAC,,L0-,-
C095CE,C-IESZ,,,,
C097CE,C-IFMR,,,,
C098CE,C-IFWN,,,,
C099CE,C-IGGJ,BEVR,ASAP Beaver,L1P,L
C09ACE,C-IGQF,ULAC,,L0-,-
C09CCE,C-IHJX,ULAC,,L0-,-
C09DCE,C-IHTT,,,,
C09ECE,C-IIDP,,,,
C09FCE,C-IINL,ULAC,,L0-,-
C0A2CE,C-IJQZ,ULAC,,L0-,-
C0A5CE,C-IKUN,PARA,,P0-,-
C0A6CE,C-ILEJ,ULAC,,L0-,-
C0A7CE,C-ILOF,PARA,,P0-,-
C0A8CE,C-ILYB,,,,
C0AECE,C-IOFD,ULAC,,L0-,-
C1E4CE,SERV,SERV,,V0-,-
C1E9CE,SERV,SERV,,V0-,-
C800CE,ZK-BJX,C180,CESSNA  180 Skywagon,L1P,L
C802CE,ZK-DGY,CT4,PACIFIC AEROSPACE CT-4 Airtrainer,L1P,L
C807CE,ZK-GDB,GLID,,L0-,-
C808CE,ZK-GVA,DG40,DG FLUGZEUGBAU DG-400,L1P,L
C80BCE,ZK-GOP,VENT,SCHEMPP-HIRTH Ventus,L1P,L
C80DCE,ZK-FXO,ULAC,,L0-,-
C80ECE,ZK-MOA,ULAC,,L0-,-
C80FCE,ZK-JBN,FOX,KITFOX,L1P,L
C813CE,ZK-LTX,CRES,PACIFIC AEROSPACE Cresco,L1T,L
C815CE,ZK-CHV,EUPA,Europa,L1P,L
C818CE,ZK-INZ,H500,HUGHES 500,H1T,L
C819CE,ZK-DDL,BRAV,TECNAM P-2004 Bravo,L1P,L
C81ACE,ZK-VCE,R200,ROBIN Alpha,L1P,L
C81BCE,ZK-PLK,BE20,BEECH 200 Super King Air,L2T,M
C81DCE,ZK-DWE,C185,CESSNA 185 Skywagon,L1P,L
C81ECE,ZK-MEG,SIRA,TECNAM P-2002 Sierra,L1P,L
C820CE,ZK-NZC,B789,BOEING 787-9 Dreamliner,L2J,H
C821CE,ZK-LMG,CH65,ZENAIR CH-650 Zodiac,L1P,L
C822CE,ZK-RDG,ULAC,,L0-,-
C823CE,ZK-LSW,COY2,RANS Coyote 2,L1P,L
C827CE,ZK-IOC,EC20,AIRBUS HELICOPTERS EC-120,H1T,L
C828CE,ZK-MOT,AT3T,AIR TRACTOR AT-302/402,L1T,L
E053CE,LV-EON,GLID,,L0-,-
E082CE,LV-HKN,B738,BOEING 737-800,L2J,M
E085CE,LQ-HWN,EC55,AIRBUS HELICOPTERS EC-155,H2T,L
E092CE,LV-IKN,B505,BELL 505 JetRanger X,H1T,L
E095CE,LV-IWN,C56X,CESSNA 560XL Citation XLS,L2J,M
E0A1CE,LV-JGN,PA31,PIPER PA-31-300/310/325/350/425,L2P,L
E0A2CE,LV-JKN,C206,CESSNA  206 Stationair,L1P,L
E0A5CE,LV-JWN,LJ75,LEARJET 75,L2J,M
E0B1CE,LV-KGN,B738,BOEING 737-800,L2J,M
E124CE,LV-RSN,PA12,PIPER PA-12 Super Cruiser,L1P,L
E171CE,LV-WGN,MD83,MCDONNELL-DOUGLAS MD-83,L2J,M
E190CE,LV-YCN,RELI,STINSON Reliant,L1P,L
E47ECE,PR-GTB,B738,BOEING 737-800,L2J,M
E481CE,PT-LGW,LJ35,LEARJET 35,L2J,M
E484CE,PR-MJD,E50P,EMBRAER EMB-500 Phenom 100,L2J,L
E488CE,PR-DIF,BE40,BEECH 400 Beechjet,L2J,M
E48CCE,PR-HFI,AS50,AEROSPATIALE AS-350 Ecureuil,H1T,L
E48FCE,PT-MSZ,B763,BOEING 767-300,L2J,H
E494CE,PR-EZJ,C172,CESSNA 172 Skyhawk,L1P,L
E495CE,PR-HVD,LJ75,LEARJET 75,L2J,M
E499CE,PS-KMO,BE20,BEECH 200 Super King Air,L2T,M
E49ACE,PP-BEB,BE20,BEECH 200 Super King Air,L2T,M
E803CE,CC-DHU,RJ1H,AVRO RJ-100 Avroliner,L4J,M
E8CFCE,OB-2117,C172,CESSNA 172 Skyhawk,L1P,L
E900CE,CP-2716,B733,BOEING 737-300,L2J,M
