008CCF,ZS-EVM,P28A,PIPER PA-28-140/150/160/180,L1P,L
008ECF,ZS-FPE,S22T,CIRRUS SR-22T Turbo,L1P,L
0095CF,ZS-IGC,CL60,BOMBARDIER CL-600 Challenger,L2J,M
00AECF,ZS-RSG,C130,LOCKHEED C-130 Hercules,L4T,M
00B0CF,ZS-SLY,C172,CESSNA 172 Skyhawk,L1P,L
0100CF,SU-EWD,C680,CESSNA 680 Citation Sovereign,L2J,M
02A1CF,TS-IOP,B736,BOEING 737-600,L2J,M
04C1CF,5Y-WFC,F50,FOKKER 50,L2T,M
06A0CF,A7-GHH,A139,AGUSTA AW-139,H2T,L
06A1CF,A7-CGJ,GLF6,GULFSTREAM G650,L2J,M
06A2CF,A7-FFF,DA42,DIAMOND DA-42 Guardian,L2P,L
0700CF,6V-AGP,B06,BELL 206 JetRanger,H1T,L
0AC3CF,HK-5276,A320,AIRBUS A-320,L2J,M
0ACACF,PNC0252,B190,BEECH 1900,L2T,M
0C20CF,HP-1855CMP,B738,BOEING 737-800,L2J,M
0D02CF,XA-GAO,BE40,BEECH 400 Beechjet,L2J,M
0D07CF,ANX-1191,B350,BEECHCRAFT Super King Air 350,L2T,M
0D0ACF,XA-AEN,E190,EMBRAER ERJ-190-100,L2J,M
0D0BCF,XA-GTR,C510,CESSNA 510 Citation Mustang,L2J,L
0D0CCF,XB-EXJ,PA46,PIPER PA-46-310/350,L1P,L
0D81CF,YV2918,B733,BOEING 737-300,L2J,M
0D82CF,YV3333,C25C,CESSNA 525C Citation CJ4,L2J,M
140ACF,RA-02767,PRM1,RAYTHEON 390 Premier 1,L2J,L
141CCF,RA-07375,R66,ROBINSON R-66,H1T,L
141ECF,RA-07887,M600,PIPER PA-46-600TP,L1T,L
151DCF,RA-73167,A320,AIRBUS A-320,L2J,M
151ECF,RA-73423,A320,AIRBUS A-320,L2J,M
151FCF,RA-73679,A319,AIRBUS A-319,L2J,M
155BCF,RA-89039,SU95,SUKHOI Superjet 100-95,L2J,M
157DCF,UR-KEK,B505,BELL 505 JetRanger X,H1T,L
3004CF,I-PAAP,AS50,AEROSPATIALE AS-350 Ecureuil,H1T,L
3005CF,I-AMDL,C72R,CESSNA 172R Cutlass RG,L1P,L
3007CF,I-ACIR,P28A,PIPER PA-28-140/150/160/180,L1P,L
3008CF,I-HERC,A169,AGUSTA AW-169,H2T,L
33FDCF,MM81786,H47,BOEING-VERTOL CH-47 Chinook,H2T,M
33FFCF,MM55078,M339,AERMACCHI MB-339,L1J,L
3415CF,EC-IEG,A320,AIRBUS A-320,L2J,M
3420CF,EC-JNI,A321,AIRBUS A-321,L2J,M
3433CF,EC-IAX,C550,CESSNA 550 Citation S2,L2J,L
3435CF,EC-LOS,EC35,AIRBUS HELICOPTERS EC-135/635,H2T,L
3440CF,EC-LMN,A332,AIRBUS A-330-200,L2J,H
3443CF,EC-LRF,DA40,DIAMOND DA-40 Club Star,L1P,L
3444CF,EC-LZN,A320,AIRBUS A-320,L2J,M
3451CF,EC-MIH,B788,BOEING 787-8 Dreamliner,L2J,H
3453CF,EC-EY8,FDCT,FLIGHT DESIGN CT,L1P,L
3455CF,HD.21-18,AS32,AEROSPATIALE AS-332 Super Puma,H2T,M
3461CF,EC-NDH,A319,AIRBUS A-319,L2J,M
3473CF,EC-NYR,E35L,EMBRAER EMB-135 Legacy,L2J,M
3571CF,E.27-15,PC21,PILATUS PC-21,L1T,L
3815CF,F-BFOP,SV4,NORD SV-4,L1P,L
3850CF,F-BUGP,RALL,SOCATA Rallye,L1P,L
3855CF,F-BVOP,P28A,PIPER PA-28-140/150/160/180,L1P,L
3901CF,F-GAOP,DR40,ROBIN DR-400,L1P,L
390CCF,F-GDGP,TOBA,SOCATA Tobago,L1P,L
3910CF,F-GEGP,BALL,,B0-,-
3911CF,F-GEOP,BALL,,B0-,-
3918CF,F-GGGP,BE36,BEECH 36 Bonanza,L1P,L
3930CF,F-GMGP,DR40,ROBIN DR-400,L1P,L
3944CF,F-GRGP,E135,EMBRAER ERJ-135,L2J,M
394DCF,F-GTOP,PC6T,PILATUS PC-6 Turbo-Porter,L1T,L
3950CF,F-GUGP,A318,AIRBUS A-318,L2J,M
3964CF,F-GZGP,P28A,PIPER PA-28-140/150/160/180,L1P,L
3989CF,F-HCOP,R22,ROBINSON R-22 Mariner,H1P,L
398CCF,F-HDGP,DA42,DIAMOND DA-42 Guardian,L2P,L
3994CF,F-HFGP,B350,BEECHCRAFT Super King Air 350,L2T,M
399DCF,F-HHOP,APM3,ISSOIRE APM-30 Lion,L1P,L
39B9CF,F-HOOP,P208,TECNAM P-2008,L1P,L
39BDCF,F-HPOP,G2CA,GUIMBAL G-2 Cabri,H1P,L
39CDCF,F-HTOP,E135,EMBRAER ERJ-135,L2J,M
3AAACF,F-MEAT,NH90,NHI NH-90,H2T,M
3AABCF,F-MAYH,AS55,AEROSPATIALE AS-355 Ecureuil 2,H2T,L
3B75CF,30-JO,MIR2,DASSAULT Mirage 2000,L1J,M
3B76CF,F-RAVI,AS55,AEROSPATIALE AS-355 Ecureuil 2,H2T,L
3B77CF,111,CN35,CASA CN-235 Persuader,L2T,M
3B9BCF,25,ATLA,BREGUET Atlantic,L2T,M
3C14CF,D-AWWW,GLF6,GULFSTREAM G650,L2J,M
3C17CF,D-AYAK,A21N,AIRBUS A-321neo,L2J,M
3C1CCF,D-AZXQ,A21N,AIRBUS A-321neo,L2J,M
3C4ACF,D-ABVO,B744,BOEING 747-400,L4J,H
3C4DCF,D-ACNO,CRJ9,BOMBARDIER Regional Jet CRJ-900,L2J,M
3C65CF,D-AINO,A20N,AIRBUS A-320neo,L2J,M
3C6DCF,D-AKNO,A319,AIRBUS A-319,L2J,M
3D04CF,D-EABN,SR22,CIRRUS SR-22,L1P,L
3D05CF,D-EALJ,T206,CESSNA T206 Turbo Stationair,L1P,L
3D07CF,D-EBFB,PA18,PIPER PA-18 Super Cub,L1P,L
3D0ACF,D-ECIP,R300,ROBIN R-3000/3100/3120/3140,L1P,L
3D0BCF,D-ECSL,C172,CESSNA 172 Skyhawk,L1P,L
3D0CCF,D-EDCH,PA22,PIPER PA-22,L1P,L
3D0ECF,D-EDVZ,C150,CESSNA 150,L1P,L
3D0FCF,D-EEFV,P28A,PIPER PA-28-140/150/160/180,L1P,L
3D10CF,D-EEPR,PA38,PIPER PA-38 Tomahawk,L1P,L
3D12CF,D-EFJJ,B209,MBB BO-209 Monsun,L1P,L
3D14CF,D-EGDB,AA5,AMERICAN AA-5 Tiger,L1P,L
3D16CF,D-EGWT,HR20,ROBIN HR-200,L1P,L
3D19CF,D-EIAH,PA46,PIPER PA-46-310/350,L1P,L
3D1ACF,D-EIKD,C172,CESSNA 172 Skyhawk,L1P,L
3D21CF,D-ELBB,D150,JODEL D-150 Mascaret,L1P,L
3D22CF,D-ELKX,P28A,PIPER PA-28-140/150/160/180,L1P,L
3D24CF,D-EMEP,PA38,PIPER PA-38 Tomahawk,L1P,L
3D25CF,D-EMOL,C172,CESSNA 172 Skyhawk,L1P,L
3D27CF,D-ENID,CH7A,BELLANCA 7 Champion,L1P,L
3D2CCF,D-EPFJ,A210,AQUILA A-210,L1P,L
3D31CF,D-ERCP,SR20,CIRRUS SR-20,L1P,L
3D3ECF,D-EWAP,E300,EXTRA EA-300/330/350,L1P,L
3D41CF,D-EXED,TB20,SOCATA TB-20 Trinidad,L1P,L
3D57CF,D-FFMT,PC9,PILATUS PC-9 Hudournik,L1T,L
3DAFCF,D-GMVF,BE95,BEECH 95 Travel Air,L2P,L
3DD2CF,D-HABV,EC35,AIRBUS HELICOPTERS EC-135/635,H2T,L
3DD3CF,D-HALR,R44,ROBINSON R-44 Raven,H1P,L
3DD6CF,D-HBPF,EC35,AIRBUS HELICOPTERS EC-135/635,H2T,L
3DDDCF,D-HEGD,AS32,AEROSPATIALE AS-332 Super Puma,H2T,M
3DF3CF,D-HMOT,B06,BELL 206 JetRanger,H1T,L
3DF8CF,D-HOLZ,H500,HUGHES 500,H1T,L
3E5ECF,D-KBCH,VENT,SCHEMPP-HIRTH Ventus,L1P,L
3E73CF,D-KJBB,DUOD,SCHEMPP-HIRTH Duo Discus,L1P,L
3EC4CF,D-KPML,DG40,DG FLUGZEUGBAU DG-400,L1P,L
3EC9CF,D-KRJR,GLID,,L0-,-
3ED6CF,D-KWHR,GLID,,L0-,-
3EDBCF,D-KYEX,GLID,,L0-,-
3EE3CF,D-0824,GLID,,L0-,-
3EF9CF,D-6456,GLID,,L0-,-
3FC2CF,D-OLFB,BALL,,B0-,-
3FD4CF,D-OSAH,BALL,,B0-,-
3FD6CF,D-OSTZ,BALL,,B0-,-
3FEACF,D-MIPB,BREZ,AEROSTYLE Breezer,L1P,L
3FEDCF,D-MAZL,C42,IKARUS C-42 Bison,L1P,L
3FEFCF,D-MLGE,WT9,AEROSPOOL WT-9 Dynamic,L1P,L
3FF1CF,D-MJHG,C42,IKARUS C-42 Bison,L1P,L
3FF2CF,D-MMFB,G3,REMOS Mirage,L1P,L
3FF3CF,D-MWRR,C42,IKARUS C-42 Bison,L1P,L
3FF5CF,D-MMWH,ULAC,,L0-,-
3FF8CF,D-MMUU,C42,IKARUS C-42 Bison,L1P,L
3FF9CF,D-MFDS,ULAC,,L0-,-
4008CF,G-SOVB,LJ45,LEARJET 45,L2J,M
400ACF,G-ZZSB,EC25,AIRBUS HELICOPTERS EC-225/725,H2T,M
400ECF,G-BYUK,G115,GROB G-115,L1P,L
4011CF,G-BUVO,C182,CESSNA 182 Skylane,L1P,L
4012CF,G-DPEP,AAT3,AERO AT-3,L1P,L
4014CF,G-AOVW,AUS4,AUSTER AOP4,L1P,L
401FCF,G-GUSS,P28A,PIPER PA-28-140/150/160/180,L1P,L
4020CF,G-BLHS,CH7A,BELLANCA 7 Champion,L1P,L
4021CF,G-FULL,P28R,PIPER PA-28R-180/200/201,L1P,L
4026CF,G-RVNG,P68,PARTENAVIA P-68 Observer,L2P,L
4029CF,G-BNYL,C152,CESSNA 152,L1P,L
402CCF,G-MVIV,ULAC,,L0-,-
402FCF,G-BRPH,C120,CESSNA 120,L1P,L
4031CF,G-CMPA,P28T,PIPER PA-28RT-201,L1P,L
4032CF,G-CPCD,DR22,CENTRE EST Dauphin,L1P,L
4033CF,G-BTFU,BALL,,B0-,-
4039CF,G-BVVH,EUPA,Europa,L1P,L
403FCF,G-BXWK,COY2,RANS Coyote 2,L1P,L
4041CF,G-JSAK,R22,ROBINSON R-22 Mariner,H1P,L
4042CF,G-BZEA,C152,CESSNA 152,L1P,L
4044CF,G-RVMT,RV6,VANS RV-6,L1P,L
4049CF,G-FARL,PTS1,PITTS S-1 Special,L1P,L
404CCF,G-CDDH,ULAC,,L0-,-
404FCF,G-IIIM,SA10,STOLP SA-100 Starduster,L1P,L
4053CF,G-CJKZ,GLID,,L0-,-
4054CF,G-JKPF,C172,CESSNA 172 Skyhawk,L1P,L
4055CF,G-OJNE,NIMB,SCHEMPP-HIRTH Nimbus,L1P,L
405ACF,G-CFDN,SKRA,BEST OFF Sky Ranger,L1P,L
4062CF,G-APRO,AUS6,AUSTER AOP6,L1P,L
4064CF,G-CGSW,ULAC,,L0-,-
4066CF,G-TAWH,B738,BOEING 737-800,L2J,M
4067CF,G-CHHV,RJ03,JUNQUA RJ-03 Ibis,L1P,L
4068CF,G-DAAN,EC35,AIRBUS HELICOPTERS EC-135/635,H2T,L
4069CF,G-CICF,C42,IKARUS C-42 Bison,L1P,L
406BCF,G-MAAS,P28A,PIPER PA-28-140/150/160/180,L1P,L
406ECF,G-CISF,ULAC,,L0-,-
406FCF,G-SPVI,TB20,SOCATA TB-20 Trinidad,L1P,L
4071CF,G-CJJV,RV12,VANS RV-12,L1P,L
4072CF,G-CKAB,EFOX,AEROPRO Eurofox,L1P,L
4074CF,G-CKVM,EFOX,AEROPRO Eurofox,L1P,L
4075CF,G-VLNM,A332,AIRBUS A-330-200,L2J,H
4076CF,G-CLCM,ULAC,,L0-,-
4077CF,G-KUBY,PA18,PIPER PA-18 Super Cub,L1P,L
4078CF,G-RMBH,A109,AGUSTA AW-109 Grand,H2T,L
4079CF,G-OLED,EFOX,AEROPRO Eurofox,L1P,L
407BCF,G-NJAD,F2TH,DASSAULT Falcon 2000,L2J,M
407DCF,G-NPTH,B734,BOEING 737-400,L2J,M
4242CF,VP-BTF,A319,AIRBUS A-319,L2J,M
4245CF,VP-CLP,A320,AIRBUS A-320,L2J,M
4249CF,VQ-BIX,CRJ2,BOMBARDIER Regional Jet CRJ-200,L2J,M
424BCF,M-TOMY,E50P,EMBRAER EMB-500 Phenom 100,L2J,L
43C4CF,ZD575,H47,BOEING-VERTOL CH-47 Chinook,H2T,M
43C7CF,ZK552,H47,BOEING-VERTOL CH-47 Chinook,H2T,M
43C8CF,ZM328,TEX2,BEECHCRAFT T-6 Texan 2,L1T,L
43EECF,2-SKYW,E145,EMBRAER ERJ-145,L2J,M
4400CF,OE-AMA,BE77,BEECH 77 Skipper,L1P,L
4402CF,OE-DLY,C172,CESSNA 172 Skyhawk,L1P,L
4403CF,OE-HNM,F2TH,DASSAULT Falcon 2000,L2J,M
4406CF,OE-XHV,AS50,AEROSPATIALE AS-350 Ecureuil,H1T,L
4409CF,OE-XYL,A109,AGUSTA AW-109 Grand,H2T,L
440BCF,OE-LNZ,B752,BOEING 757-200,L2J,M
4485CF,OO-ANO,C152,CESSNA 152,L1P,L
44CCCF,OO-SFO,A333,AIRBUS A-330-300,L2J,H
44CDCF,OO-SNO,A320,AIRBUS A-320,L2J,M
44D2CF,OO-TVO,P28A,PIPER PA-28-140/150/160/180,L1P,L
4520CF,LZ-FBH,A320,AIRBUS A-320,L2J,M
458ACF,OY-BVO,BE36,BEECH 36 Bonanza,L1P,L
45E2CF,OY-XVO,AS29,SCHLEICHER ASG-29,L1P,L
4692CF,SX-DVO,A321,AIRBUS A-321,L2J,M
46D1CF,SX-TNO,AT76,ATR-72-600,L2T,M
46DACF,SX-VVO,GLF5,GULFSTREAM 5,L2J,M
472FCF,HA-SCT,C56X,CESSNA 560XL Citation XLS,L2J,M
477FCF,R-905,EXPL,MCDONNELL-DOUGLAS MD-900 Explorer,H2T,L
4783CF,LN-RNO,B737,BOEING 737-700,L2J,M
4784CF,LN-OBD,AS50,AEROSPATIALE AS-350 Ecureuil,H1T,L
4786CF,LN-BWZ,C172,CESSNA 172 Skyhawk,L1P,L
478ECF,LN-AZB,C172,CESSNA 172 Skyhawk,L1P,L
47A1CF,LN-NGX,B738,BOEING 737-800,L2J,M
47C0CF,LN-OUC,EC35,AIRBUS HELICOPTERS EC-135/635,H2T,L
47C4CF,LN-YML,ZZZZ,,-0-,-
4840CF,PH-BFT,B744,BOEING 747-400,L4J,H
4848CF,PH-CIS,TAMP,SOCATA TB-9 Tampico,L1P,L
484BCF,PH-SVX,PAY1,PIPER PA-31T1-500 Cheyenne 1,L2T,L
484CCF,PH-1461,GLID,,L0-,-
484DCF,PH-1059,GLID,,L0-,-
4850CF,PH-LAU,F900,DASSAULT Falcon 900,L3J,M
4851CF,PH-1AJ,ZZZZ,,-0-,-
4853CF,PH-1QF,ZZZZ,,-0-,-
4854CF,PH-HBN,B738,BOEING 737-800,L2J,M
4855CF,PH-2LY,ZZZZ,,-0-,-
4856CF,PH-2WF,ZZZZ,,-0-,-
4863CF,PH-DVK,PC24,PILATUS PC-24,L2J,M
489DCF,SP-HOP,SC7,SHORT Skyvan,L2T,L
48B5CF,SP-NOP,DV20,DIAMOND DA-20,L1P,L
48C9CF,SP-TOP,GLF6,GULFSTREAM G650,L2J,M
48D1CF,SP-WOP,RALL,SOCATA Rallye,L1P,L
4912CF,CS-DVO,AT43,ATR-42-300,L2T,M
4920CF,CS-HFO,AS50,AEROSPATIALE AS-350 Ecureuil,H1T,L
4950CF,CS-TFO,LJ40,LEARJET 40,L2J,M
49D0CF,OK-LTA,C172,CESSNA 172 Skyhawk,L1P,L
49D3CF,OK-KEM,C182,CESSNA 182 Skylane,L1P,L
49D4CF,OK-STS,E55P,EMBRAER EMB-505 Phenom 300,L2J,M
4A35CF,336,EC35,AIRBUS HELICOPTERS EC-135/635,H2T,L
4AAACF,SE-JVO,AS50,AEROSPATIALE AS-350 Ecureuil,H1T,L
4AB2CF,SE-LVO,DA42,DIAMOND DA-42 Guardian,L2P,L
4AB4CF,SE-MFO,F50,FOKKER 50,L2T,M
4AD6CF,SE-UVO,GLID,,L0-,-
4AD9CF,SE-VNO,CDUS,AUTOGYRO Calidus,G1P,L
4B05CF,HB-CFF,C152,CESSNA 152,L1P,L
4B07CF,HB-CYX,C152,CESSNA 152,L1P,L
4B08CF,HB-DIT,M20T,MOONEY M-20T,L1P,L
4B1ECF,HB-LRJ,DHC6,DE HAVILLAND DHC-6 Twin Otter,L2T,L
4B2ACF,HB-QFN,BALL,,B0-,-
4B2BCF,HB-QPJ,BALL,,B0-,-
4B2CCF,HB-QZF,BALL,,B0-,-
4B2FCF,HB-SCT,DV20,DIAMOND DA-20,L1P,L
4B43CF,HB-ZRR,A109,AGUSTA AW-109 Grand,H2T,L
4B49CF,HB-1320,GLID,,L0-,-
4B4DCF,HB-2344,DG80,DG FLUGZEUGBAU DG-800,L1P,L
4B4ECF,HB-2600,GLID,,L0-,-
4B50CF,HB-3112,GLID,,L0-,-
4B7FCF,T-355,EC35,AIRBUS HELICOPTERS EC-135/635,H2T,L
4B82CF,OR-3125,B429,BELL 429 GlobalRanger,H2T,L
4B8ACF,TC-BVO,BALL,,B0-,-
4BA8CF,TC-JFO,B738,BOEING 737-800,L2J,M
4BA9CF,TC-JNO,A333,AIRBUS A-330-300,L2J,H
4BAACF,TC-JVO,B738,BOEING 737-800,L2J,M
4CA4CF,EI-FLR,E195,EMBRAER ERJ-190-200,L2J,M
4CA6CF,EI-MTZ,UF10,URBAN UFM-10 Samba,L1P,L
4CA9CF,EI-EVG,B738,BOEING 737-800,L2J,M
4CAFCF,EI-GXJ,B738,BOEING 737-800,L2J,M
4D03CF,LX-N90458,E3TF,BOEING E-3 Sentry (TF33),L4J,H
4D20CF,9H-VCB,CL35,BOMBARDIER BD-100 Challenger 350,L2J,M
4D21CF,9H-FSJ,B738,BOEING 737-800,L2J,M
4D23CF,9H-RFX,E550,EMBRAER EMB-550 Praetor 600,L2J,M
502CCF,YL-CSF,BCS3,AIRBUS A220-300,L2J,M
503CCF,LY-LMP,G2CA,GUIMBAL G-2 Cabri,H1P,L
505CCF,OM-UFO,P28A,PIPER PA-28-140/150/160/180,L1P,L
506CCF,S5-CMA,PC6T,PILATUS PC-6 Turbo-Porter,L1T,L
5080CF,UR-CWB,B350,BEECHCRAFT Super King Air 350,L2T,M
5081CF,UR-GBD,B733,BOEING 737-300,L2J,M
5083CF,UR-CPS,IL76,ILYUSHIN Il-76/82,L4J,H
6831CF,08-RED,AN72,ANTONOV An-74-200,L2J,M
717CCF,HZ-NS52,A20N,AIRBUS A-320neo,L2J,M
7277CF,P-671,A148,ANTONOV An-148,L2J,M
7335CF,EP-MNO,A310,AIRBUS A-310,L2J,H
7394CF,4X-ANG,PA32,PIPER PA-32,L1P,L
7503CF,9M-SKF,P28A,PIPER PA-28-140/150/160/180,L1P,L
7580CF,RP-C7257,AT75,ATR-72-500,L2T,M
7581CF,RP-C7057,AS50,AEROSPATIALE AS-350 Ecureuil,H1T,L
7583CF,RP-C6198,B350,BEECHCRAFT Super King Air 350,L2T,M
7586CF,RP-C3902,A339,AIRBUS A-330-900,L2J,H
76CCCF,9V-SFO,B744,BOEING 747-400,L4J,H
76E4CF,9V-YFO,DA40,DIAMOND DA-40 Club Star,L1P,L
7800CF,B-6997,B738,BOEING 737-800,L2J,M
7804CF,B-7695,CRJ2,BOMBARDIER Regional Jet CRJ-200,L2J,M
7809CF,B-5735,B738,BOEING 737-800,L2J,M
780ACF,B-9925,A320,AIRBUS A-320,L2J,M
780BCF,B-1916,B738,BOEING 737-800,L2J,M
780DCF,B-1502,B738,BOEING 737-800,L2J,M
7810CF,B-70LL,G2CA,GUIMBAL G-2 Cabri,H1P,L
7811CF,B-1448,B738,BOEING 737-800,L2J,M
7812CF,B-1368,B789,BOEING 787-9 Dreamliner,L2J,H
7814CF,B-205T,B738,BOEING 737-800,L2J,M
7815CF,B-208F,B38M,BOEING 737 MAX 8,L2J,M
781ACF,B-321T,A321,AIRBUS A-321,L2J,M
781BCF,B-324E,A20N,AIRBUS A-320neo,L2J,M
781ECF,B-32D7,A320,AIRBUS A-320,L2J,M
7C0CCF,VH-CTD,RV7,VANS RV-7,L1P,L
7C0FCF,VH-DEP,PA31,PIPER PA-31-300/310/325/350/425,L2P,L
7C11CF,VH-DSX,C150,CESSNA 150,L1P,L
7C16CF,VH-ESH,A139,AGUSTA AW-139,H2T,L
7C19CF,VH-FDT,BE20,BEECH 200 Super King Air,L2T,M
7C1ACF,VH-FKX,F50,FOKKER 50,L2T,M
7C29CF,VH-IJL,M20P,MOONEY M-20,L1P,L
7C2BCF,VH-IXT,C560,CESSNA 560 Citation Ultra,L2J,M
7C32CF,VH-KBL,C172,CESSNA 172 Skyhawk,L1P,L
7C35CF,VH-KWX,T206,CESSNA T206 Turbo Stationair,L1P,L
7C3ECF,VH-MOX,C208,CESSNA 208 Caravan,L1T,L
7C43CF,VH-NOH,RV7,VANS RV-7,L1P,L
7C47CF,VH-OGX,SW4,SWEARINGEN Metro,L2T,M
7C4CCF,VH-PGH,CT4,PACIFIC AEROSPACE CT-4 Airtrainer,L1P,L
7C4DCF,VH-PNL,GLID,,L0-,-
7C4ECF,VH-PUP,BE35,BEECH 35 Starfire Bonanza,L1P,L
7C62CF,VH-TSX,C82R,CESSNA R182 Skylane RG,L1P,L
7C66CF,VH-ULD,A321,AIRBUS A-321,L2J,M
7C6ACF,VH-VDT,R44,ROBINSON R-44 Raven,H1P,L
7C6BCF,VH-VKX,E55P,EMBRAER EMB-505 Phenom 300,L2J,M
7C79CF,VH-YCH,CT4,PACIFIC AEROSPACE CT-4 Airtrainer,L1P,L
7C7ACF,VH-YJL,AC50,NORTH AMERICAN ROCKWELL Commander 500,L2P,L
7C7BCF,VH-YQP,DA42,DIAMOND DA-42 Guardian,L2P,L
7C7CCF,VH-YXT,A320,AIRBUS A-320,L2J,M
7C81CF,VH-ZXD,A139,AGUSTA AW-139,H2T,L
7CF9CF,A47-005,P8,BOEING P-8 Poseidon,L2J,M
8001CF,VT-JGU,B738,BOEING 737-800,L2J,M
8005CF,VT-AYV,F2TH,DASSAULT Falcon 2000,L2J,M
8007CF,VT-IFS,A320,AIRBUS A-320,L2J,M
800CCF,VT-WGP,A20N,AIRBUS A-320neo,L2J,M
800FCF,VT-IUG,A21N,AIRBUS A-321neo,L2J,M
8013CF,VT-IUV,A21N,AIRBUS A-321neo,L2J,M
8014CF,VT-IKW,A321,AIRBUS A-321,L2J,M
8465CF,JA139R,A139,AGUSTA AW-139,H2T,L
85C8CF,JA525M,C25M,CESSNA 525 Citation M2,L2J,L
8634CF,JA6783,B412,BELL 412,H2T,L
884CCF,HS-SFO,A139,AGUSTA AW-139,H2T,L
8880CF,VN-B468,C208,CESSNA 208 Caravan,L1T,L
8881CF,VN-A999,FA8X,DASSAULT Falcon 8X,L3J,M
8963CF,A6-BLB,B789,BOEING 787-9 Dreamliner,L2J,H
8964CF,A6-MAX,B38M,BOEING 737 MAX 8,L2J,M
8965CF,A6-FKD,B38M,BOEING 737 MAX 8,L2J,M
8990CF,B-16332,A333,AIRBUS A-330-300,L2J,H
8A01CF,PK-LGO,B739,BOEING 737-900,L2J,M
8A03CF,PK-RJA,E35L,EMBRAER EMB-135 Legacy,L2J,M
8A06CF,PK-MEE,K100,DAHER Kodiak 100,L1T,L
A000CF,N1JE,PTS1,PITTS S-1 Special,L1P,L
A002CF,N10ER,JACE,ACE Junior Ace,L1P,L
A004CF,N100BB,C172,CESSNA 172 Skyhawk,L1P,L
A005CF,N100MH,DH82,DE HAVILLAND DH-82 Tiger Moth,L1P,L
A006CF,N100XP,BE33,BEECH 33 Bonanza,L1P,L
A007CF,N1005V,AT3T,AIR TRACTOR AT-302/402,L1T,L
A00ACF,N1010M,GLAS,Glasair,L1P,L
A00ECF,N1022Q,UH1,BELL UH-1 Huey,H1T,L
A016CF,N1046W,NAVI,NORTH AMERICAN Navion,L1P,L
A01ACF,N1058Z,COL4,CESSNA 400 Corvalis TT,L1P,L
A01ECF,N107BA,C172,CESSNA 172 Skyhawk,L1P,L
A01FCF,N107MG,M20P,MOONEY M-20,L1P,L
A026CF,N109GX,ASTR,GULFSTREAM AEROSPACE Gulfstream G100,L2J,M
A027CF,N109TC,RV8,VANS RV-8,L1P,L
A029CF,N10990,CH7B,BELLANCA 7 Citabria,L1P,L
A02DCF,N110SM,C337,CESSNA 337 Super Skymaster,L2P,L
A02ECF,N11018,TAIL,WITTMAN Tailwind,L1P,L
A02FCF,N1109J,PA18,PIPER PA-18 Super Cub,L1P,L
A031CF,N111VK,PC12,PILATUS PC-12,L1T,L
A032CF,N1114A,C208,CESSNA 208 Caravan,L1T,L
A034CF,N112NB,C150,CESSNA 150,L1P,L
A036CF,N1126D,C140,CESSNA 140,L1P,L
A038CF,N113R,EFOX,AEROPRO Eurofox,L1P,L
A03ACF,N1138G,,,,
A03BCF,N114HS,M7,MAULE M-7,L1P,L
A03DCF,N11429,C177,CESSNA  177 Cardinal,L1P,L
A03ECF,N115AJ,AJET,DASSAULT-DORNIER Alpha Jet,L2J,M
A040CF,N115WW,GLAS,Glasair,L1P,L
A041CF,N1155B,L8,LUSCOMBE 8,L1P,L
A042CF,N116DG,BE10,BEECH 100 King Air,L2T,L
A045CF,N1167E,CH7A,BELLANCA 7 Champion,L1P,L
A047CF,N117SL,,,,
A049CF,N1179H,AR15,AERONCA 15 Sedan,L1P,L
A04CCF,N1184,WAC9,WACO 9,L1P,L
A04ECF,N119NA,B752,BOEING 757-200,L2J,M
A050CF,N1196C,AA5,AMERICAN AA-5 Tiger,L1P,L
A051CF,N12ET,LGEZ,RUTAN Long-EZ,L1P,L
A053CF,N120BD,M20P,MOONEY M-20,L1P,L
A054CF,N120MK,RV12,VANS RV-12,L1P,L
A055CF,N120XR,BALL,,B0-,-
A056CF,N1205X,M20P,MOONEY M-20,L1P,L
A059CF,N1210P,PA23,PIPER PA-23,L2P,L
A05ACF,N12170,C172,CESSNA 172 Skyhawk,L1P,L
A05BCF,N122H,CH7B,BELLANCA 7 Citabria,L1P,L
A05CCF,N122TF,,,,
A060CF,N123WD,CP30,PIEL Emeraude,L1P,L
A061CF,N1234V,BE35,BEECH 35 Starfire Bonanza,L1P,L
A065CF,N1246Y,C150,CESSNA 150,L1P,L
A06ACF,N126JL,GLID,,L0-,-
A06BCF,N126US,DA40,DIAMOND DA-40 Club Star,L1P,L
A077CF,N1292R,B14A,BELLANCA 14,L1P,L
A07BCF,N130GH,PA32,PIPER PA-32,L1P,L
A07CCF,N130SP,RV4,VANS RV-4,L1P,L
A07FCF,N131KF,BE30,BEECH 300 Super King Air,L2T,L
A081CF,N1314C,SR22,CIRRUS SR-22,L1P,L
A085CF,N1326F,C172,CESSNA 172 Skyhawk,L1P,L
A089CF,N1338J,AC11,NORTH AMERICAN ROCKWELL Commander 112/114,L1P,L
A08DCF,N135AL,GLID,,L0-,-
A091CF,N136DJ,RV7,VANS RV-7,L1P,L
A097CF,N13719,C172,CESSNA 172 Skyhawk,L1P,L
A0A1CF,N14RA,C25C,CESSNA 525C Citation CJ4,L2J,M
A0A2CF,N140BF,CRUZ,CSA PS-28 Cruiser,L1P,L
A0A3CF,N140MM,P46T,PIPER PA-46-500TP,L1T,L
A0ABCF,N142TH,C172,CESSNA 172 Skyhawk,L1P,L
A0B1CF,N144CS,P3,LOCKHEED P-3 Orion,L4T,M
A0B4CF,N14460,C172,CESSNA 172 Skyhawk,L1P,L
A0B6CF,N145RW,CH7A,BELLANCA 7 Champion,L1P,L
A0B7CF,N1451S,EXEC,ROTORWAY Exec,H1P,L
A0B9CF,N146JN,,,,
A0BDCF,N147ML,C177,CESSNA  177 Cardinal,L1P,L
A0BFCF,N1475Y,C172,CESSNA 172 Skyhawk,L1P,L
A0C5CF,N149TG,R22,ROBINSON R-22 Mariner,H1P,L
A0C6CF,N1492T,P28R,PIPER PA-28R-180/200/201,L1P,L
A0C9CF,N15WE,C25A,CESSNA 525A Citation CJ2,L2J,L
A0CBCF,N150SR,SREY,PROGRESSIVE AERODYNE SeaRey,A1P,L
A0CCCF,N1502B,AT5T,AIR TRACTOR AT-504,L1T,L
A0D1CF,N152C,BE18,BEECH 18 Expetitor,L2P,L
A0D4CF,N1526H,C77R,CESSNA 177RG Cardinal RG,L1P,L
A0D8CF,N1538L,BALL,,B0-,-
A0DCCF,N155AN,CL60,BOMBARDIER CL-600 Challenger,L2J,M
A0DECF,N155X,BE95,BEECH 95 Travel Air,L2P,L
A0E0CF,N156DL,B763,BOEING 767-300,L2J,H
A0E1CF,N156PS,DA40,DIAMOND DA-40 Club Star,L1P,L
A0E3CF,N1567J,P28A,PIPER PA-28-140/150/160/180,L1P,L
A0E7CF,N1579M,C182,CESSNA 182 Skylane,L1P,L
A0EECF,N1596G,C340,CESSNA 340 Super,L2P,L
A0F0CF,N16RC,LA4,LAKE LA-4/200,A1P,L
A0F2CF,N160MP,,,,
A0F4CF,N16051,C150,CESSNA 150,L1P,L
A0F8CF,N16174,C150,CESSNA 150,L1P,L
A0F9CF,N162HD,C172,CESSNA 172 Skyhawk,L1P,L
A0FBCF,N1622W,BE55,BEECH 55 Baron,L2P,L
A101CF,N164P,SW4,SWEARINGEN Metro,L2T,M
A107CF,N16585,J3,PIPER J-3 Cub,L1P,L
A10FCF,N168EE,SR22,CIRRUS SR-22,L1P,L
A113CF,N169HC,C172,CESSNA 172 Skyhawk,L1P,L
A114CF,N169TJ,B407,BELL 407,H1T,L
A117CF,N17LA,B412,BELL 412,H2T,L
A118CF,N17WG,BE20,BEECH 200 Super King Air,L2T,M
A119CF,N170GM,PA18,PIPER PA-18 Super Cub,L1P,L
A11ACF,N170ST,C170,CESSNA 170,L1P,L
A11DCF,N171KK,FOX,KITFOX,L1P,L
A11FCF,N1714G,BE35,BEECH 35 Starfire Bonanza,L1P,L
A120CF,N172CB,C172,CESSNA 172 Skyhawk,L1P,L
A126CF,N1731B,ST75,STEARMAN Kaydet,L1P,L
A12FCF,N176DN,B763,BOEING 767-300,L2J,H
A132CF,N1767L,R66,ROBINSON R-66,H1T,L
A133CF,N177GL,C177,CESSNA  177 Cardinal,L1P,L
A134CF,N177SS,GLID,,L0-,-
A136CF,N1779P,PA22,PIPER PA-22,L1P,L
A139CF,N1784F,C172,CESSNA 172 Skyhawk,L1P,L
A13ACF,N179CA,E120,EMBRAER EMB-120 Brasilia,L2T,M
A13ECF,N18EZ,,,,
A13FCF,N18RE,PA18,PIPER PA-18 Super Cub,L1P,L
A140CF,N180BK,C180,CESSNA  180 Skywagon,L1P,L
A142CF,N180XX,MAGN,AVID Magnum,L1P,L
A143CF,N18053,C180,CESSNA  180 Skywagon,L1P,L
A144CF,N181EH,AS50,AEROSPATIALE AS-350 Ecureuil,H1T,L
A147CF,N18176,,,,
A148CF,N182HF,C82T,CESSNA TR182 Turbo Skylane RG,L1P,L
A149CF,N182TM,C182,CESSNA 182 Skylane,L1P,L
A154CF,N185S,C185,CESSNA 185 Skywagon,L1P,L
A155CF,N1851W,B06,BELL 206 JetRanger,H1T,L
A156CF,N18587,C150,CESSNA 150,L1P,L
A157CF,N186JS,FALC,AMERICAN AIRCRAFT Falcon XP,L1P,L
A15DCF,N18752,BE58,BEECH 58 Baron,L2P,L
A164CF,N1892X,C182,CESSNA 182 Skylane,L1P,L
A165CF,N18998,BE35,BEECH 35 Starfire Bonanza,L1P,L
A166CF,N19LC,WAIX,SONEX Waiex,L1P,L
A167CF,N19WJ,,,,
A16BCF,N1909S,TB20,SOCATA TB-20 Trinidad,L1P,L
A16CCF,N191KM,SR22,CIRRUS SR-22,L1P,L
A173CF,N193FB,M20P,MOONEY M-20,L1P,L
A17DCF,N1955K,L8,LUSCOMBE 8,L1P,L
A17FCF,N196PW,C82T,CESSNA TR182 Turbo Skylane RG,L1P,L
A183CF,N197SU,R44,ROBINSON R-44 Raven,H1P,L
A184CF,N1972E,C172,CESSNA 172 Skyhawk,L1P,L
A189CF,N199CC,B06,BELL 206 JetRanger,H1T,L
A18ECF,N2RG,SA30,STOLP Starduster Too,L1P,L
A18FCF,N20BM,AC80,NORTH AMERICAN ROCKWELL Turbo Commander 680,L2T,L
A195CF,N201AW,M20P,MOONEY M-20,L1P,L
A196CF,N201MB,M20P,MOONEY M-20,L1P,L
A197CF,N201XH,M20P,MOONEY M-20,L1P,L
A19ACF,N202Q,TAIL,WITTMAN Tailwind,L1P,L
A19BCF,N2020F,BALL,,B0-,-
A19CCF,N2027S,BALL,,B0-,-
A19ECF,N203SY,E75L,EMBRAER ERJ-170-200 (long wing),L2J,M
A19FCF,N2032J,,,,
A1A0CF,N2039V,BE36,BEECH 36 Bonanza,L1P,L
A1A2CF,N204VW,ESCP,REALITY Escapade,L1P,L
A1A3CF,N2044M,P28A,PIPER PA-28-140/150/160/180,L1P,L
A1A4CF,N205CG,AT5T,AIR TRACTOR AT-504,L1T,L
A1A5CF,N205NN,E75L,EMBRAER ERJ-170-200 (long wing),L2J,M
A1A7CF,N2056Q,C77R,CESSNA 177RG Cardinal RG,L1P,L
A1AACF,N2061G,C182,CESSNA 182 Skylane,L1P,L
A1ADCF,N207UJ,XNOS,SONEX Xenos,L1P,L
A1B0CF,N208MA,P46T,PIPER PA-46-500TP,L1T,L
A1B6CF,N2097R,C182,CESSNA 182 Skylane,L1P,L
A1B7CF,N21GR,,,,
A1B8CF,N21SX,,,,
A1BBCF,N210ZP,C210,CESSNA 201 Centurion,L1P,L
A1BDCF,N211G,L8,LUSCOMBE 8,L1P,L
A1BECF,N211SF,CRUZ,CSA PS-28 Cruiser,L1P,L
A1BFCF,N21112,GLF4,GULFSTREAM 4,L2J,M
A1C0CF,N2119C,PA34,PIPER PA-34 Seneca,L2P,L
A1C3CF,N21235,TAYB,TAYLORCRAFT BC/BF/BL,L1P,L
A1C7CF,N21358,C182,CESSNA 182 Skylane,L1P,L
A1CDCF,N215TS,DHC2,DE HAVILLAND DHC-2 Beaver,L1P,L
A1CECF,N21523,J3,PIPER J-3 Cub,L1P,L
A1CFCF,N216AC,CH7A,BELLANCA 7 Champion,L1P,L
A1D6CF,N21769,C172,CESSNA 172 Skyhawk,L1P,L
A1DDCF,N21934,BE17,BEECH 17 Staggerwing,L1P,L
A1E0CF,N22YA,,,,
A1E2CF,N220UM,P46T,PIPER PA-46-500TP,L1T,L
A1E3CF,N2203N,C140,CESSNA 140,L1P,L
A1E5CF,N221MD,PC12,PILATUS PC-12,L1T,L
A1EDCF,N223T,PA18,PIPER PA-18 Super Cub,L1P,L
A1EECF,N2232L,BE19,BEECH 19 Sport,L1P,L
A1EFCF,N2239X,FA8X,DASSAULT Falcon 8X,L3J,M
A1F2CF,N2244P,PA23,PIPER PA-23,L2P,L
A1F6CF,N2256S,C182,CESSNA 182 Skylane,L1P,L
A1FBCF,N227JE,CX5,THATCHER CX-5,L1P,L
A1FDCF,N2273M,CAMP,GREGA GN-1 Aircamper,L1P,L
A1FFCF,N228MC,T28,NORTH AMERICAN T-28,L1P,L
A201CF,N2285Q,P28R,PIPER PA-28R-180/200/201,L1P,L
A204CF,N2290G,C182,CESSNA 182 Skylane,L1P,L
A205CF,N2297T,BU33,BUCKER Bu-133 Jungmeister,L1P,L
A207CF,N23SZ,BE23,BEECH 23 Sundowner,L1P,L
A208CF,N230DD,BE33,BEECH 33 Bonanza,L1P,L
A209CF,N230PK,,,,
A20BCF,N2307B,,,,
A20CCF,N231GB,DC3,DOUGLAS DC-3 Dakota,L2P,M
A20DCF,N231SH,EC30,AIRBUS HELICOPTERS EC-130,H1T,L
A20ECF,N23114,C150,CESSNA 150,L1P,L
A210CF,N232K,GLF4,GULFSTREAM 4,L2J,M
A212CF,N23237,C150,CESSNA 150,L1P,L
A216CF,N2336,L8,LUSCOMBE 8,L1P,L
A21FCF,N236LL,LEG2,LANCAIR Legacy,L1P,L
A220CF,N236WS,DRON,,D0-,-
A222CF,N237DC,BE58,BEECH 58 Baron,L2P,L
A228CF,N23813,AT3T,AIR TRACTOR AT-302/402,L1T,L
A229CF,N2389D,PA38,PIPER PA-38 Tomahawk,L1P,L
A22DCF,N24BR,DHC2,DE HAVILLAND DHC-2 Beaver,L1P,L
A232CF,N2403Q,C182,CESSNA 182 Skylane,L1P,L
A233CF,N241B,,,,
A234CF,N241MF,DHC2,DE HAVILLAND DHC-2 Beaver,L1P,L
A236CF,N2415T,NAVI,NORTH AMERICAN Navion,L1P,L
A239CF,N2420K,L8,LUSCOMBE 8,L1P,L
A23BCF,N243GW,ULAC,,L0-,-
A23CCF,N243TB,AS50,AEROSPATIALE AS-350 Ecureuil,H1T,L
A23DCF,N2432N,C140,CESSNA 140,L1P,L
A23ECF,N2439Z,C172,CESSNA 172 Skyhawk,L1P,L
A241CF,N2444R,C182,CESSNA 182 Skylane,L1P,L
A242CF,N245CL,,,,
A243CF,N245NS,BALL,,B0-,-
A248CF,N2461L,C172,CESSNA 172 Skyhawk,L1P,L
A249CF,N2468X,,,,
A24ACF,N247JG,PA18,PIPER PA-18 Super Cub,L1P,L
A24CCF,N2473P,PA22,PIPER PA-22,L1P,L
A250CF,N2485S,C337,CESSNA 337 Super Skymaster,L2P,L
A253CF,N2490J,C150,CESSNA 150,L1P,L
A254CF,N2497V,C140,CESSNA 140,L1P,L
A255CF,N25GV,GLF5,GULFSTREAM 5,L2J,M
A256CF,N25TA,C340,CESSNA 340 Super,L2P,L
A25ACF,N2507D,PA38,PIPER PA-38 Tomahawk,L1P,L
A25CCF,N251SK,,,,
A263CF,N253N,RV10,VANS RV-10,L1P,L
A268CF,N25404,,,,
A269CF,N2548E,,,,
A26BCF,N255TW,LNC2,LANCAIR 200-320,L1P,L
A272CF,N257PL,H25B,HAWKER BEECHCRAFT Hawker 750/850,L2J,M
A274CF,N2577C,BE9L,BEECH 90 King Air,L2T,L
A275CF,N258GC,CL60,BOMBARDIER CL-600 Challenger,L2J,M
A27CCF,N26BT,C750,CESSNA 750 Citation 10,L2J,M
A283CF,N261MH,EC45,AIRBUS HELICOPTERS EC-145,H2T,L
A286CF,N262E,LGEZ,RUTAN Long-EZ,L1P,L
A288CF,N2620M,PA12,PIPER PA-12 Super Cruiser,L1P,L
A28FCF,N264WB,COL4,CESSNA 400 Corvalis TT,L1P,L
A296CF,N266RS,SR20,CIRRUS SR-20,L1P,L
A29BCF,N2673R,C182,CESSNA 182 Skylane,L1P,L
A29CCF,N268BA,A5,ICON A-5,A1P,L
A29DCF,N268MG,P28A,PIPER PA-28-140/150/160/180,L1P,L
A2A9CF,N2707F,C182,CESSNA 182 Skylane,L1P,L
A2ABCF,N271SM,PC12,PILATUS PC-12,L1T,L
A2ADCF,N2719J,C150,CESSNA 150,L1P,L
A2B0CF,N2724A,J3,PIPER J-3 Cub,L1P,L
A2B1CF,N273BW,A5,ICON A-5,A1P,L
A2B6CF,N274R,CRER,RANS Courier,L1P,L
A2B7CF,N27406,TAYB,TAYLORCRAFT BC/BF/BL,L1P,L
A2B8CF,N2748G,CH7B,BELLANCA 7 Citabria,L1P,L
A2BCCF,N276AJ,C162,CESSNA 162 Skycatcher,L1P,L
A2C3CF,N2777E,C172,CESSNA 172 Skyhawk,L1P,L
A2C6CF,N27817,T6,NORTH AMERICAN T-6 Texan,L1P,L
A2CACF,N2794,T40,TURNER T-40,L1P,L
A2CCCF,N28NA,B06,BELL 206 JetRanger,H1T,L
A2D5CF,N282EB,RS21,RANS S-21 Outbound,L1P,L
A2D7CF,N2820P,,,,
A2DBCF,N2832S,C150,CESSNA 150,L1P,L
A2DFCF,N2844V,C150,CESSNA 150,L1P,L
A2E6CF,N2861Q,C172,CESSNA 172 Skyhawk,L1P,L
A2EACF,N2873T,P28B,PIPER PA-28-201T/235/236,L1P,L
A2EBCF,N288BC,M7,MAULE M-7,L1P,L
A2ECCF,N288MJ,SR22,CIRRUS SR-22,L1P,L
A2F1CF,N2890N,C120,CESSNA 120,L1P,L
A2F2CF,N2897Z,PA18,PIPER PA-18 Super Cub,L1P,L
A2F4CF,N29TE,P28A,PIPER PA-28-140/150/160/180,L1P,L
A2FACF,N291SP,C82R,CESSNA R182 Skylane RG,L1P,L
A2FBCF,N2912,T18,THORP Tiger,L1P,L
A2FCCF,N2919L,P28A,PIPER PA-28-140/150/160/180,L1P,L
A2FDCF,N292KF,C172,CESSNA 172 Skyhawk,L1P,L
A2FFCF,N2924C,PA34,PIPER PA-34 Seneca,L2P,L
A301CF,N293ND,PA44,PIPER PA-44 Seminole,L2P,L
A305CF,N294RB,ZZZZ,,-0-,-
A306CF,N29408,P28B,PIPER PA-28-201T/235/236,L1P,L
A307CF,N2948J,C150,CESSNA 150,L1P,L
A310CF,N297PQ,CRJ9,BOMBARDIER Regional Jet CRJ-900,L2J,M
A312CF,N2977G,CH7A,BELLANCA 7 Champion,L1P,L
A315CF,N29819,TAYB,TAYLORCRAFT BC/BF/BL,L1P,L
A31BCF,N3NC,BE20,BEECH 200 Super King Air,L2T,M
A31CCF,N3YJ,B06,BELL 206 JetRanger,H1T,L
A31DCF,N30JP,PTS1,PITTS S-1 Special,L1P,L
A320CF,N300RF,PTS1,PITTS S-1 Special,L1P,L
A321CF,N3001B,C195,CESSNA 195,L1P,L
A322CF,N3008N,C120,CESSNA 120,L1P,L
A325CF,N3013E,CH7A,BELLANCA 7 Champion,L1P,L
A329CF,N3025H,ERCO,AIR PRODUCTS F-1 Aircoupe,L1P,L
A32ACF,N303DN,A321,AIRBUS A-321,L2J,M
A32CCF,N3030,SAVG,ZLIN AVIATION Savage,L1P,L
A331CF,N3049P,PA23,PIPER PA-23,L2P,L
A334CF,N3054F,C182,CESSNA 182 Skylane,L1P,L
A338CF,N3066J,C150,CESSNA 150,L1P,L
A339CF,N307EZ,LGEZ,RUTAN Long-EZ,L1P,L
A33BCF,N3071A,B190,BEECH 1900,L2T,M
A33CCF,N3078M,P32R,PIPER PA-32R-300/301/301T,L1P,L
A343CF,N3095G,P46T,PIPER PA-46-500TP,L1T,L
A344CF,N31DM,M20P,MOONEY M-20,L1P,L
A345CF,N31PT,,,,
A346CF,N31ZZ,H25B,HAWKER BEECHCRAFT Hawker 750/850,L2J,M
A347CF,N310LD,C310,CESSNA 310,L2P,L
A348CF,N310WK,GLAS,Glasair,L1P,L
A349CF,N31041,J3,PIPER J-3 Cub,L1P,L
A34ACF,N311CW,BALL,,B0-,-
A34ECF,N312FU,H25B,HAWKER BEECHCRAFT Hawker 750/850,L2J,M
A355CF,N314BJ,FOX,KITFOX,L1P,L
A35FCF,N3162X,C150,CESSNA 150,L1P,L
A363CF,N31740,PARA,,P0-,-
A365CF,N318PA,PA44,PIPER PA-44 Seminole,L2P,L
A367CF,N31863,P28A,PIPER PA-28-140/150/160/180,L1P,L
A368CF,N319FT,P28A,PIPER PA-28-140/150/160/180,L1P,L
A36BCF,N31986,AR65,AERONCA 65 Super Chief,L1P,L
A36CCF,N32JR,,,,
A370CF,N3201D,C180,CESSNA  180 Skywagon,L1P,L
A375CF,N322AS,M7,MAULE M-7,L1P,L
A378CF,N3225K,BE36,BEECH 36 Bonanza,L1P,L
A37ACF,N323PW,BE60,BEECH 60 Duke,L2P,L
A37BCF,N3230B,PA22,PIPER PA-22,L1P,L
A37CCF,N3237N,,,,
A37FCF,N3242E,AR11,AERONCA 11 Chief,L1P,L
A380CF,N3249R,PA32,PIPER PA-32,L1P,L
A383CF,N3254H,ERCO,AIR PRODUCTS F-1 Aircoupe,L1P,L
A387CF,N3266L,C172,CESSNA 172 Skyhawk,L1P,L
A38ACF,N3271C,BE35,BEECH 35 Starfire Bonanza,L1P,L
A38ECF,N3283F,M20P,MOONEY M-20,L1P,L
A393CF,N33DP,C150,CESSNA 150,L1P,L
A395CF,N330A,PA22,PIPER PA-22,L1P,L
A39ECF,N332SB,A32P,SCHLEICHER ASG-32Mi,L1P,L
A3A0CF,N33289,B738,BOEING 737-800,L2J,M
A3AFCF,N337,ZZZZ,,-0-,-
A3B8CF,N339SA,C82S,CESSNA T182 Turbo Skylane,L1P,L
A3B9CF,N3391X,M20P,MOONEY M-20,L1P,L
A3BBCF,N34JT,PTS1,PITTS S-1 Special,L1P,L
A3BDCF,N340FD,S92,SIKORSKY S-92 Helibus,H2T,M
A3C1CF,N341JB,T34P,BEECH T-34 Mentor,L1P,L
A3C5CF,N342M,MITE,MOONEY M-18,L1P,L
A3C8CF,N343DS,DA40,DIAMOND DA-40 Club Star,L1P,L
A3CACF,N3430D,C170,CESSNA 170,L1P,L
A3CBCF,N3437Q,C320,CESSNA 320 Skyknight,L2P,L
A3CECF,N3442G,B25,CONSOLIDATED B-25 Mitchell,L2P,M
A3CFCF,N3449T,C177,CESSNA  177 Cardinal,L1P,L
A3D9CF,N3471E,AR11,AERONCA 11 Chief,L1P,L
A3E1CF,N3495L,T206,CESSNA T206 Turbo Stationair,L1P,L
A3E2CF,N35DR,,,,
A3E3CF,N35PX,ULAC,,L0-,-
A3E4CF,N350AB,BE30,BEECH 300 Super King Air,L2T,L
A3E8CF,N351D,T51,TITAN T-51 Mustang,L1P,L
A3EECF,N35210,J3,PIPER J-3 Cub,L1P,L
A3EFCF,N3529A,PA31,PIPER PA-31-300/310/325/350/425,L2P,L
A3F6CF,N35456,C172,CESSNA 172 Skyhawk,L1P,L
A3F9CF,N3550Y,C182,CESSNA 182 Skylane,L1P,L
A3FDCF,N35621,P32R,PIPER PA-32R-300/301/301T,L1P,L
A401CF,N35744,C172,CESSNA 172 Skyhawk,L1P,L
A406CF,N359FX,E55P,EMBRAER EMB-505 Phenom 300,L2J,M
A407CF,N359SC,CRUZ,CSA PS-28 Cruiser,L1P,L
A408CF,N3591Z,PA18,PIPER PA-18 Super Cub,L1P,L
A40ACF,N36JV,R44,ROBINSON R-44 Raven,H1P,L
A40BCF,N36VA,B407,BELL 407,H1T,L
A40ECF,N3601H,M20P,MOONEY M-20,L1P,L
A40FCF,N3608U,C182,CESSNA 182 Skylane,L1P,L
A414CF,N362MB,RV7,VANS RV-7,L1P,L
A41ACF,N3637S,BALL,,B0-,-
A421CF,N3654M,PA12,PIPER PA-12 Super Cruiser,L1P,L
A425CF,N3666Q,BE23,BEECH 23 Sundowner,L1P,L
A426CF,N367FE,DC10,MCDONNELL DOUGLAS DC-10,L3J,H
A429CF,N3678T,TF19,TAYLORCRAFT F-19 Sportsman,L1P,L
A42CCF,N3683K,J3,PIPER J-3 Cub,L1P,L
A42DCF,N369AV,H500,HUGHES 500,H1T,L
A430CF,N3695N,BE58,BEECH 58 Baron,L2P,L
A431CF,N37DT,RV7,VANS RV-7,L1P,L
A432CF,N37PZ,SF50,CIRRUS SF-50 Vision,L1J,L
A438CF,N371PH,SW4,SWEARINGEN Metro,L2T,M
A43ACF,N3717,SNS7,SORRELL Hiperbipe,L1P,L
A43BCF,N372G,CL60,BOMBARDIER CL-600 Challenger,L2J,M
A43CCF,N372SF,C182,CESSNA 182 Skylane,L1P,L
A441CF,N37335,S1,INTERSTATE S-1 Cadet,L1P,L
A448CF,N37500,AA5,AMERICAN AA-5 Tiger,L1P,L
A44CCF,N37623,C140,CESSNA 140,L1P,L
A451CF,N378DA,B738,BOEING 737-800,L2J,M
A454CF,N37869,,,,
A45ACF,N38VC,E55P,EMBRAER EMB-505 Phenom 300,L2J,M
A45DCF,N3801K,GC1,GLOBE Swift,L1P,L
A45ECF,N3808W,PA32,PIPER PA-32,L1P,L
A463CF,N382MD,A139,AGUSTA AW-139,H2T,L
A465CF,N3825R,C172,CESSNA 172 Skyhawk,L1P,L
A468CF,N3830H,M20P,MOONEY M-20,L1P,L
A46CCF,N3842L,C172,CESSNA 172 Skyhawk,L1P,L
A46DCF,N3849X,BE36,BEECH 36 Bonanza,L1P,L
A470CF,N3854P,PA22,PIPER PA-22,L1P,L
A471CF,N386CJ,C25C,CESSNA 525C Citation CJ4,L2J,M
A474CF,N3866S,C172,CESSNA 172 Skyhawk,L1P,L
A478CF,N3878V,PARA,,P0-,-
A479CF,N388JE,C56X,CESSNA 560XL Citation XLS,L2J,M
A47DCF,N389MC,BE35,BEECH 35 Starfire Bonanza,L1P,L
A484CF,N390WT,RV8,VANS RV-8,L1P,L
A485CF,N39049,B06,BELL 206 JetRanger,H1T,L
A48FCF,N393VF,GLF5,GULFSTREAM 5,L2J,M
A494CF,N3946,ST75,STEARMAN Kaydet,L1P,L
A49FCF,N39748,WACF,WACO F,L1P,L
A4A0CF,N398DC,D328,DORNIER 328,L2T,M
A4A3CF,N3987A,,,,
A4ABCF,N40RR,C25C,CESSNA 525C Citation CJ4,L2J,M
A4ACCF,N400BW,PC12,PILATUS PC-12,L1T,L
A4AFCF,N4006D,C182,CESSNA 182 Skylane,L1P,L
A4B2CF,N40106,S108,STINSON 108 Voyager,L1P,L
A4B3CF,N4018G,BALL,,B0-,-
A4B6CF,N40229,BALL,,B0-,-
A4B7CF,N403AJ,C402,CESSNA 402 Businessliner,L2P,L
A4BECF,N4047E,PA18,PIPER PA-18 Super Cub,L1P,L
A4C1CF,N40517,BALL,,B0-,-
A4C7CF,N407NA,B407,BELL 407,H1T,L
A4C9CF,N4076C,S108,STINSON 108 Voyager,L1P,L
A4CDCF,N4088F,P28A,PIPER PA-28-140/150/160/180,L1P,L
A4CFCF,N409TX,,,,
A4D1CF,N41AH,PA22,PIPER PA-22,L1P,L
A4D3CF,N41WV,SR22,CIRRUS SR-22,L1P,L
A4D6CF,N4102S,BE55,BEECH 55 Baron,L2P,L
A4D7CF,N41093,ULAC,,L0-,-
A4E3CF,N414JL,C414,CESSNA 414 Chancellor,L2P,L
A4E4CF,N414US,,,,
A4E6CF,N415BC,P46T,PIPER PA-46-500TP,L1T,L
A4E9CF,N4155W,PA18,PIPER PA-18 Super Cub,L1P,L
A4ECCF,N4160N,PA46,PIPER PA-46-310/350,L1P,L
A4EDCF,N4167Z,PA18,PIPER PA-18 Super Cub,L1P,L
A4F0CF,N4172R,PA32,PIPER PA-32,L1P,L
A4F1CF,N41792,P28A,PIPER PA-28-140/150/160/180,L1P,L
A4F4CF,N4184U,C150,CESSNA 150,L1P,L
A4F5CF,N419CP,C172,CESSNA 172 Skyhawk,L1P,L
A4F6CF,N419NV,MD83,MCDONNELL-DOUGLAS MD-83,L2J,M
A4F8CF,N4196X,SS2P,ROCKWELL Thrush Commander,L1P,L
A4F9CF,N42FM,F156,FIESELER Fi-156 Storch,L1P,L
A4FACF,N42RT,P32R,PIPER PA-32R-300/301/301T,L1P,L
A4FECF,N4206F,C172,CESSNA 172 Skyhawk,L1P,L
A4FFCF,N421EW,C421,CESSNA 421 Executive Commuter,L2P,L
A504CF,N422U,P06T,TECNAM P-2006T,L2P,L
A505CF,N4223A,P51,NORTH AMERICAN P-51 Mustang,L1P,L
A507CF,N423LS,,,,
A510CF,N42519,C182,CESSNA 182 Skylane,L1P,L
A518CF,N4276E,COY2,RANS Coyote 2,L1P,L
A51ACF,N428RA,P32R,PIPER PA-32R-300/301/301T,L1P,L
A51CCF,N4288H,PA14,PIPER PA-14 Family Cruiser,L1P,L
A520CF,N43AK,T206,CESSNA T206 Turbo Stationair,L1P,L
A525CF,N4302U,C150,CESSNA 150,L1P,L
A526CF,N43095,P28A,PIPER PA-28-140/150/160/180,L1P,L
A52ACF,N432CS,C25B,CESSNA 525B Citation CJ3,L2J,L
A52BCF,N432NY,B430,BELL 430,H2T,L
A535CF,N435BE,PARA,,P0-,-
A53BCF,N4360Q,C172,CESSNA 172 Skyhawk,L1P,L
A540CF,N43794,P28R,PIPER PA-28R-180/200/201,L1P,L
A543CF,N4384W,BE36,BEECH 36 Bonanza,L1P,L
A547CF,N4396Z,PA18,PIPER PA-18 Super Cub,L1P,L
A548CF,N44FP,B14A,BELLANCA 14,L1P,L
A54DCF,N4406H,PA15,PIPER PA-15 Vagabond,L1P,L
A54FCF,N441RD,,,,
A550CF,N4411,C150,CESSNA 150,L1P,L
A551CF,N4418L,C172,CESSNA 172 Skyhawk,L1P,L
A558CF,N4435F,,,,
A55ACF,N444PS,BE9L,BEECH 90 King Air,L2T,L
A563CF,N4464D,LNC2,LANCAIR 200-320,L1P,L
A567CF,N4476G,ULAC,,L0-,-
A56DCF,N449UA,A320,AIRBUS A-320,L2J,M
A56ECF,N4493B,C170,CESSNA 170,L1P,L
A56FCF,N45AM,C210,CESSNA 201 Centurion,L1P,L
A570CF,N45LT,EAGL,CHRISTEN Eagle,L1P,L
A574CF,N4502W,BALL,,B0-,-
A575CF,N45097,N3N,NAVAL AIRCRAFT FACTORY N3N,L1P,L
A57ACF,N452P,B407,BELL 407,H1T,L
A57CCF,N45262,C150,CESSNA 150,L1P,L
A580CF,N45385,C77R,CESSNA 177RG Cardinal RG,L1P,L
A588CF,N456EE,VENT,SCHEMPP-HIRTH Ventus,L1P,L
A58BCF,N45673,C150,CESSNA 150,L1P,L
A58FCF,N45796,L8,LUSCOMBE 8,L1P,L
A593CF,N459CT,FDCT,FLIGHT DESIGN CT,L1P,L
A598CF,N46RX,RV8,VANS RV-8,L1P,L
A599CF,N460CB,T206,CESSNA T206 Turbo Stationair,L1P,L
A59DCF,N461F,,,,
A5A7CF,N4635H,PA17,PIPER PA-17 Vagabond Trainer,L1P,L
A5ABCF,N4647L,C172,CESSNA 172 Skyhawk,L1P,L
A5ACCF,N465GL,,,,
A5B3CF,N467CA,SR20,CIRRUS SR-20,L1P,L
A5BACF,N4688M,PA11,PIPER PA-11 Cub Special,L1P,L
A5BDCF,N4693D,BE35,BEECH 35 Starfire Bonanza,L1P,L
A5BECF,N47AP,T206,CESSNA T206 Turbo Stationair,L1P,L
A5BFCF,N47LV,CL60,BOMBARDIER CL-600 Challenger,L2J,M
A5CDCF,N473S,C310,CESSNA 310,L2P,L
A5DACF,N47675,P28A,PIPER PA-28-140/150/160/180,L1P,L
A5DFCF,N478LC,PTS1,PITTS S-1 Special,L1P,L
A5E1CF,N47840,,,,
A5E3CF,N479PA,,,,
A5EECF,N4811D,C182,CESSNA 182 Skylane,L1P,L
A5F3CF,N483AS,B739,BOEING 737-900,L2J,M
A5FACF,N4847N,C182,CESSNA 182 Skylane,L1P,L
A5FDCF,N4852E,C185,CESSNA 185 Skywagon,L1P,L
A602CF,N487CC,BE17,BEECH 17 Staggerwing,L1P,L
A60DCF,N49AR,C421,CESSNA 421 Executive Commuter,L2P,L
A613CF,N491A,BALL,,B0-,-
A615CF,N491WM,BE58,BEECH 58 Baron,L2P,L
A62CCF,N4972Z,PA22,PIPER PA-22,L1P,L
A632CF,N499PC,PARA,,P0-,-
A635CF,N5FV,PTS2,PITTS S-2 Special,L1P,L
A636CF,N5SA,SR22,CIRRUS SR-22,L1P,L
A637CF,N50CF,C172,CESSNA 172 Skyhawk,L1P,L
A638CF,N50NM,FA50,DASSAULT Falcon 50,L3J,M
A639CF,N50YT,FA50,DASSAULT Falcon 50,L3J,M
A63CCF,N50035,C150,CESSNA 150,L1P,L
A63ECF,N501MW,AT5T,AIR TRACTOR AT-504,L1T,L
A644CF,N5028A,C172,CESSNA 172 Skyhawk,L1P,L
A646CF,N503TS,DA42,DIAMOND DA-42 Guardian,L2P,L
A647CF,N50323,C150,CESSNA 150,L1P,L
A648CF,N504AC,GLF5,GULFSTREAM 5,L2J,M
A64CCF,N505DA,DA62,DIAMOND DA-62,L2P,L
A64DCF,N505PG,SR22,CIRRUS SR-22,L1P,L
A64FCF,N50569,TAYD,TAYLORCRAFT DC/DF/DL,L1P,L
A653CF,N5069B,BALL,,B0-,-
A656CF,N50734,C150,CESSNA 150,L1P,L
A658CF,N508MV,PC12,PILATUS PC-12,L1T,L
A661CF,N510DW,C510,CESSNA 510 Citation Mustang,L2J,L
A663CF,N5100H,PA14,PIPER PA-14 Family Cruiser,L1P,L
A666CF,N511T,EFOX,AEROPRO Eurofox,L1P,L
A667CF,N5112L,P28A,PIPER PA-28-140/150/160/180,L1P,L
A668CF,N5119X,T206,CESSNA T206 Turbo Stationair,L1P,L
A669CF,N512KS,F900,DASSAULT Falcon 900,L3J,M
A66BCF,N5124P,AT3T,AIR TRACTOR AT-302/402,L1T,L
A66CCF,N513CJ,,,,
A672CF,N5141J,C82T,CESSNA TR182 Turbo Skylane RG,L1P,L
A673CF,N5148V,C172,CESSNA 172 Skyhawk,L1P,L
A678CF,N516MC,GLF4,GULFSTREAM 4,L2J,M
A67DCF,N5170G,O1,CESSNA 305/341 Bird Dog,L1P,L
A67ECF,N5177T,CH7A,BELLANCA 7 Champion,L1P,L
A681CF,N5182K,NAVI,NORTH AMERICAN Navion,L1P,L
A683CF,N519KR,SR20,CIRRUS SR-20,L1P,L
A685CF,N5194N,C206,CESSNA  206 Stationair,L1P,L
A687CF,N52NP,S62,SIKORKSY S-62 Seaguard,H1T,L
A68ACF,N520VF,,,,
A692CF,N52202,M20P,MOONEY M-20,L1P,L
A697CF,N524AE,CRJ7,BOMBARDIER Regional Jet CRJ-700,L2J,M
A69ACF,N52448,C182,CESSNA 182 Skylane,L1P,L
A69BCF,N525DC,C25A,CESSNA 525A Citation CJ2,L2J,L
A69CCF,N525PJ,C25A,CESSNA 525A Citation CJ2,L2J,L
A69ECF,N5257A,C82T,CESSNA TR182 Turbo Skylane RG,L1P,L
A69FCF,N526GA,GLF5,GULFSTREAM 5,L2J,M
A6A2CF,N5269D,C77R,CESSNA 177RG Cardinal RG,L1P,L
A6A5CF,N52736,C182,CESSNA 182 Skylane,L1P,L
A6A7CF,N528MX,H25B,HAWKER BEECHCRAFT Hawker 750/850,L2J,M
A6A9CF,N52859,C182,CESSNA 182 Skylane,L1P,L
A6AECF,N53HM,YK18,YAKOVLEV Yak-18U,L1P,L
A6AFCF,N53TT,SASY,PROTECH Sassy,L1P,L
A6B2CF,N5300K,C172,CESSNA 172 Skyhawk,L1P,L
A6B3CF,N5307W,P28A,PIPER PA-28-140/150/160/180,L1P,L
A6B5CF,N531TB,C130,LOCKHEED C-130 Hercules,L4T,M
A6C6CF,1304,B407,BELL 407,H1T,L
A6C7CF,N536ME,EC35,AIRBUS HELICOPTERS EC-135/635,H2T,L
A6C9CF,N5365S,C337,CESSNA 337 Super Skymaster,L2P,L
A6CCCF,N5370J,C421,CESSNA 421 Executive Commuter,L2P,L
A6CDCF,N5377V,C72R,CESSNA 172R Cutlass RG,L1P,L
A6D5CF,N54CK,MU2,MITSUBISHI MU-2 Marquise,L2T,L
A6DACF,N54039,ST75,STEARMAN Kaydet,L1P,L
A6EDCF,N5457C,C170,CESSNA 170,L1P,L
A6F8CF,N5486A,T210,CESSNA T210 Turbo Centurion,L1P,L
A6FBCF,N54903,J3,PIPER J-3 Cub,L1P,L
A6FDCF,N55HP,GLST,GLASAIR SH-4 GlaStar,L1P,L
A6FECF,N55TV,AS50,AEROSPATIALE AS-350 Ecureuil,H1T,L
A701CF,N5500M,BL8,BELLANCA 8 Decathlon,L1P,L
A702CF,N5507Y,CH7B,BELLANCA 7 Citabria,L1P,L
A704CF,N551TD,AT5T,AIR TRACTOR AT-504,L1T,L
A706CF,N55191,P28B,PIPER PA-28-201T/235/236,L1P,L
A70BCF,N553NU,,,,
A70DCF,N5536W,P28A,PIPER PA-28-140/150/160/180,L1P,L
A70ECF,N554FL,P28A,PIPER PA-28-140/150/160/180,L1P,L
A711CF,N5548Z,PA22,PIPER PA-22,L1P,L
A716CF,N556MG,BALL,,B0-,-
A718CF,N5565U,P28A,PIPER PA-28-140/150/160/180,L1P,L
A71FCF,N5582P,PA24,PIPER PA-24 Comanche,L1P,L
A720CF,N55890,P28A,PIPER PA-28-140/150/160/180,L1P,L
A724CF,N56CM,C310,CESSNA 310,L2P,L
A725CF,N56NT,T34P,BEECH T-34 Mentor,L1P,L
A72ACF,N561BW,RV7,VANS RV-7,L1P,L
A72DCF,N5616D,ALGR,FANTASY AIR Allegro,L1P,L
A731CF,N5628G,C150,CESSNA 150,L1P,L
A735CF,N564AJ,RV12,VANS RV-12,L1P,L
A737CF,N564WW,B763,BOEING 767-300,L2J,H
A738CF,N5645B,C182,CESSNA 182 Skylane,L1P,L
A73FCF,N56617,P28A,PIPER PA-28-140/150/160/180,L1P,L
A740CF,N5669H,PA16,PIPER PA-16 Clipper,L1P,L
A741CF,N567KC,PA46,PIPER PA-46-310/350,L1P,L
A74ACF,N56905,ST75,STEARMAN Kaydet,L1P,L
A74BCF,N5698F,ERCO,AIR PRODUCTS F-1 Aircoupe,L1P,L
A750CF,N5700P,PA24,PIPER PA-24 Comanche,L1P,L
A752CF,N571H,RV7,VANS RV-7,L1P,L
A754CF,N5712S,GLID,,L0-,-
A758CF,N5724V,BE35,BEECH 35 Starfire Bonanza,L1P,L
A760CF,N57481,CH7A,BELLANCA 7 Champion,L1P,L
A768CF,N577EA,P28R,PIPER PA-28R-180/200/201,L1P,L
A76ECF,N5782R,C172,CESSNA 172 Skyhawk,L1P,L
A772CF,N5794U,P28A,PIPER PA-28-140/150/160/180,L1P,L
A778CF,N5804C,BE18,BEECH 18 Expetitor,L2P,L
A77ACF,N581ND,PA44,PIPER PA-44 Seminole,L2P,L
A77ECF,N582RB,PARA,,P0-,-
A77FCF,N58208,H269,HUGHES Sky Knight,H1P,L
A783CF,N5833A,C172,CESSNA 172 Skyhawk,L1P,L
A78BCF,N5857G,C150,CESSNA 150,L1P,L
A792CF,N5874B,C182,CESSNA 182 Skylane,L1P,L
A798CF,N589RA,RV6,VANS RV-6,L1P,L
A79FCF,N5900R,C172,CESSNA 172 Skyhawk,L1P,L
A7AECF,N5941S,BE35,BEECH 35 Starfire Bonanza,L1P,L
A7B2CF,N5953V,AR6T,AERONCA 65 Tandem,L1P,L
A7B9CF,N5970Q,M20P,MOONEY M-20,L1P,L
A7BDCF,N5982T,C150,CESSNA 150,L1P,L
A7C1CF,N5994W,P28A,PIPER PA-28-140/150/160/180,L1P,L
A7C3CF,N6NX,C182,CESSNA 182 Skylane,L1P,L
A7C6CF,N60VP,BE9L,BEECH 90 King Air,L2T,L
A7CACF,N60087,C150,CESSNA 150,L1P,L
A7CDCF,N6013Z,BE76,BEECH 76 Duchess,L2P,L
A7D5CF,N60375,ST75,STEARMAN Kaydet,L1P,L
A7D8CF,N6042X,AC11,NORTH AMERICAN ROCKWELL Commander 112/114,L1P,L
A7DACF,N605LC,CL60,BOMBARDIER CL-600 Challenger,L2J,M
A7DECF,N606PA,BE18,BEECH 18 Expetitor,L2P,L
A7E5CF,N608JR,C56X,CESSNA 560XL Citation XLS,L2J,M
A7E6CF,N608UX,E75L,EMBRAER ERJ-170-200 (long wing),L2J,M
A7ECCF,N61EF,,,,
A7F3CF,N611PW,ULAC,,L0-,-
A7F4CF,N6110B,C182,CESSNA 182 Skylane,L1P,L
A7F5CF,N6117N,C82R,CESSNA R182 Skylane RG,L1P,L
A7F8CF,N6122E,C172,CESSNA 172 Skyhawk,L1P,L
A7F9CF,N6129R,T210,CESSNA T210 Turbo Centurion,L1P,L
A7FCCF,N6134H,J3,PIPER J-3 Cub,L1P,L
A801CF,N615FA,FOX,KITFOX,L1P,L
A802CF,N615RG,C56X,CESSNA 560XL Citation XLS,L2J,M
A807CF,N6163F,C172,CESSNA 172 Skyhawk,L1P,L
A808CF,N617AR,RV6,VANS RV-6,L1P,L
A80BCF,N6175J,,,,
A80ECF,N6180A,UH1,BELL UH-1 Huey,H1T,L
A80FCF,N6187M,S108,STINSON 108 Voyager,L1P,L
A813CF,N6199Q,C152,CESSNA 152,L1P,L
A814CF,N62KK,T206,CESSNA T206 Turbo Stationair,L1P,L
A818CF,N6201Y,M20P,MOONEY M-20,L1P,L
A81BCF,N621V,RV4,VANS RV-4,L1P,L
A820CF,N62254,BE58,BEECH 58 Baron,L2P,L
A829CF,N625LE,S22T,CIRRUS SR-22T Turbo,L1P,L
A82FCF,N62665,PA23,PIPER PA-23,L2P,L
A832CF,N6271X,CRER,RANS Courier,L1P,L
A834CF,N628JT,ULAC,,L0-,-
A838CF,N629MR,SF50,CIRRUS SF-50 Vision,L1J,L
A83ACF,N62953,C172,CESSNA 172 Skyhawk,L1P,L
A83ECF,N630M,ULAC,,L0-,-
A841CF,N631DS,B738,BOEING 737-800,L2J,M
A848CF,N6329T,C82S,CESSNA T182 Turbo Skylane,L1P,L
A84CCF,N634CE,C82S,CESSNA T182 Turbo Skylane,L1P,L
A84FCF,N6346N,CH7A,BELLANCA 7 Champion,L1P,L
A851CF,N635RJ,LJ35,LEARJET 35,L2J,M
A852CF,N6351E,C172,CESSNA 172 Skyhawk,L1P,L
A853CF,N6358R,P28A,PIPER PA-28-140/150/160/180,L1P,L
A85ACF,N6375L,AA1,AMERICAN AA-1,L1P,L
A85CCF,N638PX,B212,BELL 212,H2T,L
A85ECF,N6387P,PA24,PIPER PA-24 Comanche,L1P,L
A863CF,N64KM,MAGN,AVID Magnum,L1P,L
A864CF,N64VT,BE35,BEECH 35 Starfire Bonanza,L1P,L
A86FCF,N64256,C172,CESSNA 172 Skyhawk,L1P,L
A871CF,N643QS,C56X,CESSNA 560XL Citation XLS,L2J,M
A872CF,N6430Y,PA23,PIPER PA-23,L2P,L
A876CF,N64421,C172,CESSNA 172 Skyhawk,L1P,L
A882CF,N6479,,,,
A88CCF,N650AW,A320,AIRBUS A-320,L2J,M
A88DCF,N650MB,GLAS,Glasair,L1P,L
A892CF,N6510F,C150,CESSNA 150,L1P,L
A896CF,N6522J,P28A,PIPER PA-28-140/150/160/180,L1P,L
A897CF,N6529V,C72R,CESSNA 172R Cutlass RG,L1P,L
A89ACF,N6534M,C182,CESSNA 182 Skylane,L1P,L
A89FCF,N655FE,A306,AIRBUS A-300-600,L2J,H
A8A2CF,N6558T,C150,CESSNA 150,L1P,L
A8A5CF,N6563K,BE9L,BEECH 90 King Air,L2T,L
A8A7CF,N657MA,TBM7,SOCATA TBM-700A/B/C,L1T,L
A8A9CF,N6575N,B14A,BELLANCA 14,L1P,L
A8ACCF,N6580E,C175,CESSNA 175 Skylark,L1P,L
A8AECF,N659GR,,,,
A8B1CF,N6599U,FOX,KITFOX,L1P,L
A8B2CF,N66KP,PA18,PIPER PA-18 Super Cub,L1P,L
A8B3CF,N66VV,BE35,BEECH 35 Starfire Bonanza,L1P,L
A8B4CF,N660G,PA18,PIPER PA-18 Super Cub,L1P,L
A8B6CF,N66012,EXEC,ROTORWAY Exec,H1P,L
A8B7CF,N6609C,C180,CESSNA  180 Skywagon,L1P,L
A8BACF,N66135,C82T,CESSNA TR182 Turbo Skylane RG,L1P,L
A8C2CF,N6638A,C172,CESSNA 172 Skyhawk,L1P,L
A8D0CF,N66711,ST75,STEARMAN Kaydet,L1P,L
A8D4CF,N66834,PA18,PIPER PA-18 Super Cub,L1P,L
A8D6CF,N669MV,ULAC,,L0-,-
A8E4CF,N672T,MUS2,BUSHBY M-2 Mustang 2,L1P,L
A8E9CF,N6734P,PA24,PIPER PA-24 Comanche,L1P,L
A8EFCF,N675RN,BE20,BEECH 200 Super King Air,L2T,M
A8F0CF,N6751J,P28A,PIPER PA-28-140/150/160/180,L1P,L
A8F8CF,N6775Q,G164,GRUMMAN G-164 Ag-Cat,L1P,L
A8FCCF,N6787T,AA5,AMERICAN AA-5 Tiger,L1P,L
A904CF,N680SH,R22,ROBINSON R-22 Mariner,H1P,L
A905CF,N68014,,,,
A907CF,N681K,C68A,CESSNA 680 Citation Latitude,L2J,M
A909CF,N68137,C152,CESSNA 152,L1P,L
A910CF,N68302,C152,CESSNA 152,L1P,L
A911CF,N6838C,J3,PIPER J-3 Cub,L1P,L
A915CF,N685AE,E145,EMBRAER ERJ-145,L2J,M
A919CF,N686DC,BE35,BEECH 35 Starfire Bonanza,L1P,L
A91CCF,N6867A,C172,CESSNA 172 Skyhawk,L1P,L
A91DCF,N687GA,GA6C,GULFSTREAM G600,L2J,M
A91FCF,N68713,C152,CESSNA 152,L1P,L
A923CF,N68836,B739,BOEING 737-900,L2J,M
A92ACF,N690B,PA23,PIPER PA-23,L2P,L
A92BCF,N690MF,DHC6,DE HAVILLAND DHC-6 Twin Otter,L2T,L
A931CF,N6917W,P28A,PIPER PA-28-140/150/160/180,L1P,L
A933CF,N692TB,TB20,SOCATA TB-20 Trinidad,L1P,L
A934CF,N6922N,M20P,MOONEY M-20,L1P,L
A937CF,N693W,CB1,HATZ CB-1 Classic,L1P,L
A939CF,N694CL,COL4,CESSNA 400 Corvalis TT,L1P,L
A93CCF,N6946U,M20P,MOONEY M-20,L1P,L
A93FCF,N6951L,BALL,,B0-,-
A941CF,N696JG,PA34,PIPER PA-34 Seneca,L2P,L
A942CF,N696UN,DRON,,D0-,-
A94ACF,N6980J,P28A,PIPER PA-28-140/150/160/180,L1P,L
A94BCF,N6987V,M20P,MOONEY M-20,L1P,L
A94DCF,N699TA,F5,NORTHROP F-5 Tiger 2,L2J,M
A950CF,N7KT,BE35,BEECH 35 Starfire Bonanza,L1P,L
A952CF,N70GD,AA5,AMERICAN AA-5 Tiger,L1P,L
A953CF,N70SK,SBR1,NORTH AMERICAN Sabre 40/50/60/65,L2J,M
A958CF,N701FN,BALL,,B0-,-
A95BCF,N70181,J3,PIPER J-3 Cub,L1P,L
A95ECF,N7023T,C172,CESSNA 172 Skyhawk,L1P,L
A962CF,N7035W,P28A,PIPER PA-28-140/150/160/180,L1P,L
A966CF,N7047Z,PA25,PIPER PA-25 Pawnee,L1P,L
A969CF,N7052R,P28A,PIPER PA-28-140/150/160/180,L1P,L
A96ACF,N70592,IS28,IAR IS-28M2,L1P,L
A96CCF,N706WC,M20P,MOONEY M-20,L1P,L
A96DCF,N7064U,,,,
A96ECF,N707CP,BE95,BEECH 95 Travel Air,L2P,L
A975CF,N70880,J3,PIPER J-3 Cub,L1P,L
A979CF,N71BB,PA30,PIPER PA-30 Twin Comanche,L2P,L
A97ACF,N71MH,C180,CESSNA  180 Skywagon,L1P,L
A97FCF,N711AL,GLF6,GULFSTREAM G650,L2J,M
A980CF,N711LS,GLEX,BOMBARDIER BD-700 Global 6000/6500,L2J,M
A987CF,N713GG,SR22,CIRRUS SR-22,L1P,L
A989CF,N71319,J3,PIPER J-3 Cub,L1P,L
A98ACF,N7139K,PA18,PIPER PA-18 Super Cub,L1P,L
A98BCF,N714KE,C150,CESSNA 150,L1P,L
A98CCF,N714VL,C152,CESSNA 152,L1P,L
A991CF,N7156E,C182,CESSNA 182 Skylane,L1P,L
A992CF,N716EV,CRJ7,BOMBARDIER Regional Jet CRJ-700,L2J,M
A994CF,N71607,C182,CESSNA 182 Skylane,L1P,L
A995CF,N7168H,R22,ROBINSON R-22 Mariner,H1P,L
A999CF,N718AK,F900,DASSAULT Falcon 900,L3J,M
A99ACF,N718LR,CH60,ZENAIR CH-600 Zodiac,L1P,L
A9A1CF,N72GF,RV7,VANS RV-7,L1P,L
A9A2CF,N72SM,CL35,BOMBARDIER BD-100 Challenger 350,L2J,M
A9A3CF,N720CS,C180,CESSNA  180 Skywagon,L1P,L
A9A4CF,N720NY,,,,
A9AACF,N72183,C140,CESSNA 140,L1P,L
A9AFCF,N723ML,R22,ROBINSON R-22 Mariner,H1P,L
A9B1CF,N7235Y,BE36,BEECH 36 Bonanza,L1P,L
A9B8CF,N7252T,BE36,BEECH 36 Bonanza,L1P,L
A9B9CF,N72594,UH1,BELL UH-1 Huey,H1T,L
A9BCCF,N7264W,P28A,PIPER PA-28-140/150/160/180,L1P,L
A9C0CF,N7276Z,C206,CESSNA  206 Stationair,L1P,L
A9C5CF,N729JM,CL30,BOMBARDIER BD-100 Challenger 300,L2J,M
A9C8CF,N73BD,RV6,VANS RV-6,L1P,L
A9C9CF,N73MK,BE95,BEECH 95 Travel Air,L2P,L
A9CECF,N731AN,B77W,BOEING 777-300ER,L2J,H
A9CFCF,N731LU,P210,CESSNA P210 Centurion,L1P,L
A9D0CF,N731X,CH7A,BELLANCA 7 Champion,L1P,L
A9D2CF,N732DL,C210,CESSNA 201 Centurion,L1P,L
A9D5CF,N7327J,P28A,PIPER PA-28-140/150/160/180,L1P,L
A9D8CF,N7332A,PA32,PIPER PA-32,L1P,L
A9DBCF,N734VN,C172,CESSNA 172 Skyhawk,L1P,L
A9DDCF,N735BZ,C182,CESSNA 182 Skylane,L1P,L
A9DFCF,N735YL,C182,CESSNA 182 Skylane,L1P,L
A9E0CF,N7356G,C172,CESSNA 172 Skyhawk,L1P,L
A9E1CF,N736EX,C172,CESSNA 172 Skyhawk,L1P,L
A9E2CF,N736RC,C172,CESSNA 172 Skyhawk,L1P,L
A9E3CF,N73609,FA62,FAIRCHILD M-26 Cornell,L1P,L
A9E5CF,N737HV,C172,CESSNA 172 Skyhawk,L1P,L
A9E6CF,N737UA,C172,CESSNA 172 Skyhawk,L1P,L
A9E8CF,N738AM,EC35,AIRBUS HELICOPTERS EC-135/635,H2T,L
A9EACF,N738WZ,C172,CESSNA 172 Skyhawk,L1P,L
A9EBCF,N7385E,C210,CESSNA 201 Centurion,L1P,L
A9EDCF,N739PR,C172,CESSNA 172 Skyhawk,L1P,L
A9EECF,N739ZX,C172,CESSNA 172 Skyhawk,L1P,L
A9F1CF,N74SP,B222,BELL 222,H2T,L
A9F3CF,N740P,BE20,BEECH 200 Super King Air,L2T,M
A9FCCF,N7423X,C172,CESSNA 172 Skyhawk,L1P,L
AA00CF,N74350,AA5,AMERICAN AA-5 Tiger,L1P,L
AA04CF,N74473,B14A,BELLANCA 14,L1P,L
AA08CF,N74596,AA5,AMERICAN AA-5 Tiger,L1P,L
AA09CF,N746LA,AT8T,AIR TRACTOR AT-802,L1T,M
AA0CCF,N747CT,SR22,CIRRUS SR-22,L1P,L
AA12CF,N7481T,C172,CESSNA 172 Skyhawk,L1P,L
AA13CF,N74884,AA5,AMERICAN AA-5 Tiger,L1P,L
AA16CF,N7493W,P28A,PIPER PA-28-140/150/160/180,L1P,L
AA17CF,N75BF,CH7B,BELLANCA 7 Citabria,L1P,L
AA18CF,N75MM,CH7B,BELLANCA 7 Citabria,L1P,L
AA19CF,N75XT,ZZZZ,,-0-,-
AA1CCF,N7503E,BALL,,B0-,-
AA20CF,N7515H,PA12,PIPER PA-12 Super Cruiser,L1P,L
AA23CF,N7520,ST75,STEARMAN Kaydet,L1P,L
AA24CF,N7527L,R44,ROBINSON R-44 Raven,H1P,L
AA2BCF,N7544F,CH7A,BELLANCA 7 Champion,L1P,L
AA2CCF,N755CA,P32R,PIPER PA-32R-300/301/301T,L1P,L
AA2FCF,N7556J,P28R,PIPER PA-28R-180/200/201,L1P,L
AA30CF,N756EZ,C182,CESSNA 182 Skylane,L1P,L
AA32CF,N7561A,PARA,,P0-,-
AA33CF,N7568M,T210,CESSNA T210 Turbo Centurion,L1P,L
AA37CF,N758AP,C172,CESSNA 172 Skyhawk,L1P,L
AA3ACF,N7585G,C172,CESSNA 172 Skyhawk,L1P,L
AA3CCF,N759PT,C182,CESSNA 182 Skylane,L1P,L
AA3ECF,N7597K,PA18,PIPER PA-18 Super Cub,L1P,L
AA40CF,N76SR,PA23,PIPER PA-23,L2P,L
AA44CF,N76064,B764,BOEING 767-400,L2J,H
AA46CF,N761S,EFOX,AEROPRO Eurofox,L1P,L
AA47CF,N7611W,P28A,PIPER PA-28-140/150/160/180,L1P,L
AA48CF,N76187,CJ6,NANCHANG CJ-6,L1P,L
AA49CF,N762JS,C152,CESSNA 152,L1P,L
AA5BCF,N767CV,P32R,PIPER PA-32R-300/301/301T,L1P,L
AA63CF,N769JR,CH70,ZENAIR CH-701 Stol,L1P,L
AA65CF,N7693Y,PA30,PIPER PA-30 Twin Comanche,L2P,L
AA66CF,N77BH,NAVI,NORTH AMERICAN Navion,L1P,L
AA67CF,N77MP,PTMS,PITTS S-12 Super Stinker,L1P,L
AA71CF,N772PW,COY2,RANS Coyote 2,L1P,L
AA7ACF,N7744H,PA12,PIPER PA-12 Super Cruiser,L1P,L
AA7BCF,N775CC,PC12,PILATUS PC-12,L1T,L
AA7ECF,N7756L,C172,CESSNA 172 Skyhawk,L1P,L
AA82CF,N7768P,PA24,PIPER PA-24 Comanche,L1P,L
AA83CF,N777HZ,PA31,PIPER PA-31-300/310/325/350/425,L2P,L
AA85CF,N7773F,C150,CESSNA 150,L1P,L
AA86CF,N778AR,GLF6,GULFSTREAM G650,L2J,M
AA8BCF,N779PV,B779,BOEING 777-9,L2J,H
AA8CCF,N7790A,C180,CESSNA  180 Skywagon,L1P,L
AA8ECF,N78GM,C310,CESSNA 310,L2P,L
AA8FCF,N78ST,,,,
AA93CF,N78066,C172,CESSNA 172 Skyhawk,L1P,L
AA9ACF,N78231,GC1,GLOBE Swift,L1P,L
AA9CCF,N783MS,RV8,VANS RV-8,L1P,L
AA9ECF,N78354,C172,CESSNA 172 Skyhawk,L1P,L
AAA1CF,N7840W,P28A,PIPER PA-28-140/150/160/180,L1P,L
AAA5CF,N7852Z,C150,CESSNA 150,L1P,L
AAA6CF,N786,PTS1,PITTS S-1 Special,L1P,L
AAA9CF,N78642,C172,CESSNA 172 Skyhawk,L1P,L
AAABCF,N787PC,C182,CESSNA 182 Skylane,L1P,L
AAAFCF,N788SA,B737,BOEING 737-700,L2J,M
AAB1CF,N78888,M20P,MOONEY M-20,L1P,L
AAB2CF,N789JT,DRON,,D0-,-
AAB4CF,N78930,M20P,MOONEY M-20,L1P,L
AAB5CF,N79BK,SF50,CIRRUS SF-50 Vision,L1J,L
AAB6CF,N79MR,C182,CESSNA 182 Skylane,L1P,L
AAB8CF,N790JB,AFOX,HALLEY Apollo Fox,L1P,L
AABCCF,N791M,BE35,BEECH 35 Starfire Bonanza,L1P,L
AABECF,N7915M,BE35,BEECH 35 Starfire Bonanza,L1P,L
AAC5CF,N7932G,C150,CESSNA 150,L1P,L
AAC9CF,N7944K,BE35,BEECH 35 Starfire Bonanza,L1P,L
AAD1CF,N7968R,BE95,BEECH 95 Travel Air,L2P,L
AAD4CF,N7973H,PA12,PIPER PA-12 Super Cruiser,L1P,L
AADCCF,N7997P,PA24,PIPER PA-24 Comanche,L1P,L
AAE0CF,N80PF,AT8T,AIR TRACTOR AT-802,L1T,M
AAE2CF,N800KS,B737,BOEING 737-700,L2J,M
AAE4CF,N8004P,PA24,PIPER PA-24 Comanche,L1P,L
AAE9CF,N802FG,C172,CESSNA 172 Skyhawk,L1P,L
AAF3CF,N8045Q,C185,CESSNA 185 Skywagon,L1P,L
AAF6CF,N8050G,C77R,CESSNA 177RG Cardinal RG,L1P,L
AAF7CF,N8057T,,,,
AAFBCF,N8069W,P28A,PIPER PA-28-140/150/160/180,L1P,L
AAFFCF,N808CH,CL60,BOMBARDIER CL-600 Challenger,L2J,M
AB07CF,N81JD,C72R,CESSNA 172R Cutlass RG,L1P,L
AB10CF,N812AE,E135,EMBRAER ERJ-135,L2J,M
AB11CF,N812LL,H25B,HAWKER BEECHCRAFT Hawker 750/850,L2J,M
AB13CF,N81248,FA24,FAIRCHILD F-24 Argus,L1P,L
AB14CF,N813DC,P28A,PIPER PA-28-140/150/160/180,L1P,L
AB15CF,N813PJ,BE36,BEECH 36 Bonanza,L1P,L
AB17CF,N8137A,P28B,PIPER PA-28-201T/235/236,L1P,L
AB19CF,N814SG,BE40,BEECH 400 Beechjet,L2J,M
AB28CF,N818TT,DG1T,DG FLUGZEUGBAU DG-1001T,L1P,L
AB29CF,N81824,CH7A,BELLANCA 7 Champion,L1P,L
AB2ECF,N82DB,SR22,CIRRUS SR-22,L1P,L
AB2FCF,N82PH,COL3,CESSNA 350 Corvalis,L1P,L
AB37CF,N8216U,C172,CESSNA 172 Skyhawk,L1P,L
AB3ACF,N8221L,C172,CESSNA 172 Skyhawk,L1P,L
AB49CF,N8262M,C210,CESSNA 201 Centurion,L1P,L
AB4DCF,N8274Q,T206,CESSNA T206 Turbo Stationair,L1P,L
AB51CF,N8286T,C175,CESSNA 175 Skylark,L1P,L
AB55CF,N8298W,P28B,PIPER PA-28-201T/235/236,L1P,L
AB56CF,N83JF,LNC4,LANCAIR 4,L1P,L
AB5ACF,N83004,CH7A,BELLANCA 7 Champion,L1P,L
AB5BCF,N8308E,M20P,MOONEY M-20,L1P,L
AB5DCF,N831TW,DV20,DIAMOND DA-20,L1P,L
AB66CF,N8337C,P32R,PIPER PA-32R-300/301/301T,L1P,L
AB67CF,N834GC,EC30,AIRBUS HELICOPTERS EC-130,H1T,L
AB69CF,N83415,CH7A,BELLANCA 7 Champion,L1P,L
AB71CF,N8366A,C170,CESSNA 170,L1P,L
AB74CF,N83703,CH7A,BELLANCA 7 Champion,L1P,L
AB76CF,N838HP,C150,CESSNA 150,L1P,L
AB82CF,N8404T,C182,CESSNA 182 Skylane,L1P,L
AB86CF,N8416W,P28A,PIPER PA-28-140/150/160/180,L1P,L
AB88CF,N842RS,AVID,AVID Flyer,L1P,L
AB89CF,N8421N,BE35,BEECH 35 Starfire Bonanza,L1P,L
AB94CF,N8450L,C172,CESSNA 172 Skyhawk,L1P,L
AB99CF,N84690,CH7A,BELLANCA 7 Champion,L1P,L
AB9BCF,N847WA,PA12,PIPER PA-12 Super Cruiser,L1P,L
AB9CCF,N8474S,C182,CESSNA 182 Skylane,L1P,L
ABA3CF,N8491M,C150,CESSNA 150,L1P,L
ABA4CF,N8498Y,DUCE,BAKENG Duce,L1P,L
ABA8CF,N850R,BE35,BEECH 35 Starfire Bonanza,L1P,L
ABABCF,N851HS,C550,CESSNA 550 Citation S2,L2J,L
ABB1CF,N8525B,CRJ2,BOMBARDIER Regional Jet CRJ-200,L2J,M
ABB5CF,N8537E,CH7A,BELLANCA 7 Champion,L1P,L
ABB9CF,N8549H,G164,GRUMMAN G-164 Ag-Cat,L1P,L
ABBECF,N856NA,RF10,FOURNIER RF-10,L1P,L
ABC0CF,N8566C,PA18,PIPER PA-18 Super Cub,L1P,L
ABC3CF,N85705,CH7A,BELLANCA 7 Champion,L1P,L
ABC7CF,N85828,AR11,AERONCA 11 Chief,L1P,L
ABC8CF,N859AH,A139,AGUSTA AW-139,H2T,L
ABCBCF,N8595A,BE35,BEECH 35 Starfire Bonanza,L1P,L
ABCDCF,N86PM,P46T,PIPER PA-46-500TP,L1T,L
ABD3CF,N861NW,A332,AIRBUS A-330-200,L2J,H
ABD8CF,N8621Q,BE35,BEECH 35 Starfire Bonanza,L1P,L
ABE3CF,N8650N,P28R,PIPER PA-28R-180/200/201,L1P,L
ABE7CF,N8662R,GLID,,L0-,-
ABEBCF,N8674U,C172,CESSNA 172 Skyhawk,L1P,L
ABECCF,N868CP,S22T,CIRRUS SR-22T Turbo,L1P,L
ABEECF,N868ZA,C208,CESSNA 208 Caravan,L1T,L
ABF2CF,N8691P,PA24,PIPER PA-24 Comanche,L1P,L
ABF5CF,N87UR,S22T,CIRRUS SR-22T Turbo,L1P,L
ABF8CF,N87008,BL8,BELLANCA 8 Decathlon,L1P,L
ABFCCF,N8713A,DRON,,D0-,-
AC0BCF,N8754B,C172,CESSNA 172 Skyhawk,L1P,L
AC0FCF,N8766E,P28R,PIPER PA-28R-180/200/201,L1P,L
AC1BCF,N88DH,,,,
AC1CCF,N88PP,B06,BELL 206 JetRanger,H1T,L
AC1ECF,N880L,DA42,DIAMOND DA-42 Guardian,L2P,L
AC20CF,N8804X,C182,CESSNA 182 Skylane,L1P,L
AC26CF,N882RW,E170,EMBRAER ERJ-170-100,L2J,M
AC2BCF,N8833V,BL17,BELLANCA 17 Viking,L1P,L
AC2DCF,N884ML,C510,CESSNA 510 Citation Mustang,L2J,L
AC36CF,N8862T,RV7,VANS RV-7,L1P,L
AC3BCF,N888CR,RV8,VANS RV-8,L1P,L
AC40CF,N889RV,RV6,VANS RV-6,L1P,L
AC43CF,N89JM,RV4,VANS RV-4,L1P,L
AC46CF,N890RD,M20P,MOONEY M-20,L1P,L
AC4BCF,N8913C,PA22,PIPER PA-22,L1P,L
AC4FCF,N8925F,H269,HUGHES Sky Knight,H1P,L
AC56CF,N8942A,CRJ2,BOMBARDIER Regional Jet CRJ-200,L2J,M
AC5ACF,N8954D,PA22,PIPER PA-22,L1P,L
AC5ECF,N8966G,C182,CESSNA 182 Skylane,L1P,L
AC61CF,N89709,C120,CESSNA 120,L1P,L
AC62CF,N8978K,S108,STINSON 108 Voyager,L1P,L
AC64CF,N898UA,A319,AIRBUS A-319,L2J,M
AC65CF,N8983B,C172,CESSNA 172 Skyhawk,L1P,L
AC66CF,N899AM,SR22,CIRRUS SR-22,L1P,L
AC6ACF,N9DK,PULS,Pulsar,L1P,L
AC6CCF,N9ZX,,,,
AC6DCF,N90LB,BE9L,BEECH 90 King Air,L2T,L
AC6ECF,N90WH,BALL,,B0-,-
AC6FCF,N900GN,TBM7,SOCATA TBM-700A/B/C,L1T,L
AC71CF,N9002E,C172,CESSNA 172 Skyhawk,L1P,L
AC75CF,N9014H,C172,CESSNA 172 Skyhawk,L1P,L
AC76CF,N902CC,PA18,PIPER PA-18 Super Cub,L1P,L
AC7DCF,N9038P,SA30,STOLP Starduster Too,L1P,L
AC83CF,N905XC,GLST,GLASAIR SH-4 GlaStar,L1P,L
AC84CF,N9055J,J3,PIPER J-3 Cub,L1P,L
AC87CF,N9060A,BALL,,B0-,-
AC89CF,N907GM,PA11,PIPER PA-11 Cub Special,L1P,L
AC90CF,N909CB,BE35,BEECH 35 Starfire Bonanza,L1P,L
AC91CF,N909NH,B407,BELL 407,H1T,L
AC93CF,N9096K,ULAC,,L0-,-
AC95CF,N91RF,,,,
AC96CF,N910BL,PA11,PIPER PA-11 Cub Special,L1P,L
AC9ACF,N911EJ,E55P,EMBRAER EMB-505 Phenom 300,L2J,M
AC9CCF,N9110W,P32T,PIPER PA-32RT-300/300T,L1P,L
AC9DCF,N91177,C188,CESSNA 188 AgTruck,L1P,L
ACA0CF,N9122Z,B212,BELL 212,H2T,L
ACA3CF,N913WL,R44,ROBINSON R-44 Raven,H1P,L
ACA8CF,N91465,BOLT,STEEN Skybolt,L1P,L
ACAACF,N915SA,,,,
ACABCF,N9151X,M20P,MOONEY M-20,L1P,L
ACACCF,N91588,NAVI,NORTH AMERICAN Navion,L1P,L
ACADCF,N916JT,,,,
ACAFCF,N91630,P28A,PIPER PA-28-140/150/160/180,L1P,L
ACB3CF,N91753,C182,CESSNA 182 Skylane,L1P,L
ACB9CF,N919TM,CRUZ,CSA PS-28 Cruiser,L1P,L
ACBBCF,N91999,C182,CESSNA 182 Skylane,L1P,L
ACBDCF,N92WK,PC12,PILATUS PC-12,L1T,L
ACBFCF,N920SW,CRJ2,BOMBARDIER Regional Jet CRJ-200,L2J,M
ACC1CF,N9209T,C180,CESSNA  180 Skywagon,L1P,L
ACC9CF,N923FC,DRON,,D0-,-
ACCBCF,N9231E,AR11,AERONCA 11 Chief,L1P,L
ACCCCF,N9238R,M8,MAULE M-8,L1P,L
ACCFCF,N9243H,C172,CESSNA 172 Skyhawk,L1P,L
ACD0CF,N925AT,B712,BOEING 717-200,L2J,M
ACD3CF,N9255L,,,,
ACD6CF,N9260C,C180,CESSNA  180 Skywagon,L1P,L
ACD7CF,N9267P,PA24,PIPER PA-24 Comanche,L1P,L
ACD8CF,N927GP,C172,CESSNA 172 Skyhawk,L1P,L
ACDCCF,N928KM,B36T,BEECH 36 Turbine Bonanza,L1T,L
ACE0CF,N929NK,A20N,AIRBUS A-320neo,L2J,M
ACE2CF,N9296M,PARA,,P0-,-
ACE3CF,N93FB,BE40,BEECH 400 Beechjet,L2J,M
ACE9CF,N931EL,H25B,HAWKER BEECHCRAFT Hawker 750/850,L2J,M
ACEBCF,N9310Y,,,,
ACEFCF,N93221,GLID,,L0-,-
ACF2CF,N933WN,B737,BOEING 737-700,L2J,M
ACF3CF,N93344,T210,CESSNA T210 Turbo Centurion,L1P,L
AD05CF,N9380X,C182,CESSNA 182 Skylane,L1P,L
AD0BCF,N94LF,GLF5,GULFSTREAM 5,L2J,M
AD0CCF,N94WM,PA46,PIPER PA-46-310/350,L1P,L
AD0FCF,N9402J,P28A,PIPER PA-28-140/150/160/180,L1P,L
AD15CF,N942NN,B738,BOEING 737-800,L2J,M
AD18CF,N943FE,C208,CESSNA 208 Caravan,L1T,L
AD1BCF,N9438T,C210,CESSNA 201 Centurion,L1P,L
AD1ECF,N9443K,S108,STINSON 108 Voyager,L1P,L
AD1FCF,N945AV,A320,AIRBUS A-320,L2J,M
AD20CF,N945MA,,,,
AD22CF,N9455N,P28R,PIPER PA-28R-180/200/201,L1P,L
AD25CF,N9460E,AR11,AERONCA 11 Chief,L1P,L
AD29CF,N9472H,C172,CESSNA 172 Skyhawk,L1P,L
AD2DCF,N9484L,AA1,AMERICAN AA-1,L1P,L
AD2ECF,N949CF,BE20,BEECH 200 Super King Air,L2T,M
AD32CF,N95FD,F260,AERMACCHI SF-260,L1P,L
AD33CF,N95RK,RV7,VANS RV-7,L1P,L
AD3ACF,N95100,TAYB,TAYLORCRAFT BC/BF/BL,L1P,L
AD3BCF,N9518A,C170,CESSNA 170,L1P,L
AD3DCF,N952TS,DV20,DIAMOND DA-20,L1P,L
AD3ECF,N95223,TAYB,TAYLORCRAFT BC/BF/BL,L1P,L
AD3FCF,N953AC,C72R,CESSNA 172R Cutlass RG,L1P,L
AD42CF,N95346,P28A,PIPER PA-28-140/150/160/180,L1P,L
AD43CF,N954DA,DV20,DIAMOND DA-20,L1P,L
AD44CF,N954PG,SR22,CIRRUS SR-22,L1P,L
AD46CF,N95469,C152,CESSNA 152,L1P,L
AD55CF,N9588,EN28,ENSTROM F-28,H1P,L
AD5BCF,N96WP,C82R,CESSNA R182 Skylane RG,L1P,L
AD60CF,N961KS,AA5,AMERICAN AA-5 Tiger,L1P,L
AD69CF,N9631J,P28A,PIPER PA-28-140/150/160/180,L1P,L
AD6ACF,N9638V,C172,CESSNA 172 Skyhawk,L1P,L
AD6DCF,N9643M,M20P,MOONEY M-20,L1P,L
AD78CF,N9672K,P28A,PIPER PA-28-140/150/160/180,L1P,L
AD8ECF,N973AE,AS50,AEROSPATIALE AS-350 Ecureuil,H1T,L
AD98CF,N97513,C182,CESSNA 182 Skylane,L1P,L
AD99CF,N9759D,,,,
ADA0CF,N97759,S108,STINSON 108 Voyager,L1P,L
ADA4CF,N9788B,C180,CESSNA  180 Skywagon,L1P,L
ADA7CF,N97924,C182,CESSNA 182 Skylane,L1P,L
ADA8CF,N98AD,G280,GULFSTREAM G280,L2J,M
ADA9CF,N98LK,BE35,BEECH 35 Starfire Bonanza,L1P,L
ADAACF,N98WR,T210,CESSNA T210 Turbo Centurion,L1P,L
ADB1CF,N9814R,BE35,BEECH 35 Starfire Bonanza,L1P,L
ADB8CF,N9831L,C320,CESSNA 320 Skyknight,L2P,L
ADC0CF,N9855S,P28A,PIPER PA-28-140/150/160/180,L1P,L
ADC6CF,N987TA,E190,EMBRAER ERJ-190-100,L2J,M
ADC7CF,N9872M,M4,MAULE M-4,L1P,L
ADC8CF,N9879Y,T210,CESSNA T210 Turbo Centurion,L1P,L
ADD1CF,N99RP,C82R,CESSNA R182 Skylane RG,L1P,L
ADD8CF,N99104,C172,CESSNA 172 Skyhawk,L1P,L
ADD9CF,N9918E,C172,CESSNA 172 Skyhawk,L1P,L
ADE4CF,N9947C,C82R,CESSNA R182 Skylane RG,L1P,L
ADECCF,N997BT,T206,CESSNA T206 Turbo Stationair,L1P,L
ADEFCF,N9976A,C170,CESSNA 170,L1P,L
ADF4CF,N999HP,C82R,CESSNA R182 Skylane RG,L1P,L
ADFCCF,93-0655,BE40,BEECH 400 Beechjet,L2J,M
ADFDCF,92-03327,BE20,BEECH 200 Super King Air,L2T,M
ADFECF,84-00489,BE20,BEECH 200 Super King Air,L2T,M
ADFFCF,65-10427,T38,NORTHROP T-38 Talon,L2J,L
AE00CF,68-8109,T38,NORTHROP T-38 Talon,L2J,L
AE01CF,62-4132,R135,BOEING RC-135,L4J,H
AE02CF,91-9143,C130,LOCKHEED C-130 Hercules,L4T,M
AE03CF,164106,C130,LOCKHEED C-130 Hercules,L4T,M
AE04CF,62-3537,K35R,BOEING KC-135R/T Stratotanker,L4J,H
AE05CF,82-0056,C130,LOCKHEED C-130 Hercules,L4T,M
AE07CF,89-1191,C17,BOEING C-17 Globemaster 3,L4J,H
AE08CF,00-0185,C17,BOEING C-17 Globemaster 3,L4J,H
AE0CCF,97-26739,H60,SIKORSKY UH-60 Black Hawk,H2T,M
AE0DCF,84-23938,H60,SIKORSKY UH-60 Black Hawk,H2T,M
AE11CF,03-3707,TEX2,BEECHCRAFT T-6 Texan 2,L1T,L
AE13CF,04-6206,TEX2,BEECHCRAFT T-6 Texan 2,L1T,L
AE14CF,161078,BE9L,BEECH 90 King Air,L2T,L
AE1ECF,166074,TEX2,BEECHCRAFT T-6 Texan 2,L1T,L
AE1FCF,11-72192,EC45,AIRBUS HELICOPTERS EC-145,H2T,L
AE21CF,00-26863,H60,SIKORSKY UH-60 Black Hawk,H2T,M
AE26CF,90-0796,F16,GENERAL DYNAMICS F-16 Fighting Falcon,L1J,M
AE29CF,08-6202,C30J,LOCKHEED MARTIN C-130J Super Hercules,L4T,M
AE4FCF,168127,H60,SIKORSKY UH-60 Black Hawk,H2T,M
AE50CF,10-20271,H60,SIKORSKY UH-60 Black Hawk,H2T,M
AE51CF,11-20419,H60,SIKORSKY UH-60 Black Hawk,H2T,M
AE52CF,11-08088,H47,BOEING-VERTOL CH-47 Chinook,H2T,M
AE54CF,12-5762,C30J,LOCKHEED MARTIN C-130J Super Hercules,L4T,M
AE56CF,13-20615,H60,SIKORSKY UH-60 Black Hawk,H2T,M
AE57CF,169010,P8,BOEING P-8 Poseidon,L2J,M
AE59CF,14-08454,H47,BOEING-VERTOL CH-47 Chinook,H2T,M
AE5ACF,15-20749,H60,SIKORSKY UH-60 Black Hawk,H2T,M
AE5BCF,15-20787,H60,SIKORSKY UH-60 Black Hawk,H2T,M
AE5CCF,89-26209,H60,SIKORSKY UH-60 Black Hawk,H2T,M
AE63CF,64-13206,T38,NORTHROP T-38 Talon,L2J,L
AE74CF,21-03436,H64,MCDONNELL DOUGLAS AH-64 Apache,H2T,M
C000CF,C-FAHY,,,,
C001CF,C-FARU,C185,CESSNA 185 Skywagon,L1P,L
C002CF,C-FBBQ,AT5T,AIR TRACTOR AT-504,L1T,L
C003CF,C-FBLM,M7,MAULE M-7,L1P,L
C004CF,C-FBVI,RV14,VANS RV-14,L1P,L
C005CF,C-FCFE,C172,CESSNA 172 Skyhawk,L1P,L
C007CF,C-FCYW,UH1,BELL UH-1 Huey,H1T,L
C008CF,C-FDIS,PA34,PIPER PA-34 Seneca,L2P,L
C009CF,C-FDSO,C172,CESSNA 172 Skyhawk,L1P,L
C00ACF,C-FECK,C150,CESSNA 150,L1P,L
C00BCF,C-FEMG,,,,
C00FCF,C-FFZQ,C182,CESSNA 182 Skylane,L1P,L
C011CF,C-FGTI,BE9L,BEECH 90 King Air,L2T,L
C013CF,C-FHNA,TAYA,TAYLORCRAFT A,L1P,L
C015CF,C-FIGS,C337,CESSNA 337 Super Skymaster,L2P,L
C016CF,C-FIQO,P28A,PIPER PA-28-140/150/160/180,L1P,L
C019CF,C-FJUC,R44,ROBINSON R-44 Raven,H1P,L
C01CCF,C-FKXQ,BALL,,B0-,-
C01DCF,C-FLHM,PA18,PIPER PA-18 Super Cub,L1P,L
C01ECF,C-FLRI,C206,CESSNA  206 Stationair,L1P,L
C01FCF,C-FMBE,BE35,BEECH 35 Starfire Bonanza,L1P,L
C020CF,C-FMLA,C172,CESSNA 172 Skyhawk,L1P,L
C021CF,C-FMUW,CH7A,BELLANCA 7 Champion,L1P,L
C022CF,C-FNES,CH7A,BELLANCA 7 Champion,L1P,L
C023CF,C-FNOO,CH7A,BELLANCA 7 Champion,L1P,L
C024CF,C-FNYK,AS50,AEROSPATIALE AS-350 Ecureuil,H1T,L
C025CF,C-FOIG,P28A,PIPER PA-28-140/150/160/180,L1P,L
C026CF,C-FOSC,PA22,PIPER PA-22,L1P,L
C027CF,C-FPBY,C152,CESSNA 152,L1P,L
C028CF,C-FPLU,,,,
C02BCF,C-FQPI,CAMP,GREGA GN-1 Aircamper,L1P,L
C02CCF,C-FQZE,C172,CESSNA 172 Skyhawk,L1P,L
C02DCF,C-FRJA,CRJ9,BOMBARDIER Regional Jet CRJ-900,L2J,M
C02ECF,C-FRSW,RV10,VANS RV-10,L1P,L
C02FCF,C-FSCS,PA24,PIPER PA-24 Comanche,L1P,L
C030CF,C-FSMO,C172,CESSNA 172 Skyhawk,L1P,L
C031CF,C-FSWK,,,,
C032CF,C-FTGG,EC20,AIRBUS HELICOPTERS EC-120,H1T,L
C033CF,C-FTQC,RBEL,MURPHY Rebel,L1P,L
C035CF,C-FUJU,C185,CESSNA 185 Skywagon,L1P,L
C036CF,C-FUTQ,C150,CESSNA 150,L1P,L
C038CF,C-FVNI,T6,NORTH AMERICAN T-6 Texan,L1P,L
C039CF,C-FVXE,C150,CESSNA 150,L1P,L
C03ACF,C-FWHA,L8,LUSCOMBE 8,L1P,L
C03BCF,C-FWQW,P28R,PIPER PA-28R-180/200/201,L1P,L
C03CCF,C-FXAS,P28A,PIPER PA-28-140/150/160/180,L1P,L
C03DCF,C-FXKO,C150,CESSNA 150,L1P,L
C03ECF,C-FXUK,BALL,,B0-,-
C03FCF,C-FYEG,,,,
C041CF,C-FYXY,,,,
C043CF,C-FZRQ,AC90,NORTH AMERICAN ROCKWELL Turbo Commander 690/840,L2T,L
C044CF,C-GABM,C208,CESSNA 208 Caravan,L1T,L
C045CF,C-GALI,B212,BELL 212,H2T,L
C046CF,C-GAVE,C185,CESSNA 185 Skywagon,L1P,L
C047CF,C-GBFA,C172,CESSNA 172 Skyhawk,L1P,L
C048CF,C-GBOW,,,,
C049CF,C-GBYS,PIVI,PIPSTREL Virus,L1P,L
C04ACF,C-GCIO,B429,BELL 429 GlobalRanger,H2T,L
C04BCF,C-GCSK,,,,
C04CCF,C-GDCG,B190,BEECH 1900,L2T,M
C04DCF,C-GDMC,,,,
C04FCF,C-GEFU,CH7A,BELLANCA 7 Champion,L1P,L
C050CF,C-GEPQ,C172,CESSNA 172 Skyhawk,L1P,L
C051CF,C-GEZM,CHIN,ASAP Chinook,L1P,L
C052CF,C-GFJI,PA18,PIPER PA-18 Super Cub,L1P,L
C054CF,C-GGDA,C150,CESSNA 150,L1P,L
C055CF,C-GGMW,CH70,ZENAIR CH-701 Stol,L1P,L
C056CF,C-GGWS,,,,
C058CF,C-GHQK,C172,CESSNA 172 Skyhawk,L1P,L
C059CF,C-GIAG,PA27,PIPER PA-23-250 Aztec,L2P,L
C05ACF,C-GIKC,GLID,,L0-,-
C05BCF,C-GITY,A321,AIRBUS A-321,L2J,M
C05CCF,C-GJDU,CL35,BOMBARDIER BD-100 Challenger 350,L2J,M
C05DCF,C-GJNQ,C172,CESSNA 172 Skyhawk,L1P,L
C05ECF,C-GJXM,LJ75,LEARJET 75,L2J,M
C05FCF,C-GKHI,BE20,BEECH 200 Super King Air,L2T,M
C060CF,C-GKRE,AS50,AEROSPATIALE AS-350 Ecureuil,H1T,L
C061CF,C-GLBA,,,,
C064CF,C-GMEO,CH60,ZENAIR CH-600 Zodiac,L1P,L
C065CF,C-GMOK,C207,CESSNA 207 Turbo Stationair,L1P,L
C066CF,C-GMYG,AS50,AEROSPATIALE AS-350 Ecureuil,H1T,L
C067CF,C-GNIC,P28A,PIPER PA-28-140/150/160/180,L1P,L
C068CF,C-GNRY,,,,
C069CF,C-GOBU,CH7B,BELLANCA 7 Citabria,L1P,L
C06BCF,C-GOVM,SR22,CIRRUS SR-22,L1P,L
C070CF,C-GQSS,C152,CESSNA 152,L1P,L
C071CF,C-GRCO,BALL,,B0-,-
C072CF,C-GRMK,BE33,BEECH 33 Bonanza,L1P,L
C073CF,C-GRWG,B06,BELL 206 JetRanger,H1T,L
C074CF,C-GSGC,SR22,CIRRUS SR-22,L1P,L
C075CF,C-GSPY,C172,CESSNA 172 Skyhawk,L1P,L
C078CF,C-GTTM,SW3,SWEARINGEN Merlin 3,L2T,L
C079CF,C-GUDI,C170,CESSNA 170,L1P,L
C07ACF,C-GUNE,C172,CESSNA 172 Skyhawk,L1P,L
C07BCF,C-GUXA,,,,
C07CCF,C-GVGW,PA34,PIPER PA-34 Seneca,L2P,L
C07ECF,C-GWAO,LAMA,AEROSPATIALE SA-315 Lama,H1T,L
C07FCF,C-GWKK,C337,CESSNA 337 Super Skymaster,L2P,L
C080CF,C-GWUG,DH8D,DE HAVILLAND DHC-8-400 Dash 8,L2T,M
C081CF,C-GXEC,M5,MAULE M-5,L1P,L
C082CF,C-GXNY,AT8T,AIR TRACTOR AT-802,L1T,M
C084CF,C-GYHQ,B212,BELL 212,H2T,L
C086CF,C-GZBI,C82R,CESSNA R182 Skylane RG,L1P,L
C08BCF,C-IAYO,,,,
C08ECF,C-ICCC,MAME,BLUE YONDER Merlin,L1P,L
C090CF,C-ICVU,NDAC,NORMAND DUBE Aerocruiser,L1P,L
C091CF,C-IDFQ,ULAC,,L0-,-
C092CF,C-IDPM,ULAC,,L0-,-
C093CF,C-IDZI,BEVR,ASAP Beaver,L1P,L
C094CF,C-IEJE,BEVR,ASAP Beaver,L1P,L
C095CF,C-IETA,ULAC,,L0-,-
C096CF,C-IFCW,ULAC,,L0-,-
C097CF,C-IFMS,PARA,,P0-,-
C099CF,C-IGGK,ULAC,,L0-,-
C09ACF,C-IGQG,,,,
C09BCF,C-IHAC,PARA,,P0-,-
C09ECF,C-IIDQ,,,,
C0A1CF,C-IJHE,ULAC,,L0-,-
C0A2CF,C-IJRA,,,,
C0A3CF,C-IKAW,ULAC,,L0-,-
C0A4CF,C-IKKS,ULAC,,L0-,-
C0A5CF,C-IKUO,PARA,,P0-,-
C0A7CF,C-ILOG,GLID,,L0-,-
C0A8CF,C-ILYC,,,,
C1E4CF,SERV,SERV,,V0-,-
C1E9CF,SERV,SERV,,V0-,-
C2B1CF,140105,P3,LOCKHEED P-3 Orion,L4T,M
C803CF,ZK-EBQ,P28A,PIPER PA-28-140/150/160/180,L1P,L
C805CF,ZK-FIM,ULAC,,L0-,-
C808CF,ZK-GVB,GLID,,L0-,-
C80BCF,ZK-DAK,DC3,DOUGLAS DC-3 Dakota,L2P,M
C80CCF,ZK-FTI,ULAC,,L0-,-
C80FCF,ZK-LWB,ULAC,,L0-,-
C811CF,ZK-DST,C172,CESSNA 172 Skyhawk,L1P,L
C813CF,ZK-BEM,RYST,RYAN PT-20,L1P,L
C814CF,ZK-JPX,CH60,ZENAIR CH-600 Zodiac,L1P,L
C815CF,ZK-MGS,ZZZZ,,-0-,-
C819CF,ZK-RTM,SIRA,TECNAM P-2002 Sierra,L1P,L
C81ACF,ZK-WIK,MCR1,COLOMBAN Ban-Bi,L1P,L
C81BCF,ZK-DEC,CRUZ,CSA PS-28 Cruiser,L1P,L
C81DCF,ZK-PCC,AT3T,AIR TRACTOR AT-302/402,L1T,L
C81ECF,ZK-GCX,GLID,,L0-,-
C820CF,ZK-NZD,B789,BOEING 787-9 Dreamliner,L2J,H
C821CF,ZK-TPZ,FDCT,FLIGHT DESIGN CT,L1P,L
C823CF,ZK-PKR,C177,CESSNA  177 Cardinal,L1P,L
C827CF,ZK-MDY,C185,CESSNA 185 Skywagon,L1P,L
C828CF,ZK-TTC,DA40,DIAMOND DA-40 Club Star,L1P,L
C829CF,ZK-PPR,C208,CESSNA 208 Caravan,L1T,L
E014CF,LV-ASO,C185,CESSNA 185 Skywagon,L1P,L
E020CF,LV-BCO,C550,CESSNA 550 Citation S2,L2J,L
E024CF,LV-BSO,LJ31,LEARJET 31,L2J,M
E030CF,LV-CCO,LJ60,LEARJET 60,L2J,M
E072CF,LV-GKO,A332,AIRBUS A-330-200,L2J,H
E073CF,LV-GOO,B737,BOEING 737-700,L2J,M
E085CF,LV-HWO,BE9L,BEECH 90 King Air,L2T,L
E0A1CF,LV-JGO,C310,CESSNA 310,L2P,L
E0A3CF,LV-JOO,C206,CESSNA  206 Stationair,L1P,L
E0B1CF,LV-KGO,A320,AIRBUS A-320,L2J,M
E481CF,PR-MFJ,C525,CESSNA 525 CitationJet,L2J,L
E486CF,PP-JMA,A109,AGUSTA AW-109 Grand,H2T,L
E48DCF,PT-MDC,BE58,BEECH 58 Baron,L2P,L
E48FCF,PT-MXN,A321,AIRBUS A-321,L2J,M
E492CF,PR-OBH,A20N,AIRBUS A-320neo,L2J,M
E493CF,PR-TLI,DA62,DIAMOND DA-62,L2P,L
E494CF,PP-DJF,A169,AGUSTA AW-169,H2T,L
E495CF,PR-YJB,A21N,AIRBUS A-321neo,L2J,M
E499CF,PS-ARC,PC12,PILATUS PC-12,L1T,L
E808CF,CC-PCW,C303,CESSNA T303 Crusader,L2P,L
E8CFCF,EP-861,C56X,CESSNA 560XL Citation XLS,L2J,M
