0082D2,ZS-BBD,E145,EMBRAER ERJ-145,L2J,M
0086D2,ZS-CON,PC12,PILATUS PC-12,L1T,L
008AD2,ZS-EBX,P28A,PIPER PA-28-140/150/160/180,L1P,L
008DD2,ZS-FFL,C210,CESSNA 201 Centurion,L1P,L
0092D2,ZS-HCR,UH1,BELL UH-1 Huey,H1T,L
009DD2,ZS-LGZ,C82R,CESSNA R182 Skylane RG,L1P,L
009FD2,ZS-MAR,PA31,PIPER PA-31-300/310/325/350/425,L2P,L
00A8D2,ZS-PLH,C152,CESSNA 152,L1P,L
00AED2,ZS-RSJ,R44,ROBINSON R-44 Raven,H1P,L
0100D2,SU-BPN,AN72,ANTONOV An-74-200,L2J,M
0101D2,SU-BTW,FA8X,DASSAULT Falcon 8X,L3J,M
0200D2,CN-TJS,H25B,HAWKER BEECHCRAFT Hawker 750/850,L2J,M
04C1D2,5Y-NPW,A119,AGUSTA AW-119 Koala,H1T,L
06A0D2,A7-HBC,B412,BELL 412,H2T,L
06A1D2,A7-CGN,GLF6,GULFSTREAM G650,L2J,M
06A2D2,A7-KKK,DA40,DIAMOND DA-40 Club Star,L1P,L
0700D2,6V-AGS,BE20,BEECH 200 Super King Air,L2T,M
0D05D2,XA-ILY,A320,AIRBUS A-320,L2J,M
0D09D2,XA-UXP,DC91,MCDONNELL DOUGLAS DC-9-10,L2J,M
0D0BD2,XB-MKD,C421,CESSNA 421 Executive Commuter,L2P,L
0D0DD2,XB-RVQ,TWEN,TECNAM Twenty-Ten,L1P,L
1101D2,TWR,TWR,,T0-,-
1130D2,GND,GND,,V0-,-
141ED2,RA-07890,AS50,AEROSPATIALE AS-350 Ecureuil,H1T,L
14A5D2,RA-42450,YK42,YAKOVLEV Yak-142,L3J,M
1506D2,RA-67282,DHC6,DE HAVILLAND DHC-6 Twin Otter,L2T,L
151CD2,RF-72029,,,,
151DD2,RA-73170,A320,AIRBUS A-320,L2J,M
151ED2,RA-73426,A20N,AIRBUS A-320neo,L2J,M
151FD2,RA-73682,A319,AIRBUS A-319,L2J,M
155BD2,RA-89042,SU95,SUKHOI Superjet 100-95,L2J,M
3003D2,I-FEAL,AS50,AEROSPATIALE AS-350 Ecureuil,H1T,L
3004D2,I-CAKE,PC6T,PILATUS PC-6 Turbo-Porter,L1T,L
3005D2,I-TEAB,AS50,AEROSPATIALE AS-350 Ecureuil,H1T,L
3007D2,I-WNDD,A139,AGUSTA AW-139,H2T,L
3008D2,I-WLFZ,GLEX,BOMBARDIER BD-700 Global 6000/6500,L2J,M
33FFD2,MM62206,P180,PIAGGIO P-180 Avanti,L2T,L
3423D2,EC-JPY,C172,CESSNA 172 Skyhawk,L1P,L
3424D2,EC-JZI,A320,AIRBUS A-320,L2J,M
3431D2,EC-KQT,EC35,AIRBUS HELICOPTERS EC-135/635,H2T,L
3433D2,EC-KZI,A346,AIRBUS A-340-600,L4J,H
3435D2,EC-LHV,AT73,ATR-72-212,L2T,M
3442D2,EC-LSF,AS50,AEROSPATIALE AS-350 Ecureuil,H1T,L
3443D2,EC-LUO,A320,AIRBUS A-320,L2J,M
3444D2,EC-MAX,A320,AIRBUS A-320,L2J,M
3445D2,EC-MBU,A320,AIRBUS A-320,L2J,M
3461D2,EC-NBZ,BE20,BEECH 200 Super King Air,L2T,M
3835D2,F-BNOS,BE35,BEECH 35 Starfire Bonanza,L1P,L
3844D2,F-BRGS,RALL,SOCATA Rallye,L1P,L
3845D2,F-BROS,DR30,CENTRE EST Prince,L1P,L
3848D2,F-BSGS,WA42,WASSMER WA-421 Prestige,L1P,L
3855D2,F-BVOS,BE35,BEECH 35 Starfire Bonanza,L1P,L
385CD2,F-BXGS,HR10,ROBIN HR-100,L1P,L
3900D2,F-GAGS,C172,CESSNA 172 Skyhawk,L1P,L
3918D2,F-GGGS,HR10,ROBIN HR-100,L1P,L
3964D2,F-GZGS,D140,JODEL D-140 Mousquetaire,L1P,L
3980D2,F-HAGS,DA40,DIAMOND DA-40 Club Star,L1P,L
3981D2,F-HAOS,C172,CESSNA 172 Skyhawk,L1P,L
39A0D2,F-HIGS,E300,EXTRA EA-300/330/350,L1P,L
39B1D2,F-HMOS,H500,HUGHES 500,H1T,L
39B9D2,F-HOOS,P208,TECNAM P-2008,L1P,L
39D4D2,F-HVGS,FDCT,FLIGHT DESIGN CT,L1P,L
39E4D2,F-HZGS,A320,AIRBUS A-320,L2J,M
3AAAD2,F-MEAQ,NH90,NHI NH-90,H2T,M
3B76D2,F-RAVF,AS55,AEROSPATIALE AS-355 Ecureuil 2,H2T,L
3B77D2,F-UGSE,EC25,AIRBUS HELICOPTERS EC-225/725,H2T,M
3B9BD2,22,ATLA,BREGUET Atlantic,L2T,M
3C0BD2,D-ATMJ,CL60,BOMBARDIER CL-600 Challenger,L2J,M
3C17D2,D-AYAN,A321,AIRBUS A-321,L2J,M
3C1CD2,D-AZXT,A21N,AIRBUS A-321neo,L2J,M
3C4AD2,D-ABVR,B744,BOEING 747-400,L4J,H
3C4DD2,D-ACNR,CRJ9,BOMBARDIER Regional Jet CRJ-900,L2J,M
3C65D2,D-AINR,A20N,AIRBUS A-320neo,L2J,M
3C6DD2,D-AKNR,A319,AIRBUS A-319,L2J,M
3CD9D2,D-CJUG,C56X,CESSNA 560XL Citation XLS,L2J,M
3D04D2,D-EABQ,S05R,SIAI-MARCHETTI S-205-22R,L1P,L
3D05D2,D-EALM,WACF,WACO F,L1P,L
3D07D2,D-EBFE,DR10,CENTRE EST Ambassadeur,L1P,L
3D08D2,D-EBPA,P28A,PIPER PA-28-140/150/160/180,L1P,L
3D0AD2,D-ECIS,C150,CESSNA 150,L1P,L
3D0BD2,D-ECSO,ST75,STEARMAN Kaydet,L1P,L
3D0DD2,D-EDMG,C152,CESSNA 152,L1P,L
3D0FD2,D-EEFY,C172,CESSNA 172 Skyhawk,L1P,L
3D10D2,D-EEPU,C150,CESSNA 150,L1P,L
3D12D2,D-EFJM,B209,MBB BO-209 Monsun,L1P,L
3D14D2,D-EGDE,C150,CESSNA 150,L1P,L
3D16D2,D-EGWW,A210,AQUILA A-210,L1P,L
3D17D2,D-EHGS,C172,CESSNA 172 Skyhawk,L1P,L
3D19D2,D-EIAK,C120,CESSNA 120,L1P,L
3D1AD2,D-EIKG,C172,CESSNA 172 Skyhawk,L1P,L
3D1ED2,D-EJXQ,C172,CESSNA 172 Skyhawk,L1P,L
3D1FD2,D-EKHM,RALL,SOCATA Rallye,L1P,L
3D21D2,D-ELBE,C182,CESSNA 182 Skylane,L1P,L
3D22D2,D-ELLA,RALL,SOCATA Rallye,L1P,L
3D23D2,D-ELUW,F8L,AEROMERE F-8L Falco,L1P,L
3D24D2,D-EMES,P28S,PIPER PA-28R-201T,L1P,L
3D25D2,D-EMOO,M22,MOONEY M-22 Mustang,L1P,L
3D26D2,D-EMYK,DV20,DIAMOND DA-20,L1P,L
3D27D2,D-ENIG,DV20,DIAMOND DA-20,L1P,L
3D28D2,D-ENSC,SC01,FFT Speed Canard,L1P,L
3D2AD2,D-EOLU,C182,CESSNA 182 Skylane,L1P,L
3D2CD2,D-EPFM,DR40,ROBIN DR-400,L1P,L
3D2DD2,D-EPPI,RV4,VANS RV-4,L1P,L
3D32D2,D-ERMO,DV20,DIAMOND DA-20,L1P,L
3D33D2,D-ERWK,DV20,DIAMOND DA-20,L1P,L
3D34D2,D-ESGG,DR40,ROBIN DR-400,L1P,L
3D3ED2,D-EWAS,FOX,KITFOX,L1P,L
3D41D2,D-EXEG,P28A,PIPER PA-28-140/150/160/180,L1P,L
3D43D2,D-EXXY,SR22,CIRRUS SR-22,L1P,L
3D47D2,D-EZLI,Z26,ZLIN Z-26/126/226/326/526/626/726,L1P,L
3DD3D2,D-HALU,R44,ROBINSON R-44 Raven,H1P,L
3DDDD2,D-HEGG,AS32,AEROSPATIALE AS-332 Super Puma,H2T,M
3DF2D2,D-HMFA,B06,BELL 206 JetRanger,H1T,L
3DF9D2,D-HOVY,R44,ROBINSON R-44 Raven,H1P,L
3E1DD2,D-ICMK,BE9L,BEECH 90 King Air,L2T,L
3E5ED2,D-KBCK,SF25,SCHEIBE SF-25 Falke,L1P,L
3E60D2,D-KBWC,SF25,SCHEIBE SF-25 Falke,L1P,L
3E65D2,D-KDTI,NIMB,SCHEMPP-HIRTH Nimbus,L1P,L
3E66D2,D-KEDE,GLID,,L0-,-
3E68D2,D-KEWW,SF25,SCHEIBE SF-25 Falke,L1P,L
3E69D2,D-KFGS,GLID,,L0-,-
3E6BD2,D-KGAK,SF25,SCHEIBE SF-25 Falke,L1P,L
3E72D2,D-KIRI,VENT,SCHEMPP-HIRTH Ventus,L1P,L
3E74D2,D-KJLA,GLID,,L0-,-
3E9FD2,54+29,A400,AIRBUS A-400M,L4T,H
3EC4D2,D-KPMO,GLID,,L0-,-
3ED0D2,D-KUAS,AS25,SCHLEICHER ASH-25,L1P,L
3EE5D2,D-1339,GLID,,L0-,-
3EEAD2,D-2619,GLID,,L0-,-
3EEDD2,D-3387,GLID,,L0-,-
3F38D2,D-OHKS,BALL,,B0-,-
3F85D2,74+46,TIGR,AIRBUS HELICOPTERS EC-665 Tiger,H2T,L
3FEAD2,D-MLMS,PNR3,ALPI Pioneer 330,L1P,L
3FEBD2,D-MRIC,G3,REMOS Mirage,L1P,L
3FECD2,D-MHHL,WT9,AEROSPOOL WT-9 Dynamic,L1P,L
3FEED2,D-MFUM,MT,ROTORSPORT MTOSport,G1P,L
3FF0D2,D-MBKM,FDCT,FLIGHT DESIGN CT,L1P,L
3FF1D2,D-MEFY,C42,IKARUS C-42 Bison,L1P,L
3FF2D2,D-MHAZ,C42,IKARUS C-42 Bison,L1P,L
3FF4D2,D-MODM,PIAT,PIPISTREL Alpha Trainer,L1P,L
3FF5D2,D-MKAU,SKRA,BEST OFF Sky Ranger,L1P,L
3FF8D2,D-MZCT,FDCT,FLIGHT DESIGN CT,L1P,L
4005D2,G-VBIG,B744,BOEING 747-400,L4J,H
4009D2,G-FRAR,FA20,DASSAULT Falcon 200,L2J,M
400AD2,G-JEDV,DH8D,DE HAVILLAND DHC-8-400 Dash 8,L2T,M
400BD2,G-EMDM,DA40,DIAMOND DA-40 Club Star,L1P,L
400ED2,G-BYUN,G115,GROB G-115,L1P,L
4011D2,G-CIRI,SR20,CIRRUS SR-20,L1P,L
4012D2,G-BVVK,DHC6,DE HAVILLAND DHC-6 Twin Otter,L2T,L
4016D2,G-AVFX,P28A,PIPER PA-28-140/150/160/180,L1P,L
4019D2,G-MATB,DR40,ROBIN DR-400,L1P,L
401AD2,G-BBIL,P28A,PIPER PA-28-140/150/160/180,L1P,L
401CD2,G-BFCT,T206,CESSNA T206 Turbo Stationair,L1P,L
401FD2,G-BJSV,P28A,PIPER PA-28-140/150/160/180,L1P,L
4022D2,G-RIGS,AEST,AEROSTAR 600,L2P,L
4024D2,G-BTXI,T6,NORTH AMERICAN T-6 Texan,L1P,L
4025D2,G-ODOG,P28R,PIPER PA-28R-180/200/201,L1P,L
4026D2,G-BMHS,C172,CESSNA 172 Skyhawk,L1P,L
402AD2,G-BOJB,BALL,,B0-,-
402BD2,G-BWEF,SV4,NORD SV-4,L1P,L
4032D2,G-BSWM,GLID,,L0-,-
4038D2,G-BVLV,EUPA,Europa,L1P,L
403AD2,G-MERF,G115,GROB G-115,L1P,L
403CD2,G-MZEH,ULAC,,L0-,-
403ED2,G-MFHI,EUPA,Europa,L1P,L
403FD2,G-MZOZ,COY2,RANS Coyote 2,L1P,L
4041D2,G-BYMW,BALL,,B0-,-
4043D2,G-CIDD,CH7A,BELLANCA 7 Champion,L1P,L
4047D2,G-GBGA,SF25,SCHEIBE SF-25 Falke,L1P,L
404AD2,G-ORDS,ULAC,,L0-,-
404CD2,G-CDDX,ULAC,,L0-,-
404ED2,G-TNRG,ULAC,,L0-,-
4050D2,G-WSSX,C42,IKARUS C-42 Bison,L1P,L
4052D2,G-DELD,GLID,,L0-,-
4055D2,G-DEHP,NIMB,SCHEMPP-HIRTH Nimbus,L1P,L
4057D2,G-CFTY,GLID,,L0-,-
4058D2,G-TIMZ,R44,ROBINSON R-44 Raven,H1P,L
4059D2,G-CKRX,GLID,,L0-,-
405AD2,G-DDXF,GLID,,L0-,-
405ED2,G-BOXH,PTS1,PITTS S-1 Special,L1P,L
405FD2,G-IIRP,CP23,MURDY CAP-230/1/2,L1P,L
4062D2,G-POLA,EC35,AIRBUS HELICOPTERS EC-135/635,H2T,L
4063D2,G-CGOM,FDMC,FLIGHT DESIGN MC,L1P,L
4066D2,G-PSNR,EC45,AIRBUS HELICOPTERS EC-145,H2T,L
4067D2,G-CHHY,ULAC,,L0-,-
4068D2,G-CLKK,AS31,SCHLEICHER ASH-31,L1P,L
406AD2,G-VSOZ,Y18T,YAKOVLEV Yak-18T,L1P,L
406CD2,G-EZOF,A320,AIRBUS A-320,L2J,M
406DD2,G-CIMW,BALL,,B0-,-
406FD2,G-EVMK,DHC2,DE HAVILLAND DHC-2 Beaver,L1P,L
4070D2,G-ZTOO,ZZZZ,,-0-,-
4072D2,G-CJYI,P28A,PIPER PA-28-140/150/160/180,L1P,L
4073D2,G-IINK,SR22,CIRRUS SR-22,L1P,L
4076D2,G-CLAO,RV7,VANS RV-7,L1P,L
4079D2,G-LCAG,E190,EMBRAER ERJ-190-100,L2J,M
407BD2,G-EEAH,JUNR,BOLKOW BO-208 Junior,L1P,L
407CD2,G-XWBM,A35K,AIRBUS A-350-1000,L2J,H
407DD2,G-SUEG,DA40,DIAMOND DA-40 Club Star,L1P,L
4242D2,VP-BXB,GLF6,GULFSTREAM G650,L2J,M
4244D2,VQ-BPC,A320,AIRBUS A-320,L2J,M
4247D2,VP-CKA,B737,BOEING 737-700,L2J,M
4249D2,VQ-BKF,B752,BOEING 757-200,L2J,M
43BFD2,PUMP4,EMER,,V0-,-
43C4D2,ZA711,H47,BOEING-VERTOL CH-47 Chinook,H2T,M
43C7D2,ZK555,H47,BOEING-VERTOL CH-47 Chinook,H2T,M
43C8D2,ZM331,TEX2,BEECHCRAFT T-6 Texan 2,L1T,L
43E9D2,M-OLOT,CL60,BOMBARDIER CL-600 Challenger,L2J,M
43EAD2,M-LLIN,GLEX,BOMBARDIER BD-700 Global 6000/6500,L2J,M
43EED2,2-WKTN,BE20,BEECH 200 Super King Air,L2T,M
4401D2,OE-IYY,F900,DASSAULT Falcon 900,L3J,M
4402D2,OE-9208,DIMO,DIAMOND H-36 Dimona,L1P,L
4403D2,OE-9435,SF25,SCHEIBE SF-25 Falke,L1P,L
4404D2,OE-DPW,P28R,PIPER PA-28R-180/200/201,L1P,L
4405D2,OE-IML,E135,EMBRAER ERJ-135,L2J,M
4406D2,OE-FKM,DA42,DIAMOND DA-42 Guardian,L2P,L
4408D2,OE-IEJ,A319,AIRBUS A-319,L2J,M
4486D2,OO-AVR,AA5,AMERICAN AA-5 Tiger,L1P,L
448ED2,OO-CVR,R44,ROBINSON R-44 Raven,H1P,L
4494D2,OO-EFR,C150,CESSNA 150,L1P,L
449FD2,OO-G22,COY2,RANS Coyote 2,L1P,L
44A4D2,OO-IFR,P28A,PIPER PA-28-140/150/160/180,L1P,L
44D8D2,OO-VFR,P28A,PIPER PA-28-140/150/160/180,L1P,L
4520D2,LZ-CGA,B738,BOEING 737-800,L2J,M
45A2D2,OY-HVR,EC75,AIRBUS HELICOPTERS EC-175,H2T,M
45E2D2,OY-XVR,SF25,SCHEIBE SF-25 Falke,L1P,L
460AD2,OH-ECO,C180,CESSNA  180 Skywagon,L1P,L
464AD2,OH-U674,ULAC,,L0-,-
465BD2,OH-1026,VENT,SCHEMPP-HIRTH Ventus,L1P,L
4689D2,SX-BNR,LJ60,LEARJET 60,L2J,M
4692D2,SX-DVR,A320,AIRBUS A-320,L2J,M
46A4D2,SX-IFR,DA40,DIAMOND DA-40 Club Star,L1P,L
4707D2,HA-CZA,C205,CESSNA  205,L1P,L
472FD2,HA-SCW,C650,CESSNA 650 Citation,L2J,M
477FD2,R-908,EXPL,MCDONNELL-DOUGLAS MD-900 Explorer,H2T,L
4783D2,LN-OBX,AS32,AEROSPATIALE AS-332 Super Puma,H2T,M
47AED2,LN-AWC,LJ45,LEARJET 45,L2J,M
47C8D2,LN-0310-CC,DRON,,D0-,-
4843D2,PH-KBA,C172,CESSNA 172 Skyhawk,L1P,L
4844D2,PH-3Z7,ECHO,TECNAM P-92 Echo,L1P,L
484AD2,PH-GRY,S11,FOKKER S-11 Instructor,L1P,L
484DD2,PH-819,GLID,,L0-,-
484FD2,PH-CMT,RENE,Renegade,L1P,L
4850D2,PH-KAH,SU29,SUKHOI Su-29,L1P,L
4851D2,PH-4M2,PIAT,PIPISTREL Alpha Trainer,L1P,L
4853D2,PH-HXI,B738,BOEING 737-800,L2J,M
4855D2,PH-EXP,E75L,EMBRAER ERJ-170-200 (long wing),L2J,M
485FD2,PH-TRC,ULAC,,L0-,-
488DD2,SP-DOT,B429,BELL 429 GlobalRanger,H2T,L
489ED2,SP-HXT,EC35,AIRBUS HELICOPTERS EC-135/635,H2T,L
48B0D2,SP-MGT,P208,TECNAM P-2008,L1P,L
48DDD2,SP-YOT,RV7,VANS RV-7,L1P,L
48EDD2,SP-SAOT,AP22,AEROPRACT A-22,L1P,L
48F9D2,SP-SZOT,PIVI,PIPSTREL Virus,L1P,L
48FDD2,SP-SHOT,PIVI,PIPSTREL Virus,L1P,L
4950D2,CS-TFR,LJ45,LEARJET 45,L2J,M
4951D2,CS-TNR,A320,AIRBUS A-320,L2J,M
4955D2,CS-UNR,WT9,AEROSPOOL WT-9 Dynamic,L1P,L
497CD2,UAFAP3,DRON,,D0-,-
49C1D2,OK-NUR14,ALTO,DIRECT FLY Alto,L1P,L
49D0D2,OK-IZZ,Z26,ZLIN Z-26/126/226/326/526/626/726,L1P,L
49D3D2,OK-HTM,R66,ROBINSON R-66,H1T,L
49D4D2,OK-EMZ,SR22,CIRRUS SR-22,L1P,L
4A06D2,YR-AVR,B463,BRITISH AEROSPACE 146-300,L4J,M
4A09D2,YR-BNR,BN2P,BRITTEN-NORMAN BN-2 Islander,L2P,L
4A24D2,YR-IFR,TOBA,SOCATA Tobago,L1P,L
4A35D2,672,DRON,,D0-,-
4A94D2,SE-EFR,JUNR,BOLKOW BO-208 Junior,L1P,L
4A9AD2,SE-FVR,DV20,DIAMOND DA-20,L1P,L
4A9ED2,SE-GVR,P28R,PIPER PA-28R-180/200/201,L1P,L
4AA4D2,SE-IFR,C82R,CESSNA R182 Skylane RG,L1P,L
4AB2D2,SE-LVR,DA42,DIAMOND DA-42 Guardian,L2P,L
4AB4D2,SE-MFR,F50,FOKKER 50,L2T,M
4AC9D2,SE-RNR,CL35,BOMBARDIER BD-100 Challenger 350,L2J,M
4AD4D2,SE-UFR,GLID,,L0-,-
4B0CD2,HB-EWG,BE33,BEECH 33 Bonanza,L1P,L
4B14D2,HB-HXA,PC21,PILATUS PC-21,L1T,L
4B18D2,HB-JKK,FA8X,DASSAULT Falcon 8X,L3J,M
4B1AD2,HB-KEC,R300,ROBIN R-3000/3100/3120/3140,L1P,L
4B22D2,HB-NEW,AC11,NORTH AMERICAN ROCKWELL Commander 112/114,L1P,L
4B27D2,HB-PCC,P28R,PIPER PA-28R-180/200/201,L1P,L
4B28D2,HB-PLY,P28A,PIPER PA-28-140/150/160/180,L1P,L
4B2BD2,HB-QPM,BALL,,B0-,-
4B2CD2,HB-QZI,BALL,,B0-,-
4B2ED2,HB-RTA,T6,NORTH AMERICAN T-6 Texan,L1P,L
4B3FD2,HB-YEK,PT80,POTTIER P-180,L1P,L
4B42D2,HB-ZHY,AS50,AEROSPATIALE AS-350 Ecureuil,H1T,L
4B43D2,HB-ZRU,A109,AGUSTA AW-109 Grand,H2T,L
4B47D2,HB-811,GLID,,L0-,-
4B4BD2,HB-1835,GLID,,L0-,-
4B4DD2,HB-2347,DG80,DG FLUGZEUGBAU DG-800,L1P,L
4B4ED2,HB-2603,GLID,,L0-,-
4B50D2,HB-3115,GLID,,L0-,-
4B51D2,HB-3371,GLID,,L0-,-
4B7FD2,T-352,EC35,AIRBUS HELICOPTERS EC-135/635,H2T,L
4B82D2,OR-3131,B429,BELL 429 GlobalRanger,H2T,L
4B8ED2,TC-CVR,CL60,BOMBARDIER CL-600 Challenger,L2J,M
4BA8D2,TC-JFR,B738,BOEING 737-800,L2J,M
4BA9D2,TC-JNR,A333,AIRBUS A-330-300,L2J,H
4BAAD2,TC-JVR,B738,BOEING 737-800,L2J,M
4BCDD2,TC-SNR,B738,BOEING 737-800,L2J,M
4C0DD2,YU-DOS,C172,CESSNA 172 Skyhawk,L1P,L
4CA1D2,EI-DAP,B738,BOEING 737-800,L2J,M
4CA7D2,EI-SLJ,AT72,ATR-72-202,L2T,M
4CA8D2,EI-BDR,P28A,PIPER PA-28-140/150/160/180,L1P,L
4CA9D2,EI-EVJ,B738,BOEING 737-800,L2J,M
4CABD2,EI-LRF,A21N,AIRBUS A-321neo,L2J,M
4CAFD2,EI-GXM,B738,BOEING 737-800,L2J,M
4CC4D2,TF-FXA,DH8D,DE HAVILLAND DHC-8-400 Dash 8,L2T,M
4D01D2,LX-BAK,BALL,,B0-,-
4D02D2,LX-MIK,L39,LET L-39 Albatros,L1J,L
4D21D2,9H-GFP,B738,BOEING 737-800,L2J,M
5002D2,T7-850,TBM8,SOCATA TBM-850,L1T,L
501DD2,9A-DVW,C172,CESSNA 172 Skyhawk,L1P,L
502CD2,YL-ZUR,CH60,ZENAIR CH-600 Zodiac,L1P,L
503FD2,07 BLUE,C27J,ALENIA C-27J Spartan,L2T,M
505CD2,OM-NFR,SD4,TOMARK Viper,L1P,L
505DD2,OM-RNR,C172,CESSNA 172 Skyhawk,L1P,L
506CD2,S5-CMC,C340,CESSNA 340 Super,L2P,L
5081D2,UR-CHD,MI8,MIL Mi-8/9/17/19/171/172,H2T,M
5110D2,ES-ACI,CRJ9,BOMBARDIER Regional Jet CRJ-900,L2J,M
6010D2,EX-27002,B462,BRITISH AEROSPACE 146-200 Quiet Trader,L4J,M
710DD2,HZ-HC6,A139,AGUSTA AW-139,H2T,L
730CD2,EP-CFR,F100,FOKKER 100,L2J,M
7335D2,EP-MNR,A306,AIRBUS A-300-600,L2J,H
7394D2,4X-CMV,PA31,PIPER PA-31-300/310/325/350/425,L2P,L
7500D2,M30-12,C130,LOCKHEED C-130 Hercules,L4T,M
7502D2,9M-WAP,A139,AGUSTA AW-139,H2T,L
7503D2,9M-YTL,A139,AGUSTA AW-139,H2T,L
7583D2,RP-C6188,C56X,CESSNA 560XL Citation XLS,L2J,M
7586D2,RP-C8111,A139,AGUSTA AW-139,H2T,L
7800D2,B-6210,A319,AIRBUS A-319,L2J,M
7805D2,B-3159,E190,EMBRAER ERJ-190-100,L2J,M
7807D2,B-6830,A320,AIRBUS A-320,L2J,M
7808D2,B-5657,B738,BOEING 737-800,L2J,M
7809D2,B-6441,A319,AIRBUS A-319,L2J,M
780AD2,B-5927,A332,AIRBUS A-330-200,L2J,H
780BD2,B-1919,B738,BOEING 737-800,L2J,M
780DD2,B-1799,B738,BOEING 737-800,L2J,M
780ED2,B-7086,B738,BOEING 737-800,L2J,M
780FD2,B-7750,B738,BOEING 737-800,L2J,M
7810D2,B-8656,A320,AIRBUS A-320,L2J,M
7811D2,B-1450,B738,BOEING 737-800,L2J,M
7812D2,B-1032,A320,AIRBUS A-320,L2J,M
7814D2,B-205U,B738,BOEING 737-800,L2J,M
7815D2,B-305E,A20N,AIRBUS A-320neo,L2J,M
7817D2,B-30AX,A20N,AIRBUS A-320neo,L2J,M
7819D2,B-320D,A20N,AIRBUS A-320neo,L2J,M
781BD2,B-220V,B738,BOEING 737-800,L2J,M
781DD2,B-651V,AJ27,COMAC ARJ-21-700 Xiangfeng,L2J,M
7C02D2,VH-AUC,C172,CESSNA 172 Skyhawk,L1P,L
7C06D2,VH-BMS,C182,CESSNA 182 Skylane,L1P,L
7C07D2,VH-BTW,PA34,PIPER PA-34 Seneca,L2P,L
7C19D2,VH-FDW,B350,BEECHCRAFT Super King Air 350,L2T,M
7C28D2,VH-ICK,P180,PIAGGIO P-180 Avanti,L2T,L
7C29D2,VH-IJO,M20P,MOONEY M-20,L1P,L
7C2AD2,VH-IQS,C185,CESSNA 185 Skywagon,L1P,L
7C2FD2,VH-JQC,C182,CESSNA 182 Skylane,L1P,L
7C30D2,VH-JXG,GLST,GLASAIR SH-4 GlaStar,L1P,L
7C32D2,VH-KBO,P68,PARTENAVIA P-68 Observer,L2P,L
7C34D2,VH-KPW,SASP,SUPERMARINE AIRCRAFT Spitfire Mk25/26,L1P,L
7C3AD2,VH-LWK,C441,CESSNA 441 Conquest,L2T,L
7C3CD2,VH-MAS,PA24,PIPER PA-24 Comanche,L1P,L
7C41D2,VH-NAC,C72R,CESSNA 172R Cutlass RG,L1P,L
7C42D2,VH-NHG,F100,FOKKER 100,L2J,M
7C44D2,VH-NVO,P06T,TECNAM P-2006T,L2P,L
7C4CD2,VH-PGK,PA34,PIPER PA-34 Seneca,L2P,L
7C5CD2,VH-SMC,C210,CESSNA 201 Centurion,L1P,L
7C61D2,VH-TLW,TAIL,WITTMAN Tailwind,L1P,L
7C65D2,VH-UEC,B212,BELL 212,H2T,L
7C6FD2,VH-WDG,BE36,BEECH 36 Bonanza,L1P,L
7C72D2,VH-WYS,R44,ROBINSON R-44 Raven,H1P,L
7C77D2,VH-XYC,TOBA,SOCATA Tobago,L1P,L
7C79D2,VH-YCK,CT4,PACIFIC AEROSPACE CT-4 Airtrainer,L1P,L
7C7AD2,VH-YJO,AC50,NORTH AMERICAN ROCKWELL Commander 500,L2P,L
7C7BD2,VH-YQS,B712,BOEING 717-200,L2J,M
7C7CD2,VH-YXW,A320,AIRBUS A-320,L2J,M
7C81D2,VH-ZXG,SF34,SAAB 340,L2T,M
7CBBD2,19-4295,SVNH,AEROTEC Savannah,L1P,L
7CC3D2,24-8658,SYNC,FLY SYNTHESIS Syncro,L1P,L
7CC4D2,24-8023,SIRA,TECNAM P-2002 Sierra,L1P,L
7CF7D2,TWR,TWR,,T0-,-
7CF9D2,A47-008,P8,BOEING P-8 Poseidon,L2J,M
8004D2,VT-VDD,C56X,CESSNA 560XL Citation XLS,L2J,M
800BD2,VT-TTN,A320,AIRBUS A-320,L2J,M
800CD2,VT-IHW,A320,AIRBUS A-320,L2J,M
8404D2,JA019C,SR22,CIRRUS SR-22,L1P,L
840CD2,JA03JC,AT46,ATR-42-600,L2T,M
841ED2,JA08KG,A109,AGUSTA AW-109 Grand,H2T,L
8464D2,JA132A,A21N,AIRBUS A-321neo,L2J,M
84C7D2,JA25MC,A320,AIRBUS A-320,L2J,M
861BD2,JA608J,B763,BOEING 767-300,L2J,H
86CED2,JA804A,B788,BOEING 787-8 Dreamliner,L2J,H
86D9D2,JA836A,B789,BOEING 787-9 Dreamliner,L2J,H
86E4D2,JA868A,B350,BEECHCRAFT Super King Air 350,L2T,M
881BD2,B.F16-17/47,CT4,PACIFIC AEROSPACE CT-4 Airtrainer,L1P,L
8835D2,4218,A169,AGUSTA AW-169,H2T,L
8960D2,A6-EBK,B77W,BOEING 777-300ER,L2J,H
8962D2,A6-ALL,A139,AGUSTA AW-139,H2T,L
8963D2,A6-EPC,B77W,BOEING 777-300ER,L2J,H
8964D2,A6-FMC,B38M,BOEING 737 MAX 8,L2J,M
8965D2,A6-FKG,B38M,BOEING 737 MAX 8,L2J,M
8967D2,DU-141,A139,AGUSTA AW-139,H2T,L
896ED2,GND,GND,,V0-,-
8990D2,B-16702,B773,BOEING 777-300,L2J,H
8A02D2,PK-AXV,A320,AIRBUS A-320,L2J,M
8A04D2,PK-BYF,C172,CESSNA 172 Skyhawk,L1P,L
A000D2,N1JH,C182,CESSNA 182 Skylane,L1P,L
A004D2,N100BE,BE30,BEECH 300 Super King Air,L2T,L
A005D2,N100ML,BE58,BEECH 58 Baron,L2P,L
A006D2,N100XS,GLF5,GULFSTREAM 5,L2J,M
A008D2,N101EC,M20P,MOONEY M-20,L1P,L
A00AD2,N1010Q,CH7B,BELLANCA 7 Citabria,L1P,L
A00BD2,N10171,C177,CESSNA  177 Cardinal,L1P,L
A00DD2,N102TG,XNON,CELIER Xenon,G1P,L
A00ED2,N1022T,BE35,BEECH 35 Starfire Bonanza,L1P,L
A00FD2,N10294,G164,GRUMMAN G-164 Ag-Cat,L1P,L
A011D2,N103WE,J3,PIPER J-3 Cub,L1P,L
A016D2,N1046Z,,,,
A017D2,N105FP,M7,MAULE M-7,L1P,L
A018D2,N105RV,RV4,VANS RV-4,L1P,L
A01AD2,N10582,COL4,CESSNA 400 Corvalis TT,L1P,L
A01BD2,N106JM,RV6,VANS RV-6,L1P,L
A01FD2,N107MK,C560,CESSNA 560 Citation Ultra,L2J,M
A020D2,N107XR,RODS,RIHN One Design,L1P,L
A021D2,N1075X,BE58,BEECH 58 Baron,L2P,L
A022D2,N108EB,BE10,BEECH 100 King Air,L2T,L
A024D2,N1080P,M20P,MOONEY M-20,L1P,L
A026D2,N109H,C210,CESSNA 201 Centurion,L1P,L
A027D2,N109TF,A109,AGUSTA AW-109 Grand,H2T,L
A029D2,N10993,C150,CESSNA 150,L1P,L
A02BD2,N11WD,ZZZZ,,-0-,-
A02DD2,N110SQ,C172,CESSNA 172 Skyhawk,L1P,L
A02ED2,N1102A,C337,CESSNA 337 Super Skymaster,L2P,L
A02FD2,N1109M,C337,CESSNA 337 Super Skymaster,L2P,L
A030D2,N111KG,NIMB,SCHEMPP-HIRTH Nimbus,L1P,L
A031D2,N111VN,T34P,BEECH T-34 Mentor,L1P,L
A033D2,N112BZ,E190,EMBRAER ERJ-190-100,L2J,M
A036D2,N1126G,,,,
A038D2,N113RC,PA31,PIPER PA-31-300/310/325/350/425,L2P,L
A03BD2,N114HV,C421,CESSNA 421 Executive Commuter,L2P,L
A03CD2,N114UA,DRON,,D0-,-
A03DD2,N1143B,L8,LUSCOMBE 8,L1P,L
A03ED2,N115AM,B39M,BOEING 737 MAX 9,L2J,M
A041D2,N1155E,BL8,BELLANCA 8 Decathlon,L1P,L
A042D2,N116DK,E55P,EMBRAER EMB-505 Phenom 300,L2J,M
A044D2,N116ZX,C82S,CESSNA T182 Turbo Skylane,L1P,L
A045D2,N1167H,M20P,MOONEY M-20,L1P,L
A046D2,N117GH,P32R,PIPER PA-32R-300/301/301T,L1P,L
A04CD2,N1184C,PA18,PIPER PA-18 Super Cub,L1P,L
A051D2,N12EW,B06,BELL 206 JetRanger,H1T,L
A053D2,N120BG,DRON,,D0-,-
A054D2,N120MN,B738,BOEING 737-800,L2J,M
A057D2,N121EE,C185,CESSNA 185 Skywagon,L1P,L
A05AD2,N12173,J3,PIPER J-3 Cub,L1P,L
A060D2,N123WG,C182,CESSNA 182 Skylane,L1P,L
A061D2,N1234Y,C185,CESSNA 185 Skywagon,L1P,L
A062D2,N124CT,RV7,VANS RV-7,L1P,L
A066D2,N125FR,TB30,SOCATA TB-30 Epsilon,L1P,L
A068D2,N1251T,P28A,PIPER PA-28-140/150/160/180,L1P,L
A069D2,N12584,C172,CESSNA 172 Skyhawk,L1P,L
A06DD2,N127BF,CRUZ,CSA PS-28 Cruiser,L1P,L
A06ED2,N127MM,AS29,SCHLEICHER ASG-29,L1P,L
A074D2,N12872,C172,CESSNA 172 Skyhawk,L1P,L
A077D2,N1292U,C172,CESSNA 172 Skyhawk,L1P,L
A07AD2,N13WF,G150,GULFSTREAM G150,L2J,M
A07BD2,N130GL,GLID,,L0-,-
A07CD2,N130SS,GLID,,L0-,-
A07DD2,N1302C,COL4,CESSNA 400 Corvalis TT,L1P,L
A07FD2,N131KJ,CL60,BOMBARDIER CL-600 Challenger,L2J,M
A081D2,N1314F,C172,CESSNA 172 Skyhawk,L1P,L
A082D2,N132CA,P28A,PIPER PA-28-140/150/160/180,L1P,L
A088D2,N1331A,PA18,PIPER PA-18 Super Cub,L1P,L
A08CD2,N1343D,C170,CESSNA 170,L1P,L
A091D2,N136DM,B407,BELL 407,H1T,L
A096D2,N137SR,SR22,CIRRUS SR-22,L1P,L
A097D2,N1372B,L8,LUSCOMBE 8,L1P,L
A09CD2,N139C,L39,LET L-39 Albatros,L1J,L
A0A1D2,N14RD,PC12,PILATUS PC-12,L1T,L
A0A2D2,N140BJ,AS50,AEROSPATIALE AS-350 Ecureuil,H1T,L
A0A3D2,N140MQ,C140,CESSNA 140,L1P,L
A0A5D2,N14052,WACC,WACO C/S,L1P,L
A0A8D2,N1410U,T210,CESSNA T210 Turbo Centurion,L1P,L
A0A9D2,N14175,PA23,PIPER PA-23,L2P,L
A0ABD2,N142TL,E50P,EMBRAER EMB-500 Phenom 100,L2J,L
A0ACD2,N1422X,P28A,PIPER PA-28-140/150/160/180,L1P,L
A0ADD2,N14298,PA18,PIPER PA-18 Super Cub,L1P,L
A0B0D2,N14340,PA23,PIPER PA-23,L2P,L
A0B2D2,N144PA,C750,CESSNA 750 Citation 10,L2J,M
A0BFD2,N14751,BL17,BELLANCA 17 Viking,L1P,L
A0C8D2,N15LB,NIMB,SCHEMPP-HIRTH Nimbus,L1P,L
A0CAD2,N150GN,C150,CESSNA 150,L1P,L
A0CBD2,N150SU,C172,CESSNA 172 Skyhawk,L1P,L
A0CCD2,N1502E,C172,CESSNA 172 Skyhawk,L1P,L
A0D4D2,N1526L,BALL,,B0-,-
A0D7D2,N1531C,SR22,CIRRUS SR-22,L1P,L
A0D8D2,N1538P,PA22,PIPER PA-22,L1P,L
A0E3D2,N1567M,BE33,BEECH 33 Bonanza,L1P,L
A0E7D2,N1579Q,C150,CESSNA 150,L1P,L
A0E9D2,N158VR,VR7,VASHON Ranger R7,L1P,L
A0EBD2,N159CB,,,,
A0EFD2,N16F,C172,CESSNA 172 Skyhawk,L1P,L
A0F0D2,N16RF,RV9,VANS RV-9,L1P,L
A0F1D2,N160BL,H60,SIKORSKY UH-60 Black Hawk,H2T,M
A0F8D2,N16177,C150,CESSNA 150,L1P,L
A0F9D2,N162HG,C162,CESSNA 162 Skycatcher,L1P,L
A101D2,N164PC,CH7A,BELLANCA 7 Champion,L1P,L
A105D2,N165SA,C404,CESSNA 404 Titan,L2P,L
A106D2,N1651X,C210,CESSNA 201 Centurion,L1P,L
A107D2,N16588,WACC,WACO C/S,L1P,L
A10AD2,N16630,PARA,,P0-,-
A115D2,N1692Y,C172,CESSNA 172 Skyhawk,L1P,L
A117D2,N17LD,RV6,VANS RV-6,L1P,L
A118D2,N17WK,HUSK,CHRISTEN Husky,L1P,L
A11CD2,N1709T,C82T,CESSNA TR182 Turbo Skylane RG,L1P,L
A123D2,N1726N,C120,CESSNA 120,L1P,L
A126D2,N1731E,CH7A,BELLANCA 7 Champion,L1P,L
A12AD2,N1743H,P28A,PIPER PA-28-140/150/160/180,L1P,L
A12BD2,N175AT,ULAC,,L0-,-
A12FD2,N176DR,BE36,BEECH 36 Bonanza,L1P,L
A134D2,N177SV,C177,CESSNA  177 Cardinal,L1P,L
A135D2,N1772F,C172,CESSNA 172 Skyhawk,L1P,L
A139D2,N1784J,P28A,PIPER PA-28-140/150/160/180,L1P,L
A13AD2,N179CD,SR20,CIRRUS SR-20,L1P,L
A13FD2,N18RH,R44,ROBINSON R-44 Raven,H1P,L
A143D2,N18056,,,,
A146D2,N1810Y,C172,CESSNA 172 Skyhawk,L1P,L
A14ED2,N18344,BE55,BEECH 55 Baron,L2P,L
A152D2,N18467,BE35,BEECH 35 Starfire Bonanza,L1P,L
A154D2,N185SC,C185,CESSNA 185 Skywagon,L1P,L
A156D2,N1859,GYRO,,G0-,-
A15BD2,N187MT,VELO,Velocity,L1P,L
A160D2,N1880X,C182,CESSNA 182 Skylane,L1P,L
A162D2,N189HH,DISC,SCHEMPP-HIRTH Discus,L1P,L
A164D2,N18920,BE23,BEECH 23 Sundowner,L1P,L
A165D2,N19A,BOLT,STEEN Skybolt,L1P,L
A166D2,N19LF,C310,CESSNA 310,L2P,L
A167D2,N19WM,P46T,PIPER PA-46-500TP,L1T,L
A168D2,N190GS,C190,CESSNA 190,L1P,L
A16ED2,N1914M,ULAC,,L0-,-
A172D2,N1926Q,C185,CESSNA 185 Skywagon,L1P,L
A173D2,N193FE,B763,BOEING 767-300,L2J,H
A175D2,N1931G,,,,
A17AD2,N195AV,A320,AIRBUS A-320,L2J,M
A17BD2,N195MA,P28A,PIPER PA-28-140/150/160/180,L1P,L
A17DD2,N1955N,C140,CESSNA 140,L1P,L
A181D2,N1967R,BALL,,B0-,-
A185D2,N1979U,C185,CESSNA 185 Skywagon,L1P,L
A189D2,N199CF,C750,CESSNA 750 Citation 10,L2J,M
A18DD2,N2FD,CL60,BOMBARDIER CL-600 Challenger,L2J,M
A190D2,N20MW,C421,CESSNA 421 Executive Commuter,L2P,L
A191D2,N20YB,M20P,MOONEY M-20,L1P,L
A194D2,N2003P,PA23,PIPER PA-23,L2P,L
A195D2,N201AZ,M20P,MOONEY M-20,L1P,L
A196D2,N201ME,M20P,MOONEY M-20,L1P,L
A19BD2,N2020J,CASS,NATIONAL AERONAUTICS Cassutt 3M,L1P,L
A19ED2,N203TA,BE20,BEECH 200 Super King Air,L2T,M
A19FD2,N2032M,PA32,PIPER PA-32,L1P,L
A1A0D2,N2039Y,AT8T,AIR TRACTOR AT-802,L1T,M
A1A3D2,N2044Q,C77R,CESSNA 177RG Cardinal RG,L1P,L
A1A5D2,N205NR,C185,CESSNA 185 Skywagon,L1P,L
A1A6D2,N205YX,WAIX,SONEX Waiex,L1P,L
A1A9D2,N206RP,T206,CESSNA T206 Turbo Stationair,L1P,L
A1AAD2,N2061K,BE58,BEECH 58 Baron,L2P,L
A1ABD2,N2068W,SM19,SIAI-MARCHETTI SM-1019,L1T,L
A1AED2,N2073N,C140,CESSNA 140,L1P,L
A1B3D2,N209DW,COL4,CESSNA 400 Corvalis TT,L1P,L
A1B6D2,N2097U,P28A,PIPER PA-28-140/150/160/180,L1P,L
A1B8D2,N21T,AEST,AEROSTAR 600,L2P,L
A1B9D2,N210DE,T210,CESSNA T210 Turbo Centurion,L1P,L
A1BAD2,N210PL,T210,CESSNA T210 Turbo Centurion,L1P,L
A1BDD2,N211GC,RV6,VANS RV-6,L1P,L
A1BED2,N211SJ,SR20,CIRRUS SR-20,L1P,L
A1BFD2,N21115,C182,CESSNA 182 Skylane,L1P,L
A1C1D2,N212KA,B212,BELL 212,H2T,L
A1C3D2,N21238,C182,CESSNA 182 Skylane,L1P,L
A1C8D2,N214ER,C172,CESSNA 172 Skyhawk,L1P,L
A1CAD2,N21403,C172,CESSNA 172 Skyhawk,L1P,L
A1CCD2,N215HP,RV8,VANS RV-8,L1P,L
A1CFD2,N216AF,C172,CESSNA 172 Skyhawk,L1P,L
A1D7D2,N218GB,DHC2,DE HAVILLAND DHC-2 Beaver,L1P,L
A1D8D2,N218SH,AS50,AEROSPATIALE AS-350 Ecureuil,H1T,L
A1DAD2,N2189E,CH7A,BELLANCA 7 Champion,L1P,L
A1DBD2,N219K,UH12,HILLER UH-12,H1P,L
A1DED2,N22BS,BE95,BEECH 95 Travel Air,L2P,L
A1DFD2,N22MY,TBM7,SOCATA TBM-700A/B/C,L1T,L
A1E1D2,N220JJ,H25B,HAWKER BEECHCRAFT Hawker 750/850,L2J,M
A1E3D2,N2203R,AA5,AMERICAN AA-5 Tiger,L1P,L
A1E4D2,N221BA,JUNR,BOLKOW BO-208 Junior,L1P,L
A1E5D2,N221MG,MG21,MIKOYAN MiG-21,L1J,M
A1EAD2,N2220L,BE24,BEECH 24 Sierra,L1P,L
A1EBD2,N2227X,P28A,PIPER PA-28-140/150/160/180,L1P,L
A1ECD2,N223GX,ONEX,SONEX Onex,L1P,L
A1EDD2,N223TC,C206,CESSNA  206 Stationair,L1P,L
A1F1D2,N224WA,PC24,PILATUS PC-24,L2J,M
A1F2D2,N2244S,SF50,CIRRUS SF-50 Vision,L1J,L
A1F3D2,N225CM,BE30,BEECH 300 Super King Air,L2T,L
A1F5D2,N225YZ,SR20,CIRRUS SR-20,L1P,L
A1F6D2,N2256V,,,,
A1F8D2,N226RR,BALL,,B0-,-
A1FAD2,N2268Y,PA30,PIPER PA-30 Twin Comanche,L2P,L
A1FDD2,N2273Q,P28A,PIPER PA-28-140/150/160/180,L1P,L
A1FED2,N228B,BE35,BEECH 35 Starfire Bonanza,L1P,L
A204D2,N2290K,L8,LUSCOMBE 8,L1P,L
A20BD2,N2307E,CH7A,BELLANCA 7 Champion,L1P,L
A20ED2,N23117,C150,CESSNA 150,L1P,L
A21AD2,N2348F,PA38,PIPER PA-38 Tomahawk,L1P,L
A21DD2,N23528,ULAC,,L0-,-
A21FD2,N236LP,GLF4,GULFSTREAM 4,L2J,M
A221D2,N2365A,PA38,PIPER PA-38 Tomahawk,L1P,L
A228D2,N23816,C82S,CESSNA T182 Turbo Skylane,L1P,L
A229D2,N2389G,T206,CESSNA T206 Turbo Stationair,L1P,L
A22ED2,N24N,B36T,BEECH 36 Turbine Bonanza,L1T,L
A233D2,N241BC,E145,EMBRAER ERJ-145,L2J,M
A234D2,N241MJ,MUS2,BUSHBY M-2 Mustang 2,L1P,L
A23ED2,N24392,TAYB,TAYLORCRAFT BC/BF/BL,L1P,L
A242D2,N245CP,SR22,CIRRUS SR-22,L1P,L
A243D2,N245NV,A320,AIRBUS A-320,L2J,M
A245D2,N2456X,C182,CESSNA 182 Skylane,L1P,L
A248D2,N2461P,C172,CESSNA 172 Skyhawk,L1P,L
A24AD2,N247JK,E55P,EMBRAER EMB-505 Phenom 300,L2J,M
A24ED2,N248MH,J3,PIPER J-3 Cub,L1P,L
A250D2,N2485V,C140,CESSNA 140,L1P,L
A251D2,N249E,SA30,STOLP Starduster Too,L1P,L
A253D2,N2490M,P28A,PIPER PA-28-140/150/160/180,L1P,L
A254D2,N2497Y,C172,CESSNA 172 Skyhawk,L1P,L
A256D2,N25TD,TOOT,MEYER Little Toot,L1P,L
A257D2,N250DJ,,,,
A25AD2,N2507G,C182,CESSNA 182 Skylane,L1P,L
A25DD2,N25119,L8,LUSCOMBE 8,L1P,L
A260D2,N252VL,M20P,MOONEY M-20,L1P,L
A265D2,N2536E,PA22,PIPER PA-22,L1P,L
A267D2,N254RA,C172,CESSNA 172 Skyhawk,L1P,L
A268D2,N25407,,,,
A26DD2,N256AK,,,,
A27CD2,N26BW,PA30,PIPER PA-30 Twin Comanche,L2P,L
A288D2,N2620Q,C182,CESSNA 182 Skylane,L1P,L
A28CD2,N2632T,,,,
A290D2,N2644W,M20P,MOONEY M-20,L1P,L
A292D2,N265NX,PC12,PILATUS PC-12,L1T,L
A294D2,N2656Z,BL8,BELLANCA 8 Decathlon,L1P,L
A296D2,N266RV,RV6,VANS RV-6,L1P,L
A299D2,N267JM,T206,CESSNA T206 Turbo Stationair,L1P,L
A29BD2,N2673U,C172,CESSNA 172 Skyhawk,L1P,L
A29FD2,N2685X,C182,CESSNA 182 Skylane,L1P,L
A2A2D2,N2690P,LA4,LAKE LA-4/200,A1P,L
A2A3D2,N26970,B789,BOEING 787-9 Dreamliner,L2J,H
A2A4D2,N27H,C140,CESSNA 140,L1P,L
A2A7D2,N270PS,P46T,PIPER PA-46-500TP,L1T,L
A2ACD2,N2712A,PA20,PIPER PA-20 Pacer,L1P,L
A2ADD2,N2719M,PA12,PIPER PA-12 Super Cruiser,L1P,L
A2B0D2,N2724D,C170,CESSNA 170,L1P,L
A2B2D2,N273NE,EC45,AIRBUS HELICOPTERS EC-145,H2T,L
A2B4D2,N2736G,C182,CESSNA 182 Skylane,L1P,L
A2B7D2,N27409,T6,NORTH AMERICAN T-6 Texan,L1P,L
A2BFD2,N2765E,CH7A,BELLANCA 7 Champion,L1P,L
A2C0D2,N277DK,,,,
A2C4D2,N278GH,F2TH,DASSAULT Falcon 2000,L2J,M
A2C5D2,N278SP,C172,CESSNA 172 Skyhawk,L1P,L
A2C7D2,N2789L,C172,CESSNA 172 Skyhawk,L1P,L
A2CCD2,N28ND,P28A,PIPER PA-28-140/150/160/180,L1P,L
A2CDD2,N28YK,YK18,YAKOVLEV Yak-18U,L1P,L
A2D0D2,N2803X,C177,CESSNA  177 Cardinal,L1P,L
A2D1D2,N281BG,P28A,PIPER PA-28-140/150/160/180,L1P,L
A2D5D2,N282EE,SR22,CIRRUS SR-22,L1P,L
A2D7D2,N2820S,TOBA,SOCATA Tobago,L1P,L
A2D8D2,N28273,J3,PIPER J-3 Cub,L1P,L
A2DBD2,N2832V,T6,NORTH AMERICAN T-6 Texan,L1P,L
A2DFD2,N2844Y,C182,CESSNA 182 Skylane,L1P,L
A2E3D2,N28561,P28B,PIPER PA-28-201T/235/236,L1P,L
A2E6D2,N2861T,P28R,PIPER PA-28R-180/200/201,L1P,L
A2E7D2,N28684,AA5,AMERICAN AA-5 Tiger,L1P,L
A2EAD2,N2873W,BE95,BEECH 95 Travel Air,L2P,L
A2EED2,N2885Z,BL8,BELLANCA 8 Decathlon,L1P,L
A2F2D2,N28972,B14A,BELLANCA 14,L1P,L
A2F4D2,N29TH,RV6,VANS RV-6,L1P,L
A2FBD2,N2912C,C180,CESSNA  180 Skywagon,L1P,L
A2FCD2,N2919P,PARA,,P0-,-
A2FFD2,N2924F,C182,CESSNA 182 Skylane,L1P,L
A303D2,N2936J,C150,CESSNA 150,L1P,L
A30FD2,N297DM,BE95,BEECH 95 Travel Air,L2P,L
A318D2,N299VP,GLID,,L0-,-
A319D2,N2994E,C172,CESSNA 172 Skyhawk,L1P,L
A31BD2,N3NF,C182,CESSNA 182 Skylane,L1P,L
A31CD2,N3YM,GLAS,Glasair,L1P,L
A31DD2,N30JS,P28R,PIPER PA-28R-180/200/201,L1P,L
A31FD2,N300FC,C25A,CESSNA 525A Citation CJ2,L2J,L
A320D2,N300RJ,P32R,PIPER PA-32R-300/301/301T,L1P,L
A322D2,N3008R,C320,CESSNA 320 Skyknight,L2P,L
A325D2,N3013H,SPHA,AMERICAN AUTOGYRO Spinus,G1P,L
A329D2,N3025L,P32R,PIPER PA-32R-300/301/301T,L1P,L
A330D2,N3042F,C182,CESSNA 182 Skylane,L1P,L
A331D2,N3049S,C150,CESSNA 150,L1P,L
A332D2,N305KM,M20P,MOONEY M-20,L1P,L
A335D2,N306CD,SR22,CIRRUS SR-22,L1P,L
A33AD2,N307RH,PARA,,P0-,-
A33BD2,N3071D,P28A,PIPER PA-28-140/150/160/180,L1P,L
A33FD2,N3083G,BE33,BEECH 33 Bonanza,L1P,L
A340D2,N309AS,B739,BOEING 737-900,L2J,M
A343D2,N3095K,SS2T,TRUSH Turbo Thrush 500/550,L1T,L
A345D2,N31PW,PA32,PIPER PA-32,L1P,L
A347D2,N310LG,C310,CESSNA 310,L2P,L
A348D2,N310WN,C310,CESSNA 310,L2P,L
A34DD2,N31167,J3,PIPER J-3 Cub,L1P,L
A34FD2,N312SC,T210,CESSNA T210 Turbo Centurion,L1P,L
A352D2,N313JV,,,,
A360D2,N317A,SR22,CIRRUS SR-22,L1P,L
A362D2,N317WM,SRAI,GREAT PLAINS Sonerai,L1P,L
A367D2,N31866,AR65,AERONCA 65 Super Chief,L1P,L
A36DD2,N32V,C340,CESSNA 340 Super,L2P,L
A36ED2,N320FE,DC10,MCDONNELL DOUGLAS DC-10,L3J,H
A36FD2,N320RL,SR22,CIRRUS SR-22,L1P,L
A370D2,N3201G,M20P,MOONEY M-20,L1P,L
A374D2,N3213K,EXEC,ROTORWAY Exec,H1P,L
A375D2,N322AV,DHC6,DE HAVILLAND DHC-6 Twin Otter,L2T,L
A376D2,N322MA,C551,CESSNA 551 Citation 2SP,L2J,L
A379D2,N323DT,PA32,PIPER PA-32,L1P,L
A37BD2,N3230E,AR11,AERONCA 11 Chief,L1P,L
A380D2,N3249U,C182,CESSNA 182 Skylane,L1P,L
A383D2,N3254L,C172,CESSNA 172 Skyhawk,L1P,L
A384D2,N326CF,C82T,CESSNA TR182 Turbo Skylane RG,L1P,L
A38BD2,N3278S,C182,CESSNA 182 Skylane,L1P,L
A38CD2,N328JB,E190,EMBRAER ERJ-190-100,L2J,M
A390D2,N329M,BE36,BEECH 36 Bonanza,L1P,L
A392D2,N3295M,PA12,PIPER PA-12 Super Cruiser,L1P,L
A393D2,N33DS,M20P,MOONEY M-20,L1P,L
A394D2,N33PY,CH75,ZENAIR CH-750 Cruzer,L1P,L
A395D2,N330AC,PRM1,RAYTHEON 390 Premier 1,L2J,L
A398D2,N33046,P28A,PIPER PA-28-140/150/160/180,L1P,L
A399D2,N331DA,ULAC,,L0-,-
A39CD2,N33169,P28A,PIPER PA-28-140/150/160/180,L1P,L
A3A0D2,N3329B,ZZZZ,,-0-,-
A3A1D2,N333JX,T33,LOCKHEED T-33,L1J,M
A3A2D2,N333VC,M20P,MOONEY M-20,L1P,L
A3A9D2,N335QT,A332,AIRBUS A-330-200,L2J,H
A3AFD2,N337AB,PA25,PIPER PA-25 Pawnee,L1P,L
A3B1D2,N337WP,FOX,KITFOX,L1P,L
A3B2D2,N33745,P28A,PIPER PA-28-140/150/160/180,L1P,L
A3B3D2,N338D,BE36,BEECH 36 Bonanza,L1P,L
A3BCD2,N34VB,T34P,BEECH T-34 Mentor,L1P,L
A3BDD2,N340FG,R22,ROBINSON R-22 Mariner,H1P,L
A3BED2,N340RN,C340,CESSNA 340 Super,L2P,L
A3C4D2,N342AX,B763,BOEING 767-300,L2J,H
A3C5D2,N342MC,LGEZ,RUTAN Long-EZ,L1P,L
A3CBD2,N3437T,C177,CESSNA  177 Cardinal,L1P,L
A3D2D2,N3454N,J3,PIPER J-3 Cub,L1P,L
A3D3D2,N346CH,C402,CESSNA 402 Businessliner,L2P,L
A3D9D2,N3471H,ERCO,AIR PRODUCTS F-1 Aircoupe,L1P,L
A3DFD2,N349MB,CH70,ZENAIR CH-701 Stol,L1P,L
A3E4D2,N350AE,B350,BEECHCRAFT Super King Air 350,L2T,M
A3E6D2,N350WS,B350,BEECHCRAFT Super King Air 350,L2T,M
A3E8D2,N351DC,DV20,DIAMOND DA-20,L1P,L
A3E9D2,N351PJ,LJ35,LEARJET 35,L2J,M
A3EBD2,N3517A,BE95,BEECH 95 Travel Air,L2P,L
A3EED2,N35213,C177,CESSNA  177 Cardinal,L1P,L
A3F2D2,N35336,PA31,PIPER PA-31-300/310/325/350/425,L2P,L
A3F7D2,N355EP,AS50,AEROSPATIALE AS-350 Ecureuil,H1T,L
A3F9D2,N35501,C172,CESSNA 172 Skyhawk,L1P,L
A3FCD2,N356TT,SR22,CIRRUS SR-22,L1P,L
A3FDD2,N35624,J5,PIPER J-5 Cub Cruiser,L1P,L
A406D2,N359G,LEG2,LANCAIR Legacy,L1P,L
A408D2,N35912,J4,PIPER J-4 Cub Coupe,L1P,L
A412D2,N3613P,PA22,PIPER PA-22,L1P,L
A414D2,N362ME,C82S,CESSNA T182 Turbo Skylane,L1P,L
A416D2,N3625S,BALL,,B0-,-
A41CD2,N364TA,AS50,AEROSPATIALE AS-350 Ecureuil,H1T,L
A41DD2,N3642M,PA12,PIPER PA-12 Super Cruiser,L1P,L
A425D2,N3666T,TF19,TAYLORCRAFT F-19 Sportsman,L1P,L
A429D2,N3678W,PA32,PIPER PA-32,L1P,L
A430D2,N3695R,P28A,PIPER PA-28-140/150/160/180,L1P,L
A431D2,N37DW,ULAC,,L0-,-
A434D2,N370LN,C500,CESSNA 500 Citation 1,L2J,L
A43ED2,N3729F,C172,CESSNA 172 Skyhawk,L1P,L
A445D2,N3746A,PA22,PIPER PA-22,L1P,L
A449D2,N3758D,C182,CESSNA 182 Skylane,L1P,L
A44AD2,N376HP,P32R,PIPER PA-32R-300/301/301T,L1P,L
A44DD2,N377AF,B412,BELL 412,H2T,L
A44ED2,N377LM,RV4,VANS RV-4,L1P,L
A44FD2,N377WT,PA34,PIPER PA-34 Seneca,L2P,L
A456D2,N379SH,R44,ROBINSON R-44 Raven,H1P,L
A458D2,N3799E,AR11,AERONCA 11 Chief,L1P,L
A459D2,N38K,SA3,STITS SA-3 Playboy,L1P,L
A462D2,N382BA,LJ45,LEARJET 45,L2J,M
A463D2,N382MG,T206,CESSNA T206 Turbo Stationair,L1P,L
A466D2,N383DZ,A321,AIRBUS A-321,L2J,M
A469D2,N3837X,O1,CESSNA 305/341 Bird Dog,L1P,L
A46BD2,N384TC,EA50,ECLIPSE 550,L2J,L
A46CD2,N3842P,PA22,PIPER PA-22,L1P,L
A477D2,N3871M,PA12,PIPER PA-12 Super Cruiser,L1P,L
A478D2,N3878Y,C210,CESSNA 201 Centurion,L1P,L
A47BD2,N3883Q,C172,CESSNA 172 Skyhawk,L1P,L
A47FD2,N3895T,P28R,PIPER PA-28R-180/200/201,L1P,L
A484D2,N390WW,,,,
A492D2,N394NA,T6,NORTH AMERICAN T-6 Texan,L1P,L
A498D2,N3958F,C172,CESSNA 172 Skyhawk,L1P,L
A499D2,N396HR,C240,CESSNA 240 Corvalis TTx,L1P,L
A49BD2,N39628,P32R,PIPER PA-32R-300/301/301T,L1P,L
A49FD2,N3975A,CL30,BOMBARDIER BD-100 Challenger 300,L2J,M
A4A1D2,N398PM,PA46,PIPER PA-46-310/350,L1P,L
A4A6D2,N39916,TAYB,TAYLORCRAFT BC/BF/BL,L1P,L
A4A8D2,N4KB,PA18,PIPER PA-18 Super Cub,L1P,L
A4A9D2,N4VH,C421,CESSNA 421 Executive Commuter,L2P,L
A4ABD2,N40RU,C421,CESSNA 421 Executive Commuter,L2P,L
A4ADD2,N400NE,SYMP,OMF Symphony,L1P,L
A4AFD2,N4006G,BALL,,B0-,-
A4B1D2,N401RC,,,,
A4B5D2,N402UA,A320,AIRBUS A-320,L2J,M
A4B6D2,N4023B,BL17,BELLANCA 17 Viking,L1P,L
A4B7D2,N403AM,DV20,DIAMOND DA-20,L1P,L
A4BBD2,N404DK,T28,NORTH AMERICAN T-28,L1P,L
A4BFD2,N405GH,C25C,CESSNA 525C Citation CJ4,L2J,M
A4C0D2,N405SP,C172,CESSNA 172 Skyhawk,L1P,L
A4C5D2,N4064C,S108,STINSON 108 Voyager,L1P,L
A4C8D2,N407YK,B734,BOEING 737-400,L2J,M
A4CDD2,N4088J,C150,CESSNA 150,L1P,L
A4D1D2,N41AL,PA32,PIPER PA-32,L1P,L
A4D2D2,N41LS,PA20,PIPER PA-20 Pacer,L1P,L
A4D3D2,N41WY,HUSK,CHRISTEN Husky,L1P,L
A4D5D2,N410TJ,RV10,VANS RV-10,L1P,L
A4D8D2,N411LA,CB1,HATZ CB-1 Classic,L1P,L
A4DAD2,N4114Y,CH7B,BELLANCA 7 Citabria,L1P,L
A4DBD2,N412CT,,,,
A4E0D2,N413RX,EC30,AIRBUS HELICOPTERS EC-130,H1T,L
A4E1D2,N4131T,P28A,PIPER PA-28-140/150/160/180,L1P,L
A4E5D2,N4143W,PA32,PIPER PA-32,L1P,L
A4E8D2,N415XT,PC12,PILATUS PC-12,L1T,L
A4EDD2,N41672,,,,
A4F0D2,N4172U,AT3T,AIR TRACTOR AT-302/402,L1T,L
A4F4D2,N4184X,P32R,PIPER PA-32R-300/301/301T,L1P,L
A4F5D2,N419CS,C82T,CESSNA TR182 Turbo Skylane RG,L1P,L
A4F8D2,N41960,PA34,PIPER PA-34 Seneca,L2P,L
A4F9D2,N42FQ,BE58,BEECH 58 Baron,L2P,L
A4FCD2,N420NG,DA40,DIAMOND DA-40 Club Star,L1P,L
A4FED2,N4206J,P28A,PIPER PA-28-140/150/160/180,L1P,L
A4FFD2,N421EZ,C421,CESSNA 421 Executive Commuter,L2P,L
A502D2,N4218M,PA12,PIPER PA-12 Super Cruiser,L1P,L
A50AD2,N424DM,TEX2,BEECHCRAFT T-6 Texan 2,L1T,L
A50BD2,N424PT,COZY,CO-Z Cozy,L1P,L
A50FD2,N425SR,C425,CESSNA 425 Corsair,L2T,L
A510D2,N4252B,BE35,BEECH 35 Starfire Bonanza,L1P,L
A511D2,N4259N,C140,CESSNA 140,L1P,L
A514D2,N4264E,CH7A,BELLANCA 7 Champion,L1P,L
A518D2,N4276H,PA14,PIPER PA-14 Family Cruiser,L1P,L
A51AD2,N428RD,,,,
A51FD2,N4293C,P28R,PIPER PA-28R-180/200/201,L1P,L
A520D2,N43AN,P28B,PIPER PA-28-201T/235/236,L1P,L
A522D2,N43X,S108,STINSON 108 Voyager,L1P,L
A524D2,N430TL,LGEZ,RUTAN Long-EZ,L1P,L
A525D2,N4302X,P28R,PIPER PA-28R-180/200/201,L1P,L
A526D2,N43098,P28A,PIPER PA-28-140/150/160/180,L1P,L
A527D2,N431LC,C500,CESSNA 500 Citation 1,L2J,L
A529D2,N43140,TAYB,TAYLORCRAFT BC/BF/BL,L1P,L
A52AD2,N432CV,PC12,PILATUS PC-12,L1T,L
A52BD2,N432PA,A119,AGUSTA AW-119 Koala,H1T,L
A52DD2,N43263,GLST,GLASAIR SH-4 GlaStar,L1P,L
A532D2,N434JR,T34P,BEECH T-34 Mentor,L1P,L
A543D2,N4384Z,PA18,PIPER PA-18 Super Cub,L1P,L
A548D2,N44FS,LA4,LAKE LA-4/200,A1P,L
A54ED2,N441FA,UH1,BELL UH-1 Huey,H1T,L
A550D2,N4411C,C190,CESSNA 190,L1P,L
A554D2,N4423F,PA46,PIPER PA-46-310/350,L1P,L
A556D2,N443LX,BE40,BEECH 400 Beechjet,L2J,M
A559D2,N444DP,P28R,PIPER PA-28R-180/200/201,L1P,L
A55CD2,N4447M,PA12,PIPER PA-12 Super Cruiser,L1P,L
A55ED2,N445ST,GALX,GULFSTREAM G200,L2J,M
A55FD2,N4452D,BE35,BEECH 35 Starfire Bonanza,L1P,L
A563D2,N4464G,,,,
A564D2,N447CB,,,,
A56AD2,N4481B,,,,
A56ED2,N4493E,CH7A,BELLANCA 7 Champion,L1P,L
A570D2,N45LW,,,,
A573D2,N450TN,DHC2,DE HAVILLAND DHC-2 Beaver,L1P,L
A574D2,N4502Z,PA22,PIPER PA-22,L1P,L
A575D2,N451,,,,
A57AD2,N452PC,PULS,Pulsar,L1P,L
A57CD2,N45265,N3N,NAVAL AIRCRAFT FACTORY N3N,L1P,L
A57ED2,N453SA,BE36,BEECH 36 Bonanza,L1P,L
A583D2,N45430,C150,CESSNA 150,L1P,L
A587D2,N45553,AT3T,AIR TRACTOR AT-302/402,L1T,L
A58AD2,N4560V,BE35,BEECH 35 Starfire Bonanza,L1P,L
A592D2,N45841,L8,LUSCOMBE 8,L1P,L
A596D2,N45964,L8,LUSCOMBE 8,L1P,L
A598D2,N46S,ZZZZ,,-0-,-
A59FD2,N4611E,C185,CESSNA 185 Skywagon,L1P,L
A5A3D2,N4623H,PA17,PIPER PA-17 Vagabond Trainer,L1P,L
A5A7D2,N4635L,C152,CESSNA 152,L1P,L
A5AFD2,N4659S,,,,
A5B2D2,N4664J,P28R,PIPER PA-28R-180/200/201,L1P,L
A5B3D2,N467CD,SR22,CIRRUS SR-22,L1P,L
A5BBD2,N469J,BL8,BELLANCA 8 Decathlon,L1P,L
A5BED2,N47AS,M7,MAULE M-7,L1P,L
A5C0D2,N47XD,B47G,BELL 47G,H1P,L
A5C3D2,N47021,TAYD,TAYLORCRAFT DC/DF/DL,L1P,L
A5C7D2,N47144,BOLT,STEEN Skybolt,L1P,L
A5CBD2,N47267,H500,HUGHES 500,H1T,L
A5CCD2,N473FX,LJ45,LEARJET 45,L2J,M
A5CFD2,N4739,TVLB,TRAVEL AIR 2000,L1P,L
A5DED2,N478A,P28A,PIPER PA-28-140/150/160/180,L1P,L
A5E6D2,N48FW,C550,CESSNA 550 Citation S2,L2J,L
A5EED2,N4811G,C172,CESSNA 172 Skyhawk,L1P,L
A5EFD2,N4818T,ULAC,,L0-,-
A5FDD2,N4852H,PA17,PIPER PA-17 Vagabond Trainer,L1P,L
A601D2,N4864L,P28A,PIPER PA-28-140/150/160/180,L1P,L
A606D2,N488FD,BE35,BEECH 35 Starfire Bonanza,L1P,L
A607D2,N488RK,PC12,PILATUS PC-12,L1T,L
A60CD2,N4893J,C172,CESSNA 172 Skyhawk,L1P,L
A60DD2,N49AU,DA42,DIAMOND DA-42 Guardian,L2P,L
A611D2,N490TS,DA42,DIAMOND DA-42 Guardian,L2P,L
A612D2,N49023,TAYD,TAYLORCRAFT DC/DF/DL,L1P,L
A613D2,N491AC,T210,CESSNA T210 Turbo Centurion,L1P,L
A617D2,N492DA,SR20,CIRRUS SR-20,L1P,L
A621D2,N49434,C152,CESSNA 152,L1P,L
A628D2,N4960Z,PA22,PIPER PA-22,L1P,L
A62CD2,N49722,,,,
A62FD2,N498WP,M18,PZL-MIELEC M-18 Dromader,L1P,L
A637D2,N50CJ,F86,NORTH AMERICAN F-86 Sabre,L1J,M
A63DD2,N501BT,P32R,PIPER PA-32R-300/301/301T,L1P,L
A63ED2,N501MZ,C501,CESSNA 501 Citation 1SP,L2J,L
A640D2,N5016A,C172,CESSNA 172 Skyhawk,L1P,L
A641D2,N502ER,C172,CESSNA 172 Skyhawk,L1P,L
A644D2,N5028D,C182,CESSNA 182 Skylane,L1P,L
A647D2,N50326,C150,CESSNA 150,L1P,L
A648D2,N504AF,P28A,PIPER PA-28-140/150/160/180,L1P,L
A649D2,N504LM,SR22,CIRRUS SR-22,L1P,L
A64AD2,N504WT,F2TH,DASSAULT Falcon 2000,L2J,M
A64BD2,N50449,TAYD,TAYLORCRAFT DC/DF/DL,L1P,L
A64CD2,N505DD,,,,
A650D2,N506GB,PC9,PILATUS PC-9 Hudournik,L1T,L
A652D2,N50614,C150,CESSNA 150,L1P,L
A656D2,N50737,HIGH,JUST JA20 Highlander,L1P,L
A660D2,N51TU,KR2,RAND KR-2,L1P,L
A663D2,N5100L,P28A,PIPER PA-28-140/150/160/180,L1P,L
A664D2,N5107X,FB1A,BOWERS Fly Baby 1A,L1P,L
A666D2,N511TC,C25A,CESSNA 525A Citation CJ2,L2J,L
A66BD2,N5124S,P28R,PIPER PA-28R-180/200/201,L1P,L
A66CD2,N513CM,SR22,CIRRUS SR-22,L1P,L
A673D2,N5148Y,C82S,CESSNA T182 Turbo Skylane,L1P,L
A674D2,N515JH,P28A,PIPER PA-28-140/150/160/180,L1P,L
A675D2,N515UP,C56X,CESSNA 560XL Citation XLS,L2J,M
A677D2,N516B,H500,HUGHES 500,H1T,L
A678D2,N516MF,F900,DASSAULT Falcon 900,L3J,M
A67DD2,N5170K,C172,CESSNA 172 Skyhawk,L1P,L
A67ED2,N5177W,P28A,PIPER PA-28-140/150/160/180,L1P,L
A680D2,N518TB,ULAC,,L0-,-
A682D2,N5189Z,PA22,PIPER PA-22,L1P,L
A685D2,N5194R,C172,CESSNA 172 Skyhawk,L1P,L
A686D2,N52CL,P28R,PIPER PA-28R-180/200/201,L1P,L
A687D2,N52NS,,,,
A689D2,N520KC,C25B,CESSNA 525B Citation CJ3,L2J,L
A68FD2,N5216C,BE35,BEECH 35 Starfire Bonanza,L1P,L
A693D2,N5228F,C172,CESSNA 172 Skyhawk,L1P,L
A696D2,N52328,C182,CESSNA 182 Skylane,L1P,L
A697D2,N524AH,R22,ROBINSON R-22 Mariner,H1P,L
A69BD2,N525DF,BE30,BEECH 300 Super King Air,L2T,L
A6A2D2,N5269G,O1,CESSNA 305/341 Bird Dog,L1P,L
A6A3D2,N527KB,H60,SIKORSKY UH-60 Black Hawk,H2T,M
A6A5D2,N52739,C182,CESSNA 182 Skylane,L1P,L
A6ADD2,N5298E,C180,CESSNA  180 Skywagon,L1P,L
A6AFD2,N53TW,P06T,TECNAM P-2006T,L2P,L
A6B0D2,N530EA,CRJ7,BOMBARDIER Regional Jet CRJ-700,L2J,M
A6B3D2,N5307Z,PA22,PIPER PA-22,L1P,L
A6B7D2,N53192,,,,
A6B9D2,N532WC,H500,HUGHES 500,H1T,L
A6BBD2,N533CP,SR22,CIRRUS SR-22,L1P,L
A6BFD2,N534FM,,,,
A6C1D2,N5341P,PA24,PIPER PA-24 Comanche,L1P,L
A6C5D2,N5353S,C337,CESSNA 337 Super Skymaster,L2P,L
A6C6D2,N536BB,BE36,BEECH 36 Bonanza,L1P,L
A6C9D2,N5365V,,,,
A6CFD2,N538TD,B06,BELL 206 JetRanger,H1T,L
A6D0D2,N5382Q,C150,CESSNA 150,L1P,L
A6D1D2,N53891,CH7A,BELLANCA 7 Champion,L1P,L
A6D4D2,N5394T,C172,CESSNA 172 Skyhawk,L1P,L
A6D7D2,N54Z,BLKS,AIRCRAFT SPRUCE Baby Lakes,L1P,L
A6D9D2,N540VL,GLAS,Glasair,L1P,L
A6DAD2,N5404B,C152,CESSNA 152,L1P,L
A6DED2,N5416E,C172,CESSNA 172 Skyhawk,L1P,L
A6E2D2,N5428H,PA18,PIPER PA-18 Super Cub,L1P,L
A6E5D2,N5433,,,,
A6E6D2,N544AK,R44,ROBINSON R-44 Raven,H1P,L
A6E7D2,N544LR,H25C,RAYTHEON Hawker 1000,L2J,M
A6EDD2,N5457F,,,,
A6F0D2,N54618,C170,CESSNA 170,L1P,L
A6F8D2,N5486D,C172,CESSNA 172 Skyhawk,L1P,L
A703D2,N551HA,GLF5,GULFSTREAM 5,L2J,M
A704D2,N551TG,GLF5,GULFSTREAM 5,L2J,M
A705D2,N5512T,C172,CESSNA 172 Skyhawk,L1P,L
A709D2,N5524W,P28A,PIPER PA-28-140/150/160/180,L1P,L
A70FD2,N554RV,RV6,VANS RV-6,L1P,L
A711D2,N55482,C172,CESSNA 172 Skyhawk,L1P,L
A712D2,N555JM,P28A,PIPER PA-28-140/150/160/180,L1P,L
A714D2,N5553U,P28A,PIPER PA-28-140/150/160/180,L1P,L
A716D2,N556MK,CHR1,ELMWOOD CA-05 Christavia Mk1,L1P,L
A718D2,N5565X,BE33,BEECH 33 Bonanza,L1P,L
A71ED2,N558TF,GLID,,L0-,-
A71FD2,N5582S,C140,CESSNA 140,L1P,L
A720D2,N55893,CRER,RANS Courier,L1P,L
A731D2,N5628K,ULAC,,L0-,-
A733D2,N563UA,B752,BOEING 757-200,L2J,M
A734D2,N5633B,M5,MAULE M-5,L1P,L
A738D2,N5645E,C150,CESSNA 150,L1P,L
A73ED2,N566SP,C172,CESSNA 172 Skyhawk,L1P,L
A740D2,N5669L,AA1,AMERICAN AA-1,L1P,L
A745D2,N568ND,C172,CESSNA 172 Skyhawk,L1P,L
A747D2,N5686F,,,,
A74AD2,N56908,,,,
A74DD2,N57U,UH12,HILLER UH-12,H1P,L
A750D2,N5700S,GLID,,L0-,-
A75CD2,N57361,P28A,PIPER PA-28-140/150/160/180,L1P,L
A75FD2,N5741T,C172,CESSNA 172 Skyhawk,L1P,L
A763D2,N5753W,P28A,PIPER PA-28-140/150/160/180,L1P,L
A76AD2,N5770R,C172,CESSNA 172 Skyhawk,L1P,L
A76BD2,N57772,PA36,PIPER PA-36 Pawnee Brave,L1P,L
A773D2,N58CS,ASTO,TECNAM Astore,L1P,L
A778D2,N5804F,P28A,PIPER PA-28-140/150/160/180,L1P,L
A77FD2,N5821A,C172,CESSNA 172 Skyhawk,L1P,L
A783D2,N5833D,PA22,PIPER PA-22,L1P,L
A787D2,N5845G,C150,CESSNA 150,L1P,L
A788D2,N585DM,C25A,CESSNA 525A Citation CJ2,L2J,L
A789D2,N585PT,AA5,AMERICAN AA-5 Tiger,L1P,L
A78BD2,N5857K,BE95,BEECH 95 Travel Air,L2P,L
A78DD2,N586SR,SR22,CIRRUS SR-22,L1P,L
A78ED2,N5862B,C182,CESSNA 182 Skylane,L1P,L
A793D2,N588C,S108,STINSON 108 Voyager,L1P,L
A796D2,N5886H,PA16,PIPER PA-16 Clipper,L1P,L
A799D2,N5891,JABI,Jabiru J120,L1P,L
A79AD2,N5898L,AA5,AMERICAN AA-5 Tiger,L1P,L
A7A0D2,N59075,PZ04,PZL-OKECIE PZL-104 Wilga,L1P,L
A7A3D2,N5912X,BRB2,BRANTLY B-2,H1P,L
A7A7D2,N59240,C210,CESSNA 201 Centurion,L1P,L
A7A9D2,N593PA,,,,
A7AED2,N5941V,J3,PIPER J-3 Cub,L1P,L
A7AFD2,N59486,,,,
A7B9D2,N5970T,C150,CESSNA 150,L1P,L
A7BDD2,N5982W,P28A,PIPER PA-28-140/150/160/180,L1P,L
A7C1D2,N5994Z,PA18,PIPER PA-18 Super Cub,L1P,L
A7C4D2,N6ZF,,,,
A7C6D2,N60VS,H500,HUGHES 500,H1T,L
A7CDD2,N60132,FOX,KITFOX,L1P,L
A7CED2,N602BM,PC12,PILATUS PC-12,L1T,L
A7CFD2,N602MT,EC35,AIRBUS HELICOPTERS EC-135/635,H2T,L
A7D1D2,N60255,AT5T,AIR TRACTOR AT-504,L1T,L
A7D5D2,N60378,C150,CESSNA 150,L1P,L
A7DBD2,N605WM,C172,CESSNA 172 Skyhawk,L1P,L
A7DED2,N606PD,B429,BELL 429 GlobalRanger,H2T,L
A7E4D2,N60789,G2T1,GREAT LAKES 2T-1,L1P,L
A7E6D2,N608V,BE35,BEECH 35 Starfire Bonanza,L1P,L
A7E7D2,N60831,C150,CESSNA 150,L1P,L
A7EFD2,N610MA,PA32,PIPER PA-32,L1P,L
A7F3D2,N611PZ,RV6,VANS RV-6,L1P,L
A7F8D2,N6122H,J3,PIPER J-3 Cub,L1P,L
A7F9D2,N6129U,,,,
A7FCD2,N6134L,C152,CESSNA 152,L1P,L
A802D2,N615RK,BABY,CANADIAN HOME ROTORS Baby Belle,H1P,L
A805D2,N616JB,AT3T,AIR TRACTOR AT-302/402,L1T,L
A809D2,N617M,HUSK,CHRISTEN Husky,L1P,L
A80BD2,N6175M,PARA,,P0-,-
A811D2,N619SW,B733,BOEING 737-300,L2J,M
A81CD2,N62134,ST75,STEARMAN Kaydet,L1P,L
A821D2,N623EM,PARA,,P0-,-
A82BD2,N62545,ZZZZ,,-0-,-
A832D2,N62710,J3,PIPER J-3 Cub,L1P,L
A833D2,N6279A,C82S,CESSNA T182 Turbo Skylane,L1P,L
A834D2,N628JW,C414,CESSNA 414 Chancellor,L2P,L
A839D2,N629Y,,,,
A83DD2,N630AX,MRF1,DASSAULT Mirage F1,L1J,M
A841D2,N631DV,GALX,GULFSTREAM G200,L2J,M
A843D2,N6310G,C150,CESSNA 150,L1P,L
A844D2,N6317T,C182,CESSNA 182 Skylane,L1P,L
A848D2,N6329W,P28A,PIPER PA-28-140/150/160/180,L1P,L
A84FD2,N6346R,P28A,PIPER PA-28-140/150/160/180,L1P,L
A856D2,N6363L,T210,CESSNA T210 Turbo Centurion,L1P,L
A85FD2,N639GS,AA5,AMERICAN AA-5 Tiger,L1P,L
A862D2,N6399V,C72R,CESSNA 172R Cutlass RG,L1P,L
A868D2,N6409D,C172,CESSNA 172 Skyhawk,L1P,L
A86FD2,N64259,C172,CESSNA 172 Skyhawk,L1P,L
A870D2,N643EP,LJ45,LEARJET 45,L2J,M
A873D2,N6438B,C172,CESSNA 172 Skyhawk,L1P,L
A875D2,N644TT,P28R,PIPER PA-28R-180/200/201,L1P,L
A877D2,N645AD,S22T,CIRRUS SR-22T Turbo,L1P,L
A87BD2,N646DB,H60,SIKORSKY UH-60 Black Hawk,H2T,M
A881D2,N64712,ST75,STEARMAN Kaydet,L1P,L
A885D2,N64835,O1,CESSNA 305/341 Bird Dog,L1P,L
A892D2,N6510J,P28A,PIPER PA-28-140/150/160/180,L1P,L
A893D2,N6517V,AC80,NORTH AMERICAN ROCKWELL Turbo Commander 680,L2T,L
A897D2,N6529Y,T210,CESSNA T210 Turbo Centurion,L1P,L
A89AD2,N6534Q,,,,
A89ED2,N6546T,C150,CESSNA 150,L1P,L
A8A2D2,N6558W,P28A,PIPER PA-28-140/150/160/180,L1P,L
A8A7D2,N657MD,SR22,CIRRUS SR-22,L1P,L
A8ACD2,N6580H,J3,PIPER J-3 Cub,L1P,L
A8AFD2,N659T,BE35,BEECH 35 Starfire Bonanza,L1P,L
A8B0D2,N6592L,PA18,PIPER PA-18 Super Cub,L1P,L
A8B6D2,N66015,C172,CESSNA 172 Skyhawk,L1P,L
A8B7D2,N6609F,C150,CESSNA 150,L1P,L
A8BED2,N6626A,C172,CESSNA 172 Skyhawk,L1P,L
A8BFD2,N663ER,,,,
A8C1D2,N66303,BE24,BEECH 24 Sierra,L1P,L
A8CAD2,N666DD,,,,
A8CCD2,N666ZR,CH70,ZENAIR CH-701 Stol,L1P,L
A8CED2,N667GB,E145,EMBRAER ERJ-145,L2J,M
A8D4D2,N66837,B739,BOEING 737-900,L2J,M
A8D5D2,N669BS,RS12,RANS S-12 Super Airaile,L1P,L
A8DBD2,N670BA,A5,ICON A-5,A1P,L
A8E1D2,N6710L,BE23,BEECH 23 Sundowner,L1P,L
A8E4D2,N672TC,,,,
A8E6D2,N67290,BE58,BEECH 58 Baron,L2P,L
A8EAD2,N674CM,ASTO,TECNAM Astore,L1P,L
A8F0D2,N6751M,S108,STINSON 108 Voyager,L1P,L
A8F1D2,N6758Y,SF50,CIRRUS SF-50 Vision,L1J,L
A8F5D2,N677B,G164,GRUMMAN G-164 Ag-Cat,L1P,L
A8F6D2,N677MF,C404,CESSNA 404 Titan,L2P,L
A8FCD2,N6787W,P28A,PIPER PA-28-140/150/160/180,L1P,L
A8FFD2,N6792N,M20P,MOONEY M-20,L1P,L
A902D2,N68W,ST75,STEARMAN Kaydet,L1P,L
A903D2,N680GE,DRON,,D0-,-
A918D2,N6855A,C172,CESSNA 172 Skyhawk,L1P,L
A91ED2,N687SK,CRJ7,BOMBARDIER Regional Jet CRJ-700,L2J,M
A928D2,N69ES,COY2,RANS Coyote 2,L1P,L
A92DD2,N6905W,P28A,PIPER PA-28-140/150/160/180,L1P,L
A930D2,N6910N,M20P,MOONEY M-20,L1P,L
A931D2,N6917Z,PA25,PIPER PA-25 Pawnee,L1P,L
A938D2,N6934U,M20P,MOONEY M-20,L1P,L
A939D2,N694CP,C172,CESSNA 172 Skyhawk,L1P,L
A93ED2,N695RT,AC95,NORTH AMERICAN ROCKWELL Jetprop Commander 1000,L2T,L
A93FD2,N6951P,PA24,PIPER PA-24 Comanche,L1P,L
A945D2,N697MH,VENT,SCHEMPP-HIRTH Ventus,L1P,L
A947D2,N6975V,M20P,MOONEY M-20,L1P,L
A94AD2,N6980M,T210,CESSNA T210 Turbo Centurion,L1P,L
A94BD2,N6987Y,PA23,PIPER PA-23,L2P,L
A94FD2,N69991,ST75,STEARMAN Kaydet,L1P,L
A950D2,N7KW,J3,PIPER J-3 Cub,L1P,L
A951D2,N7WB,LNC2,LANCAIR 200-320,L1P,L
A952D2,N70GG,LEG2,LANCAIR Legacy,L1P,L
A954D2,N700CT,TBM7,SOCATA TBM-700A/B/C,L1T,L
A957D2,N70061,BALL,,B0-,-
A958D2,N701FR,A321,AIRBUS A-321,L2J,M
A959D2,N701RX,CH70,ZENAIR CH-701 Stol,L1P,L
A95DD2,N702UV,FFLO,,D0-,-
A960D2,N703MM,C82S,CESSNA T182 Turbo Skylane,L1P,L
A965D2,N7040R,P28A,PIPER PA-28-140/150/160/180,L1P,L
A966D2,N70472,J3,PIPER J-3 Cub,L1P,L
A969D2,N7052U,GLID,,L0-,-
A96AD2,N70595,T206,CESSNA T206 Turbo Stationair,L1P,L
A96ED2,N707CS,ULAC,,L0-,-
A971D2,N70760,J3,PIPER J-3 Cub,L1P,L
A973D2,N708RW,SR22,CIRRUS SR-22,L1P,L
A974D2,N7081S,C150,CESSNA 150,L1P,L
A978D2,N7093V,M20P,MOONEY M-20,L1P,L
A979D2,N71BE,BE95,BEECH 95 Travel Air,L2P,L
A97AD2,N71ML,,,,
A97BD2,N71XS,C68A,CESSNA 680 Citation Latitude,L2J,M
A97ED2,N7103D,R44,ROBINSON R-44 Raven,H1P,L
A97FD2,N711AP,AA5,AMERICAN AA-5 Tiger,L1P,L
A980D2,N711LV,C56X,CESSNA 560XL Citation XLS,L2J,M
A983D2,N712DM,RV7,VANS RV-7,L1P,L
A986D2,N7127K,BALL,,B0-,-
A988D2,N713SR,SR22,CIRRUS SR-22,L1P,L
A989D2,N7132B,PA22,PIPER PA-22,L1P,L
A98AD2,N7139N,BALL,,B0-,-
A98BD2,N714KH,C185,CESSNA 185 Skywagon,L1P,L
A98DD2,N7144E,BALL,,B0-,-
A98ED2,N715C,C180,CESSNA  180 Skywagon,L1P,L
A991D2,N7156H,BALL,,B0-,-
A994D2,N7161,GLID,,L0-,-
A999D2,N718AN,B77W,BOEING 777-300ER,L2J,H
A99CD2,N7185F,P28A,PIPER PA-28-140/150/160/180,L1P,L
A99DD2,N719DL,PA11,PIPER PA-11 Cub Special,L1P,L
A99ED2,N719PS,CRJ7,BOMBARDIER Regional Jet CRJ-700,L2J,M
A9A4D2,N720PA,P28A,PIPER PA-28-140/150/160/180,L1P,L
A9A5D2,N720ZG,DRON,,D0-,-
A9ADD2,N7223Y,BE58,BEECH 58 Baron,L2P,L
A9B5D2,N72474,P337,CESSNA P337 Skymaster,L2P,L
A9B8D2,N7252W,BALL,,B0-,-
A9BED2,N727P,BE33,BEECH 33 Bonanza,L1P,L
A9C0D2,N72762,C82S,CESSNA T182 Turbo Skylane,L1P,L
A9C4D2,N72885,C140,CESSNA 140,L1P,L
A9C8D2,N73BG,PA31,PIPER PA-31-300/310/325/350/425,L2P,L
A9D2D2,N732DP,SREY,PROGRESSIVE AERODYNE SeaRey,A1P,L
A9D6D2,N733GM,C172,CESSNA 172 Skyhawk,L1P,L
A9DED2,N735NH,C182,CESSNA 182 Skylane,L1P,L
A9DFD2,N735YP,ST75,STEARMAN Kaydet,L1P,L
A9E1D2,N736F,RV7,VANS RV-7,L1P,L
A9E2D2,N736RF,C172,CESSNA 172 Skyhawk,L1P,L
A9E4D2,N7368N,C82R,CESSNA R182 Skylane RG,L1P,L
A9E5D2,N737HY,C172,CESSNA 172 Skyhawk,L1P,L
A9E7D2,N7373E,C210,CESSNA 201 Centurion,L1P,L
A9EBD2,N7385H,J3,PIPER J-3 Cub,L1P,L
A9EFD2,N7397L,C152,CESSNA 152,L1P,L
A9F0D2,N74GL,C25B,CESSNA 525B Citation CJ3,L2J,L
A9F1D2,N74SS,C77R,CESSNA 177RG Cardinal RG,L1P,L
A9F3D2,N740PC,B350,BEECHCRAFT Super King Air 350,L2T,M
A9F7D2,N741SA,B737,BOEING 737-700,L2J,M
A9FAD2,N742JT,RV7,VANS RV-7,L1P,L
AA00D2,N74353,R44,ROBINSON R-44 Raven,H1P,L
AA01D2,N744EH,R44,ROBINSON R-44 Raven,H1P,L
AA08D2,N74599,AA5,AMERICAN AA-5 Tiger,L1P,L
AA0BD2,N74641,AA5,AMERICAN AA-5 Tiger,L1P,L
AA0CD2,N747CW,COL4,CESSNA 400 Corvalis TT,L1P,L
AA0FD2,N74764,M20P,MOONEY M-20,L1P,L
AA11D2,N748S,M20P,MOONEY M-20,L1P,L
AA12D2,N7481W,P28A,PIPER PA-28-140/150/160/180,L1P,L
AA13D2,N74887,C170,CESSNA 170,L1P,L
AA17D2,N75BJ,PA34,PIPER PA-34 Seneca,L2P,L
AA1CD2,N7503H,G164,GRUMMAN G-164 Ag-Cat,L1P,L
AA21D2,N752DR,CH75,ZENAIR CH-750 Cruzer,L1P,L
AA22D2,N752PX,NG5,BRM AERO NG-5/6 Bristell,L1P,L
AA23D2,N7520C,ERCO,AIR PRODUCTS F-1 Aircoupe,L1P,L
AA24D2,N7527P,PA24,PIPER PA-24 Comanche,L1P,L
AA27D2,N7532F,CH7A,BELLANCA 7 Champion,L1P,L
AA2BD2,N7544J,P28R,PIPER PA-28R-180/200/201,L1P,L
AA2CD2,N755CD,SR22,CIRRUS SR-22,L1P,L
AA32D2,N7561D,PA18,PIPER PA-18 Super Cub,L1P,L
AA33D2,N7568Q,C310,CESSNA 310,L2P,L
AA34D2,N757J,CH7B,BELLANCA 7 Citabria,L1P,L
AA35D2,N757UF,C152,CESSNA 152,L1P,L
AA36D2,N7573G,C172,CESSNA 172 Skyhawk,L1P,L
AA37D2,N758AS,PA34,PIPER PA-34 Seneca,L2P,L
AA38D2,N758LY,C172,CESSNA 172 Skyhawk,L1P,L
AA3AD2,N7585K,PA18,PIPER PA-18 Super Cub,L1P,L
AA40D2,N76SU,DHC2,DE HAVILLAND DHC-2 Beaver,L1P,L
AA47D2,N7611Z,PA25,PIPER PA-25 Pawnee,L1P,L
AA4AD2,N762VA,PA46,PIPER PA-46-310/350,L1P,L
AA4DD2,N763MT,CL30,BOMBARDIER BD-100 Challenger 300,L2J,M
AA52D2,N7640X,C172,CESSNA 172 Skyhawk,L1P,L
AA56D2,N76520,C140,CESSNA 140,L1P,L
AA57D2,N766A,PA44,PIPER PA-44 Seminole,L2P,L
AA58D2,N766LF,C25B,CESSNA 525B Citation CJ3,L2J,L
AA59D2,N766WM,PA18,PIPER PA-18 Super Cub,L1P,L
AA61D2,N7681Y,PA30,PIPER PA-30 Twin Comanche,L2P,L
AA67D2,N77MS,BE36,BEECH 36 Bonanza,L1P,L
AA68D2,N77XY,E300,EXTRA EA-300/330/350,L1P,L
AA6DD2,N771MA,PTS2,PITTS S-2 Special,L1P,L
AA6FD2,N7715N,P28A,PIPER PA-28-140/150/160/180,L1P,L
AA72D2,N7720E,C150,CESSNA 150,L1P,L
AA75D2,N773SX,SONX,SONEX AIRCRAFT Sonex,L1P,L
AA7BD2,N775CF,RBEL,MURPHY Rebel,L1P,L
AA7ED2,N7756P,PA24,PIPER PA-24 Comanche,L1P,L
AA7FD2,N776FD,B752,BOEING 757-200,L2J,M
AA81D2,N7761F,C150,CESSNA 150,L1P,L
AA83D2,N777JB,C172,CESSNA 172 Skyhawk,L1P,L
AA84D2,N777UH,R22,ROBINSON R-22 Mariner,H1P,L
AA85D2,N7773J,C25B,CESSNA 525B Citation CJ3,L2J,L
AA87D2,N778M,RV7,VANS RV-7,L1P,L
AA88D2,N778XF,A319,AIRBUS A-319,L2J,M
AA89D2,N7785M,M20P,MOONEY M-20,L1P,L
AA8AD2,N779DS,RV10,VANS RV-10,L1P,L
AA8CD2,N7790D,PA18,PIPER PA-18 Super Cub,L1P,L
AA90D2,N780DA,P28A,PIPER PA-28-140/150/160/180,L1P,L
AA93D2,N78069,GC1,GLOBE Swift,L1P,L
AAA1D2,N7840Z,C150,CESSNA 150,L1P,L
AAA5D2,N78522,C182,CESSNA 182 Skylane,L1P,L
AAA6D2,N786AB,,,,
AAAAD2,N787D,BE35,BEECH 35 Starfire Bonanza,L1P,L
AAB1D2,N7889A,B737,BOEING 737-700,L2J,M
AAB5D2,N79BN,SASY,PROTECH Sassy,L1P,L
AAB6D2,N79MU,C310,CESSNA 310,L2P,L
AABAD2,N7903M,BE35,BEECH 35 Starfire Bonanza,L1P,L
AABBD2,N791AX,B762,BOEING 767-200,L2J,H
AAC2D2,N7927T,C175,CESSNA 175 Skylark,L1P,L
AAC6D2,N7939W,P28A,PIPER PA-28-140/150/160/180,L1P,L
AAC9D2,N7944N,P28A,PIPER PA-28-140/150/160/180,L1P,L
AACFD2,N796RM,HA4T,RAYTHEON 4000 Hawker Horizon,L2J,M
AAD0D2,N7961H,PA12,PIPER PA-12 Super Cruiser,L1P,L
AAD8D2,N7985P,PA24,PIPER PA-24 Comanche,L1P,L
AADCD2,N7997S,CRER,RANS Courier,L1P,L
AADFD2,N80DC,BE36,BEECH 36 Bonanza,L1P,L
AAE2D2,N800KV,C56X,CESSNA 560XL Citation XLS,L2J,M
AAE3D2,N800WA,H25B,HAWKER BEECHCRAFT Hawker 750/850,L2J,M
AAE4D2,N8004S,C150,CESSNA 150,L1P,L
AAE8D2,N8016V,P28A,PIPER PA-28-140/150/160/180,L1P,L
AAEAD2,N802RR,G150,GULFSTREAM G150,L2J,M
AAF0D2,N804B,C172,CESSNA 172 Skyhawk,L1P,L
AAF7D2,N8057W,P28A,PIPER PA-28-140/150/160/180,L1P,L
AAF9D2,N806TB,SR20,CIRRUS SR-20,L1P,L
AAFED2,N8074R,BE35,BEECH 35 Starfire Bonanza,L1P,L
AAFFD2,N808CL,K100,DAHER Kodiak 100,L1T,L
AB02D2,N8086U,COY2,RANS Coyote 2,L1P,L
AB04D2,N809RQ,C404,CESSNA 404 Titan,L2P,L
AB05D2,N8091L,C172,CESSNA 172 Skyhawk,L1P,L
AB06D2,N8098X,C172,CESSNA 172 Skyhawk,L1P,L
AB07D2,N81JG,VEZE,RUTAN VariEze,L1P,L
AB09D2,N810ET,F2TH,DASSAULT Falcon 2000,L2J,M
AB0CD2,N8108F,C150,CESSNA 150,L1P,L
AB0ED2,N811TX,MT,ROTORSPORT MTOSport,G1P,L
AB13D2,N8125A,P28B,PIPER PA-28-201T/235/236,L1P,L
AB14D2,N813DF,ULAC,,L0-,-
AB17D2,N8137D,PA32,PIPER PA-32,L1P,L
AB1ED2,N81539,CH7A,BELLANCA 7 Champion,L1P,L
AB20D2,N816N,BE35,BEECH 35 Starfire Bonanza,L1P,L
AB22D2,N8166B,P28A,PIPER PA-28-140/150/160/180,L1P,L
AB25D2,N81704,CH7A,BELLANCA 7 Champion,L1P,L
AB29D2,N81827,HUNT,HAWKER Hunter,L1J,M
AB2FD2,N82PL,HUSK,CHRISTEN Husky,L1P,L
AB34D2,N821CP,C82T,CESSNA TR182 Turbo Skylane RG,L1P,L
AB39D2,N822RT,SA30,STOLP Starduster Too,L1P,L
AB3AD2,N8221P,PA24,PIPER PA-24 Comanche,L1P,L
AB40D2,N824MH,EC30,AIRBUS HELICOPTERS EC-130,H1T,L
AB42D2,N8245V,C180,CESSNA  180 Skywagon,L1P,L
AB46D2,N8257Y,P28R,PIPER PA-28R-180/200/201,L1P,L
AB47D2,N826GY,,,,
AB4BD2,N827KW,B772,BOEING 777-200,L2J,H
AB4DD2,N8274T,C175,CESSNA 175 Skylark,L1P,L
AB53D2,N829RS,ULAC,,L0-,-
AB54D2,N8291N,P28A,PIPER PA-28-140/150/160/180,L1P,L
AB56D2,N83JJ,GL5T,BOMBARDIER BD-700 Global 5000/5500,L2J,M
AB5ED2,N8313,CRBN,CURTISS-ROBERTSON Robin,L1P,L
AB5FD2,N832AK,R44,ROBINSON R-44 Raven,H1P,L
AB62D2,N8325C,P28R,PIPER PA-28R-180/200/201,L1P,L
AB69D2,N83418,PA18,PIPER PA-18 Super Cub,L1P,L
AB6AD2,N8349J,MOR2,MORRISEY Nifty,L1P,L
AB71D2,N8366D,BE35,BEECH 35 Starfire Bonanza,L1P,L
AB73D2,N837R,BE35,BEECH 35 Starfire Bonanza,L1P,L
AB75D2,N8378G,C421,CESSNA 421 Executive Commuter,L2P,L
AB76D2,N838HS,DRON,,D0-,-
AB78D2,N83829,,,,
AB7CD2,N8395B,C172,CESSNA 172 Skyhawk,L1P,L
AB86D2,N8416Z,C210,CESSNA 201 Centurion,L1P,L
AB89D2,N8421R,P28A,PIPER PA-28-140/150/160/180,L1P,L
AB91D2,N8445X,P28A,PIPER PA-28-140/150/160/180,L1P,L
AB94D2,N8450P,PA24,PIPER PA-24 Comanche,L1P,L
AB99D2,N84693,CH7A,BELLANCA 7 Champion,L1P,L
ABA3D2,N8491Q,T206,CESSNA T206 Turbo Stationair,L1P,L
ABA9D2,N85009,CH7A,BELLANCA 7 Champion,L1P,L
ABACD2,N851UA,A319,AIRBUS A-319,L2J,M
ABADD2,N8513B,C172,CESSNA 172 Skyhawk,L1P,L
ABAED2,N852AM,TBM7,SOCATA TBM-700A/B/C,L1T,L
ABB1D2,N8525E,CH7A,BELLANCA 7 Champion,L1P,L
ABB7D2,N854SP,PETR,EDRA Super Petrel,A1P,L
ABB9D2,N8549L,CJ1,CORBY CJ-1 Starlet,L1P,L
ABBED2,N856ND,PA44,PIPER PA-44 Seminole,L2P,L
ABC3D2,N85708,CH7A,BELLANCA 7 Champion,L1P,L
ABC4D2,N8578J,C150,CESSNA 150,L1P,L
ABC8D2,N859AL,T206,CESSNA T206 Turbo Stationair,L1P,L
ABCCD2,N86DJ,DEFI,RUTAN 40 Defiant,L2P,L
ABD5D2,N86161,AR11,AERONCA 11 Chief,L1P,L
ABDDD2,N864BF,H25B,HAWKER BEECHCRAFT Hawker 750/850,L2J,M
ABDED2,N864MM,C750,CESSNA 750 Citation 10,L2J,M
ABE4D2,N86572,,,,
ABF1D2,N869RW,E170,EMBRAER ERJ-170-100,L2J,M
ABF2D2,N8691S,C150,CESSNA 150,L1P,L
ABF3D2,N86983,CH7A,BELLANCA 7 Champion,L1P,L
ABF4D2,N87JN,LNC2,LANCAIR 200-320,L1P,L
ABF9D2,N8708M,BE23,BEECH 23 Sundowner,L1P,L
AC04D2,N8737K,S108,STINSON 108 Voyager,L1P,L
AC07D2,N8742B,C172,CESSNA 172 Skyhawk,L1P,L
AC08D2,N8749N,P28A,PIPER PA-28-140/150/160/180,L1P,L
AC0BD2,N8754E,P28A,PIPER PA-28-140/150/160/180,L1P,L
AC0FD2,N8766H,G164,GRUMMAN G-164 Ag-Cat,L1P,L
AC11D2,N877RD,P28R,PIPER PA-28R-180/200/201,L1P,L
AC12D2,N8771,,,,
AC13D2,N8778L,PA25,PIPER PA-25 Pawnee,L1P,L
AC16D2,N8783C,PA18,PIPER PA-18 Super Cub,L1P,L
AC1BD2,N88DL,C195,CESSNA 195,L1P,L
AC22D2,N881PA,C82S,CESSNA T182 Turbo Skylane,L1P,L
AC24D2,N88163,J3,PIPER J-3 Cub,L1P,L
AC25D2,N882FT,PA44,PIPER PA-44 Seminole,L2P,L
AC2BD2,N8833Y,PA30,PIPER PA-30 Twin Comanche,L2P,L
AC2CD2,N884BH,RV12,VANS RV-12,L1P,L
AC2FD2,N88451,BL8,BELLANCA 8 Decathlon,L1P,L
AC31D2,N885QM,C182,CESSNA 182 Skylane,L1P,L
AC32D2,N8850T,C182,CESSNA 182 Skylane,L1P,L
AC33D2,N88574,J3,PIPER J-3 Cub,L1P,L
AC35D2,N886TK,BE20,BEECH 200 Super King Air,L2T,M
AC3CD2,N888P,PA23,PIPER PA-23,L2P,L
AC3DD2,N888ZF,GLF6,GULFSTREAM G650,L2J,M
AC41D2,N8891U,C172,CESSNA 172 Skyhawk,L1P,L
AC4BD2,N8913F,H269,HUGHES Sky Knight,H1P,L
AC52D2,N8930A,BE35,BEECH 35 Starfire Bonanza,L1P,L
AC53D2,N8937M,BE35,BEECH 35 Starfire Bonanza,L1P,L
AC56D2,N8942D,PA22,PIPER PA-22,L1P,L
AC5BD2,N896CB,SEAW,Seawind,A1P,L
AC69D2,N8995H,NAVI,NORTH AMERICAN Navion,L1P,L
AC6AD2,N9DN,BE35,BEECH 35 Starfire Bonanza,L1P,L
AC6CD2,N90,CL60,BOMBARDIER CL-600 Challenger,L2J,M
AC6FD2,N900GR,,,,
AC71D2,N9002H,C172,CESSNA 172 Skyhawk,L1P,L
AC76D2,N902CF,AS50,AEROSPATIALE AS-350 Ecureuil,H1T,L
AC79D2,N9026P,PA24,PIPER PA-24 Comanche,L1P,L
AC7AD2,N903FD,B752,BOEING 757-200,L2J,M
AC7CD2,N9031F,ULAC,,L0-,-
AC7DD2,N9038S,BE95,BEECH 95 Travel Air,L2P,L
AC7ED2,N904JB,BL8,BELLANCA 8 Decathlon,L1P,L
AC80D2,N9043J,P28A,PIPER PA-28-140/150/160/180,L1P,L
AC81D2,N905AU,A321,AIRBUS A-321,L2J,M
AC82D2,N905M,M20P,MOONEY M-20,L1P,L
AC84D2,N9055M,C180,CESSNA  180 Skywagon,L1P,L
AC88D2,N9067Q,BE35,BEECH 35 Starfire Bonanza,L1P,L
AC8AD2,N907SW,CRJ2,BOMBARDIER Regional Jet CRJ-200,L2J,M
AC8CD2,N9079T,WAIX,SONEX Waiex,L1P,L
AC8FD2,N9084K,S108,STINSON 108 Voyager,L1P,L
AC93D2,N9096N,AC50,NORTH AMERICAN ROCKWELL Commander 500,L2P,L
AC95D2,N91RJ,,,,
AC99D2,N91057,BALL,,B0-,-
AC9AD2,N911EM,DRON,,D0-,-
AC9DD2,N9118,,,,
AC9ED2,N912HK,ULAC,,L0-,-
AC9FD2,N912TR,RV12,VANS RV-12,L1P,L
ACA4D2,N91345,GLID,,L0-,-
ACA5D2,N914D,SR20,CIRRUS SR-20,L1P,L
ACA8D2,N91468,NAVI,NORTH AMERICAN Navion,L1P,L
ACAAD2,N915SD,B06,BELL 206 JetRanger,H1T,L
ACABD2,N91510,C182,CESSNA 182 Skylane,L1P,L
ACADD2,N916JW,BE58,BEECH 58 Baron,L2P,L
ACB2D2,N917Y,B26,DOUGLAS A-26 Invader,L2P,M
ACB5D2,N918QS,C680,CESSNA 680 Citation Sovereign,L2J,M
ACB7D2,N91879,GLID,,L0-,-
ACBAD2,N91921,J3,PIPER J-3 Cub,L1P,L
ACBCD2,N92LG,PA11,PIPER PA-11 Cub Special,L1P,L
ACBED2,N920GT,AA5,AMERICAN AA-5 Tiger,L1P,L
ACC1D2,N9209W,P28B,PIPER PA-28-201T/235/236,L1P,L
ACCAD2,N923RM,,,,
ACD1D2,N925MB,ULAC,,L0-,-
ACD3D2,N9255P,PA24,PIPER PA-24 Comanche,L1P,L
ACD6D2,N9260F,H500,HUGHES 500,H1T,L
ACD8D2,N927GS,M7,MAULE M-7,L1P,L
ACDAD2,N9272J,P28A,PIPER PA-28-140/150/160/180,L1P,L
ACDED2,N9284M,P28A,PIPER PA-28-140/150/160/180,L1P,L
ACE0D2,N929NN,B738,BOEING 737-800,L2J,M
ACE2D2,N9296Q,BE35,BEECH 35 Starfire Bonanza,L1P,L
ACE3D2,N93FE,BE58,BEECH 58 Baron,L2P,L
ACF4D2,N934DB,B739,BOEING 737-900,L2J,M
ACF5D2,N934PH,PA32,PIPER PA-32,L1P,L
ACF8D2,N935G,P28A,PIPER PA-28-140/150/160/180,L1P,L
ACFAD2,N93512,ERCO,AIR PRODUCTS F-1 Aircoupe,L1P,L
ACFBD2,N9359C,C180,CESSNA  180 Skywagon,L1P,L
AD0BD2,N94LJ,RV4,VANS RV-4,L1P,L
AD0ED2,N940TA,P06T,TECNAM P-2006T,L2P,L
AD10D2,N9409Y,BE35,BEECH 35 Starfire Bonanza,L1P,L
AD13D2,N9414Q,BE33,BEECH 33 Bonanza,L1P,L
AD1ED2,N9443N,P28R,PIPER PA-28R-180/200/201,L1P,L
AD22D2,N9455R,SREY,PROGRESSIVE AERODYNE SeaRey,A1P,L
AD23D2,N946DW,SONX,SONEX AIRCRAFT Sonex,L1P,L
AD28D2,N947T,BE35,BEECH 35 Starfire Bonanza,L1P,L
AD29D2,N9472L,,,,
AD2DD2,N9484P,PA24,PIPER PA-24 Comanche,L1P,L
AD32D2,N95FG,,,,
AD38D2,N951ER,C152,CESSNA 152,L1P,L
AD3AD2,N95103,C152,CESSNA 152,L1P,L
AD3BD2,N9518D,C82S,CESSNA T182 Turbo Skylane,L1P,L
AD41D2,N953WT,F260,AERMACCHI SF-260,L1P,L
AD47D2,N955GB,BE36,BEECH 36 Bonanza,L1P,L
AD48D2,N955SH,PA46,PIPER PA-46-310/350,L1P,L
AD49D2,N95514,TAYB,TAYLORCRAFT BC/BF/BL,L1P,L
AD4ED2,N957BS,PA11,PIPER PA-11 Cub Special,L1P,L
AD51D2,N9576,EN28,ENSTROM F-28,H1P,L
AD54D2,N95802,C182,CESSNA 182 Skylane,L1P,L
AD59D2,N96AE,B06,BELL 206 JetRanger,H1T,L
AD5AD2,N96LL,T210,CESSNA T210 Turbo Centurion,L1P,L
AD62D2,N9614S,CH7B,BELLANCA 7 Citabria,L1P,L
AD63D2,N962CM,SBOY,INTERPLANE Skyboy,L1P,L
AD69D2,N9631M,M20P,MOONEY M-20,L1P,L
AD6AD2,N9638Y,BE35,BEECH 35 Starfire Bonanza,L1P,L
AD6DD2,N9643Q,C172,CESSNA 172 Skyhawk,L1P,L
AD6FD2,N965MF,UH1,BELL UH-1 Huey,H1T,L
AD70D2,N965XM,SR22,CIRRUS SR-22,L1P,L
AD77D2,N967TB,DHC2,DE HAVILLAND DHC-2 Beaver,L1P,L
AD84D2,N970NA,PC12,PILATUS PC-12,L1T,L
AD85D2,N970YG,P210,CESSNA P210 Centurion,L1P,L
AD89D2,N97105,S108,STINSON 108 Voyager,L1P,L
AD8AD2,N9718F,C120,CESSNA 120,L1P,L
AD95D2,N9747D,PA22,PIPER PA-22,L1P,L
AD99D2,N9759G,C188,CESSNA 188 AgTruck,L1P,L
ADA0D2,N9776B,C180,CESSNA  180 Skywagon,L1P,L
ADA3D2,N97804,C182,CESSNA 182 Skylane,L1P,L
ADA6D2,N979TW,MD83,MCDONNELL-DOUGLAS MD-83,L2J,M
ADA7D2,N97927,C182,CESSNA 182 Skylane,L1P,L
ADA8D2,N98AG,P68T,PARTENAVIA AP-68 Spartacus,L2T,L
ADADD2,N9802R,BE35,BEECH 35 Starfire Bonanza,L1P,L
ADAED2,N98092,P28A,PIPER PA-28-140/150/160/180,L1P,L
ADB2D2,N982CP,C72R,CESSNA 172R Cutlass RG,L1P,L
ADB9D2,N98380,P28A,PIPER PA-28-140/150/160/180,L1P,L
ADBDD2,N985BB,C25A,CESSNA 525A Citation CJ2,L2J,L
ADC4D2,N9867Y,CH7B,BELLANCA 7 Citabria,L1P,L
ADC6D2,N987TD,P28R,PIPER PA-28R-180/200/201,L1P,L
ADCDD2,N989NU,DRON,,D0-,-
ADCFD2,N9896W,P28A,PIPER PA-28-140/150/160/180,L1P,L
ADD1D2,N99RS,LJ35,LEARJET 35,L2J,M
ADD3D2,N990NC,,,,
ADDDD2,N993AK,BE99,BEECH 99 Airliner,L2T,L
ADE7D2,N99518,ERCO,AIR PRODUCTS F-1 Aircoupe,L1P,L
ADEFD2,N9976D,PA22,PIPER PA-22,L1P,L
ADF1D2,N998R,GLEX,BOMBARDIER BD-700 Global 6000/6500,L2J,M
ADF4D2,N999HS,P28R,PIPER PA-28R-180/200/201,L1P,L
ADF5D2,N999TY,B737,BOEING 737-700,L2J,M
ADF6D2,N99929,ERCO,AIR PRODUCTS F-1 Aircoupe,L1P,L
ADFCD2,94-0115,BE40,BEECH 400 Beechjet,L2J,M
ADFED2,85-51264,BE20,BEECH 200 Super King Air,L2T,M
ADFFD2,65-10447,T38,NORTHROP T-38 Talon,L2J,L
AE00D2,61-0940,T38,NORTHROP T-38 Talon,L2J,L
AE01D2,62-4125,R135,BOEING RC-135,L4J,H
AE02D2,92-3022,C130,LOCKHEED C-130 Hercules,L4T,M
AE03D2,164441,C130,LOCKHEED C-130 Hercules,L4T,M
AE07D2,90-0533,C17,BOEING C-17 Globemaster 3,L4J,H
AE09D2,84-23963,H60,SIKORSKY UH-60 Black Hawk,H2T,M
AE0BD2,79-23284,H60,SIKORSKY UH-60 Black Hawk,H2T,M
AE0DD2,84-23956,H60,SIKORSKY UH-60 Black Hawk,H2T,M
AE11D2,71-1407,E3TF,BOEING E-3 Sentry (TF33),L4J,H
AE1DD2,166543,H60,SIKORSKY UH-60 Black Hawk,H2T,M
AE1ED2,166077,TEX2,BEECHCRAFT T-6 Texan 2,L1T,L
AE1FD2,11-72195,EC45,AIRBUS HELICOPTERS EC-145,H2T,L
AE23D2,07-05513,H64,MCDONNELL DOUGLAS AH-64 Apache,H2T,M
AE26D2,88-0444,F16,GENERAL DYNAMICS F-16 Fighting Falcon,L1J,M
AE29D2,08-6205,C30J,LOCKHEED MARTIN C-130J Super Hercules,L4T,M
AE2ED2,166085,TEX2,BEECHCRAFT T-6 Texan 2,L1T,L
AE4ED2,10-0103,SR20,CIRRUS SR-20,L1P,L
AE4FD2,168130,H60,SIKORSKY UH-60 Black Hawk,H2T,M
AE51D2,11-20423,H60,SIKORSKY UH-60 Black Hawk,H2T,M
AE54D2,12-5769,C30J,LOCKHEED MARTIN C-130J Super Hercules,L4T,M
AE56D2,13-20618,H60,SIKORSKY UH-60 Black Hawk,H2T,M
AE57D2,2008,C30J,LOCKHEED MARTIN C-130J Super Hercules,L4T,M
AE59D2,14-08457,H47,BOEING-VERTOL CH-47 Chinook,H2T,M
AE5AD2,15-20752,H60,SIKORSKY UH-60 Black Hawk,H2T,M
AE5BD2,15-20791,H60,SIKORSKY UH-60 Black Hawk,H2T,M
AE5ED2,162048,B06,BELL 206 JetRanger,H1T,L
AE63D2,65-10324,T38,NORTHROP T-38 Talon,L2J,L
AE6CD2,17-03167,H64,MCDONNELL DOUGLAS AH-64 Apache,H2T,M
C000D2,C-FAIB,J3,PIPER J-3 Cub,L1P,L
C001D2,C-FARX,A109,AGUSTA AW-109 Grand,H2T,L
C002D2,C-FBBT,B214,BELL 214,H1T,M
C005D2,C-FCFH,CH70,ZENAIR CH-701 Stol,L1P,L
C007D2,C-FCYZ,NAVI,NORTH AMERICAN Navion,L1P,L
C009D2,C-FDSR,P28U,PIPER PA-28RT-201T Turbo,L1P,L
C00AD2,C-FECN,,,,
C00BD2,C-FEMJ,P28B,PIPER PA-28-201T/235/236,L1P,L
C00CD2,C-FEWF,CH7A,BELLANCA 7 Champion,L1P,L
C00ED2,C-FFPX,CH7B,BELLANCA 7 Citabria,L1P,L
C00FD2,C-FFZT,PA18,PIPER PA-18 Super Cub,L1P,L
C010D2,C-FGJP,,,,
C012D2,C-FHDH,,,,
C014D2,C-FHWZ,GY20,CAB GY-20 Minicab,L1P,L
C015D2,C-FIGV,RV6,VANS RV-6,L1P,L
C016D2,C-FIQR,,,,
C018D2,C-FJKJ,TAYA,TAYLORCRAFT A,L1P,L
C019D2,C-FJUF,AR11,AERONCA 11 Chief,L1P,L
C01AD2,C-FKEB,C550,CESSNA 550 Citation S2,L2J,L
C01BD2,C-FKNX,B06,BELL 206 JetRanger,H1T,L
C01DD2,C-FLHP,,,,
C01ED2,C-FLRL,,,,
C01FD2,C-FMBH,P28A,PIPER PA-28-140/150/160/180,L1P,L
C020D2,C-FMLD,PA12,PIPER PA-12 Super Cruiser,L1P,L
C021D2,C-FMUZ,,,,
C022D2,C-FNEV,,,,
C023D2,C-FNOR,FA62,FAIRCHILD M-26 Cornell,L1P,L
C024D2,C-FNYN,NDIC,NORMAN Nordic,L1P,L
C025D2,C-FOIJ,B762,BOEING 767-200,L2J,H
C027D2,C-FPCB,T210,CESSNA T210 Turbo Centurion,L1P,L
C028D2,C-FPLX,,,,
C029D2,C-FPVT,C172,CESSNA 172 Skyhawk,L1P,L
C02DD2,C-FRJD,P28B,PIPER PA-28-201T/235/236,L1P,L
C02ED2,C-FRSZ,R44,ROBINSON R-44 Raven,H1P,L
C02FD2,C-FSCV,BE55,BEECH 55 Baron,L2P,L
C030D2,C-FSMR,PA11,PIPER PA-11 Cub Special,L1P,L
C031D2,C-FSWN,PA31,PIPER PA-31-300/310/325/350/425,L2P,L
C032D2,C-FTGJ,,,,
C033D2,C-FTQF,C172,CESSNA 172 Skyhawk,L1P,L
C034D2,C-FUAB,R22,ROBINSON R-22 Mariner,H1P,L
C036D2,C-FUTT,C182,CESSNA 182 Skylane,L1P,L
C038D2,C-FVNL,BALL,,B0-,-
C03AD2,C-FWHD,C150,CESSNA 150,L1P,L
C03BD2,C-FWQZ,C150,CESSNA 150,L1P,L
C03DD2,C-FXKR,C150,CESSNA 150,L1P,L
C03ED2,C-FXUN,DHC2,DE HAVILLAND DHC-2 Beaver,L1P,L
C040D2,C-FYOF,P28A,PIPER PA-28-140/150/160/180,L1P,L
C041D2,C-FYYB,C182,CESSNA 182 Skylane,L1P,L
C042D2,C-FZHX,C150,CESSNA 150,L1P,L
C043D2,C-FZRT,C170,CESSNA 170,L1P,L
C044D2,C-GABP,DH8C,DE HAVILLAND DHC-8-300 Dash 8,L2T,M
C045D2,C-GALL,B06,BELL 206 JetRanger,H1T,L
C046D2,C-GAVH,B06,BELL 206 JetRanger,H1T,L
C047D2,C-GBFD,C210,CESSNA 201 Centurion,L1P,L
C048D2,C-GBOZ,PA34,PIPER PA-34 Seneca,L2P,L
C049D2,C-GBYV,C421,CESSNA 421 Executive Commuter,L2P,L
C04AD2,C-GCIR,B412,BELL 412,H2T,L
C04BD2,C-GCSN,ACRO,ACRO SPORT 1,L1P,L
C04CD2,C-GDCJ,DHC2,DE HAVILLAND DHC-2 Beaver,L1P,L
C04DD2,C-GDMF,RV6,VANS RV-6,L1P,L
C04ED2,C-GDWB,C206,CESSNA  206 Stationair,L1P,L
C04FD2,C-GEFX,E300,EXTRA EA-300/330/350,L1P,L
C050D2,C-GEPT,RV10,VANS RV-10,L1P,L
C051D2,C-GEZP,AR11,AERONCA 11 Chief,L1P,L
C052D2,C-GFJL,,,,
C053D2,C-GFTH,C172,CESSNA 172 Skyhawk,L1P,L
C054D2,C-GGDD,PA18,PIPER PA-18 Super Cub,L1P,L
C055D2,C-GGMZ,DH8D,DE HAVILLAND DHC-8-400 Dash 8,L2T,M
C056D2,C-GGWV,B734,BOEING 737-400,L2J,M
C058D2,C-GHQN,NAVI,NORTH AMERICAN Navion,L1P,L
C059D2,C-GIAJ,B752,BOEING 757-200,L2J,M
C05BD2,C-GIUB,A321,AIRBUS A-321,L2J,M
C05DD2,C-GJNT,MR35,MURPHY SR-3500 Super Rebel,L1P,L
C05ED2,C-GJXP,AT5T,AIR TRACTOR AT-504,L1T,L
C05FD2,C-GKHL,KA27,KAMOV Ka-252,H2T,M
C060D2,C-GKRH,B06,BELL 206 JetRanger,H1T,L
C061D2,C-GLBD,,,,
C063D2,C-GLUV,F900,DASSAULT Falcon 900,L3J,M
C064D2,C-GMER,SR22,CIRRUS SR-22,L1P,L
C065D2,C-GMON,DH8C,DE HAVILLAND DHC-8-300 Dash 8,L2T,M
C066D2,C-GMYJ,M20P,MOONEY M-20,L1P,L
C067D2,C-GNIF,P28R,PIPER PA-28R-180/200/201,L1P,L
C068D2,C-GNSB,E55P,EMBRAER EMB-505 Phenom 300,L2J,M
C069D2,C-GOBX,BL8,BELLANCA 8 Decathlon,L1P,L
C06AD2,C-GOLT,B06,BELL 206 JetRanger,H1T,L
C06BD2,C-GOVP,,,,
C06CD2,C-GPFL,,,,
C06DD2,C-GPPH,,,,
C06ED2,C-GPZD,C172,CESSNA 172 Skyhawk,L1P,L
C06FD2,C-GQIZ,BOLT,STEEN Skybolt,L1P,L
C071D2,C-GRCR,P28A,PIPER PA-28-140/150/160/180,L1P,L
C072D2,C-GRMN,AA5,AMERICAN AA-5 Tiger,L1P,L
C073D2,C-GRWJ,P28R,PIPER PA-28R-180/200/201,L1P,L
C074D2,C-GSGF,DHC6,DE HAVILLAND DHC-6 Twin Otter,L2T,L
C075D2,C-GSQB,B407,BELL 407,H1T,L
C078D2,C-GTTP,PTS1,PITTS S-1 Special,L1P,L
C079D2,C-GUDL,M7,MAULE M-7,L1P,L
C07AD2,C-GUNH,C340,CESSNA 340 Super,L2P,L
C07BD2,C-GUXD,GYRO,,G0-,-
C07CD2,C-GVGZ,,,,
C07DD2,C-GVQV,P28A,PIPER PA-28-140/150/160/180,L1P,L
C07ED2,C-GWAR,,,,
C07FD2,C-GWKN,BALL,,B0-,-
C080D2,C-GWUJ,C150,CESSNA 150,L1P,L
C081D2,C-GXEF,GL7T,BOMBARDIER BD-700 Global 7000/7500,L2J,M
C082D2,C-GXOB,AT8T,AIR TRACTOR AT-802,L1T,M
C084D2,C-GYHT,B06,BELL 206 JetRanger,H1T,L
C085D2,C-GYRP,,,,
C086D2,C-GZBL,AS55,AEROSPATIALE AS-355 Ecureuil 2,H2T,L
C087D2,C-GZLH,ULAC,,L0-,-
C088D2,C-GZVD,RV6,VANS RV-6,L1P,L
C089D2,C-IAEZ,BEVR,ASAP Beaver,L1P,L
C08AD2,C-IAOV,ULAC,,L0-,-
C08BD2,C-IAYR,ULAC,,L0-,-
C08DD2,C-IBSJ,CHIN,ASAP Chinook,L1P,L
C08ED2,C-ICCF,,,,
C090D2,C-ICVX,DSA1,SMITH DSA-1 Miniplane,L1P,L
C092D2,C-IDPP,ZZZZ,,-0-,-
C097D2,C-IFMV,BEVR,ASAP Beaver,L1P,L
C098D2,C-IFWR,ULAC,,L0-,-
C099D2,C-IGGN,ULAC,,L0-,-
C09AD2,C-IGQJ,ZZZZ,,-0-,-
C09CD2,C-IHKB,,,,
C09FD2,C-IINP,PARA,,P0-,-
C0A2D2,C-IJRD,FOX,KITFOX,L1P,L
C0A5D2,C-IKUR,PARA,,P0-,-
C0A6D2,C-ILEN,ULAC,,L0-,-
C0A7D2,C-ILOJ,,,,
C0A8D2,C-ILYF,,,,
C0C0D2,C-IVAN,ULAC,,L0-,-
C1E9D2,SERV,SERV,,V0-,-
C804D2,ZK-ETT,C172,CESSNA 172 Skyhawk,L1P,L
C807D2,ZK-GDJ,GLID,,L0-,-
C80AD2,ZK-CLJ,PA22,PIPER PA-22,L1P,L
C80CD2,ZK-FTJ,ULAC,,L0-,-
C813D2,ZK-RVC,RV6,VANS RV-6,L1P,L
C815D2,ZK-SRY,SREY,PROGRESSIVE AERODYNE SeaRey,A1P,L
C816D2,ZK-LPD,PNR3,ALPI Pioneer 330,L1P,L
C817D2,ZK-HFV,R44,ROBINSON R-44 Raven,H1P,L
C81AD2,ZK-JRC,ZZZZ,,-0-,-
C81BD2,ZK-JMR,C172,CESSNA 172 Skyhawk,L1P,L
C81ED2,ZK-CGM,EVSS,EVEKTOR SportStar,L1P,L
C820D2,ZK-NZF,B789,BOEING 787-9 Dreamliner,L2J,H
C821D2,ZK-ITI,EC30,AIRBUS HELICOPTERS EC-130,H1T,L
C822D2,ZK-IDI,AS50,AEROSPATIALE AS-350 Ecureuil,H1T,L
C823D2,ZK-HUC,AS50,AEROSPATIALE AS-350 Ecureuil,H1T,L
C828D2,ZK-HKU,H60,SIKORSKY UH-60 Black Hawk,H2T,M
E020D2,LQ-BCR,PAY2,PIPER PA-31T2-620 Cheyenne 2,L2T,L
E072D2,LV-GKR,PA25,PIPER PA-25 Pawnee,L1P,L
E0A2D2,LV-JKR,R44,ROBINSON R-44 Raven,H1P,L
E0D3D2,LV-MOR,P210,CESSNA P210 Centurion,L1P,L
E47FD2,PR-IRB,BE9L,BEECH 90 King Air,L2T,L
E480D2,PR-MHQ,A320,AIRBUS A-320,L2J,M
E481D2,PR-OTE,BE9L,BEECH 90 King Air,L2T,L
E482D2,PR-LCZ,S76,SIKORSKY S-76 Spirit,H2T,L
E483D2,N-4004,LYNX,AGUSTAWESTLAND AW-159 Super Lynx,H2T,L
E48CD2,PP-MML,EC35,AIRBUS HELICOPTERS EC-135/635,H2T,L
E48FD2,PP-IBR,E55P,EMBRAER EMB-505 Phenom 300,L2J,M
E492D2,PR-FVF,E55P,EMBRAER EMB-505 Phenom 300,L2J,M
E493D2,PT-ZKW,RV10,VANS RV-10,L1P,L
E494D2,PP-OES,LJ40,LEARJET 40,L2J,M
E497D2,PS-ALR,BE9L,BEECH 90 King Air,L2T,L
E499D2,PS-MAA,E50P,EMBRAER EMB-500 Phenom 100,L2J,L
E880D2,ZP-TWG,C303,CESSNA T303 Crusader,L2P,L
