008DE3,ZS-FGC,B738,BOEING 737-800,L2J,M
00A2E3,ZS-NEW,P32R,PIPER PA-32R-300/301/301T,L1P,L
00A7E3,ZS-PCC,B190,BEECH 1900,L2T,M
0100E3,SU-MMN,B350,BEECHCRAFT Super King Air 350,L2T,M
0101E3,SU-TML,B737,BOEING 737-700,L2J,M
04C0E3,5Y-FFG,E190,EMBRAER ERJ-190-100,L2J,M
04C1E3,5Y-CRZ,E145,EMBRAER ERJ-145,L2J,M
0641E3,5N-BLA,H25B,HAWKER BEECHCRAFT Hawker 750/850,L2J,M
06A0E3,A7-AMD,A359,AIRBUS A-350-900,L2J,H
06A2E3,A7-BFV,B77L,BOEING 777-200LR,L2J,H
0900E3,D2-FHK,J328,Dornier 328 JET,L2J,M
0AC7E3,FAC4482,B06,BELL 206 JetRanger,H1T,L
0B04E3,CU-T1251,IL96,ILYUSHIN Il-96,L4J,H
0C20E3,HP-2771,BE55,BEECH 55 Baron,L2P,L
0D05E3,XA-CHE,GLF4,GULFSTREAM 4,L2J,M
0D06E3,XA-PTR,GLF4,GULFSTREAM 4,L2J,M
0D08E3,XA-LAS,H25B,HAWKER BEECHCRAFT Hawker 750/850,L2J,M
0D09E3,XA-FLA,E55P,EMBRAER EMB-505 Phenom 300,L2J,M
0D0AE3,XA-FUF,E35L,EMBRAER EMB-135 Legacy,L2J,M
0D0BE3,XA-AHX,R66,ROBINSON R-66,H1T,L
0D0CE3,XB-MWO,PA46,PIPER PA-46-310/350,L1P,L
0D0DE3,XA-VAM,A320,AIRBUS A-320,L2J,M
1059E3,GND,GND,,V0-,-
1101E3,GND,GND,,V0-,-
140AE3,RA-02787,PRM1,RAYTHEON 390 Premier 1,L2J,L
151DE3,RA-73187,B738,BOEING 737-800,L2J,M
151EE3,RA-73443,A21N,AIRBUS A-321neo,L2J,M
151FE3,RA-73699,A319,AIRBUS A-319,L2J,M
152BE3,RA-76771,,,,
155BE3,RA-89059,SU95,SUKHOI Superjet 100-95,L2J,M
3003E3,I-IIVR,RV7,VANS RV-7,L1P,L
3004E3,I-RYMA,A109,AGUSTA AW-109 Grand,H2T,L
3005E3,I-LCIH,A189,AGUSTA AW-189,H2T,M
31D8E3,I-7622,SAVG,ZLIN AVIATION Savage,L1P,L
33FFE3,MM62193,C130,LOCKHEED C-130 Hercules,L4T,M
3848E3,F-BSHD,C172,CESSNA 172 Skyhawk,L1P,L
384AE3,F-BSXD,RALL,SOCATA Rallye,L1P,L
3902E3,F-GAXD,R200,ROBIN Alpha,L1P,L
3908E3,F-GCHD,C152,CESSNA 152,L1P,L
390CE3,F-GDHD,BN2P,BRITTEN-NORMAN BN-2 Islander,L2P,L
3916E3,F-GFXD,DR40,ROBIN DR-400,L1P,L
391AE3,F-GGXD,DR40,ROBIN DR-400,L1P,L
391EE3,F-GHXD,AC11,NORTH AMERICAN ROCKWELL Commander 112/114,L1P,L
3926E3,F-GJXD,TOBA,SOCATA Tobago,L1P,L
3932E3,F-GMXD,DR40,ROBIN DR-400,L1P,L
393CE3,F-GPHD,R44,ROBINSON R-44 Raven,H1P,L
3946E3,F-GRXD,A319,AIRBUS A-319,L2J,M
3949E3,F-GSPD,B772,BOEING 777-200,L2J,H
394DE3,F-GTPD,DR40,ROBIN DR-400,L1P,L
3952E3,F-GUXD,DR40,ROBIN DR-400,L1P,L
395CE3,F-GXHD,ATL,ROBIN ATL,L1P,L
3964E3,F-GZHD,B738,BOEING 737-800,L2J,M
3981E3,F-HAPD,C172,CESSNA 172 Skyhawk,L1P,L
3986E3,F-HBXD,E170,EMBRAER ERJ-170-100,L2J,M
398AE3,F-HCXD,R44,ROBINSON R-44 Raven,H1P,L
3991E3,F-HEPD,A320,AIRBUS A-320,L2J,M
39B4E3,F-HNHD,P06T,TECNAM P-2006T,L2P,L
39D6E3,F-HVXD,WT9,AEROSPOOL WT-9 Dynamic,L1P,L
3A22E3,F-OIXD,AT45,ATR-42-500,L2T,M
3AAAE3,F-MCGQ,AS32,AEROSPATIALE AS-332 Super Puma,H2T,M
3AABE3,F-MBHM,TIGR,AIRBUS HELICOPTERS EC-665 Tiger,H2T,L
3B9BE3,32,FA10,DASSAULT Falcon 100,L2J,M
3C49E3,D-ABOC,B753,BOEING 757-300,L2J,M
3C56E3,D-AEWC,A320,AIRBUS A-320,L2J,M
3C5EE3,D-AGWC,A319,AIRBUS A-319,L2J,M
3C66E3,D-AIWC,A320,AIRBUS A-320,L2J,M
3CCDE3,D-CFGT,PC24,PILATUS PC-24,L2J,M
3CD6E3,D-CIRJ,D328,DORNIER 328,L2T,M
3D04E3,D-EACH,P28A,PIPER PA-28-140/150/160/180,L1P,L
3D05E3,D-EAMD,P28U,PIPER PA-28RT-201T Turbo,L1P,L
3D06E3,D-EAVZ,A210,AQUILA A-210,L1P,L
3D08E3,D-EBPR,HR20,ROBIN HR-200,L1P,L
3D0CE3,D-EDDB,C172,CESSNA 172 Skyhawk,L1P,L
3D0FE3,D-EEGP,C172,CESSNA 172 Skyhawk,L1P,L
3D11E3,D-EFAH,KL07,BOLKOW BO-107,L1P,L
3D12E3,D-EFKD,C172,CESSNA 172 Skyhawk,L1P,L
3D14E3,D-EGDV,DR40,ROBIN DR-400,L1P,L
3D17E3,D-EHHJ,BE33,BEECH 33 Bonanza,L1P,L
3D18E3,D-EHRF,C172,CESSNA 172 Skyhawk,L1P,L
3D19E3,D-EIBB,RALL,SOCATA Rallye,L1P,L
3D1DE3,D-EJOL,KL25,KLEMM L-25,L1P,L
3D22E3,D-ELLR,DR22,CENTRE EST Dauphin,L1P,L
3D24E3,D-EMFJ,P28B,PIPER PA-28-201T/235/236,L1P,L
3D25E3,D-EMPF,C177,CESSNA  177 Cardinal,L1P,L
3D27E3,D-ENIX,P28A,PIPER PA-28-140/150/160/180,L1P,L
3D28E3,D-ENST,P28A,PIPER PA-28-140/150/160/180,L1P,L
3D2AE3,D-EOML,C182,CESSNA 182 Skylane,L1P,L
3D36E3,D-ETAP,P28A,PIPER PA-28-140/150/160/180,L1P,L
3D41E3,D-EXEX,B209,MBB BO-209 Monsun,L1P,L
3D42E3,D-EXOT,PA46,PIPER PA-46-310/350,L1P,L
3D46E3,D-EZCD,SR20,CIRRUS SR-20,L1P,L
3D4FE3,D-FCMT,PC9,PILATUS PC-9 Hudournik,L1T,L
3D5CE3,D-FHKT,P46T,PIPER PA-46-500TP,L1T,L
3D9BE3,D-GFHB,PA44,PIPER PA-44 Seminole,L2P,L
3DDDE3,D-HEGX,AS32,AEROSPATIALE AS-332 Super Puma,H2T,M
3DE8E3,D-HILF,EC45,AIRBUS HELICOPTERS EC-145,H2T,L
3E02E3,D-HSHF,EC20,AIRBUS HELICOPTERS EC-120,H1T,L
3E04E3,D-HTAX,G2CA,GUIMBAL G-2 Cabri,H1P,L
3E0FE3,D-HXFF,EC45,AIRBUS HELICOPTERS EC-145,H2T,L
3E2AE3,D-IHLB,C402,CESSNA 402 Businessliner,L2P,L
3E5DE3,D-KATF,RF5,FOURNIER RF-5,L1P,L
3E5EE3,D-KBDB,DG60,DG FLUGZEUGBAU DG-600M,L1P,L
3E63E3,D-KDAH,GLID,,L0-,-
3E64E3,D-KDKD,DIMO,DIAMOND H-36 Dimona,L1P,L
3E6EE3,D-KHEP,SF25,SCHEIBE SF-25 Falke,L1P,L
3E7CE3,D-KMML,DIMO,DIAMOND H-36 Dimona,L1P,L
3E7DE3,D-KMWH,VENT,SCHEMPP-HIRTH Ventus,L1P,L
3ED6E3,D-KWIL,AS26,SCHLEICHER ASH-26,L1P,L
3ED7E3,D-KWSH,SF25,SCHEIBE SF-25 Falke,L1P,L
3EE4E3,D-1100,GLID,,L0-,-
3EEAE3,D-2636,GLID,,L0-,-
3EEBE3,D-2892,GLID,,L0-,-
3F04E3,D-9292,GLID,,L0-,-
3F81E3,74+51,TIGR,AIRBUS HELICOPTERS EC-665 Tiger,H2T,L
3FEAE3,D-MNKF,C42,IKARUS C-42 Bison,L1P,L
3FEBE3,D-MPLT,FDCT,FLIGHT DESIGN CT,L1P,L
3FECE3,D-MKAB,ULAC,,L0-,-
3FEDE3,D-MKTI,FDCT,FLIGHT DESIGN CT,L1P,L
3FEFE3,D-MDCK,ZZZZ,,-0-,-
3FF0E3,D-MOND,COY2,RANS Coyote 2,L1P,L
3FF1E3,D-MOPV,FK9,B&F TECHNIK FK-9,L1P,L
3FF2E3,D-MHBE,C42,IKARUS C-42 Bison,L1P,L
4005E3,G-CIVH,B744,BOEING 747-400,L4J,H
400CE3,G-ROMT,R44,ROBINSON R-44 Raven,H1P,L
400EE3,G-BYVF,G115,GROB G-115,L1P,L
400FE3,G-EZBT,A319,AIRBUS A-319,L2J,M
4010E3,G-EDTO,C172,CESSNA 172 Skyhawk,L1P,L
4011E3,G-BJAG,P28A,PIPER PA-28-140/150/160/180,L1P,L
4012E3,G-JCWM,R44,ROBINSON R-44 Raven,H1P,L
4015E3,G-ASPF,D11,JODEL D-11x/12x,L1P,L
4017E3,G-AWWE,PUP,BEAGLE Pup,L1P,L
4018E3,G-LCUB,PA18,PIPER PA-18 Super Cub,L1P,L
401AE3,G-BBKX,P28A,PIPER PA-28-140/150/160/180,L1P,L
401BE3,G-DEND,C150,CESSNA 150,L1P,L
401DE3,G-BGSV,C172,CESSNA 172 Skyhawk,L1P,L
4021E3,G-GOLF,TOBA,SOCATA Tobago,L1P,L
4022E3,G-RUBB,AA5,AMERICAN AA-5 Tiger,L1P,L
4024E3,G-BLWY,HR20,ROBIN HR-200,L1P,L
4025E3,G-AHAP,J1,AUSTER J-1,L1P,L
4026E3,G-BMOF,C206,CESSNA  206 Stationair,L1P,L
402BE3,G-MVDH,ULAC,,L0-,-
402CE3,G-MVJR,ULAC,,L0-,-
402EE3,G-BRDG,P28A,PIPER PA-28-140/150/160/180,L1P,L
4030E3,G-BSCO,BALL,,B0-,-
4031E3,G-NLEE,C182,CESSNA 182 Skylane,L1P,L
4035E3,G-BUGT,GLID,,L0-,-
4037E3,G-OAAA,P28A,PIPER PA-28-140/150/160/180,L1P,L
4038E3,G-BVOS,EUPA,Europa,L1P,L
403BE3,G-BWXF,RF6,FOURNIER RF-6,L1P,L
403DE3,G-BXHR,S10S,STEMME S-10 Chrysalis,L1P,L
403EE3,G-BXPD,DV20,DIAMOND DA-20,L1P,L
4042E3,G-BYZT,ZZZZ,,-0-,-
4043E3,G-ENNK,C172,CESSNA 172 Skyhawk,L1P,L
4048E3,G-CCBJ,SKRA,BEST OFF Sky Ranger,L1P,L
4049E3,G-ORDM,C182,CESSNA 182 Skylane,L1P,L
404AE3,G-TEDW,ULAC,,L0-,-
404CE3,G-CDDP,LAKR,LASER Akro Z,L1P,L
404DE3,G-CDKJ,ULAC,,L0-,-
4050E3,G-CEGK,SVNH,AEROTEC Savannah,L1P,L
4051E3,G-CENO,WT9,AEROSPOOL WT-9 Dynamic,L1P,L
4054E3,G-CJSL,VENT,SCHEMPP-HIRTH Ventus,L1P,L
4058E3,G-ROYM,R44,ROBINSON R-44 Raven,H1P,L
405DE3,G-CJUB,DISC,SCHEMPP-HIRTH Discus,L1P,L
405EE3,G-CJHW,GLID,,L0-,-
405FE3,G-CFUA,RV9,VANS RV-9,L1P,L
4060E3,G-CGKU,G115,GROB G-115,L1P,L
4061E3,G-DUNS,BALL,,B0-,-
4063E3,G-OARS,C172,CESSNA 172 Skyhawk,L1P,L
4067E3,G-IEEF,ULAC,,L0-,-
4068E3,G-CHOJ,BALL,,B0-,-
4069E3,G-IIJI,XA42,XTREMAIR XA-42,L1P,L
406AE3,G-EUYW,A320,AIRBUS A-320,L2J,M
406CE3,G-JRBC,P28A,PIPER PA-28-140/150/160/180,L1P,L
406DE3,G-CINL,SKRA,BEST OFF Sky Ranger,L1P,L
4070E3,G-JZHO,B738,BOEING 737-800,L2J,M
4072E3,G-FLAX,EFOX,AEROPRO Eurofox,L1P,L
4074E3,G-ZBJK,B788,BOEING 787-8 Dreamliner,L2J,H
4076E3,G-NEOU,A21N,AIRBUS A-321neo,L2J,M
4078E3,G-EKHW,P28U,PIPER PA-28RT-201T Turbo,L1P,L
4079E3,G-LGAN,P28A,PIPER PA-28-140/150/160/180,L1P,L
407AE3,G-VXXY,AP32,AEROPRACT A-32,L1P,L
4240E3,VP-BAH,GL5T,BOMBARDIER BD-700 Global 5000/5500,L2J,M
4243E3,VQ-BWW,B744,BOEING 747-400,L4J,H
4247E3,VP-CEB,GLEX,BOMBARDIER BD-700 Global 6000/6500,L2J,M
424BE3,M-KING,LJ45,LEARJET 45,L2J,M
43C1E3,ZJ704,B412,BELL 412,H2T,L
43C5E3,ZM409,A400,AIRBUS A-400M,L4T,H
43C6E3,ZZ379,LYNX,AGUSTAWESTLAND AW-159 Super Lynx,H2T,L
43C8E3,ZM509,EC35,AIRBUS HELICOPTERS EC-135/635,H2T,L
43CAE3,ZK343,EUFI,EUROFIGHTER 2000,L2J,M
43EDE3,2-VVUC,B738,BOEING 737-800,L2J,M
4400E3,OE-IVS,A320,AIRBUS A-320,L2J,M
4402E3,OE-FCS,DA42,DIAMOND DA-42 Guardian,L2P,L
4404E3,OE-AHM,DV20,DIAMOND DA-20,L1P,L
4406E3,OE-XXG,R44,ROBINSON R-44 Raven,H1P,L
4407E3,OE-LUV,E190,EMBRAER ERJ-190-100,L2J,M
4408E3,OE-9331,GLID,,L0-,-
4489E3,OO-BOC,BALL,,B0-,-
4491E3,OO-DOC,LJ45,LEARJET 45,L2J,M
449EE3,OO-GWC,SV4,NORD SV-4,L1P,L
44C1E3,G-14,MD52,MCDONNELL-DOUGLAS MD-520N,H1T,L
44E8E3,OO-ZGC,GLID,,L0-,-
4520E3,LZ-DBM,AT76,ATR-72-600,L2T,M
4588E3,OY-BGC,P28A,PIPER PA-28-140/150/160/180,L1P,L
45A4E3,OY-YEC,E75S,EMBRAER ERJ-170-200 (short wing),L2J,M
45A9E3,OY-JOC,BALL,,B0-,-
45B1E3,OY-LOC,BALL,,B0-,-
45C9E3,OY-ROC,BALL,,B0-,-
4603E3,OH-BMH,BE23,BEECH 23 Sundowner,L1P,L
4690E3,SX-DGC,A320,AIRBUS A-320,L2J,M
46B2E3,SX-LWC,B737,BOEING 737-700,L2J,M
4702E3,HA-BCL,MI2,MIL Mi-2,H2T,L
4784E3,LN-LMG,C185,CESSNA 185 Skywagon,L1P,L
4844E3,PH-1374,S10S,STEMME S-10 Chrysalis,L1P,L
4845E3,PH-SUU,BALL,,B0-,-
4848E3,PH-1171,GLID,,L0-,-
484DE3,PH-2M9,ULAC,,L0-,-
484EE3,PH-HRT,BALL,,B0-,-
484FE3,PH-SJC,BALL,,B0-,-
4850E3,PH-XYZ,DR40,ROBIN DR-400,L1P,L
4851E3,PH-1IB,ZZZZ,,-0-,-
4853E3,PH-1PB,ZZZZ,,-0-,-
4854E3,PH-1ZA,ZZZZ,,-0-,-
4855E3,PH-2HH,ZZZZ,,-0-,-
4856E3,PH-2TO,ZZZZ,,-0-,-
4861E3,PH-KTF,FOX,KITFOX,L1P,L
488CE3,SP-DHD,C182,CESSNA 182 Skylane,L1P,L
489DE3,SP-HPD,R44,ROBINSON R-44 Raven,H1P,L
48C5E3,SP-SPD,AT73,ATR-72-212,L2T,M
48C8E3,SP-THD,C182,CESSNA 182 Skylane,L1P,L
48C9E3,SP-TPD,AAT3,AERO AT-3,L1P,L
48D8E3,1504,C130,LOCKHEED C-130 Hercules,L4T,M
4951E3,CS-TOC,A343,AIRBUS A-340-300,L4J,H
49B9E3,OK-NOC,Z42,ZLIN Z-42/142/242,L1P,L
49C0E3,OK-NUA10,WT9,AEROSPOOL WT-9 Dynamic,L1P,L
49D0E3,OK-GNL,Z42,ZLIN Z-42/142/242,L1P,L
49D1E3,OK-ACE,EC20,AIRBUS HELICOPTERS EC-120,H1T,L
49D2E3,OK-JIH,AN2,ANTONOV An-2,L1P,L
49D4E3,OK-SLM,BE20,BEECH 200 Super King Air,L2T,M
4A35E3,1603,F16,GENERAL DYNAMICS F-16 Fighting Falcon,L1J,M
4A48E3,YR-RGC,KA26,KAMOV Ka-26,H2P,L
4A52E3,YR-TWC,EVSS,EVEKTOR SportStar,L1P,L
4A58E3,YR-VGC,EC55,AIRBUS HELICOPTERS EC-155,H2T,L
4AB4E3,SE-MGC,C182,CESSNA 182 Skylane,L1P,L
4AC9E3,SE-ROC,A20N,AIRBUS A-320neo,L2J,M
4AD5E3,SE-UOC,VENT,SCHEMPP-HIRTH Ventus,L1P,L
4AD9E3,SE-VOC,WT9,AEROSPOOL WT-9 Dynamic,L1P,L
4B05E3,HB-CFZ,C82R,CESSNA R182 Skylane RG,L1P,L
4B0EE3,HB-FQP,PC12,PILATUS PC-12,L1T,L
4B17E3,HB-JBF,BCS1,AIRBUS A220-100,L2J,M
4B18E3,HB-JLB,F900,DASSAULT Falcon 900,L3J,M
4B1AE3,HB-KET,D250,CENTRE EST DR-250 Capitaine,L1P,L
4B1BE3,HB-KOP,SIRA,TECNAM P-2002 Sierra,L1P,L
4B20E3,HB-MLV,E300,EXTRA EA-300/330/350,L1P,L
4B28E3,HB-PMP,P28B,PIPER PA-28-201T/235/236,L1P,L
4B2BE3,HB-QQD,BALL,,B0-,-
4B2CE3,HB-QZZ,BALL,,B0-,-
4B36E3,HB-UUL,BU31,BUCKER Bu-131 Jungmann,L1P,L
4B43E3,HB-ZSL,AS50,AEROSPATIALE AS-350 Ecureuil,H1T,L
4B47E3,HB-828,GLID,,L0-,-
4B49E3,HB-1340,GLID,,L0-,-
4B4DE3,HB-2364,SF25,SCHEIBE SF-25 Falke,L1P,L
4B51E3,HB-3388,GLID,,L0-,-
4B95E3,TC-EOC,DV20,DIAMOND DA-20,L1P,L
4BA0E3,TC-HGC,EC35,AIRBUS HELICOPTERS EC-135/635,H2T,L
4BA8E3,TC-JGC,B738,BOEING 737-800,L2J,M
4BA9E3,TC-JOC,A333,AIRBUS A-330-300,L2J,H
4BB0E3,TC-LGC,A359,AIRBUS A-350-900,L2J,H
4BB1E3,TC-LOC,A333,AIRBUS A-330-300,L2J,H
4BB4E3,TC-MGC,B738,BOEING 737-800,L2J,M
4BCDE3,TC-SOC,B738,BOEING 737-800,L2J,M
4C01E3,YU-APD,A319,AIRBUS A-319,L2J,M
4C05E3,YU-BPD,M18,PZL-MIELEC M-18 Dromader,L1P,L
4CA4E3,EI-RJO,RJ85,AVRO RJ-85 Avroliner,L4J,M
4CA5E3,EI-DXN,CH60,ZENAIR CH-600 Zodiac,L1P,L
4CA6E3,EI-FWB,SU95,SUKHOI Superjet 100-95,L2J,M
4CA8E3,EJ-ADMI,GLF6,GULFSTREAM G650,L2J,M
4CA9E3,EI-RND,E190,EMBRAER ERJ-190-100,L2J,M
4CC2E3,TF-NLD,DHC6,DE HAVILLAND DHC-6 Twin Otter,L2T,L
4CC3E3,TF-AAD,B744,BOEING 747-400,L4J,H
4CC4E3,TF-TEN,TWEN,TECNAM Twenty-Ten,L1P,L
4D20E3,9H-VFH,CL60,BOMBARDIER CL-600 Challenger,L2J,M
4D23E3,9H-TAU,B38M,BOEING 737 MAX 8,L2J,M
5000E3,T7-CLM,P32R,PIPER PA-32R-300/301/301T,L1P,L
5001E3,T7-ME7,A21N,AIRBUS A-321neo,L2J,M
502CE3,YL-CSI,BCS3,AIRBUS A220-300,L2J,M
505DE3,OM-DOC,WT9,AEROSPOOL WT-9 Dynamic,L1P,L
505EE3,OM-LWC,DA42,DIAMOND DA-42 Guardian,L2P,L
5081E3,UR-CHX,MD82,MCDONNELL-DOUGLAS MD-82,L2J,M
5082E3,UR-ELEL,EC20,AIRBUS HELICOPTERS EC-120,H1T,L
5083E3,UR-AZC,B763,BOEING 767-300,L2J,H
5100E3,EW-493LL,DA40,DIAMOND DA-40 Club Star,L1P,L
5110E3,ES-KLT,P180,PIAGGIO P-180 Avanti,L2T,L
6010E3,EX-47002,B742,BOEING 747-200,L4J,H
6830E3,UP-C8503,CRJ2,BOMBARDIER Regional Jet CRJ-200,L2J,M
7101E3,HZ-MF2,B737,BOEING 737-700,L2J,M
7102E3,1625,C130,LOCKHEED C-130 Hercules,L4T,M
717CE3,HZ-AL59,A139,AGUSTA AW-139,H2T,L
7324E3,EP-IGC,F900,DASSAULT Falcon 900,L3J,M
7335E3,EP-MOC,B463,BRITISH AEROSPACE 146-300,L4J,M
7394E3,4X-HRP,NG5,BRM AERO NG-5/6 Bristell,L1P,L
7504E3,9M-DON,C172,CESSNA 172 Skyhawk,L1P,L
7580E3,RP-C298,BE9L,BEECH 90 King Air,L2T,L
7585E3,RP-C1719,B350,BEECHCRAFT Super King Air 350,L2T,M
7609E3,AP-BOC,A320,AIRBUS A-320,L2J,M
7624E3,AP-IGC,CL60,BOMBARDIER CL-600 Challenger,L2J,M
76B4E3,9V-MGC,B738,BOEING 737-800,L2J,M
76CCE3,9V-SGC,A359,AIRBUS A-350-900,L2J,H
7801E3,B-LDH,A306,AIRBUS A-300-600,L2J,H
7802E3,B-5191,B738,BOEING 737-800,L2J,M
7803E3,B-6322,A320,AIRBUS A-320,L2J,M
7804E3,B-9410,C172,CESSNA 172 Skyhawk,L1P,L
7806E3,B-6736,A320,AIRBUS A-320,L2J,M
7808E3,B-6921,A320,AIRBUS A-320,L2J,M
7809E3,B-5742,B738,BOEING 737-800,L2J,M
780AE3,B-5289,B737,BOEING 737-700,L2J,M
780BE3,B-1929,B738,BOEING 737-800,L2J,M
780CE3,B-1896,A320,AIRBUS A-320,L2J,M
780DE3,B-1678,A320,AIRBUS A-320,L2J,M
780EE3,B-7031,B738,BOEING 737-800,L2J,M
780FE3,B-8503,A321,AIRBUS A-321,L2J,M
7810E3,B-10ME,C172,CESSNA 172 Skyhawk,L1P,L
7811E3,B-8687,A321,AIRBUS A-321,L2J,M
7812E3,B-5999,GLF5,GULFSTREAM 5,L2J,M
7814E3,B-10VU,SR20,CIRRUS SR-20,L1P,L
7816E3,B-308W,A20N,AIRBUS A-320neo,L2J,M
7818E3,B-10L9,ULAC,,L0-,-
781BE3,B-725U,C172,CESSNA 172 Skyhawk,L1P,L
781CE3,B-327S,A21N,AIRBUS A-321neo,L2J,M
7C00E3,VH-AGL,AS50,AEROSPATIALE AS-350 Ecureuil,H1T,L
7C02E3,VH-AUT,R66,ROBINSON R-66,H1T,L
7C0AE3,VH-CFP,SR22,CIRRUS SR-22,L1P,L
7C0CE3,VH-CTX,CH7B,BELLANCA 7 Citabria,L1P,L
7C10E3,VH-DMD,BE58,BEECH 58 Baron,L2P,L
7C14E3,VH-EET,SR22,CIRRUS SR-22,L1P,L
7C19E3,VH-FED,AT8T,AIR TRACTOR AT-802,L1T,M
7C25E3,VH-HRP,AEST,AEROSTAR 600,L2P,L
7C2BE3,VH-IYD,P32R,PIPER PA-32R-300/301/301T,L1P,L
7C30E3,VH-JXX,R22,ROBINSON R-22 Mariner,H1P,L
7C39E3,VH-LPX,LJ31,LEARJET 31,L2J,M
7C3FE3,VH-MWL,C82R,CESSNA R182 Skylane RG,L1P,L
7C41E3,VH-NAT,M5,MAULE M-5,L1P,L
7C46E3,VH-OAD,C402,CESSNA 402 Businessliner,L2P,L
7C49E3,VH-OVP,BE58,BEECH 58 Baron,L2P,L
7C5DE3,VH-STX,R22,ROBINSON R-22 Mariner,H1P,L
7C65E3,VH-UET,BE35,BEECH 35 Starfire Bonanza,L1P,L
7C6AE3,VH-VED,SF34,SAAB 340,L2T,M
7C6BE3,VH-VLH,SR22,CIRRUS SR-22,L1P,L
7C6DE3,VH-VZP,B738,BOEING 737-800,L2J,M
7C6FE3,VH-WDX,C82R,CESSNA R182 Skylane RG,L1P,L
7C74E3,VH-XDH,P28A,PIPER PA-28-140/150/160/180,L1P,L
7C76E3,VH-XRP,RV7,VANS RV-7,L1P,L
7C7FE3,VH-ZJP,AS50,AEROSPATIALE AS-350 Ecureuil,H1T,L
7C81E3,VH-ZXX,AS55,AEROSPATIALE AS-355 Ecureuil 2,H2T,L
7CF8E3,A17-039,B06,BELL 206 JetRanger,H1T,L
7CF9E3,A54-012,PC21,PILATUS PC-21,L1T,L
8000E3,K3077,IL76,ILYUSHIN Il-76/82,L4J,H
8003E3,VT-ALK,B77W,BOEING 777-300ER,L2J,H
8005E3,VT-RTR,PRM1,RAYTHEON 390 Premier 1,L2J,L
800CE3,VT-WGR,A20N,AIRBUS A-320neo,L2J,M
8013E3,VT-IXS,AT76,ATR-72-600,L2T,M
8014E3,VT-VRV,LJ45,LEARJET 45,L2J,M
8413E3,JA05HD,EC35,AIRBUS HELICOPTERS EC-135/635,H2T,L
8414E3,JA05TV,B430,BELL 430,H2T,L
8515E3,JA32AR,EC45,AIRBUS HELICOPTERS EC-145,H2T,L
8526E3,JA373R,PA46,PIPER PA-46-310/350,L1P,L
86EEE3,JA8939,B734,BOEING 737-400,L2J,M
8855E3,HS-UOC,A139,AGUSTA AW-139,H2T,L
8880E3,VN-A865,B789,BOEING 787-9 Dreamliner,L2J,H
8953E3,V8-OAS,B788,BOEING 787-8 Dreamliner,L2J,H
8960E3,A6-EDB,A388,AIRBUS A-380-800,L4J,H
8962E3,A6-AFE,A333,AIRBUS A-330-300,L2J,H
8963E3,A6-EPT,B77W,BOEING 777-300ER,L2J,H
8964E3,A6-EVL,A388,AIRBUS A-380-800,L4J,H
8965E3,A6-WZE,A21N,AIRBUS A-321neo,L2J,M
8990E3,B-16721,B77W,BOEING 777-300ER,L2J,H
8A03E3,PK-LKW,B738,BOEING 737-800,L2J,M
8A07E3,PK-TVE,AT76,ATR-72-600,L2T,M
A000E3,N1K,C25C,CESSNA 525C Citation CJ4,L2J,M
A002E3,N10FL,T210,CESSNA T210 Turbo Centurion,L1P,L
A007E3,N1006E,BL8,BELLANCA 8 Decathlon,L1P,L
A009E3,N101RA,BL8,BELLANCA 8 Decathlon,L1P,L
A00BE3,N1018H,C182,CESSNA 182 Skylane,L1P,L
A00EE3,N1023,SONX,SONEX AIRCRAFT Sonex,L1P,L
A014E3,N104PP,COL4,CESSNA 400 Corvalis TT,L1P,L
A019E3,N10518,C150,CESSNA 150,L1P,L
A01AE3,N1059J,VO10,NORTH AMERICAN ROCKWELL Commander 100,L1P,L
A01CE3,N106VK,C172,CESSNA 172 Skyhawk,L1P,L
A01EE3,N107BW,ULAC,,L0-,-
A021E3,N1076D,RBEL,MURPHY Rebel,L1P,L
A027E3,N109TY,BE36,BEECH 36 Bonanza,L1P,L
A029E3,N11AJ,TAYD,TAYLORCRAFT DC/DF/DL,L1P,L
A02AE3,N11LQ,EC30,AIRBUS HELICOPTERS EC-130,H1T,L
A02CE3,N110HA,GALX,GULFSTREAM G200,L2J,M
A02EE3,N1102T,TWEN,TECNAM Twenty-Ten,L1P,L
A033E3,N112CR,AC11,NORTH AMERICAN ROCKWELL Commander 112/114,L1P,L
A037E3,N113FP,COL4,CESSNA 400 Corvalis TT,L1P,L
A038E3,N113RV,RV4,VANS RV-4,L1P,L
A03AE3,N11382,LJ35,LEARJET 35,L2J,M
A03BE3,N114JM,BL8,BELLANCA 8 Decathlon,L1P,L
A03DE3,N1143U,C140,CESSNA 140,L1P,L
A03FE3,N115MK,AC11,NORTH AMERICAN ROCKWELL Commander 112/114,L1P,L
A045E3,N11670,CH7A,BELLANCA 7 Champion,L1P,L
A046E3,N117H,MU2,MITSUBISHI MU-2 Marquise,L2T,L
A047E3,N117TF,GLEX,BOMBARDIER BD-700 Global 6000/6500,L2J,M
A048E3,N1172S,GLID,,L0-,-
A049E3,N11793,,,,
A04BE3,N118WD,DRON,,D0-,-
A04CE3,N1184V,BE17,BEECH 17 Staggerwing,L1P,L
A050E3,N1196Y,C150,CESSNA 150,L1P,L
A051E3,N12FN,LJ35,LEARJET 35,L2J,M
A052E3,N12RU,GLID,,L0-,-
A053E3,N120BZ,E190,EMBRAER ERJ-190-100,L2J,M
A054E3,N120NE,DC91,MCDONNELL DOUGLAS DC-9-10,L2J,M
A056E3,N1206G,UH1,BELL UH-1 Huey,H1T,L
A057E3,N121EX,,,,
A059E3,N12109,B752,BOEING 757-200,L2J,M
A05CE3,N122UA,B744,BOEING 747-400,L4J,H
A05DE3,N1223B,C425,CESSNA 425 Corsair,L2T,L
A05EE3,N123AM,C340,CESSNA 340 Super,L2P,L
A05FE3,N123LT,O3,LOCKHEED YO-3,L1P,L
A060E3,N123WZ,,,,
A064E3,N124ZX,,,,
A066E3,N125GH,GLF5,GULFSTREAM 5,L2J,M
A068E3,N1252,L5,STINSON Sentinel,L1P,L
A069E3,N1259L,LA4,LAKE LA-4/200,A1P,L
A06CE3,N1264C,PA22,PIPER PA-22,L1P,L
A06EE3,N127ND,,,,
A072E3,N128RB,TAIL,WITTMAN Tailwind,L1P,L
A076E3,N129U,L29,AERO L-29 Delfin,L1J,L
A078E3,N13AL,PA31,PIPER PA-31-300/310/325/350/425,L2P,L
A079E3,N13LS,HUSK,CHRISTEN Husky,L1P,L
A07EE3,N13096,C172,CESSNA 172 Skyhawk,L1P,L
A081E3,N1314Y,,,,
A085E3,N13261,C172,CESSNA 172 Skyhawk,L1P,L
A088E3,N1331T,P28A,PIPER PA-28-140/150/160/180,L1P,L
A089E3,N13384,C172,CESSNA 172 Skyhawk,L1P,L
A08AE3,N134JP,VELO,Velocity,L1P,L
A08CE3,N1343W,M20P,MOONEY M-20,L1P,L
A08DE3,N135BF,CRUZ,CSA PS-28 Cruiser,L1P,L
A090E3,N1355Z,BE35,BEECH 35 Starfire Bonanza,L1P,L
A093E3,N1360R,AA1,AMERICAN AA-1,L1P,L
A094E3,N13672,C172,CESSNA 172 Skyhawk,L1P,L
A097E3,N1372U,C172,CESSNA 172 Skyhawk,L1P,L
A099E3,N138L,DSA1,SMITH DSA-1 Miniplane,L1P,L
A09BE3,N1384X,,,,
A09CE3,N139CS,PA31,PIPER PA-31-300/310/325/350/425,L2P,L
A09FE3,N13960,PA18,PIPER PA-18 Super Cub,L1P,L
A0A8E3,N1411A,PA22,PIPER PA-22,L1P,L
A0ADE3,N143AP,R44,ROBINSON R-44 Raven,H1P,L
A0B1E3,N144DM,R44,ROBINSON R-44 Raven,H1P,L
A0B2E3,N144PT,BE36,BEECH 36 Bonanza,L1P,L
A0B4E3,N1447K,L8,LUSCOMBE 8,L1P,L
A0B5E3,N145GK,RV12,VANS RV-12,L1P,L
A0B8E3,N1459N,J3,PIPER J-3 Cub,L1P,L
A0BBE3,N1464E,C172,CESSNA 172 Skyhawk,L1P,L
A0BCE3,N147C,S108,STINSON 108 Voyager,L1P,L
A0C6E3,N1493C,PA18,PIPER PA-18 Super Cub,L1P,L
A0C8E3,N15LU,,,,
A0C9E3,N15X,BE58,BEECH 58 Baron,L2P,L
A0CEE3,N151LC,COL3,CESSNA 350 Corvalis,L1P,L
A0D0E3,N15140,P28A,PIPER PA-28-140/150/160/180,L1P,L
A0D7E3,N1531V,C172,CESSNA 172 Skyhawk,L1P,L
A0DAE3,N154UX,,,,
A0DCE3,N155BH,M5,MAULE M-5,L1P,L
A0DDE3,N155MP,M20P,MOONEY M-20,L1P,L
A0DFE3,N15551,PA32,PIPER PA-32,L1P,L
A0E2E3,N1560T,BE9L,BEECH 90 King Air,L2T,L
A0E4E3,N157HD,,,,
A0E7E3,N15797,T6,NORTH AMERICAN T-6 Texan,L1P,L
A0E8E3,N158LB,BALL,,B0-,-
A0EFE3,N16FS,BE35,BEECH 35 Starfire Bonanza,L1P,L
A0F1E3,N160CC,AS50,AEROSPATIALE AS-350 Ecureuil,H1T,L
A0F4E3,N1606L,BALL,,B0-,-
A0F5E3,N161FA,VTRA,RANS Venterra,L1P,L
A0FBE3,N1623F,C172,CESSNA 172 Skyhawk,L1P,L
A0FCE3,N163AR,,,,
A0FFE3,N1635J,P28A,PIPER PA-28-140/150/160/180,L1P,L
A100E3,N164DP,P28A,PIPER PA-28-140/150/160/180,L1P,L
A103E3,N1647M,C182,CESSNA 182 Skylane,L1P,L
A104E3,N165GM,HIGH,JUST JA20 Highlander,L1P,L
A106E3,N1652D,C170,CESSNA 170,L1P,L
A107E3,N1659Q,C150,CESSNA 150,L1P,L
A10AE3,N1664G,CH7A,BELLANCA 7 Champion,L1P,L
A10EE3,N1676K,L8,LUSCOMBE 8,L1P,L
A10FE3,N168F,P28A,PIPER PA-28-140/150/160/180,L1P,L
A115E3,N1693E,CH7A,BELLANCA 7 Champion,L1P,L
A116E3,N17AQ,FA10,DASSAULT Falcon 100,L2J,M
A117E3,N17LW,RV7,VANS RV-7,L1P,L
A11CE3,N171,ZZZZ,,-0-,-
A11DE3,N171LE,,,,
A11FE3,N17142,C177,CESSNA  177 Cardinal,L1P,L
A123E3,N17265,B38M,BOEING 737 MAX 8,L2J,M
A125E3,N173SA,B06,BELL 206 JetRanger,H1T,L
A134E3,N177TM,C77R,CESSNA 177RG Cardinal RG,L1P,L
A140E3,N180CE,C180,CESSNA  180 Skywagon,L1P,L
A142E3,N180YS,C182,CESSNA 182 Skylane,L1P,L
A144E3,N181FC,P28A,PIPER PA-28-140/150/160/180,L1P,L
A145E3,N181RJ,P28A,PIPER PA-28-140/150/160/180,L1P,L
A146E3,N1811E,CH7A,BELLANCA 7 Champion,L1P,L
A147E3,N1818R,C82R,CESSNA R182 Skylane RG,L1P,L
A151E3,N1840C,PARA,,P0-,-
A154E3,N185SV,C185,CESSNA 185 Skywagon,L1P,L
A155E3,N1852F,C210,CESSNA 201 Centurion,L1P,L
A159E3,N1864J,P28A,PIPER PA-28-140/150/160/180,L1P,L
A15AE3,N187CD,DFLY,VIKING Dragonfly,L1P,L
A15DE3,N1876M,C182,CESSNA 182 Skylane,L1P,L
A15FE3,N188RH,,,,
A161E3,N1888Q,C77R,CESSNA 177RG Cardinal RG,L1P,L
A164E3,N1893G,CH7A,BELLANCA 7 Champion,L1P,L
A165E3,N19AS,C320,CESSNA 320 Skyknight,L2P,L
A16BE3,N191AA,BE35,BEECH 35 Starfire Bonanza,L1P,L
A16EE3,N19144,C150,CESSNA 150,L1P,L
A16FE3,N192CZ,B190,BEECH 1900,L2T,M
A172E3,N19267,C150,CESSNA 150,L1P,L
A175E3,N1931Z,C150,CESSNA 150,L1P,L
A176E3,N1939,L8,LUSCOMBE 8,L1P,L
A17AE3,N195BM,RV8,VANS RV-8,L1P,L
A180E3,N1960X,C182,CESSNA 182 Skylane,L1P,L
A183E3,N197TP,G120,GROB G-120,L1P,L
A184E3,N19720,C172,CESSNA 172 Skyhawk,L1P,L
A185E3,N198A,J3,PIPER J-3 Cub,L1P,L
A187E3,N198WM,BOLT,STEEN Skybolt,L1P,L
A18AE3,N199PD,C172,CESSNA 172 Skyhawk,L1P,L
A18DE3,N2FW,GAZL,AEROSPATIALE SA-341 Gazelle,H1T,L
A18EE3,N2SB,PA32,PIPER PA-32,L1P,L
A18FE3,N20CG,BE60,BEECH 60 Duke,L2P,L
A193E3,N200VE,PA31,PIPER PA-31-300/310/325/350/425,L2P,L
A195E3,N201BR,FA20,DASSAULT Falcon 200,L2J,M
A196E3,N201MX,M20P,MOONEY M-20,L1P,L
A198E3,N20159,C172,CESSNA 172 Skyhawk,L1P,L
A199E3,N202EP,C182,CESSNA 182 Skylane,L1P,L
A19BE3,N20201,C172,CESSNA 172 Skyhawk,L1P,L
A19CE3,N2028B,C82T,CESSNA TR182 Turbo Skylane RG,L1P,L
A1A3E3,N20447,TAYB,TAYLORCRAFT BC/BF/BL,L1P,L
A1A8E3,N206G,T206,CESSNA T206 Turbo Stationair,L1P,L
A1A9E3,N206SF,B06,BELL 206 JetRanger,H1T,L
A1AAE3,N20612,C172,CESSNA 172 Skyhawk,L1P,L
A1ABE3,N2069C,BE18,BEECH 18 Expetitor,L2P,L
A1AEE3,N20735,C182,CESSNA 182 Skylane,L1P,L
A1B0E3,N208MW,C208,CESSNA 208 Caravan,L1T,L
A1B2E3,N20858,C172,CESSNA 172 Skyhawk,L1P,L
A1B5E3,N20900,WACC,WACO C/S,L1P,L
A1B6E3,N2098A,C72R,CESSNA 172R Cutlass RG,L1P,L
A1B7E3,N21HL,PA31,PIPER PA-31-300/310/325/350/425,L2P,L
A1B8E3,N21TS,FOX,KITFOX,L1P,L
A1BCE3,N2107V,P28B,PIPER PA-28-201T/235/236,L1P,L
A1BFE3,N2112M,J3,PIPER J-3 Cub,L1P,L
A1C1E3,N212KT,T206,CESSNA T206 Turbo Stationair,L1P,L
A1C2E3,N212VZ,GLF4,GULFSTREAM 4,L2J,M
A1C3E3,N2124Q,C77R,CESSNA 177RG Cardinal RG,L1P,L
A1C4E3,N213CK,RV8,VANS RV-8,L1P,L
A1C7E3,N2136T,SS2T,TRUSH Turbo Thrush 500/550,L1T,L
A1C8E3,N214FH,NPOR,REDFERN Nieuport 24,L1P,L
A1C9E3,N214RP,ERCO,AIR PRODUCTS F-1 Aircoupe,L1P,L
A1CBE3,N2148W,T206,CESSNA T206 Turbo Stationair,L1P,L
A1CEE3,N2153N,P32R,PIPER PA-32R-300/301/301T,L1P,L
A1D2E3,N2165R,C182,CESSNA 182 Skylane,L1P,L
A1D8E3,N218T,PA18,PIPER PA-18 Super Cub,L1P,L
A1D9E3,N2182L,BE95,BEECH 95 Travel Air,L2P,L
A1DAE3,N2189X,BALL,,B0-,-
A1DEE3,N22CJ,PA30,PIPER PA-30 Twin Comanche,L2P,L
A1E1E3,N220KA,PA34,PIPER PA-34 Seneca,L2P,L
A1E7E3,N2216A,PA22,PIPER PA-22,L1P,L
A1E8E3,N222ER,C182,CESSNA 182 Skylane,L1P,L
A1EAE3,N22203,C150,CESSNA 150,L1P,L
A1EBE3,N2228D,M20P,MOONEY M-20,L1P,L
A1EDE3,N223TV,CL30,BOMBARDIER BD-100 Challenger 300,L2J,M
A1F0E3,N224LM,P46T,PIPER PA-46-500TP,L1T,L
A1F1E3,N224WT,SR22,CIRRUS SR-22,L1P,L
A1F4E3,N225PK,P32R,PIPER PA-32R-300/301/301T,L1P,L
A1F9E3,N22614,EXEC,ROTORWAY Exec,H1P,L
A1FEE3,N228BS,SF50,CIRRUS SF-50 Vision,L1J,L
A204E3,N22902,C150,CESSNA 150,L1P,L
A20AE3,N2300L,BE23,BEECH 23 Sundowner,L1P,L
A20BE3,N2307X,C182,CESSNA 182 Skylane,L1P,L
A20DE3,N231TC,M20P,MOONEY M-20,L1P,L
A20EE3,N2312P,PA22,PIPER PA-22,L1P,L
A211E3,N232WA,PA34,PIPER PA-34 Seneca,L2P,L
A212E3,N2324S,HIGH,JUST JA20 Highlander,L1P,L
A216E3,N2336V,C172,CESSNA 172 Skyhawk,L1P,L
A218E3,N234RR,BE35,BEECH 35 Starfire Bonanza,L1P,L
A219E3,N2341M,PA12,PIPER PA-12 Super Cruiser,L1P,L
A21BE3,N235JH,CH60,ZENAIR CH-600 Zodiac,L1P,L
A221E3,N2365T,NAVI,NORTH AMERICAN Navion,L1P,L
A22CE3,N2394R,AT6T,AIR TRACTOR AT-602,L1T,L
A22DE3,N24CL,,,,
A22EE3,N24NS,,,,
A232E3,N2404,,,,
A236E3,N2416C,C180,CESSNA  180 Skywagon,L1P,L
A23AE3,N2428F,PA38,PIPER PA-38 Tomahawk,L1P,L
A23CE3,N243TX,PC12,PILATUS PC-12,L1T,L
A23EE3,N244AH,SR22,CIRRUS SR-22,L1P,L
A241E3,N2445A,PA18,PIPER PA-18 Super Cub,L1P,L
A245E3,N2457D,C170,CESSNA 170,L1P,L
A247E3,N246SK,,,,
A248E3,N24616,C72R,CESSNA 172R Cutlass RG,L1P,L
A24AE3,N247KB,RV4,VANS RV-4,L1P,L
A24CE3,N24739,J3,PIPER J-3 Cub,L1P,L
A250E3,N2486B,EA50,ECLIPSE 550,L2J,L
A253E3,N24904,J3,PIPER J-3 Cub,L1P,L
A255E3,N25HQ,G150,GULFSTREAM G150,L2J,M
A256E3,N25TW,PTS1,PITTS S-1 Special,L1P,L
A25AE3,N2507Z,,,,
A25DE3,N2512R,TB20,SOCATA TB-20 Trinidad,L1P,L
A25EE3,N25192,B14A,BELLANCA 14,L1P,L
A260E3,N252WC,C152,CESSNA 152,L1P,L
A261E3,N2524U,P28A,PIPER PA-28-140/150/160/180,L1P,L
A262E3,N253CP,C680,CESSNA 680 Citation Sovereign,L2J,M
A263E3,N253NV,A320,AIRBUS A-320,L2J,M
A265E3,N2536X,C206,CESSNA  206 Stationair,L1P,L
A267E3,N254RT,SR22,CIRRUS SR-22,L1P,L
A268E3,N2541P,PA22,PIPER PA-22,L1P,L
A269E3,N25480,C152,CESSNA 152,L1P,L
A26DE3,N256BB,HDJT,HONDA HondaJet,L2J,L
A273E3,N2570M,PA12,PIPER PA-12 Super Cruiser,L1P,L
A277E3,N2582Q,C182,CESSNA 182 Skylane,L1P,L
A27AE3,N259WB,SONX,SONEX AIRCRAFT Sonex,L1P,L
A27EE3,N26Z,C172,CESSNA 172 Skyhawk,L1P,L
A287E3,N262RA,G3,REMOS Mirage,L1P,L
A289E3,N2628H,ERCO,AIR PRODUCTS F-1 Aircoupe,L1P,L
A28CE3,N2633,L12,LOCKHEED L-12 Electra Junior,L2P,L
A28DE3,N264AK,B739,BOEING 737-900,L2J,M
A294E3,N2657F,C182,CESSNA 182 Skylane,L1P,L
A29BE3,N2674A,PARA,,P0-,-
A2A1E3,N269R,PA46,PIPER PA-46-310/350,L1P,L
A2A2E3,N26906,B788,BOEING 787-8 Dreamliner,L2J,H
A2A3E3,N2698G,C182,CESSNA 182 Skylane,L1P,L
A2A4E3,N27HS,JACE,ACE Junior Ace,L1P,L
A2A5E3,N27TY,RV7,VANS RV-7,L1P,L
A2ACE3,N2712T,BE95,BEECH 95 Travel Air,L2P,L
A2B0E3,N2724W,M20P,MOONEY M-20,L1P,L
A2B4E3,N2736Z,GLID,,L0-,-
A2B9E3,N275JM,PA34,PIPER PA-34 Seneca,L2P,L
A2BDE3,N276MK,DO27,DORNIER Do-27,L1P,L
A2BFE3,N2765X,C180,CESSNA  180 Skywagon,L1P,L
A2C2E3,N2770P,PARA,,P0-,-
A2C3E3,N27770,S10,STINSON 10 Voyager,L1P,L
A2C4E3,N278H,,,,
A2CBE3,N28CQ,T28,NORTH AMERICAN T-28,L1P,L
A2CCE3,N28NW,SR22,CIRRUS SR-22,L1P,L
A2D4E3,N2816G,P28A,PIPER PA-28-140/150/160/180,L1P,L
A2D7E3,N28209,J4,PIPER J-4 Cub Coupe,L1P,L
A2D8E3,N2828K,C180,CESSNA  180 Skywagon,L1P,L
A2DAE3,N283UA,B77L,BOEING 777-200LR,L2J,H
A2DCE3,N284AM,B407,BELL 407,H1T,L
A2E5E3,N286SP,C172,CESSNA 172 Skyhawk,L1P,L
A2E7E3,N2869L,C172,CESSNA 172 Skyhawk,L1P,L
A2EAE3,N2874C,C170,CESSNA 170,L1P,L
A2EEE3,N2886F,C182,CESSNA 182 Skylane,L1P,L
A2F0E3,N289RB,,,,
A2F1E3,N28908,UH12,HILLER UH-12,H1P,L
A2F3E3,N29HU,HUSK,CHRISTEN Husky,L1P,L
A2F4E3,N29U,SR22,CIRRUS SR-22,L1P,L
A2F9E3,N291HC,A109,AGUSTA AW-109 Grand,H2T,L
A2FBE3,N2912V,PA34,PIPER PA-34 Seneca,L2P,L
A2FDE3,N292LA,P28A,PIPER PA-28-140/150/160/180,L1P,L
A2FFE3,N2924Y,C182,CESSNA 182 Skylane,L1P,L
A300E3,N293CT,FDCT,FLIGHT DESIGN CT,L1P,L
A303E3,N29361,P28B,PIPER PA-28-201T/235/236,L1P,L
A306E3,N2941T,VO10,NORTH AMERICAN ROCKWELL Commander 100,L1P,L
A308E3,N295JP,DA40,DIAMOND DA-40 Club Star,L1P,L
A311E3,N2970R,P28R,PIPER PA-28R-180/200/201,L1P,L
A312E3,N29772,CH7B,BELLANCA 7 Citabria,L1P,L
A316E3,N29895,BALL,,B0-,-
A317E3,N299L,LEG2,LANCAIR Legacy,L1P,L
A319E3,N2994X,C177,CESSNA  177 Cardinal,L1P,L
A31AE3,N3CS,SA30,STOLP Starduster Too,L1P,L
A31BE3,N3NY,N3N,NAVAL AIRCRAFT FACTORY N3N,L1P,L
A31CE3,N3ZD,RAF2,ROTARY AIR FORCE RAF-2000,G1P,L
A31DE3,N30KJ,BE35,BEECH 35 Starfire Bonanza,L1P,L
A320E3,N300SA,BE33,BEECH 33 Bonanza,L1P,L
A321E3,N3001X,PA32,PIPER PA-32,L1P,L
A323E3,N301JT,HDJT,HONDA HondaJet,L2J,L
A325E3,N30130,WACF,WACO F,L1P,L
A327E3,N302MR,PC12,PILATUS PC-12,L1T,L
A32CE3,N3030V,C150,CESSNA 150,L1P,L
A32DE3,N30376,C210,CESSNA 201 Centurion,L1P,L
A32FE3,N304TM,GLID,,L0-,-
A336E3,N306PB,B738,BOEING 737-800,L2J,M
A33AE3,N307S,SA30,STOLP Starduster Too,L1P,L
A33BE3,N3071W,AT5T,AIR TRACTOR AT-504,L1T,L
A33CE3,N30787,BE58,BEECH 58 Baron,L2P,L
A33FE3,N3083Z,SS2T,TRUSH Turbo Thrush 500/550,L1T,L
A343E3,N30952,J3,PIPER J-3 Cub,L1P,L
A344E3,N31EG,PA23,PIPER PA-23,L2P,L
A346E3,N310AT,C310,CESSNA 310,L2P,L
A34CE3,N3110C,BALL,,B0-,-
A34FE3,N312SV,RV6,VANS RV-6,L1P,L
A351E3,N3129S,P46T,PIPER PA-46-500TP,L1T,L
A352E3,N313KM,LGEZ,RUTAN Long-EZ,L1P,L
A354E3,N3134J,C150,CESSNA 150,L1P,L
A35AE3,N315RH,SR20,CIRRUS SR-20,L1P,L
A35BE3,N3151D,C180,CESSNA  180 Skywagon,L1P,L
A35DE3,N316J,BE55,BEECH 55 Baron,L2P,L
A35FE3,N3163G,AT3P,AIR TRACTOR AT-301/401,L1P,L
A360E3,N317AS,B739,BOEING 737-900,L2J,M
A365E3,N318PW,C172,CESSNA 172 Skyhawk,L1P,L
A36BE3,N3199R,C182,CESSNA 182 Skylane,L1P,L
A36DE3,N32VS,C340,CESSNA 340 Super,L2P,L
A370E3,N3201Z,PA22,PIPER PA-22,L1P,L
A372E3,N321JV,,,,
A373E3,N321VA,C650,CESSNA 650 Citation,L2J,M
A376E3,N322MT,M600,PIPER PA-46-600TP,L1T,L
A378E3,N32255,P28A,PIPER PA-28-140/150/160/180,L1P,L
A37CE3,N32378,P28A,PIPER PA-28-140/150/160/180,L1P,L
A380E3,N325A,SR22,CIRRUS SR-22,L1P,L
A383E3,N32543,P28A,PIPER PA-28-140/150/160/180,L1P,L
A389E3,N327SB,T18,THORP Tiger,L1P,L
A38AE3,N3271Y,C182,CESSNA 182 Skylane,L1P,L
A38DE3,N328V,R44,ROBINSON R-44 Raven,H1P,L
A38EE3,N32831,P28R,PIPER PA-28R-180/200/201,L1P,L
A390E3,N329MS,CRJ9,BOMBARDIER Regional Jet CRJ-900,L2J,M
A392E3,N32954,J3,PIPER J-3 Cub,L1P,L
A393E3,N33EJ,BE33,BEECH 33 Bonanza,L1P,L
A395E3,N330AV,BE99,BEECH 99 Airliner,L2T,L
A396E3,N330MA,P46T,PIPER PA-46-500TP,L1T,L
A399E3,N331DT,C185,CESSNA 185 Skywagon,L1P,L
A39CE3,N3317R,C182,CESSNA 182 Skylane,L1P,L
A39EE3,N332SX,S92,SIKORSKY S-92 Helibus,H2T,M
A39FE3,N3322H,ERCO,AIR PRODUCTS F-1 Aircoupe,L1P,L
A3A0E3,N3329U,C182,CESSNA 182 Skylane,L1P,L
A3A1E3,N333KP,BE35,BEECH 35 Starfire Bonanza,L1P,L
A3A2E3,N333VV,,,,
A3A7E3,N3346P,PA23,PIPER PA-23,L2P,L
A3A8E3,N335FD,RV4,VANS RV-4,L1P,L
A3A9E3,N335RK,,,,
A3AAE3,N3351F,UH12,HILLER UH-12,H1P,L
A3ACE3,N336JB,C336,CESSNA 336 Skymaster,L2P,L
A3B2E3,N3375M,PA12,PIPER PA-12 Super Cruiser,L1P,L
A3B3E3,N338DS,DA40,DIAMOND DA-40 Club Star,L1P,L
A3B5E3,N3380D,C180,CESSNA  180 Skywagon,L1P,L
A3BFE3,N34011,C177,CESSNA  177 Cardinal,L1P,L
A3C0E3,N3409B,BE35,BEECH 35 Starfire Bonanza,L1P,L
A3C3E3,N34134,SKYR,REARWIN Skyranger,L1P,L
A3CBE3,N3438,BE40,BEECH 400 Beechjet,L2J,M
A3CEE3,N34422,AR65,AERONCA 65 Super Chief,L1P,L
A3CFE3,N345AB,DC3,DOUGLAS DC-3 Dakota,L2P,M
A3D0E3,N345LH,R22,ROBINSON R-22 Mariner,H1P,L
A3D3E3,N346D,P28A,PIPER PA-28-140/150/160/180,L1P,L
A3D9E3,N34710,C177,CESSNA  177 Cardinal,L1P,L
A3DBE3,N348JW,RV8,VANS RV-8,L1P,L
A3DDE3,N34833,C177,CESSNA  177 Cardinal,L1P,L
A3E0E3,N349Y,BE95,BEECH 95 Travel Air,L2P,L
A3E2E3,N35EL,M20P,MOONEY M-20,L1P,L
A3E5E3,N350MC,B350,BEECHCRAFT Super King Air 350,L2T,M
A3E6E3,N350XJ,CL35,BOMBARDIER BD-100 Challenger 350,L2J,M
A3EEE3,N3522K,P28A,PIPER PA-28-140/150/160/180,L1P,L
A3F2E3,N3534N,M20P,MOONEY M-20,L1P,L
A3F3E3,N354CH,,,,
A3F7E3,N355FF,AS55,AEROSPATIALE AS-355 Ecureuil 2,H2T,L
A3F8E3,N355RM,LJ55,LEARJET 55,L2J,M
A3FAE3,N3558U,C72R,CESSNA 172R Cutlass RG,L1P,L
A3FDE3,N3563L,C150,CESSNA 150,L1P,L
A3FEE3,N357AW,LEG2,LANCAIR Legacy,L1P,L
A3FFE3,N357MB,,,,
A403E3,N358Q,,,,
A406E3,N359GS,G280,GULFSTREAM G280,L2J,M
A409E3,N3599V,C150,CESSNA 150,L1P,L
A40DE3,N360SG,LNC2,LANCAIR 200-320,L1P,L
A40EE3,N36013,BL8,BELLANCA 8 Decathlon,L1P,L
A412E3,N36136,TAYB,TAYLORCRAFT BC/BF/BL,L1P,L
A416E3,N36259,DG15,HOWARD Nightingale,L1P,L
A41DE3,N36424,P28A,PIPER PA-28-140/150/160/180,L1P,L
A421E3,N36547,AR65,AERONCA 65 Super Chief,L1P,L
A426E3,N367G,BEAR,AVIPRO RB-4 Bearhawk,L1P,L
A427E3,N367SF,B190,BEECH 1900,L2T,M
A430E3,N36958,BT36,BEECH B36TC Bonanza,L1P,L
A434E3,N370ME,C206,CESSNA  206 Stationair,L1P,L
A436E3,N3705S,C172,CESSNA 172 Skyhawk,L1P,L
A43AE3,N3717V,C140,CESSNA 140,L1P,L
A43CE3,N372TA,C172,CESSNA 172 Skyhawk,L1P,L
A43DE3,N3722M,P28A,PIPER PA-28-140/150/160/180,L1P,L
A445E3,N3746T,P28R,PIPER PA-28R-180/200/201,L1P,L
A44EE3,N377MD,CL30,BOMBARDIER BD-100 Challenger 300,L2J,M
A450E3,N3775R,P28A,PIPER PA-28-140/150/160/180,L1P,L
A454E3,N3787U,C182,CESSNA 182 Skylane,L1P,L
A456E3,N379T,BE35,BEECH 35 Starfire Bonanza,L1P,L
A457E3,N3792L,C172,CESSNA 172 Skyhawk,L1P,L
A458E3,N3799X,VO10,NORTH AMERICAN ROCKWELL Commander 100,L1P,L
A46AE3,N384HP,P32T,PIPER PA-32RT-300/300T,L1P,L
A46CE3,N38426,DAKH,FISHER Dakota Hawk,L1P,L
A46DE3,N385AF,,,,
A474E3,N3867B,BE35,BEECH 35 Starfire Bonanza,L1P,L
A47BE3,N38837,J3,PIPER J-3 Cub,L1P,L
A47CE3,N389BS,S22T,CIRRUS SR-22T Turbo,L1P,L
A488E3,N3910L,C172,CESSNA 172 Skyhawk,L1P,L
A489E3,N3917X,P28A,PIPER PA-28-140/150/160/180,L1P,L
A48CE3,N3922P,PA22,PIPER PA-22,L1P,L
A48FE3,N393WA,L39,LET L-39 Albatros,L1J,L
A490E3,N3934S,C172,CESSNA 172 Skyhawk,L1P,L
A491E3,N394CM,C510,CESSNA 510 Citation Mustang,L2J,L
A499E3,N396JH,PA31,PIPER PA-31-300/310/325/350/425,L2P,L
A49AE3,N396UP,B763,BOEING 767-300,L2J,H
A4A2E3,N3980K,P28A,PIPER PA-28-140/150/160/180,L1P,L
A4A3E3,N3987W,PA32,PIPER PA-32,L1P,L
A4A6E3,N3992N,M20P,MOONEY M-20,L1P,L
A4A7E3,N3999Z,PA18,PIPER PA-18 Super Cub,L1P,L
A4A9E3,N4W,WACO,WACO E/O,L1P,L
A4AAE3,N40GE,RV4,VANS RV-4,L1P,L
A4ADE3,N400NX,,,,
A4AFE3,N4006Z,PA18,PIPER PA-18 Super Cub,L1P,L
A4B2E3,N4011R,PA32,PIPER PA-32,L1P,L
A4B3E3,N40182,S108,STINSON 108 Voyager,L1P,L
A4BDE3,N4040P,UH1,BELL UH-1 Huey,H1T,L
A4BFE3,N405H,B212,BELL 212,H2T,L
A4C5E3,N4064V,C170,CESSNA 170,L1P,L
A4C9E3,N4076Y,C185,CESSNA 185 Skywagon,L1P,L
A4CDE3,N40881,P28A,PIPER PA-28-140/150/160/180,L1P,L
A4D1E3,N41BC,RV14,VANS RV-14,L1P,L
A4D2E3,N41MJ,GLAS,Glasair,L1P,L
A4D5E3,N410UA,A320,AIRBUS A-320,L2J,M
A4D7E3,N411AM,BALL,,B0-,-
A4D8E3,N411LT,GLF4,GULFSTREAM 4,L2J,M
A4DAE3,N4115E,PA18,PIPER PA-18 Super Cub,L1P,L
A4DBE3,N412DK,P28A,PIPER PA-28-140/150/160/180,L1P,L
A4DEE3,N4127H,PA15,PIPER PA-15 Vagabond,L1P,L
A4E1E3,N4132,MITE,MOONEY M-18,L1P,L
A4E3E3,N414KF,C180,CESSNA  180 Skywagon,L1P,L
A4E5E3,N4144C,B407,BELL 407,H1T,L
A4E9E3,N4156F,C172,CESSNA 172 Skyhawk,L1P,L
A4EAE3,N416EW,JAB4,JABIRU J200-450,L1P,L
A4ECE3,N41608,AT5T,AIR TRACTOR AT-504,L1T,L
A4EDE3,N4168J,P28A,PIPER PA-28-140/150/160/180,L1P,L
A4F0E3,N4173A,P32R,PIPER PA-32R-300/301/301T,L1P,L
A4F1E3,N418AL,RV6,VANS RV-6,L1P,L
A4F2E3,N418LS,J3,PIPER J-3 Cub,L1P,L
A4FEE3,N42061,C172,CESSNA 172 Skyhawk,L1P,L
A500E3,N421RX,C421,CESSNA 421 Executive Commuter,L2P,L
A502E3,N42184,C182,CESSNA 182 Skylane,L1P,L
A503E3,N422JP,C152,CESSNA 152,L1P,L
A505E3,N4223W,KR2,RAND KR-2,L1P,L
A509E3,N4235Z,V1,GRUMMAN Mohawk,L2T,M
A50CE3,N4240R,MRAI,MONNETT Monerai P,L1P,L
A50EE3,N425HB,C425,CESSNA 425 Corsair,L2T,L
A510E3,N4252U,PA23,PIPER PA-23,L2P,L
A515E3,N427CS,C82T,CESSNA TR182 Turbo Skylane RG,L1P,L
A518E3,N42760,J3,PIPER J-3 Cub,L1P,L
A51AE3,N428RW,BALL,,B0-,-
A51BE3,N4281S,BE36,BEECH 36 Bonanza,L1P,L
A520E3,N43BE,C551,CESSNA 551 Citation 2SP,L2J,L
A521E3,N43ML,RV4,VANS RV-4,L1P,L
A526E3,N431AP,PARA,,P0-,-
A529E3,N4315G,,,,
A52AE3,N432DM,BL17,BELLANCA 17 Viking,L1P,L
A535E3,N435C,NAVI,NORTH AMERICAN Navion,L1P,L
A536E3,N435NF,EA50,ECLIPSE 550,L2J,L
A53FE3,N4373C,CH7A,BELLANCA 7 Champion,L1P,L
A540E3,N438AN,A21N,AIRBUS A-321neo,L2J,M
A542E3,N438X,M5,MAULE M-5,L1P,L
A543E3,N4385F,P32R,PIPER PA-32R-300/301/301T,L1P,L
A547E3,N4397J,P28A,PIPER PA-28-140/150/160/180,L1P,L
A548E3,N44GJ,GLF4,GULFSTREAM 4,L2J,M
A54BE3,N440PA,PA44,PIPER PA-44 Seminole,L2P,L
A550E3,N4411V,C170,CESSNA 170,L1P,L
A555E3,N443BH,B407,BELL 407,H1T,L
A559E3,N444EF,DHC2,DE HAVILLAND DHC-2 Beaver,L1P,L
A55BE3,N4440T,P28B,PIPER PA-28-201T/235/236,L1P,L
A55FE3,N4452W,BE35,BEECH 35 Starfire Bonanza,L1P,L
A560E3,N44597,P28A,PIPER PA-28-140/150/160/180,L1P,L
A561E3,N446LB,BALL,,B0-,-
A563E3,N4464Z,PA18,PIPER PA-18 Super Cub,L1P,L
A565E3,N447P,RV6,VANS RV-6,L1P,L
A56EE3,N4493X,R44,ROBINSON R-44 Raven,H1P,L
A574E3,N4503F,P28A,PIPER PA-28-140/150/160/180,L1P,L
A57BE3,N4520A,PA22,PIPER PA-22,L1P,L
A57CE3,N4527M,BE33,BEECH 33 Bonanza,L1P,L
A57FE3,N4532D,BE35,BEECH 35 Starfire Bonanza,L1P,L
A588E3,N456F,,,,
A589E3,N456RF,E50P,EMBRAER EMB-500 Phenom 100,L2J,L
A58AE3,N4561B,PZ04,PZL-OKECIE PZL-104 Wilga,L1P,L
A58BE3,N4568N,C340,CESSNA 340 Super,L2P,L
A58EE3,N4573E,CH7A,BELLANCA 7 Champion,L1P,L
A597E3,N46GL,P28A,PIPER PA-28-140/150/160/180,L1P,L
A59EE3,N461SA,AS50,AEROSPATIALE AS-350 Ecureuil,H1T,L
A5A0E3,N46188,C172,CESSNA 172 Skyhawk,L1P,L
A5A3E3,N46230,C172,CESSNA 172 Skyhawk,L1P,L
A5A8E3,N464EH,RV6,VANS RV-6,L1P,L
A5AAE3,N4640V,MOR2,MORRISEY Nifty,L1P,L
A5ADE3,N465TM,BE40,BEECH 400 Beechjet,L2J,M
A5AEE3,N4652Y,PA25,PIPER PA-25 Pawnee,L1P,L
A5AFE3,N46599,,,,
A5B6E3,N46764,PA18,PIPER PA-18 Super Cub,L1P,L
A5B8E3,N468S,M20P,MOONEY M-20,L1P,L
A5BBE3,N469JS,BE23,BEECH 23 Sundowner,L1P,L
A5C4E3,N471AT,R22,ROBINSON R-22 Mariner,H1P,L
A5C7E3,N4715L,P28A,PIPER PA-28-140/150/160/180,L1P,L
A5C8E3,N472DR,UHEL,,H0-,-
A5CAE3,N4720C,T210,CESSNA T210 Turbo Centurion,L1P,L
A5CEE3,N4732F,ULAC,,L0-,-
A5D3E3,N475CD,SR22,CIRRUS SR-22,L1P,L
A5D7E3,N476FB,,,,
A5D9E3,N4761D,C182,CESSNA 182 Skylane,L1P,L
A5DBE3,N477J,BE95,BEECH 95 Travel Air,L2P,L
A5DEE3,N478AS,B739,BOEING 737-900,L2J,M
A5E4E3,N4790B,C180,CESSNA  180 Skywagon,L1P,L
A5E7E3,N48SU,C152,CESSNA 152,L1P,L
A5EDE3,N481SC,GLF4,GULFSTREAM 4,L2J,M
A5EEE3,N4811Z,PA22,PIPER PA-22,L1P,L
A5F9E3,N4840X,C150,CESSNA 150,L1P,L
A5FFE3,N486LF,BK17,EUROCOPTER BK117 C-1/2,H2T,L
A600E3,N486WM,GLF4,GULFSTREAM 4,L2J,M
A601E3,N48643,G164,GRUMMAN G-164 Ag-Cat,L1P,L
A607E3,N488SB,C550,CESSNA 550 Citation S2,L2J,L
A60CE3,N48931,,,,
A60DE3,N49BL,B407,BELL 407,H1T,L
A610E3,N490JC,BE40,BEECH 400 Beechjet,L2J,M
A614E3,N491MA,BL8,BELLANCA 8 Decathlon,L1P,L
A617E3,N492DT,SR22,CIRRUS SR-22,L1P,L
A621E3,N4944L,P28A,PIPER PA-28-140/150/160/180,L1P,L
A623E3,N495NM,BE9L,BEECH 90 King Air,L2T,L
A62AE3,N497JB,AT5T,AIR TRACTOR AT-504,L1T,L
A62CE3,N4973J,P28R,PIPER PA-28R-180/200/201,L1P,L
A630E3,N4985M,PA11,PIPER PA-11 Cub Special,L1P,L
A631E3,N499DS,BE35,BEECH 35 Starfire Bonanza,L1P,L
A633E3,N4990D,J3,PIPER J-3 Cub,L1P,L
A636E3,N5SW,P32R,PIPER PA-32R-300/301/301T,L1P,L
A637E3,N50DA,SC7,SHORT Skyvan,L2T,L
A638E3,N50PG,CH7A,BELLANCA 7 Champion,L1P,L
A63AE3,N500KT,BE35,BEECH 35 Starfire Bonanza,L1P,L
A63BE3,N500VZ,H500,HUGHES 500,H1T,L
A642E3,N502RP,G280,GULFSTREAM G280,L2J,M
A645E3,N503JF,ULAC,,L0-,-
A64EE3,N5050H,PA11,PIPER PA-11 Cub Special,L1P,L
A652E3,N5062L,CH7B,BELLANCA 7 Citabria,L1P,L
A653E3,N5069X,CH7A,BELLANCA 7 Champion,L1P,L
A656E3,N5074P,PA24,PIPER PA-24 Comanche,L1P,L
A65AE3,N5086S,P28R,PIPER PA-28R-180/200/201,L1P,L
A65BE3,N509FG,C172,CESSNA 172 Skyhawk,L1P,L
A65EE3,N5098V,C72R,CESSNA 172R Cutlass RG,L1P,L
A65FE3,N51JE,GLAS,Glasair,L1P,L
A660E3,N51UL,TBM7,SOCATA TBM-700A/B/C,L1T,L
A661E3,N510ER,C510,CESSNA 510 Citation Mustang,L2J,L
A664E3,N5108D,C182,CESSNA 182 Skylane,L1P,L
A665E3,N511HP,T206,CESSNA T206 Turbo Stationair,L1P,L
A667E3,N51126,C150,CESSNA 150,L1P,L
A668E3,N512AF,P28A,PIPER PA-28-140/150/160/180,L1P,L
A669E3,N512LM,ULAC,,L0-,-
A66BE3,N51249,C172,CESSNA 172 Skyhawk,L1P,L
A66FE3,N5137B,BE36,BEECH 36 Bonanza,L1P,L
A671E3,N514SH,ULAC,,L0-,-
A673E3,N5149E,C172,CESSNA 172 Skyhawk,L1P,L
A674E3,N515K,ST75,STEARMAN Kaydet,L1P,L
A67AE3,N5166,DSA1,SMITH DSA-1 Miniplane,L1P,L
A67EE3,N5178C,BE35,BEECH 35 Starfire Bonanza,L1P,L
A682E3,N519AE,CRJ7,BOMBARDIER Regional Jet CRJ-700,L2J,M
A686E3,N52DC,,,,
A687E3,N52PJ,SR22,CIRRUS SR-22,L1P,L
A68BE3,N5204S,C182,CESSNA 182 Skylane,L1P,L
A68CE3,N521CM,SR20,CIRRUS SR-20,L1P,L
A68FE3,N5216V,C72R,CESSNA 172R Cutlass RG,L1P,L
A692E3,N5221M,TAYB,TAYLORCRAFT BC/BF/BL,L1P,L
A697E3,N524B,CH60,ZENAIR CH-600 Zodiac,L1P,L
A69AE3,N5245T,,,,
A69BE3,N525DY,C25A,CESSNA 525A Citation CJ2,L2J,L
A6A0E3,N526TB,S22T,CIRRUS SR-22T Turbo,L1P,L
A6A4E3,N527W,M20P,MOONEY M-20,L1P,L
A6A6E3,N528CL,CL60,BOMBARDIER CL-600 Challenger,L2J,M
A6ADE3,N5298X,C25C,CESSNA 525C Citation CJ4,L2J,M
A6B0E3,N530ET,SR22,CIRRUS SR-22,L1P,L
A6B5E3,N531TX,TRDO,TITAN Tornado SS,L1P,L
A6BAE3,N5325A,,,,
A6BCE3,N533PM,BE58,BEECH 58 Baron,L2P,L
A6BEE3,N5337D,C172,CESSNA 172 Skyhawk,L1P,L
A6C2E3,N5349G,DHC2,DE HAVILLAND DHC-2 Beaver,L1P,L
A6CCE3,N53704,P337,CESSNA P337 Skymaster,L2P,L
A6CDE3,N5378E,C172,CESSNA 172 Skyhawk,L1P,L
A6D4E3,N5395,G164,GRUMMAN G-164 Ag-Cat,L1P,L
A6D6E3,N54PL,EXEC,ROTORWAY Exec,H1P,L
A6DAE3,N5404U,BE35,BEECH 35 Starfire Bonanza,L1P,L
A6DBE3,N541CP,J3,PIPER J-3 Cub,L1P,L
A6E1E3,N5421P,C152,CESSNA 152,L1P,L
A6E6E3,N544BB,R44,ROBINSON R-44 Raven,H1P,L
A6E7E3,N544MH,R44,ROBINSON R-44 Raven,H1P,L
A6F0E3,N5462Q,C172,CESSNA 172 Skyhawk,L1P,L
A6F4E3,N5474T,C172,CESSNA 172 Skyhawk,L1P,L
A6F6E3,N548NU,ZZZZ,,-0-,-
A6F8E3,N5486W,P210,CESSNA P210 Centurion,L1P,L
A6FAE3,N549RS,BE58,BEECH 58 Baron,L2P,L
A6FBE3,N5491N,C82R,CESSNA R182 Skylane RG,L1P,L
A6FCE3,N5498Z,PA22,PIPER PA-22,L1P,L
A6FDE3,N55JJ,CH7B,BELLANCA 7 Citabria,L1P,L
A701E3,N55007,P28B,PIPER PA-28-201T/235/236,L1P,L
A711E3,N5549J,PA32,PIPER PA-32,L1P,L
A712E3,N555KD,,,,
A713E3,N555VK,C182,CESSNA 182 Skylane,L1P,L
A715E3,N556BW,COY2,RANS Coyote 2,L1P,L
A716E3,N556NB,B407,BELL 407,H1T,L
A71BE3,N55706,P28A,PIPER PA-28-140/150/160/180,L1P,L
A71CE3,N5578G,C150,CESSNA 150,L1P,L
A720E3,N559AJ,PC12,PILATUS PC-12,L1T,L
A723E3,N5595B,C182,CESSNA 182 Skylane,L1P,L
A724E3,N56DG,C172,CESSNA 172 Skyhawk,L1P,L
A725E3,N56PN,S22T,CIRRUS SR-22T Turbo,L1P,L
A728E3,N560WE,C56X,CESSNA 560XL Citation XLS,L2J,M
A729E3,N5604W,P28A,PIPER PA-28-140/150/160/180,L1P,L
A730E3,N5621R,C172,CESSNA 172 Skyhawk,L1P,L
A731E3,N56282,P28A,PIPER PA-28-140/150/160/180,L1P,L
A734E3,N5633U,M5,MAULE M-5,L1P,L
A73BE3,N5650P,M6,MAULE M-6,L1P,L
A74BE3,N56981,,,,
A755E3,N572AM,AS50,AEROSPATIALE AS-350 Ecureuil,H1T,L
A75DE3,N574GH,C208,CESSNA 208 Caravan,L1T,L
A765E3,N576ND,C172,CESSNA 172 Skyhawk,L1P,L
A767E3,N5766F,P28A,PIPER PA-28-140/150/160/180,L1P,L
A76BE3,N5778J,C182,CESSNA 182 Skylane,L1P,L
A76DE3,N578U,BE35,BEECH 35 Starfire Bonanza,L1P,L
A76EE3,N5783A,C172,CESSNA 172 Skyhawk,L1P,L
A772E3,N5795D,M20P,MOONEY M-20,L1P,L
A773E3,N58DJ,T210,CESSNA T210 Turbo Centurion,L1P,L
A779E3,N581CT,C185,CESSNA 185 Skywagon,L1P,L
A77EE3,N582RX,PARA,,P0-,-
A77FE3,N5821T,GYRO,,G0-,-
A783E3,N5833W,P28A,PIPER PA-28-140/150/160/180,L1P,L
A785E3,N584MM,P46T,PIPER PA-46-500TP,L1T,L
A78AE3,N5850R,AT5T,AIR TRACTOR AT-504,L1T,L
A78FE3,N58695,G2T1,GREAT LAKES 2T-1,L1P,L
A790E3,N587L,BE35,BEECH 35 Starfire Bonanza,L1P,L
A796E3,N58860,C182,CESSNA 182 Skylane,L1P,L
A799E3,N5891S,BE35,BEECH 35 Starfire Bonanza,L1P,L
A79BE3,N59JN,C25C,CESSNA 525C Citation CJ4,L2J,M
A79FE3,N5901A,C172,CESSNA 172 Skyhawk,L1P,L
A7A3E3,N5913D,PA22,PIPER PA-22,L1P,L
A7A8E3,N593DM,C402,CESSNA 402 Businessliner,L2P,L
A7ADE3,N594SR,PA11,PIPER PA-11 Cub Special,L1P,L
A7B3E3,N596C,S108,STINSON 108 Voyager,L1P,L
A7B6E3,N5966H,PA16,PIPER PA-16 Clipper,L1P,L
A7B9E3,N5971,SR22,CIRRUS SR-22,L1P,L
A7BAE3,N5978L,,,,
A7C0E3,N599X,C140,CESSNA 140,L1P,L
A7C3E3,N6PS,C25A,CESSNA 525A Citation CJ2,L2J,L
A7C5E3,N60LC,BD5J,BEDE BD-5J,L1J,L
A7C7E3,N600GP,M600,PIPER PA-46-600TP,L1T,L
A7C8E3,N600SV,P46T,PIPER PA-46-500TP,L1T,L
A7CBE3,N601KM,CH60,ZENAIR CH-600 Zodiac,L1P,L
A7CDE3,N6014J,C82S,CESSNA T182 Turbo Skylane,L1P,L
A7CFE3,N602NK,A320,AIRBUS A-320,L2J,M
A7D3E3,N603RH,AT6T,AIR TRACTOR AT-602,L1T,L
A7D4E3,N6031D,PA22,PIPER PA-22,L1P,L
A7D5E3,N6038Q,BE33,BEECH 33 Bonanza,L1P,L
A7D6E3,N604J,JAB4,JABIRU J200-450,L1P,L
A7D8E3,N6043G,SR22,CIRRUS SR-22,L1P,L
A7D9E3,N605AS,PC12,PILATUS PC-12,L1T,L
A7DAE3,N605LY,,,,
A7DEE3,N606PW,GLID,,L0-,-
A7E0E3,N6067N,BE19,BEECH 19 Sport,L1P,L
A7E3E3,N6072E,BE35,BEECH 35 Starfire Bonanza,L1P,L
A7E6E3,N608VS,ULAC,,L0-,-
A7EBE3,N6096L,AA5,AMERICAN AA-5 Tiger,L1P,L
A7ECE3,N61FA,S22T,CIRRUS SR-22T Turbo,L1P,L
A7EDE3,N61RG,AEST,AEROSTAR 600,L2P,L
A7EEE3,N610BM,PARA,,P0-,-
A7EFE3,N610MT,M20P,MOONEY M-20,L1P,L
A7F1E3,N61055,C150,CESSNA 150,L1P,L
A7F2E3,N611EK,C172,CESSNA 172 Skyhawk,L1P,L
A7F4E3,N6110X,BE23,BEECH 23 Sundowner,L1P,L
A7F5E3,N61178,C150,CESSNA 150,L1P,L
A7F8E3,N61220,SS2T,TRUSH Turbo Thrush 500/550,L1T,L
A7F9E3,N613A,C72R,CESSNA 172R Cutlass RG,L1P,L
A7FAE3,N613LF,GLF5,GULFSTREAM 5,L2J,M
A7FBE3,N613WM,C56X,CESSNA 560XL Citation XLS,L2J,M
A7FCE3,N61343,,,,
A7FDE3,N614CY,SR22,CIRRUS SR-22,L1P,L
A802E3,N615SB,AC90,NORTH AMERICAN ROCKWELL Turbo Commander 690/840,L2T,L
A803E3,N6151Y,T210,CESSNA T210 Turbo Centurion,L1P,L
A806E3,N616V,BE35,BEECH 35 Starfire Bonanza,L1P,L
A807E3,N61631,C172,CESSNA 172 Skyhawk,L1P,L
A809E3,N617MS,C240,CESSNA 240 Corvalis TTx,L1P,L
A80EE3,N6180W,C172,CESSNA 172 Skyhawk,L1P,L
A80FE3,N61877,C180,CESSNA  180 Skywagon,L1P,L
A814E3,N62LE,BE36,BEECH 36 Bonanza,L1P,L
A815E3,N62WL,CH60,ZENAIR CH-600 Zodiac,L1P,L
A819E3,N6209U,T210,CESSNA T210 Turbo Centurion,L1P,L
A820E3,N6226P,PA24,PIPER PA-24 Comanche,L1P,L
A822E3,N623RK,BALL,,B0-,-
A823E3,N6231F,C172,CESSNA 172 Skyhawk,L1P,L
A825E3,N624JB,A320,AIRBUS A-320,L2J,M
A829E3,N625M,BE58,BEECH 58 Baron,L2P,L
A82BE3,N6255M,S108,STINSON 108 Voyager,L1P,L
A831E3,N627SW,B733,BOEING 737-300,L2J,M
A832E3,N6272G,C150,CESSNA 150,L1P,L
A833E3,N6279T,C150,CESSNA 150,L1P,L
A83AE3,N6296N,PA18,PIPER PA-18 Super Cub,L1P,L
A83CE3,N63RJ,BE95,BEECH 95 Travel Air,L2P,L
A83DE3,N630BP,DRON,,D0-,-
A840E3,N63057,C150,CESSNA 150,L1P,L
A851E3,N635SD,,,,
A853E3,N6359A,C182,CESSNA 182 Skylane,L1P,L
A85CE3,N638QS,C680,CESSNA 680 Citation Sovereign,L2J,M
A861E3,N63921,C82T,CESSNA TR182 Turbo Skylane RG,L1P,L
A862E3,N64AA,P46T,PIPER PA-46-500TP,L1T,L
A863E3,N64LG,MU2,MITSUBISHI MU-2 Marquise,L2T,L
A865E3,N640GT,B763,BOEING 767-300,L2J,H
A868E3,N6409W,P210,CESSNA P210 Centurion,L1P,L
A86CE3,N642CH,M20P,MOONEY M-20,L1P,L
A872E3,N6431H,J3,PIPER J-3 Cub,L1P,L
A87AE3,N6455P,PA24,PIPER PA-24 Comanche,L1P,L
A87CE3,N646Q,BE35,BEECH 35 Starfire Bonanza,L1P,L
A87DE3,N6460F,C150,CESSNA 150,L1P,L
A87EE3,N6467S,C150,CESSNA 150,L1P,L
A881E3,N6472J,P28A,PIPER PA-28-140/150/160/180,L1P,L
A884E3,N648VW,,,,
A88BE3,N65RL,C560,CESSNA 560 Citation Ultra,L2J,M
A892E3,N65101,ST75,STEARMAN Kaydet,L1P,L
A89AE3,N65347,J3,PIPER J-3 Cub,L1P,L
A89BE3,N654DB,VENT,SCHEMPP-HIRTH Ventus,L1P,L
A89CE3,N654PH,,,,
A89EE3,N6547,G164,GRUMMAN G-164 Ag-Cat,L1P,L
A8A1E3,N65512,C82T,CESSNA TR182 Turbo Skylane RG,L1P,L
A8A9E3,N65758,C172,CESSNA 172 Skyhawk,L1P,L
A8ADE3,N6588A,PA23,PIPER PA-23,L2P,L
A8B0E3,N65923,C172,CESSNA 172 Skyhawk,L1P,L
A8B1E3,N66AC,BL17,BELLANCA 17 Viking,L1P,L
A8B5E3,N660TA,C172,CESSNA 172 Skyhawk,L1P,L
A8C2E3,N6638W,P28A,PIPER PA-28-140/150/160/180,L1P,L
A8C3E3,N664JF,RV8,VANS RV-8,L1P,L
A8CAE3,N666DW,DRON,,D0-,-
A8CCE3,N6660H,C172,CESSNA 172 Skyhawk,L1P,L
A8CDE3,N6667U,M20P,MOONEY M-20,L1P,L
A8CFE3,N667T,C525,CESSNA 525 CitationJet,L2J,L
A8D1E3,N6679X,BE36,BEECH 36 Bonanza,L1P,L
A8D4E3,N6684P,PA24,PIPER PA-24 Comanche,L1P,L
A8D5E3,N669CJ,DRON,,D0-,-
A8D8E3,N6696S,C150,CESSNA 150,L1P,L
A8DEE3,N6706A,C172,CESSNA 172 Skyhawk,L1P,L
A8DFE3,N671ER,C172,CESSNA 172 Skyhawk,L1P,L
A8EFE3,N675SH,A139,AGUSTA AW-139,H2T,L
A8FCE3,N6788C,BE36,BEECH 36 Bonanza,L1P,L
A900E3,N68AE,B06,BELL 206 JetRanger,H1T,L
A904E3,N680TC,PA44,PIPER PA-44 Seminole,L2P,L
A908E3,N681WA,C56X,CESSNA 560XL Citation XLS,L2J,M
A90DE3,N6826V,M20P,MOONEY M-20,L1P,L
A910E3,N6831M,C210,CESSNA 201 Centurion,L1P,L
A915E3,N685B,BE35,BEECH 35 Starfire Bonanza,L1P,L
A916E3,N685MF,GLF4,GULFSTREAM 4,L2J,M
A91BE3,N6860K,G164,GRUMMAN G-164 Ag-Cat,L1P,L
A91FE3,N6872N,M20P,MOONEY M-20,L1P,L
A922E3,N688W,C172,CESSNA 172 Skyhawk,L1P,L
A933E3,N692TX,C56X,CESSNA 560XL Citation XLS,L2J,M
A934E3,N69228,C152,CESSNA 152,L1P,L
A93DE3,N695GD,GLF6,GULFSTREAM G650,L2J,M
A941E3,N696KB,S22T,CIRRUS SR-22T Turbo,L1P,L
A94AE3,N69804,B739,BOEING 737-900,L2J,M
A94DE3,N699TW,FA20,DASSAULT Falcon 200,L2J,M
A94FE3,N7AG,PC24,PILATUS PC-24,L2J,M
A954E3,N700DK,C340,CESSNA 340 Super,L2P,L
A955E3,N700PR,GA6C,GULFSTREAM G600,L2J,M
A959E3,N701SP,C172,CESSNA 172 Skyhawk,L1P,L
A95CE3,N702KF,FOX,KITFOX,L1P,L
A95EE3,N7024C,T6,NORTH AMERICAN T-6 Texan,L1P,L
A960E3,N703ND,P28A,PIPER PA-28-140/150/160/180,L1P,L
A962E3,N7036F,P28A,PIPER PA-28-140/150/160/180,L1P,L
A964E3,N704RB,C172,CESSNA 172 Skyhawk,L1P,L
A965E3,N70408,J3,PIPER J-3 Cub,L1P,L
A968E3,N705U,C172,CESSNA 172 Skyhawk,L1P,L
A969E3,N7053A,C172,CESSNA 172 Skyhawk,L1P,L
A96DE3,N7065D,M18,PZL-MIELEC M-18 Dromader,L1P,L
A96EE3,N707DJ,BE76,BEECH 76 Duchess,L2P,L
A971E3,N7077G,,,,
A974E3,N70819,J3,PIPER J-3 Cub,L1P,L
A975E3,N7089K,PA20,PIPER PA-20 Pacer,L1P,L
A976E3,N709KE,RV12,VANS RV-12,L1P,L
A97CE3,N710JP,PA31,PIPER PA-31-300/310/325/350/425,L2P,L
A97EE3,N7103W,P28A,PIPER PA-28-140/150/160/180,L1P,L
A980E3,N711MM,C310,CESSNA 310,L2P,L
A981E3,N711XT,E300,EXTRA EA-300/330/350,L1P,L
A987E3,N713HB,E300,EXTRA EA-300/330/350,L1P,L
A991E3,N71560,C182,CESSNA 182 Skylane,L1P,L
A994E3,N7161S,BALL,,B0-,-
A999E3,N718BE,PA46,PIPER PA-46-310/350,L1P,L
A99AE3,N718ML,AT8T,AIR TRACTOR AT-802,L1T,M
A99DE3,N719EC,,,,
A99FE3,N7190Q,M20P,MOONEY M-20,L1P,L
A9A1E3,N72HA,H25B,HAWKER BEECHCRAFT Hawker 750/850,L2J,M
A9A2E3,N72TG,BE9L,BEECH 90 King Air,L2T,L
A9A4E3,N720PT,H25B,HAWKER BEECHCRAFT Hawker 750/850,L2J,M
A9A6E3,N7207K,BE36,BEECH 36 Bonanza,L1P,L
A9A7E3,N721GK,C550,CESSNA 550 Citation S2,L2J,L
A9A8E3,N721SR,TBM7,SOCATA TBM-700A/B/C,L1T,L
A9A9E3,N7212B,BE35,BEECH 35 Starfire Bonanza,L1P,L
A9ADE3,N7224E,C182,CESSNA 182 Skylane,L1P,L
A9B9E3,N726AN,B77W,BOEING 777-300ER,L2J,H
A9BCE3,N7265F,P28A,PIPER PA-28-140/150/160/180,L1P,L
A9BDE3,N727DL,SF34,SAAB 340,L2T,M
A9BEE3,N727PS,PTS2,PITTS S-2 Special,L1P,L
A9C3E3,N7282A,R44,ROBINSON R-44 Raven,H1P,L
A9C8E3,N73BZ,RLU1,RLU Super Breezy,L1P,L
A9C9E3,N73NE,HUSK,CHRISTEN Husky,L1P,L
A9CBE3,N730JR,S22T,CIRRUS SR-22T Turbo,L1P,L
A9CDE3,N7303Y,C82R,CESSNA R182 Skylane RG,L1P,L
A9CEE3,N731BH,C441,CESSNA 441 Conquest,L2T,L
A9D0E3,N731XV,DRON,,D0-,-
A9D1E3,N73151,C172,CESSNA 172 Skyhawk,L1P,L
A9D4E3,N7320T,C172,CESSNA 172 Skyhawk,L1P,L
A9D5E3,N73274,C172,CESSNA 172 Skyhawk,L1P,L
A9D6E3,N733HD,C172,CESSNA 172 Skyhawk,L1P,L
A9D7E3,N733TK,C172,CESSNA 172 Skyhawk,L1P,L
A9D8E3,N7332W,P28A,PIPER PA-28-140/150/160/180,L1P,L
A9DBE3,N734WH,P210,CESSNA P210 Centurion,L1P,L
A9DDE3,N735CU,C182,CESSNA 182 Skylane,L1P,L
A9DEE3,N735P,BE58,BEECH 58 Baron,L2P,L
A9DFE3,N735ZF,C182,CESSNA 182 Skylane,L1P,L
A9E0E3,N73562,C172,CESSNA 172 Skyhawk,L1P,L
A9E1E3,N736FS,C172,CESSNA 172 Skyhawk,L1P,L
A9E2E3,N736RY,C172,CESSNA 172 Skyhawk,L1P,L
A9E5E3,N737JQ,C172,CESSNA 172 Skyhawk,L1P,L
A9E8E3,N738BG,C172,CESSNA 172 Skyhawk,L1P,L
A9EDE3,N739QL,C172,CESSNA 172 Skyhawk,L1P,L
A9F0E3,N74HC,O1,CESSNA 305/341 Bird Dog,L1P,L
A9F1E3,N74TJ,AT3T,AIR TRACTOR AT-302/402,L1T,L
A9F4E3,N7400A,C172,CESSNA 172 Skyhawk,L1P,L
AA04E3,N7448N,T206,CESSNA T206 Turbo Stationair,L1P,L
AA07E3,N7453E,C210,CESSNA 201 Centurion,L1P,L
AA0EE3,N7470,B741,BOEING 747-100,L4J,H
AA0FE3,N7477L,PA18,PIPER PA-18 Super Cub,L1P,L
AA13E3,N7489P,PA24,PIPER PA-24 Comanche,L1P,L
AA17E3,N75CA,BE95,BEECH 95 Travel Air,L2P,L
AA18E3,N75NG,PC12,PILATUS PC-12,L1T,L
AA1AE3,N750JT,C750,CESSNA 750 Citation 10,L2J,M
AA1DE3,N751BK,C172,CESSNA 172 Skyhawk,L1P,L
AA20E3,N75153,P28R,PIPER PA-28R-180/200/201,L1P,L
AA24E3,N75276,P28A,PIPER PA-28-140/150/160/180,L1P,L
AA2BE3,N75441,ST75,STEARMAN Kaydet,L1P,L
AA2FE3,N75564,,,,
AA30E3,N756FU,T206,CESSNA T206 Turbo Stationair,L1P,L
AA31E3,N756S,RV7,VANS RV-7,L1P,L
AA32E3,N7561W,P28A,PIPER PA-28-140/150/160/180,L1P,L
AA38E3,N758MQ,C172,CESSNA 172 Skyhawk,L1P,L
AA39E3,N758XW,C172,CESSNA 172 Skyhawk,L1P,L
AA3BE3,N759EG,C182,CESSNA 182 Skylane,L1P,L
AA3CE3,N759QN,C182,CESSNA 182 Skylane,L1P,L
AA3DE3,N7590U,C150,CESSNA 150,L1P,L
AA43E3,N7600C,DRON,,D0-,-
AA46E3,N761SV,C210,CESSNA 201 Centurion,L1P,L
AA4BE3,N7624J,P28R,PIPER PA-28R-180/200/201,L1P,L
AA4CE3,N763CD,SR22,CIRRUS SR-22,L1P,L
AA4FE3,N7636M,C175,CESSNA 175 Skylark,L1P,L
AA54E3,N765J,RV7,VANS RV-7,L1P,L
AA5AE3,N7665K,PA20,PIPER PA-20 Pacer,L1P,L
AA5DE3,N7670B,CL30,BOMBARDIER BD-100 Challenger 300,L2J,M
AA5EE3,N7677N,BE95,BEECH 95 Travel Air,L2P,L
AA62E3,N7689R,BE23,BEECH 23 Sundowner,L1P,L
AA63E3,N769KL,SW4,SWEARINGEN Metro,L2T,M
AA6BE3,N77032,C120,CESSNA 120,L1P,L
AA6DE3,N771MT,EA50,ECLIPSE 550,L2J,L
AA6FE3,N77155,D7,FOKKER D-7 Replica,L1P,L
AA72E3,N7720X,C172,CESSNA 172 Skyhawk,L1P,L
AA75E3,N773TP,BE20,BEECH 200 Super King Air,L2T,M
AA7AE3,N77443,C140,CESSNA 140,L1P,L
AA7EE3,N77566,J3,PIPER J-3 Cub,L1P,L
AA81E3,N7761Y,PA30,PIPER PA-30 Twin Comanche,L2P,L
AA84E3,N777V,C310,CESSNA 310,L2P,L
AA85E3,N77731,FNKB,FUNK B,L1P,L
AA87E3,N778MS,F156,FIESELER Fi-156 Storch,L1P,L
AA89E3,N77854,L8,LUSCOMBE 8,L1P,L
AA8CE3,N7790W,P28A,PIPER PA-28-140/150/160/180,L1P,L
AA92E3,N7800E,C150,CESSNA 150,L1P,L
AA93E3,N7807R,BE35,BEECH 35 Starfire Bonanza,L1P,L
AA97E3,N7819U,C150,CESSNA 150,L1P,L
AA9EE3,N7836P,PA24,PIPER PA-24 Comanche,L1P,L
AA9FE3,N784FD,B752,BOEING 757-200,L2J,M
AAA3E3,N785JB,BE35,BEECH 35 Starfire Bonanza,L1P,L
AAA7E3,N786M,PA18,PIPER PA-18 Super Cub,L1P,L
AAAAE3,N787DS,AS20,SCHLEICHER ASW-20,L1P,L
AAB1E3,N7889T,C172,CESSNA 172 Skyhawk,L1P,L
AAB4E3,N7894K,ULAC,,L0-,-
AAB5E3,N79CE,BE58,BEECH 58 Baron,L2P,L
AABBE3,N791BP,B350,BEECHCRAFT Super King Air 350,L2T,M
AAC1E3,N7920Z,C150,CESSNA 150,L1P,L
AAC9E3,N79445,C172,CESSNA 172 Skyhawk,L1P,L
AACAE3,N795D,BE35,BEECH 35 Starfire Bonanza,L1P,L
AADAE3,N799QS,CL35,BOMBARDIER BD-100 Challenger 350,L2J,M
AADDE3,N8HJ,ZZZZ,,-0-,-
AAE1E3,N800AF,H25B,HAWKER BEECHCRAFT Hawker 750/850,L2J,M
AAE3E3,N800WT,C550,CESSNA 550 Citation S2,L2J,L
AAE4E3,N80049,PTS2,PITTS S-2 Special,L1P,L
AAE5E3,N801DD,PELI,FLYER Pelican,L1P,L
AAE9E3,N802GB,AT8T,AIR TRACTOR AT-802,L1T,M
AAEAE3,N802SH,AT8T,AIR TRACTOR AT-802,L1T,M
AAEBE3,N80214,C172,CESSNA 172 Skyhawk,L1P,L
AAEFE3,N80337,C185,CESSNA 185 Skywagon,L1P,L
AAF3E3,N8046,ULAC,,L0-,-
AAFBE3,N807AE,E135,EMBRAER ERJ-135,L2J,M
AAFDE3,N807WS,C402,CESSNA 402 Businessliner,L2P,L
AAFEE3,N80748,GC1,GLOBE Swift,L1P,L
AAFFE3,N808DC,P28A,PIPER PA-28-140/150/160/180,L1P,L
AB00E3,N808PJ,H60,SIKORSKY UH-60 Black Hawk,H2T,M
AB02E3,N8087A,C170,CESSNA 170,L1P,L
AB05E3,N80913,GC1,GLOBE Swift,L1P,L
AB10E3,N812B,L8,LUSCOMBE 8,L1P,L
AB13E3,N8125T,C175,CESSNA 175 Skylark,L1P,L
AB1AE3,N8142N,BE36,BEECH 36 Bonanza,L1P,L
AB1BE3,N8149Z,C210,CESSNA 201 Centurion,L1P,L
AB1DE3,N815W,RV12,VANS RV-12,L1P,L
AB1EE3,N8154R,GC1,GLOBE Swift,L1P,L
AB22E3,N8166U,PA34,PIPER PA-34 Seneca,L2P,L
AB25E3,N8171L,C172,CESSNA 172 Skyhawk,L1P,L
AB26E3,N8178X,C172,CESSNA 172 Skyhawk,L1P,L
AB2BE3,N819ME,RV12,VANS RV-12,L1P,L
AB2DE3,N8195S,C150,CESSNA 150,L1P,L
AB2EE3,N82DX,PISI,PIPSTREL Sinus,L1P,L
AB30E3,N820AH,T206,CESSNA T206 Turbo Stationair,L1P,L
AB31E3,N820LP,RV9,VANS RV-9,L1P,L
AB34E3,N821DF,LJ60,LEARJET 60,L2J,M
AB39E3,N822SK,CRJ9,BOMBARDIER Regional Jet CRJ-900,L2J,M
AB3BE3,N8229G,C77R,CESSNA 177RG Cardinal RG,L1P,L
AB3CE3,N823KB,H60,SIKORSKY UH-60 Black Hawk,H2T,M
AB42E3,N8246B,C172,CESSNA 172 Skyhawk,L1P,L
AB49E3,N82627,YK52,YAKOVLEV Yak-52,L1P,L
AB4FE3,N828PL,BE95,BEECH 95 Travel Air,L2P,L
AB53E3,N829SJ,EVOP,LANCAIR Evolution Piston,L1P,L
AB56E3,N83KA,BE20,BEECH 200 Super King Air,L2T,M
AB58E3,N830FM,R44,ROBINSON R-44 Raven,H1P,L
AB5AE3,N8301P,PA18,PIPER PA-18 Super Cub,L1P,L
AB60E3,N832MH,B764,BOEING 767-400,L2J,H
AB62E3,N8325V,P28A,PIPER PA-28-140/150/160/180,L1P,L
AB66E3,N8337Y,PA30,PIPER PA-30 Twin Comanche,L2P,L
AB74E3,N8371N,BE35,BEECH 35 Starfire Bonanza,L1P,L
AB75E3,N8378Z,C210,CESSNA 201 Centurion,L1P,L
AB79E3,N839BA,B737,BOEING 737-700,L2J,M
AB7FE3,N840AK,AC90,NORTH AMERICAN ROCKWELL Turbo Commander 690/840,L2T,L
AB89E3,N84218,CH7A,BELLANCA 7 Champion,L1P,L
AB8AE3,N8429J,C150,CESSNA 150,L1P,L
AB8DE3,N8434A,BE35,BEECH 35 Starfire Bonanza,L1P,L
AB93E3,N845R,BE35,BEECH 35 Starfire Bonanza,L1P,L
AB94E3,N84506,CH7A,BELLANCA 7 Champion,L1P,L
AB98E3,N84629,CH7A,BELLANCA 7 Champion,L1P,L
AB9CE3,N8475B,CRJ2,BOMBARDIER Regional Jet CRJ-200,L2J,M
AB9DE3,N848DG,DG1T,DG FLUGZEUGBAU DG-1001T,L1P,L
ABA3E3,N84917,CH7A,BELLANCA 7 Champion,L1P,L
ABA7E3,N850FP,TBM7,SOCATA TBM-700A/B/C,L1T,L
ABA8E3,N850RV,,,,
ABA9E3,N8501R,,,,
ABAAE3,N85082,CH7A,BELLANCA 7 Champion,L1P,L
ABABE3,N851JM,RV8,VANS RV-8,L1P,L
ABB1E3,N8525X,C172,CESSNA 172 Skyhawk,L1P,L
ABB5E3,N85370,E75L,EMBRAER ERJ-170-200 (long wing),L2J,M
ABB6E3,N854H,B407,BELL 407,H1T,L
ABBCE3,N8554V,CH7A,BELLANCA 7 Champion,L1P,L
ABBEE3,N856NW,A332,AIRBUS A-330-200,L2J,H
ABC0E3,N8566Y,PA30,PIPER PA-30 Twin Comanche,L2P,L
ABC5E3,N858JL,,,,
ABD1E3,N8605E,B738,BOEING 737-800,L2J,M
ABD5E3,N8617H,EN28,ENSTROM F-28,H1P,L
ABD6E3,N862GH,RV8,VANS RV-8,L1P,L
ABD7E3,N862SP,,,,
ABD9E3,N8629L,PA25,PIPER PA-25 Pawnee,L1P,L
ABE3E3,N86508,C337,CESSNA 337 Super Skymaster,L2P,L
ABE7E3,N8663A,B738,BOEING 737-800,L2J,M
ABEBE3,N8675D,ULAC,,L0-,-
ABEFE3,N8687G,C150,CESSNA 150,L1P,L
ABF2E3,N86919,B14A,BELLANCA 14,L1P,L
ABF3E3,N8699K,S108,STINSON 108 Voyager,L1P,L
ABF8E3,N8701T,CH70,ZENAIR CH-701 Stol,L1P,L
AC00E3,N8725Z,C206,CESSNA  206 Stationair,L1P,L
AC04E3,N87372,ERCO,AIR PRODUCTS F-1 Aircoupe,L1P,L
AC07E3,N8742U,C172,CESSNA 172 Skyhawk,L1P,L
AC09E3,N875L,AA5,AMERICAN AA-5 Tiger,L1P,L
AC0BE3,N8754X,C182,CESSNA 182 Skylane,L1P,L
AC0CE3,N876CS,CL30,BOMBARDIER BD-100 Challenger 300,L2J,M
AC11E3,N877RW,C56X,CESSNA 560XL Citation XLS,L2J,M
AC16E3,N8783V,BL17,BELLANCA 17 Viking,L1P,L
AC1BE3,N88EC,EC20,AIRBUS HELICOPTERS EC-120,H1T,L
AC20E3,N8805G,C150,CESSNA 150,L1P,L
AC21E3,N881DM,LNCE,LANCAIR ES,L1P,L
AC24E3,N8817K,S108,STINSON 108 Voyager,L1P,L
AC26E3,N882SR,SR22,CIRRUS SR-22,L1P,L
AC27E3,N8822B,C172,CESSNA 172 Skyhawk,L1P,L
AC2CE3,N884C,SR22,CIRRUS SR-22,L1P,L
AC33E3,N8858L,AA1,AMERICAN AA-1,L1P,L
AC36E3,N8863C,PA22,PIPER PA-22,L1P,L
AC39E3,N887X,FA7X,DASSAULT Falcon 7X,L3J,M
AC3BE3,N888DL,R22,ROBINSON R-22 Mariner,H1P,L
AC3DE3,N888ZY,EA50,ECLIPSE 550,L2J,L
AC3EE3,N8887J,P28A,PIPER PA-28-140/150/160/180,L1P,L
AC43E3,N89KG,RV14,VANS RV-14,L1P,L
AC49E3,N891JR,LJ60,LEARJET 60,L2J,M
AC5CE3,N896P,C25A,CESSNA 525A Citation CJ2,L2J,L
AC62E3,N89785,C120,CESSNA 120,L1P,L
AC6AE3,N9EE,TBM7,SOCATA TBM-700A/B/C,L1T,L
AC6BE3,N9QL,ULAC,,L0-,-
AC6FE3,N900HH,B06,BELL 206 JetRanger,H1T,L
AC70E3,N900TP,,,,
AC71E3,N90020,GSIS,INNOAVIATION Genesis,L1P,L
AC72E3,N901A,P28A,PIPER PA-28-140/150/160/180,L1P,L
AC73E3,N901LF,A109,AGUSTA AW-109 Grand,H2T,L
AC74E3,N901WM,A109,AGUSTA AW-109 Grand,H2T,L
AC79E3,N90266,BALL,,B0-,-
AC7DE3,N90389,SCOR,ROTORWAY Scorpion,H1P,L
AC87E3,N9060W,P28B,PIPER PA-28-201T/235/236,L1P,L
AC8CE3,N908,BE18,BEECH 18 Expetitor,L2P,L
AC91E3,N909PC,RV12,VANS RV-12,L1P,L
AC93E3,N90965,BL8,BELLANCA 8 Decathlon,L1P,L
AC95E3,N91SA,SR20,CIRRUS SR-20,L1P,L
AC96E3,N910CF,H25B,HAWKER BEECHCRAFT Hawker 750/850,L2J,M
AC99E3,N9106P,PA24,PIPER PA-24 Comanche,L1P,L
AC9AE3,N911FD,A139,AGUSTA AW-139,H2T,L
AC9BE3,N911RK,PA30,PIPER PA-30 Twin Comanche,L2P,L
AC9DE3,N9118S,P28A,PIPER PA-28-140/150/160/180,L1P,L
ACA0E3,N9123J,P28A,PIPER PA-28-140/150/160/180,L1P,L
ACA4E3,N9135M,C182,CESSNA 182 Skylane,L1P,L
ACA7E3,N9140D,PA18,PIPER PA-18 Super Cub,L1P,L
ACAAE3,N915SW,CRJ2,BOMBARDIER Regional Jet CRJ-200,L2J,M
ACAFE3,N9164K,,,,
ACB0E3,N917CE,BE33,BEECH 33 Bonanza,L1P,L
ACB3E3,N9176N,P32R,PIPER PA-32R-300/301/301T,L1P,L
ACB4E3,N918FC,DG1T,DG FLUGZEUGBAU DG-1001T,L1P,L
ACB6E3,N9181E,M5,MAULE M-5,L1P,L
ACB8E3,N919JA,DRON,,D0-,-
ACBAE3,N9193H,C172,CESSNA 172 Skyhawk,L1P,L
ACBBE3,N92AT,C180,CESSNA  180 Skywagon,L1P,L
ACC4E3,N92145,J3,PIPER J-3 Cub,L1P,L
ACC5E3,N922D,C182,CESSNA 182 Skylane,L1P,L
ACC8E3,N92268,J3,PIPER J-3 Cub,L1P,L
ACCAE3,N923SD,T206,CESSNA T206 Turbo Stationair,L1P,L
ACCBE3,N92310,ULAC,,L0-,-
ACCDE3,N924JW,BL8,BELLANCA 8 Decathlon,L1P,L
ACCFE3,N92433,C182,CESSNA 182 Skylane,L1P,L
ACD3E3,N92556,PA12,PIPER PA-12 Super Cruiser,L1P,L
ACD5E3,N926QS,C680,CESSNA 680 Citation Sovereign,L2J,M
ACD7E3,N92679,J3,PIPER J-3 Cub,L1P,L
ACDCE3,N928LG,,,,
ACDDE3,N928WN,B737,BOEING 737-700,L2J,M
ACDEE3,N92844,C182,CESSNA 182 Skylane,L1P,L
ACE3E3,N93FX,GLEX,BOMBARDIER BD-700 Global 6000/6500,L2J,M
ACEBE3,N9311H,ST75,STEARMAN Kaydet,L1P,L
ACECE3,N9318U,C150,CESSNA 150,L1P,L
ACEDE3,N932JD,CRUZ,CSA PS-28 Cruiser,L1P,L
ACF5E3,N934Q,BE35,BEECH 35 Starfire Bonanza,L1P,L
ACFAE3,N9352J,P28A,PIPER PA-28-140/150/160/180,L1P,L
ACFEE3,N9364M,M20P,MOONEY M-20,L1P,L
AD00E3,N937NN,B738,BOEING 737-800,L2J,M
AD04E3,N938RL,RV8,VANS RV-8,L1P,L
AD0BE3,N94MA,PA46,PIPER PA-46-310/350,L1P,L
AD0EE3,N940TT,GLF5,GULFSTREAM 5,L2J,M
AD12E3,N941WR,RV9,VANS RV-9,L1P,L
AD13E3,N94147,,,,
AD14E3,N942DB,BE33,BEECH 33 Bonanza,L1P,L
AD15E3,N942PH,S92,SIKORSKY S-92 Helibus,H2T,M
AD18E3,N943G,M7,MAULE M-7,L1P,L
AD1AE3,N94312,M20P,MOONEY M-20,L1P,L
AD1BE3,N9439C,C180,CESSNA  180 Skywagon,L1P,L
AD1EE3,N94435,P28A,PIPER PA-28-140/150/160/180,L1P,L
AD27E3,N947HL,FOX,KITFOX,L1P,L
AD29E3,N94723,J3,PIPER J-3 Cub,L1P,L
AD2EE3,N949DA,BE36,BEECH 36 Bonanza,L1P,L
AD2FE3,N949PG,B732,BOEING 737-200,L2J,M
AD31E3,N94969,T206,CESSNA T206 Turbo Stationair,L1P,L
AD39E3,N951RP,H500,HUGHES 500,H1T,L
AD3AE3,N9511K,P28A,PIPER PA-28-140/150/160/180,L1P,L
AD3BE3,N9518W,P28A,PIPER PA-28-140/150/160/180,L1P,L
AD3EE3,PT-FGN,PA34,PIPER PA-34 Seneca,L2P,L
AD46E3,N9547U,M20P,MOONEY M-20,L1P,L
AD49E3,N9552L,AA5,AMERICAN AA-5 Tiger,L1P,L
AD4AE3,N9559X,C82R,CESSNA R182 Skylane RG,L1P,L
AD4EE3,N957CJ,FA20,DASSAULT Falcon 200,L2J,M
AD55E3,N9588V,C172,CESSNA 172 Skyhawk,L1P,L
AD5AE3,N96MC,BE35,BEECH 35 Starfire Bonanza,L1P,L
AD5EE3,N96026,TAYB,TAYLORCRAFT BC/BF/BL,L1P,L
AD67E3,N963GB,C25C,CESSNA 525C Citation CJ4,L2J,M
AD6BE3,N964K,,,,
AD74E3,N96602,C182,CESSNA 182 Skylane,L1P,L
AD75E3,N9668C,P28A,PIPER PA-28-140/150/160/180,L1P,L
AD78E3,N96725,C182,CESSNA 182 Skylane,L1P,L
AD7CE3,N96848,TAYB,TAYLORCRAFT BC/BF/BL,L1P,L
AD7DE3,N969DC,BE95,BEECH 95 Travel Air,L2P,L
AD86E3,N9706V,C172,CESSNA 172 Skyhawk,L1P,L
AD89E3,N9711M,M20P,MOONEY M-20,L1P,L
AD8BE3,N972JH,SR22,CIRRUS SR-22,L1P,L
AD95E3,N9747W,P28A,PIPER PA-28-140/150/160/180,L1P,L
AD97E3,N975TB,TBM7,SOCATA TBM-700A/B/C,L1T,L
AD98E3,N9752N,M5,MAULE M-5,L1P,L
AD9CE3,N9764R,BE35,BEECH 35 Starfire Bonanza,L1P,L
ADA0E3,N9776U,AA5,AMERICAN AA-5 Tiger,L1P,L
ADA3E3,N9781L,BE19,BEECH 19 Sport,L1P,L
ADA8E3,N98AZ,B06,BELL 206 JetRanger,H1T,L
ADACE3,N980TX,H25B,HAWKER BEECHCRAFT Hawker 750/850,L2J,M
ADADE3,N98028,J3,PIPER J-3 Cub,L1P,L
ADB1E3,N9815A,C195,CESSNA 195,L1P,L
ADB5E3,N9827D,PA22,PIPER PA-22,L1P,L
ADB9E3,N9839G,C172,CESSNA 172 Skyhawk,L1P,L
ADBCE3,N98439,J3,PIPER J-3 Cub,L1P,L
ADC1E3,N986ES,ECHO,TECNAM P-92 Echo,L1P,L
ADCAE3,N988WU,C72R,CESSNA 172R Cutlass RG,L1P,L
ADCCE3,N989DE,T206,CESSNA T206 Turbo Stationair,L1P,L
ADD0E3,N99GC,FOX,KITFOX,L1P,L
ADD2E3,N990CP,C72R,CESSNA 172R Cutlass RG,L1P,L
ADD8E3,N9911P,PA36,PIPER PA-36 Pawnee Brave,L1P,L
ADD9E3,N99180,ERCO,AIR PRODUCTS F-1 Aircoupe,L1P,L
ADE0E3,N9935V,C172,CESSNA 172 Skyhawk,L1P,L
ADE1E3,N994E,,,,
ADE3E3,N9940M,T206,CESSNA T206 Turbo Stationair,L1P,L
ADE7E3,N9952Q,PA18,PIPER PA-18 Super Cub,L1P,L
ADE8E3,N99591,ERCO,AIR PRODUCTS F-1 Aircoupe,L1P,L
ADF1E3,N998RS,GLID,,L0-,-
ADF2E3,N9981N,T206,CESSNA T206 Turbo Stationair,L1P,L
ADF3E3,N9988Z,M20T,MOONEY M-20T,L1P,L
ADF4E3,N999JJ,C182,CESSNA 182 Skylane,L1P,L
ADF6E3,N9993R,PA31,PIPER PA-31-300/310/325/350/425,L2P,L
ADFCE3,94-0132,BE40,BEECH 400 Beechjet,L2J,M
ADFFE3,66-8400,T38,NORTHROP T-38 Talon,L2J,L
AE00E3,65-10403,T38,NORTHROP T-38 Talon,L2J,L
AE01E3,96-3011,TEX2,BEECHCRAFT T-6 Texan 2,L1T,L
AE03E3,164996,C130,LOCKHEED C-130 Hercules,L4T,M
AE04E3,59-1455,K35R,BOEING KC-135R/T Stratotanker,L4J,H
AE05E3,88-4401,C130,LOCKHEED C-130 Hercules,L4T,M
AE07E3,94-0069,C17,BOEING C-17 Globemaster 3,L4J,H
AE08E3,00-0183,C17,BOEING C-17 Globemaster 3,L4J,H
AE0AE3,81-23549,H60,SIKORSKY UH-60 Black Hawk,H2T,M
AE0BE3,77-22720,H60,SIKORSKY UH-60 Black Hawk,H2T,M
AE0DE3,95-26618,H60,SIKORSKY UH-60 Black Hawk,H2T,M
AE10E3,92-13125,BE20,BEECH 200 Super King Air,L2T,M
AE11E3,77-0356,E3TF,BOEING E-3 Sentry (TF33),L4J,H
AE16E3,90-0813,F16,GENERAL DYNAMICS F-16 Fighting Falcon,L1J,M
AE19E3,81-0995,A10,FAIRCHILD A-10 Thunderbolt II,L2J,M
AE1FE3,11-72212,EC45,AIRBUS HELICOPTERS EC-145,H2T,L
AE20E3,166924,F18S,BOEING FA-18 SUPER HORNET,L2J,M
AE23E3,07-05530,H64,MCDONNELL DOUGLAS AH-64 Apache,H2T,M
AE24E3,165648,E2,NORTHROP GRUMMAN E-2 Hawkeye,L2T,M
AE26E3,89-2001,F16,GENERAL DYNAMICS F-16 Fighting Falcon,L1J,M
AE2EE3,166102,TEX2,BEECHCRAFT T-6 Texan 2,L1T,L
AE47E3,07-20033,H60,SIKORSKY UH-60 Black Hawk,H2T,M
AE4AE3,2711,C27J,ALENIA C-27J Spartan,L2T,M
AE4BE3,10-5716,C30J,LOCKHEED MARTIN C-130J Super Hercules,L4T,M
AE4EE3,11-0120,SR20,CIRRUS SR-20,L1P,L
AE4FE3,168147,H60,SIKORSKY UH-60 Black Hawk,H2T,M
AE50E3,10-20312,H60,SIKORSKY UH-60 Black Hawk,H2T,M
AE51E3,11-20384,H60,SIKORSKY UH-60 Black Hawk,H2T,M
AE52E3,11-08839,H47,BOEING-VERTOL CH-47 Chinook,H2T,M
AE54E3,166209,TEX2,BEECHCRAFT T-6 Texan 2,L1T,L
AE56E3,13-20635,H60,SIKORSKY UH-60 Black Hawk,H2T,M
AE58E3,166238,TEX2,BEECHCRAFT T-6 Texan 2,L1T,L
AE59E3,15-08183,H47,BOEING-VERTOL CH-47 Chinook,H2T,M
AE5AE3,15-20769,H60,SIKORSKY UH-60 Black Hawk,H2T,M
AE5BE3,13-02903,H47,BOEING-VERTOL CH-47 Chinook,H2T,M
AE5EE3,162067,B06,BELL 206 JetRanger,H1T,L
AE63E3,64-13301,T38,NORTHROP T-38 Talon,L2J,L
C000E3,C-FAIS,S108,STINSON 108 Voyager,L1P,L
C003E3,C-FBMG,BABY,CANADIAN HOME ROTORS Baby Belle,H1P,L
C004E3,C-FBWC,C206,CESSNA  206 Stationair,L1P,L
C005E3,C-FCFY,PA20,PIPER PA-20 Pacer,L1P,L
C006E3,C-FCPU,HIGH,JUST JA20 Highlander,L1P,L
C007E3,C-FCZQ,C185,CESSNA 185 Skywagon,L1P,L
C008E3,C-FDJM,CAMP,GREGA GN-1 Aircamper,L1P,L
C009E3,C-FDTI,GLID,,L0-,-
C00AE3,C-FEDE,CA4,COM AIR 4,L1P,L
C00BE3,C-FENA,TAYA,TAYLORCRAFT A,L1P,L
C00CE3,C-FEWW,PA18,PIPER PA-18 Super Cub,L1P,L
C00DE3,C-FFGS,L8,LUSCOMBE 8,L1P,L
C00EE3,C-FFQO,C152,CESSNA 152,L1P,L
C00FE3,C-FGAK,,,,
C010E3,C-FGKG,GYRO,,G0-,-
C011E3,C-FGUC,PA32,PIPER PA-32,L1P,L
C013E3,C-FHNU,PA18,PIPER PA-18 Super Cub,L1P,L
C014E3,C-FHXQ,PA15,PIPER PA-15 Vagabond,L1P,L
C015E3,C-FIHM,PA16,PIPER PA-16 Clipper,L1P,L
C016E3,C-FIRI,C150,CESSNA 150,L1P,L
C017E3,C-FJBE,CH7A,BELLANCA 7 Champion,L1P,L
C018E3,C-FJLA,C150,CESSNA 150,L1P,L
C019E3,C-FJUW,CH7A,BELLANCA 7 Champion,L1P,L
C01AE3,C-FKES,C175,CESSNA 175 Skylark,L1P,L
C01BE3,C-FKOO,B14A,BELLANCA 14,L1P,L
C01CE3,C-FKYK,C175,CESSNA 175 Skylark,L1P,L
C01EE3,C-FLSC,GLID,,L0-,-
C01FE3,C-FMBY,C152,CESSNA 152,L1P,L
C023E3,C-FNPI,C170,CESSNA 170,L1P,L
C025E3,C-FOJA,CH7B,BELLANCA 7 Citabria,L1P,L
C027E3,C-FPCS,C170,CESSNA 170,L1P,L
C028E3,C-FPMO,C172,CESSNA 172 Skyhawk,L1P,L
C029E3,C-FPWK,UH12,HILLER UH-12,H1P,L
C02AE3,C-FQGG,B38M,BOEING 737 MAX 8,L2J,M
C02BE3,C-FQQC,,,,
C02CE3,C-FQZY,ULAC,,L0-,-
C02DE3,C-FRJU,DV20,DIAMOND DA-20,L1P,L
C02EE3,C-FRTQ,ZZZZ,,-0-,-
C02FE3,C-FSDM,C120,CESSNA 120,L1P,L
C030E3,C-FSNI,C180,CESSNA  180 Skywagon,L1P,L
C032E3,C-FTHA,B06,BELL 206 JetRanger,H1T,L
C033E3,C-FTQW,CJ6,NANCHANG CJ-6,L1P,L
C037E3,C-FVEG,DHC6,DE HAVILLAND DHC-6 Twin Otter,L2T,L
C03AE3,C-FWHU,ULAC,,L0-,-
C03BE3,C-FWRQ,C172,CESSNA 172 Skyhawk,L1P,L
C03CE3,C-FXBM,P28A,PIPER PA-28-140/150/160/180,L1P,L
C03DE3,C-FXLI,P28A,PIPER PA-28-140/150/160/180,L1P,L
C03EE3,C-FXVE,ZZZZ,,-0-,-
C03FE3,C-FYFA,PA32,PIPER PA-32,L1P,L
C040E3,C-FYOW,,,,
C041E3,C-FYYS,C82R,CESSNA R182 Skylane RG,L1P,L
C043E3,C-FZSK,PA18,PIPER PA-18 Super Cub,L1P,L
C044E3,C-GACG,BT36,BEECH B36TC Bonanza,L1P,L
C046E3,C-GAVY,BALL,,B0-,-
C047E3,C-GBFU,BN2P,BRITTEN-NORMAN BN-2 Islander,L2P,L
C048E3,C-GBPQ,B06,BELL 206 JetRanger,H1T,L
C049E3,C-GBZM,SW3,SWEARINGEN Merlin 3,L2T,L
C04AE3,C-GCJI,,,,
C04BE3,C-GCTE,GLID,,L0-,-
C04CE3,C-GDDA,KR2,RAND KR-2,L1P,L
C04DE3,C-GDMW,M20P,MOONEY M-20,L1P,L
C04EE3,C-GDWS,C510,CESSNA 510 Citation Mustang,L2J,L
C04FE3,C-GEGO,BALL,,B0-,-
C050E3,C-GEQK,,,,
C052E3,C-GFKC,RV10,VANS RV-10,L1P,L
C053E3,C-GFTY,C172,CESSNA 172 Skyhawk,L1P,L
C054E3,C-GGDU,DH8D,DE HAVILLAND DHC-8-400 Dash 8,L2T,M
C055E3,C-GGNQ,C172,CESSNA 172 Skyhawk,L1P,L
C056E3,C-GGXM,P28A,PIPER PA-28-140/150/160/180,L1P,L
C057E3,C-GHHI,B06,BELL 206 JetRanger,H1T,L
C058E3,C-GHRE,,,,
C059E3,C-GIBA,CH7A,BELLANCA 7 Champion,L1P,L
C05BE3,C-GIUS,C170,CESSNA 170,L1P,L
C05EE3,C-GJYG,RV4,VANS RV-4,L1P,L
C05FE3,C-GKIC,P28B,PIPER PA-28-201T/235/236,L1P,L
C062E3,C-GLLQ,G164,GRUMMAN G-164 Ag-Cat,L1P,L
C063E3,C-GLVM,P28T,PIPER PA-28RT-201,L1P,L
C064E3,C-GMFI,DV20,DIAMOND DA-20,L1P,L
C065E3,C-GMPE,PC12,PILATUS PC-12,L1T,L
C066E3,C-GMZA,C152,CESSNA 152,L1P,L
C067E3,C-GNIW,P28A,PIPER PA-28-140/150/160/180,L1P,L
C069E3,C-GOCO,LA4,LAKE LA-4/200,A1P,L
C06AE3,C-GOMK,B06,BELL 206 JetRanger,H1T,L
C06BE3,C-GOWG,B738,BOEING 737-800,L2J,M
C06CE3,C-GPGC,DA42,DIAMOND DA-42 Guardian,L2P,L
C06DE3,C-GPPY,S22T,CIRRUS SR-22T Turbo,L1P,L
C071E3,C-GRDI,AS50,AEROSPATIALE AS-350 Ecureuil,H1T,L
C072E3,C-GRNE,PA31,PIPER PA-31-300/310/325/350/425,L2P,L
C074E3,C-GSGW,C208,CESSNA 208 Caravan,L1T,L
C076E3,C-GTAO,PA46,PIPER PA-46-310/350,L1P,L
C077E3,C-GTKK,ULAC,,L0-,-
C078E3,C-GTUG,C206,CESSNA  206 Stationair,L1P,L
C079E3,C-GUEC,C185,CESSNA 185 Skywagon,L1P,L
C07AE3,C-GUNY,R22,ROBINSON R-22 Mariner,H1P,L
C07BE3,C-GUXU,C172,CESSNA 172 Skyhawk,L1P,L
C07DE3,C-GVRM,B06,BELL 206 JetRanger,H1T,L
C07EE3,C-GWBI,C180,CESSNA  180 Skywagon,L1P,L
C081E3,C-GXEW,S108,STINSON 108 Voyager,L1P,L
C082E3,C-GXOS,,,,
C083E3,C-GXYO,P28R,PIPER PA-28R-180/200/201,L1P,L
C084E3,C-GYIK,C188,CESSNA 188 AgTruck,L1P,L
C085E3,C-GYSG,M5,MAULE M-5,L1P,L
C087E3,C-GZLY,B505,BELL 505 JetRanger X,H1T,L
C088E3,C-GZVU,CRJ9,BOMBARDIER Regional Jet CRJ-900,L2J,M
C08AE3,C-IAPM,CHIN,ASAP Chinook,L1P,L
C08BE3,C-IAZI,ULAC,,L0-,-
C08CE3,C-IBJE,ULAC,,L0-,-
C08DE3,C-IBTA,PARA,,P0-,-
C08FE3,C-ICMS,ULAC,,L0-,-
C090E3,C-ICWO,,,,
C091E3,C-IDGK,CHIN,ASAP Chinook,L1P,L
C092E3,C-IDQG,BEVR,ASAP Beaver,L1P,L
C093E3,C-IEAC,ULAC,,L0-,-
C094E3,C-IEJY,ULAC,,L0-,-
C095E3,C-IETU,,,,
C096E3,C-IFDQ,ULAC,,L0-,-
C097E3,C-IFNM,PARA,,P0-,-
C098E3,C-IFXI,,,,
C099E3,C-IGHE,PARA,,P0-,-
C09BE3,C-IHAW,RS12,RANS S-12 Super Airaile,L1P,L
C09EE3,C-IIEK,PARA,,P0-,-
C09FE3,C-IIOG,PARA,,P0-,-
C0A1E3,C-IJHY,,,,
C0A2E3,C-IJRU,COY2,RANS Coyote 2,L1P,L
C0A3E3,C-IKBQ,PARA,,P0-,-
C0A4E3,C-IKLM,,,,
C0A5E3,C-IKVI,PARA,,P0-,-
C0A8E3,C-ILYW,,,,
C0AAE3,C-IMSO,ULAC,,L0-,-
C0C3E3,C-IWES,HIGH,JUST JA20 Highlander,L1P,L
C1E4E3,SERV,SERV,,V0-,-
C1E9E3,SERV,SERV,,V0-,-
C801E3,ZK-CPC,ZZZZ,,-0-,-
C802E3,ZK-ALI,C177,CESSNA  177 Cardinal,L1P,L
C803E3,ZK-EFT,AA5,AMERICAN AA-5 Tiger,L1P,L
C805E3,ZK-FJH,C206,CESSNA  206 Stationair,L1P,L
C807E3,ZK-GDW,GLID,,L0-,-
C80DE3,ZK-WAC,PA38,PIPER PA-38 Tomahawk,L1P,L
C80EE3,ZK-TBE,TBM,GRUMMAN G-40 Avenger,L1P,M
C812E3,ZK-JHO,PA38,PIPER PA-38 Tomahawk,L1P,L
C814E3,ZK-BJR,DH82,DE HAVILLAND DH-82 Tiger Moth,L1P,L
C815E3,ZK-MCX,AT75,ATR-72-500,L2T,M
C816E3,ZK-EGG,BALL,,B0-,-
C818E3,ZK-INK,BRB2,BRANTLY B-2,H1P,L
C819E3,ZK-IRM,AS50,AEROSPATIALE AS-350 Ecureuil,H1T,L
C81AE3,ZK-BWR,ST75,STEARMAN Kaydet,L1P,L
C81BE3,ZK-LJI,P28A,PIPER PA-28-140/150/160/180,L1P,L
C81CE3,ZK-MTY,PA27,PIPER PA-23-250 Aztec,L2P,L
C81FE3,ZK-IXL,B06,BELL 206 JetRanger,H1T,L
C820E3,ZK-MFS,UF13,URBAN UFM-13 Lambada,L1P,L
C822E3,ZK-SLO,CH70,ZENAIR CH-701 Stol,L1P,L
C824E3,ZK-VZM,C206,CESSNA  206 Stationair,L1P,L
C827E3,ZK-TLM,B734,BOEING 737-400,L2J,M
C828E3,ZK-HVU,G2CA,GUIMBAL G-2 Cabri,H1P,L
E47EE3,PT-MBZ,ASTR,GULFSTREAM AEROSPACE Gulfstream G100,L2J,M
E484E3,PR-AGM,PC12,PILATUS PC-12,L1T,L
E48BE3,PR-MYT,A320,AIRBUS A-320,L2J,M
E48CE3,PP-EMO,E55P,EMBRAER EMB-505 Phenom 300,L2J,M
E48DE3,PP-LMH,E50P,EMBRAER EMB-500 Phenom 100,L2J,L
E48FE3,PR-PAA,SR22,CIRRUS SR-22,L1P,L
E492E3,PR-HTF,AS50,AEROSPATIALE AS-350 Ecureuil,H1T,L
E493E3,PT-STP,CL60,BOMBARDIER CL-600 Challenger,L2J,M
E494E3,PT-WMT,BE9L,BEECH 90 King Air,L2T,L
E496E3,PR-DUF,E50P,EMBRAER EMB-500 Phenom 100,L2J,L
E497E3,PS-CSE,GLF6,GULFSTREAM G650,L2J,M
E88EE3,ZP-TAE,C172,CESSNA 172 Skyhawk,L1P,L
