0099EA,ZS-JUN,F2TH,DASSAULT Falcon 2000,L2J,M
00AFEA,ZS-SDD,A359,AIRBUS A-350-900,L2J,H
00B1EA,ZS-SWV,E135,EMBRAER ERJ-135,L2J,M
0101EA,SU-GFB,BCS3,AIRBUS A220-300,L2J,M
0200EA,CN-RGG,B738,BOEING 737-800,L2J,M
04C1EA,226,C27J,ALENIA C-27J Spartan,L2T,M
06A0EA,A7-AMK,A359,AIRBUS A-350-900,L2J,H
06A1EA,A7-BFM,B77L,BOEING 777-200LR,L2J,H
06A2EA,A7-BHG,B789,BOEING 787-9 Dreamliner,L2J,H
08A0EA,9J-PFZ,CRJ2,BOMBARDIER Regional Jet CRJ-200,L2J,M
0AC0EA,ARC801,CN35,CASA CN-235 Persuader,L2T,M
0AC3EA,FAC5065,C208,CESSNA 208 Caravan,L1T,L
0AC7EA,FAC4419,UH1,BELL UH-1 Huey,H1T,L
0AC9EA,FAC2470,C172,CESSNA 172 Skyhawk,L1P,L
0C20EA,AN-401,B350,BEECHCRAFT Super King Air 350,L2T,M
0D06EA,XA-MGM,CL60,BOMBARDIER CL-600 Challenger,L2J,M
0D0BEA,XB-LFV,PA34,PIPER PA-34 Seneca,L2P,L
0D0CEA,XA-VEI,EC35,AIRBUS HELICOPTERS EC-135/635,H2T,L
0D82EA,YV3226,C550,CESSNA 550 Citation S2,L2J,L
1059EA,GND,GND,,V0-,-
1130EA,GND,GND,,V0-,-
140AEA,RA-02794,H25B,HAWKER BEECHCRAFT Hawker 750/850,L2J,M
149DEA,RA-40426,AN2,ANTONOV An-2,L1P,L
151CEA,RF-95690,,,,
151DEA,RA-73194,A320,AIRBUS A-320,L2J,M
151EEA,RA-73450,A20N,AIRBUS A-320neo,L2J,M
151FEA,RA-73706,A321,AIRBUS A-321,L2J,M
1526EA,RF-75336,IL18,ILYUSHIN Il-18,L4T,M
1558EA,RA-88298,YK40,YAKOVLEV Yak-40,L3J,M
155BEA,RA-89066,SU95,SUKHOI Superjet 100-95,L2J,M
1F7AEA,RA-97002,SU95,SUKHOI Superjet 100-95,L2J,M
3002EA,I-BMMB,EC30,AIRBUS HELICOPTERS EC-130,H1T,L
3003EA,I-ARFE,SIRA,TECNAM P-2002 Sierra,L1P,L
3004EA,I-SATY,A109,AGUSTA AW-109 Grand,H2T,L
3005EA,I-CNTO,C152,CESSNA 152,L1P,L
3008EA,I-CJSN,C25C,CESSNA 525C Citation CJ4,L2J,M
31DCEA,I-C610,MCR4,DYNAERO MCR-2/4,L1P,L
33FCEA,MM82074,A169,AGUSTA AW-169,H2T,L
33FFEA,MM62186,C130,LOCKHEED C-130 Hercules,L4T,M
3809EA,F-BCPK,J3,PIPER J-3 Cub,L1P,L
382CEA,F-BLHK,M20P,MOONEY M-20,L1P,L
383DEA,F-BPPK,PA24,PIPER PA-24 Comanche,L1P,L
3846EA,F-BRXK,C150,CESSNA 150,L1P,L
3849EA,F-BSPK,DR30,CENTRE EST Prince,L1P,L
3900EA,F-GAHK,DR40,ROBIN DR-400,L1P,L
3904EA,F-GBHK,TOBA,SOCATA Tobago,L1P,L
3905EA,F-GBPK,PA44,PIPER PA-44 Seminole,L2P,L
3918EA,F-GGHK,DR40,ROBIN DR-400,L1P,L
3930EA,F-GMHK,EC35,AIRBUS HELICOPTERS EC-135/635,H2T,L
3944EA,F-GRHK,A319,AIRBUS A-319,L2J,M
3946EA,F-GRXK,A319,AIRBUS A-319,L2J,M
3949EA,F-GSPK,B772,BOEING 777-200,L2J,H
394DEA,F-GTPK,DR40,ROBIN DR-400,L1P,L
3952EA,F-GUXK,DR40,ROBIN DR-400,L1P,L
3964EA,F-GZHK,B738,BOEING 737-800,L2J,M
3966EA,F-GZXK,P28A,PIPER PA-28-140/150/160/180,L1P,L
3985EA,F-HBPK,BALL,,B0-,-
3991EA,F-HEPK,A320,AIRBUS A-320,L2J,M
3995EA,F-HFPK,C172,CESSNA 172 Skyhawk,L1P,L
3AAAEA,F-MCGI,AS32,AEROSPATIALE AS-332 Super Puma,H2T,M
3C09EA,D-ASTP,A321,AIRBUS A-321,L2J,M
3C1CEA,D-AZYR,A21N,AIRBUS A-321neo,L2J,M
3C48EA,D-ABGJ,A319,AIRBUS A-319,L2J,M
3C49EA,D-ABOJ,B753,BOEING 757-300,L2J,M
3C56EA,D-AEWJ,A320,AIRBUS A-320,L2J,M
3C5EEA,D-AGWJ,A319,AIRBUS A-319,L2J,M
3C66EA,D-AIWJ,A320,AIRBUS A-320,L2J,M
3CE7EA,D-CPDA,AN28,ANTONOV An-28,L2T,L
3CF4EA,D-CUBA,C25B,CESSNA 525B Citation CJ3,L2J,L
3D04EA,D-EACO,C150,CESSNA 150,L1P,L
3D05EA,D-EAMK,C210,CESSNA 201 Centurion,L1P,L
3D06EA,D-EAWG,C182,CESSNA 182 Skylane,L1P,L
3D09EA,D-EBZU,EVSS,EVEKTOR SportStar,L1P,L
3D0DEA,D-EDNE,DR40,ROBIN DR-400,L1P,L
3D0EEA,D-EDXA,C150,CESSNA 150,L1P,L
3D0FEA,D-EEGW,C82R,CESSNA R182 Skylane RG,L1P,L
3D10EA,D-EEQS,C172,CESSNA 172 Skyhawk,L1P,L
3D11EA,D-EFAO,PA18,PIPER PA-18 Super Cub,L1P,L
3D12EA,D-EFKK,M20P,MOONEY M-20,L1P,L
3D15EA,D-EGNY,JUNR,BOLKOW BO-208 Junior,L1P,L
3D18EA,D-EHRM,M20P,MOONEY M-20,L1P,L
3D1AEA,D-EILE,AC11,NORTH AMERICAN ROCKWELL Commander 112/114,L1P,L
3D1BEA,D-EIVA,P28U,PIPER PA-28RT-201T Turbo,L1P,L
3D1FEA,D-EKIK,P28A,PIPER PA-28-140/150/160/180,L1P,L
3D20EA,D-EKSG,P28A,PIPER PA-28-140/150/160/180,L1P,L
3D21EA,D-ELCC,PA38,PIPER PA-38 Tomahawk,L1P,L
3D22EA,D-ELLY,DHC1,DE HAVILLAND DHC-1 Chipmunk,L1P,L
3D28EA,D-ENTA,C172,CESSNA 172 Skyhawk,L1P,L
3D29EA,D-EOCW,DR30,CENTRE EST Prince,L1P,L
3D35EA,D-ESRA,TOBA,SOCATA Tobago,L1P,L
3D37EA,D-ETKS,C82R,CESSNA R182 Skylane RG,L1P,L
3D42EA,D-EXPA,P28A,PIPER PA-28-140/150/160/180,L1P,L
3D78EA,D-FSAS,C208,CESSNA 208 Caravan,L1T,L
3D8FEA,D-GATE,PA34,PIPER PA-34 Seneca,L2P,L
3D98EA,D-GEDU,PA34,PIPER PA-34 Seneca,L2P,L
3DEFEA,D-HLCK,EC35,AIRBUS HELICOPTERS EC-135/635,H2T,L
3DF0EA,D-HLMG,EC55,AIRBUS HELICOPTERS EC-155,H2T,L
3E31EA,D-IKCG,C25A,CESSNA 525A Citation CJ2,L2J,L
3E3EEA,D-IPAG,BE20,BEECH 200 Super King Air,L2T,M
3E63EA,D-KDAO,SF28,SCHEIBE SF-28 Tandem Falke,L1P,L
3E64EA,D-KDKK,GLID,,L0-,-
3E6BEA,D-KGBI,S10S,STEMME S-10 Chrysalis,L1P,L
3E72EA,D-KISG,AS25,SCHLEICHER ASH-25,L1P,L
3E7BEA,D-KMCW,GLID,,L0-,-
3E7CEA,D-KMMS,AS24,SCHLEICHER ASW-24,L1P,L
3E82EA,79+39,NH90,NHI NH-90,H2T,M
3ED1EA,D-KULM,GLID,,L0-,-
3ED9EA,D-KXMG,GLID,,L0-,-
3EE7EA,D-1875,VENT,SCHEMPP-HIRTH Ventus,L1P,L
3EF7EA,D-5971,GLID,,L0-,-
3EFAEA,D-6739,GLID,,L0-,-
3EFCEA,D-7251,VENT,SCHEMPP-HIRTH Ventus,L1P,L
3F04EA,D-9299,GLID,,L0-,-
3F6EEA,76+11,EC45,AIRBUS HELICOPTERS EC-145,H2T,L
3FA5EA,79+25,NH90,NHI NH-90,H2T,M
3FCEEA,D-OPUG,BALL,,B0-,-
3FE9EA,D-MLWW,ULAC,,L0-,-
3FEAEA,D-MDBC,FDCT,FLIGHT DESIGN CT,L1P,L
3FEBEA,D-MSHS,G3,REMOS Mirage,L1P,L
3FECEA,D-MENC,BREZ,AEROSTYLE Breezer,L1P,L
3FEEEA,D-MFFK,FK14,B&F TECHNIK FK-14 Polaris,L1P,L
3FF1EA,D-MEPM,CH60,ZENAIR CH-600 Zodiac,L1P,L
3FF2EA,D-MSPL,PELI,FLYER Pelican,L1P,L
3FF5EA,D-MKVI,BU31,BUCKER Bu-131 Jungmann,L1P,L
400AEA,G-PECK,PA32,PIPER PA-32,L1P,L
400CEA,G-EVEE,R44,ROBINSON R-44 Raven,H1P,L
400EEA,G-BYVM,G115,GROB G-115,L1P,L
4010EA,G-EZBV,A319,AIRBUS A-319,L2J,M
4011EA,G-AZFM,P28R,PIPER PA-28R-180/200/201,L1P,L
4015EA,G-ASRO,PA30,PIPER PA-30 Twin Comanche,L2P,L
401AEA,G-BBMB,DR40,ROBIN DR-400,L1P,L
401BEA,G-BDGB,GY20,CAB GY-20 Minicab,L1P,L
401DEA,G-NOCK,C82R,CESSNA R182 Skylane RG,L1P,L
4020EA,G-BLLZ,LGEZ,RUTAN Long-EZ,L1P,L
4021EA,G-HALL,PA22,PIPER PA-22,L1P,L
4025EA,G-MNJS,ULAC,,L0-,-
4027EA,G-BNAI,W11,WOLF Boredom Fighter,L1P,L
4028EA,G-OTFT,PA38,PIPER PA-38 Tomahawk,L1P,L
402DEA,G-BPRY,P28A,PIPER PA-28-140/150/160/180,L1P,L
4032EA,G-IMPX,AC11,NORTH AMERICAN ROCKWELL Commander 112/114,L1P,L
4034EA,G-SABR,F86,NORTH AMERICAN F-86 Sabre,L1J,M
4037EA,G-MYLE,ULAC,,L0-,-
403DEA,G-OJBW,BALL,,B0-,-
403FEA,G-IJBB,EN48,ENSTROM TH-28,H1T,L
4041EA,G-DAKO,P28B,PIPER PA-28-201T/235/236,L1P,L
4045EA,G-JGBI,B06,BELL 206 JetRanger,H1T,L
4046EA,G-ICRS,C42,IKARUS C-42 Bison,L1P,L
4049EA,G-CCIR,RV8,VANS RV-8,L1P,L
404CEA,G-RVSG,RV9,VANS RV-9,L1P,L
404DEA,G-CDMA,P28A,PIPER PA-28-140/150/160/180,L1P,L
4050EA,G-RSMC,ULAC,,L0-,-
4051EA,G-CENX,BALL,,B0-,-
4058EA,G-CEZX,ULAC,,L0-,-
4059EA,G-CFUR,VENT,SCHEMPP-HIRTH Ventus,L1P,L
405BEA,G-CJAL,GLID,,L0-,-
405EEA,G-MIRN,G3,REMOS Mirage,L1P,L
405FEA,G-GULZ,EAGL,CHRISTEN Eagle,L1P,L
4060EA,G-CGAA,ULAC,,L0-,-
4061EA,G-CGGP,MT,ROTORSPORT MTOSport,G1P,L
4064EA,G-CGVG,FDCT,FLIGHT DESIGN CT,L1P,L
4066EA,G-CHBZ,TL20,TL ULTRALIGHT TL-2000 Sting,L1P,L
4067EA,G-ITAR,MM16,MAGNI M-16 Tandem Trainer,G1P,L
4068EA,G-SKTN,SHAC,AVRO Shackleton,L4P,M
406AEA,G-HCCF,RV8,VANS RV-8,L1P,L
406BEA,G-CIGI,BALL,,B0-,-
406CEA,G-BVSG,BN2P,BRITTEN-NORMAN BN-2 Islander,L2P,L
406DEA,G-MCGU,A189,AGUSTA AW-189,H2T,M
406EEA,G-CISW,ULAC,,L0-,-
406FEA,G-CIWV,RV7,VANS RV-7,L1P,L
4070EA,G-JZHW,B738,BOEING 737-800,L2J,M
4071EA,G-CJRZ,C42,IKARUS C-42 Bison,L1P,L
4072EA,G-VWOO,B789,BOEING 787-9 Dreamliner,L2J,H
4073EA,G-AWHR,ME09,MESSERSCHMITT Bf-109,L1P,L
4074EA,G-CKTZ,BALL,,B0-,-
4075EA,G-CKZI,ULAC,,L0-,-
4076EA,G-BWZS,AS50,AEROSPATIALE AS-350 Ecureuil,H1T,L
4077EA,G-LCTE,P28A,PIPER PA-28-140/150/160/180,L1P,L
407BEA,G-CLXT,AT73,ATR-72-212,L2T,M
4241EA,VP-CXD,A320,AIRBUS A-320,L2J,M
4243EA,VQ-BFY,A359,AIRBUS A-350-900,L2J,H
4247EA,VP-CMB,GLF5,GULFSTREAM 5,L2J,M
4249EA,VQ-BLQ,B748,BOEING 747-8,L4J,H
43C5EA,ZM416,A400,AIRBUS A-400M,L4T,H
43C6EA,ZZ386,LYNX,AGUSTAWESTLAND AW-159 Super Lynx,H2T,L
43C7EA,ZZ115,EH10,AGUSTA WESTLAND EH-101 Merlin,H3T,M
43C8EA,ZM516,EC35,AIRBUS HELICOPTERS EC-135/635,H2T,L
43E9EA,M-DRIL,PC12,PILATUS PC-12,L1T,L
43EAEA,M-TELE,GLF4,GULFSTREAM 4,L2J,M
43EDEA,2-NICE,CL60,BOMBARDIER CL-600 Challenger,L2J,M
4400EA,OE-9463,SF25,SCHEIBE SF-25 Falke,L1P,L
4402EA,OE-FID,C510,CESSNA 510 Citation Mustang,L2J,L
4405EA,OE-LQT,A319,AIRBUS A-319,L2J,M
4406EA,OE-ABW,A210,AQUILA A-210,L1P,L
4408EA,OE-9370,VENT,SCHEMPP-HIRTH Ventus,L1P,L
4409EA,OE-KRZ,DA40,DIAMOND DA-40 Club Star,L1P,L
440AEA,OE-GYS,C25B,CESSNA 525B Citation CJ3,L2J,L
4489EA,OO-BOJ,BALL,,B0-,-
4497EA,OO-E46,FDCT,FLIGHT DESIGN CT,L1P,L
44A3EA,OO-H46,SIRA,TECNAM P-2002 Sierra,L1P,L
44C1EA,G-17,EXPL,MCDONNELL-DOUGLAS MD-900 Explorer,H2T,L
4520EA,LZ-CXA,B738,BOEING 737-800,L2J,M
4591EA,OY-DOJ,P28A,PIPER PA-28-140/150/160/180,L1P,L
45ADEA,OY-KOJ,BALL,,B0-,-
4612EA,OH-HEG,EC20,AIRBUS HELICOPTERS EC-120,H1T,L
463AEA,OH-WIC,CL60,BOMBARDIER CL-600 Challenger,L2J,M
470BEA,HA-ENI,P06T,TECNAM P-2006T,L2P,L
4796EA,LN-OFL,AS50,AEROSPATIALE AS-350 Ecureuil,H1T,L
4844EA,PH-KMR,GA8,GIPPSAERO GA-8 Airvan,L1P,L
4845EA,PH-EQU,EC55,AIRBUS HELICOPTERS EC-155,H2T,L
4847EA,PH-SKG,C152,CESSNA 152,L1P,L
4848EA,PH-TDR,ECHO,TECNAM P-92 Echo,L1P,L
484BEA,PH-WWF,BALL,,B0-,-
484DEA,PH-752,GLID,,L0-,-
4850EA,PH-RYN,BALL,,B0-,-
4851EA,PH-1JH,ZZZZ,,-0-,-
4853EA,PH-1MH,ZZZZ,,-0-,-
4854EA,PH-2BF,ZZZZ,,-0-,-
4855EA,PH-2LH,ZZZZ,,-0-,-
4856EA,PH-2XU,ZZZZ,,-0-,-
485DEA,PH-4T3,VL3,AVEKO Flamingo,L1P,L
4864EA,PH-NXM,E295,EMBRAER ERJ-190-400,L2J,M
4920EA,CS-HGJ,AS65,AEROSPATIALE AS-365 Dauphin 2,H2T,L
4951EA,CS-TOJ,A332,AIRBUS A-330-200,L2J,H
49C0EA,OK-TUR16,,,,
49D0EA,OK-OMM,C10T,CESSNA P210 Turbine,L1T,L
49D2EA,OK-MCC,P06T,TECNAM P-2006T,L2P,L
49D3EA,OK-OLV,C172,CESSNA 172 Skyhawk,L1P,L
49D4EA,OK-ANI,SR20,CIRRUS SR-20,L1P,L
4A08EA,YR-BGJ,B738,BOEING 737-800,L2J,M
4AC9EA,SE-ROJ,A20N,AIRBUS A-320neo,L2J,M
4AD9EA,SE-VOJ,ULAC,,L0-,-
4B07EA,HB-CZY,C206,CESSNA  206 Stationair,L1P,L
4B0EEA,HB-FQW,PC12,PILATUS PC-12,L1T,L
4B1AEA,HB-KFA,HR20,ROBIN HR-200,L1P,L
4B1BEA,HB-KOW,DR40,ROBIN DR-400,L1P,L
4B1EEA,HB-LSK,TBEE,UNITED CONSULTANT Twin Bee,A2P,L
4B2AEA,HB-QGO,BALL,,B0-,-
4B36EA,HB-UUS,BU31,BUCKER Bu-131 Jungmann,L1P,L
4B3EEA,HB-XVM,AS50,AEROSPATIALE AS-350 Ecureuil,H1T,L
4B4DEA,HB-2371,NIMB,SCHEMPP-HIRTH Nimbus,L1P,L
4B51EA,HB-3395,GLID,,L0-,-
4B82EA,TR010,CL60,BOMBARDIER CL-600 Challenger,L2J,M
4B95EA,TC-EOJ,DV20,DIAMOND DA-20,L1P,L
4BA9EA,TC-JOJ,A333,AIRBUS A-330-300,L2J,H
4BB0EA,TC-LGJ,A359,AIRBUS A-350-900,L2J,H
4BCDEA,TC-SOJ,B38M,BOEING 737 MAX 8,L2J,M
4C01EA,YU-APK,A319,AIRBUS A-319,L2J,M
4C49EA,YU-SPK,PA34,PIPER PA-34 Seneca,L2P,L
4CA1EA,263,PC9,PILATUS PC-9 Hudournik,L1T,L
4CA4EA,EI-DPF,B738,BOEING 737-800,L2J,M
4CA6EA,EI-PGA,GLID,,L0-,-
4CA7EA,EI-ROK,NG4,BRM AERO NG-4,L1P,L
4CA9EA,EI-EVM,B738,BOEING 737-800,L2J,M
4CAFEA,EI-GRA,UF13,URBAN UFM-13 Lambada,L1P,L
4CC3EA,TF-AAG,B744,BOEING 747-400,L4J,H
4CC4EA,TF-IFG,SIRA,TECNAM P-2002 Sierra,L1P,L
4D02EA,LX-FUN,BL8,BELLANCA 8 Decathlon,L1P,L
4D20EA,9H-VCH,CL35,BOMBARDIER BD-100 Challenger 350,L2J,M
4D21EA,9H-QAB,B738,BOEING 737-800,L2J,M
4D23EA,9H-CXH,B738,BOEING 737-800,L2J,M
5000EA,T7-FTH,A310,AIRBUS A-310,L2J,H
5002EA,T7-5678,H25B,HAWKER BEECHCRAFT Hawker 750/850,L2J,M
502CEA,YL-HSG,R44,ROBINSON R-44 Raven,H1P,L
503CEA,LY-BAQ,SIRA,TECNAM P-2002 Sierra,L1P,L
503DEA,LY-HTB,EC30,AIRBUS HELICOPTERS EC-130,H1T,L
505DEA,OM-BOY,SD4,TOMARK Viper,L1P,L
505EEA,OM-XWB,AS50,AEROSPATIALE AS-350 Ecureuil,H1T,L
506DEA,S5-DDX,C172,CESSNA 172 Skyhawk,L1P,L
5081EA,UR-CHT,AN26,ANTONOV An-26,L2T,M
5082EA,UR-EMC,E190,EMBRAER ERJ-190-100,L2J,M
7100EA,HZ-SPAD,BE40,BEECH 400 Beechjet,L2J,M
717CEA,HZ-NS42,A20N,AIRBUS A-320neo,L2J,M
7503EA,9M-PAR,C208,CESSNA 208 Caravan,L1T,L
7504EA,9M-DAK,R44,ROBINSON R-44 Raven,H1P,L
7585EA,RP-C8946,A320,AIRBUS A-320,L2J,M
7586EA,RP-C5115,B429,BELL 429 GlobalRanger,H2T,L
7608EA,AP-BGJ,B772,BOEING 777-200,L2J,H
76B4EA,9V-MGJ,B738,BOEING 737-800,L2J,M
76CEEA,9V-SWJ,B77W,BOEING 777-300ER,L2J,H
7800EA,B-6199,A319,AIRBUS A-319,L2J,M
7803EA,B-6335,A320,AIRBUS A-320,L2J,M
7804EA,B-6386,A321,AIRBUS A-321,L2J,M
7805EA,B-6621,A320,AIRBUS A-320,L2J,M
7806EA,B-5561,B738,BOEING 737-800,L2J,M
7807EA,B-9580,SR20,CIRRUS SR-20,L1P,L
7808EA,B-6926,A321,AIRBUS A-321,L2J,M
7809EA,B-5746,B738,BOEING 737-800,L2J,M
780AEA,B-3360,CRJ9,BOMBARDIER Regional Jet CRJ-900,L2J,M
780CEA,B-1883,A320,AIRBUS A-320,L2J,M
780FEA,B-8559,A321,AIRBUS A-321,L2J,M
7810EA,B-8956,A321,AIRBUS A-321,L2J,M
7811EA,B-8388,A320,AIRBUS A-320,L2J,M
7812EA,B-1386,B738,BOEING 737-800,L2J,M
7813EA,B-1095,A320,AIRBUS A-320,L2J,M
7815EA,B-305U,A321,AIRBUS A-321,L2J,M
7816EA,B-308Z,A20N,AIRBUS A-320neo,L2J,M
7817EA,B-3763,Y12,HARBIN Y-12E Harbinger,L2T,L
781AEA,B-220N,B738,BOEING 737-800,L2J,M
781CEA,B-728E,C172,CESSNA 172 Skyhawk,L1P,L
781EEA,B-223C,B752,BOEING 757-200,L2J,M
7BB0EA,B-5069,B737,BOEING 737-700,L2J,M
7C01EA,VH-ANW,SW4,SWEARINGEN Metro,L2T,M
7C06EA,VH-BNG,BN2P,BRITTEN-NORMAN BN-2 Islander,L2P,L
7C07EA,VH-BUK,AS50,AEROSPATIALE AS-350 Ecureuil,H1T,L
7C11EA,VH-DTO,BT36,BEECH B36TC Bonanza,L1P,L
7C19EA,VH-FEK,TB20,SOCATA TB-20 Trinidad,L1P,L
7C1AEA,VH-FLO,GLAS,Glasair,L1P,L
7C2BEA,VH-IYK,DH8D,DE HAVILLAND DHC-8-400 Dash 8,L2T,M
7C33EA,VH-KJG,LJ35,LEARJET 35,L2J,M
7C37EA,VH-LBW,DHC1,DE HAVILLAND DHC-1 Chipmunk,L1P,L
7C3DEA,VH-MIK,SLG4,AIRPLANE FACTORY Sling 4,L1P,L
7C44EA,VH-NWC,EC25,AIRBUS HELICOPTERS EC-225/725,H2T,M
7C47EA,VH-OHO,P28A,PIPER PA-28-140/150/160/180,L1P,L
7C4EEA,VH-PVG,AS65,AEROSPATIALE AS-365 Dauphin 2,H2T,L
7C56EA,VH-RGC,C180,CESSNA  180 Skywagon,L1P,L
7C57EA,VH-RNG,PA31,PIPER PA-31-300/310/325/350/425,L2P,L
7C5BEA,VH-SFW,B462,BRITISH AEROSPACE 146-200 Quiet Trader,L4J,M
7C6AEA,VH-VEK,SW4,SWEARINGEN Metro,L2T,M
7C6CEA,VH-VSS,PA34,PIPER PA-34 Seneca,L2P,L
7C6DEA,VH-VZW,B738,BOEING 737-800,L2J,M
7C74EA,VH-XDO,R44,ROBINSON R-44 Raven,H1P,L
7C7BEA,VH-YRG,C82R,CESSNA R182 Skylane RG,L1P,L
7C7CEA,VH-YYK,YK52,YAKOVLEV Yak-52,L1P,L
7C7EEA,VH-ZCS,SR22,CIRRUS SR-22,L1P,L
7C7FEA,VH-ZJW,BT36,BEECH B36TC Bonanza,L1P,L
7CC3EA,24-8569,SLG2,AIRPLANE FACTORY Sling 2,L1P,L
7CC4EA,24-4199,ECHO,TECNAM P-92 Echo,L1P,L
7CF9EA,A54-019,PC21,PILATUS PC-21,L1T,L
8002EA,RK3453,IL76,ILYUSHIN Il-76/82,L4J,H
8006EA,VT-SUK,DH8D,DE HAVILLAND DHC-8-400 Dash 8,L2T,M
8007EA,VT-VDN,SR22,CIRRUS SR-22,L1P,L
800BEA,VT-PNQ,A320,AIRBUS A-320,L2J,M
800CEA,VT-IVT,A20N,AIRBUS A-320neo,L2J,M
8013EA,VT-TNX,A20N,AIRBUS A-320neo,L2J,M
8014EA,VT-UDB,AT76,ATR-72-600,L2T,M
8526EA,JA373Y,B505,BELL 505 JetRanger X,H1T,L
8621EA,JA620J,B763,BOEING 767-300,L2J,H
863AEA,JA6906,EXPL,MCDONNELL-DOUGLAS MD-900 Explorer,H2T,L
86EAEA,JA880A,B789,BOEING 787-9 Dreamliner,L2J,H
872BEA,JA912A,S76,SIKORSKY S-76 Spirit,H2T,L
8741EA,JA976A,A139,AGUSTA AW-139,H2T,L
8880EA,VN-A655,A320,AIRBUS A-320,L2J,M
8960EA,A6-EDI,A388,AIRBUS A-380-800,L4J,H
8961EA,A6-EIH,A320,AIRBUS A-320,L2J,M
8962EA,A6-SAJ,CL60,BOMBARDIER CL-600 Challenger,L2J,M
8963EA,A6-EOM,A388,AIRBUS A-380-800,L4J,H
8964EA,A6-CTD,SR22,CIRRUS SR-22,L1P,L
8965EA,A6-KID,AP22,AEROPRACT A-22,L1P,L
8990EA,B-18108,A21N,AIRBUS A-321neo,L2J,M
8A02EA,PK-LJR,B738,BOEING 737-800,L2J,M
8A03EA,PK-WTR,C172,CESSNA 172 Skyhawk,L1P,L
8A07EA,PK-GJV,AT76,ATR-72-600,L2T,M
8A08EA,PK-SAC,A320,AIRBUS A-320,L2J,M
A000EA,N1KG,A32P,SCHLEICHER ASG-32Mi,L1P,L
A002EA,N10FT,MA5,MARQUART MA-5 Charger,L1P,L
A003EA,N10RZ,G150,GULFSTREAM G150,L2J,M
A004EA,N100CD,COZY,CO-Z Cozy,L1P,L
A005EA,N100NK,BE55,BEECH 55 Baron,L2P,L
A008EA,N101FB,T206,CESSNA T206 Turbo Stationair,L1P,L
A009EA,N101RH,BOLT,STEEN Skybolt,L1P,L
A00BEA,N1018Q,COL3,CESSNA 350 Corvalis,L1P,L
A00EEA,N1023G,UH12,HILLER UH-12,H1P,L
A00FEA,N103AS,C182,CESSNA 182 Skylane,L1P,L
A012EA,N1035K,L8,LUSCOMBE 8,L1P,L
A014EA,N104PW,GLID,,L0-,-
A016EA,N1047N,M7,MAULE M-7,L1P,L
A018EA,N105SU,H500,HUGHES 500,H1T,L
A019EA,N1052E,CH7A,BELLANCA 7 Champion,L1P,L
A01AEA,N1059R,C175,CESSNA 175 Skylark,L1P,L
A01CEA,N106VS,MI24,MIL Mi-24/25/35,H2T,M
A01DEA,N1064H,,,,
A01FEA,N107NJ,UH1,BELL UH-1 Huey,H1T,L
A023EA,N108RG,ULAC,,L0-,-
A029EA,N11AR,GLF5,GULFSTREAM 5,L2J,M
A02AEA,N11LX,SBR1,NORTH AMERICAN Sabre 40/50/60/65,L2J,M
A02CEA,N110HH,RV10,VANS RV-10,L1P,L
A02DEA,N110TP,C550,CESSNA 550 Citation S2,L2J,L
A02FEA,N111A,,,,
A030EA,N111LF,PA24,PIPER PA-24 Comanche,L1P,L
A031EA,N111WM,P28R,PIPER PA-28R-180/200/201,L1P,L
A03AEA,N11389,C150,CESSNA 150,L1P,L
A03CEA,N114V,,,,
A03FEA,N115MS,M20P,MOONEY M-20,L1P,L
A041EA,N11554,C150,CESSNA 150,L1P,L
A045EA,N11677,CH7B,BELLANCA 7 Citabria,L1P,L
A047EA,N117TN,AA1,AMERICAN AA-1,L1P,L
A04DEA,N119CX,,,,
A04EEA,N119PC,M20P,MOONEY M-20,L1P,L
A052EA,N12SA,C172,CESSNA 172 Skyhawk,L1P,L
A053EA,N120CF,PA18,PIPER PA-18 Super Cub,L1P,L
A054EA,N120NM,BALL,,B0-,-
A056EA,N1206P,RS20,RANS S-20 Raven,L1P,L
A058EA,N121RK,FOX,KITFOX,L1P,L
A059EA,N1211F,C185,CESSNA 185 Skywagon,L1P,L
A05AEA,N1218S,C172,CESSNA 172 Skyhawk,L1P,L
A05BEA,N122JB,C208,CESSNA 208 Caravan,L1T,L
A05FEA,N123M,RV12,VANS RV-12,L1P,L
A061EA,N1235M,BE50,BEECH 50 Excalibur,L2P,L
A062EA,N124DS,,,,
A064EA,N1240D,C170,CESSNA 170,L1P,L
A067EA,N125SW,,,,
A068EA,N1252G,C414,CESSNA 414 Chancellor,L2P,L
A06BEA,N126VU,AA5,AMERICAN AA-5 Tiger,L1P,L
A06CEA,N1264K,L8,LUSCOMBE 8,L1P,L
A06DEA,N127CE,P208,TECNAM P-2008,L1P,L
A070EA,N1276N,FA24,FAIRCHILD F-24 Argus,L1P,L
A071EA,N128FC,UH1,BELL UH-1 Huey,H1T,L
A073EA,N1281E,CH7A,BELLANCA 7 Champion,L1P,L
A077EA,N1293H,AR15,AERONCA 15 Sedan,L1P,L
A078EA,N13AT,B06,BELL 206 JetRanger,H1T,L
A079EA,N13LZ,PARA,,P0-,-
A07EEA,N131AB,PA25,PIPER PA-25 Pawnee,L1P,L
A07FEA,N131LH,RV6,VANS RV-6,L1P,L
A082EA,N132D,EFOX,AEROPRO Eurofox,L1P,L
A08CEA,N13433,C82T,CESSNA TR182 Turbo Skylane RG,L1P,L
A08FEA,N135Y,BE35,BEECH 35 Starfire Bonanza,L1P,L
A090EA,N13556,ULAC,,L0-,-
A097EA,N13721,C172,CESSNA 172 Skyhawk,L1P,L
A099EA,N138LG,,,,
A09FEA,N13967,PA23,PIPER PA-23,L2P,L
A0A0EA,N14FX,PA11,PIPER PA-11 Cub Special,L1P,L
A0A1EA,N14SC,TBM7,SOCATA TBM-700A/B/C,L1T,L
A0A2EA,N140CH,CH70,ZENAIR CH-701 Stol,L1P,L
A0A5EA,N1406R,AA1,AMERICAN AA-1,L1P,L
A0A7EA,N141RM,RV7,VANS RV-7,L1P,L
A0AAEA,N142JD,ULAC,,L0-,-
A0ACEA,N1423L,BE23,BEECH 23 Sundowner,L1P,L
A0AEEA,N143MB,BE35,BEECH 35 Starfire Bonanza,L1P,L
A0B1EA,N144DU,BCS1,AIRBUS A220-100,L2J,M
A0B2EA,N144Q,DHC2,DE HAVILLAND DHC-2 Beaver,L1P,L
A0B4EA,N1447S,C182,CESSNA 182 Skylane,L1P,L
A0B6EA,N145SY,E75L,EMBRAER ERJ-170-200 (long wing),L2J,M
A0B7EA,N1452J,SONX,SONEX AIRCRAFT Sonex,L1P,L
A0B8EA,N1459V,C172,CESSNA 172 Skyhawk,L1P,L
A0BCEA,N147CG,B47G,BELL 47G,H1P,L
A0BFEA,N1476Q,C150,CESSNA 150,L1P,L
A0C0EA,N148FE,B763,BOEING 767-300,L2J,H
A0C3EA,N1488T,T206,CESSNA T206 Turbo Stationair,L1P,L
A0C4EA,N149JC,C172,CESSNA 172 Skyhawk,L1P,L
A0C7EA,N15AV,ERCO,AIR PRODUCTS F-1 Aircoupe,L1P,L
A0C8EA,N15MA,DC3,DOUGLAS DC-3 Dakota,L2P,M
A0CBEA,N150TT,C500,CESSNA 500 Citation 1,L2J,L
A0CCEA,N15024,PA34,PIPER PA-34 Seneca,L2P,L
A0CDEA,N151AD,AS50,AEROSPATIALE AS-350 Ecureuil,H1T,L
A0D1EA,N152DB,P32R,PIPER PA-32R-300/301/301T,L1P,L
A0D2EA,N152PH,A139,AGUSTA AW-139,H2T,L
A0D4EA,N1527,GYRO,,G0-,-
A0D5EA,N153G,BL8,BELLANCA 8 Decathlon,L1P,L
A0D8EA,N1539C,SR22,CIRRUS SR-22,L1P,L
A0DBEA,N15435,P28A,PIPER PA-28-140/150/160/180,L1P,L
A0DDEA,N155MW,CRJ2,BOMBARDIER Regional Jet CRJ-200,L2J,M
A0E2EA,N15600,P28R,PIPER PA-28R-180/200/201,L1P,L
A0E7EA,N158AC,S64,SIKORSKY S-64 Skycrane,H2T,M
A0EAEA,N15846,BE17,BEECH 17 Staggerwing,L1P,L
A0ECEA,N159PG,SR20,CIRRUS SR-20,L1P,L
A0EEEA,N15969,B789,BOEING 787-9 Dreamliner,L2J,H
A0F0EA,N16SE,PA32,PIPER PA-32,L1P,L
A0F6EA,N161RP,P32R,PIPER PA-32R-300/301/301T,L1P,L
A0F7EA,N1611K,L8,LUSCOMBE 8,L1P,L
A0F8EA,N1618W,WAIX,SONEX Waiex,L1P,L
A0FBEA,N1623N,FNKB,FUNK B,L1P,L
A0FDEA,N163MD,GLF4,GULFSTREAM 4,L2J,M
A0FFEA,N1635R,AA1,AMERICAN AA-1,L1P,L
A102EA,N1640H,P28A,PIPER PA-28-140/150/160/180,L1P,L
A105EA,N165T,PA18,PIPER PA-18 Super Cub,L1P,L
A106EA,N1652L,ULAC,,L0-,-
A10BEA,N167CJ,RV6,VANS RV-6,L1P,L
A112EA,N1688V,C172,CESSNA 172 Skyhawk,L1P,L
A116EA,N17AX,P28R,PIPER PA-28R-180/200/201,L1P,L
A117EA,N17MC,PA32,PIPER PA-32,L1P,L
A119EA,N170HP,BE33,BEECH 33 Bonanza,L1P,L
A11BEA,N17026,,,,
A11EEA,N171WT,R44,ROBINSON R-44 Raven,H1P,L
A11FEA,N17149,RELI,STINSON Reliant,L1P,L
A120EA,N172DD,C172,CESSNA 172 Skyhawk,L1P,L
A121EA,N172PK,C172,CESSNA 172 Skyhawk,L1P,L
A127EA,N1739E,CH7A,BELLANCA 7 Champion,L1P,L
A128EA,N174K,C310,CESSNA 310,L2P,L
A12BEA,N175BS,P32R,PIPER PA-32R-300/301/301T,L1P,L
A135EA,N17725,WACC,WACO C/S,L1P,L
A13AEA,N179DC,RV4,VANS RV-4,L1P,L
A13FEA,N18SG,C310,CESSNA 310,L2P,L
A141EA,N180NT,C180,CESSNA  180 Skywagon,L1P,L
A143EA,N1806V,C140,CESSNA 140,L1P,L
A147EA,N1818Y,BE36,BEECH 36 Bonanza,L1P,L
A14EEA,N1835T,P28A,PIPER PA-28-140/150/160/180,L1P,L
A151EA,N1840K,L8,LUSCOMBE 8,L1P,L
A153EA,N185GW,C185,CESSNA 185 Skywagon,L1P,L
A154EA,N185TB,C185,CESSNA 185 Skywagon,L1P,L
A15EEA,N188FJ,FA50,DASSAULT Falcon 50,L3J,M
A160EA,N1881L,BE95,BEECH 95 Travel Air,L2P,L
A16AEA,N19028,TAYA,TAYLORCRAFT A,L1P,L
A16BEA,N191AH,S22T,CIRRUS SR-22T Turbo,L1P,L
A16EEA,N1915A,PA18,PIPER PA-18 Super Cub,L1P,L
A172EA,N1927D,BE35,BEECH 35 Starfire Bonanza,L1P,L
A176EA,N1939G,P28A,PIPER PA-28-140/150/160/180,L1P,L
A179EA,N19439,C150,CESSNA 150,L1P,L
A17BEA,N195N,C195,CESSNA 195,L1P,L
A181EA,N1968E,CH7A,BELLANCA 7 Champion,L1P,L
A184EA,N19727,C172,CESSNA 172 Skyhawk,L1P,L
A185EA,N198AG,B350,BEECHCRAFT Super King Air 350,L2T,M
A188EA,N1985,,,,
A18AEA,N199PL,BE9L,BEECH 90 King Air,L2T,L
A18CEA,N1997C,C170,CESSNA 170,L1P,L
A18DEA,N2GC,,,,
A18EEA,N2SJ,UH12,HILLER UH-12,H1P,L
A193EA,N200VM,P32R,PIPER PA-32R-300/301/301T,L1P,L
A194EA,N2004C,BALL,,B0-,-
A195EA,N201BY,M20P,MOONEY M-20,L1P,L
A196EA,N201ND,M20P,MOONEY M-20,L1P,L
A197EA,N201YK,M20P,MOONEY M-20,L1P,L
A199EA,N202EW,G200,AKROTECH G-200,L1P,L
A19BEA,N20208,C172,CESSNA 172 Skyhawk,L1P,L
A19CEA,N2028J,H269,HUGHES Sky Knight,H1P,L
A19FEA,N2033A,BALL,,B0-,-
A1A1EA,N204LS,DRON,,D0-,-
A1A3EA,N2045D,GLID,,L0-,-
A1A4EA,N205DJ,FA20,DASSAULT Falcon 200,L2J,M
A1A7EA,N2057G,C182,CESSNA 182 Skylane,L1P,L
A1A9EA,N206SN,T206,CESSNA T206 Turbo Stationair,L1P,L
A1AAEA,N20619,FA24,FAIRCHILD F-24 Argus,L1P,L
A1ABEA,N2069K,B58T,BEECH 58TC Baron,L2P,L
A1AFEA,N208BX,C208,CESSNA 208 Caravan,L1T,L
A1B2EA,N2086E,C172,CESSNA 172 Skyhawk,L1P,L
A1B5EA,N20907,C182,CESSNA 182 Skylane,L1P,L
A1B7EA,N21HT,PA38,PIPER PA-38 Tomahawk,L1P,L
A1BBEA,N2100R,C182,CESSNA 182 Skylane,L1P,L
A1BEEA,N211TH,T211,INDUS T-211,L1P,L
A1C0EA,N21195,S10,STINSON 10 Voyager,L1P,L
A1C1EA,N212L,NAVI,NORTH AMERICAN Navion,L1P,L
A1C3EA,N2124X,YK11,YAKOVLEV Yak-11,L1P,L
A1C4EA,N213CS,M20P,MOONEY M-20,L1P,L
A1C7EA,N21360,C172,CESSNA 172 Skyhawk,L1P,L
A1C9EA,N214RW,CL35,BOMBARDIER BD-100 Challenger 350,L2J,M
A1CBEA,N21483,C172,CESSNA 172 Skyhawk,L1P,L
A1CEEA,N2153V,M20P,MOONEY M-20,L1P,L
A1D3EA,N217EC,BE40,BEECH 400 Beechjet,L2J,M
A1D5EA,N2170Q,C77R,CESSNA 177RG Cardinal RG,L1P,L
A1D7EA,N218HA,A21N,AIRBUS A-321neo,L2J,M
A1D8EA,N218TG,TBM7,SOCATA TBM-700A/B/C,L1T,L
A1D9EA,N2182T,P28A,PIPER PA-28-140/150/160/180,L1P,L
A1DCEA,N219WE,TB20,SOCATA TB-20 Trinidad,L1P,L
A1DEEA,N22CR,BE9L,BEECH 90 King Air,L2T,L
A1DFEA,N22NX,PC12,PILATUS PC-12,L1T,L
A1E0EA,N22ZC,VEZE,RUTAN VariEze,L1P,L
A1E4EA,N221C,S108,STINSON 108 Voyager,L1P,L
A1E9EA,N222RD,C340,CESSNA 340 Super,L2P,L
A1EAEA,N2221,C182,CESSNA 182 Skylane,L1P,L
A1ECEA,N223HW,CH7B,BELLANCA 7 Citabria,L1P,L
A1EEEA,N2233C,P28A,PIPER PA-28-140/150/160/180,L1P,L
A1F1EA,N224X,T6,NORTH AMERICAN T-6 Texan,L1P,L
A1F4EA,N225PS,RV6,VANS RV-6,L1P,L
A1FAEA,N2269M,P32R,PIPER PA-32R-300/301/301T,L1P,L
A1FDEA,N2274D,C170,CESSNA 170,L1P,L
A203EA,N229RC,EXEC,ROTORWAY Exec,H1P,L
A204EA,N22909,E145,EMBRAER ERJ-145,L2J,M
A206EA,N23HV,BRAV,TECNAM P-2004 Bravo,L1P,L
A207EA,N23UA,,,,
A208EA,N230EF,B230,BELL 230,H2T,L
A20BEA,N23074,L8,LUSCOMBE 8,L1P,L
A20DEA,N231TK,AP22,AEROPRACT A-22,L1P,L
A20FEA,N23197,C150,CESSNA 150,L1P,L
A211EA,N232WH,S22T,CIRRUS SR-22T Turbo,L1P,L
A217EA,N234FS,T34P,BEECH T-34 Mentor,L1P,L
A219EA,N2341U,B77W,BOEING 777-300ER,L2J,H
A21BEA,N235JQ,E75L,EMBRAER ERJ-170-200 (long wing),L2J,M
A21DEA,N2353X,PA18,PIPER PA-18 Super Cub,L1P,L
A221EA,N23650,TAYB,TAYLORCRAFT BC/BF/BL,L1P,L
A222EA,N237EE,C56X,CESSNA 560XL Citation XLS,L2J,M
A228EA,N2382V,PA38,PIPER PA-38 Tomahawk,L1P,L
A22DEA,N24CT,PA34,PIPER PA-34 Seneca,L2P,L
A233EA,N241CB,EC20,AIRBUS HELICOPTERS EC-120,H1T,L
A236EA,N2416K,L8,LUSCOMBE 8,L1P,L
A238EA,N242RF,C25A,CESSNA 525A Citation CJ2,L2J,L
A239EA,N2421B,CH70,ZENAIR CH-701 Stol,L1P,L
A23DEA,N2433E,C206,CESSNA  206 Stationair,L1P,L
A246EA,N246GL,C25A,CESSNA 525A Citation CJ2,L2J,L
A248EA,N2462C,PA38,PIPER PA-38 Tomahawk,L1P,L
A249EA,N2469P,PA22,PIPER PA-22,L1P,L
A24CEA,N2474F,PA38,PIPER PA-38 Tomahawk,L1P,L
A253EA,N2491A,PA18,PIPER PA-18 Super Cub,L1P,L
A259EA,N2500V,,,,
A262EA,N253CW,C25A,CESSNA 525A Citation CJ2,L2J,L
A267EA,N254S,C210,CESSNA 201 Centurion,L1P,L
A269EA,N25487,CMAS,CESSNA C-165 Airmaster,L1P,L
A26AEA,N255JS,EN28,ENSTROM F-28,H1P,L
A273EA,N2570U,P28A,PIPER PA-28-140/150/160/180,L1P,L
A274EA,N25775,C152,CESSNA 152,L1P,L
A27BEA,N25940,J3,PIPER J-3 Cub,L1P,L
A27FEA,N260KM,RV7,VANS RV-7,L1P,L
A282EA,N261CD,SR20,CIRRUS SR-20,L1P,L
A289EA,N2628Q,C182,CESSNA 182 Skylane,L1P,L
A28AEA,N263J,FOX,KITFOX,L1P,L
A290EA,N2645K,C180,CESSNA  180 Skywagon,L1P,L
A292EA,N265PW,GA8,GIPPSAERO GA-8 Airvan,L1P,L
A294EA,N2657N,C421,CESSNA 421 Executive Commuter,L2P,L
A297EA,N2662E,CH7A,BELLANCA 7 Champion,L1P,L
A298EA,N2669R,C182,CESSNA 182 Skylane,L1P,L
A29BEA,N2674H,ERCO,AIR PRODUCTS F-1 Aircoupe,L1P,L
A29CEA,N268CC,RV7,VANS RV-7,L1P,L
A2A2EA,N2691C,,,,
A2A3EA,N2698P,PA18,PIPER PA-18 Super Cub,L1P,L
A2A8EA,N2700X,C180,CESSNA  180 Skywagon,L1P,L
A2A9EA,N27078,J4,PIPER J-4 Cub Coupe,L1P,L
A2ACEA,N27120,J3,PIPER J-3 Cub,L1P,L
A2ADEA,N272A,PA34,PIPER PA-34 Seneca,L2P,L
A2B7EA,N2741Y,BE95,BEECH 95 Travel Air,L2P,L
A2B8EA,N27489,TAYB,TAYLORCRAFT BC/BF/BL,L1P,L
A2BAEA,N275V,BE58,BEECH 58 Baron,L2P,L
A2C2EA,N2770W,M20P,MOONEY M-20,L1P,L
A2C9EA,N279WL,CH60,ZENAIR CH-600 Zodiac,L1P,L
A2CBEA,N28CX,T28,NORTH AMERICAN T-28,L1P,L
A2CCEA,N28PC,M200,NORTH AMERICAN ROCKWELL Commander 200,L1P,L
A2D1EA,N281CF,P28A,PIPER PA-28-140/150/160/180,L1P,L
A2D4EA,N2816P,P28A,PIPER PA-28-140/150/160/180,L1P,L
A2D8EA,N2828S,AC80,NORTH AMERICAN ROCKWELL Turbo Commander 680,L2T,L
A2D9EA,N283JB,E190,EMBRAER ERJ-190-100,L2J,M
A2DDEA,N284M,P28B,PIPER PA-28-201T/235/236,L1P,L
A2DFEA,N2845M,PA12,PIPER PA-12 Super Cruiser,L1P,L
A2E0EA,N285DS,DA40,DIAMOND DA-40 Club Star,L1P,L
A2E3EA,N2857Q,C172,CESSNA 172 Skyhawk,L1P,L
A2E7EA,N2869T,P28R,PIPER PA-28R-180/200/201,L1P,L
A2EAEA,N2874K,C180,CESSNA  180 Skywagon,L1P,L
A2EEEA,N2886N,C120,CESSNA 120,L1P,L
A2F3EA,N29JA,D7,FOKKER D-7 Replica,L1P,L
A2F7EA,N2900Z,PA22,PIPER PA-22,L1P,L
A2FCEA,N292AB,DRON,,D0-,-
A303EA,N29368,WACF,WACO F,L1P,L
A307EA,N2949A,C180,CESSNA  180 Skywagon,L1P,L
A30DEA,N296Y,DG15,HOWARD Nightingale,L1P,L
A315EA,N29821,C182,CESSNA 182 Skylane,L1P,L
A317EA,N299LG,M20P,MOONEY M-20,L1P,L
A318EA,N299WN,B737,BOEING 737-700,L2J,M
A319EA,N29944,WACF,WACO F,L1P,L
A31BEA,N3PE,BE58,BEECH 58 Baron,L2P,L
A31CEA,N3ZL,SR20,CIRRUS SR-20,L1P,L
A31FEA,N300GB,BE40,BEECH 400 Beechjet,L2J,M
A321EA,N30014,C177,CESSNA  177 Cardinal,L1P,L
A322EA,N3009E,CH7A,BELLANCA 7 Champion,L1P,L
A323EA,N301K,DH8C,DE HAVILLAND DHC-8-300 Dash 8,L2T,M
A330EA,N30425,,,,
A335EA,N306DC,SR22,CIRRUS SR-22,L1P,L
A338EA,N3067A,C170,CESSNA 170,L1P,L
A33BEA,N30713,C177,CESSNA  177 Cardinal,L1P,L
A33CEA,N3079D,AT6T,AIR TRACTOR AT-602,L1T,L
A33FEA,N30836,B222,BELL 222,H2T,L
A340EA,N309BR,C172,CESSNA 172 Skyhawk,L1P,L
A344EA,N31EP,P46T,PIPER PA-46-500TP,L1T,L
A345EA,N31QV,AS31,SCHLEICHER ASH-31,L1P,L
A349EA,N3105T,C177,CESSNA  177 Cardinal,L1P,L
A351EA,N3129Z,PA22,PIPER PA-22,L1P,L
A353EA,N313W,BE35,BEECH 35 Starfire Bonanza,L1P,L
A358EA,N3146U,C182,CESSNA 182 Skylane,L1P,L
A35CEA,N3158X,R44,ROBINSON R-44 Raven,H1P,L
A35DEA,N316JG,BE36,BEECH 36 Bonanza,L1P,L
A360EA,N317AZ,B763,BOEING 767-300,L2J,H
A363EA,N3175S,BALL,,B0-,-
A364EA,N318DX,A321,AIRBUS A-321,L2J,M
A366EA,N3180J,,,,
A36BEA,N3199Y,C182,CESSNA 182 Skylane,L1P,L
A36FEA,N320SK,C320,CESSNA 320 Skyknight,L2P,L
A370EA,N32016,WACF,WACO F,L1P,L
A372EA,N321KB,P337,CESSNA P337 Skymaster,L2P,L
A374EA,N32139,PA32,PIPER PA-32,L1P,L
A376EA,N322N,B06,BELL 206 JetRanger,H1T,L
A378EA,N3226B,BE36,BEECH 36 Bonanza,L1P,L
A379EA,N323ES,,,,
A37CEA,N3238E,C172,CESSNA 172 Skyhawk,L1P,L
A37FEA,N32427,P28R,PIPER PA-28R-180/200/201,L1P,L
A385EA,N326PL,C172,CESSNA 172 Skyhawk,L1P,L
A387EA,N3267C,BE35,BEECH 35 Starfire Bonanza,L1P,L
A38EEA,N32838,P28A,PIPER PA-28-140/150/160/180,L1P,L
A393EA,N33ER,AA5,AMERICAN AA-5 Tiger,L1P,L
A395EA,N330BB,,,,
A396EA,N330MH,B412,BELL 412,H2T,L
A39BEA,N3310M,PA12,PIPER PA-12 Super Cruiser,L1P,L
A39CEA,N3317Y,C182,CESSNA 182 Skylane,L1P,L
A3A0EA,N33291,C77R,CESSNA 177RG Cardinal RG,L1P,L
A3A1EA,N333KW,C421,CESSNA 421 Executive Commuter,L2P,L
A3A2EA,N333WB,CH7A,BELLANCA 7 Champion,L1P,L
A3A3EA,N3334T,C177,CESSNA  177 Cardinal,L1P,L
A3A9EA,N335RS,C172,CESSNA 172 Skyhawk,L1P,L
A3AAEA,N3351N,DRON,,D0-,-
A3AEEA,N3363R,C182,CESSNA 182 Skylane,L1P,L
A3BCEA,N34WA,,,,
A3BEEA,N340SM,GAZL,AEROSPATIALE SA-341 Gazelle,H1T,L
A3C3EA,N3414A,PA22,PIPER PA-22,L1P,L
A3C5EA,N342NB,A319,AIRBUS A-319,L2J,M
A3C7EA,N3426D,C172,CESSNA 172 Skyhawk,L1P,L
A3CBEA,N3438G,B25,CONSOLIDATED B-25 Mitchell,L2P,M
A3CCEA,N344HS,R44,ROBINSON R-44 Raven,H1P,L
A3CEEA,N34429,AR65,AERONCA 65 Super Chief,L1P,L
A3D1EA,N345WW,GLAS,Glasair,L1P,L
A3D9EA,N34717,C177,CESSNA  177 Cardinal,L1P,L
A3E2EA,N35ET,C550,CESSNA 550 Citation S2,L2J,L
A3E4EA,N350BD,B350,BEECHCRAFT Super King Air 350,L2T,M
A3E5EA,N350MK,P28A,PIPER PA-28-140/150/160/180,L1P,L
A3E7EA,N3505X,M20P,MOONEY M-20,L1P,L
A3EAEA,N3510P,T206,CESSNA T206 Turbo Stationair,L1P,L
A3F4EA,N354NW,A320,AIRBUS A-320,L2J,M
A3F9EA,N3551Q,C172,CESSNA 172 Skyhawk,L1P,L
A3FAEA,N35581,C172,CESSNA 172 Skyhawk,L1P,L
A3FDEA,N3563T,TF19,TAYLORCRAFT F-19 Sportsman,L1P,L
A3FEEA,N357BC,C82S,CESSNA T182 Turbo Skylane,L1P,L
A3FFEA,N357MJ,C56X,CESSNA 560XL Citation XLS,L2J,M
A404EA,N3580N,J3,PIPER J-3 Cub,L1P,L
A408EA,N3592R,P28A,PIPER PA-28-140/150/160/180,L1P,L
A409EA,N35992,J4,PIPER J-4 Cub Coupe,L1P,L
A40BEA,N36WC,RV6,VANS RV-6,L1P,L
A40CEA,N360GH,AS29,SCHLEICHER ASG-29,L1P,L
A40DEA,N360SP,C172,CESSNA 172 Skyhawk,L1P,L
A40EEA,N3602,,,,
A410EA,N361KF,FOX,KITFOX,L1P,L
A41AEA,N3638J,C150,CESSNA 150,L1P,L
A429EA,N3679K,J3,PIPER J-3 Cub,L1P,L
A42CEA,N3684B,PA18,PIPER PA-18 Super Cub,L1P,L
A42DEA,N369BX,LNP4,LANCAIR PropJet 4,L1T,L
A430EA,N3696E,CH7A,BELLANCA 7 Champion,L1P,L
A431EA,N37EV,,,,
A432EA,N37RA,BE36,BEECH 36 Bonanza,L1P,L
A433EA,N370BF,PTS2,PITTS S-2 Special,L1P,L
A43AEA,N37172,BE30,BEECH 300 Super King Air,L2T,L
A43BEA,N372HB,C172,CESSNA 172 Skyhawk,L1P,L
A43DEA,N3722U,C182,CESSNA 182 Skylane,L1P,L
A43EEA,N37295,B38M,BOEING 737 MAX 8,L2J,M
A441EA,N3734X,VO10,NORTH AMERICAN ROCKWELL Commander 100,L1P,L
A447EA,N375RW,LGEZ,RUTAN Long-EZ,L1P,L
A449EA,N37583,,,,
A455EA,N379HA,A332,AIRBUS A-330-200,L2J,H
A457EA,N3792T,P28R,PIPER PA-28R-180/200/201,L1P,L
A458EA,N37994,J4,PIPER J-4 Cub Coupe,L1P,L
A45CEA,N380SR,SR22,CIRRUS SR-22,L1P,L
A45FEA,N381KH,M20P,MOONEY M-20,L1P,L
A460EA,N381VP,C550,CESSNA 550 Citation S2,L2J,L
A461EA,N3814E,AR11,AERONCA 11 Chief,L1P,L
A468EA,N3831,AS50,AEROSPATIALE AS-350 Ecureuil,H1T,L
A469EA,N3838L,C172,CESSNA 172 Skyhawk,L1P,L
A46FEA,N385X,M5,MAULE M-5,L1P,L
A474EA,N3867J,C150,CESSNA 150,L1P,L
A478EA,N3879M,RV8,VANS RV-8,L1P,L
A47BEA,N3884D,C182,CESSNA 182 Skylane,L1P,L
A47FEA,N3896G,T206,CESSNA T206 Turbo Stationair,L1P,L
A480EA,N39EX,L39,LET L-39 Albatros,L1J,L
A481EA,N39RC,C56X,CESSNA 560XL Citation XLS,L2J,M
A485EA,N39051,AA1,AMERICAN AA-1,L1P,L
A486EA,N391EF,D328,DORNIER 328,L2T,M
A488EA,N3910T,P28R,PIPER PA-28R-180/200/201,L1P,L
A48CEA,N3922W,PA32,PIPER PA-32,L1P,L
A48DEA,N39297,B738,BOEING 737-800,L2J,M
A490EA,N3934Z,PA18,PIPER PA-18 Super Cub,L1P,L
A492EA,N394P,AS50,AEROSPATIALE AS-350 Ecureuil,H1T,L
A4A3EA,N39873,BL17,BELLANCA 17 Viking,L1P,L
A4A4EA,N399HC,BE20,BEECH 200 Super King Air,L2T,M
A4A7EA,N39996,TAYB,TAYLORCRAFT BC/BF/BL,L1P,L
A4A8EA,N4LA,SRAI,GREAT PLAINS Sonerai,L1P,L
A4AAEA,N40GM,BE35,BEECH 35 Starfire Bonanza,L1P,L
A4ABEA,N40ST,RV6,VANS RV-6,L1P,L
A4AFEA,N40066,BALL,,B0-,-
A4B0EA,N401FW,B06,BELL 206 JetRanger,H1T,L
A4B1EA,N401SB,BE58,BEECH 58 Baron,L2P,L
A4B3EA,N40189,BE18,BEECH 18 Expetitor,L2P,L
A4B5EA,N402V,AT3T,AIR TRACTOR AT-302/402,L1T,L
A4B7EA,N403BL,DA40,DIAMOND DA-40 Club Star,L1P,L
A4BAEA,N40354,M4,MAULE M-4,L1P,L
A4BDEA,N4040W,DHC2,DE HAVILLAND DHC-2 Beaver,L1P,L
A4C1EA,N4052Z,PA18,PIPER PA-18 Super Cub,L1P,L
A4C5EA,N40642,J3,PIPER J-3 Cub,L1P,L
A4C7EA,N407PC,BE36,BEECH 36 Bonanza,L1P,L
A4CBEA,N408SA,DA42,DIAMOND DA-42 Guardian,L2P,L
A4CDEA,N40888,J5,PIPER J-5 Cub Cruiser,L1P,L
A4D1EA,N41BK,HUSK,CHRISTEN Husky,L1P,L
A4D2EA,N41MR,FOX,KITFOX,L1P,L
A4D3EA,N41XX,GLID,,L0-,-
A4D4EA,N410JB,RV10,VANS RV-10,L1P,L
A4D8EA,N411M,ZZZZ,,-0-,-
A4DAEA,N4115M,G103,GROB G-103 Twin 3SL,L1P,L
A4DBEA,N412DS,ULAC,,L0-,-
A4DDEA,N4120D,COUR,HELIO Courier,L1P,L
A4DEEA,N4127Q,C310,CESSNA 310,L2P,L
A4E0EA,N413SW,CRJ2,BOMBARDIER Regional Jet CRJ-200,L2J,M
A4E2EA,N4139T,PA46,PIPER PA-46-310/350,L1P,L
A4E5EA,N4144K,P28A,PIPER PA-28-140/150/160/180,L1P,L
A4E9EA,N4156N,PA18,PIPER PA-18 Super Cub,L1P,L
A4EBEA,N416RJ,GLF5,GULFSTREAM 5,L2J,M
A4ECEA,N4161E,CH7A,BELLANCA 7 Champion,L1P,L
A4EDEA,N4168R,PA32,PIPER PA-32,L1P,L
A4F0EA,N4173H,PA15,PIPER PA-15 Vagabond,L1P,L
A4F1EA,N418AT,TWEN,TECNAM Twenty-Ten,L1P,L
A4F4EA,N4185L,P46T,PIPER PA-46-500TP,L1T,L
A4FAEA,N42SV,GLST,GLASAIR SH-4 GlaStar,L1P,L
A4FBEA,N420D,AS20,SCHLEICHER ASW-20,L1P,L
A501EA,N42110,J3,PIPER J-3 Cub,L1P,L
A508EA,N423Y,BE35,BEECH 35 Starfire Bonanza,L1P,L
A50BEA,N424QS,E55P,EMBRAER EMB-505 Phenom 300,L2J,M
A50DEA,N42479,J3,PIPER J-3 Cub,L1P,L
A50EEA,N425HJ,C425,CESSNA 425 Corsair,L2T,L
A510EA,N42521,C182,CESSNA 182 Skylane,L1P,L
A511EA,N426AA,MD82,MCDONNELL-DOUGLAS MD-82,L2J,M
A513EA,N426WN,B737,BOEING 737-700,L2J,M
A514EA,N42644,J3,PIPER J-3 Cub,L1P,L
A516EA,N427PE,SH36,SHORT 360,L2T,M
A519EA,N428FX,E545,EMBRAER EMB545 Praetor 500,L2J,M
A51CEA,N4289,,,,
A520EA,N43BM,C421,CESSNA 421 Executive Commuter,L2P,L
A521EA,N43MT,CH7B,BELLANCA 7 Citabria,L1P,L
A523EA,N430JD,J3,PIPER J-3 Cub,L1P,L
A525EA,N4303L,C172,CESSNA 172 Skyhawk,L1P,L
A526EA,N431AW,CRJ2,BOMBARDIER Regional Jet CRJ-200,L2J,M
A528EA,N431XH,UH1,BELL UH-1 Huey,H1T,L
A529EA,N4315P,MI2,MIL Mi-2,H2T,L
A52CEA,N4320F,P28A,PIPER PA-28-140/150/160/180,L1P,L
A530EA,N4332J,RV4,VANS RV-4,L1P,L
A531EA,N4339V,C190,CESSNA 190,L1P,L
A534EA,N4344M,BE19,BEECH 19 Sport,L1P,L
A53CEA,N4368T,P28R,PIPER PA-28R-180/200/201,L1P,L
A53FEA,N4373K,GLID,,L0-,-
A541EA,N438MA,E145,EMBRAER ERJ-145,L2J,M
A543EA,N4385N,C190,CESSNA 190,L1P,L
A547EA,N4397R,C172,CESSNA 172 Skyhawk,L1P,L
A548EA,N44GR,PA31,PIPER PA-31-300/310/325/350/425,L2P,L
A549EA,N44SX,SONX,SONEX AIRCRAFT Sonex,L1P,L
A54AEA,N440DB,RV4,VANS RV-4,L1P,L
A54BEA,N440PH,B407,BELL 407,H1T,L
A54EEA,N441G,C441,CESSNA 441 Conquest,L2T,L
A556EA,N443MW,RV6,VANS RV-6,L1P,L
A557EA,N443YB,UH1,BELL UH-1 Huey,H1T,L
A55BEA,N44400,P28A,PIPER PA-28-140/150/160/180,L1P,L
A55FEA,N44523,PA36,PIPER PA-36 Pawnee Brave,L1P,L
A560EA,N446AC,CH7B,BELLANCA 7 Citabria,L1P,L
A563EA,N44646,P28A,PIPER PA-28-140/150/160/180,L1P,L
A567EA,N44769,N3N,NAVAL AIRCRAFT FACTORY N3N,L1P,L
A56BEA,N4489B,C170,CESSNA 170,L1P,L
A572EA,N450JF,E50P,EMBRAER EMB-500 Phenom 100,L2J,L
A57CEA,N4527U,C150,CESSNA 150,L1P,L
A57EEA,N453T,MT,ROTORSPORT MTOSport,G1P,L
A580EA,N4539X,P28A,PIPER PA-28-140/150/160/180,L1P,L
A583EA,N4544P,AA5,AMERICAN AA-5 Tiger,L1P,L
A58EEA,N4573M,PA11,PIPER PA-11 Cub Special,L1P,L
A595EA,N4590G,BALL,,B0-,-
A596EA,N4597T,P28R,PIPER PA-28R-180/200/201,L1P,L
A597EA,N46GT,PA46,PIPER PA-46-310/350,L1P,L
A59AEA,N460PK,C25C,CESSNA 525C Citation CJ4,L2J,M
A59EEA,N461SH,BALL,,B0-,-
A59FEA,N46114,AR6T,AERONCA 65 Tandem,L1P,L
A5ABEA,N4648C,T210,CESSNA T210 Turbo Centurion,L1P,L
A5AEEA,N46525,C172,CESSNA 172 Skyhawk,L1P,L
A5B2EA,N46648,C152,CESSNA 152,L1P,L
A5B3EA,N467DC,DV20,DIAMOND DA-20,L1P,L
A5B7EA,N468GA,GLF4,GULFSTREAM 4,L2J,M
A5C0EA,N47YC,DHC1,DE HAVILLAND DHC-1 Chipmunk,L1P,L
A5C2EA,N470UP,B752,BOEING 757-200,L2J,M
A5C7EA,N4715T,M4,MAULE M-4,L1P,L
A5CAEA,N4720K,C182,CESSNA 182 Skylane,L1P,L
A5CDEA,N473TB,T210,CESSNA T210 Turbo Centurion,L1P,L
A5CFEA,N4739Z,PA22,PIPER PA-22,L1P,L
A5D1EA,N474W,M4,MAULE M-4,L1P,L
A5D9EA,N4761L,C152,CESSNA 152,L1P,L
A5DDEA,N4773P,P210,CESSNA P210 Centurion,L1P,L
A5E1EA,N4785S,C182,CESSNA 182 Skylane,L1P,L
A5E4EA,N4790J,C172,CESSNA 172 Skyhawk,L1P,L
A5E8EA,N480DF,H60,SIKORSKY UH-60 Black Hawk,H2T,M
A5EBEA,N4807D,C172,CESSNA 172 Skyhawk,L1P,L
A5EEEA,N48116,ST75,STEARMAN Kaydet,L1P,L
A5EFEA,N4819G,C172,CESSNA 172 Skyhawk,L1P,L
A5F0EA,N482KB,LNCE,LANCAIR ES,L1P,L
A5F2EA,N48239,C152,CESSNA 152,L1P,L
A5FAEA,N4848E,CH7A,BELLANCA 7 Champion,L1P,L
A5FCEA,N485TW,BALL,,B0-,-
A607EA,N488SJ,C414,CESSNA 414 Chancellor,L2P,L
A60CEA,N48938,C152,CESSNA 152,L1P,L
A60DEA,N49BT,P46T,PIPER PA-46-500TP,L1T,L
A612EA,N4903S,ULAC,,L0-,-
A615EA,N491XP,PARA,,P0-,-
A616EA,N4915V,BL17,BELLANCA 17 Viking,L1P,L
A617EA,N492E,BIPL,EAA Biplane,L1P,L
A620EA,N494WB,COZY,CO-Z Cozy,L1P,L
A629EA,N4968Z,PA22,PIPER PA-22,L1P,L
A633EA,N4990L,P28A,PIPER PA-28-140/150/160/180,L1P,L
A636EA,N5TC,B06,BELL 206 JetRanger,H1T,L
A638EA,N50PP,ZZZZ,,-0-,-
A63AEA,N500L,,,,
A63EEA,N501NY,C501,CESSNA 501 Citation 1SP,L2J,L
A63FEA,N501ZD,C500,CESSNA 500 Citation 1,L2J,L
A642EA,N502RW,C560,CESSNA 560 Citation Ultra,L2J,M
A645EA,N503JN,H269,HUGHES Sky Knight,H1P,L
A647EA,N5033V,CH7B,BELLANCA 7 Citabria,L1P,L
A64FEA,N50571,BL8,BELLANCA 8 Decathlon,L1P,L
A653EA,N50694,J3,PIPER J-3 Cub,L1P,L
A656EA,N5074W,P28A,PIPER PA-28-140/150/160/180,L1P,L
A657EA,N508CR,PA11,PIPER PA-11 Cub Special,L1P,L
A65AEA,N5086Z,PA22,PIPER PA-22,L1P,L
A65BEA,N509FP,BE20,BEECH 200 Super King Air,L2T,M
A65CEA,N509RV,RV9,VANS RV-9,L1P,L
A65EEA,N50982,TAYD,TAYLORCRAFT DC/DF/DL,L1P,L
A664EA,N5108L,C152,CESSNA 152,L1P,L
A66AEA,N512X,COL4,CESSNA 400 Corvalis TT,L1P,L
A66BEA,N5125F,C172,CESSNA 172 Skyhawk,L1P,L
A66CEA,N513DL,GL5T,BOMBARDIER BD-700 Global 5000/5500,L2J,M
A66FEA,N5137J,C310,CESSNA 310,L2P,L
A674EA,N515KG,CH7B,BELLANCA 7 Citabria,L1P,L
A676EA,N5154D,C172,CESSNA 172 Skyhawk,L1P,L
A677EA,N516BZ,P32R,PIPER PA-32R-300/301/301T,L1P,L
A67CEA,N517RC,H500,HUGHES 500,H1T,L
A680EA,N518UA,B752,BOEING 757-200,L2J,M
A683EA,N519LT,R66,ROBINSON R-66,H1T,L
A685EA,N5195E,C172,CESSNA 172 Skyhawk,L1P,L
A686EA,N52DK,SA30,STOLP Starduster Too,L1P,L
A688EA,N52ZX,AS55,AEROSPATIALE AS-355 Ecureuil 2,H2T,L
A68AEA,N520WH,H500,HUGHES 500,H1T,L
A68BEA,N5204Z,PA22,PIPER PA-22,L1P,L
A68DEA,N521P,S22T,CIRRUS SR-22T Turbo,L1P,L
A690EA,N522FS,RV4,VANS RV-4,L1P,L
A692EA,N5221U,C72R,CESSNA 172R Cutlass RG,L1P,L
A693EA,N52285,T206,CESSNA T206 Turbo Stationair,L1P,L
A695EA,N523UW,A321,AIRBUS A-321,L2J,M
A69AEA,N52450,C182,CESSNA 182 Skylane,L1P,L
A69EEA,N52573,ST75,STEARMAN Kaydet,L1P,L
A6A1EA,N5262V,B25,CONSOLIDATED B-25 Mitchell,L2P,M
A6A5EA,N5274Y,T210,CESSNA T210 Turbo Centurion,L1P,L
A6A8EA,N528ZE,DC6,DOUGLAS DC-6 Liftmaster,L4P,M
A6A9EA,N52861,C182,CESSNA 182 Skylane,L1P,L
A6ACEA,N5291T,C180,CESSNA  180 Skywagon,L1P,L
A6AEEA,N53JP,MA5,MARQUART MA-5 Charger,L1P,L
A6B1EA,N530RF,RV9,VANS RV-9,L1P,L
A6B3EA,N5308N,BALL,,B0-,-
A6B6EA,N5313E,BE35,BEECH 35 Starfire Bonanza,L1P,L
A6B8EA,N532LW,C25B,CESSNA 525B Citation CJ3,L2J,L
A6BAEA,N5325H,PA16,PIPER PA-16 Clipper,L1P,L
A6BCEA,N533PU,P28R,PIPER PA-28R-180/200/201,L1P,L
A6BEEA,N5337L,C152,CESSNA 152,L1P,L
A6C1EA,N5342C,C140,CESSNA 140,L1P,L
A6C9EA,N5366J,C172,CESSNA 172 Skyhawk,L1P,L
A6D0EA,N5383D,C172,CESSNA 172 Skyhawk,L1P,L
A6D5EA,N54DM,NAVI,NORTH AMERICAN Navion,L1P,L
A6D6EA,N54PT,BE9L,BEECH 90 King Air,L2T,L
A6D7EA,N54ZZ,VELO,Velocity,L1P,L
A6DAEA,N54041,C172,CESSNA 172 Skyhawk,L1P,L
A6DBEA,N541CW,P28A,PIPER PA-28-140/150/160/180,L1P,L
A6DCEA,N541PB,PC12,PILATUS PC-12,L1T,L
A6E1EA,N5421W,P28A,PIPER PA-28-140/150/160/180,L1P,L
A6E5EA,N5433Z,PA22,PIPER PA-22,L1P,L
A6E9EA,N54452,C172,CESSNA 172 Skyhawk,L1P,L
A6ECEA,N5450U,BE35,BEECH 35 Starfire Bonanza,L1P,L
A6F0EA,N5462X,BE36,BEECH 36 Bonanza,L1P,L
A6FDEA,N55JR,LJ31,LEARJET 31,L2J,M
A700EA,N550RH,GLF5,GULFSTREAM 5,L2J,M
A702EA,N5508Q,M20P,MOONEY M-20,L1P,L
A703EA,N551J,P51,NORTH AMERICAN P-51 Mustang,L1P,L
A706EA,N552AS,B738,BOEING 737-800,L2J,M
A709EA,N5525K,CH7B,BELLANCA 7 Citabria,L1P,L
A70CEA,N5530B,C182,CESSNA 182 Skylane,L1P,L
A712EA,N555KL,P28R,PIPER PA-28R-180/200/201,L1P,L
A713EA,N555VS,PA31,PIPER PA-31-300/310/325/350/425,L2P,L
A714EA,N5554H,PA11,PIPER PA-11 Cub Special,L1P,L
A71BEA,N5571C,BE33,BEECH 33 Bonanza,L1P,L
A71FEA,N5583F,P28A,PIPER PA-28-140/150/160/180,L1P,L
A725EA,N56PV,P46T,PIPER PA-46-500TP,L1T,L
A726EA,N560A,P28A,PIPER PA-28-140/150/160/180,L1P,L
A727EA,N560LF,C560,CESSNA 560 Citation Ultra,L2J,M
A729EA,N56043,PARA,,P0-,-
A731EA,N56289,P28A,PIPER PA-28-140/150/160/180,L1P,L
A735EA,N564BL,NG5,BRM AERO NG-5/6 Bristell,L1P,L
A736EA,N564MS,RV4,VANS RV-4,L1P,L
A738EA,N56454,M6,MAULE M-6,L1P,L
A739EA,N565EJ,C560,CESSNA 560 Citation Ultra,L2J,M
A73BEA,N5650W,M6,MAULE M-6,L1P,L
A73FEA,N5662Z,M7,MAULE M-7,L1P,L
A740EA,N567,C310,CESSNA 310,L2P,L
A745EA,N568PC,C551,CESSNA 551 Citation 2SP,L2J,L
A749EA,N569SA,SREY,PROGRESSIVE AERODYNE SeaRey,A1P,L
A74BEA,N56988,P28A,PIPER PA-28-140/150/160/180,L1P,L
A74CEA,N57JT,BL8,BELLANCA 8 Decathlon,L1P,L
A750EA,N5701F,P28A,PIPER PA-28-140/150/160/180,L1P,L
A751EA,N5708S,GLID,,L0-,-
A752EA,N571JB,A320,AIRBUS A-320,L2J,M
A756EA,N572M,BE20,BEECH 200 Super King Air,L2T,M
A759EA,N573DS,S22T,CIRRUS SR-22T Turbo,L1P,L
A75CEA,N5737Q,M20P,MOONEY M-20,L1P,L
A760EA,N5749T,C172,CESSNA 172 Skyhawk,L1P,L
A769EA,N577RJ,C421,CESSNA 421 Executive Commuter,L2P,L
A76EEA,N5783H,PA16,PIPER PA-16 Clipper,L1P,L
A770EA,N579LZ,ULAC,,L0-,-
A773EA,N58DR,KR2,RAND KR-2,L1P,L
A775EA,N580AB,DRON,,D0-,-
A779EA,N581D,GLF5,GULFSTREAM 5,L2J,M
A77AEA,N581PF,BE58,BEECH 58 Baron,L2P,L
A77EEA,N582SD,ULAC,,L0-,-
A789EA,N585QS,C68A,CESSNA 680 Citation Latitude,L2J,M
A797EA,N589FX,CL35,BOMBARDIER BD-100 Challenger 350,L2J,M
A798EA,N589SC,P28A,PIPER PA-28-140/150/160/180,L1P,L
A79FEA,N5901H,PA16,PIPER PA-16 Clipper,L1P,L
A7A0EA,N5908U,P28A,PIPER PA-28-140/150/160/180,L1P,L
A7A5EA,N592MB,RV8,VANS RV-8,L1P,L
A7AAEA,N5930F,C210,CESSNA 201 Centurion,L1P,L
A7ABEA,N5937S,BE35,BEECH 35 Starfire Bonanza,L1P,L
A7AFEA,N5949V,C170,CESSNA 170,L1P,L
A7B4EA,N596NN,CRJ9,BOMBARDIER Regional Jet CRJ-900,L2J,M
A7B6EA,N5966Q,M20P,MOONEY M-20,L1P,L
A7B7EA,N597FE,MD11,MCDONNELL-DOUGLAS MD-11,L3J,H
A7B9EA,N5971G,DRON,,D0-,-
A7BEEA,N599AV,A320,AIRBUS A-320,L2J,M
A7C6EA,N60WR,RV6,VANS RV-6,L1P,L
A7C7EA,N600GW,MU30,MITSUBISHI MU-300 Diamond,L2J,M
A7C8EA,N600TB,C550,CESSNA 550 Citation S2,L2J,L
A7C9EA,N6002N,BALL,,B0-,-
A7CDEA,N6014R,C172,CESSNA 172 Skyhawk,L1P,L
A7D1EA,N6026U,BE35,BEECH 35 Starfire Bonanza,L1P,L
A7D4EA,N6031L,C172,CESSNA 172 Skyhawk,L1P,L
A7D8EA,N6043P,PA24,PIPER PA-24 Comanche,L1P,L
A7DBEA,N605XL,,,,
A7DCEA,N6055S,BALL,,B0-,-
A7DFEA,N6060J,BALL,,B0-,-
A7E4EA,N6079Y,PTS2,PITTS S-2 Special,L1P,L
A7E7EA,N6084Q,M20P,MOONEY M-20,L1P,L
A7ECEA,N61FH,PA34,PIPER PA-34 Seneca,L2P,L
A7EDEA,N61RP,BE35,BEECH 35 Starfire Bonanza,L1P,L
A7EFEA,N610N,WACO,WACO E/O,L1P,L
A7F1EA,N6106B,C182,CESSNA 182 Skylane,L1P,L
A7F2EA,N611ES,SR22,CIRRUS SR-22,L1P,L
A7F4EA,N61104,C150,CESSNA 150,L1P,L
A803EA,N61515,ULAC,,L0-,-
A804EA,N6159F,AT8T,AIR TRACTOR AT-802,L1T,M
A807EA,N61638,PARA,,P0-,-
A809EA,N617MZ,RV8,VANS RV-8,L1P,L
A80EEA,N61803,C172,CESSNA 172 Skyhawk,L1P,L
A810EA,N619HP,C560,CESSNA 560 Citation Ultra,L2J,M
A811EA,N619TV,R44,ROBINSON R-44 Raven,H1P,L
A814EA,N62LM,TBM7,SOCATA TBM-700A/B/C,L1T,L
A815EA,N62WT,BE55,BEECH 55 Baron,L2P,L
A81FEA,N622Z,BE35,BEECH 35 Starfire Bonanza,L1P,L
A820EA,N6226W,P28A,PIPER PA-28-140/150/160/180,L1P,L
A822EA,N623RS,RV7,VANS RV-7,L1P,L
A824EA,N6238Z,PA25,PIPER PA-25 Pawnee,L1P,L
A828EA,N625BA,GLF4,GULFSTREAM 4,L2J,M
A82BEA,N6255U,M20P,MOONEY M-20,L1P,L
A82EEA,N6260L,AA1,AMERICAN AA-1,L1P,L
A82FEA,N6267X,BE35,BEECH 35 Starfire Bonanza,L1P,L
A832EA,N6272P,PA24,PIPER PA-24 Comanche,L1P,L
A833EA,N62790,,,,
A835EA,N628WA,P46T,PIPER PA-46-500TP,L1T,L
A836EA,N6284S,T206,CESSNA T206 Turbo Stationair,L1P,L
A837EA,N629CM,C182,CESSNA 182 Skylane,L1P,L
A83AEA,N6296V,BE35,BEECH 35 Starfire Bonanza,L1P,L
A83BEA,N63FK,P28A,PIPER PA-28-140/150/160/180,L1P,L
A83CEA,N63RR,BALL,,B0-,-
A840EA,N6306D,T34P,BEECH T-34 Mentor,L1P,L
A84AEA,N633WW,WAIX,SONEX Waiex,L1P,L
A84FEA,N6347E,C172,CESSNA 172 Skyhawk,L1P,L
A85DEA,N63805,PA18,PIPER PA-18 Super Cub,L1P,L
A861EA,N63928,PA18,PIPER PA-18 Super Cub,L1P,L
A863EA,N64LP,AR65,AERONCA 65 Super Chief,L1P,L
A86FEA,N6426Y,PA18,PIPER PA-18 Super Cub,L1P,L
A872EA,N6431Q,M20P,MOONEY M-20,L1P,L
A873EA,N64381,GLID,,L0-,-
A877EA,N645BC,PA32,PIPER PA-32,L1P,L
A881EA,N6472R,P28A,PIPER PA-28-140/150/160/180,L1P,L
A886EA,N649CP,C82T,CESSNA TR182 Turbo Skylane RG,L1P,L
A88BEA,N65RT,BE20,BEECH 200 Super King Air,L2T,M
A88CEA,N650BY,CH65,ZENAIR CH-650 Zodiac,L1P,L
A88DEA,N650ND,P28A,PIPER PA-28-140/150/160/180,L1P,L
A892EA,N65108,,,,
A89EEA,N6547G,C150,CESSNA 150,L1P,L
A8ADEA,N6588H,C172,CESSNA 172 Skyhawk,L1P,L
A8B1EA,N66AK,S1,INTERSTATE S-1 Cadet,L1P,L
A8B4EA,N660HB,M7,MAULE M-7,L1P,L
A8B7EA,N66095,PARA,,P0-,-
A8B8EA,N661L,DA40,DIAMOND DA-40 Club Star,L1P,L
A8C1EA,N6631S,BE33,BEECH 33 Bonanza,L1P,L
A8C3EA,N664JN,GLF4,GULFSTREAM 4,L2J,M
A8C5EA,N6643V,BL17,BELLANCA 17 Viking,L1P,L
A8C7EA,N665ML,B350,BEECHCRAFT Super King Air 350,L2T,M
A8C9EA,N6655Y,BE36,BEECH 36 Bonanza,L1P,L
A8CAEA,N666EC,CRER,RANS Courier,L1P,L
A8CDEA,N66671,T50,CESSNA Bobcat,L2P,L
A8D4EA,N6684W,P28A,PIPER PA-28-140/150/160/180,L1P,L
A8D5EA,N669CR,PA32,PIPER PA-32,L1P,L
A8D8EA,N6696Z,BT36,BEECH B36TC Bonanza,L1P,L
A8D9EA,N67FP,PRM1,RAYTHEON 390 Premier 1,L2J,L
A8DAEA,N67RV,C172,CESSNA 172 Skyhawk,L1P,L
A8DEEA,N6706H,C172,CESSNA 172 Skyhawk,L1P,L
A8E1EA,N6711,RV6,VANS RV-6,L1P,L
A8E5EA,N6723C,BE23,BEECH 23 Sundowner,L1P,L
A8EAEA,N674DL,B752,BOEING 757-200,L2J,M
A8EBEA,N674PS,CRUZ,CSA PS-28 Cruiser,L1P,L
A8EDEA,N6747J,BE36,BEECH 36 Bonanza,L1P,L
A8F0EA,N6752A,C172,CESSNA 172 Skyhawk,L1P,L
A8F8EA,N6776G,C150,CESSNA 150,L1P,L
A900EA,N68AM,PA32,PIPER PA-32,L1P,L
A901EA,N68LT,RV8,VANS RV-8,L1P,L
A90DEA,N68262,DG15,HOWARD Nightingale,L1P,L
A914EA,N6843X,C172,CESSNA 172 Skyhawk,L1P,L
A918EA,N68550,CH7B,BELLANCA 7 Citabria,L1P,L
A919EA,N686EE,ONEX,SONEX Onex,L1P,L
A91FEA,N6872V,M20P,MOONEY M-20,L1P,L
A922EA,N688WG,C310,CESSNA 310,L2P,L
A927EA,N68961,C152,CESSNA 152,L1P,L
A928EA,N69FR,H25B,HAWKER BEECHCRAFT Hawker 750/850,L2J,M
A929EA,N69RX,GLST,GLASAIR SH-4 GlaStar,L1P,L
A931EA,N6918N,M20P,MOONEY M-20,L1P,L
A934EA,N6923E,C175,CESSNA 175 Skylark,L1P,L
A938EA,N6935H,J3,PIPER J-3 Cub,L1P,L
A93BEA,N6940,WACO,WACO E/O,L1P,L
A93FEA,N6952C,P28R,PIPER PA-28R-180/200/201,L1P,L
A940EA,N6959P,PA24,PIPER PA-24 Comanche,L1P,L
A942EA,N696VQ,DRON,,D0-,-
A944EA,N697CA,P28A,PIPER PA-28-140/150/160/180,L1P,L
A94AEA,N6981A,AS50,AEROSPATIALE AS-350 Ecureuil,H1T,L
A94FEA,N7AP,DC3,DOUGLAS DC-3 Dakota,L2P,M
A950EA,N7LV,P210,CESSNA P210 Centurion,L1P,L
A951EA,N7XA,P32R,PIPER PA-32R-300/301/301T,L1P,L
A952EA,N70HF,P28A,PIPER PA-28-140/150/160/180,L1P,L
A953EA,N70TM,SREY,PROGRESSIVE AERODYNE SeaRey,A1P,L
A954EA,N700DS,F2TH,DASSAULT Falcon 2000,L2J,M
A955EA,N700PY,RLU1,RLU Super Breezy,L1P,L
A956EA,N7000D,ULAC,,L0-,-
A958EA,N701GQ,CH70,ZENAIR CH-701 Stol,L1P,L
A95BEA,N7019T,C172,CESSNA 172 Skyhawk,L1P,L
A95EEA,N7024K,BE17,BEECH 17 Staggerwing,L1P,L
A95FEA,N703CE,RV10,VANS RV-10,L1P,L
A963EA,N704FC,C68A,CESSNA 680 Citation Latitude,L2J,M
A965EA,N7041E,C175,CESSNA 175 Skylark,L1P,L
A966EA,N7048R,P28A,PIPER PA-28-140/150/160/180,L1P,L
A967EA,N705JA,C172,CESSNA 172 Skyhawk,L1P,L
A969EA,N7053H,J3,PIPER J-3 Cub,L1P,L
A96EEA,N707DR,C177,CESSNA  177 Cardinal,L1P,L
A970EA,N7070C,T6,NORTH AMERICAN T-6 Texan,L1P,L
A974EA,N7082F,C150,CESSNA 150,L1P,L
A976EA,N709KM,SR22,CIRRUS SR-22,L1P,L
A978EA,N7094J,R44,ROBINSON R-44 Raven,H1P,L
A97CEA,N710JW,VENT,SCHEMPP-HIRTH Ventus,L1P,L
A97EEA,N71033,C182,CESSNA 182 Skylane,L1P,L
A97FEA,N711BN,BE9L,BEECH 90 King Air,L2T,L
A982EA,N71156,L8,LUSCOMBE 8,L1P,L
A983EA,N712EL,PARA,,P0-,-
A985EA,N7120Y,PA30,PIPER PA-30 Twin Comanche,L2P,L
A986EA,N71279,C182,CESSNA 182 Skylane,L1P,L
A989EA,N71321,C182,CESSNA 182 Skylane,L1P,L
A98DEA,N71444,C172,CESSNA 172 Skyhawk,L1P,L
A991EA,N71567,L8,LUSCOMBE 8,L1P,L
A992EA,N716FX,C208,CESSNA 208 Caravan,L1T,L
A993EA,N716SC,C172,CESSNA 172 Skyhawk,L1P,L
A997EA,N717VA,BE20,BEECH 200 Super King Air,L2T,M
A998EA,N71732,L8,LUSCOMBE 8,L1P,L
A99AEA,N718MT,,,,
A9A0EA,N71978,L8,LUSCOMBE 8,L1P,L
A9A1EA,N72HH,R44,ROBINSON R-44 Raven,H1P,L
A9A6EA,N7207S,C150,CESSNA 150,L1P,L
A9A9EA,N7212J,P28A,PIPER PA-28-140/150/160/180,L1P,L
A9ADEA,N7224M,PA32,PIPER PA-32,L1P,L
A9B1EA,N7236Q,C172,CESSNA 172 Skyhawk,L1P,L
A9B8EA,N7253K,BALL,,B0-,-
A9B9EA,N726AV,A319,AIRBUS A-319,L2J,M
A9BCEA,N7265N,C182,CESSNA 182 Skylane,L1P,L
A9C7EA,N7294L,AA5,AMERICAN AA-5 Tiger,L1P,L
A9C8EA,N73CF,PTS1,PITTS S-1 Special,L1P,L
A9D4EA,N73200,C172,CESSNA 172 Skyhawk,L1P,L
A9D5EA,N7328A,C172,CESSNA 172 Skyhawk,L1P,L
A9D7EA,N733TS,C172,CESSNA 172 Skyhawk,L1P,L
A9D9EA,N734AC,C172,CESSNA 172 Skyhawk,L1P,L
A9DAEA,N734LJ,C172,CESSNA 172 Skyhawk,L1P,L
A9DFEA,N735ZN,C182,CESSNA 182 Skylane,L1P,L
A9E2EA,N736SE,C172,CESSNA 172 Skyhawk,L1P,L
A9E5EA,N737JX,C172,CESSNA 172 Skyhawk,L1P,L
A9E6EA,N737VC,C172,CESSNA 172 Skyhawk,L1P,L
A9E7EA,N73734,C172,CESSNA 172 Skyhawk,L1P,L
A9E8EA,N738BP,C172,CESSNA 172 Skyhawk,L1P,L
A9E9EA,N738MV,C172,CESSNA 172 Skyhawk,L1P,L
A9EDEA,N739QT,C172,CESSNA 172 Skyhawk,L1P,L
A9EFEA,N7398,HUSK,CHRISTEN Husky,L1P,L
A9F0EA,N74HK,PULS,Pulsar,L1P,L
A9F1EA,N74TR,BL17,BELLANCA 17 Viking,L1P,L
A9F3EA,N740QB,DRON,,D0-,-
A9F9EA,N7419X,C172,CESSNA 172 Skyhawk,L1P,L
A9FCEA,N7424P,PA24,PIPER PA-24 Comanche,L1P,L
AA03EA,N7441J,P28R,PIPER PA-28R-180/200/201,L1P,L
AA05EA,N745JE,J3,PIPER J-3 Cub,L1P,L
AA07EA,N7453M,C175,CESSNA 175 Skylark,L1P,L
AA0BEA,N7465Q,C182,CESSNA 182 Skylane,L1P,L
AA0CEA,N747DV,BE36,BEECH 36 Bonanza,L1P,L
AA13EA,N7489W,P28A,PIPER PA-28-140/150/160/180,L1P,L
AA17EA,N75CH,FA50,DASSAULT Falcon 50,L3J,M
AA18EA,N75NP,CL60,BOMBARDIER CL-600 Challenger,L2J,M
AA1AEA,N750K,PA18,PIPER PA-18 Super Cub,L1P,L
AA23EA,N75202,P28A,PIPER PA-28-140/150/160/180,L1P,L
AA28EA,N754AE,H25B,HAWKER BEECHCRAFT Hawker 750/850,L2J,M
AA2DEA,N755PJ,E55P,EMBRAER EMB-505 Phenom 300,L2J,M
AA30EA,N756GA,CH64,ZENAIR CH-640 Zodiac,L1P,L
AA31EA,N756SG,T206,CESSNA T206 Turbo Stationair,L1P,L
AA32EA,N75613,ST75,STEARMAN Kaydet,L1P,L
AA33EA,N7569D,PA18,PIPER PA-18 Super Cub,L1P,L
AA3AEA,N75859,ST75,STEARMAN Kaydet,L1P,L
AA40EA,N76TT,B350,BEECHCRAFT Super King Air 350,L2T,M
AA43EA,N7600K,B737,BOEING 737-700,L2J,M
AA44EA,N7607W,C82R,CESSNA R182 Skylane RG,L1P,L
AA56EA,N7653P,PA24,PIPER PA-24 Comanche,L1P,L
AA58EA,N766ME,EC45,AIRBUS HELICOPTERS EC-145,H2T,L
AA5AEA,N7665S,CH7B,BELLANCA 7 Citabria,L1P,L
AA5EEA,N7677V,M20P,MOONEY M-20,L1P,L
AA61EA,N7682M,C175,CESSNA 175 Skylark,L1P,L
AA62EA,N7689Y,PA30,PIPER PA-30 Twin Comanche,L2P,L
AA68EA,N77YX,WAIX,SONEX Waiex,L1P,L
AA6DEA,N771N,BE35,BEECH 35 Starfire Bonanza,L1P,L
AA7AEA,N7745,GLID,,L0-,-
AA7BEA,N775DE,B738,BOEING 737-800,L2J,M
AA7EEA,N7757C,C180,CESSNA  180 Skywagon,L1P,L
AA83EA,N777KA,BE9L,BEECH 90 King Air,L2T,L
AA8CEA,N77903,L8,LUSCOMBE 8,L1P,L
AA90EA,N780E,GLF5,GULFSTREAM 5,L2J,M
AA93EA,N7807Y,PA30,PIPER PA-30 Twin Comanche,L2P,L
AA95EA,N781TD,RV7,VANS RV-7,L1P,L
AA97EA,N78191,GC1,GLOBE Swift,L1P,L
AA9AEA,N7824T,P32R,PIPER PA-32R-300/301/301T,L1P,L
AA9EEA,N7836W,WAIX,SONEX Waiex,L1P,L
AAA5EA,N7853R,BE33,BEECH 33 Bonanza,L1P,L
AAA6EA,N786BA,RV8,VANS RV-8,L1P,L
AAA9EA,N7865U,C172,CESSNA 172 Skyhawk,L1P,L
AAACEA,N7870L,BE95,BEECH 95 Travel Air,L2P,L
AAADEA,N7877X,,,,
AAAFEA,N788TC,,,,
AAB0EA,N7882P,PA24,PIPER PA-24 Comanche,L1P,L
AAB1EA,N78890,M20P,MOONEY M-20,L1P,L
AAC5EA,N79329,M20P,MOONEY M-20,L1P,L
AAC6EA,N794AJ,B722,BOEING 727-200,L3J,M
AAC9EA,N7945B,ULAC,,L0-,-
AACDEA,N7957E,C150,CESSNA 150,L1P,L
AAD2EA,N797KC,,,,
AAD8EA,N7986C,T6,NORTH AMERICAN T-6 Texan,L1P,L
AADBEA,N79905,C172,CESSNA 172 Skyhawk,L1P,L
AADCEA,N7998F,C150,CESSNA 150,L1P,L
AADDEA,N8HR,O1,CESSNA 305/341 Bird Dog,L1P,L
AADFEA,N80EB,,,,
AAE1EA,N800AN,B788,BOEING 787-8 Dreamliner,L2J,H
AAE3EA,N800X,BE36,BEECH 36 Bonanza,L1P,L
AAE6EA,N801PS,CRUZ,CSA PS-28 Cruiser,L1P,L
AAEBEA,N8022A,C170,CESSNA 170,L1P,L
AAECEA,N8029M,FOX,KITFOX,L1P,L
AAEEEA,N803VN,DRON,,D0-,-
AAEFEA,N8034D,PA22,PIPER PA-22,L1P,L
AAF3EA,N8046G,BE33,BEECH 33 Bonanza,L1P,L
AAF9EA,N806UA,A319,AIRBUS A-319,L2J,M
AAFBEA,N807AM,AS50,AEROSPATIALE AS-350 Ecureuil,H1T,L
AAFEEA,N8075E,P28A,PIPER PA-28-140/150/160/180,L1P,L
AAFFEA,N808DK,RV8,VANS RV-8,L1P,L
AB02EA,N8087H,T28,NORTH AMERICAN T-28,L1P,L
AB06EA,N8099L,C172,CESSNA 172 Skyhawk,L1P,L
AB07EA,N81KF,TBM7,SOCATA TBM-700A/B/C,L1T,L
AB09EA,N810FS,C172,CESSNA 172 Skyhawk,L1P,L
AB0BEA,N8101U,C172,CESSNA 172 Skyhawk,L1P,L
AB0EEA,N811UW,,,,
AB0FEA,N8113X,P28A,PIPER PA-28-140/150/160/180,L1P,L
AB10EA,N812BG,BE36,BEECH 36 Bonanza,L1P,L
AB13EA,N81250,P28A,PIPER PA-28-140/150/160/180,L1P,L
AB17EA,N81373,FA24,FAIRCHILD F-24 Argus,L1P,L
AB18EA,N814HC,DRON,,D0-,-
AB1AEA,N8142V,C150,CESSNA 150,L1P,L
AB1CEA,N815LA,BE36,BEECH 36 Bonanza,L1P,L
AB1EEA,N8154Y,PA30,PIPER PA-30 Twin Comanche,L2P,L
AB1FEA,N816CT,SR20,CIRRUS SR-20,L1P,L
AB22EA,N81661,CH7A,BELLANCA 7 Champion,L1P,L
AB27EA,N818JP,PA46,PIPER PA-46-310/350,L1P,L
AB29EA,N8183W,P28A,PIPER PA-28-140/150/160/180,L1P,L
AB2BEA,N819MM,BE95,BEECH 95 Travel Air,L2P,L
AB2EEA,N82ED,C150,CESSNA 150,L1P,L
AB31EA,N820LW,SR22,CIRRUS SR-22,L1P,L
AB34EA,N821DN,B739,BOEING 737-900,L2J,M
AB37EA,N8217L,C172,CESSNA 172 Skyhawk,L1P,L
AB39EA,N822SS,FDCT,FLIGHT DESIGN CT,L1P,L
AB3BEA,N8229P,P28A,PIPER PA-28-140/150/160/180,L1P,L
AB3EEA,N8234F,P28A,PIPER PA-28-140/150/160/180,L1P,L
AB3FEA,N824CA,C68A,CESSNA 680 Citation Latitude,L2J,M
AB49EA,N8263D,BE35,BEECH 35 Starfire Bonanza,L1P,L
AB4EEA,N828DM,EAGL,CHRISTEN Eagle,L1P,L
AB50EA,N828ZZ,S22T,CIRRUS SR-22T Turbo,L1P,L
AB53EA,N829SR,SREY,PROGRESSIVE AERODYNE SeaRey,A1P,L
AB54EA,N8292B,C172,CESSNA 172 Skyhawk,L1P,L
AB5AEA,N8301W,P28A,PIPER PA-28-140/150/160/180,L1P,L
AB5CEA,N831JS,JS31,BRITISH AEROSPACE Jetstream T.Mk.3,L2T,M
AB5EEA,N8313Z,RV12,VANS RV-12,L1P,L
AB69EA,N8342X,C172,CESSNA 172 Skyhawk,L1P,L
AB6DEA,N83540,P28A,PIPER PA-28-140/150/160/180,L1P,L
AB6FEA,N836PA,AS50,AEROSPATIALE AS-350 Ecureuil,H1T,L
AB74EA,N8371V,CH7B,BELLANCA 7 Citabria,L1P,L
AB75EA,N83786,,,,
AB78EA,N8383Y,PA30,PIPER PA-30 Twin Comanche,L2P,L
AB82EA,N8405K,G164,GRUMMAN G-164 Ag-Cat,L1P,L
AB84EA,N841PW,PARA,,P0-,-
AB8EEA,N844CC,LNC4,LANCAIR 4,L1P,L
AB95EA,N8458P,PA24,PIPER PA-24 Comanche,L1P,L
AB98EA,N8463F,P28A,PIPER PA-28-140/150/160/180,L1P,L
AB9CEA,N8475J,C150,CESSNA 150,L1P,L
AB9DEA,N848DP,RV8,VANS RV-8,L1P,L
ABA3EA,N8492D,PA22,PIPER PA-22,L1P,L
ABA4EA,N8499Q,RBEL,MURPHY Rebel,L1P,L
ABA6EA,N85VR,C25A,CESSNA 525A Citation CJ2,L2J,L
ABA8EA,N850SB,TBM7,SOCATA TBM-700A/B/C,L1T,L
ABAAEA,N85089,CH7A,BELLANCA 7 Champion,L1P,L
ABAEEA,N852BL,,,,
ABB1EA,N85254,CH7A,BELLANCA 7 Champion,L1P,L
ABB4EA,N8530W,B738,BOEING 737-800,L2J,M
ABB5EA,N85377,E75L,EMBRAER ERJ-170-200 (long wing),L2J,M
ABB8EA,N8542Z,B738,BOEING 737-800,L2J,M
ABB9EA,N855,FOX,KITFOX,L1P,L
ABBCEA,N85542,CH7A,BELLANCA 7 Champion,L1P,L
ABC3EA,N8571X,C172,CESSNA 172 Skyhawk,L1P,L
ABC4EA,N85788,CH7A,BELLANCA 7 Champion,L1P,L
ABCCEA,N86EH,R22,ROBINSON R-22 Mariner,H1P,L
ABCEEA,N860AU,C172,CESSNA 172 Skyhawk,L1P,L
ABD2EA,N861DS,BE33,BEECH 33 Bonanza,L1P,L
ABD5EA,N8617Q,BE35,BEECH 35 Starfire Bonanza,L1P,L
ABD9EA,N8629T,C182,CESSNA 182 Skylane,L1P,L
ABDCEA,N8634K,S108,STINSON 108 Voyager,L1P,L
ABE3EA,N8651E,P28R,PIPER PA-28R-180/200/201,L1P,L
ABE5EA,N866JA,BN2P,BRITTEN-NORMAN BN-2 Islander,L2P,L
ABEEEA,N8680C,B738,BOEING 737-800,L2J,M
ABF2EA,N8692F,B738,BOEING 737-800,L2J,M
ABF4EA,N87KM,RV7,VANS RV-7,L1P,L
ABF5EA,N87VT,DRON,,D0-,-
ABF7EA,N870SD,ULAC,,L0-,-
ABF8EA,N87010,CH7B,BELLANCA 7 Citabria,L1P,L
ABF9EA,N8709A,CRJ2,BOMBARDIER Regional Jet CRJ-200,L2J,M
ABFCEA,N87133,ERCO,AIR PRODUCTS F-1 Aircoupe,L1P,L
AC04EA,N87379,ERCO,AIR PRODUCTS F-1 Aircoupe,L1P,L
AC11EA,N877SC,C310,CESSNA 310,L2P,L
AC13EA,N8779,CH7A,BELLANCA 7 Champion,L1P,L
AC18EA,N879MT,C72R,CESSNA 172R Cutlass RG,L1P,L
AC1AEA,N87955,J3,PIPER J-3 Cub,L1P,L
AC1BEA,N88EK,GLID,,L0-,-
AC1EEA,N880MB,BE20,BEECH 200 Super King Air,L2T,M
AC20EA,N8805P,PA24,PIPER PA-24 Comanche,L1P,L
AC22EA,N881Q,F2TH,DASSAULT Falcon 2000,L2J,M
AC24EA,N8817S,C150,CESSNA 150,L1P,L
AC27EA,N8822J,BL17,BELLANCA 17 Viking,L1P,L
AC2BEA,N8834M,BE35,BEECH 35 Starfire Bonanza,L1P,L
AC2DEA,N884NN,B738,BOEING 737-800,L2J,M
AC2FEA,N8846Q,B38M,BOEING 737 MAX 8,L2J,M
AC30EA,N885FE,C208,CESSNA 208 Caravan,L1T,L
AC33EA,N8858T,C182,CESSNA 182 Skylane,L1P,L
AC38EA,N887MA,C208,CESSNA 208 Caravan,L1T,L
AC3AEA,N8875N,P28A,PIPER PA-28-140/150/160/180,L1P,L
AC3CEA,N888PZ,B407,BELL 407,H1T,L
AC3EEA,N8887R,SSTL,JUST JA30 SuperSTOL,L1P,L
AC42EA,N8899U,C172,CESSNA 172 Skyhawk,L1P,L
AC43EA,N89KP,T210,CESSNA T210 Turbo Centurion,L1P,L
AC44EA,N89VV,PA23,PIPER PA-23,L2P,L
AC45EA,N890G,P28A,PIPER PA-28-140/150/160/180,L1P,L
AC53EA,N8938A,CRJ2,BOMBARDIER Regional Jet CRJ-200,L2J,M
AC56EA,N89423,SR20,CIRRUS SR-20,L1P,L
AC57EA,N895AC,C340,CESSNA 340 Super,L2P,L
AC5BEA,N896DA,FA50,DASSAULT Falcon 50,L3J,M
AC5EEA,N89669,C140,CESSNA 140,L1P,L
AC60EA,N897SE,EC30,AIRBUS HELICOPTERS EC-130,H1T,L
AC6AEA,N9EM,ERCO,AIR PRODUCTS F-1 Aircoupe,L1P,L
AC6BEA,N9QT,PTS2,PITTS S-2 Special,L1P,L
AC6DEA,N90MD,YK52,YAKOVLEV Yak-52,L1P,L
AC70EA,N900TW,TBM7,SOCATA TBM-700A/B/C,L1T,L
AC71EA,N90027,BALL,,B0-,-
AC72EA,N901AG,H25B,HAWKER BEECHCRAFT Hawker 750/850,L2J,M
AC76EA,N902DE,MD88,MCDONNELL-DOUGLAS MD-88,L2J,M
AC79EA,N9027C,C172,CESSNA 172 Skyhawk,L1P,L
AC80EA,N90438,,,,
AC84EA,N9056A,C170,CESSNA 170,L1P,L
AC85EA,N906ER,DA42,DIAMOND DA-42 Guardian,L2P,L
AC87EA,N90603,ME09,MESSERSCHMITT Bf-109,L1P,L
AC88EA,N9068D,BALL,,B0-,-
AC89EA,N907HP,AS50,AEROSPATIALE AS-350 Ecureuil,H1T,L
AC8CEA,N908AF,P28A,PIPER PA-28-140/150/160/180,L1P,L
AC8EEA,N908WT,BE35,BEECH 35 Starfire Bonanza,L1P,L
AC92EA,N909ZR,H25B,HAWKER BEECHCRAFT Hawker 750/850,L2J,M
AC93EA,N9097B,CH7A,BELLANCA 7 Champion,L1P,L
AC94EA,N91GB,HROC,HARMON Rocket,L1P,L
AC96EA,N910CN,FA50,DASSAULT Falcon 50,L3J,M
AC99EA,N9106W,P28B,PIPER PA-28-201T/235/236,L1P,L
AC9DEA,N9118Z,P28A,PIPER PA-28-140/150/160/180,L1P,L
ACA0EA,N9123R,ULAC,,L0-,-
ACA7EA,N9140L,CH7A,BELLANCA 7 Champion,L1P,L
ACA8EA,N9147X,M20P,MOONEY M-20,L1P,L
ACABEA,N9152P,PA24,PIPER PA-24 Comanche,L1P,L
ACAFEA,N9164S,BE24,BEECH 24 Sierra,L1P,L
ACB0EA,N917CM,RV10,VANS RV-10,L1P,L
ACB6EA,N9181M,C182,CESSNA 182 Skylane,L1P,L
ACB7EA,N9188Y,CASS,NATIONAL AERONAUTICS Cassutt 3M,L1P,L
ACBAEA,N9193Q,PA46,PIPER PA-46-310/350,L1P,L
ACBBEA,N92B,BE65,BEECH 65 Queen Air,L2P,L
ACC1EA,N921AJ,C421,CESSNA 421 Executive Commuter,L2P,L
ACC3EA,N921WW,SH36,SHORT 360,L2T,M
ACCBEA,N92317,J3,PIPER J-3 Cub,L1P,L
ACCDEA,N924KC,DRON,,D0-,-
ACCFEA,N9244,EN28,ENSTROM F-28,H1P,L
ACD3EA,N9256C,P28A,PIPER PA-28-140/150/160/180,L1P,L
ACD4EA,N926ET,T206,CESSNA T206 Turbo Stationair,L1P,L
ACD6EA,N92605,P28R,PIPER PA-28R-180/200/201,L1P,L
ACD9EA,N927TX,C750,CESSNA 750 Citation 10,L2J,M
ACDAEA,N92728,PA46,PIPER PA-46-310/350,L1P,L
ACDCEA,N928LP,C172,CESSNA 172 Skyhawk,L1P,L
ACDFEA,N929DF,RV9,VANS RV-9,L1P,L
ACE0EA,N929PM,C182,CESSNA 182 Skylane,L1P,L
ACE3EA,N93GD,S22T,CIRRUS SR-22T Turbo,L1P,L
ACE4EA,N93SK,RV7,VANS RV-7,L1P,L
ACE8EA,N9306Y,BE35,BEECH 35 Starfire Bonanza,L1P,L
ACEBEA,N9311Q,BE33,BEECH 33 Bonanza,L1P,L
ACF6EA,N9340N,P28R,PIPER PA-28R-180/200/201,L1P,L
AD02EA,N9376X,C82S,CESSNA T182 Turbo Skylane,L1P,L
AD06EA,N93880,ERCO,AIR PRODUCTS F-1 Aircoupe,L1P,L
AD0BEA,N94MH,AS25,SCHLEICHER ASH-25,L1P,L
AD0CEA,N94XP,BE9L,BEECH 90 King Air,L2T,L
AD0EEA,N940U,AC80,NORTH AMERICAN ROCKWELL Turbo Commander 680,L2T,L
AD13EA,N9415D,PA22,PIPER PA-22,L1P,L
AD1BEA,N9439K,P28A,PIPER PA-28-140/150/160/180,L1P,L
AD1EEA,N9444B,C175,CESSNA 175 Skylark,L1P,L
AD26EA,N9468H,C172,CESSNA 172 Skyhawk,L1P,L
AD2AEA,N948AK,B39M,BOEING 737 MAX 9,L2J,M
AD2BEA,N948LR,CRJ9,BOMBARDIER Regional Jet CRJ-900,L2J,M
AD32EA,N95GF,BE36,BEECH 36 Bonanza,L1P,L
AD3BEA,N95183,,,,
AD3EEA,N9523V,M10,MOONEY M-10 Cadet,L1P,L
AD42EA,N9535Y,T210,CESSNA T210 Turbo Centurion,L1P,L
AD46EA,N95471,P28A,PIPER PA-28-140/150/160/180,L1P,L
AD48EA,N955TG,B407,BELL 407,H1T,L
AD4AEA,N95594,PA24,PIPER PA-24 Comanche,L1P,L
AD4EEA,N957CR,CL30,BOMBARDIER BD-100 Challenger 300,L2J,M
AD53EA,N958RV,RV8,VANS RV-8,L1P,L
AD58EA,N9593U,AA5,AMERICAN AA-5 Tiger,L1P,L
AD59EA,N96BD,BE58,BEECH 58 Baron,L2P,L
AD5AEA,N96MK,RV4,VANS RV-4,L1P,L
AD5EEA,N9603C,PA34,PIPER PA-34 Seneca,L2P,L
AD5FEA,N961AN,B738,BOEING 737-800,L2J,M
AD63EA,N962DL,MD88,MCDONNELL-DOUGLAS MD-88,L2J,M
AD66EA,N9627J,P28A,PIPER PA-28-140/150/160/180,L1P,L
AD69EA,N9632A,C140,CESSNA 140,L1P,L
AD71EA,N9656G,M20P,MOONEY M-20,L1P,L
AD7AEA,N968LT,C172,CESSNA 172 Skyhawk,L1P,L
AD81EA,N97GH,G200,AKROTECH G-200,L1P,L
AD86EA,N97062,S108,STINSON 108 Voyager,L1P,L
AD8AEA,N97185,S108,STINSON 108 Voyager,L1P,L
AD8DEA,N9723X,C210,CESSNA 201 Centurion,L1P,L
AD8FEA,N973MN,GLF5,GULFSTREAM 5,L2J,M
AD91EA,N97350,S108,STINSON 108 Voyager,L1P,L
AD95EA,N97473,C310,CESSNA 310,L2P,L
AD99EA,N97596,C182,CESSNA 182 Skylane,L1P,L
AD9CEA,N9764Y,BE35,BEECH 35 Starfire Bonanza,L1P,L
AD9DEA,N977CT,BE36,BEECH 36 Bonanza,L1P,L
ADA3EA,N9781T,C172,CESSNA 172 Skyhawk,L1P,L
ADA7EA,N9793W,P28A,PIPER PA-28-140/150/160/180,L1P,L
ADA8EA,N98BF,,,,
ADA9EA,N98MM,C340,CESSNA 340 Super,L2P,L
ADAAEA,N98XT,,,,
ADB1EA,N9815H,C82R,CESSNA R182 Skylane RG,L1P,L
ADB4EA,N9820,TVLB,TRAVEL AIR 2000,L1P,L
ADC4EA,N9868M,M4,MAULE M-4,L1P,L
ADCCEA,N989DM,GL5T,BOMBARDIER BD-700 Global 5000/5500,L2J,M
ADD1EA,N99SR,MU2,MITSUBISHI MU-2 Marquise,L2T,L
ADD7EA,N991S,RV6,VANS RV-6,L1P,L
ADD8EA,N9911W,P28A,PIPER PA-28-140/150/160/180,L1P,L
ADDCEA,N9923Z,T206,CESSNA T206 Turbo Stationair,L1P,L
ADE8EA,N99598,C172,CESSNA 172 Skyhawk,L1P,L
ADE9EA,N996LC,E55P,EMBRAER EMB-505 Phenom 300,L2J,M
ADEBEA,N99640,PA18,PIPER PA-18 Super Cub,L1P,L
ADF2EA,N9981V,C172,CESSNA 172 Skyhawk,L1P,L
ADFCEA,94-0139,BE40,BEECH 400 Beechjet,L2J,M
ADFDEA,94-6705,C130,LOCKHEED C-130 Hercules,L4T,M
ADFFEA,67-14926,T38,NORTHROP T-38 Talon,L2J,L
AE00EA,68-8097,T38,NORTHROP T-38 Talon,L2J,L
AE01EA,97-3018,TEX2,BEECHCRAFT T-6 Texan 2,L1T,L
AE02EA,85-1361,C130,LOCKHEED C-130 Hercules,L4T,M
AE03EA,165313,C130,LOCKHEED C-130 Hercules,L4T,M
AE04EA,61-0276,K35R,BOEING KC-135R/T Stratotanker,L4J,H
AE07EA,95-0107,C17,BOEING C-17 Globemaster 3,L4J,H
AE08EA,76-0171,BE20,BEECH 200 Super King Air,L2T,M
AE0BEA,81-23581,H60,SIKORSKY UH-60 Black Hawk,H2T,M
AE0DEA,95-26626,H60,SIKORSKY UH-60 Black Hawk,H2T,M
AE10EA,2004,C30J,LOCKHEED MARTIN C-130J Super Hercules,L4T,M
AE11EA,80-0137,E3TF,BOEING E-3 Sentry (TF33),L4J,H
AE12EA,1564,C130,LOCKHEED C-130 Hercules,L4T,M
AE1FEA,11-72219,EC45,AIRBUS HELICOPTERS EC-145,H2T,L
AE24EA,165815,E2,NORTHROP GRUMMAN E-2 Hawkeye,L2T,M
AE2BEA,166567,H60,SIKORSKY UH-60 Black Hawk,H2T,M
AE2EEA,166109,TEX2,BEECHCRAFT T-6 Texan 2,L1T,L
AE47EA,07-20045,H60,SIKORSKY UH-60 Black Hawk,H2T,M
AE4AEA,09-0017,B752,BOEING 757-200,L2J,M
AE4CEA,09-0043,V22,BELL-BOEING V-22 Osprey,R2T,M
AE4EEA,09-0042,V22,BELL-BOEING V-22 Osprey,R2T,M
AE4FEA,168154,H60,SIKORSKY UH-60 Black Hawk,H2T,M
AE50EA,10-20319,H60,SIKORSKY UH-60 Black Hawk,H2T,M
AE51EA,11-20408,H60,SIKORSKY UH-60 Black Hawk,H2T,M
AE52EA,11-08846,H47,BOEING-VERTOL CH-47 Chinook,H2T,M
AE54EA,166216,TEX2,BEECHCRAFT T-6 Texan 2,L1T,L
AE56EA,60-0036,B52,BOEING B-52 Stratofortress,L8J,H
AE58EA,166245,TEX2,BEECHCRAFT T-6 Texan 2,L1T,L
AE59EA,15-08189,H47,BOEING-VERTOL CH-47 Chinook,H2T,M
AE5AEA,15-20776,H60,SIKORSKY UH-60 Black Hawk,H2T,M
AE5CEA,88-26113,H60,SIKORSKY UH-60 Black Hawk,H2T,M
AE5EEA,162672,B06,BELL 206 JetRanger,H1T,L
AE60EA,160475,T34T,BEECH T-34C Turbo Mentor,L1T,L
AE63EA,63-8163,T38,NORTHROP T-38 Talon,L2J,L
C000EA,C-FAIZ,C180,CESSNA  180 Skywagon,L1P,L
C001EA,C-FASV,E545,EMBRAER EMB545 Praetor 500,L2J,M
C002EA,C-FBCR,CL60,BOMBARDIER CL-600 Challenger,L2J,M
C003EA,C-FBMN,,,,
C004EA,C-FBWJ,B737,BOEING 737-700,L2J,M
C005EA,C-FCGF,C56X,CESSNA 560XL Citation XLS,L2J,M
C006EA,C-FCQB,B06,BELL 206 JetRanger,H1T,L
C007EA,C-FCZX,C177,CESSNA  177 Cardinal,L1P,L
C008EA,C-FDJT,PA24,PIPER PA-24 Comanche,L1P,L
C009EA,C-FDTP,BE30,BEECH 300 Super King Air,L2T,L
C00AEA,C-FEDL,C150,CESSNA 150,L1P,L
C00BEA,C-FENH,CNUK,FLEET 80 Canuck,L1P,L
C00EEA,C-FFQV,DH8D,DE HAVILLAND DHC-8-400 Dash 8,L2T,M
C00FEA,C-FGAR,C172,CESSNA 172 Skyhawk,L1P,L
C010EA,C-FGKN,A321,AIRBUS A-321,L2J,M
C011EA,C-FGUJ,,,,
C013EA,C-FHOB,TAYA,TAYLORCRAFT A,L1P,L
C014EA,C-FHXX,BALL,,B0-,-
C015EA,C-FIHT,C172,CESSNA 172 Skyhawk,L1P,L
C016EA,C-FIRP,C180,CESSNA  180 Skywagon,L1P,L
C017EA,C-FJBL,BE95,BEECH 95 Travel Air,L2P,L
C018EA,C-FJLH,R44,ROBINSON R-44 Raven,H1P,L
C01AEA,C-FKEZ,ZZZZ,,-0-,-
C01BEA,C-FKOV,P32R,PIPER PA-32R-300/301/301T,L1P,L
C01CEA,C-FKYR,C172,CESSNA 172 Skyhawk,L1P,L
C01DEA,C-FLIN,PA31,PIPER PA-31-300/310/325/350/425,L2P,L
C01EEA,C-FLSJ,RC70,ROCKWELL Commander 700/710,L2P,L
C01FEA,C-FMCF,C182,CESSNA 182 Skylane,L1P,L
C020EA,C-FMMB,FOUG,AEROSPATIALE CM-170 Magister,L2J,L
C022EA,C-FNFT,PA22,PIPER PA-22,L1P,L
C024EA,C-FNZL,C210,CESSNA 201 Centurion,L1P,L
C025EA,C-FOJH,ULAC,,L0-,-
C027EA,C-FPCZ,SF34,SAAB 340,L2T,M
C028EA,C-FPMV,GLID,,L0-,-
C029EA,C-FPWR,B350,BEECHCRAFT Super King Air 350,L2T,M
C02BEA,C-FQQJ,P28A,PIPER PA-28-140/150/160/180,L1P,L
C02CEA,C-FRAF,ST75,STEARMAN Kaydet,L1P,L
C02EEA,C-FRTX,DH82,DE HAVILLAND DH-82 Tiger Moth,L1P,L
C02FEA,C-FSDT,,,,
C030EA,C-FSNP,C25B,CESSNA 525B Citation CJ3,L2J,L
C031EA,C-FSXL,DA40,DIAMOND DA-40 Club Star,L1P,L
C033EA,C-FTRD,,,,
C034EA,C-FUAZ,G21,GRUMMAN G-21A Goose,A2P,L
C035EA,C-FUKV,C150,CESSNA 150,L1P,L
C036EA,C-FUUR,TAYA,TAYLORCRAFT A,L1P,L
C037EA,C-FVEN,,,,
C038EA,C-FVOJ,M4,MAULE M-4,L1P,L
C039EA,C-FVYF,T6,NORTH AMERICAN T-6 Texan,L1P,L
C03AEA,C-FWIB,,,,
C03BEA,C-FWRX,C750,CESSNA 750 Citation 10,L2J,M
C03EEA,C-FXVL,AT8T,AIR TRACTOR AT-802,L1T,M
C03FEA,C-FYFH,C150,CESSNA 150,L1P,L
C041EA,C-FYYZ,,,,
C042EA,C-FZIV,GLID,,L0-,-
C045EA,C-GAMJ,C340,CESSNA 340 Super,L2P,L
C047EA,C-GBGB,AC11,NORTH AMERICAN ROCKWELL Commander 112/114,L1P,L
C048EA,C-GBPX,ULAC,,L0-,-
C049EA,C-GBZT,C140,CESSNA 140,L1P,L
C04AEA,C-GCJP,C150,CESSNA 150,L1P,L
C04BEA,C-GCTL,PA30,PIPER PA-30 Twin Comanche,L2P,L
C04CEA,C-GDDH,QIC2,QUICKIE Q2,L1P,L
C04DEA,C-GDND,PA12,PIPER PA-12 Super Cruiser,L1P,L
C04EEA,C-GDWZ,,,,
C04FEA,C-GEGV,P28A,PIPER PA-28-140/150/160/180,L1P,L
C050EA,C-GEQR,UT66,UTVA 66,L1P,L
C051EA,C-GFAN,EXEC,ROTORWAY Exec,H1P,L
C054EA,C-GGEB,C182,CESSNA 182 Skylane,L1P,L
C055EA,C-GGNX,RV9,VANS RV-9,L1P,L
C056EA,C-GGXT,GLID,,L0-,-
C058EA,C-GHRL,PA31,PIPER PA-31-300/310/325/350/425,L2P,L
C059EA,C-GIBH,L39,LET L-39 Albatros,L1J,L
C05AEA,C-GILD,LA4,LAKE LA-4/200,A1P,L
C05BEA,C-GIUZ,M20P,MOONEY M-20,L1P,L
C05CEA,C-GJEV,C206,CESSNA  206 Stationair,L1P,L
C05DEA,C-GJOR,Z42,ZLIN Z-42/142/242,L1P,L
C060EA,C-GKSF,C180,CESSNA  180 Skywagon,L1P,L
C061EA,C-GLCB,,,,
C062EA,C-GLLX,SR22,CIRRUS SR-22,L1P,L
C063EA,C-GLVT,EC30,AIRBUS HELICOPTERS EC-130,H1T,L
C065EA,C-GMPL,M20T,MOONEY M-20T,L1P,L
C066EA,C-GMZH,B06,BELL 206 JetRanger,H1T,L
C067EA,C-GNJD,B412,BELL 412,H2T,L
C069EA,C-GOCV,AC11,NORTH AMERICAN ROCKWELL Commander 112/114,L1P,L
C06AEA,C-GOMR,C172,CESSNA 172 Skyhawk,L1P,L
C06BEA,C-GOWN,C172,CESSNA 172 Skyhawk,L1P,L
C06CEA,C-GPGJ,P28A,PIPER PA-28-140/150/160/180,L1P,L
C06DEA,C-GPQF,PA38,PIPER PA-38 Tomahawk,L1P,L
C06EEA,C-GQAB,C185,CESSNA 185 Skywagon,L1P,L
C071EA,C-GRDP,C177,CESSNA  177 Cardinal,L1P,L
C072EA,C-GRNL,P28R,PIPER PA-28R-180/200/201,L1P,L
C073EA,C-GRXH,PC12,PILATUS PC-12,L1T,L
C074EA,C-GSHD,A119,AGUSTA AW-119 Koala,H1T,L
C076EA,C-GTAV,C337,CESSNA 337 Super Skymaster,L2P,L
C077EA,C-GTKR,PELI,FLYER Pelican,L1P,L
C078EA,C-GTUN,JUN1,KAMINSKAS RK-1 Jungster 1,L1P,L
C079EA,C-GUEJ,,,,
C07AEA,C-GUOF,DHC6,DE HAVILLAND DHC-6 Twin Otter,L2T,L
C07CEA,C-GVHX,B06,BELL 206 JetRanger,H1T,L
C07DEA,C-GVRT,,,,
C07EEA,C-GWBP,P28A,PIPER PA-28-140/150/160/180,L1P,L
C07FEA,C-GWLL,CL60,BOMBARDIER CL-600 Challenger,L2J,M
C080EA,C-GWVH,SW4,SWEARINGEN Metro,L2T,M
C081EA,C-GXFD,,,,
C082EA,C-GXOZ,BE35,BEECH 35 Starfire Bonanza,L1P,L
C083EA,C-GXYV,HUSK,CHRISTEN Husky,L1P,L
C084EA,C-GYIR,,,,
C086EA,C-GZCJ,PA32,PIPER PA-32,L1P,L
C088EA,C-GZWB,,,,
C089EA,C-IAFX,ULAC,,L0-,-
C08AEA,C-IAPT,,,,
C08BEA,C-IAZP,ULAC,,L0-,-
C08CEA,C-IBJL,ULAC,,L0-,-
C08DEA,C-IBTH,ULAC,,L0-,-
C08EEA,C-ICDD,ULAC,,L0-,-
C08FEA,C-ICMZ,ULAC,,L0-,-
C090EA,C-ICWV,ULAC,,L0-,-
C091EA,C-IDGR,MAME,BLUE YONDER Merlin,L1P,L
C094EA,C-IEKF,ULAC,,L0-,-
C095EA,C-IEUB,ULAC,,L0-,-
C097EA,C-IFNT,PARA,,P0-,-
C098EA,C-IFXP,CHIN,ASAP Chinook,L1P,L
C09AEA,C-IGRH,ULAC,,L0-,-
C09BEA,C-IHBD,ULAC,,L0-,-
C09CEA,C-IHKZ,PARA,,P0-,-
C09EEA,C-IIER,PARA,,P0-,-
C0A1EA,C-IJIF,ULAC,,L0-,-
C0A2EA,C-IJSB,PARA,,P0-,-
C0A3EA,C-IKBX,PARA,,P0-,-
C0A4EA,C-IKLT,ULAC,,L0-,-
C0A5EA,C-IKVP,ULAC,,L0-,-
C0A7EA,C-ILPH,,,,
C0A8EA,C-ILZD,,,,
C0B8EA,C-ISAR,ULAC,,L0-,-
C0BCEA,C-ITOB,,,,
C0CDEA,C-IZZL,,,,
C1E4EA,SERV,SERV,,V0-,-
C1E9EA,SERV,SERV,,V0-,-
C800EA,ZK-BNJ,PA18,PIPER PA-18 Super Cub,L1P,L
C801EA,ZK-CPP,M20P,MOONEY M-20,L1P,L
C803EA,ZK-JLU,FU24,FLETCHER FU-24,L1P,L
C804EA,ZK-NAG,C152,CESSNA 152,L1P,L
C807EA,ZK-GED,GLID,,L0-,-
C809EA,ZK-CJH,JUNR,BOLKOW BO-208 Junior,L1P,L
C80AEA,ZK-EFH,C177,CESSNA  177 Cardinal,L1P,L
C80FEA,ZK-EXC,ERCO,AIR PRODUCTS F-1 Aircoupe,L1P,L
C811EA,ZK-LTU,CRES,PACIFIC AEROSPACE Cresco,L1T,L
C813EA,ZK-FAL,BALL,,B0-,-
C814EA,ZK-GNM,DISC,SCHEMPP-HIRTH Discus,L1P,L
C815EA,ZK-RFC,NPOR,REDFERN Nieuport 24,L1P,L
C819EA,ZK-GYO,DISC,SCHEMPP-HIRTH Discus,L1P,L
C81AEA,ZK-TAX,C172,CESSNA 172 Skyhawk,L1P,L
C81BEA,ZK-HKZ,BK17,EUROCOPTER BK117 C-1/2,H2T,L
C81CEA,ZK-MTH,DA40,DIAMOND DA-40 Club Star,L1P,L
C820EA,ZK-DAE,DA40,DIAMOND DA-40 Club Star,L1P,L
C821EA,ZK-GSC,GLID,,L0-,-
C822EA,ZK-PAQ,B734,BOEING 737-400,L2J,M
C823EA,ZK-UYM,MT,ROTORSPORT MTOSport,G1P,L
C827EA,ZK-HRJ,EN48,ENSTROM TH-28,H1T,L
C828EA,ZK-MZE,AT76,ATR-72-600,L2T,M
C829EA,ZK-EPO,CRES,PACIFIC AEROSPACE Cresco,L1T,L
C87EEA,TWR,TWR,,T0-,-
E480EA,PT-HRE,S76,SIKORSKY S-76 Spirit,H2T,L
E482EA,PR-GSW,BE9L,BEECH 90 King Air,L2T,L
E48CEA,PR-AXH,E195,EMBRAER ERJ-190-200,L2J,M
E48EEA,PR-OHJ,A139,AGUSTA AW-139,H2T,L
E490EA,PR-JJC,SR22,CIRRUS SR-22,L1P,L
E493EA,PP-KIT,E50P,EMBRAER EMB-500 Phenom 100,L2J,L
E495EA,PR-BDB,E550,EMBRAER EMB-550 Praetor 600,L2J,M
E497EA,PS-CHZ,E50P,EMBRAER EMB-500 Phenom 100,L2J,L
E498EA,PR-PDW,AT75,ATR-72-500,L2T,M
E49AEA,PR-YXA,AT76,ATR-72-600,L2T,M
E808EA,CC-PTQ,C303,CESSNA T303 Crusader,L2P,L
