008AF0,ZS-EDB,E300,EXTRA EA-300/330/350,L1P,L
0094F0,ZS-HXN,B06,BELL 206 JetRanger,H1T,L
00A0F0,ZS-MLR,C208,CESSNA 208 Caravan,L1T,L
00B0F0,ZS-SNF,A346,AIRBUS A-340-600,L4J,H
00B1F0,ZS-SXB,A343,AIRBUS A-340-300,L4J,H
00B2F0,ZS-TGX,B733,BOEING 737-300,L2J,M
0100F0,SU-GCX,E170,EMBRAER ERJ-170-100,L2J,M
038FF0,TU-VHT,MI24,MIL Mi-24/25/35,H2T,M
04C0F0,5Y-SIA,F100,FOKKER 100,L2J,M
0640F0,5N-FGU,FA7X,DASSAULT Falcon 7X,L3J,M
0641F0,5N-BUW,E145,EMBRAER ERJ-145,L2J,M
06A1F0,A7-TAA,GLEX,BOMBARDIER BD-700 Global 6000/6500,L2J,M
06A2F0,A7-BHM,B789,BOEING 787-9 Dreamliner,L2J,H
0900F0,D2-TEJ,B77W,BOEING 777-300ER,L2J,H
0AC3F0,FAC5071,C208,CESSNA 208 Caravan,L1T,L
0AC9F0,HK-5365,A20N,AIRBUS A-320neo,L2J,M
0C20F0,HP-3210DAE,B734,BOEING 737-400,L2J,M
0CA2F0,V2-LID,AT46,ATR-42-600,L2T,M
0D03F0,XA-GIU,A139,AGUSTA AW-139,H2T,L
0D07F0,XA-AMG,B738,BOEING 737-800,L2J,M
0D09F0,XB-HXM,C206,CESSNA  206 Stationair,L1P,L
0D0AF0,XA-UUL,SW4,SWEARINGEN Metro,L2T,M
0D0BF0,XC-PFQ,AS50,AEROSPATIALE AS-350 Ecureuil,H1T,L
0D0CF0,XA-VEJ,EC35,AIRBUS HELICOPTERS EC-135/635,H2T,L
0D0DF0,XB-LYY,CRER,RANS Courier,L1P,L
1130F0,GND,GND,,V0-,-
1405F0,RA-01520,P180,PIAGGIO P-180 Avanti,L2T,L
148AF0,RA-02800,B350,BEECHCRAFT Super King Air 350,L2T,M
1506F0,RA-67312,C421,CESSNA 421 Executive Commuter,L2P,L
1507F0,RA-67568,C206,CESSNA  206 Stationair,L1P,L
151DF0,RA-73200,A319,AIRBUS A-319,L2J,M
151EF0,RA-73456,A20N,AIRBUS A-320neo,L2J,M
151FF0,RA-73712,A321,AIRBUS A-321,L2J,M
155BF0,RA-89072,SU95,SUKHOI Superjet 100-95,L2J,M
1ABBF0,48112,YK40,YAKOVLEV Yak-40,L3J,M
3002F0,I-SKYI,ZZZZ,,-0-,-
3008F0,I-MYAR,AS50,AEROSPATIALE AS-350 Ecureuil,H1T,L
31D7F0,I-6573,MM16,MAGNI M-16 Tandem Trainer,G1P,L
31D8F0,I-A139,SVNH,AEROTEC Savannah,L1P,L
31FEF0,I-EASG,A139,AGUSTA AW-139,H2T,L
33FFF0,MM62180,C130,LOCKHEED C-130 Hercules,L4T,M
3835F0,F-BNPQ,B47J,BELL 47J,H1P,L
3848F0,F-BSHQ,C177,CESSNA  177 Cardinal,L1P,L
3849F0,F-BSPQ,DR30,CENTRE EST Prince,L1P,L
3851F0,F-BUPQ,DR40,ROBIN DR-400,L1P,L
391AF0,F-GGXQ,DR40,ROBIN DR-400,L1P,L
391DF0,F-GHPQ,P28A,PIPER PA-28-140/150/160/180,L1P,L
3926F0,F-GJXQ,TOBA,SOCATA Tobago,L1P,L
392AF0,F-GKXQ,A320,AIRBUS A-320,L2J,M
3932F0,F-GMXQ,HR20,ROBIN HR-200,L1P,L
3944F0,F-GRHQ,A319,AIRBUS A-319,L2J,M
3949F0,F-GSPQ,B772,BOEING 777-200,L2J,H
3952F0,F-GUXQ,DR40,ROBIN DR-400,L1P,L
3961F0,F-GYPQ,P46T,PIPER PA-46-500TP,L1T,L
3964F0,F-GZHQ,B738,BOEING 737-800,L2J,M
3980F0,F-HAHQ,TBM7,SOCATA TBM-700A/B/C,L1T,L
3981F0,F-HAPQ,EVSS,EVEKTOR SportStar,L1P,L
3AAAF0,F-MCGC,AS32,AEROSPATIALE AS-332 Super Puma,H2T,M
3AABF0,F-MCAH,EC25,AIRBUS HELICOPTERS EC-225/725,H2T,M
3B75F0,709FQ,PC21,PILATUS PC-21,L1T,L
3B77F0,117,TBM7,SOCATA TBM-700A/B/C,L1T,L
3B7BF0,F-MBJR,TIGR,AIRBUS HELICOPTERS EC-665 Tiger,H2T,L
3B9BF0,129,FA10,DASSAULT Falcon 100,L2J,M
3C09F0,D-ASTV,A321,AIRBUS A-321,L2J,M
3C48F0,D-ABGP,A319,AIRBUS A-319,L2J,M
3C56F0,D-AEWP,A320,AIRBUS A-320,L2J,M
3C64F0,D-AIGP,A343,AIRBUS A-340-300,L4J,H
3D04F0,D-EACU,D253,CENTRE EST DR-253 Regent,L1P,L
3D06F0,D-EAWM,G115,GROB G-115,L1P,L
3D09F0,D-ECAA,SIRA,TECNAM P-2002 Sierra,L1P,L
3D0BF0,D-ECTS,BE33,BEECH 33 Bonanza,L1P,L
3D0CF0,D-EDDO,A210,AQUILA A-210,L1P,L
3D0EF0,D-EDXG,FOX,KITFOX,L1P,L
3D0FF0,D-EEHC,AA5,AMERICAN AA-5 Tiger,L1P,L
3D13F0,D-EFUM,P28A,PIPER PA-28-140/150/160/180,L1P,L
3D14F0,D-EGEI,P149,PIAGGIO P-149,L1P,L
3D15F0,D-EGOE,HR10,ROBIN HR-100,L1P,L
3D16F0,D-EGYA,BE23,BEECH 23 Sundowner,L1P,L
3D18F0,D-EHRS,C172,CESSNA 172 Skyhawk,L1P,L
3D19F0,D-EIBO,C10T,CESSNA P210 Turbine,L1T,L
3D1AF0,D-EILK,P28A,PIPER PA-28-140/150/160/180,L1P,L
3D1CF0,D-EJFC,OSCR,PARTENAVIA Oscar Charlie,L1P,L
3D1FF0,D-EKIQ,C150,CESSNA 150,L1P,L
3D22F0,D-ELME,T206,CESSNA T206 Turbo Stationair,L1P,L
3D28F0,D-ENTG,BX2,BRANDLI Cherry,L1P,L
3D29F0,D-EODC,RALL,SOCATA Rallye,L1P,L
3D2EF0,D-EQAI,DA40,DIAMOND DA-40 Club Star,L1P,L
3D30F0,D-EQUA,BREZ,AEROSTYLE Breezer,L1P,L
3D32F0,D-ERNS,DA40,DIAMOND DA-40 Club Star,L1P,L
3D34F0,D-ESHK,R300,ROBIN R-3000/3100/3120/3140,L1P,L
3D36F0,D-ETBC,TOBA,SOCATA Tobago,L1P,L
3D3CF0,D-EVIE,A210,AQUILA A-210,L1P,L
3D3DF0,D-EVSA,G115,GROB G-115,L1P,L
3D3FF0,D-EWLS,S22T,CIRRUS SR-22T Turbo,L1P,L
3D44F0,D-EYIY,C77R,CESSNA 177RG Cardinal RG,L1P,L
3D47F0,D-EZMM,C182,CESSNA 182 Skylane,L1P,L
3D5AF0,D-FGRO,TBM9,SOCATA TBM-900/910/930/940,L1T,L
3D64F0,D-FKMA,AN2,ANTONOV An-2,L1P,L
3D70F0,D-FPAE,T6,NORTH AMERICAN T-6 Texan,L1P,L
3DA3F0,D-GIII,PA34,PIPER PA-34 Seneca,L2P,L
3DA4F0,D-GISE,PA34,PIPER PA-34 Seneca,L2P,L
3DD2F0,D-HADC,EC45,AIRBUS HELICOPTERS EC-145,H2T,L
3DE6F0,D-HHSA,R22,ROBINSON R-22 Mariner,H1P,L
3E02F0,D-HSHS,EC20,AIRBUS HELICOPTERS EC-120,H1T,L
3E27F0,D-IGIA,C421,CESSNA 421 Executive Commuter,L2P,L
3E34F0,D-ILGA,PAY1,PIPER PA-31T1-500 Cheyenne 1,L2T,L
3E60F0,D-KBXG,GLID,,L0-,-
3E61F0,D-KCHC,GLID,,L0-,-
3E6EF0,D-KHFC,VENT,SCHEMPP-HIRTH Ventus,L1P,L
3E70F0,D-KHYU,DISC,SCHEMPP-HIRTH Discus,L1P,L
3E71F0,D-KIIQ,ARCP,SCHEMPP-HIRTH Arcus M,L1P,L
3EC0F0,D-KOAI,GLID,,L0-,-
3EC1F0,D-KOKE,DG1T,DG FLUGZEUGBAU DG-1001T,L1P,L
3ECEF0,D-KTIE,SF25,SCHEIBE SF-25 Falke,L1P,L
3ED1F0,D-KULS,GLID,,L0-,-
3ED4F0,D-KVPG,GLID,,L0-,-
3ED5F0,D-KVZC,DG80,DG FLUGZEUGBAU DG-800,L1P,L
3EEDF0,D-3417,GLID,,L0-,-
3EEFF0,D-3929,GLID,,L0-,-
3F00F0,D-8281,GLID,,L0-,-
3F04F0,D-9305,GLID,,L0-,-
3FE9F0,D-MCAB,C42,IKARUS C-42 Bison,L1P,L
3FEAF0,D-MONC,COY2,RANS Coyote 2,L1P,L
3FEBF0,D-MFFS,PISI,PIPSTREL Sinus,L1P,L
3FECF0,D-MRRB,IMPU,IMPULSE Xturn,L1P,L
3FEDF0,D-MTOG,ECHO,TECNAM P-92 Echo,L1P,L
3FEEF0,D-MALJ,MD3R,FLYITALIA MD-3 Rider ,L1P,L
3FEFF0,D-MZFK,FK9,B&F TECHNIK FK-9,L1P,L
3FF0F0,D-MBSS,FDCT,FLIGHT DESIGN CT,L1P,L
3FF1F0,D-MXIA,C42,IKARUS C-42 Bison,L1P,L
3FF2F0,D-MLVT,FK9,B&F TECHNIK FK-9,L1P,L
3FF8F0,D-MKWE,GLID,,L0-,-
3FF9F0,D-MWTN,WT9,AEROSPOOL WT-9 Dynamic,L1P,L
4007F0,G-YMME,B772,BOEING 777-200,L2J,H
400AF0,G-IKOS,C55B,CESSNA 550B Citation Bravo,L2J,L
400FF0,G-OCCH,DA40,DIAMOND DA-40 Club Star,L1P,L
4010F0,G-CEBF,EV97,EVEKTRO EV-97 EuroStar,L1P,L
4017F0,G-AWYO,PUP,BEAGLE Pup,L1P,L
4019F0,G-BAIS,C177,CESSNA  177 Cardinal,L1P,L
401AF0,G-BBMV,DHC1,DE HAVILLAND DHC-1 Chipmunk,L1P,L
401FF0,G-BJWW,C172,CESSNA 172 Skyhawk,L1P,L
4020F0,G-BLMR,PA18,PIPER PA-18 Super Cub,L1P,L
4021F0,G-HFCT,C152,CESSNA 152,L1P,L
4022F0,G-SAMZ,C150,CESSNA 150,L1P,L
402AF0,G-JJAN,P28A,PIPER PA-28-140/150/160/180,L1P,L
402CF0,G-BPFD,D11,JODEL D-11x/12x,L1P,L
402FF0,G-BRRK,C182,CESSNA 182 Skylane,L1P,L
4038F0,G-LYDA,DIMO,DIAMOND H-36 Dimona,L1P,L
4039F0,G-UAPA,DR40,ROBIN DR-400,L1P,L
403AF0,G-MZBC,ULAC,,L0-,-
403EF0,G-PTTE,C152,CESSNA 152,L1P,L
4041F0,G-BYNF,YALE,NORTH AMERICAN Yale,L1P,L
4045F0,G-HUPW,HURI,HAWKER Hurricane,L1P,L
4046F0,G-FOXB,AP22,AEROPRACT A-22,L1P,L
4048F0,G-UFCF,C172,CESSNA 172 Skyhawk,L1P,L
4049F0,G-CCKR,CAMP,GREGA GN-1 Aircamper,L1P,L
404BF0,G-EMLE,EV97,EVEKTRO EV-97 EuroStar,L1P,L
404DF0,G-CKLC,GLID,,L0-,-
404EF0,G-CDTX,C152,CESSNA 152,L1P,L
404FF0,G-DAVS,GLID,,L0-,-
4052F0,G-CETU,SKRA,BEST OFF Sky Ranger,L1P,L
4057F0,G-AJXC,AUS5,AUSTER AOP5,L1P,L
405CF0,G-DCWT,GLID,,L0-,-
405EF0,G-CFNB,BALL,,B0-,-
4065F0,G-HHPM,BALL,,B0-,-
4067F0,G-TAWM,B738,BOEING 737-800,L2J,M
4068F0,G-JAGA,E55P,EMBRAER EMB-505 Phenom 300,L2J,M
406AF0,G-CIDH,BALL,,B0-,-
406BF0,G-KIAU,SF25,SCHEIBE SF-25 Falke,L1P,L
406EF0,G-MICX,ULAC,,L0-,-
406FF0,G-CIZG,R66,ROBINSON R-66,H1T,L
4070F0,G-JZHL,B738,BOEING 737-800,L2J,M
4071F0,G-CMNK,DHC1,DE HAVILLAND DHC-1 Chipmunk,L1P,L
4072F0,G-SDEP,C55B,CESSNA 550B Citation Bravo,L2J,L
4073F0,G-KRBY,RV8,VANS RV-8,L1P,L
4074F0,G-FDHS,A109,AGUSTA AW-109 Grand,H2T,L
4076F0,G-HIDE,AS50,AEROSPATIALE AS-350 Ecureuil,H1T,L
4077F0,G-CLXH,GLID,,L0-,-
4078F0,G-UZMJ,A21N,AIRBUS A-321neo,L2J,M
407AF0,G-JRZE,SKRA,BEST OFF Sky Ranger,L1P,L
407DF0,G-PODZ,TL30,TL ULTRALIGHT TL-3000 Sirius,L1P,L
4347F0,VP-CPS,EC45,AIRBUS HELICOPTERS EC-145,H2T,L
43C8F0,ZM522,EC35,AIRBUS HELICOPTERS EC-135/635,H2T,L
43CAF0,ZK342,EUFI,EUROFIGHTER 2000,L2J,M
43E7F0,M-USTG,C510,CESSNA 510 Citation Mustang,L2J,L
43EDF0,2-NAOM,EA50,ECLIPSE 550,L2J,L
43EEF0,2-CLLP,A139,AGUSTA AW-139,H2T,L
4401F0,OE-AOT,WT9,AEROSPOOL WT-9 Dynamic,L1P,L
4402F0,OE-INO,A320,AIRBUS A-320,L2J,M
4403F0,OE-LQF,A319,AIRBUS A-319,L2J,M
4404F0,OE-XTX,R22,ROBINSON R-22 Mariner,H1P,L
4406F0,OE-LQU,A319,AIRBUS A-319,L2J,M
4407F0,OE-XAI,A139,AGUSTA AW-139,H2T,L
4408F0,OE-IAB,B734,BOEING 737-400,L2J,M
440BF0,OE-LDL,A320,AIRBUS A-320,L2J,M
440CF0,OE-EMT,TBM7,SOCATA TBM-700A/B/C,L1T,L
4448F0,OO-2GP,ULAC,,L0-,-
4488F0,OO-BGP,BALL,,B0-,-
448DF0,OO-COP,B06,BELL 206 JetRanger,H1T,L
4497F0,OO-E52,FDCT,FLIGHT DESIGN CT,L1P,L
449FF0,OO-G52,WT9,AEROSPOOL WT-9 Dynamic,L1P,L
44A3F0,OO-H52,PNR2,ALPI Pioneer 200,L1P,L
44AEF0,OO-KWP,C152,CESSNA 152,L1P,L
44D1F0,OO-TOP,P28A,PIPER PA-28-140/150/160/180,L1P,L
4520F0,LZ-DBW,P06T,TECNAM P-2006T,L2P,L
4594F0,OY-EGP,C172,CESSNA 172 Skyhawk,L1P,L
45A0F0,OY-HGP,AS50,AEROSPATIALE AS-350 Ecureuil,H1T,L
45A2F0,OY-HWP,A139,AGUSTA AW-139,H2T,L
45B9F0,OY-NOP,BALL,,B0-,-
45BDF0,OY-OOP,BALL,,B0-,-
4612F0,OH-HEM,R44,ROBINSON R-44 Raven,H1P,L
4613F0,OH-HOI,AS50,AEROSPATIALE AS-350 Ecureuil,H1T,L
4682F0,752,C130,LOCKHEED C-130 Hercules,L4T,M
4690F0,SX-DGP,A321,AIRBUS A-321,L2J,M
472FF0,HA-SEA,C206,CESSNA  206 Stationair,L1P,L
477FF0,44,SB39,SAAB 39 Gripen,L1J,M
4783F0,LN-OQC,S92,SIKORSKY S-92 Helibus,H2T,M
4785F0,LN-LAG,LNC2,LANCAIR 200-320,L1P,L
4844F0,PH-KRN,C182,CESSNA 182 Skylane,L1P,L
4845F0,PH-VHD,SIRA,TECNAM P-2002 Sierra,L1P,L
4848F0,PH-HWH,B06,BELL 206 JetRanger,H1T,L
4849F0,PH-1025,DISC,SCHEMPP-HIRTH Discus,L1P,L
484CF0,PH-VAN,RV9,VANS RV-9,L1P,L
484EF0,PH-JAB,BALL,,B0-,-
4850F0,PH-NBA,CRUZ,CSA PS-28 Cruiser,L1P,L
4851F0,PH-SMM,RV4,VANS RV-4,L1P,L
4852F0,PH-1JZ,ZZZZ,,-0-,-
4853F0,PH-1SR,ZZZZ,,-0-,-
4854F0,PH-1RA,ZZZZ,,-0-,-
4855F0,PH-2MO,ZZZZ,,-0-,-
4859F0,PH-4R6,WT9,AEROSPOOL WT-9 Dynamic,L1P,L
489DF0,SP-HPR,EC30,AIRBUS HELICOPTERS EC-130,H1T,L
48A5F0,SP-KPR,SF34,SAAB 340,L2T,M
48FCF0,SP-SCHR,PIVI,PIPSTREL Virus,L1P,L
4910F0,CS-DGP,C172,CESSNA 172 Skyhawk,L1P,L
4951F0,CS-TOP,A332,AIRBUS A-330-200,L2J,H
4955F0,CS-UOP,ZZZZ,,-0-,-
49C2F0,OK-AUA77,TL30,TL ULTRALIGHT TL-3000 Sirius,L1P,L
49D0F0,OK-DSE,EC35,AIRBUS HELICOPTERS EC-135/635,H2T,L
49D2F0,OK-ADT,R44,ROBINSON R-44 Raven,H1P,L
49D3F0,OK-ACT,SR22,CIRRUS SR-22,L1P,L
4A21F0,YR-HOP,DA40,DIAMOND DA-40 Club Star,L1P,L
4A24F0,YR-IGP,E35L,EMBRAER EMB-135 Legacy,L2J,M
4A82F0,60038,SB05,SAAB 105,L2J,L
4A89F0,SE-BOP,BE35,BEECH 35 Starfire Bonanza,L1P,L
4AA4F0,SE-IGP,SB91,SAAB 91 Safir,L1P,L
4AB1F0,SE-LOP,DA40,DIAMOND DA-40 Club Star,L1P,L
4AC9F0,SE-ROP,A20N,AIRBUS A-320neo,L2J,M
4AD1F0,SE-TOP,GLID,,L0-,-
4AD5F0,SE-UOP,DIMO,DIAMOND H-36 Dimona,L1P,L
4AE1F0,SE-XOP,LNC2,LANCAIR 200-320,L1P,L
4B05F0,HB-CGM,C77R,CESSNA 177RG Cardinal RG,L1P,L
4B0EF0,HB-FRC,PC12,PILATUS PC-12,L1T,L
4B19F0,HB-JVK,A319,AIRBUS A-319,L2J,M
4B1BF0,HB-KPC,SIRA,TECNAM P-2002 Sierra,L1P,L
4B23F0,HB-NPW,PIVI,PIPSTREL Virus,L1P,L
4B2AF0,HB-QGU,BALL,,B0-,-
4B2BF0,HB-QQQ,BALL,,B0-,-
4B2CF0,HB-RAM,PP2,PILATUS P-2,L1P,L
4B36F0,HB-UUY,BU31,BUCKER Bu-131 Jungmann,L1P,L
4B38F0,HB-VOQ,H25C,RAYTHEON Hawker 1000,L2J,M
4B39F0,HB-VYM,E55P,EMBRAER EMB-505 Phenom 300,L2J,M
4B3FF0,HB-YFO,AVID,AVID Flyer,L1P,L
4B43F0,HB-ZSY,AS50,AEROSPATIALE AS-350 Ecureuil,H1T,L
4B49F0,HB-1353,GLID,,L0-,-
4B4BF0,HB-1865,GLID,,L0-,-
4B4DF0,HB-2377,DIMO,DIAMOND H-36 Dimona,L1P,L
4B4EF0,HB-2633,GLID,,L0-,-
4B51F0,HB-3401,DUOD,SCHEMPP-HIRTH Duo Discus,L1P,L
4B95F0,TC-EOP,DA42,DIAMOND DA-42 Guardian,L2P,L
4BCDF0,TC-SOP,B738,BOEING 737-800,L2J,M
4CA4F0,EI-DPL,B738,BOEING 737-800,L2J,M
4CA8F0,EI-IMO,A319,AIRBUS A-319,L2J,M
4D03F0,LX-FAA,EC45,AIRBUS HELICOPTERS EC-145,H2T,L
4D21F0,9H-QAH,B738,BOEING 737-800,L2J,M
4D23F0,9H-GEF,B738,BOEING 737-800,L2J,M
502CF0,YL-PAA,DA40,DIAMOND DA-40 Club Star,L1P,L
505DF0,OM-JOP,B06,BELL 206 JetRanger,H1T,L
506DF0,S5-DVV,C172,CESSNA 172 Skyhawk,L1P,L
5082F0,UR-PSL,B739,BOEING 737-900,L2J,M
5083F0,UR-CRX,MD82,MCDONNELL-DOUGLAS MD-82,L2J,M
70C0F0,A4O-BAF,B738,BOEING 737-800,L2J,M
7100F0,HZ-SPAJ,FA7X,DASSAULT Falcon 7X,L3J,M
7101F0,HZ-MF5,GLF4,GULFSTREAM 4,L2J,M
717CF0,HZ-AL57,A139,AGUSTA AW-139,H2T,L
7304F0,EP-AGP,PA18,PIPER PA-18 Super Cub,L1P,L
7503F0,9M-NEF,B733,BOEING 737-300,L2J,M
7504F0,9M-KIB,DHC6,DE HAVILLAND DHC-6 Twin Otter,L2T,L
7580F0,RP-C7774,B77W,BOEING 777-300ER,L2J,H
7584F0,RP-C5903,DH8D,DE HAVILLAND DHC-8-400 Dash 8,L2T,M
7609F0,AP-BOP,A320,AIRBUS A-320,L2J,M
76B4F0,9V-MGP,B738,BOEING 737-800,L2J,M
76CEF0,9V-SWP,B77W,BOEING 777-300ER,L2J,H
7802F0,B-5240,B737,BOEING 737-700,L2J,M
7803F0,B-6332,A321,AIRBUS A-321,L2J,M
7805F0,B-5493,B738,BOEING 737-800,L2J,M
7806F0,B-6742,A321,AIRBUS A-321,L2J,M
7808F0,B-6427,A319,AIRBUS A-319,L2J,M
7809F0,B-2017,B734,BOEING 737-400,L2J,M
780AF0,B-5769,B738,BOEING 737-800,L2J,M
780BF0,B-1940,B738,BOEING 737-800,L2J,M
780CF0,B-5960,A333,AIRBUS A-330-300,L2J,H
780EF0,B-8222,A320,AIRBUS A-320,L2J,M
780FF0,B-7886,B738,BOEING 737-800,L2J,M
7810F0,B-8875,A320,AIRBUS A-320,L2J,M
7811F0,B-1488,B738,BOEING 737-800,L2J,M
7812F0,B-1391,B738,BOEING 737-800,L2J,M
7813F0,B-3345,E195,EMBRAER ERJ-190-200,L2J,M
7817F0,B-709Z,B429,BELL 429 GlobalRanger,H2T,L
7819F0,B-320L,A20N,AIRBUS A-320neo,L2J,M
781BF0,B-651D,GLF6,GULFSTREAM G650,L2J,M
781DF0,B-12KA,DA42,DIAMOND DA-42 Guardian,L2P,L
781EF0,B-919A,C919,COMAC C-919,L2J,M
7A43F0,30475,ZZZZ,,-0-,-
7C05F0,VH-BGI,S22T,CIRRUS SR-22T Turbo,L1P,L
7C07F0,VH-BUQ,C152,CESSNA 152,L1P,L
7C0CF0,VH-CUA,EUPA,Europa,L1P,L
7C28F0,VH-IDE,BT36,BEECH B36TC Bonanza,L1P,L
7C2AF0,VH-IRM,C182,CESSNA 182 Skylane,L1P,L
7C2DF0,VH-JCY,BE58,BEECH 58 Baron,L2P,L
7C30F0,VH-JYA,B190,BEECH 1900,L2T,M
7C32F0,VH-KCI,BT36,BEECH B36TC Bonanza,L1P,L
7C33F0,VH-KJM,PA44,PIPER PA-44 Seminole,L2P,L
7C35F0,VH-KXU,C172,CESSNA 172 Skyhawk,L1P,L
7C39F0,VH-LQA,TB20,SOCATA TB-20 Trinidad,L1P,L
7C43F0,VH-NPE,C182,CESSNA 182 Skylane,L1P,L
7C44F0,VH-NWI,PC12,PILATUS PC-12,L1T,L
7C47F0,VH-OHU,DHC2,DE HAVILLAND DHC-2 Beaver,L1P,L
7C49F0,VH-OWC,C337,CESSNA 337 Super Skymaster,L2P,L
7C4BF0,VH-PAA,PA38,PIPER PA-38 Tomahawk,L1P,L
7C4EF0,VH-PVM,TBM8,SOCATA TBM-850,L1T,L
7C56F0,VH-RGI,C175,CESSNA 175 Skylark,L1P,L
7C57F0,VH-RNM,BT36,BEECH B36TC Bonanza,L1P,L
7C5DF0,VH-SUA,R22,ROBINSON R-22 Mariner,H1P,L
7C60F0,VH-TFM,C402,CESSNA 402 Businessliner,L2P,L
7C61F0,VH-TMQ,DC3,DOUGLAS DC-3 Dakota,L2P,M
7C66F0,VH-UMA,C175,CESSNA 175 Skylark,L1P,L
7C6AF0,VH-VEQ,SF34,SAAB 340,L2T,M
7C6BF0,VH-VLU,AS50,AEROSPATIALE AS-350 Ecureuil,H1T,L
7C6CF0,VH-VSY,P32R,PIPER PA-32R-300/301/301T,L1P,L
7C72F0,VH-WZM,C404,CESSNA 404 Titan,L2P,L
7C74F0,VH-XDU,C208,CESSNA 208 Caravan,L1T,L
7C75F0,VH-XKY,B06,BELL 206 JetRanger,H1T,L
7C79F0,VH-YDE,C206,CESSNA  206 Stationair,L1P,L
7C7AF0,VH-YKI,DA40,DIAMOND DA-40 Club Star,L1P,L
7C7BF0,VH-YRM,R22,ROBINSON R-22 Mariner,H1P,L
7C7CF0,VH-YYQ,C185,CESSNA 185 Skywagon,L1P,L
7C7EF0,VH-ZCY,BE20,BEECH 200 Super King Air,L2T,M
7C81F0,VH-ZYA,LEG2,LANCAIR Legacy,L1P,L
7CC3F0,23-8766,JAB4,JABIRU J200-450,L1P,L
7CC4F0,24-8240,NG5,BRM AERO NG-5/6 Bristell,L1P,L
7CF8F0,A30-001,E737,BOEING 737-700 AEWC,L2J,M
7CF9F0,A54-025,PC21,PILATUS PC-21,L1T,L
8003F0,VT-AXQ,B738,BOEING 737-800,L2J,M
8005F0,VT-ANG,B788,BOEING 787-8 Dreamliner,L2J,H
8007F0,VT-SZJ,B738,BOEING 737-800,L2J,M
800AF0,VT-IFY,A320,AIRBUS A-320,L2J,M
8013F0,VT-IUW,A21N,AIRBUS A-321neo,L2J,M
8014F0,VT-SRJ,GLEX,BOMBARDIER BD-700 Global 6000/6500,L2J,M
8674F0,JA703J,B772,BOEING 777-200,L2J,H
867FF0,JA735J,B77W,BOEING 777-300ER,L2J,H
86DDF0,JA84AN,B738,BOEING 737-800,L2J,M
873DF0,JA963A,A139,AGUSTA AW-139,H2T,L
8880F0,VN-A614,A321,AIRBUS A-321,L2J,M
8960F0,A6-EDO,A388,AIRBUS A-380-800,L4J,H
8961F0,A6-SEC,C208,CESSNA 208 Caravan,L1T,L
8962F0,A6-JIM,A306,AIRBUS A-300-600,L2J,H
8963F0,A6-EOS,A388,AIRBUS A-380-800,L4J,H
8964F0,A6-CTJ,SR22,CIRRUS SR-22,L1P,L
8990F0,B-18111,A21N,AIRBUS A-321neo,L2J,M
8A03F0,PK-TXZ,B733,BOEING 737-300,L2J,M
8A06F0,PK-AZK,A320,AIRBUS A-320,L2J,M
A002F0,N10FZ,C425,CESSNA 425 Corsair,L2T,L
A003F0,N10SE,CL35,BOMBARDIER BD-100 Challenger 350,L2J,M
A005F0,N100NR,GLID,,L0-,-
A008F0,N101FH,GLID,,L0-,-
A009F0,N101RP,GLID,,L0-,-
A00AF0,N1011K,PA18,PIPER PA-18 Super Cub,L1P,L
A00BF0,N1018W,BE35,BEECH 35 Starfire Bonanza,L1P,L
A00CF0,N102JF,C82S,CESSNA T182 Turbo Skylane,L1P,L
A00DF0,N102UM,AS55,AEROSPATIALE AS-355 Ecureuil 2,H2T,L
A00EF0,N1023N,PA18,PIPER PA-18 Super Cub,L1P,L
A010F0,N103MD,LNC2,LANCAIR 200-320,L1P,L
A015F0,N1040H,P32R,PIPER PA-32R-300/301/301T,L1P,L
A016F0,N1047U,M7,MAULE M-7,L1P,L
A018F0,N105T,PA18,PIPER PA-18 Super Cub,L1P,L
A019F0,N1052L,P46T,PIPER PA-46-500TP,L1T,L
A01AF0,N1059X,,,,
A01BF0,N106KS,RV6,VANS RV-6,L1P,L
A024F0,N1081J,VO10,NORTH AMERICAN ROCKWELL Commander 100,L1P,L
A025F0,N1088V,C172,CESSNA 172 Skyhawk,L1P,L
A029F0,N11AX,BE35,BEECH 35 Starfire Bonanza,L1P,L
A02AF0,N11MC,EAGL,CHRISTEN Eagle,L1P,L
A02EF0,N11026,CH7A,BELLANCA 7 Champion,L1P,L
A02FF0,N111AF,C550,CESSNA 550 Citation S2,L2J,L
A030F0,N111LM,RAF2,ROTARY AIR FORCE RAF-2000,G1P,L
A033F0,N112DD,ULAC,,L0-,-
A034F0,N112PK,CH70,ZENAIR CH-701 Stol,L1P,L
A038F0,N113SH,BE10,BEECH 100 King Air,L2T,L
A03BF0,N114K,AC11,NORTH AMERICAN ROCKWELL Commander 112/114,L1P,L
A03CF0,N114VF,AEST,AEROSTAR 600,L2P,L
A041F0,N1156,C337,CESSNA 337 Super Skymaster,L2P,L
A045F0,N1168C,PA22,PIPER PA-22,L1P,L
A048F0,N11725,,,,
A049F0,N118AE,B06,BELL 206 JetRanger,H1T,L
A04DF0,N119DC,C172,CESSNA 172 Skyhawk,L1P,L
A04EF0,N119PJ,WAIX,SONEX Waiex,L1P,L
A050F0,N1197A,PA18,PIPER PA-18 Super Cub,L1P,L
A051F0,N12GA,AA5,AMERICAN AA-5 Tiger,L1P,L
A052F0,N12SG,,,,
A053F0,N120CM,C120,CESSNA 120,L1P,L
A058F0,N121RR,BE58,BEECH 58 Baron,L2P,L
A059F0,N1211M,M7T,MAULE M-7-420 Turbine,L1T,L
A05BF0,N122JH,C172,CESSNA 172 Skyhawk,L1P,L
A05CF0,N122UP,A306,AIRBUS A-300-600,L2J,H
A05DF0,N1223Q,C150,CESSNA 150,L1P,L
A05EF0,N123B,BE35,BEECH 35 Starfire Bonanza,L1P,L
A05FF0,N123MF,PA32,PIPER PA-32,L1P,L
A060F0,N123XM,SREY,PROGRESSIVE AERODYNE SeaRey,A1P,L
A067F0,N125TB,,,,
A069F0,N1259Z,BALL,,B0-,-
A06BF0,N126W,GLID,,L0-,-
A06DF0,N127CL,C550,CESSNA 550 Citation S2,L2J,L
A06FF0,N127YY,DRON,,D0-,-
A070F0,N1276U,C172,CESSNA 172 Skyhawk,L1P,L
A07AF0,N13XL,J3,PIPER J-3 Cub,L1P,L
A07DF0,N13028,WACF,WACO F,L1P,L
A083F0,N132PM,,,,
A089F0,N1339G,C310,CESSNA 310,L2P,L
A08DF0,N135BU,EC35,AIRBUS HELICOPTERS EC-135/635,H2T,L
A08EF0,N135N,EC35,AIRBUS HELICOPTERS EC-135/635,H2T,L
A093F0,N13604,C172,CESSNA 172 Skyhawk,L1P,L
A095F0,N137HQ,E75L,EMBRAER ERJ-170-200 (long wing),L2J,M
A096F0,N137TW,BE35,BEECH 35 Starfire Bonanza,L1P,L
A097F0,N13727,C172,CESSNA 172 Skyhawk,L1P,L
A099F0,N138LN,EC35,AIRBUS HELICOPTERS EC-135/635,H2T,L
A09CF0,N139DE,A139,AGUSTA AW-139,H2T,L
A09FF0,N1397C,PA22,PIPER PA-22,L1P,L
A0A0F0,N14GC,ST75,STEARMAN Kaydet,L1P,L
A0A1F0,N14SJ,B06,BELL 206 JetRanger,H1T,L
A0A2F0,N140CP,MU2,MITSUBISHI MU-2 Marquise,L2T,L
A0A7F0,N141RT,C25C,CESSNA 525C Citation CJ4,L2J,M
A0A9F0,N14180,E45X,EMBRAER ERJ-145XR,L2J,M
A0AEF0,N143MH,EC35,AIRBUS HELICOPTERS EC-135/635,H2T,L
A0B1F0,N144E,TF19,TAYLORCRAFT F-19 Sportsman,L1P,L
A0B3F0,N1440M,RV14,VANS RV-14,L1P,L
A0BAF0,N146WB,RV6,VANS RV-6,L1P,L
A0BBF0,N1464T,P28A,PIPER PA-28-140/150/160/180,L1P,L
A0BEF0,N147Z,BE20,BEECH 200 Super King Air,L2T,M
A0C1F0,N148RS,DRON,,D0-,-
A0C6F0,N1493R,C82T,CESSNA TR182 Turbo Skylane RG,L1P,L
A0C7F0,N15BA,ASTR,GULFSTREAM AEROSPACE Gulfstream G100,L2J,M
A0C8F0,N15MG,MG15,MIKOYAN MiG-15,L1J,L
A0D0F0,N1515C,C180,CESSNA  180 Skywagon,L1P,L
A0D6F0,N153SM,P28A,PIPER PA-28-140/150/160/180,L1P,L
A0D7F0,N15318,P28A,PIPER PA-28-140/150/160/180,L1P,L
A0DBF0,N1544A,PA20,PIPER PA-20 Pacer,L1P,L
A0DCF0,N155BW,C525,CESSNA 525 CitationJet,L2J,L
A0E2F0,N15606,FA24,FAIRCHILD F-24 Argus,L1P,L
A0E3F0,N1568G,B190,BEECH 1900,L2T,M
A0E4F0,N157HS,RV10,VANS RV-10,L1P,L
A0E6F0,N15729,ULAC,,L0-,-
A0EAF0,N1585B,L8,LUSCOMBE 8,L1P,L
A0EEF0,N1597E,CH7A,BELLANCA 7 Champion,L1P,L
A0F0F0,N16SL,ULAC,,L0-,-
A0F1F0,N160CR,BE60,BEECH 60 Duke,L2P,L
A0F7F0,N1611R,AA5,AMERICAN AA-5 Tiger,L1P,L
A0F8F0,N16182,RELI,STINSON Reliant,L1P,L
A0F9F0,N162JM,ULAC,,L0-,-
A102F0,N1640P,P32R,PIPER PA-32R-300/301/301T,L1P,L
A103F0,N16470,,,,
A104F0,N165H,H500,HUGHES 500,H1T,L
A109F0,N166WD,RV6,VANS RV-6,L1P,L
A10AF0,N1664V,C172,CESSNA 172 Skyhawk,L1P,L
A10EF0,N1676Y,C172,CESSNA 172 Skyhawk,L1P,L
A115F0,N1693T,P28A,PIPER PA-28-140/150/160/180,L1P,L
A116F0,N17BC,C188,CESSNA 188 AgTruck,L1P,L
A11CF0,N171AM,CL60,BOMBARDIER CL-600 Challenger,L2J,M
A11FF0,N1715E,CH7A,BELLANCA 7 Champion,L1P,L
A120F0,N172DK,C172,CESSNA 172 Skyhawk,L1P,L
A121F0,N172PR,C172,CESSNA 172 Skyhawk,L1P,L
A124F0,N173GH,E50P,EMBRAER EMB-500 Phenom 100,L2J,L
A125F0,N173SP,CRUZ,CSA PS-28 Cruiser,L1P,L
A126F0,N1732,,,,
A12EF0,N1756F,C172,CESSNA 172 Skyhawk,L1P,L
A132F0,N1768J,P28A,PIPER PA-28-140/150/160/180,L1P,L
A134F0,N177U,C195,CESSNA 195,L1P,L
A13DF0,N1797G,BE35,BEECH 35 Starfire Bonanza,L1P,L
A13EF0,N18GG,LEG2,LANCAIR Legacy,L1P,L
A13FF0,N18SN,PA18,PIPER PA-18 Super Cub,L1P,L
A140F0,N180CT,C180,CESSNA  180 Skywagon,L1P,L
A143F0,N18061,C150,CESSNA 150,L1P,L
A146F0,N1811T,GLID,,L0-,-
A147F0,N18184,,,,
A148F0,N182JP,C182,CESSNA 182 Skylane,L1P,L
A14EF0,N1835Z,C210,CESSNA 201 Centurion,L1P,L
A152F0,N18472,BE95,BEECH 95 Travel Air,L2P,L
A153F0,N185HB,C185,CESSNA 185 Skywagon,L1P,L
A154F0,N185TH,C185,CESSNA 185 Skywagon,L1P,L
A157F0,N186L,PA18,PIPER PA-18 Super Cub,L1P,L
A15DF0,N18760,BE35,BEECH 35 Starfire Bonanza,L1P,L
A165F0,N19BE,DISC,SCHEMPP-HIRTH Discus,L1P,L
A166F0,N19ML,GLID,,L0-,-
A16AF0,N1903D,BE35,BEECH 35 Starfire Bonanza,L1P,L
A174F0,N193SR,SR22,CIRRUS SR-22,L1P,L
A175F0,N1932B,L8,LUSCOMBE 8,L1P,L
A179F0,N1944E,C340,CESSNA 340 Super,L2P,L
A17AF0,N195C,S108,STINSON 108 Voyager,L1P,L
A17DF0,N1956H,CH7B,BELLANCA 7 Citabria,L1P,L
A17FF0,N196RD,CAMP,GREGA GN-1 Aircamper,L1P,L
A180F0,N1961,BE50,BEECH 50 Excalibur,L2P,L
A184F0,N1973C,L13M,LET L-13 Blanik,L1P,L
A189F0,N199DL,F8L,AEROMERE F-8L Falco,L1P,L
A18FF0,N20CV,SR20,CIRRUS SR-20,L1P,L
A192F0,N200KM,M7,MAULE M-7,L1P,L
A194F0,N2004J,BALL,,B0-,-
A195F0,N201CD,M20P,MOONEY M-20,L1P,L
A196F0,N201NK,PA23,PIPER PA-23,L2P,L
A198F0,N2016M,J3,PIPER J-3 Cub,L1P,L
A19AF0,N202RH,KR2,RAND KR-2,L1P,L
A19BF0,N2021D,BE35,BEECH 35 Starfire Bonanza,L1P,L
A19CF0,N2028Q,C77R,CESSNA 177RG Cardinal RG,L1P,L
A19FF0,N2033G,C182,CESSNA 182 Skylane,L1P,L
A1A3F0,N2045K,L8,LUSCOMBE 8,L1P,L
A1A5F0,N205PW,GLID,,L0-,-
A1A6F0,N2050B,L8,LUSCOMBE 8,L1P,L
A1A7F0,N2057N,BALL,,B0-,-
A1A9F0,N206SU,T206,CESSNA T206 Turbo Stationair,L1P,L
A1AAF0,N2062E,CH7A,BELLANCA 7 Champion,L1P,L
A1ABF0,N2069R,C182,CESSNA 182 Skylane,L1P,L
A1B2F0,N2086L,BE33,BEECH 33 Bonanza,L1P,L
A1B4F0,N209RG,BN2P,BRITTEN-NORMAN BN-2 Islander,L2P,L
A1B6F0,N2098P,PA23,PIPER PA-23,L2P,L
A1B7F0,N21HZ,BE33,BEECH 33 Bonanza,L1P,L
A1BBF0,N2100X,P28B,PIPER PA-28-201T/235/236,L1P,L
A1C1F0,N212LF,GLEX,BOMBARDIER BD-700 Global 6000/6500,L2J,M
A1C5F0,N213PD,B06,BELL 206 JetRanger,H1T,L
A1C7F0,N21366,AR65,AERONCA 65 Super Chief,L1P,L
A1C9F0,N214SB,BE20,BEECH 200 Super King Air,L2T,M
A1CAF0,N2141Y,C172,CESSNA 172 Skyhawk,L1P,L
A1CBF0,N21489,P28A,PIPER PA-28-140/150/160/180,L1P,L
A1CEF0,N21531,PA18,PIPER PA-18 Super Cub,L1P,L
A1CFF0,N216BL,C310,CESSNA 310,L2P,L
A1D0F0,N216MS,HR20,ROBIN HR-200,L1P,L
A1D5F0,N2170W,C82S,CESSNA T182 Turbo Skylane,L1P,L
A1D7F0,N218HG,S22T,CIRRUS SR-22T Turbo,L1P,L
A1DAF0,N219,WACF,WACO F,L1P,L
A1DBF0,N219LE,R44,ROBINSON R-44 Raven,H1P,L
A1DDF0,N21942,C150,CESSNA 150,L1P,L
A1DEF0,N22CX,PA46,PIPER PA-46-310/350,L1P,L
A1DFF0,N22PC,C550,CESSNA 550 Citation S2,L2J,L
A1E3F0,N2204L,M20P,MOONEY M-20,L1P,L
A1E4F0,N221CF,RV9,VANS RV-9,L1P,L
A1E8F0,N222FD,C150,CESSNA 150,L1P,L
A1E9F0,N222RK,CH7B,BELLANCA 7 Citabria,L1P,L
A1EBF0,N2228S,C210,CESSNA 201 Centurion,L1P,L
A1EEF0,N2233J,C150,CESSNA 150,L1P,L
A1F0F0,N224M,,,,
A1F5F0,N2250D,C170,CESSNA 170,L1P,L
A1F8F0,N226SW,C56X,CESSNA 560XL Citation XLS,L2J,M
A1FAF0,N2269T,T6,NORTH AMERICAN T-6 Texan,L1P,L
A1FDF0,N2274K,C182,CESSNA 182 Skylane,L1P,L
A1FEF0,N228CE,BE58,BEECH 58 Baron,L2P,L
A202F0,N229FC,BE23,BEECH 23 Sundowner,L1P,L
A204F0,N2291E,C172,CESSNA 172 Skyhawk,L1P,L
A206F0,N23JA,C550,CESSNA 550 Citation S2,L2J,L
A20AF0,N2300Z,S55P,SIKORSKY S-55 Chickasaw,H1P,L
A20BF0,N2308,S10,STINSON 10 Voyager,L1P,L
A212F0,N23245,J3,PIPER J-3 Cub,L1P,L
A213F0,N233D,BE35,BEECH 35 Starfire Bonanza,L1P,L
A218F0,N234SD,BT36,BEECH B36TC Bonanza,L1P,L
A219F0,N23410,J3,PIPER J-3 Cub,L1P,L
A21BF0,N235JW,LNC2,LANCAIR 200-320,L1P,L
A223F0,N237QS,CL60,BOMBARDIER CL-600 Challenger,L2J,M
A229F0,N239AA,BE35,BEECH 35 Starfire Bonanza,L1P,L
A22BF0,N239WN,B737,BOEING 737-700,L2J,M
A234F0,N241NP,BE55,BEECH 55 Baron,L2P,L
A236F0,N2416R,,,,
A237F0,N242FF,BE35,BEECH 35 Starfire Bonanza,L1P,L
A239F0,N2421H,BALL,,B0-,-
A241F0,N2445P,PA22,PIPER PA-22,L1P,L
A243F0,N245Q,P28A,PIPER PA-28-140/150/160/180,L1P,L
A245F0,N2457S,C337,CESSNA 337 Super Skymaster,L2P,L
A246F0,N246GS,C25C,CESSNA 525C Citation CJ4,L2J,M
A247F0,N246SY,E75L,EMBRAER ERJ-170-200 (long wing),L2J,M
A248F0,N2462J,C150,CESSNA 150,L1P,L
A24CF0,N2474M,PA12,PIPER PA-12 Super Cruiser,L1P,L
A24DF0,N248CG,SR22,CIRRUS SR-22,L1P,L
A24EF0,N248NN,E75L,EMBRAER ERJ-170-200 (long wing),L2J,M
A250F0,N2486Q,C152,CESSNA 152,L1P,L
A253F0,N2491G,C182,CESSNA 182 Skylane,L1P,L
A254F0,N2498T,PARA,,P0-,-
A255F0,N25JC,C210,CESSNA 201 Centurion,L1P,L
A259F0,N25001,,,,
A25AF0,N2508B,CH7A,BELLANCA 7 Champion,L1P,L
A25CF0,N251TT,M7,MAULE M-7,L1P,L
A25EF0,N252AD,M20P,MOONEY M-20,L1P,L
A26EF0,N256MW,C172,CESSNA 172 Skyhawk,L1P,L
A277F0,N25823,BALL,,B0-,-
A27CF0,N26DA,,,,
A27DF0,N26PG,PA46,PIPER PA-46-310/350,L1P,L
A285F0,N2616T,,,,
A288F0,N2621K,PA18,PIPER PA-18 Super Cub,L1P,L
A28EF0,N264MD,ULAC,,L0-,-
A293F0,N2650H,ERCO,AIR PRODUCTS F-1 Aircoupe,L1P,L
A294F0,N2657U,C172,CESSNA 172 Skyhawk,L1P,L
A297F0,N2662L,C172,CESSNA 172 Skyhawk,L1P,L
A298F0,N2669X,C206,CESSNA  206 Stationair,L1P,L
A2A0F0,N269FG,C172,CESSNA 172 Skyhawk,L1P,L
A2A2F0,N2691J,RV4,VANS RV-4,L1P,L
A2A4F0,N27JE,FOX,KITFOX,L1P,L
A2A5F0,N27UL,,,,
A2A8F0,N27003,VALI,CONVAIR Valiant,L1P,L
A2AAF0,N271HP,AS50,AEROSPATIALE AS-350 Ecureuil,H1T,L
A2ADF0,N272AF,PTS2,PITTS S-2 Special,L1P,L
A2B0F0,N27249,,,,
A2B5F0,N274GB,RV7,VANS RV-7,L1P,L
A2B6F0,N274SH,SPHA,AMERICAN AUTOGYRO Spinus,G1P,L
A2B7F0,N27414,TAYB,TAYLORCRAFT BC/BF/BL,L1P,L
A2B8F0,N2749E,C172,CESSNA 172 Skyhawk,L1P,L
A2B9F0,N275K,,,,
A2BFF0,N2766,RLU1,RLU Super Breezy,L1P,L
A2CBF0,N28DC,F900,DASSAULT Falcon 900,L3J,M
A2D0F0,N2804S,C150,CESSNA 150,L1P,L
A2D2F0,N281NT,,,,
A2D7F0,N2821M,PA12,PIPER PA-12 Super Cruiser,L1P,L
A2D8F0,N2828Y,C182,CESSNA 182 Skylane,L1P,L
A2DAF0,N283UP,MD11,MCDONNELL-DOUGLAS MD-11,L3J,H
A2DCF0,N284B,P28A,PIPER PA-28-140/150/160/180,L1P,L
A2E2F0,N2850K,L8,LUSCOMBE 8,L1P,L
A2ECF0,N288NS,B06,BELL 206 JetRanger,H1T,L
A2EEF0,N2886U,C172,CESSNA 172 Skyhawk,L1P,L
A2F1F0,N2891L,C172,CESSNA 172 Skyhawk,L1P,L
A2F2F0,N2898X,C177,CESSNA  177 Cardinal,L1P,L
A2FFF0,N2925A,C180,CESSNA  180 Skywagon,L1P,L
A301F0,N293PM,DFLY,VIKING Dragonfly,L1P,L
A303F0,N2937D,C170,CESSNA 170,L1P,L
A306F0,N29416,AR6T,AERONCA 65 Tandem,L1P,L
A30AF0,N29539,C177,CESSNA  177 Cardinal,L1P,L
A30CF0,N296N,S92,SIKORSKY S-92 Helibus,H2T,M
A311F0,N29704,TAYB,TAYLORCRAFT BC/BF/BL,L1P,L
A316F0,N299AG,M20P,MOONEY M-20,L1P,L
A31AF0,N3DE,E145,EMBRAER ERJ-145,L2J,M
A325F0,N3014C,P46T,PIPER PA-46-500TP,L1T,L
A326F0,N302BY,SR22,CIRRUS SR-22,L1P,L
A329F0,N3026F,C182,CESSNA 182 Skylane,L1P,L
A32BF0,N303RB,BE95,BEECH 95 Travel Air,L2P,L
A32CF0,N30308,C177,CESSNA  177 Cardinal,L1P,L
A32DF0,N3038J,C150,CESSNA 150,L1P,L
A331F0,N305AL,B305,BRANTLY 305,H1P,L
A332F0,N305LS,M20P,MOONEY M-20,L1P,L
A333F0,N305WY,HUSK,CHRISTEN Husky,L1P,L
A336F0,N306PQ,CRJ9,BOMBARDIER Regional Jet CRJ-900,L2J,M
A33BF0,N30719,J3,PIPER J-3 Cub,L1P,L
A33CF0,N3079K,BALL,,B0-,-
A33FF0,N3084B,BALL,,B0-,-
A343F0,N3096E,CH7A,BELLANCA 7 Champion,L1P,L
A345F0,N31RA,LJ35,LEARJET 35,L2J,M
A346F0,N310BF,C310,CESSNA 310,L2P,L
A347F0,N310MM,C310,CESSNA 310,L2P,L
A350F0,N3122U,BE36,BEECH 36 Bonanza,L1P,L
A352F0,N313L,ULAC,,L0-,-
A353F0,N313WF,BL8,BELLANCA 8 Decathlon,L1P,L
A354F0,N3134X,C150,CESSNA 150,L1P,L
A35AF0,N315RW,,,,
A35BF0,N3151S,C182,CESSNA 182 Skylane,L1P,L
A35CF0,N31583,P28A,PIPER PA-28-140/150/160/180,L1P,L
A35DF0,N316JN,C180,CESSNA  180 Skywagon,L1P,L
A35FF0,N3163V,C182,CESSNA 182 Skylane,L1P,L
A361F0,N317ML,F900,DASSAULT Falcon 900,L3J,M
A363F0,N3175Y,C182,CESSNA 182 Skylane,L1P,L
A366F0,N3180Q,C182,CESSNA 182 Skylane,L1P,L
A367F0,N31871,PA32,PIPER PA-32,L1P,L
A36AF0,N3192T,C177,CESSNA  177 Cardinal,L1P,L
A36FF0,N320SR,SR20,CIRRUS SR-20,L1P,L
A371F0,N3209N,J3,PIPER J-3 Cub,L1P,L
A375F0,N322C,C320,CESSNA 320 Skyknight,L2P,L
A37AF0,N323RD,R44,ROBINSON R-44 Raven,H1P,L
A37FF0,N3243C,BT36,BEECH B36TC Bonanza,L1P,L
A382F0,N325X,HUSK,CHRISTEN Husky,L1P,L
A383F0,N3255F,M20P,MOONEY M-20,L1P,L
A385F0,N326PS,C82T,CESSNA TR182 Turbo Skylane RG,L1P,L
A38BF0,N3279M,C310,CESSNA 310,L2P,L
A38EF0,N3284D,C180,CESSNA  180 Skywagon,L1P,L
A393F0,N33EX,E300,EXTRA EA-300/330/350,L1P,L
A394F0,N33RC,H25B,HAWKER BEECHCRAFT Hawker 750/850,L2J,M
A395F0,N330BH,,,,
A396F0,N330MP,E300,EXTRA EA-300/330/350,L1P,L
A39BF0,N3310T,C177,CESSNA  177 Cardinal,L1P,L
A39CF0,N33174,T206,CESSNA T206 Turbo Stationair,L1P,L
A3A0F0,N33297,C77R,CESSNA 177RG Cardinal RG,L1P,L
A3A2F0,N333WH,VVIG,RUTAN VariViggen,L1P,L
A3A5F0,N334P,LNP4,LANCAIR PropJet 4,L1T,L
A3ABF0,N33585,J3,PIPER J-3 Cub,L1P,L
A3AFF0,N337BG,P28A,PIPER PA-28-140/150/160/180,L1P,L
A3B2F0,N33750,P28R,PIPER PA-28R-180/200/201,L1P,L
A3B3F0,N338EE,M20P,MOONEY M-20,L1P,L
A3B6F0,N33873,GLID,,L0-,-
A3BAF0,N33996,GLID,,L0-,-
A3BBF0,N34LA,C25C,CESSNA 525C Citation CJ4,L2J,M
A3BDF0,N340GM,C340,CESSNA 340 Super,L2P,L
A3BEF0,N340ST,C340,CESSNA 340 Super,L2P,L
A3C7F0,N3426K,J3,PIPER J-3 Cub,L1P,L
A3C8F0,N343F,PT22,RYAN PT-22 Recruit,L1P,L
A3CBF0,N3438N,M20P,MOONEY M-20,L1P,L
A3D1F0,N345XB,CL60,BOMBARDIER CL-600 Challenger,L2J,M
A3D3F0,N346DN,A321,AIRBUS A-321,L2J,M
A3D9F0,N3472C,C170,CESSNA 170,L1P,L
A3DEF0,N349CA,BE30,BEECH 300 Super King Air,L2T,L
A3E5F0,N350MR,CAMP,GREGA GN-1 Aircamper,L1P,L
A3E6F0,N350XX,CL30,BOMBARDIER BD-100 Challenger 300,L2J,M
A3E7F0,N35053,C177,CESSNA  177 Cardinal,L1P,L
A3EAF0,N3510V,,,,
A3EEF0,N3522Y,C182,CESSNA 182 Skylane,L1P,L
A404F0,N3580U,C182,CESSNA 182 Skylane,L1P,L
A408F0,N3592X,M20P,MOONEY M-20,L1P,L
A40AF0,N36LC,SW3,SWEARINGEN Merlin 3,L2T,L
A40EF0,N3602F,ULAC,,L0-,-
A40FF0,N3609S,C172,CESSNA 172 Skyhawk,L1P,L
A410F0,N361KM,SR22,CIRRUS SR-22,L1P,L
A412F0,N3614J,C150,CESSNA 150,L1P,L
A413F0,N362CD,SR22,CIRRUS SR-22,L1P,L
A418F0,N363RH,C25A,CESSNA 525A Citation CJ2,L2J,L
A419F0,N3631D,C310,CESSNA 310,L2P,L
A41AF0,N3638Q,BE23,BEECH 23 Sundowner,L1P,L
A421F0,N3655K,J3,PIPER J-3 Cub,L1P,L
A425F0,N3667N,PA12,PIPER PA-12 Super Cruiser,L1P,L
A42CF0,N3684H,BE55,BEECH 55 Baron,L2P,L
A42DF0,N369CC,PA11,PIPER PA-11 Cub Special,L1P,L
A430F0,N3696L,BE58,BEECH 58 Baron,L2P,L
A432F0,N37RG,VEZE,RUTAN VariEze,L1P,L
A433F0,N370BM,S22T,CIRRUS SR-22T Turbo,L1P,L
A436F0,N37055,L8,LUSCOMBE 8,L1P,L
A43AF0,N37178,CRJ2,BOMBARDIER Regional Jet CRJ-200,L2J,M
A43FF0,N373LF,EC45,AIRBUS HELICOPTERS EC-145,H2T,L
A441F0,N37343,C340,CESSNA 340 Super,L2P,L
A445F0,N37466,B739,BOEING 737-900,L2J,M
A447F0,N375SB,S22T,CIRRUS SR-22T Turbo,L1P,L
A453F0,N3780W,PA32,PIPER PA-32,L1P,L
A459F0,N38LE,HUSK,CHRISTEN Husky,L1P,L
A45AF0,N38WL,BALL,,B0-,-
A45EF0,N3809U,BE77,BEECH 77 Skipper,L1P,L
A462F0,N382CF,PA38,PIPER PA-38 Tomahawk,L1P,L
A465F0,N3826P,PA22,PIPER PA-22,L1P,L
A470F0,N3855M,P28A,PIPER PA-28-140/150/160/180,L1P,L
A471F0,N386DS,DA40,DIAMOND DA-40 Club Star,L1P,L
A474F0,N3867Q,C172,CESSNA 172 Skyhawk,L1P,L
A476F0,N387SW,B733,BOEING 737-300,L2J,M
A478F0,N3879T,P28R,PIPER PA-28R-180/200/201,L1P,L
A480F0,N39FC,C185,CESSNA 185 Skywagon,L1P,L
A481F0,N39RJ,B06,BELL 206 JetRanger,H1T,L
A483F0,N390MV,RV12,VANS RV-12,L1P,L
A486F0,N391EM,FOX,KITFOX,L1P,L
A488F0,N3910Z,PA18,PIPER PA-18 Super Cub,L1P,L
A489F0,N3918,,,,
A491F0,N394D,P28A,PIPER PA-28-140/150/160/180,L1P,L
A496F0,N395SD,UH1,BELL UH-1 Huey,H1T,L
A499F0,N396JW,RV6,VANS RV-6,L1P,L
A49BF0,N39633,P28A,PIPER PA-28-140/150/160/180,L1P,L
A49FF0,N39756,WACF,WACO F,L1P,L
A4A1F0,N398QS,E55P,EMBRAER EMB-505 Phenom 300,L2J,M
A4A3F0,N39879,BL17,BELLANCA 17 Viking,L1P,L
A4A6F0,N39921,P32R,PIPER PA-32R-300/301/301T,L1P,L
A4A7F0,N4AA,C185,CESSNA 185 Skywagon,L1P,L
A4A8F0,N4LG,BE35,BEECH 35 Starfire Bonanza,L1P,L
A4A9F0,N4WN,BE35,BEECH 35 Starfire Bonanza,L1P,L
A4AAF0,N40GT,SBR1,NORTH AMERICAN Sabre 40/50/60/65,L2J,M
A4B1F0,N401SH,G2CA,GUIMBAL G-2 Cabri,H1P,L
A4B2F0,N40114,S108,STINSON 108 Voyager,L1P,L
A4B3F0,N4019E,AR11,AERONCA 11 Chief,L1P,L
A4B4F0,N402K,GLID,,L0-,-
A4B7F0,N403BS,C185,CESSNA 185 Skywagon,L1P,L
A4BDF0,N40402,TBM,GRUMMAN G-40 Avenger,L1P,M
A4BEF0,N4048C,BALL,,B0-,-
A4C4F0,N406WS,,,,
A4C5F0,N40648,C120,CESSNA 120,L1P,L
A4C7F0,N407PJ,B407,BELL 407,H1T,L
A4C9F0,N4077A,BE35,BEECH 35 Starfire Bonanza,L1P,L
A4CAF0,N408GA,B407,BELL 407,H1T,L
A4CCF0,N40813,PA31,PIPER PA-31-300/310/325/350/425,L2P,L
A4CDF0,N4089D,C182,CESSNA 182 Skylane,L1P,L
A4D0F0,N40936,J3,PIPER J-3 Cub,L1P,L
A4D1F0,N41BR,TAIL,WITTMAN Tailwind,L1P,L
A4D2F0,N41MX,CH60,ZENAIR CH-600 Zodiac,L1P,L
A4D5F0,N410UP,B752,BOEING 757-200,L2J,M
A4D7F0,N411B,SR22,CIRRUS SR-22,L1P,L
A4DAF0,N4115T,BE58,BEECH 58 Baron,L2P,L
A4DDF0,N4120K,P28A,PIPER PA-28-140/150/160/180,L1P,L
A4DEF0,N4127W,PA32,PIPER PA-32,L1P,L
A4E1F0,N4132N,C120,CESSNA 120,L1P,L
A4E2F0,N4139Z,PA18,PIPER PA-18 Super Cub,L1P,L
A4E3F0,N414KU,C25C,CESSNA 525C Citation CJ4,L2J,M
A4E4F0,N414W,C414,CESSNA 414 Chancellor,L2P,L
A4E5F0,N4144R,PA32,PIPER PA-32,L1P,L
A4ECF0,N4161L,C172,CESSNA 172 Skyhawk,L1P,L
A4EEF0,N417JG,,,,
A4F1F0,N418AZ,GLST,GLASAIR SH-4 GlaStar,L1P,L
A4F4F0,N4185S,BE33,BEECH 33 Bonanza,L1P,L
A4F5F0,N419DX,A339,AIRBUS A-330-900,L2J,H
A4F8F0,N4197V,C170,CESSNA 170,L1P,L
A4F9F0,N42GV,C82R,CESSNA R182 Skylane RG,L1P,L
A4FBF0,N420DF,S2P,GRUMMAN S-2 Tracker,L2P,M
A4FEF0,N4207D,ZZZZ,,-0-,-
A503F0,N422KB,C82S,CESSNA T182 Turbo Skylane,L1P,L
A504F0,N422VH,COY2,RANS Coyote 2,L1P,L
A505F0,N42239,PA11,PIPER PA-11 Cub Special,L1P,L
A507F0,N423N,E55P,EMBRAER EMB-505 Phenom 300,L2J,M
A509F0,N4236B,BE35,BEECH 35 Starfire Bonanza,L1P,L
A50CF0,N42404,P28A,PIPER PA-28-140/150/160/180,L1P,L
A50FF0,N425TW,C425,CESSNA 425 Corsair,L2T,L
A511F0,N426AG,SRAI,GREAT PLAINS Sonerai,L1P,L
A513F0,N426WU,M20P,MOONEY M-20,L1P,L
A514F0,N4265,GLID,,L0-,-
A51BF0,N42815,J3,PIPER J-3 Cub,L1P,L
A51EF0,N429VG,B429,BELL 429 GlobalRanger,H2T,L
A520F0,N43BT,PTS2,PITTS S-2 Special,L1P,L
A521F0,N43MZ,T206,CESSNA T206 Turbo Stationair,L1P,L
A525F0,N4303S,C182,CESSNA 182 Skylane,L1P,L
A527F0,N431MH,UH1,BELL UH-1 Huey,H1T,L
A529F0,N4315V,P28A,PIPER PA-28-140/150/160/180,L1P,L
A52AF0,N432E,C182,CESSNA 182 Skylane,L1P,L
A52CF0,N4320M,PA12,PIPER PA-12 Super Cruiser,L1P,L
A534F0,N4344T,P28A,PIPER PA-28-140/150/160/180,L1P,L
A539F0,N436FL,BE40,BEECH 400 Beechjet,L2J,M
A53FF0,N4373R,C82R,CESSNA R182 Skylane RG,L1P,L
A540F0,N438BA,GLID,,L0-,-
A541F0,N438MG,MG17,MIKOYAN MiG-17,L1J,L
A546F0,N4390L,C172,CESSNA 172 Skyhawk,L1P,L
A547F0,N4397X,P28A,PIPER PA-28-140/150/160/180,L1P,L
A548F0,N44GX,GLEX,BOMBARDIER BD-700 Global 6000/6500,L2J,M
A549F0,N44TC,PA18,PIPER PA-18 Super Cub,L1P,L
A54AF0,N440DH,,,,
A54FF0,N441SM,C441,CESSNA 441 Conquest,L2T,L
A554F0,N4424A,PA22,PIPER PA-22,L1P,L
A558F0,N4436D,PA18,PIPER PA-18 Super Cub,L1P,L
A55AF0,N444R,FA7X,DASSAULT Falcon 7X,L3J,M
A55BF0,N44406,PARA,,P0-,-
A55CF0,N4448G,ULAC,,L0-,-
A55DF0,N445HS,R44,ROBINSON R-44 Raven,H1P,L
A56AF0,N44817,P28A,PIPER PA-28-140/150/160/180,L1P,L
A56BF0,N4489H,PA15,PIPER PA-15 Vagabond,L1P,L
A56CF0,N449KC,PC12,PILATUS PC-12,L1T,L
A56FF0,N45BV,SR22,CIRRUS SR-22,L1P,L
A570F0,N45NA,DC93,MCDONNELL DOUGLAS DC-9-30,L2J,M
A57CF0,N45270,C150,CESSNA 150,L1P,L
A57FF0,N4532S,BE33,BEECH 33 Bonanza,L1P,L
A580F0,N45393,C150,CESSNA 150,L1P,L
A58AF0,N4561Q,P32R,PIPER PA-32R-300/301/301T,L1P,L
A596F0,N4597Z,PA22,PIPER PA-22,L1P,L
A598F0,N46TE,SR22,CIRRUS SR-22,L1P,L
A59EF0,N461SP,C172,CESSNA 172 Skyhawk,L1P,L
A5A0F0,N4619L,C172,CESSNA 172 Skyhawk,L1P,L
A5A7F0,N4636F,P28A,PIPER PA-28-140/150/160/180,L1P,L
A5A9F0,N464RB,BE95,BEECH 95 Travel Air,L2P,L
A5ABF0,N4648J,P28R,PIPER PA-28R-180/200/201,L1P,L
A5AEF0,N4653A,C180,CESSNA  180 Skywagon,L1P,L
A5B0F0,N466LS,BE35,BEECH 35 Starfire Bonanza,L1P,L
A5B2F0,N4665D,BE35,BEECH 35 Starfire Bonanza,L1P,L
A5B5F0,N467ZW,,,,
A5B9F0,N46819,ST75,STEARMAN Kaydet,L1P,L
A5BBF0,N469KE,,,,
A5C3F0,N4703W,,,,
A5C5F0,N471MM,M600,PIPER PA-46-600TP,L1T,L
A5C7F0,N4715Z,PA22,PIPER PA-22,L1P,L
A5CAF0,N4720R,C72R,CESSNA 172R Cutlass RG,L1P,L
A5CCF0,N473HB,HA4T,RAYTHEON 4000 Hawker Horizon,L2J,M
A5D0F0,N474L,RS12,RANS S-12 Super Airaile,L1P,L
A5D6F0,N47560,P28A,PIPER PA-28-140/150/160/180,L1P,L
A5D8F0,N476RW,SH36,SHORT 360,L2T,M
A5D9F0,N4761S,PA32,PIPER PA-32,L1P,L
A5DBF0,N477JN,TBM7,SOCATA TBM-700A/B/C,L1T,L
A5E1F0,N4785Y,PA25,PIPER PA-25 Pawnee,L1P,L
A5E5F0,N47971,P28A,PIPER PA-28-140/150/160/180,L1P,L
A5E6F0,N48HA,PA22,PIPER PA-22,L1P,L
A5E7F0,N48TG,SR20,CIRRUS SR-20,L1P,L
A5EBF0,N4807K,NAVI,NORTH AMERICAN Navion,L1P,L
A5EFF0,N4819N,C182,CESSNA 182 Skylane,L1P,L
A5F3F0,N483C,SF50,CIRRUS SF-50 Vision,L1J,L
A5F9F0,N4841,BIPL,EAA Biplane,L1P,L
A5FAF0,N4848L,CRUZ,CSA PS-28 Cruiser,L1P,L
A5FDF0,N4853C,T206,CESSNA T206 Turbo Stationair,L1P,L
A605F0,N4877J,C172,CESSNA 172 Skyhawk,L1P,L
A608F0,N4882A,PA18,PIPER PA-18 Super Cub,L1P,L
A60CF0,N4894D,C172,CESSNA 172 Skyhawk,L1P,L
A616F0,N49151,C152,CESSNA 152,L1P,L
A61FF0,N494LB,BALL,,B0-,-
A621F0,N4944Z,PA22,PIPER PA-22,L1P,L
A629F0,N49685,,,,
A62EF0,N498MN,RENE,Renegade,L1P,L
A635F0,N5HC,BE35,BEECH 35 Starfire Bonanza,L1P,L
A637F0,N50DP,EAGL,CHRISTEN Eagle,L1P,L
A638F0,N50PV,HROC,HARMON Rocket,L1P,L
A639F0,N500A,B14A,BELLANCA 14,L1P,L
A63BF0,N500WM,BE35,BEECH 35 Starfire Bonanza,L1P,L
A63EF0,N501PD,,,,
A640F0,N50166,CORS,CHANCE VOUGHT F4U Corsair,L1P,M
A646F0,N503V,DG50,DG FLUGZEUGBAU DG-500M,L1P,L
A647F0,N50331,C150,CESSNA 150,L1P,L
A64BF0,N50454,TAYD,TAYLORCRAFT DC/DF/DL,L1P,L
A64CF0,N505EJ,,,,
A64EF0,N5050W,P28A,PIPER PA-28-140/150/160/180,L1P,L
A64FF0,N50577,C150,CESSNA 150,L1P,L
A650F0,N506HG,GLF5,GULFSTREAM 5,L2J,M
A652F0,N5062Z,PA22,PIPER PA-22,L1P,L
A656F0,N50742,ST75,STEARMAN Kaydet,L1P,L
A657F0,N508CX,R44,ROBINSON R-44 Raven,H1P,L
A658F0,N508PC,CL60,BOMBARDIER CL-600 Challenger,L2J,M
A65AF0,N50865,C150,CESSNA 150,L1P,L
A65DF0,N5091X,CH7A,BELLANCA 7 Champion,L1P,L
A65EF0,N50988,C172,CESSNA 172 Skyhawk,L1P,L
A65FF0,N51JT,P51,NORTH AMERICAN P-51 Mustang,L1P,L
A661F0,N510FD,C510,CESSNA 510 Citation Mustang,L2J,L
A665F0,N511JB,C185,CESSNA 185 Skywagon,L1P,L
A667F0,N5113J,C172,CESSNA 172 Skyhawk,L1P,L
A669F0,N512M,GLAS,Glasair,L1P,L
A66BF0,N5125M,BE23,BEECH 23 Sundowner,L1P,L
A66CF0,N513DS,DA40,DIAMOND DA-40 Club Star,L1P,L
A672F0,N5142G,DHC2,DE HAVILLAND DHC-2 Beaver,L1P,L
A673F0,N5149T,AT5T,AIR TRACTOR AT-504,L1T,L
A676F0,N5154K,ULAC,,L0-,-
A67DF0,N5171E,C82R,CESSNA R182 Skylane RG,L1P,L
A67EF0,N5178R,C172,CESSNA 172 Skyhawk,L1P,L
A67FF0,N518JA,CL60,BOMBARDIER CL-600 Challenger,L2J,M
A681F0,N5183H,PA14,PIPER PA-14 Family Cruiser,L1P,L
A685F0,N5195L,COL4,CESSNA 400 Corvalis TT,L1P,L
A688F0,N520AB,C421,CESSNA 421 Executive Commuter,L2P,L
A689F0,N520LH,C172,CESSNA 172 Skyhawk,L1P,L
A68DF0,N521PF,C25A,CESSNA 525A Citation CJ2,L2J,L
A68EF0,N521ZM,SR22,CIRRUS SR-22,L1P,L
A68FF0,N52168,C172,CESSNA 172 Skyhawk,L1P,L
A692F0,N52210,RV6,VANS RV-6,L1P,L
A699F0,N524Y,G164,GRUMMAN G-164 Ag-Cat,L1P,L
A69CF0,N525QS,C68A,CESSNA 680 Citation Latitude,L2J,M
A69EF0,N52579,C77R,CESSNA 177RG Cardinal RG,L1P,L
A6A1F0,N52621,C182,CESSNA 182 Skylane,L1P,L
A6A9F0,N52867,BALL,,B0-,-
A6AAF0,N529FX,CL30,BOMBARDIER BD-100 Challenger 300,L2J,M
A6ABF0,N529SC,CRUZ,CSA PS-28 Cruiser,L1P,L
A6ACF0,N5291Z,PA22,PIPER PA-22,L1P,L
A6AEF0,N53JV,HUSK,CHRISTEN Husky,L1P,L
A6B0F0,N530FF,H500,HUGHES 500,H1T,L
A6B1F0,N530RM,C510,CESSNA 510 Citation Mustang,L2J,L
A6B2F0,N5301H,C152,CESSNA 152,L1P,L
A6B3F0,N5308U,BALL,,B0-,-
A6B4F0,N531JD,F2TH,DASSAULT Falcon 2000,L2J,M
A6B7F0,N532AW,BE30,BEECH 300 Super King Air,L2T,L
A6BAF0,N5325P,P46T,PIPER PA-46-500TP,L1T,L
A6BCF0,N533Q,BE55,BEECH 55 Baron,L2P,L
A6BEF0,N5337S,P28A,PIPER PA-28-140/150/160/180,L1P,L
A6C1F0,N5342J,P28A,PIPER PA-28-140/150/160/180,L1P,L
A6C4F0,N535VW,C172,CESSNA 172 Skyhawk,L1P,L
A6CCF0,N5371G,DHC2,DE HAVILLAND DHC-2 Beaver,L1P,L
A6D0F0,N5383K,C172,CESSNA 172 Skyhawk,L1P,L
A6D2F0,N539MA,P46T,PIPER PA-46-500TP,L1T,L
A6D4F0,N5395N,C182,CESSNA 182 Skylane,L1P,L
A6D7F0,N540AD,SA75,STOLP SA-750 Acroduster Too,L1P,L
A6D8F0,N540LK,,,,
A6DBF0,N541DB,BE35,BEECH 35 Starfire Bonanza,L1P,L
A6E0F0,N542SF,SR22,CIRRUS SR-22,L1P,L
A6E2F0,N5429C,C170,CESSNA 170,L1P,L
A6EFF0,N546TS,DRON,,D0-,-
A6F1F0,N547AC,ULAC,,L0-,-
A6F5F0,N548DA,ULAC,,L0-,-
A6F6F0,N548PG,SR20,CIRRUS SR-20,L1P,L
A6F8F0,N54869,FA62,FAIRCHILD M-26 Cornell,L1P,L
A6FDF0,N55JX,BE95,BEECH 95 Travel Air,L2P,L
A6FEF0,N55VC,LJ55,LEARJET 55,L2J,M
A700F0,N550RP,GLF5,GULFSTREAM 5,L2J,M
A701F0,N5501K,,,,
A702F0,N5508W,P28A,PIPER PA-28-140/150/160/180,L1P,L
A705F0,N5513N,C82S,CESSNA T182 Turbo Skylane,L1P,L
A707F0,N552MD,PA44,PIPER PA-44 Seminole,L2P,L
A709F0,N5525R,T206,CESSNA T206 Turbo Stationair,L1P,L
A70FF0,N554T,C550,CESSNA 550 Citation S2,L2J,L
A712F0,N555KS,C182,CESSNA 182 Skylane,L1P,L
A71BF0,N5571J,PA32,PIPER PA-32,L1P,L
A71CF0,N5578V,GLID,,L0-,-
A721F0,N559MC,C185,CESSNA 185 Skywagon,L1P,L
A723F0,N5595Q,M20P,MOONEY M-20,L1P,L
A726F0,N560AF,C560,CESSNA 560 Citation Ultra,L2J,M
A728F0,N560WT,C560,CESSNA 560 Citation Ultra,L2J,M
A72AF0,N561DD,SREY,PROGRESSIVE AERODYNE SeaRey,A1P,L
A72BF0,N561PK,PA32,PIPER PA-32,L1P,L
A730F0,N56214,ST75,STEARMAN Kaydet,L1P,L
A731F0,N5629E,C150,CESSNA 150,L1P,L
A732F0,N563K,P28A,PIPER PA-28-140/150/160/180,L1P,L
A740F0,N567AE,B06,BELL 206 JetRanger,H1T,L
A744F0,N568DC,DV20,DIAMOND DA-20,L1P,L
A749F0,N569SG,C25C,CESSNA 525C Citation CJ4,L2J,M
A74BF0,N5699D,EN28,ENSTROM F-28,H1P,L
A74DF0,N57VE,PAY4,PIPER PA-42-1000 Cheyenne 400,L2T,L
A74FF0,N570RR,LJ60,LEARJET 60,L2J,M
A750F0,N5701M,C310,CESSNA 310,L2P,L
A755F0,N572B,BU31,BUCKER Bu-131 Jungmann,L1P,L
A75CF0,N5737W,P28A,PIPER PA-28-140/150/160/180,L1P,L
A75EF0,N574TB,S22T,CIRRUS SR-22T Turbo,L1P,L
A760F0,N5749Z,PA22,PIPER PA-22,L1P,L
A762F0,N575W,BE36,BEECH 36 Bonanza,L1P,L
A764F0,N576CL,BE20,BEECH 200 Super King Air,L2T,M
A76CF0,N578JG,CL60,BOMBARDIER CL-600 Challenger,L2J,M
A771F0,N579XL,,,,
A775F0,N580AH,BE58,BEECH 58 Baron,L2P,L
A778F0,N5805A,C172,CESSNA 172 Skyhawk,L1P,L
A77EF0,N582SK,ULAC,,L0-,-
A78AF0,N58504,C182,CESSNA 182 Skylane,L1P,L
A792F0,N5875,FDCT,FLIGHT DESIGN CT,L1P,L
A79BF0,N59KA,BE9L,BEECH 90 King Air,L2T,L
A79DF0,N590FM,C320,CESSNA 320 Skyknight,L2P,L
A79FF0,N5901P,PA24,PIPER PA-24 Comanche,L1P,L
A7A3F0,N5913S,,,,
A7A7F0,N5925V,PA34,PIPER PA-34 Seneca,L2P,L
A7AEF0,N5942Q,M20P,MOONEY M-20,L1P,L
A7B0F0,N595KW,C560,CESSNA 560 Citation Ultra,L2J,M
A7B2F0,N5954T,C150,CESSNA 150,L1P,L
A7BEF0,N599BA,AT3T,AIR TRACTOR AT-302/402,L1T,L
A7BFF0,N599MG,SR22,CIRRUS SR-22,L1P,L
A7C1F0,N5995U,P28A,PIPER PA-28-140/150/160/180,L1P,L
A7C2F0,N6DZ,GLID,,L0-,-
A7C4F0,N60AK,C185,CESSNA 185 Skywagon,L1P,L
A7C5F0,N60LR,BL8,BELLANCA 8 Decathlon,L1P,L
A7C7F0,N600HB,C182,CESSNA 182 Skylane,L1P,L
A7C8F0,N600TH,C414,CESSNA 414 Chancellor,L2P,L
A7CBF0,N601L,C411,CESSNA 411,L2P,L
A7CCF0,N601WF,CH60,ZENAIR CH-600 Zodiac,L1P,L
A7CFF0,N602NY,AT6T,AIR TRACTOR AT-602,L1T,L
A7D5F0,N60383,,,,
A7DCF0,N6055Y,BE36,BEECH 36 Bonanza,L1P,L
A7DDF0,N606EC,DRON,,D0-,-
A7E3F0,N6072T,C82S,CESSNA T182 Turbo Skylane,L1P,L
A7E4F0,N60794,VALI,CONVAIR Valiant,L1P,L
A7E7F0,N6084W,AS50,AEROSPATIALE AS-350 Ecureuil,H1T,L
A7EBF0,N6096Z,P28A,PIPER PA-28-140/150/160/180,L1P,L
A7ECF0,N61FP,PC12,PILATUS PC-12,L1T,L
A7EDF0,N61RV,RV6,VANS RV-6,L1P,L
A7EEF0,N610C,S108,STINSON 108 Voyager,L1P,L
A7F3F0,N611RD,RV12,VANS RV-12,L1P,L
A7F8F0,N6123C,B25,CONSOLIDATED B-25 Mitchell,L2P,M
A7FBF0,N613X,S22T,CIRRUS SR-22T Turbo,L1P,L
A7FCF0,N6135F,C150,CESSNA 150,L1P,L
A804F0,N6159M,GLID,,L0-,-
A805F0,N616KG,GLF6,GULFSTREAM G650,L2J,M
A807F0,N6164D,PA22,PIPER PA-22,L1P,L
A80BF0,N6176G,C172,CESSNA 172 Skyhawk,L1P,L
A80DF0,N618RC,,,,
A80FF0,N6188K,C150,CESSNA 150,L1P,L
A812F0,N6193B,C182,CESSNA 182 Skylane,L1P,L
A813F0,N62AM,,,,
A814F0,N62LT,P46T,PIPER PA-46-500TP,L1T,L
A815F0,N62WZ,LGEZ,RUTAN Long-EZ,L1P,L
A81EF0,N622P,SF50,CIRRUS SF-50 Vision,L1J,L
A827F0,N6243X,ULAC,,L0-,-
A828F0,N625BG,P28B,PIPER PA-28-201T/235/236,L1P,L
A82BF0,N62550,C172,CESSNA 172 Skyhawk,L1P,L
A82CF0,N626EE,S22T,CIRRUS SR-22T Turbo,L1P,L
A82EF0,N6260S,C150,CESSNA 150,L1P,L
A833F0,N62796,C172,CESSNA 172 Skyhawk,L1P,L
A836F0,N6284Y,YK52,YAKOVLEV Yak-52,L1P,L
A83CF0,N63RX,AS50,AEROSPATIALE AS-350 Ecureuil,H1T,L
A841F0,N631F,C310,CESSNA 310,L2P,L
A844F0,N6318N,CH7A,BELLANCA 7 Champion,L1P,L
A845F0,N632HY,HUSK,CHRISTEN Husky,L1P,L
A847F0,N6323E,C172,CESSNA 172 Skyhawk,L1P,L
A84FF0,N6347L,,,,
A857F0,N637CA,GLID,,L0-,-
A858F0,N637NG,PC12,PILATUS PC-12,L1T,L
A85AF0,N6376J,P28A,PIPER PA-28-140/150/160/180,L1P,L
A85CF0,N638RE,,,,
A862F0,N64AP,PA31,PIPER PA-31-300/310/325/350/425,L2P,L
A863F0,N64LV,C560,CESSNA 560 Citation Ultra,L2J,M
A868F0,N64099,C180,CESSNA  180 Skywagon,L1P,L
A873F0,N64387,ST75,STEARMAN Kaydet,L1P,L
A874F0,N644JS,HROC,HARMON Rocket,L1P,L
A885F0,N64840,BE24,BEECH 24 Sierra,L1P,L
A88AF0,N65FT,LEG2,LANCAIR Legacy,L1P,L
A88DF0,N650NK,A320,AIRBUS A-320,L2J,M
A88EF0,N650YR,BE36,BEECH 36 Bonanza,L1P,L
A88FF0,N6506M,C182,CESSNA 182 Skylane,L1P,L
A893F0,N6518Q,,,,
A896F0,N6523G,C150,CESSNA 150,L1P,L
A89AF0,N6535K,G164,GRUMMAN G-164 Ag-Cat,L1P,L
A89EF0,N6547N,C210,CESSNA 201 Centurion,L1P,L
A8A6F0,N657CC,B06,BELL 206 JetRanger,H1T,L
A8B3F0,N66XC,CC19,CUB CRAFTERS CC-19 XCub,L1P,L
A8B6F0,N66020,FA62,FAIRCHILD M-26 Cornell,L1P,L
A8B8F0,N661LF,PC12,PILATUS PC-12,L1T,L
A8BAF0,N66143,FA24,FAIRCHILD F-24 Argus,L1P,L
A8BCF0,N662PD,AS50,AEROSPATIALE AS-350 Ecureuil,H1T,L
A8BEF0,N66266,C180,CESSNA  180 Skywagon,L1P,L
A8C0F0,N663SB,GALX,GULFSTREAM G200,L2J,M
A8C1F0,N6631Y,ULAC,,L0-,-
A8C4F0,N664V,BE35,BEECH 35 Starfire Bonanza,L1P,L
A8C5F0,N66431,C172,CESSNA 172 Skyhawk,L1P,L
A8D4F0,N66842,PA18,PIPER PA-18 Super Cub,L1P,L
A8DAF0,N67SA,SR22,CIRRUS SR-22,L1P,L
A8DEF0,N6706P,PA24,PIPER PA-24 Comanche,L1P,L
A8E2F0,N6718S,C150,CESSNA 150,L1P,L
A8E9F0,N6735M,C210,CESSNA 201 Centurion,L1P,L
A8EAF0,N674DS,B738,BOEING 737-800,L2J,M
A8F0F0,N6752G,C150,CESSNA 150,L1P,L
A8F4F0,N6764K,BE36,BEECH 36 Bonanza,L1P,L
A8F8F0,N6776N,M20P,MOONEY M-20,L1P,L
A8FAF0,N678RJ,ULAC,,L0-,-
A8FCF0,N6788R,BE9L,BEECH 90 King Air,L2T,L
A904F0,N680TR,C680,CESSNA 680 Citation Sovereign,L2J,M
A907F0,N681LH,P28A,PIPER PA-28-140/150/160/180,L1P,L
A90AF0,N682D,H25B,HAWKER BEECHCRAFT Hawker 750/850,L2J,M
A90FF0,N683SD,BT36,BEECH B36TC Bonanza,L1P,L
A910F0,N68310,C310,CESSNA 310,L2P,L
A912F0,N684JW,E145,EMBRAER ERJ-145,L2J,M
A919F0,N686EL,DRON,,D0-,-
A91AF0,N686QS,C56X,CESSNA 560XL Citation XLS,L2J,M
A91CF0,N68679,RV3,VANS RV-3,L1P,L
A928F0,N69FX,E55P,EMBRAER EMB-505 Phenom 300,L2J,M
A92AF0,N690CH,AC90,NORTH AMERICAN ROCKWELL Turbo Commander 690/840,L2T,L
A92FF0,N691RM,S22T,CIRRUS SR-22T Turbo,L1P,L
A930F0,N6911H,C172,CESSNA 172 Skyhawk,L1P,L
A936F0,N693MB,RV14,VANS RV-14,L1P,L
A938F0,N6935P,PA24,PIPER PA-24 Comanche,L1P,L
A93AF0,N694Q,C182,CESSNA 182 Skylane,L1P,L
A93BF0,N6940F,P32R,PIPER PA-32R-300/301/301T,L1P,L
A93FF0,N6952J,P28R,PIPER PA-28R-180/200/201,L1P,L
A947F0,N6976Q,BE23,BEECH 23 Sundowner,L1P,L
A94BF0,N6988T,C310,CESSNA 310,L2P,L
A94EF0,N6993K,PA20,PIPER PA-20 Pacer,L1P,L
A94FF0,N7AV,SR22,CIRRUS SR-22,L1P,L
A950F0,N7MA,AC11,NORTH AMERICAN ROCKWELL Commander 112/114,L1P,L
A951F0,N7XG,RV7,VANS RV-7,L1P,L
A952F0,N70HM,RV7,VANS RV-7,L1P,L
A953F0,N70TT,F900,DASSAULT Falcon 900,L3J,M
A956F0,N7000K,T210,CESSNA T210 Turbo Centurion,L1P,L
A957F0,N7007W,P28A,PIPER PA-28-140/150/160/180,L1P,L
A959F0,N701TB,FOX,KITFOX,L1P,L
A95AF0,N7012N,BE33,BEECH 33 Bonanza,L1P,L
A95DF0,N702W,S22T,CIRRUS SR-22T Turbo,L1P,L
A95EF0,N7024R,BALL,,B0-,-
A962F0,N7036U,C180,CESSNA  180 Skywagon,L1P,L
A964F0,N704RQ,C150,CESSNA 150,L1P,L
A965F0,N7041L,BALL,,B0-,-
A966F0,N7048X,C150,CESSNA 150,L1P,L
A969F0,N7053P,PA24,PIPER PA-24 Comanche,L1P,L
A96BF0,N706ME,B26,DOUGLAS A-26 Invader,L2P,M
A970F0,N7070J,AR11,AERONCA 11 Chief,L1P,L
A971F0,N7077V,M20P,MOONEY M-20,L1P,L
A975F0,N7089Y,PA30,PIPER PA-30 Twin Comanche,L2P,L
A978F0,N7094Q,C172,CESSNA 172 Skyhawk,L1P,L
A979F0,N71CK,LJ35,LEARJET 35,L2J,M
A97BF0,N71YX,WAIX,SONEX Waiex,L1P,L
A981F0,N711YF,DRON,,D0-,-
A985F0,N71204,C182,CESSNA 182 Skylane,L1P,L
A986F0,N7128E,C182,CESSNA 182 Skylane,L1P,L
A988F0,N713TW,B752,BOEING 757-200,L2J,M
A989F0,N71327,ST75,STEARMAN Kaydet,L1P,L
A98AF0,N714AG,C150,CESSNA 150,L1P,L
A98DF0,N7145,CRBN,CURTISS-ROBERTSON Robin,L1P,L
A98EF0,N715DE,E55P,EMBRAER EMB-505 Phenom 300,L2J,M
A98FF0,N715PL,,,,
A992F0,N716GC,F2TH,DASSAULT Falcon 2000,L2J,M
A994F0,N71615,L8,LUSCOMBE 8,L1P,L
A995F0,N7169F,P28A,PIPER PA-28-140/150/160/180,L1P,L
A996F0,N717KA,EPIC,EPIC AIRCRAFT Epic LT,L1T,L
A998F0,N71738,L8,LUSCOMBE 8,L1P,L
A99CF0,N7186A,C172,CESSNA 172 Skyhawk,L1P,L
A9A1F0,N72HP,AS50,AEROSPATIALE AS-350 Ecureuil,H1T,L
A9A6F0,N7207Y,BE36,BEECH 36 Bonanza,L1P,L
A9A8F0,N721TD,E550,EMBRAER EMB-550 Praetor 600,L2J,M
A9A9F0,N7212Q,C172,CESSNA 172 Skyhawk,L1P,L
A9AAF0,N72191,BE35,BEECH 35 Starfire Bonanza,L1P,L
A9ABF0,N722KW,RV8,VANS RV-8,L1P,L
A9ACF0,N722WB,T6,NORTH AMERICAN T-6 Texan,L1P,L
A9B0F0,N723Z,,,,
A9B1F0,N7236W,BE36,BEECH 36 Bonanza,L1P,L
A9B2F0,N724FL,P28A,PIPER PA-28-140/150/160/180,L1P,L
A9B5F0,N7248Z,PA25,PIPER PA-25 Pawnee,L1P,L
A9B9F0,N726BA,BE58,BEECH 58 Baron,L2P,L
A9C7F0,N7294S,C182,CESSNA 182 Skylane,L1P,L
A9C8F0,N73CM,RV6,VANS RV-6,L1P,L
A9CEF0,N731BW,PARA,,P0-,-
A9D5F0,N7328G,C172,CESSNA 172 Skyhawk,L1P,L
A9D6F0,N733HS,C172,CESSNA 172 Skyhawk,L1P,L
A9DAF0,N734LQ,C172,CESSNA 172 Skyhawk,L1P,L
A9DDF0,N735DG,C182,CESSNA 182 Skylane,L1P,L
A9E2F0,N736SL,C172,CESSNA 172 Skyhawk,L1P,L
A9E3F0,N73617,ST75,STEARMAN Kaydet,L1P,L
A9E5F0,N737KC,C172,CESSNA 172 Skyhawk,L1P,L
A9EBF0,N7386C,T206,CESSNA T206 Turbo Stationair,L1P,L
A9ECF0,N739ET,C172,CESSNA 172 Skyhawk,L1P,L
A9EDF0,N739QZ,C172,CESSNA 172 Skyhawk,L1P,L
A9EEF0,N73905,B47G,BELL 47G,H1P,L
A9F0F0,N74HR,C501,CESSNA 501 Citation 1SP,L2J,L
A9F1F0,N74TX,RV3,VANS RV-3,L1P,L
A9F4F0,N7400P,DRON,,D0-,-
A9F8F0,N7412S,C182,CESSNA 182 Skylane,L1P,L
A9FCF0,N7424V,M20P,MOONEY M-20,L1P,L
AA03F0,N7441Q,C182,CESSNA 182 Skylane,L1P,L
AA04F0,N74481,AA5,AMERICAN AA-5 Tiger,L1P,L
AA07F0,N7453T,C172,CESSNA 172 Skyhawk,L1P,L
AA0CF0,N747EA,AS20,SCHLEICHER ASW-20,L1P,L
AA0EF0,N7470N,BE36,BEECH 36 Bonanza,L1P,L
AA18F0,N75NV,DRON,,D0-,-
AA1BF0,N750VM,H25B,HAWKER BEECHCRAFT Hawker 750/850,L2J,M
AA1CF0,N7504C,ERCO,AIR PRODUCTS F-1 Aircoupe,L1P,L
AA1EF0,N751ND,P28A,PIPER PA-28-140/150/160/180,L1P,L
AA20F0,N7516F,CH7B,BELLANCA 7 Citabria,L1P,L
AA22F0,N752RB,,,,
AA23F0,N75208,,,,
AA24F0,N7528J,P28R,PIPER PA-28R-180/200/201,L1P,L
AA29F0,N754LS,PA11,PIPER PA-11 Cub Special,L1P,L
AA2FF0,N7557G,C172,CESSNA 172 Skyhawk,L1P,L
AA32F0,N75619,CH70,ZENAIR CH-701 Stol,L1P,L
AA36F0,N7574B,CH7A,BELLANCA 7 Champion,L1P,L
AA38F0,N758NC,C172,CESSNA 172 Skyhawk,L1P,L
AA3BF0,N759EV,CRJ7,BOMBARDIER Regional Jet CRJ-700,L2J,M
AA3CF0,N759RA,C182,CESSNA 182 Skylane,L1P,L
AA3DF0,N75907,C172,CESSNA 172 Skyhawk,L1P,L
AA41F0,N760ED,C56X,CESSNA 560XL Citation XLS,L2J,M
AA46F0,N761TH,T210,CESSNA T210 Turbo Centurion,L1P,L
AA5DF0,N7670Q,C310,CESSNA 310,L2P,L
AA5EF0,N76771,C140,CESSNA 140,L1P,L
AA5FF0,N768HA,CH70,ZENAIR CH-701 Stol,L1P,L
AA62F0,N76894,C140,CESSNA 140,L1P,L
AA64F0,N769WE,GLF5,GULFSTREAM 5,L2J,M
AA65F0,N7694W,P28A,PIPER PA-28-140/150/160/180,L1P,L
AA66F0,N77CR,T206,CESSNA T206 Turbo Stationair,L1P,L
AA67F0,N77NX,ONEX,SONEX Onex,L1P,L
AA68F0,N77ZC,,,,
AA6AF0,N770VP,VP2,EVANS Volksplane,L1P,L
AA76F0,N7733C,,,,
AA77F0,N774AN,B772,BOEING 777-200,L2J,H
AA7BF0,N775DL,PA46,PIPER PA-46-310/350,L1P,L
AA7CF0,N775PS,C180,CESSNA  180 Skywagon,L1P,L
AA82F0,N7769M,M20P,MOONEY M-20,L1P,L
AA83F0,N777KG,PA30,PIPER PA-30 Twin Comanche,L2P,L
AA84F0,N777VN,O1,CESSNA 305/341 Bird Dog,L1P,L
AA85F0,N7774D,PA18,PIPER PA-18 Super Cub,L1P,L
AA89F0,N7786G,C172,CESSNA 172 Skyhawk,L1P,L
AA8CF0,N77909,L8,LUSCOMBE 8,L1P,L
AA8EF0,N98HV,C700,CESSNA 700 Citation Longitude,L2J,M
AA92F0,N7800T,C172,CESSNA 172 Skyhawk,L1P,L
AA93F0,N78074,GC1,GLOBE Swift,L1P,L
AA96F0,N7812W,P28A,PIPER PA-28-140/150/160/180,L1P,L
AA97F0,N78197,C172,CESSNA 172 Skyhawk,L1P,L
AAA1F0,N7841U,C172,CESSNA 172 Skyhawk,L1P,L
AAA6F0,N786BG,P28R,PIPER PA-28R-180/200/201,L1P,L
AAA9F0,N78650,C172,CESSNA 172 Skyhawk,L1P,L
AAAAF0,N787EE,PARA,,P0-,-
AAB0F0,N7882V,M20P,MOONEY M-20,L1P,L
AAB8F0,N790KK,TAYB,TAYLORCRAFT BC/BF/BL,L1P,L
AABAF0,N7904G,C172,CESSNA 172 Skyhawk,L1P,L
AABCF0,N791NH,DRON,,D0-,-
AABFF0,N792F,RV7,VANS RV-7,L1P,L
AAC0F0,N792RF,,,,
AAC8F0,N794XB,H60,SIKORSKY UH-60 Black Hawk,H2T,M
AACDF0,N7957L,DRON,,D0-,-
AAD0F0,N7962C,,,,
AAD4F0,N7974F,C150,CESSNA 150,L1P,L
AAD6F0,N798NG,T206,CESSNA T206 Turbo Stationair,L1P,L
AADCF0,N7998M,BE35,BEECH 35 Starfire Bonanza,L1P,L
AADDF0,N8HX,BE18,BEECH 18 Expetitor,L2P,L
AAE4F0,N8005M,C310,CESSNA 310,L2P,L
AAE5F0,N801DS,B407,BELL 407,H1T,L
AAE8F0,N8017Q,C421,CESSNA 421 Executive Commuter,L2P,L
AAEAF0,N802SW,AT8T,AIR TRACTOR AT-802,L1T,M
AAEBF0,N8022G,C77R,CESSNA 177RG Cardinal RG,L1P,L
AAF0F0,N804CE,E135,EMBRAER ERJ-135,L2J,M
AAF3F0,N8046N,PA22,PIPER PA-22,L1P,L
AAF8F0,N806JA,C208,CESSNA 208 Caravan,L1T,L
AAFEF0,N8075L,ULAC,,L0-,-
AAFFF0,N808DR,,,,
AB01F0,N8080C,SR22,CIRRUS SR-22,L1P,L
AB02F0,N8087P,PA24,PIPER PA-24 Comanche,L1P,L
AB08F0,N81VT,BE35,BEECH 35 Starfire Bonanza,L1P,L
AB0CF0,N8109A,C170,CESSNA 170,L1P,L
AB0DF0,N811JW,,,,
AB0FF0,N81133,P28A,PIPER PA-28-140/150/160/180,L1P,L
AB15F0,N813QS,GLF5,GULFSTREAM 5,L2J,M
AB16F0,N8130Y,P28B,PIPER PA-28-201T/235/236,L1P,L
AB1BF0,N815AA,B788,BOEING 787-8 Dreamliner,L2J,H
AB22F0,N81667,CH7A,BELLANCA 7 Champion,L1P,L
AB25F0,N8171Z,BE36,BEECH 36 Bonanza,L1P,L
AB26F0,N8179,ZZZZ,,-0-,-
AB2DF0,N81955,ZZZZ,,-0-,-
AB2EF0,N82EK,DH82,DE HAVILLAND DH-82 Tiger Moth,L1P,L
AB30F0,N820AW,A319,AIRBUS A-319,L2J,M
AB37F0,N8217S,P28A,PIPER PA-28-140/150/160/180,L1P,L
AB38F0,N822GS,BE55,BEECH 55 Baron,L2P,L
AB39F0,N822SY,B738,BOEING 737-800,L2J,M
AB3AF0,N8222J,P28A,PIPER PA-28-140/150/160/180,L1P,L
AB3EF0,N8234M,BT36,BEECH B36TC Bonanza,L1P,L
AB40F0,N824NN,B738,BOEING 737-800,L2J,M
AB46F0,N8258T,C175,CESSNA 175 Skylark,L1P,L
AB47F0,N826JC,,,,
AB49F0,N8263K,G164,GRUMMAN G-164 Ag-Cat,L1P,L
AB4AF0,N827AV,A319,AIRBUS A-319,L2J,M
AB4BF0,N827MA,C72R,CESSNA 172R Cutlass RG,L1P,L
AB4DF0,N8275N,P28A,PIPER PA-28-140/150/160/180,L1P,L
AB4EF0,N828DT,SR22,CIRRUS SR-22,L1P,L
AB50F0,N8280E,C82R,CESSNA R182 Skylane RG,L1P,L
AB51F0,N8287R,BL17,BELLANCA 17 Viking,L1P,L
AB56F0,N83KP,BE33,BEECH 33 Bonanza,L1P,L
AB57F0,N83VV,LA25,LAKE LA-250,A1P,L
AB5AF0,N83012,CH7A,BELLANCA 7 Champion,L1P,L
AB5BF0,N8309C,B738,BOEING 737-800,L2J,M
AB62F0,N83258,CH7A,BELLANCA 7 Champion,L1P,L
AB65F0,N83300,CH7A,BELLANCA 7 Champion,L1P,L
AB66F0,N8338A,C170,CESSNA 170,L1P,L
AB6AF0,N835AC,AT8T,AIR TRACTOR AT-802,L1T,M
AB71F0,N83669,PA18,PIPER PA-18 Super Cub,L1P,L
AB74F0,N83711,CH7A,BELLANCA 7 Champion,L1P,L
AB7CF0,N83957,CH7A,BELLANCA 7 Champion,L1P,L
AB7FF0,N840AY,CRJ2,BOMBARDIER Regional Jet CRJ-200,L2J,M
AB82F0,N8405R,P28A,PIPER PA-28-140/150/160/180,L1P,L
AB83F0,N841DW,C56X,CESSNA 560XL Citation XLS,L2J,M
AB86F0,N8417U,C172,CESSNA 172 Skyhawk,L1P,L
AB88F0,N842T,BE95,BEECH 95 Travel Air,L2P,L
AB89F0,N8422L,C172,CESSNA 172 Skyhawk,L1P,L
AB91F0,N8446S,C182,CESSNA 182 Skylane,L1P,L
AB95F0,N8458V,SS2P,ROCKWELL Thrush Commander,L1P,L
AB98F0,N8463M,PA32,PIPER PA-32,L1P,L
AB9AF0,N847MC,SR22,CIRRUS SR-22,L1P,L
AB9FF0,N8480G,C150,CESSNA 150,L1P,L
ABA4F0,N8499W,P28A,PIPER PA-28-140/150/160/180,L1P,L
ABABF0,N851K,BE33,BEECH 33 Bonanza,L1P,L
ABB4F0,N85302,CH7A,BELLANCA 7 Champion,L1P,L
ABB8F0,N85425,CH7A,BELLANCA 7 Champion,L1P,L
ABB9F0,N855AE,E135,EMBRAER ERJ-135,L2J,M
ABBDF0,N856DC,T206,CESSNA T206 Turbo Stationair,L1P,L
ABC1F0,N857GA,GLF5,GULFSTREAM 5,L2J,M
ABC3F0,N85713,CH7A,BELLANCA 7 Champion,L1P,L
ABCBF0,N85959,PARA,,P0-,-
ABD5F0,N8617W,P28B,PIPER PA-28-201T/235/236,L1P,L
ABD8F0,N8622N,PA32,PIPER PA-32,L1P,L
ABDCF0,N8634R,,,,
ABE4F0,N8658X,C180,CESSNA  180 Skywagon,L1P,L
ABE7F0,N8663P,PA24,PIPER PA-24 Comanche,L1P,L
ABEFF0,N8687V,BL8,BELLANCA 8 Decathlon,L1P,L
ABF2F0,N8692M,BE35,BEECH 35 Starfire Bonanza,L1P,L
ABF4F0,N87KT,BL17,BELLANCA 17 Viking,L1P,L
ABF8F0,N87016,ERCO,AIR PRODUCTS F-1 Aircoupe,L1P,L
AC00F0,N8726B,C172,CESSNA 172 Skyhawk,L1P,L
AC03F0,N87304,ERCO,AIR PRODUCTS F-1 Aircoupe,L1P,L
AC06F0,N874TW,B752,BOEING 757-200,L2J,M
AC12F0,N87715,J3,PIPER J-3 Cub,L1P,L
AC19F0,N879YE,R44,ROBINSON R-44 Raven,H1P,L
AC1AF0,N8796A,BE35,BEECH 35 Starfire Bonanza,L1P,L
AC1BF0,N88ER,PRM1,RAYTHEON 390 Premier 1,L2J,L
AC1DF0,N880BB,GLID,,L0-,-
AC1EF0,N880MH,EC30,AIRBUS HELICOPTERS EC-130,H1T,L
AC24F0,N8817Y,PA30,PIPER PA-30 Twin Comanche,L2P,L
AC27F0,N8822Q,B38M,BOEING 737 MAX 8,L2J,M
AC2BF0,N8834T,C182,CESSNA 182 Skylane,L1P,L
AC2FF0,N8846W,P28B,PIPER PA-28-201T/235/236,L1P,L
AC31F0,N885RS,C510,CESSNA 510 Citation Mustang,L2J,L
AC32F0,N8851N,P28A,PIPER PA-28-140/150/160/180,L1P,L
AC3AF0,N8875U,C150,CESSNA 150,L1P,L
AC3DF0,N8880L,AA1,AMERICAN AA-1,L1P,L
AC3EF0,N8887X,C182,CESSNA 182 Skylane,L1P,L
AC3FF0,N889GX,PA11,PIPER PA-11 Cub Special,L1P,L
AC41F0,N8892P,PA24,PIPER PA-24 Comanche,L1P,L
AC42F0,N88990,BIPL,EAA Biplane,L1P,L
AC44F0,N89WA,H25B,HAWKER BEECHCRAFT Hawker 750/850,L2J,M
AC46F0,N890SM,B738,BOEING 737-800,L2J,M
AC47F0,N89018,PA18,PIPER PA-18 Super Cub,L1P,L
AC48F0,N8909J,P28A,PIPER PA-28-140/150/160/180,L1P,L
AC4BF0,N8914A,CRJ2,BOMBARDIER Regional Jet CRJ-200,L2J,M
AC4CF0,N892BW,SA30,STOLP Starduster Too,L1P,L
AC4FF0,N8926D,PA22,PIPER PA-22,L1P,L
AC51F0,N893R,BE35,BEECH 35 Starfire Bonanza,L1P,L
AC52F0,N89306,C140,CESSNA 140,L1P,L
AC53F0,N8938G,C182,CESSNA 182 Skylane,L1P,L
AC62F0,N8979H,NAVI,NORTH AMERICAN Navion,L1P,L
AC6DF0,N90MK,C421,CESSNA 421 Executive Commuter,L2P,L
AC6EF0,N90XR,LJ45,LEARJET 45,L2J,M
AC71F0,N9003C,,,,
AC72F0,N901AN,B738,BOEING 737-800,L2J,M
AC74F0,N901X,GLF5,GULFSTREAM 5,L2J,M
AC77F0,N902PS,PARA,,P0-,-
AC7CF0,N9032A,C170,CESSNA 170,L1P,L
AC80F0,N9044D,PA18,PIPER PA-18 Super Cub,L1P,L
AC84F0,N9056G,BALL,,B0-,-
AC88F0,N9068K,S108,STINSON 108 Voyager,L1P,L
AC8FF0,N9085E,AR11,AERONCA 11 Chief,L1P,L
AC93F0,N9097H,,,,
AC94F0,N91GH,J3,PIPER J-3 Cub,L1P,L
AC9AF0,N911FS,B407,BELL 407,H1T,L
AC9BF0,N911RY,UH1,BELL UH-1 Huey,H1T,L
AC9CF0,N9111U,C150,CESSNA 150,L1P,L
AC9DF0,N91185,NAVI,NORTH AMERICAN Navion,L1P,L
ACA5F0,N914EE,TRDO,TITAN Tornado SS,L1P,L
ACA7F0,N9140S,BE35,BEECH 35 Starfire Bonanza,L1P,L
ACACF0,N91596,C172,CESSNA 172 Skyhawk,L1P,L
ACB6F0,N9181T,C180,CESSNA  180 Skywagon,L1P,L
ACB8F0,N919JP,SM19,SIAI-MARCHETTI SM-1019,L1T,L
ACB9F0,N919UV,DRON,,D0-,-
ACBAF0,N9193W,P28B,PIPER PA-28-201T/235/236,L1P,L
ACBCF0,N92MM,C172,CESSNA 172 Skyhawk,L1P,L
ACBDF0,N92XT,E300,EXTRA EA-300/330/350,L1P,L
ACC0F0,N9203E,M5,MAULE M-5,L1P,L
ACC3F0,N921XB,B505,BELL 505 JetRanger X,H1T,L
ACC4F0,N9215H,ST75,STEARMAN Kaydet,L1P,L
ACC5F0,N922DN,GA5C,GULFSTREAM G500,L2J,M
ACC8F0,N9227L,AA1,AMERICAN AA-1,L1P,L
ACCBF0,N9232C,C180,CESSNA  180 Skywagon,L1P,L
ACD0F0,N925CA,LJ35,LEARJET 35,L2J,M
ACD6F0,N9261A,C170,CESSNA 170,L1P,L
ACD7F0,N9268M,M20P,MOONEY M-20,L1P,L
ACDEF0,N9285G,P28A,PIPER PA-28-140/150/160/180,L1P,L
ACDFF0,N929DM,M200,NORTH AMERICAN ROCKWELL Commander 200,L1P,L
ACE0F0,N929PT,ULAC,,L0-,-
ACE3F0,N93GK,PA46,PIPER PA-46-310/350,L1P,L
ACEAF0,N931S,,,,
ACEDF0,N932JS,C680,CESSNA 680 Citation Sovereign,L2J,M
ACEFF0,N9323Z,B17,BOEING B-17 Flying Fortress,L4P,M
ACF6F0,N9340U,C150,CESSNA 150,L1P,L
ACFAF0,N9352X,C182,CESSNA 182 Skylane,L1P,L
ACFBF0,N93598,ERCO,AIR PRODUCTS F-1 Aircoupe,L1P,L
AD06F0,N93886,ERCO,AIR PRODUCTS F-1 Aircoupe,L1P,L
AD0BF0,N94MP,C82S,CESSNA T182 Turbo Skylane,L1P,L
AD0DF0,N940J,FOX,KITFOX,L1P,L
AD16F0,N9420B,C175,CESSNA 175 Skylark,L1P,L
AD1EF0,N9444H,C172,CESSNA 172 Skyhawk,L1P,L
AD1FF0,N945CC,PA11,PIPER PA-11 Cub Special,L1P,L
AD22F0,N9456L,,,,
AD25F0,N9461C,P28A,PIPER PA-28-140/150/160/180,L1P,L
AD26F0,N9468P,PA24,PIPER PA-24 Comanche,L1P,L
AD2DF0,N9485J,P28A,PIPER PA-28-140/150/160/180,L1P,L
AD31F0,N9497M,C210,CESSNA 201 Centurion,L1P,L
AD32F0,N95GM,C421,CESSNA 421 Executive Commuter,L2P,L
AD33F0,N95ST,LA4,LAKE LA-4/200,A1P,L
AD3AF0,N9511Y,BE35,BEECH 35 Starfire Bonanza,L1P,L
AD3BF0,N95189,TAYB,TAYLORCRAFT BC/BF/BL,L1P,L
AD3EF0,N95231,P28A,PIPER PA-28-140/150/160/180,L1P,L
AD3FF0,N953BL,RV6,VANS RV-6,L1P,L
AD46F0,N95477,P28A,PIPER PA-28-140/150/160/180,L1P,L
AD4AF0,N956,,,,
AD4FF0,N957PC,BE58,BEECH 58 Baron,L2P,L
AD56F0,N959JT,T206,CESSNA T206 Turbo Stationair,L1P,L
AD58F0,N95930,TAYB,TAYLORCRAFT BC/BF/BL,L1P,L
AD5BF0,N96XX,GLST,GLASAIR SH-4 GlaStar,L1P,L
AD5FF0,N961AU,C172,CESSNA 172 Skyhawk,L1P,L
AD60F0,N961M,RV10,VANS RV-10,L1P,L
AD62F0,N9615M,M20P,MOONEY M-20,L1P,L
AD65F0,N9620D,MD83,MCDONNELL-DOUGLAS MD-83,L2J,M
AD68F0,N963SW,CRJ2,BOMBARDIER Regional Jet CRJ-200,L2J,M
AD6AF0,N9639T,PA38,PIPER PA-38 Tomahawk,L1P,L
AD6DF0,N9644K,P28R,PIPER PA-28R-180/200/201,L1P,L
AD6EF0,N965CE,MD83,MCDONNELL-DOUGLAS MD-83,L2J,M
AD74F0,N9661E,AR11,AERONCA 11 Chief,L1P,L
AD79F0,N968AT,B712,BOEING 717-200,L2J,M
AD7CF0,N9685L,AA1,AMERICAN AA-1,L1P,L
AD7DF0,N969DR,RV7,VANS RV-7,L1P,L
AD7FF0,N9690C,P28R,PIPER PA-28R-180/200/201,L1P,L
AD80F0,N9697P,PA18,PIPER PA-18 Super Cub,L1P,L
AD81F0,N97GP,TB20,SOCATA TB-20 Trinidad,L1P,L
AD83F0,N970D,S108,STINSON 108 Voyager,L1P,L
AD86F0,N97068,S108,STINSON 108 Voyager,L1P,L
AD89F0,N97110,S108,STINSON 108 Voyager,L1P,L
AD8DF0,N97233,C182,CESSNA 182 Skylane,L1P,L
AD90F0,N973Y,RV9,VANS RV-9,L1P,L
AD95F0,N97479,S108,STINSON 108 Voyager,L1P,L
AD9CF0,N97644,S108,STINSON 108 Voyager,L1P,L
ADA2F0,N978SC,CRUZ,CSA PS-28 Cruiser,L1P,L
ADA7F0,N97932,S108,STINSON 108 Voyager,L1P,L
ADA8F0,N98BM,WW24,IAI 1124 Westwind,L2J,M
ADADF0,N9803L,BALL,,B0-,-
ADAFF0,N981MB,BE36,BEECH 36 Bonanza,L1P,L
ADB1F0,N9815P,PA25,PIPER PA-25 Pawnee,L1P,L
ADB4F0,N9820F,C208,CESSNA 208 Caravan,L1T,L
ADB8F0,N9832J,C150,CESSNA 150,L1P,L
ADBBF0,N984VW,M20P,MOONEY M-20,L1P,L
ADBDF0,N985CG,RV6,VANS RV-6,L1P,L
ADBEF0,N985NN,B738,BOEING 737-800,L2J,M
ADC1F0,N986FE,C208,CESSNA 208 Caravan,L1T,L
ADC3F0,N9861G,C172,CESSNA 172 Skyhawk,L1P,L
ADC5F0,N987JC,M20P,MOONEY M-20,L1P,L
ADCEF0,N9890E,C82R,CESSNA R182 Skylane RG,L1P,L
ADCFF0,N9897R,BE35,BEECH 35 Starfire Bonanza,L1P,L
ADD0F0,N99GR,BOLT,STEEN Skybolt,L1P,L
ADD1F0,N99SX,GLAS,Glasair,L1P,L
ADD2F0,N990DB,T28,NORTH AMERICAN T-28,L1P,L
ADD3F0,N990PH,P28A,PIPER PA-28-140/150/160/180,L1P,L
ADD5F0,N9907,ZZZZ,,-0-,-
ADD7F0,N991SF,F104,LOCKHEED F-104 Starfighter,L1J,M
ADD8F0,N99112,ERCO,AIR PRODUCTS F-1 Aircoupe,L1P,L
ADD9F0,N9919C,L8,LUSCOMBE 8,L1P,L
ADDCF0,N99235,ERCO,AIR PRODUCTS F-1 Aircoupe,L1P,L
ADDEF0,N993MW,BE58,BEECH 58 Baron,L2P,L
ADE4F0,N9948A,C170,CESSNA 170,L1P,L
ADE7F0,N99523,ERCO,AIR PRODUCTS F-1 Aircoupe,L1P,L
ADE8F0,N996AC,C550,CESSNA 550 Citation S2,L2J,L
ADEBF0,N99646,ERCO,AIR PRODUCTS F-1 Aircoupe,L1P,L
ADF1F0,N998SE,C172,CESSNA 172 Skyhawk,L1P,L
ADF2F0,N99811,ERCO,AIR PRODUCTS F-1 Aircoupe,L1P,L
ADF3F0,N9989B,C182,CESSNA 182 Skylane,L1P,L
ADF5F0,N999VC,DA40,DIAMOND DA-40 Club Star,L1P,L
ADF6F0,N99934,ERCO,AIR PRODUCTS F-1 Aircoupe,L1P,L
ADFCF0,94-0145,BE40,BEECH 400 Beechjet,L2J,M
ADFFF0,68-8121,T38,NORTHROP T-38 Talon,L2J,L
AE00F0,68-8195,T38,NORTHROP T-38 Talon,L2J,L
AE01F0,97-3024,TEX2,BEECHCRAFT T-6 Texan 2,L1T,L
AE02F0,85-1367,C130,LOCKHEED C-130 Hercules,L4T,M
AE03F0,165378,C130,LOCKHEED C-130 Hercules,L4T,M
AE07F0,96-0006,C17,BOEING C-17 Globemaster 3,L4J,H
AE08F0,83-0499,BE20,BEECH 200 Super King Air,L2T,M
AE0DF0,97-26749,H60,SIKORSKY UH-60 Black Hawk,H2T,M
AE10F0,76-0164,BE20,BEECH 200 Super King Air,L2T,M
AE11F0,82-0007,E3TF,BOEING E-3 Sentry (TF33),L4J,H
AE13F0,05-3761,TEX2,BEECHCRAFT T-6 Texan 2,L1T,L
AE19F0,82-0656,A10,FAIRCHILD A-10 Thunderbolt II,L2J,M
AE1BF0,07-4637,C30J,LOCKHEED MARTIN C-130J Super Hercules,L4T,M
AE1DF0,163849,E2,NORTHROP GRUMMAN E-2 Hawkeye,L2T,M
AE1FF0,12-72225,EC45,AIRBUS HELICOPTERS EC-145,H2T,L
AE21F0,03-26981,H60,SIKORSKY UH-60 Black Hawk,H2T,M
AE24F0,165821,E2,NORTHROP GRUMMAN E-2 Hawkeye,L2T,M
AE2BF0,166573,H60,SIKORSKY UH-60 Black Hawk,H2T,M
AE2EF0,166115,TEX2,BEECHCRAFT T-6 Texan 2,L1T,L
AE47F0,07-20051,H60,SIKORSKY UH-60 Black Hawk,H2T,M
AE4AF0,08-3175,C30J,LOCKHEED MARTIN C-130J Super Hercules,L4T,M
AE4BF0,2316,CN35,CASA CN-235 Persuader,L2T,M
AE4CF0,07-08745,H47,BOEING-VERTOL CH-47 Chinook,H2T,M
AE4EF0,89-0264,C182,CESSNA 182 Skylane,L1P,L
AE4FF0,168160,H60,SIKORSKY UH-60 Black Hawk,H2T,M
AE54F0,166222,TEX2,BEECHCRAFT T-6 Texan 2,L1T,L
AE56F0,12-20434,H60,SIKORSKY UH-60 Black Hawk,H2T,M
AE58F0,166251,TEX2,BEECHCRAFT T-6 Texan 2,L1T,L
AE59F0,15-08194,H47,BOEING-VERTOL CH-47 Chinook,H2T,M
AE5CF0,89-26211,H60,SIKORSKY UH-60 Black Hawk,H2T,M
AE5EF0,162679,B06,BELL 206 JetRanger,H1T,L
AE60F0,160945,T34T,BEECH T-34C Turbo Mentor,L1T,L
AE63F0,62-3722,T38,NORTHROP T-38 Talon,L2J,L
C000F0,C-FAJF,PELI,FLYER Pelican,L1P,L
C001F0,C-FATB,C150,CESSNA 150,L1P,L
C002F0,C-FBCX,DA40,DIAMOND DA-40 Club Star,L1P,L
C003F0,C-FBMT,C185,CESSNA 185 Skywagon,L1P,L
C004F0,C-FBWP,C185,CESSNA 185 Skywagon,L1P,L
C005F0,C-FCGL,C188,CESSNA 188 AgTruck,L1P,L
C007F0,C-FDAD,M20P,MOONEY M-20,L1P,L
C008F0,C-FDJZ,CRJ7,BOMBARDIER Regional Jet CRJ-700,L2J,M
C009F0,C-FDTV,R44,ROBINSON R-44 Raven,H1P,L
C00AF0,C-FEDR,PA24,PIPER PA-24 Comanche,L1P,L
C00BF0,C-FENN,GYRO,,G0-,-
C00CF0,C-FEXJ,BALL,,B0-,-
C00DF0,C-FFHF,DHC2,DE HAVILLAND DHC-2 Beaver,L1P,L
C00EF0,C-FFRB,FBA2,FOUND FB-2 Bush Hawk,L1P,L
C00FF0,C-FGAX,C150,CESSNA 150,L1P,L
C010F0,C-FGKT,,,,
C011F0,C-FGUP,TAYA,TAYLORCRAFT A,L1P,L
C012F0,C-FHEL,C182,CESSNA 182 Skylane,L1P,L
C013F0,C-FHOH,,,,
C014F0,C-FHYD,RC3,REPUBLIC RC-3 Seabee,A1P,L
C015F0,C-FIHZ,C175,CESSNA 175 Skylark,L1P,L
C016F0,C-FIRV,PA12,PIPER PA-12 Super Cruiser,L1P,L
C017F0,C-FJBR,,,,
C018F0,C-FJLN,PA22,PIPER PA-22,L1P,L
C01AF0,C-FKFF,PA18,PIPER PA-18 Super Cub,L1P,L
C01BF0,C-FKPB,AR11,AERONCA 11 Chief,L1P,L
C01DF0,C-FLIT,,,,
C01EF0,C-FLSP,L8,LUSCOMBE 8,L1P,L
C01FF0,C-FMCL,B06,BELL 206 JetRanger,H1T,L
C020F0,C-FMMH,C172,CESSNA 172 Skyhawk,L1P,L
C021F0,C-FMWD,B06,BELL 206 JetRanger,H1T,L
C023F0,C-FNPV,DR10,CENTRE EST Ambassadeur,L1P,L
C024F0,C-FNZR,,,,
C025F0,C-FOJN,,,,
C026F0,C-FOTJ,,,,
C027F0,C-FPDF,,,,
C028F0,C-FPNB,,,,
C029F0,C-FPWX,RAF2,ROTARY AIR FORCE RAF-2000,G1P,L
C02AF0,C-FQGT,PELI,FLYER Pelican,L1P,L
C02BF0,C-FQQP,ULAC,,L0-,-
C02EF0,C-FRUD,C185,CESSNA 185 Skywagon,L1P,L
C02FF0,C-FSDZ,BALL,,B0-,-
C030F0,C-FSNV,C172,CESSNA 172 Skyhawk,L1P,L
C031F0,C-FSXR,CL30,BOMBARDIER BD-100 Challenger 300,L2J,M
C032F0,C-FTHN,,,,
C033F0,C-FTRJ,C150,CESSNA 150,L1P,L
C034F0,C-FUBF,LA4,LAKE LA-4/200,A1P,L
C035F0,C-FULB,TNDR,DREAM Tundra,L1P,L
C036F0,C-FUUX,GYRO,,G0-,-
C037F0,C-FVET,,,,
C038F0,C-FVOP,CHIN,ASAP Chinook,L1P,L
C039F0,C-FVYL,,,,
C03BF0,C-FWSD,RBEL,MURPHY Rebel,L1P,L
C03DF0,C-FXLV,C182,CESSNA 182 Skylane,L1P,L
C03FF0,C-FYFN,AT8T,AIR TRACTOR AT-802,L1T,M
C040F0,C-FYPJ,C150,CESSNA 150,L1P,L
C041F0,C-FYZF,AS50,AEROSPATIALE AS-350 Ecureuil,H1T,L
C042F0,C-FZJB,SR22,CIRRUS SR-22,L1P,L
C043F0,C-FZSX,C152,CESSNA 152,L1P,L
C044F0,C-GACT,C180,CESSNA  180 Skywagon,L1P,L
C045F0,C-GAMP,C172,CESSNA 172 Skyhawk,L1P,L
C046F0,C-GAWL,C182,CESSNA 182 Skylane,L1P,L
C047F0,C-GBGH,AS50,AEROSPATIALE AS-350 Ecureuil,H1T,L
C048F0,C-GBQD,AC90,NORTH AMERICAN ROCKWELL Turbo Commander 690/840,L2T,L
C049F0,C-GBZZ,R44,ROBINSON R-44 Raven,H1P,L
C04AF0,C-GCJV,C180,CESSNA  180 Skywagon,L1P,L
C04BF0,C-GCTR,C152,CESSNA 152,L1P,L
C04CF0,C-GDDN,HUSK,CHRISTEN Husky,L1P,L
C04DF0,C-GDNJ,C140,CESSNA 140,L1P,L
C04EF0,C-GDXF,C172,CESSNA 172 Skyhawk,L1P,L
C04FF0,C-GEHB,C172,CESSNA 172 Skyhawk,L1P,L
C050F0,C-GEQX,UT66,UTVA 66,L1P,L
C051F0,C-GFAT,A310,AIRBUS A-310,L2J,H
C052F0,C-GFKP,BD5,BEDE BD-5B/D/G,L1P,L
C053F0,C-GFUL,GLST,GLASAIR SH-4 GlaStar,L1P,L
C054F0,C-GGEH,,,,
C055F0,C-GGOD,BE55,BEECH 55 Baron,L2P,L
C057F0,C-GHHV,AS50,AEROSPATIALE AS-350 Ecureuil,H1T,L
C058F0,C-GHRR,,,,
C05BF0,C-GIVF,BALL,,B0-,-
C05CF0,C-GJFB,RBEL,MURPHY Rebel,L1P,L
C05DF0,C-GJOX,C172,CESSNA 172 Skyhawk,L1P,L
C05EF0,C-GJYT,PA22,PIPER PA-22,L1P,L
C05FF0,C-GKIP,K100,DAHER Kodiak 100,L1T,L
C061F0,C-GLCH,C150,CESSNA 150,L1P,L
C063F0,C-GLVZ,SREY,PROGRESSIVE AERODYNE SeaRey,A1P,L
C064F0,C-GMFV,C206,CESSNA  206 Stationair,L1P,L
C065F0,C-GMPR,C208,CESSNA 208 Caravan,L1T,L
C066F0,C-GMZN,BCS3,AIRBUS A220-300,L2J,M
C067F0,C-GNJJ,C152,CESSNA 152,L1P,L
C068F0,C-GNTF,C182,CESSNA 182 Skylane,L1P,L
C06AF0,C-GOMX,CH7A,BELLANCA 7 Champion,L1P,L
C06BF0,C-GOWT,C182,CESSNA 182 Skylane,L1P,L
C06CF0,C-GPGP,B06,BELL 206 JetRanger,H1T,L
C06DF0,C-GPQL,C150,CESSNA 150,L1P,L
C06FF0,C-GQKD,AT5T,AIR TRACTOR AT-504,L1T,L
C070F0,C-GQTZ,C172,CESSNA 172 Skyhawk,L1P,L
C071F0,C-GRDV,,,,
C072F0,C-GRNR,B212,BELL 212,H2T,L
C073F0,C-GRXN,PC12,PILATUS PC-12,L1T,L
C076F0,C-GTBB,H269,HUGHES Sky Knight,H1P,L
C078F0,C-GTUT,BALL,,B0-,-
C07AF0,C-GUOL,PA12,PIPER PA-12 Super Cruiser,L1P,L
C07CF0,C-GVID,M6,MAULE M-6,L1P,L
C07DF0,C-GVRZ,ULAC,,L0-,-
C07EF0,C-GWBV,M5,MAULE M-5,L1P,L
C080F0,C-GWVN,PA27,PIPER PA-23-250 Aztec,L2P,L
C081F0,C-GXFJ,C172,CESSNA 172 Skyhawk,L1P,L
C082F0,C-GXPF,G120,GROB G-120,L1P,L
C084F0,C-GYIX,C185,CESSNA 185 Skywagon,L1P,L
C085F0,C-GYST,DHC2,DE HAVILLAND DHC-2 Beaver,L1P,L
C086F0,C-GZCP,C152,CESSNA 152,L1P,L
C087F0,C-GZML,C182,CESSNA 182 Skylane,L1P,L
C088F0,C-GZWH,PA18,PIPER PA-18 Super Cub,L1P,L
C08AF0,C-IAPZ,ULAC,,L0-,-
C08DF0,C-IBTN,,,,
C08FF0,C-ICNF,,,,
C090F0,C-ICXB,,,,
C091F0,C-IDGX,PARA,,P0-,-
C093F0,C-IEAP,,,,
C094F0,C-IEKL,ULAC,,L0-,-
C095F0,C-IEUH,,,,
C096F0,C-IFED,PARA,,P0-,-
C098F0,C-IFXV,MOSP,MONG Sport,L1P,L
C099F0,C-IGHR,PARA,,P0-,-
C09AF0,C-IGRN,,,,
C09BF0,C-IHBJ,PARA,,P0-,-
C09CF0,C-IHLF,PARA,,P0-,-
C09DF0,C-IHVB,PARA,,P0-,-
C09FF0,C-IIOT,PARA,,P0-,-
C0A5F0,C-IKVV,PARA,,P0-,-
C0A6F0,C-ILFR,,,,
C0A7F0,C-ILPN,,,,
C0ADF0,C-INWP,ULAC,,L0-,-
C0B0F0,C-IPAD,ULAC,,L0-,-
C0C0F0,C-IVBR,BEVR,ASAP Beaver,L1P,L
C1E4F0,SERV,SERV,,V0-,-
C812F0,ZK-MED,C172,CESSNA 172 Skyhawk,L1P,L
C813F0,ZK-PTK,CT4,PACIFIC AEROSPACE CT-4 Airtrainer,L1P,L
C814F0,ZK-MLD,COY2,RANS Coyote 2,L1P,L
C815F0,ZK-JNW,PTS1,PITTS S-1 Special,L1P,L
C819F0,ZK-DRR,COY2,RANS Coyote 2,L1P,L
C81CF0,ZK-MTD,DA40,DIAMOND DA-40 Club Star,L1P,L
C81DF0,ZK-VBA,GYRO,,G0-,-
C821F0,ZK-LCF,SVNH,AEROTEC Savannah,L1P,L
C822F0,ZK-RNZ,T6,NORTH AMERICAN T-6 Texan,L1P,L
C823F0,ZK-HGY,B06,BELL 206 JetRanger,H1T,L
C827F0,ZK-NNG,A320,AIRBUS A-320,L2J,M
C828F0,ZK-HRP,AS32,AEROSPATIALE AS-332 Super Puma,H2T,M
C829F0,ZK-RAT,P68,PARTENAVIA P-68 Observer,L2P,L
E480F0,PR-LCF,S76,SIKORSKY S-76 Spirit,H2T,L
E485F0,PR-JJD,E50P,EMBRAER EMB-500 Phenom 100,L2J,L
E489F0,PR-BEE,C560,CESSNA 560 Citation Ultra,L2J,M
E48BF0,PT-WSJ,B350,BEECHCRAFT Super King Air 350,L2T,M
E48EF0,PR-SSE,BE58,BEECH 58 Baron,L2P,L
E48FF0,PR-MAT,SR22,CIRRUS SR-22,L1P,L
E490F0,PR-TYN,A320,AIRBUS A-320,L2J,M
E491F0,PR-TYQ,A320,AIRBUS A-320,L2J,M
E493F0,PP-MTE,C680,CESSNA 680 Citation Sovereign,L2J,M
E495F0,PS-FPS,A109,AGUSTA AW-109 Grand,H2T,L
E496F0,PR-AOY,A359,AIRBUS A-350-900,L2J,H
E498F0,PR-VZR,GLF4,GULFSTREAM 4,L2J,M
E49AF0,PR-OOG,A139,AGUSTA AW-139,H2T,L
E880F0,ZP-BJI,BE58,BEECH 58 Baron,L2P,L
