0080FE,ZS-AJD,LJ45,LEARJET 45,L2J,M
0081FE,ZS-ASZ,RJ85,AVRO RJ-85 Avroliner,L4J,M
008FFE,ZS-GAV,GLID,,L0-,-
0091FE,ZS-GUN,GLID,,L0-,-
0097FE,ZS-JBP,C172,CESSNA 172 Skyhawk,L1P,L
00A6FE,ZS-OTH,B734,BOEING 737-400,L2J,M
00A8FE,ZS-PMZ,C182,CESSNA 182 Skylane,L1P,L
0100FE,SU-SMD,C680,CESSNA 680 Citation Sovereign,L2J,M
0101FE,SU-GFI,BCS3,AIRBUS A220-300,L2J,M
0200FE,CN-ABV,CP23,MURDY CAP-230/1/2,L1P,L
0360FE,TN-AJT,MD83,MCDONNELL-DOUGLAS MD-83,L2J,M
038FFE,TU-VMB,AN26,ANTONOV An-26,L2T,M
04C1FE,5Y-JIB,B772,BOEING 777-200,L2J,H
06A0FE,A7-ALJ,A359,AIRBUS A-350-900,L2J,H
0C20FE,HP-1686CH,AS50,AEROSPATIALE AS-350 Ecureuil,H1T,L
0CA2FE,V2-LIG,AT46,ATR-42-600,L2T,M
0D05FE,XA-GOB,BE40,BEECH 400 Beechjet,L2J,M
0D0AFE,XA-AGV,C68A,CESSNA 680 Citation Latitude,L2J,M
0D0CFE,XB-OVS,BE9T,BEECH F90 King Air,L2T,L
0D80FE,YV2474,FA10,DASSAULT Falcon 100,L2J,M
140AFE,RA-2814,B350,BEECHCRAFT Super King Air 350,L2T,M
147FFE,RF-32766,BER2,BERIEV Be-200 Altair,A2J,M
14ACFE,RA-44286,Y18T,YAKOVLEV Yak-18T,L1P,L
14B6FE,RA-46846,AN24,ANTONOV An-24,L2T,M
1506FE,RA-67326,C500,CESSNA 500 Citation 1,L2J,L
151DFE,RA-73214,A320,AIRBUS A-320,L2J,M
151FFE,RA-73726,A321,AIRBUS A-321,L2J,M
152AFE,RA-76542,,,,
155BFE,RA-89086,SU95,SUKHOI Superjet 100-95,L2J,M
3003FE,I-CALI,A109,AGUSTA AW-109 Grand,H2T,L
3004FE,I-HFVG,EC35,AIRBUS HELICOPTERS EC-135/635,H2T,L
3006FE,I-EBSS,P28U,PIPER PA-28RT-201T Turbo,L1P,L
3007FE,I-PGAR,P28U,PIPER PA-28RT-201T Turbo,L1P,L
3008FE,I-MYAG,AS50,AEROSPATIALE AS-350 Ecureuil,H1T,L
31DCFE,I-8998,FAET,ATEC 321 Faeta,L1P,L
31DEFE,I-7576,EV97,EVEKTRO EV-97 EuroStar,L1P,L
31FEFE,HL9482,A139,AGUSTA AW-139,H2T,L
33FCFE,MM81619,NH90,NHI NH-90,H2T,M
33FDFE,MM7036,TOR,PANAVIA Tornado,L2J,M
33FFFE,MM62026,FA50,DASSAULT Falcon 50,L3J,M
3AABFE,99,TBM7,SOCATA TBM-700A/B/C,L1T,L
3B75FE,709FC,PC21,PILATUS PC-21,L1T,L
3B77FE,104,TBM7,SOCATA TBM-700A/B/C,L1T,L
3B9BFE,30,FA50,DASSAULT Falcon 50,L3J,M
3C11FE,D-AVVD,A20N,AIRBUS A-320neo,L2J,M
3CC7FE,D-CDAS,E55P,EMBRAER EMB-505 Phenom 300,L2J,M
3CD3FE,D-CHOW,LJ60,LEARJET 60,L2J,M
3D04FE,D-EADI,DR40,ROBIN DR-400,L1P,L
3D05FE,D-EANE,P28A,PIPER PA-28-140/150/160/180,L1P,L
3D06FE,D-EAXA,AA5,AMERICAN AA-5 Tiger,L1P,L
3D07FE,D-EBGW,C172,CESSNA 172 Skyhawk,L1P,L
3D09FE,D-ECAO,C172,CESSNA 172 Skyhawk,L1P,L
3D0CFE,D-EDEC,DR40,ROBIN DR-400,L1P,L
3D0DFE,D-EDNY,AA5,AMERICAN AA-5 Tiger,L1P,L
3D10FE,D-EERM,P28A,PIPER PA-28-140/150/160/180,L1P,L
3D11FE,D-EFBI,RS18,SPORTAVIA-PUTZER RS-180 Sportsman,L1P,L
3D12FE,D-EFLE,P28A,PIPER PA-28-140/150/160/180,L1P,L
3D13FE,D-EFVA,ZZZZ,,-0-,-
3D14FE,D-EGEW,SR22,CIRRUS SR-22,L1P,L
3D15FE,D-EGOS,P149,PIAGGIO P-149,L1P,L
3D17FE,D-EHIK,P28U,PIPER PA-28RT-201T Turbo,L1P,L
3D18FE,D-EHSG,P28R,PIPER PA-28R-180/200/201,L1P,L
3D19FE,D-EICC,DR30,CENTRE EST Prince,L1P,L
3D21FE,D-ELCW,P28S,PIPER PA-28R-201T,L1P,L
3D22FE,D-ELMS,P28U,PIPER PA-28RT-201T Turbo,L1P,L
3D24FE,D-EMGK,DV20,DIAMOND DA-20,L1P,L
3D28FE,D-ENTU,A210,AQUILA A-210,L1P,L
3D2BFE,D-EOXI,C172,CESSNA 172 Skyhawk,L1P,L
3D32FE,D-EROG,AA5,AMERICAN AA-5 Tiger,L1P,L
3D37FE,D-ETLM,DV20,DIAMOND DA-20,L1P,L
3D3CFE,D-EVIS,TOBA,SOCATA Tobago,L1P,L
3D40FE,D-EWWC,SR20,CIRRUS SR-20,L1P,L
3D48FE,D-EZWW,SR22,CIRRUS SR-22,L1P,L
3DC9FE,D-GWTA,P06T,TECNAM P-2006T,L2P,L
3DD2FE,D-HADQ,EC45,AIRBUS HELICOPTERS EC-145,H2T,L
3E34FE,D-ILGO,BE80,BEECH 80 Queen Air,L2P,L
3E5BFE,D-KAAO,RF4,FOURNIER RF-4,L1P,L
3E62FE,D-KCRM,VENT,SCHEMPP-HIRTH Ventus,L1P,L
3E63FE,D-KDBI,GLID,,L0-,-
3E64FE,D-KDLE,GLID,,L0-,-
3E74FE,D-KJMS,DISC,SCHEMPP-HIRTH Discus,L1P,L
3EC1FE,D-KOKS,DIMO,DIAMOND H-36 Dimona,L1P,L
3EC9FE,D-KRLM,GLID,,L0-,-
3ECBFE,D-KSFE,S10S,STEMME S-10 Chrysalis,L1P,L
3ECEFE,D-KTIS,SF25,SCHEIBE SF-25 Falke,L1P,L
3ED6FE,D-KWJM,GLID,,L0-,-
3EDAFE,D-KXWW,DISC,SCHEMPP-HIRTH Discus,L1P,L
3EE2FE,D-0615,GLID,,L0-,-
3EE9FE,D-2407,GLID,,L0-,-
3EECFE,D-3175,GLID,,L0-,-
3EEDFE,D-3431,GLID,,L0-,-
3EF0FE,D-4199,DUOD,SCHEMPP-HIRTH Duo Discus,L1P,L
3EF4FE,D-5223,GLID,,L0-,-
3EF9FE,D-6503,GLID,,L0-,-
3EFDFE,D-7527,GLID,,L0-,-
3F2DFE,D-ODIC,BALL,,B0-,-
3F4EFE,54+16,A400,AIRBUS A-400M,L4T,H
3FACFE,78+39,NH90,NHI NH-90,H2T,M
3FE9FE,D-MHEJ,C42,IKARUS C-42 Bison,L1P,L
3FEAFE,D-MLIW,CH60,ZENAIR CH-600 Zodiac,L1P,L
3FEDFE,D-MSLR,EV97,EVEKTRO EV-97 EuroStar,L1P,L
3FEEFE,D-MRGX,GX,REMOS GX,L1P,L
3FF1FE,D-MBKE,SVNH,AEROTEC Savannah,L1P,L
3FF2FE,D-MBTP,DV1,DOVA Skylark,L1P,L
3FF3FE,D-MUCY,CH60,ZENAIR CH-600 Zodiac,L1P,L
3FF4FE,D-MRIK,ECHO,TECNAM P-92 Echo,L1P,L
3FF5FE,D-MOPT,CH60,ZENAIR CH-600 Zodiac,L1P,L
3FF9FE,D-MMFZ,G70,GROPPO G-70,L1P,L
400AFE,G-EUXF,A321,AIRBUS A-321,L2J,M
400BFE,G-RVRE,P68,PARTENAVIA P-68 Observer,L2P,L
400CFE,G-LNKS,JS31,BRITISH AEROSPACE Jetstream T.Mk.3,L2T,M
400DFE,G-CDVC,A109,AGUSTA AW-109 Grand,H2T,L
400EFE,G-EZBD,A319,AIRBUS A-319,L2J,M
4011FE,G-CESD,SKRA,BEST OFF Sky Ranger,L1P,L
4012FE,G-CEUN,DISC,SCHEMPP-HIRTH Discus,L1P,L
4013FE,G-AHAU,J1,AUSTER J-1,L1P,L
4015FE,G-ASVG,CP30,PIEL Emeraude,L1P,L
4016FE,G-AVLF,P28A,PIPER PA-28-140/150/160/180,L1P,L
4017FE,G-AXCG,D11,JODEL D-11x/12x,L1P,L
401BFE,G-YOGI,DR40,ROBIN DR-400,L1P,L
401DFE,G-BGXC,TOBA,SOCATA Tobago,L1P,L
401EFE,G-BIIT,P28A,PIPER PA-28-140/150/160/180,L1P,L
4020FE,G-BLOV,BALL,,B0-,-
4022FE,G-OPUB,RF6,FOURNIER RF-6,L1P,L
402AFE,G-MTYS,ULAC,,L0-,-
402EFE,G-MVVO,ULAC,,L0-,-
4033FE,G-BTIV,P28A,PIPER PA-28-140/150/160/180,L1P,L
4034FE,G-MWWD,RENE,Renegade,L1P,L
4038FE,G-OZEE,AVID,AVID Flyer,L1P,L
403FFE,G-BXXT,BE76,BEECH 76 Duchess,L2P,L
4041FE,G-EORJ,EUPA,Europa,L1P,L
4046FE,G-SUCK,BALL,,B0-,-
4047FE,G-CBUX,ULAC,,L0-,-
4048FE,G-PHYS,JAB4,JABIRU J200-450,L1P,L
4049FE,G-CCKG,SKRA,BEST OFF Sky Ranger,L1P,L
404BFE,G-TECS,SIRA,TECNAM P-2002 Sierra,L1P,L
404DFE,G-CDNJ,MC10,COLOMBAN Cricri,L2P,L
4050FE,G-CEIG,RV7,VANS RV-7,L1P,L
4053FE,G-LSLS,GLID,,L0-,-
4055FE,G-DCNC,GLID,,L0-,-
4056FE,G-CEYR,MT,ROTORSPORT MTOSport,G1P,L
4058FE,G-DBNH,GLID,,L0-,-
4059FE,G-DJWS,GLID,,L0-,-
405AFE,G-CFGD,ULAC,,L0-,-
405BFE,G-YMMU,B772,BOEING 777-200,L2J,H
405EFE,G-EFJD,B209,MBB BO-209 Monsun,L1P,L
405FFE,G-DDMN,GLID,,L0-,-
4061FE,G-CGGS,R44,ROBINSON R-44 Raven,H1P,L
4063FE,G-BADZ,PTS2,PITTS S-2 Special,L1P,L
4066FE,G-SEAL,R44,ROBINSON R-44 Raven,H1P,L
4067FE,G-CHIW,XA85,RAJ HAMSA XA-85,L1P,L
4068FE,G-NIPL,AS50,AEROSPATIALE AS-350 Ecureuil,H1T,L
4069FE,G-CHZI,C72R,CESSNA 172R Cutlass RG,L1P,L
406CFE,G-RMAV,C42,IKARUS C-42 Bison,L1P,L
406DFE,G-CIOA,RBEL,MURPHY Rebel,L1P,L
406FFE,G-AVAV,SPIT,SUPERMARINE Spitfire,L1P,L
4071FE,G-BNRW,BALL,,B0-,-
4073FE,G-GTSD,ULAC,,L0-,-
4074FE,G-VWND,A332,AIRBUS A-330-200,L2J,H
4075FE,G-NEOS,A21N,AIRBUS A-321neo,L2J,M
4076FE,G-REXA,BE20,BEECH 200 Super King Air,L2T,M
4077FE,G-DBDM,EFOX,AEROPRO Eurofox,L1P,L
4078FE,G-DRTP,B738,BOEING 737-800,L2J,M
4079FE,G-CLMI,PIAT,PIPISTREL Alpha Trainer,L1P,L
407AFE,G-WNDR,DRON,,D0-,-
407BFE,G-EGHW,B209,MBB BO-209 Monsun,L1P,L
407CFE,G-ILMC,AP32,AEROPRACT A-32,L1P,L
4241FE,VP-FMC,BN2P,BRITTEN-NORMAN BN-2 Islander,L2P,L
4242FE,VP-BCY,GL5T,BOMBARDIER BD-700 Global 5000/5500,L2J,M
4249FE,VQ-BQY,A333,AIRBUS A-330-300,L2J,H
424BFE,M-ARDN,FA7X,DASSAULT Falcon 7X,L3J,M
43C8FE,ZH583,LYNX,AGUSTAWESTLAND AW-159 Super Lynx,H2T,L
43E8FE,M-OUTH,DA42,DIAMOND DA-42 Guardian,L2P,L
43EAFE,2-KNOW,SR22,CIRRUS SR-22,L1P,L
43ECFE,2-LOOK,PA46,PIPER PA-46-310/350,L1P,L
43EEFE,2-ANVL,FA7X,DASSAULT Falcon 7X,L3J,M
4402FE,OE-KNI,M20T,MOONEY M-20T,L1P,L
4403FE,OE-XMP,EC20,AIRBUS HELICOPTERS EC-120,H1T,L
4404FE,OE-ENI,C208,CESSNA 208 Caravan,L1T,L
4405FE,OE-FYZ,DA42,DIAMOND DA-42 Guardian,L2P,L
4406FE,OE-FAM,DA42,DIAMOND DA-42 Guardian,L2P,L
4407FE,OE-KSD,SB91,SAAB 91 Safir,L1P,L
440CFE,OE-LVK,A319,AIRBUS A-319,L2J,M
44A3FE,OO-H66,UF10,URBAN UFM-10 Samba,L1P,L
4613FE,OH-HOW,EN48,ENSTROM TH-28,H1T,L
463AFE,OH-WIW,CL60,BOMBARDIER CL-600 Challenger,L2J,M
4702FE,HA-BDM,PA44,PIPER PA-44 Seminole,L2P,L
4707FE,HA-DAS,DV20,DIAMOND DA-20,L1P,L
471EFE,HA-LTE,A321,AIRBUS A-321,L2J,M
4786FE,LN-KCD,C150,CESSNA 150,L1P,L
4787FE,LN-BSF,BE20,BEECH 200 Super King Air,L2T,M
4847FE,PH-842,GLID,,L0-,-
4849FE,PH-JLA,BALL,,B0-,-
484BFE,PH-1441,GLID,,L0-,-
484CFE,PH-TCS,P32R,PIPER PA-32R-300/301/301T,L1P,L
484DFE,PH-58,GLID,,L0-,-
484EFE,PH-1474,GLID,,L0-,-
4850FE,PH-1CR,ZZZZ,,-0-,-
4851FE,PH-1GE,ZZZZ,,-0-,-
4853FE,PH-1PY,ZZZZ,,-0-,-
4854FE,PH-2CH,ZZZZ,,-0-,-
4855FE,PH-2NY,ZZZZ,,-0-,-
4859FE,PH-901,GLID,,L0-,-
4863FE,PH-NEO,R44,ROBINSON R-44 Raven,H1P,L
49C1FE,OK-YUA76,TL20,TL ULTRALIGHT TL-2000 Sting,L1P,L
49D0FE,OK-STA,S22T,CIRRUS SR-22T Turbo,L1P,L
49D1FE,OK-DOF,Z43,ZLIN Z-43/143,L1P,L
49D3FE,OK-SIA,G2CA,GUIMBAL G-2 Cabri,H1P,L
49D4FE,OK-SOB,DR40,ROBIN DR-400,L1P,L
4A7FFE,YR-6611,ULAC,,L0-,-
4A82FE,60086,SB05,SAAB 105,L2J,L
4B05FE,HB-CHA,C152,CESSNA 152,L1P,L
4B06FE,HB-CQW,C172,CESSNA 172 Skyhawk,L1P,L
4B0EFE,HB-FRQ,PC12,PILATUS PC-12,L1T,L
4B17FE,HB-JCG,BCS3,AIRBUS A220-300,L2J,M
4B18FE,HB-JMC,A343,AIRBUS A-340-300,L4J,H
4B24FE,HB-OAG,J3,PIPER J-3 Cub,L1P,L
4B27FE,HB-PDU,P28T,PIPER PA-28RT-201,L1P,L
4B2AFE,HB-QHI,BALL,,B0-,-
4B2BFE,HB-QRE,BALL,,B0-,-
4B31FE,HB-SYG,PIVI,PIPSTREL Virus,L1P,L
4B33FE,HB-TRY,L5,STINSON Sentinel,L1P,L
4B36FE,HB-UVM,BU31,BUCKER Bu-131 Jungmann,L1P,L
4B39FE,HB-VZA,PC24,PILATUS PC-24,L2J,M
4B3FFE,HB-YGC,PELI,FLYER Pelican,L1P,L
4B44FE,HB-87,GLID,,L0-,-
4B4BFE,HB-1879,GLID,,L0-,-
4B51FE,HB-3415,DUOD,SCHEMPP-HIRTH Duo Discus,L1P,L
4B7FFE,D-108,ZZZZ,,-0-,-
4CA0FE,EI-CPG,A321,AIRBUS A-321,L2J,M
4CA1FE,EI-DCG,B738,BOEING 737-800,L2J,M
4CA6FE,EI-EBA,B738,BOEING 737-800,L2J,M
4CAAFE,EI-FBX,ZZZZ,,-0-,-
4CABFE,EI-KBE,A320,AIRBUS A-320,L2J,M
4D02FE,LX-MBA,E500,EXTRA EA-500,L1T,L
4D20FE,9H-VJZ,GLEX,BOMBARDIER BD-700 Global 6000/6500,L2J,M
4D21FE,9H-QAN,B738,BOEING 737-800,L2J,M
4D22FE,9H-AME,A321,AIRBUS A-321,L2J,M
4D23FE,9H-TOP,GLEX,BOMBARDIER BD-700 Global 6000/6500,L2J,M
5000FE,T7-GAA,DA42,DIAMOND DA-42 Guardian,L2P,L
5001FE,T7-FIS,BE20,BEECH 200 Super King Air,L2T,M
506DFE,S5-DPB,C172,CESSNA 172 Skyhawk,L1P,L
506EFE,S5-PGC,TL20,TL ULTRALIGHT TL-2000 Sting,L1P,L
5081FE,UR-WAL,B407,BELL 407,H1T,L
5100FE,EW-510TH,IL76,ILYUSHIN Il-76/82,L4J,H
5110FE,ES-SAU,A320,AIRBUS A-320,L2J,M
6831FE,UP-CJ012,CRJ2,BOMBARDIER Regional Jet CRJ-200,L2J,M
70C0FE,A4O-SH,B789,BOEING 787-9 Dreamliner,L2J,H
7102FE,2406,A332,AIRBUS A-330-200,L2J,H
7394FE,4X-AKZ,PA18,PIPER PA-18 Super Cub,L1P,L
7503FE,9M-PMB,A139,AGUSTA AW-139,H2T,L
7504FE,9M-RCH,A320,AIRBUS A-320,L2J,M
7800FE,B-5149,B738,BOEING 737-800,L2J,M
7802FE,B-2423,B744,BOEING 747-400,L4J,H
7804FE,B-6611,A320,AIRBUS A-320,L2J,M
7805FE,B-6630,A321,AIRBUS A-321,L2J,M
7806FE,B-6739,A320,AIRBUS A-320,L2J,M
7807FE,B-6833,A320,AIRBUS A-320,L2J,M
7808FE,B-6938,A320,AIRBUS A-320,L2J,M
7809FE,B-8263,GLF4,GULFSTREAM 4,L2J,M
780AFE,B-3140,E190,EMBRAER ERJ-190-100,L2J,M
780BFE,B-9989,A320,AIRBUS A-320,L2J,M
780CFE,B-1711,B738,BOEING 737-800,L2J,M
780DFE,B-6102,A333,AIRBUS A-330-300,L2J,H
780FFE,B-7639,B738,BOEING 737-800,L2J,M
7811FE,B-8389,A321,AIRBUS A-321,L2J,M
7812FE,B-1379,B38M,BOEING 737 MAX 8,L2J,M
7813FE,B-1056,A21N,AIRBUS A-321neo,L2J,M
7814FE,B-301V,A21N,AIRBUS A-321neo,L2J,M
7815FE,B-306A,A20N,AIRBUS A-320neo,L2J,M
781AFE,B-321Z,A21N,AIRBUS A-321neo,L2J,M
781BFE,B-324U,A20N,AIRBUS A-320neo,L2J,M
7A43FE,20146,Y20,XIAN Kunpeng,L4J,H
7BB0FE,B-2613,B737,BOEING 737-700,L2J,M
7C01FE,VH-AOG,ALPI,AUSTER J-5R Alpine,L1P,L
7C0AFE,VH-CGG,C182,CESSNA 182 Skylane,L1P,L
7C0CFE,VH-CUO,BALL,,B0-,-
7C15FE,VH-EMO,C550,CESSNA 550 Citation S2,L2J,L
7C16FE,VH-ETS,AA1,AMERICAN AA-1,L1P,L
7C26FE,VH-HZK,PA44,PIPER PA-44 Seminole,L2P,L
7C2DFE,VH-JDC,P28A,PIPER PA-28-140/150/160/180,L1P,L
7C30FE,VH-JYO,PA27,PIPER PA-23-250 Aztec,L2P,L
7C3AFE,VH-LXS,C182,CESSNA 182 Skylane,L1P,L
7C3FFE,VH-MXC,P28A,PIPER PA-28-140/150/160/180,L1P,L
7C43FE,VH-NPS,AS50,AEROSPATIALE AS-350 Ecureuil,H1T,L
7C49FE,VH-OWG,PC12,PILATUS PC-12,L1T,L
7C56FE,VH-RGW,P28A,PIPER PA-28-140/150/160/180,L1P,L
7C5DFE,VH-SUO,AS31,SCHLEICHER ASH-31,L1P,L
7C6CFE,VH-VTC,M20P,MOONEY M-20,L1P,L
7C70FE,VH-WLS,P32R,PIPER PA-32R-300/301/301T,L1P,L
7C71FE,VH-WSW,BE55,BEECH 55 Baron,L2P,L
7C75FE,VH-XLC,CRES,PACIFIC AEROSPACE Cresco,L1T,L
7C77FE,VH-XZK,B738,BOEING 737-800,L2J,M
7C79FE,VH-YDS,AT8T,AIR TRACTOR AT-802,L1T,M
7C7FFE,VH-ZKG,C208,CESSNA 208 Caravan,L1T,L
7C80FE,VH-ZRK,SF34,SAAB 340,L2T,M
7CF9FE,A54-039,PC21,PILATUS PC-21,L1T,L
8000FE,VT-JGD,B739,BOEING 737-900,L2J,M
8004FE,VT-SCP,A319,AIRBUS A-319,L2J,M
800BFE,VT-TMC,AT76,ATR-72-600,L2T,M
800CFE,VT-EXP,A20N,AIRBUS A-320neo,L2J,M
8013FE,VT-TNZ,A20N,AIRBUS A-320neo,L2J,M
8014FE,VT-YAE,B38M,BOEING 737 MAX 8,L2J,M
851BFE,JA342J,B738,BOEING 737-800,L2J,M
861AFE,JA602A,B763,BOEING 767-300,L2J,H
873AFE,JA9582,B222,BELL 222,H2T,L
8961FE,A6-FLK,A109,AGUSTA AW-109 Grand,H2T,L
8964FE,A6-BMC,B78X,BOEING 787-10 Dreamliner,L2J,H
8990FE,B-88002,DA40,DIAMOND DA-40 Club Star,L1P,L
8A02FE,PK-GPP,A332,AIRBUS A-330-200,L2J,H
8A04FE,PK-WLG,C208,CESSNA 208 Caravan,L1T,L
8A05FE,PK-ARI,P28A,PIPER PA-28-140/150/160/180,L1P,L
8A07FE,PK-LEM,A333,AIRBUS A-330-300,L2J,H
A001FE,N1WH,BOLT,STEEN Skybolt,L1P,L
A002FE,N10GN,U16,GRUMMAN Albatross,A2P,M
A003FE,N10SU,MRAI,MONNETT Monerai P,L1P,L
A005FE,N100PE,C680,CESSNA 680 Citation Sovereign,L2J,M
A007FE,N10067,LAMA,AEROSPATIALE SA-315 Lama,H1T,L
A009FE,N101SC,PA18,PIPER PA-18 Super Cub,L1P,L
A00CFE,N102JV,BL8,BELLANCA 8 Decathlon,L1P,L
A00EFE,N10232,ULAC,,L0-,-
A00FFE,N103BM,PA44,PIPER PA-44 Seminole,L2P,L
A010FE,N103MT,EC45,AIRBUS HELICOPTERS EC-145,H2T,L
A013FE,N104EK,RV8,VANS RV-8,L1P,L
A015FE,N1040X,P28A,PIPER PA-28-140/150/160/180,L1P,L
A016FE,N10478,C150,CESSNA 150,L1P,L
A017FE,N105HH,UH12,HILLER UH-12,H1P,L
A019FE,N10520,CH7A,BELLANCA 7 Champion,L1P,L
A021FE,N10766,C150,CESSNA 150,L1P,L
A024FE,N1081Y,BE36,BEECH 36 Bonanza,L1P,L
A025FE,N10889,C150,CESSNA 150,L1P,L
A027FE,N109V,BE35,BEECH 35 Starfire Bonanza,L1P,L
A029FE,N11BL,B407,BELL 407,H1T,L
A02AFE,N11MS,CAMP,GREGA GN-1 Aircamper,L1P,L
A02BFE,N11XY,PTS1,PITTS S-1 Special,L1P,L
A030FE,N111MA,BE55,BEECH 55 Baron,L2P,L
A033FE,N112DT,,,,
A034FE,N112PZ,C172,CESSNA 172 Skyhawk,L1P,L
A036FE,N1127R,SR22,CIRRUS SR-22,L1P,L
A039FE,N1132H,AR15,AERONCA 15 Sedan,L1P,L
A03AFE,N1139U,C172,CESSNA 172 Skyhawk,L1P,L
A03BFE,N114KP,PA18,PIPER PA-18 Super Cub,L1P,L
A03CFE,N114VV,VVIG,RUTAN VariViggen,L1P,L
A03DFE,N1144L,LA4,LAKE LA-4/200,A1P,L
A03EFE,N115CF,C152,CESSNA 152,L1P,L
A041FE,N1156P,M20P,MOONEY M-20,L1P,L
A042FE,N116FD,UH1,BELL UH-1 Huey,H1T,L
A044FE,N1161F,C172,CESSNA 172 Skyhawk,L1P,L
A045FE,N1168S,M20P,MOONEY M-20,L1P,L
A046FE,N117JB,C172,CESSNA 172 Skyhawk,L1P,L
A047FE,N117UH,EA50,ECLIPSE 550,L2J,L
A048FE,N1173J,VO10,NORTH AMERICAN ROCKWELL Commander 100,L1P,L
A04AFE,N118M,SONX,SONEX AIRCRAFT Sonex,L1P,L
A04CFE,N1185M,C172,CESSNA 172 Skyhawk,L1P,L
A04FFE,N1190D,C82S,CESSNA T182 Turbo Skylane,L1P,L
A050FE,N1197Q,AA5,AMERICAN AA-5 Tiger,L1P,L
A052FE,N12SW,DSA1,SMITH DSA-1 Miniplane,L1P,L
A054FE,N120PG,C120,CESSNA 120,L1P,L
A058FE,N121SE,R22,ROBINSON R-22 Mariner,H1P,L
A05AFE,N1219B,L8,LUSCOMBE 8,L1P,L
A05CFE,N122VC,C185,CESSNA 185 Skywagon,L1P,L
A05DFE,N12234,C172,CESSNA 172 Skyhawk,L1P,L
A05EFE,N123BP,,,,
A05FFE,N123MV,R44,ROBINSON R-44 Raven,H1P,L
A060FE,N123YA,PA32,PIPER PA-32,L1P,L
A065FE,N1248,FOX,KITFOX,L1P,L
A066FE,N125HK,S108,STINSON 108 Voyager,L1P,L
A068FE,N12522,T206,CESSNA T206 Turbo Stationair,L1P,L
A069FE,N126AB,SR22,CIRRUS SR-22,L1P,L
A070FE,N12768,C172,CESSNA 172 Skyhawk,L1P,L
A074FE,N1289A,DRON,,D0-,-
A075FE,N129JW,PC12,PILATUS PC-12,L1T,L
A077FE,N12933,C172,CESSNA 172 Skyhawk,L1P,L
A079FE,N13MU,,,,
A07BFE,N130JE,GLF4,GULFSTREAM 4,L2J,M
A07DFE,N1303M,RV7,VANS RV-7,L1P,L
A081FE,N1315Q,C150,CESSNA 150,L1P,L
A085FE,N1327T,PA32,PIPER PA-32,L1P,L
A086FE,N133GT,,,,
A089FE,N1339W,M20P,MOONEY M-20,L1P,L
A08DFE,N135CH,EC35,AIRBUS HELICOPTERS EC-135/635,H2T,L
A08EFE,N135NP,EC35,AIRBUS HELICOPTERS EC-135/635,H2T,L
A092FE,N136RM,,,,
A093FE,N1361H,AR15,AERONCA 15 Sedan,L1P,L
A094FE,N1368U,C172,CESSNA 172 Skyhawk,L1P,L
A095FE,N137JD,,,,
A099FE,N138MB,CH7A,BELLANCA 7 Champion,L1P,L
A09CFE,N139DU,BCS1,AIRBUS A220-100,L2J,M
A09DFE,N139Q,BE95,BEECH 95 Travel Air,L2P,L
A09FFE,N1397S,C182,CESSNA 182 Skylane,L1P,L
A0A0FE,N14GS,PA23,PIPER PA-23,L2P,L
A0A2FE,N140DC,,,,
A0A6FE,N141GA,G280,GULFSTREAM G280,L2J,M
A0A8FE,N14113,T28,NORTH AMERICAN T-28,L1P,L
A0A9FE,N1419D,C172,CESSNA 172 Skyhawk,L1P,L
A0B3FE,N14401,PA23,PIPER PA-23,L2P,L
A0B4FE,N1448B,L8,LUSCOMBE 8,L1P,L
A0B5FE,N145HM,EC45,AIRBUS HELICOPTERS EC-145,H2T,L
A0B6FE,N145TT,C402,CESSNA 402 Businessliner,L2P,L
A0BBFE,N14647,,,,
A0BFFE,N1477,PA14,PIPER PA-14 Family Cruiser,L1P,L
A0C0FE,N148G,C182,CESSNA 182 Skylane,L1P,L
A0C7FE,N15BQ,BALL,,B0-,-
A0C8FE,N15MW,T210,CESSNA T210 Turbo Centurion,L1P,L
A0CAFE,N150JG,FA50,DASSAULT Falcon 50,L3J,M
A0CCFE,N1503P,PA22,PIPER PA-22,L1P,L
A0CEFE,N151ME,C82S,CESSNA T182 Turbo Skylane,L1P,L
A0CFFE,N151XL,C56X,CESSNA 560XL Citation XLS,L2J,M
A0D1FE,N152DX,C152,CESSNA 152,L1P,L
A0D6FE,N153TA,C82T,CESSNA TR182 Turbo Skylane RG,L1P,L
A0D7FE,N1532M,P46T,PIPER PA-46-500TP,L1T,L
A0DCFE,N155CK,RBEL,MURPHY Rebel,L1P,L
A0DDFE,N155NR,H500,HUGHES 500,H1T,L
A0DFFE,N1556T,C414,CESSNA 414 Chancellor,L2P,L
A0E2FE,N1561K,L8,LUSCOMBE 8,L1P,L
A0E5FE,N157UM,EC55,AIRBUS HELICOPTERS EC-155,H2T,L
A0E6FE,N1573N,J3,PIPER J-3 Cub,L1P,L
A0EDFE,N1590H,C77R,CESSNA 177RG Cardinal RG,L1P,L
A0F1FE,N160DE,RV4,VANS RV-4,L1P,L
A0F4FE,N1607C,C180,CESSNA  180 Skywagon,L1P,L
A0F8FE,N1619F,C172,CESSNA 172 Skyhawk,L1P,L
A0FBFE,N16238,C150,CESSNA 150,L1P,L
A0FFFE,N1636A,PA18,PIPER PA-18 Super Cub,L1P,L
A100FE,N164ER,P28A,PIPER PA-28-140/150/160/180,L1P,L
A102FE,N16403,CMAS,CESSNA C-165 Airmaster,L1P,L
A104FE,N165HP,BE36,BEECH 36 Bonanza,L1P,L
A105FE,N165TV,B14A,BELLANCA 14,L1P,L
A106FE,N16526,P28A,PIPER PA-28-140/150/160/180,L1P,L
A108FE,N166LM,M7,MAULE M-7,L1P,L
A109FE,N166WT,PA31,PIPER PA-31-300/310/325/350/425,L2P,L
A111FE,N16814,HIGH,JUST JA20 Highlander,L1P,L
A113FE,N169K,CAMP,GREGA GN-1 Aircamper,L1P,L
A116FE,N17BS,C172,CESSNA 172 Skyhawk,L1P,L
A11CFE,N171BA,T28,NORTH AMERICAN T-28,L1P,L
A120FE,N172DZ,B763,BOEING 767-300,L2J,H
A127FE,N17390,TAYA,TAYLORCRAFT A,L1P,L
A129FE,N174WA,P180,PIAGGIO P-180 Avanti,L2T,L
A12BFE,N175CM,,,,
A12EFE,N1756V,C82T,CESSNA TR182 Turbo Skylane RG,L1P,L
A136FE,N178B,GLF2,GULFSTREAM 2,L2J,M
A13EFE,N18GW,,,,
A13FFE,N18TB,C82R,CESSNA R182 Skylane RG,L1P,L
A140FE,N180DG,C180,CESSNA  180 Skywagon,L1P,L
A143FE,N1807E,CH7A,BELLANCA 7 Champion,L1P,L
A148FE,N182KC,C182,CESSNA 182 Skylane,L1P,L
A14AFE,N1824,C182,CESSNA 182 Skylane,L1P,L
A14EFE,N1836C,G164,GRUMMAN G-164 Ag-Cat,L1P,L
A154FE,N185TX,C185,CESSNA 185 Skywagon,L1P,L
A156FE,N186AH,EC30,AIRBUS HELICOPTERS EC-130,H1T,L
A161FE,N1889G,CH7A,BELLANCA 7 Champion,L1P,L
A16BFE,N191BC,P28R,PIPER PA-28R-180/200/201,L1P,L
A16CFE,N191MJ,SF34,SAAB 340,L2T,M
A16EFE,N1915W,C310,CESSNA 310,L2P,L
A172FE,N1927Z,C150,CESSNA 150,L1P,L
A17AFE,N195CP,B407,BELL 407,H1T,L
A17DFE,N1956X,PA18,PIPER PA-18 Super Cub,L1P,L
A180FE,N1961P,PA18,PIPER PA-18 Super Cub,L1P,L
A181FE,N19680,C172,CESSNA 172 Skyhawk,L1P,L
A188FE,N1985V,C120,CESSNA 120,L1P,L
A18CFE,N1997Y,M20P,MOONEY M-20,L1P,L
A18EFE,N2TD,BE35,BEECH 35 Starfire Bonanza,L1P,L
A18FFE,N20DJ,BE95,BEECH 95 Travel Air,L2P,L
A192FE,N200LA,AT8T,AIR TRACTOR AT-802,L1T,M
A194FE,N2004Y,TF21,TAYLORCRAFT F-21,L1P,L
A195FE,N201CT,M20P,MOONEY M-20,L1P,L
A196FE,N201NZ,M20P,MOONEY M-20,L1P,L
A197FE,N201ZE,M20P,MOONEY M-20,L1P,L
A198FE,N20161,J2,PIPER J-2 Cub,L1P,L
A199FE,N202FR,A320,AIRBUS A-320,L2J,M
A19CFE,N20284,J3,PIPER J-3 Cub,L1P,L
A1A3FE,N2045Z,C150,CESSNA 150,L1P,L
A1A6FE,N2050R,C182,CESSNA 182 Skylane,L1P,L
A1A7FE,N20572,BE35,BEECH 35 Starfire Bonanza,L1P,L
A1A9FE,N206TH,B06,BELL 206 JetRanger,H1T,L
A1AAFE,N2062U,M4,MAULE M-4,L1P,L
A1ADFE,N207WF,FDCT,FLIGHT DESIGN CT,L1P,L
A1AFFE,N208CS,DISC,SCHEMPP-HIRTH Discus,L1P,L
A1B2FE,N20860,ULAC,,L0-,-
A1B4FE,N209RW,CRJ2,BOMBARDIER Regional Jet CRJ-200,L2J,M
A1B5FE,N2091S,WACF,WACO F,L1P,L
A1B9FE,N210EZ,P28A,PIPER PA-28-140/150/160/180,L1P,L
A1BAFE,N210RE,P210,CESSNA P210 Centurion,L1P,L
A1C0FE,N212AP,GLEX,BOMBARDIER BD-700 Global 6000/6500,L2J,M
A1C1FE,N212LV,SR20,CIRRUS SR-20,L1P,L
A1C8FE,N214GK,PA34,PIPER PA-34 Seneca,L2P,L
A1CEFE,N2154E,P32R,PIPER PA-32R-300/301/301T,L1P,L
A1CFFE,N216C,S108,STINSON 108 Voyager,L1P,L
A1D2FE,N2166H,ERCO,AIR PRODUCTS F-1 Aircoupe,L1P,L
A1D4FE,N217RD,R44,ROBINSON R-44 Raven,H1P,L
A1D5FE,N2171,SREY,PROGRESSIVE AERODYNE SeaRey,A1P,L
A1D9FE,N2183C,C177,CESSNA  177 Cardinal,L1P,L
A1DCFE,N219X,PC12,PILATUS PC-12,L1T,L
A1DDFE,N2195F,T206,CESSNA T206 Turbo Stationair,L1P,L
A1DEFE,N22DL,,,,
A1DFFE,N22PS,BE24,BEECH 24 Sierra,L1P,L
A1E1FE,N220LC,CL60,BOMBARDIER CL-600 Challenger,L2J,M
A1E4FE,N221CV,RV4,VANS RV-4,L1P,L
A1E5FE,N221PA,AS50,AEROSPATIALE AS-350 Ecureuil,H1T,L
A1E8FE,N222FT,CAT,CANADAIR Catalina,A2P,M
A1E9FE,N222RZ,BE58,BEECH 58 Baron,L2P,L
A1EAFE,N2221V,C140,CESSNA 140,L1P,L
A1ECFE,N223JR,BE30,BEECH 300 Super King Air,L2T,L
A1EFFE,N224BH,GLF4,GULFSTREAM 4,L2J,M
A1FCFE,N227WH,AP22,AEROPRACT A-22,L1P,L
A1FFFE,N228P,RV6,VANS RV-6,L1P,L
A204FE,N2291U,BRB2,BRANTLY B-2,H1P,L
A20BFE,N2308P,PA22,PIPER PA-22,L1P,L
A20CFE,N231HZ,M20P,MOONEY M-20,L1P,L
A212FE,N2325J,PA46,PIPER PA-46-310/350,L1P,L
A213FE,N233DP,BL8,BELLANCA 8 Decathlon,L1P,L
A217FE,N234GM,C172,CESSNA 172 Skyhawk,L1P,L
A218FE,N234ST,,,,
A21AFE,N2349Q,BE23,BEECH 23 Sundowner,L1P,L
A21BFE,N235KK,GLF4,GULFSTREAM 4,L2J,M
A21DFE,N2354G,C182,CESSNA 182 Skylane,L1P,L
A21EFE,N236CB,S22T,CIRRUS SR-22T Turbo,L1P,L
A221FE,N2366K,L8,LUSCOMBE 8,L1P,L
A222FE,N237F,,,,
A228FE,N2383E,CH7A,BELLANCA 7 Champion,L1P,L
A22CFE,N2395H,ERCO,AIR PRODUCTS F-1 Aircoupe,L1P,L
A22EFE,N24PU,PTS1,PITTS S-1 Special,L1P,L
A22FFE,N240,ZZZZ,,-0-,-
A232FE,N24042,KLBR,KOLB King Colbra,L1P,L
A234FE,N241PC,CH7B,BELLANCA 7 Citabria,L1P,L
A236FE,N24165,B58T,BEECH 58TC Baron,L2P,L
A239FE,N2421X,C182,CESSNA 182 Skylane,L1P,L
A240FE,N244XX,MI8,MIL Mi-8/9/17/19/171/172,H2T,M
A245FE,N24576,C72R,CESSNA 172R Cutlass RG,L1P,L
A246FE,N246HF,GLID,,L0-,-
A255FE,N25JS,RV3,VANS RV-3,L1P,L
A257FE,N250FC,BE20,BEECH 200 Super King Air,L2T,M
A258FE,N250RJ,GLF4,GULFSTREAM 4,L2J,M
A25AFE,N2508R,C182,CESSNA 182 Skylane,L1P,L
A25DFE,N2513H,GLID,,L0-,-
A270FE,N2566M,PA12,PIPER PA-12 Super Cruiser,L1P,L
A273FE,N2571D,C170,CESSNA 170,L1P,L
A275FE,N258J,RV4,VANS RV-4,L1P,L
A277FE,N2583G,C182,CESSNA 182 Skylane,L1P,L
A27DFE,N26PW,P51,NORTH AMERICAN P-51 Mustang,L1P,L
A27EFE,N260AA,BE35,BEECH 35 Starfire Bonanza,L1P,L
A280FE,N260WN,B737,BOEING 737-700,L2J,M
A283FE,N261PE,PC12,PILATUS PC-12,L1T,L
A285FE,N26167,AA5,AMERICAN AA-5 Tiger,L1P,L
A287FE,N262SC,FOX,KITFOX,L1P,L
A288FE,N2621Z,C72R,CESSNA 172R Cutlass RG,L1P,L
A289FE,N2629,WACC,WACO C/S,L1P,L
A28BFE,N263VA,RV12,VANS RV-12,L1P,L
A28DFE,N264BM,NIMB,SCHEMPP-HIRTH Nimbus,L1P,L
A28EFE,N264MT,,,,
A297FE,N26620,TAYB,TAYLORCRAFT BC/BF/BL,L1P,L
A298FE,N267A,AS50,AEROSPATIALE AS-350 Ecureuil,H1T,L
A29BFE,N26743,AA5,AMERICAN AA-5 Tiger,L1P,L
A2A1FE,N269SB,SREY,PROGRESSIVE AERODYNE SeaRey,A1P,L
A2A2FE,N2691Y,C414,CESSNA 414 Chancellor,L2P,L
A2A3FE,N26989,J3,PIPER J-3 Cub,L1P,L
A2A5FE,N27V,VTUR,QUESTAIR Venture,L1P,L
A2A6FE,N270FE,B763,BOEING 767-300,L2J,H
A2AAFE,N271JC,CH60,ZENAIR CH-600 Zodiac,L1P,L
A2ADFE,N272AV,CRJ2,BOMBARDIER Regional Jet CRJ-200,L2J,M
A2AEFE,N272MA,ULAC,,L0-,-
A2B0FE,N2725N,C441,CESSNA 441 Conquest,L2T,L
A2B1FE,N273DT,S22T,CIRRUS SR-22T Turbo,L1P,L
A2B7FE,N2742H,C340,CESSNA 340 Super,L2P,L
A2B8FE,N2749U,B77W,BOEING 777-300ER,L2J,H
A2BBFE,N2754L,C172,CESSNA 172 Skyhawk,L1P,L
A2BFFE,N2766P,PA22,PIPER PA-22,L1P,L
A2C1FE,N277RK,R44,ROBINSON R-44 Raven,H1P,L
A2C3FE,N2778S,C150,CESSNA 150,L1P,L
A2C8FE,N279M,SW3,SWEARINGEN Merlin 3,L2T,L
A2CBFE,N28DS,T28,NORTH AMERICAN T-28,L1P,L
A2CDFE,N280AC,BE23,BEECH 23 Sundowner,L1P,L
A2CEFE,N280LJ,LJ60,LEARJET 60,L2J,M
A2D0FE,N28046,J5,PIPER J-5 Cub Cruiser,L1P,L
A2D4FE,N28169,BL17,BELLANCA 17 Viking,L1P,L
A2DAFE,N283VC,PC12,PILATUS PC-12,L1T,L
A2DFFE,N28457,B739,BOEING 737-900,L2J,M
A2E0FE,N285EM,G280,GULFSTREAM G280,L2J,M
A2E6FE,N28622,AA5,AMERICAN AA-5 Tiger,L1P,L
A2E7FE,N287AB,DRON,,D0-,-
A2EAFE,N28745,AA5,AMERICAN AA-5 Tiger,L1P,L
A2EEFE,N28868,L8,LUSCOMBE 8,L1P,L
A2F3FE,N29JW,G150,GULFSTREAM G150,L2J,M
A2F4FE,N29VB,SU29,SUKHOI Su-29,L1P,L
A2FBFE,N2913M,PA12,PIPER PA-12 Super Cruiser,L1P,L
A2FDFE,N292MC,AVID,AVID Flyer,L1P,L
A306FE,N2942K,L8,LUSCOMBE 8,L1P,L
A307FE,N2949W,B06,BELL 206 JetRanger,H1T,L
A30AFE,N2954N,P28A,PIPER PA-28-140/150/160/180,L1P,L
A30BFE,N296CH,PA31,PIPER PA-31-300/310/325/350/425,L2P,L
A30EFE,N2966R,P28R,PIPER PA-28R-180/200/201,L1P,L
A30FFE,N297FF,FA10,DASSAULT Falcon 100,L2J,M
A315FE,N2983L,M20P,MOONEY M-20,L1P,L
A317FE,N299MB,GLF4,GULFSTREAM 4,L2J,M
A31AFE,N3DU,B06,BELL 206 JetRanger,H1T,L
A31BFE,N3Q,SF50,CIRRUS SF-50 Vision,L1J,L
A31CFE,N30AE,BE50,BEECH 50 Excalibur,L2P,L
A31DFE,N30LL,BE58,BEECH 58 Baron,L2P,L
A320FE,N300TC,WW24,IAI 1124 Westwind,L2J,M
A321FE,N3002P,LA4,LAKE LA-4/200,A1P,L
A326FE,N302CM,,,,
A329FE,N3026V,C150,CESSNA 150,L1P,L
A32BFE,N303RR,BE30,BEECH 300 Super King Air,L2T,L
A32FFE,N304UP,B763,BOEING 767-300,L2J,H
A330FE,N3043Q,C182,CESSNA 182 Skylane,L1P,L
A331FE,N305B,BE35,BEECH 35 Starfire Bonanza,L1P,L
A332FE,N305MF,EC35,AIRBUS HELICOPTERS EC-135/635,H2T,L
A334FE,N3055T,C320,CESSNA 320 Skyknight,L2P,L
A337FE,N3060K,PA44,PIPER PA-44 Seminole,L2P,L
A338FE,N3067W,AT5T,AIR TRACTOR AT-504,L1T,L
A33AFE,N307TB,RV7,VANS RV-7,L1P,L
A33BFE,N3072N,BALL,,B0-,-
A33CFE,N3079Z,M7,MAULE M-7,L1P,L
A33EFE,N308W,,,,
A343FE,N3096U,C172,CESSNA 172 Skyhawk,L1P,L
A346FE,N310BV,C310,CESSNA 310,L2P,L
A349FE,N3106C,C180,CESSNA  180 Skywagon,L1P,L
A34DFE,N3118F,C182,CESSNA 182 Skylane,L1P,L
A350FE,N31228,M7,MAULE M-7,L1P,L
A351FE,N313AH,PA11,PIPER PA-11 Cub Special,L1P,L
A354FE,N3135A,C170,CESSNA 170,L1P,L
A355FE,N314DF,PA34,PIPER PA-34 Seneca,L2P,L
A357FE,N314ZT,ULAC,,L0-,-
A358FE,N3147D,PA32,PIPER PA-32,L1P,L
A35AFE,N315SK,C172,CESSNA 172 Skyhawk,L1P,L
A35DFE,N316KB,RV8,VANS RV-8,L1P,L
A35FFE,N31639,ULAC,,L0-,-
A361FE,N317N,E55P,EMBRAER EMB-505 Phenom 300,L2J,M
A366FE,N31804,BALL,,B0-,-
A370FE,N3202R,P28R,PIPER PA-28R-180/200/201,L1P,L
A373FE,N321WC,,,,
A374FE,N3214U,C182,CESSNA 182 Skylane,L1P,L
A375FE,N322CP,H269,HUGHES Sky Knight,H1P,L
A376FE,N322NV,A319,AIRBUS A-319,L2J,M
A37FFE,N3243S,ZZZZ,,-0-,-
A380FE,N325BB,PA31,PIPER PA-31-300/310/325/350/425,L2P,L
A383FE,N3255V,BE35,BEECH 35 Starfire Bonanza,L1P,L
A384FE,N326E,C411,CESSNA 411,L2P,L
A386FE,N3260M,PA12,PIPER PA-12 Super Cruiser,L1P,L
A38BFE,N32791,J5,PIPER J-5 Cub Cruiser,L1P,L
A38EFE,N3284T,,,,
A392FE,N3296W,PARA,,P0-,-
A394FE,N33RS,B06,BELL 206 JetRanger,H1T,L
A398FE,N3306E,C172,CESSNA 172 Skyhawk,L1P,L
A39BFE,N33107,P28A,PIPER PA-28-140/150/160/180,L1P,L
A3A7FE,N3347F,C182,CESSNA 182 Skylane,L1P,L
A3A9FE,N335SM,C335,CESSNA 335,L2P,L
A3ABFE,N3359J,C150,CESSNA 150,L1P,L
A3AEFE,N3364A,BE33,BEECH 33 Bonanza,L1P,L
A3B0FE,N337NB,A319,AIRBUS A-319,L2J,M
A3B2FE,N3376D,C180,CESSNA  180 Skywagon,L1P,L
A3B4FE,N338R,C560,CESSNA 560 Citation Ultra,L2J,M
A3B5FE,N33806,P28A,PIPER PA-28-140/150/160/180,L1P,L
A3B9FE,N33929,GLID,,L0-,-
A3BAFE,N34AJ,SA30,STOLP Starduster Too,L1P,L
A3BCFE,N34WW,C340,CESSNA 340 Super,L2P,L
A3BDFE,N340HA,L188,LOCKHEED L-188 Electra,L4T,M
A3BEFE,N340TG,C340,CESSNA 340 Super,L2P,L
A3C0FE,N34094,TAYB,TAYLORCRAFT BC/BF/BL,L1P,L
A3C3FE,N3414W,PA32,PIPER PA-32,L1P,L
A3C4FE,N342CR,,,,
A3C9FE,N343RV,RV8,VANS RV-8,L1P,L
A3CAFE,N3431R,C182,CESSNA 182 Skylane,L1P,L
A3CCFE,N344JM,CH7A,BELLANCA 7 Champion,L1P,L
A3CEFE,N3443U,C182,CESSNA 182 Skylane,L1P,L
A3CFFE,N345BD,AS20,SCHLEICHER ASW-20,L1P,L
A3D0FE,N345MK,P28A,PIPER PA-28-140/150/160/180,L1P,L
A3D6FE,N34670,S10,STINSON 10 Voyager,L1P,L
A3DAFE,N34793,,,,
A3DDFE,N3484V,C195,CESSNA 195,L1P,L
A3DFFE,N349NW,A320,AIRBUS A-320,L2J,M
A3E1FE,N3496Y,C180,CESSNA  180 Skywagon,L1P,L
A3E4FE,N350BZ,B350,BEECHCRAFT Super King Air 350,L2T,M
A3E5FE,N350NE,BE35,BEECH 35 Starfire Bonanza,L1P,L
A3E7FE,N3506G,C72R,CESSNA 172R Cutlass RG,L1P,L
A3EBFE,N3518K,J3,PIPER J-3 Cub,L1P,L
A3EEFE,N3523B,BE35,BEECH 35 Starfire Bonanza,L1P,L
A3EFFE,N353AM,EC30,AIRBUS HELICOPTERS EC-130,H1T,L
A3F6FE,N3547H,C172,CESSNA 172 Skyhawk,L1P,L
A3F8FE,N355SP,B06,BELL 206 JetRanger,H1T,L
A3FDFE,N3564C,C170,CESSNA 170,L1P,L
A409FE,N36AL,RV8,VANS RV-8,L1P,L
A40AFE,N36LS,BT36,BEECH B36TC Bonanza,L1P,L
A40BFE,N36WY,C185,CESSNA 185 Skywagon,L1P,L
A40CFE,N360HC,PA18,PIPER PA-18 Super Cub,L1P,L
A40FFE,N36096,P28R,PIPER PA-28R-180/200/201,L1P,L
A410FE,N361LA,H25B,HAWKER BEECHCRAFT Hawker 750/850,L2J,M
A412FE,N3614Y,C210,CESSNA 201 Centurion,L1P,L
A413FE,N362CT,RV6,VANS RV-6,L1P,L
A417FE,N363FR,A20N,AIRBUS A-320neo,L2J,M
A41AFE,N36384,P28R,PIPER PA-28R-180/200/201,L1P,L
A424FE,N3660R,P28A,PIPER PA-28-140/150/160/180,L1P,L
A428FE,N3672U,C182,CESSNA 182 Skylane,L1P,L
A429FE,N36795,PA34,PIPER PA-34 Seneca,L2P,L
A42AFE,N368L,DA40,DIAMOND DA-40 Club Star,L1P,L
A42DFE,N369CS,PARA,,P0-,-
A430FE,N36960,AR65,AERONCA 65 Super Chief,L1P,L
A432FE,N37RW,SA30,STOLP Starduster Too,L1P,L
A433FE,N370CA,,,,
A43AFE,N3718M,P28A,PIPER PA-28-140/150/160/180,L1P,L
A43DFE,N3723D,C182,CESSNA 182 Skylane,L1P,L
A442FE,N374DM,CH7A,BELLANCA 7 Champion,L1P,L
A445FE,N3747K,P28A,PIPER PA-28-140/150/160/180,L1P,L
A446FE,N375GK,F2TH,DASSAULT Falcon 2000,L2J,M
A447FE,N375SR,T206,CESSNA T206 Turbo Stationair,L1P,L
A449FE,N3759N,M20P,MOONEY M-20,L1P,L
A44DFE,N377C,TB21,SOCATA TB-21 Trinidad TC,L1P,L
A454FE,N3788L,C172,CESSNA 172 Skyhawk,L1P,L
A45AFE,N38X,AA5,AMERICAN AA-5 Tiger,L1P,L
A45DFE,N3802X,BE33,BEECH 33 Bonanza,L1P,L
A45EFE,N38098,J3,PIPER J-3 Cub,L1P,L
A462FE,N382CV,C82T,CESSNA TR182 Turbo Skylane RG,L1P,L
A470FE,N38551,J3,PIPER J-3 Cub,L1P,L
A473FE,N3860T,P28R,PIPER PA-28R-180/200/201,L1P,L
A474FE,N38674,P32R,PIPER PA-32R-300/301/301T,L1P,L
A477FE,N3872W,BT36,BEECH B36TC Bonanza,L1P,L
A478FE,N38797,J3,PIPER J-3 Cub,L1P,L
A479FE,N388LB,PA30,PIPER PA-30 Twin Comanche,L2P,L
A47BFE,N3884Z,PA18,PIPER PA-18 Super Cub,L1P,L
A47DFE,N389P,AS50,AEROSPATIALE AS-350 Ecureuil,H1T,L
A480FE,N39FS,SBR1,NORTH AMERICAN Sabre 40/50/60/65,L2J,M
A482FE,N390CC,PA18,PIPER PA-18 Super Cub,L1P,L
A490FE,N3935J,C150,CESSNA 150,L1P,L
A493FE,N3940A,AS50,AEROSPATIALE AS-350 Ecureuil,H1T,L
A496FE,N395ST,C182,CESSNA 182 Skylane,L1P,L
A49CFE,N397CB,BALL,,B0-,-
A4A2FE,N3981B,J3,PIPER J-3 Cub,L1P,L
A4A3FE,N3988N,M20P,MOONEY M-20,L1P,L
A4A4FE,N399HY,HUSK,CHRISTEN Husky,L1P,L
A4A6FE,N3993E,PA36,PIPER PA-36 Pawnee Brave,L1P,L
A4A9FE,N4XB,,,,
A4ACFE,N400DT,DISC,SCHEMPP-HIRTH Discus,L1P,L
A4AEFE,N4000E,AR11,AERONCA 11 Chief,L1P,L
A4AFFE,N4007R,BALL,,B0-,-
A4B0FE,N401GR,CLON,AUTOGYRO Cavalon,G1P,L
A4B1FE,N401SX,C402,CESSNA 402 Businessliner,L2P,L
A4B3FE,N4019U,C150,CESSNA 150,L1P,L
A4B8FE,N403NM,ZZZZ,,-0-,-
A4BAFE,N4036P,PA23,PIPER PA-23,L2P,L
A4BCFE,N404RK,DRON,,D0-,-
A4BDFE,N4041F,R44,ROBINSON R-44 Raven,H1P,L
A4C6FE,N407DS,DA40,DIAMOND DA-40 Club Star,L1P,L
A4CCFE,N4082G,T6,NORTH AMERICAN T-6 Texan,L1P,L
A4CDFE,N4089T,DC3,DOUGLAS DC-3 Dakota,L2P,M
A4D1FE,N41CE,T210,CESSNA T210 Turbo Centurion,L1P,L
A4D6FE,N41034,BALL,,B0-,-
A4D7FE,N411BP,C182,CESSNA 182 Skylane,L1P,L
A4D8FE,N411MV,PC12,PILATUS PC-12,L1T,L
A4DAFE,N41157,ULAC,,L0-,-
A4E1FE,N41322,P32R,PIPER PA-32R-300/301/301T,L1P,L
A4E5FE,N41445,BALL,,B0-,-
A4EBFE,N416SD,CH7B,BELLANCA 7 Citabria,L1P,L
A4EDFE,N4169A,TBM,GRUMMAN G-40 Avenger,L1P,M
A4F0FE,N41733,CUCA,CULVER Cadet,L1P,L
A4F4FE,N41856,,,,
A4F6FE,N419QS,E55P,EMBRAER EMB-505 Phenom 300,L2J,M
A4F9FE,N42HJ,RV6,VANS RV-6,L1P,L
A4FDFE,N4200G,AVID,AVID Flyer,L1P,L
A4FEFE,N4207T,P28A,PIPER PA-28-140/150/160/180,L1P,L
A4FFFE,N421GT,C421,CESSNA 421 Executive Commuter,L2P,L
A500FE,N421SZ,GL7T,BOMBARDIER BD-700 Global 7000/7500,L2J,M
A502FE,N4219W,AT8T,AIR TRACTOR AT-802,L1T,M
A505FE,N4224N,M20P,MOONEY M-20,L1P,L
A50BFE,N424RM,P32R,PIPER PA-32R-300/301/301T,L1P,L
A50CFE,N4241H,PA14,PIPER PA-14 Family Cruiser,L1P,L
A50DFE,N4248U,C150,CESSNA 150,L1P,L
A50EFE,N425JD,WAIX,SONEX Waiex,L1P,L
A511FE,N426AW,CRJ2,BOMBARDIER Regional Jet CRJ-200,L2J,M
A512FE,N426MB,C185,CESSNA 185 Skywagon,L1P,L
A518FE,N4277S,BE60,BEECH 60 Duke,L2P,L
A51BFE,N4282J,P28A,PIPER PA-28-140/150/160/180,L1P,L
A51CFE,N4289V,C170,CESSNA 170,L1P,L
A51FFE,N4294M,PA12,PIPER PA-12 Super Cruiser,L1P,L
A520FE,N43CG,KR2,RAND KR-2,L1P,L
A525FE,N43036,TAYB,TAYLORCRAFT BC/BF/BL,L1P,L
A526FE,N431BR,C310,CESSNA 310,L2P,L
A529FE,N43159,P28A,PIPER PA-28-140/150/160/180,L1P,L
A52DFE,N4328B,P32R,PIPER PA-32R-300/301/301T,L1P,L
A52FFE,N433TT,GLID,,L0-,-
A530FE,N43324,TAYB,TAYLORCRAFT BC/BF/BL,L1P,L
A534FE,N43447,ULAC,,L0-,-
A535FE,N435DB,M20P,MOONEY M-20,L1P,L
A539FE,N436G,P28A,PIPER PA-28-140/150/160/180,L1P,L
A53CFE,N4369C,CH7A,BELLANCA 7 Champion,L1P,L
A547FE,N4398A,PA18,PIPER PA-18 Super Cub,L1P,L
A549FE,N44TS,M20P,MOONEY M-20,L1P,L
A54CFE,N4400J,P28A,PIPER PA-28-140/150/160/180,L1P,L
A550FE,N4412M,PA12,PIPER PA-12 Super Cruiser,L1P,L
A557FE,N443YX,E75L,EMBRAER ERJ-170-200 (long wing),L2J,M
A55AFE,N444RP,,,,
A55BFE,N4441K,C150,CESSNA 150,L1P,L
A56BFE,N4489X,P28A,PIPER PA-28-140/150/160/180,L1P,L
A56DFE,N449VY,C182,CESSNA 182 Skylane,L1P,L
A56EFE,N4494P,PA23,PIPER PA-23,L2P,L
A571FE,N45YW,ULAC,,L0-,-
A575FE,N451BT,P28A,PIPER PA-28-140/150/160/180,L1P,L
A579FE,N452ER,C172,CESSNA 172 Skyhawk,L1P,L
A57AFE,N452QX,DH8D,DE HAVILLAND DHC-8-400 Dash 8,L2T,M
A57BFE,N45203,C150,CESSNA 150,L1P,L
A57CFE,N4528D,BE35,BEECH 35 Starfire Bonanza,L1P,L
A581FE,N454LM,PA11,PIPER PA-11 Cub Special,L1P,L
A582FE,N454WT,R44,ROBINSON R-44 Raven,H1P,L
A584FE,N455DD,RV6,VANS RV-6,L1P,L
A58AFE,N45614,C150,CESSNA 150,L1P,L
A58BFE,N4569E,CH7A,BELLANCA 7 Champion,L1P,L
A592FE,N4586,Z26,ZLIN Z-26/126/226/326/526/626/726,L1P,L
A59BFE,N4600L,C172,CESSNA 172 Skyhawk,L1P,L
A59CFE,N4607X,C150,CESSNA 150,L1P,L
A59DFE,N461GX,GL5T,BOMBARDIER BD-700 Global 5000/5500,L2J,M
A59EFE,N461TC,C152,CESSNA 152,L1P,L
A5A4FE,N463CM,C72R,CESSNA 172R Cutlass RG,L1P,L
A5ADFE,N465UP,B752,BOEING 757-200,L2J,M
A5AEFE,N4653Q,T210,CESSNA T210 Turbo Centurion,L1P,L
A5B2FE,N4665T,,,,
A5B5FE,N4670K,C182,CESSNA 182 Skylane,L1P,L
A5BAFE,N4689Z,PA22,PIPER PA-22,L1P,L
A5BDFE,N4694R,P28A,PIPER PA-28-140/150/160/180,L1P,L
A5BEFE,N47CL,C700,CESSNA 700 Citation Longitude,L2J,M
A5BFFE,N47NS,FA50,DASSAULT Falcon 50,L3J,M
A5C5FE,N471NA,B462,BRITISH AEROSPACE 146-200 Quiet Trader,L4J,M
A5CAFE,N47205,TAYD,TAYLORCRAFT DC/DF/DL,L1P,L
A5DAFE,N4769G,,,,
A5DDFE,N47739,P28R,PIPER PA-28R-180/200/201,L1P,L
A5DFFE,N478N,,,,
A5E5FE,N4798E,C172,CESSNA 172 Skyhawk,L1P,L
A5E7FE,N48TW,,,,
A5F2FE,N4824U,,,,
A5F7FE,N484FM,F900,DASSAULT Falcon 900,L3J,M
A5FDFE,N4853S,H269,HUGHES Sky Knight,H1P,L
A5FFFE,N486MH,C340,CESSNA 340 Super,L2P,L
A601FE,N4865V,BL17,BELLANCA 17 Viking,L1P,L
A604FE,N4870M,PA11,PIPER PA-11 Cub Special,L1P,L
A60AFE,N489KW,GX,REMOS GX,L1P,L
A60CFE,N4894T,C82R,CESSNA R182 Skylane RG,L1P,L
A60DFE,N49CN,R44,ROBINSON R-44 Raven,H1P,L
A612FE,N4904B,C152,CESSNA 152,L1P,L
A61AFE,N4928H,PA11,PIPER PA-11 Cub Special,L1P,L
A621FE,N4945C,BE18,BEECH 18 Expetitor,L2P,L
A622FE,N495DH,BE30,BEECH 300 Super King Air,L2T,L
A625FE,N4957F,T206,CESSNA T206 Turbo Stationair,L1P,L
A630FE,N4986D,C182,CESSNA 182 Skylane,L1P,L
A632FE,N499R,LNP4,LANCAIR PropJet 4,L1T,L
A634FE,N4998G,P28A,PIPER PA-28-140/150/160/180,L1P,L
A635FE,N5HS,C320,CESSNA 320 Skyknight,L2P,L
A637FE,N50EC,M20P,MOONEY M-20,L1P,L
A63DFE,N501DM,PA34,PIPER PA-34 Seneca,L2P,L
A63EFE,N501PT,SR22,CIRRUS SR-22,L1P,L
A641FE,N502GK,AT5T,AIR TRACTOR AT-504,L1T,L
A642FE,N502SR,SR22,CIRRUS SR-22,L1P,L
A645FE,N503KH,C56X,CESSNA 560XL Citation XLS,L2J,M
A647FE,N5034E,C180,CESSNA  180 Skywagon,L1P,L
A64BFE,N5046H,PA11,PIPER PA-11 Cub Special,L1P,L
A64EFE,N5051,PTS2,PITTS S-2 Special,L1P,L
A64FFE,N5058L,BL8,BELLANCA 8 Decathlon,L1P,L
A652FE,N5063C,BE35,BEECH 35 Starfire Bonanza,L1P,L
A655FE,N507X,MONI,MONNETT Moni,L1P,L
A65DFE,N5092A,C172,CESSNA 172 Skyhawk,L1P,L
A65EFE,N5099M,BE23,BEECH 23 Sundowner,L1P,L
A665FE,N511JR,P32R,PIPER PA-32R-300/301/301T,L1P,L
A669FE,N512MP,AT5T,AIR TRACTOR AT-504,L1T,L
A66BFE,N51251,C150,CESSNA 150,L1P,L
A66EFE,N5130T,CH7B,BELLANCA 7 Citabria,L1P,L
A66FFE,N51374,C150,CESSNA 150,L1P,L
A671FE,N514TK,C525,CESSNA 525 CitationJet,L2J,L
A672FE,N5142W,P28A,PIPER PA-28-140/150/160/180,L1P,L
A674FE,N515LB,BALL,,B0-,-
A679FE,N516ZF,,,,
A67DFE,N5171U,C72R,CESSNA 172R Cutlass RG,L1P,L
A67EFE,N51785,C82T,CESSNA TR182 Turbo Skylane RG,L1P,L
A681FE,N5183X,CH7B,BELLANCA 7 Citabria,L1P,L
A682FE,N519BG,BE95,BEECH 95 Travel Air,L2P,L
A685FE,N51950,BALL,,B0-,-
A688FE,N520AR,P28R,PIPER PA-28R-180/200/201,L1P,L
A68CFE,N521DP,BE35,BEECH 35 Starfire Bonanza,L1P,L
A68EFE,N5210A,C172,CESSNA 172 Skyhawk,L1P,L
A691FE,N522ST,HIGH,JUST JA20 Highlander,L1P,L
A692FE,N5222D,C172,CESSNA 172 Skyhawk,L1P,L
A693FE,N5229Q,BALL,,B0-,-
A696FE,N5234G,O1,CESSNA 305/341 Bird Dog,L1P,L
A697FE,N524CB,BE58,BEECH 58 Baron,L2P,L
A69AFE,N5246K,NAVI,NORTH AMERICAN Navion,L1P,L
A69BFE,N525F,C25A,CESSNA 525A Citation CJ2,L2J,L
A69CFE,N525RF,C25A,CESSNA 525A Citation CJ2,L2J,L
A69EFE,N5258N,C182,CESSNA 182 Skylane,L1P,L
A6ABFE,N529SS,HIGH,JUST JA20 Highlander,L1P,L
A6ADFE,N5299P,BALL,,B0-,-
A6AEFE,N53KJ,C25B,CESSNA 525B Citation CJ3,L2J,L
A6B2FE,N5301X,CRER,RANS Courier,L1P,L
A6B3FE,N53088,C77R,CESSNA 177RG Cardinal RG,L1P,L
A6BDFE,N5330V,UH12,HILLER UH-12,H1P,L
A6BFFE,N534HF,C72R,CESSNA 172R Cutlass RG,L1P,L
A6C1FE,N5342Y,C172,CESSNA 172 Skyhawk,L1P,L
A6C4FE,N535WK,H500,HUGHES 500,H1T,L
A6C5FE,N53541,C172,CESSNA 172 Skyhawk,L1P,L
A6C9FE,N53664,T50,CESSNA Bobcat,L2P,L
A6CBFE,N537S,RV7,VANS RV-7,L1P,L
A6CDFE,N53787,BL8,BELLANCA 8 Decathlon,L1P,L
A6DAFE,N5405L,AA5,AMERICAN AA-5 Tiger,L1P,L
A6DBFE,N541DR,ONEX,SONEX Onex,L1P,L
A6DEFE,N5417P,PA24,PIPER PA-24 Comanche,L1P,L
A6DFFE,N542GP,FA7X,DASSAULT Falcon 7X,L3J,M
A6E6FE,N544CD,SR22,CIRRUS SR-22,L1P,L
A6ECFE,N5451D,BE35,BEECH 35 Starfire Bonanza,L1P,L
A6EEFE,N546J,,,,
A6F4FE,N5475K,C172,CESSNA 172 Skyhawk,L1P,L
A6FCFE,N5499R,C172,CESSNA 172 Skyhawk,L1P,L
A6FDFE,N55KL,ACR2,ACRO SPORT 2,L1P,L
A6FFFE,N550FX,CL30,BOMBARDIER BD-100 Challenger 300,L2J,M
A700FE,N550SC,C550,CESSNA 550 Citation S2,L2J,L
A703FE,N551JV,P51,NORTH AMERICAN P-51 Mustang,L1P,L
A704FE,N551VA,DRON,,D0-,-
A706FE,N552BM,YK52,YAKOVLEV Yak-52,L1P,L
A707FE,N552MT,PA18,PIPER PA-18 Super Cub,L1P,L
A70CFE,N5530X,BE36,BEECH 36 Bonanza,L1P,L
A70DFE,N55378,PA34,PIPER PA-34 Seneca,L2P,L
A710FE,N55420,C172,CESSNA 172 Skyhawk,L1P,L
A711FE,N555A,,,,
A712FE,N555LF,BE35,BEECH 35 Starfire Bonanza,L1P,L
A713FE,N555WM,P28B,PIPER PA-28-201T/235/236,L1P,L
A719FE,N557FW,B407,BELL 407,H1T,L
A723FE,N55954,P28A,PIPER PA-28-140/150/160/180,L1P,L
A724FE,N56EJ,CRER,RANS Courier,L1P,L
A726FE,N560AV,C560,CESSNA 560 Citation Ultra,L2J,M
A727FE,N560MA,C150,CESSNA 150,L1P,L
A729FE,N5605N,PARA,,P0-,-
A72CFE,N5610E,C150,CESSNA 150,L1P,L
A731FE,N5629U,PARA,,P0-,-
A734FE,N5634L,,,,
A738FE,N5646P,M20P,MOONEY M-20,L1P,L
A739FE,N565FD,FDCT,FLIGHT DESIGN CT,L1P,L
A73DFE,N566JB,A320,AIRBUS A-320,L2J,M
A741FE,N567M,BE33,BEECH 33 Bonanza,L1P,L
A747FE,N5687Q,M20P,MOONEY M-20,L1P,L
A755FE,N572BP,BE33,BEECH 33 Bonanza,L1P,L
A758FE,N57257,M20P,MOONEY M-20,L1P,L
A759FE,N573EM,MRF1,DASSAULT Mirage F1,L1J,M
A760FE,N575AB,DSA1,SMITH DSA-1 Miniplane,L1P,L
A764FE,N576D,S76,SIKORSKY S-76 Spirit,H2T,L
A773FE,N58EL,BE58,BEECH 58 Baron,L2P,L
A778FE,N5805Q,M20P,MOONEY M-20,L1P,L
A77BFE,N5810G,M20P,MOONEY M-20,L1P,L
A77CFE,N5817T,M20P,MOONEY M-20,L1P,L
A77FFE,N5822K,BE35,BEECH 35 Starfire Bonanza,L1P,L
A789FE,N585RM,GLF5,GULFSTREAM 5,L2J,M
A796FE,N5887S,BE35,BEECH 35 Starfire Bonanza,L1P,L
A7ABFE,N5938B,C182,CESSNA 182 Skylane,L1P,L
A7AFFE,N595AD,RV8,VANS RV-8,L1P,L
A7B3FE,N596DB,FOX,KITFOX,L1P,L
A7B4FE,N596PH,P28A,PIPER PA-28-140/150/160/180,L1P,L
A7B8FE,N597SF,BE58,BEECH 58 Baron,L2P,L
A7C2FE,N6EN,BE95,BEECH 95 Travel Air,L2P,L
A7C3FE,N6QU,LNC2,LANCAIR 200-320,L1P,L
A7C4FE,N60AZ,EN48,ENSTROM TH-28,H1T,L
A7C6FE,N60XL,ULAC,,L0-,-
A7C7FE,N600HR,C25A,CESSNA 525A Citation CJ2,L2J,L
A7C8FE,N600TX,GLF6,GULFSTREAM G650,L2J,M
A7C9FE,N60028,C150,CESSNA 150,L1P,L
A7CAFE,N601AH,B06,BELL 206 JetRanger,H1T,L
A7D1FE,N6027D,PA22,PIPER PA-22,L1P,L
A7D3FE,N603SK,CRJ7,BOMBARDIER Regional Jet CRJ-700,L2J,M
A7D4FE,N60316,BE55,BEECH 55 Baron,L2P,L
A7D8FE,N60439,C150,CESSNA 150,L1P,L
A7DAFE,N605N,WACO,WACO E/O,L1P,L
A7DCFE,N6056B,ULAC,,L0-,-
A7DFFE,N60604,O1,CESSNA 305/341 Bird Dog,L1P,L
A7E3FE,N60727,FA62,FAIRCHILD M-26 Cornell,L1P,L
A7E4FE,N608AG,AT8T,AIR TRACTOR AT-802,L1T,M
A7E7FE,N6085,ZZZZ,,-0-,-
A7EBFE,N6097C,AT5T,AIR TRACTOR AT-504,L1T,L
A7EDFE,N61SJ,LJ55,LEARJET 55,L2J,M
A7EEFE,N610CP,GA8,GIPPSAERO GA-8 Airvan,L1P,L
A7F1FE,N6106X,AC50,NORTH AMERICAN ROCKWELL Commander 500,L2P,L
A7F3FE,N611RT,SR22,CIRRUS SR-22,L1P,L
A7FCFE,N6135V,BE35,BEECH 35 Starfire Bonanza,L1P,L
A800FE,N6147Y,C208,CESSNA 208 Caravan,L1T,L
A802FE,N615TD,SR20,CIRRUS SR-20,L1P,L
A804FE,N61591,C68A,CESSNA 680 Citation Latitude,L2J,M
A807FE,N6164T,C150,CESSNA 150,L1P,L
A812FE,N6193R,C82T,CESSNA TR182 Turbo Skylane RG,L1P,L
A814FE,N62MG,RV6,VANS RV-6,L1P,L
A818FE,N6203,ZZZZ,,-0-,-
A81EFE,N622PP,EC35,AIRBUS HELICOPTERS EC-135/635,H2T,L
A820FE,N6227F,C182,CESSNA 182 Skylane,L1P,L
A824FE,N6239J,P28R,PIPER PA-28R-180/200/201,L1P,L
A825FE,N624KD,CL30,BOMBARDIER BD-100 Challenger 300,L2J,M
A827FE,N6244A,C182,CESSNA 182 Skylane,L1P,L
A828FE,N625BW,BE20,BEECH 200 Super King Air,L2T,M
A82EFE,N62606,PA18,PIPER PA-18 Super Cub,L1P,L
A830FE,N627HS,C550,CESSNA 550 Citation S2,L2J,L
A836FE,N6285B,,,,
A838FE,N629PN,,,,
A83BFE,N63GE,BALL,,B0-,-
A842FE,N631RV,RV6,VANS RV-6,L1P,L
A847FE,N6323U,BALL,,B0-,-
A84FFE,N63470,C172,CESSNA 172 Skyhawk,L1P,L
A852FE,N6352S,,,,
A853FE,N63593,BE20,BEECH 200 Super King Air,L2T,M
A856FE,N6364V,,,,
A85DFE,N6381Q,M20P,MOONEY M-20,L1P,L
A861FE,N6393T,O1,CESSNA 305/341 Bird Dog,L1P,L
A863FE,N64MJ,LJ45,LEARJET 45,L2J,M
A866FE,N640UA,DRON,,D0-,-
A871FE,N643SP,C172,CESSNA 172 Skyhawk,L1P,L
A873FE,N6439L,AA1,AMERICAN AA-1,L1P,L
A875FE,N644VM,Y18T,YAKOVLEV Yak-18T,L1P,L
A876FE,N6444C,BT36,BEECH B36TC Bonanza,L1P,L
A878FE,N645ND,P28A,PIPER PA-28-140/150/160/180,L1P,L
A87AFE,N6456F,C150,CESSNA 150,L1P,L
A87DFE,N64608,C172,CESSNA 172 Skyhawk,L1P,L
A87EFE,N6468J,P28A,PIPER PA-28-140/150/160/180,L1P,L
A881FE,N6473A,C182,CESSNA 182 Skylane,L1P,L
A889FE,N6497G,C150,CESSNA 150,L1P,L
A88AFE,N65GG,RV7,VANS RV-7,L1P,L
A88CFE,N650CT,E120,EMBRAER EMB-120 Brasilia,L2T,M
A88FFE,N65061,O1,CESSNA 305/341 Bird Dog,L1P,L
A892FE,N6511T,BE19,BEECH 19 Sport,L1P,L
A893FE,N65184,AVID,AVID Flyer,L1P,L
A894FE,N652JP,PA18,PIPER PA-18 Super Cub,L1P,L
A896FE,N6523W,P28A,PIPER PA-28-140/150/160/180,L1P,L
A89EFE,N65472,C82T,CESSNA TR182 Turbo Skylane RG,L1P,L
A8A0FE,N655TH,PUSH,PRESCOTT Pusher,L1P,L
A8A1FE,N6552U,M20P,MOONEY M-20,L1P,L
A8A3FE,N656L,DA40,DIAMOND DA-40 Club Star,L1P,L
A8B1FE,N66BE,C25A,CESSNA 525A Citation CJ2,L2J,L
A8B2FE,N66ML,T210,CESSNA T210 Turbo Centurion,L1P,L
A8BBFE,N662DM,GLST,GLASAIR SH-4 GlaStar,L1P,L
A8C6FE,N665C,T6,NORTH AMERICAN T-6 Texan,L1P,L
A8C9FE,N6656H,C82S,CESSNA T182 Turbo Skylane,L1P,L
A8D0FE,N6673C,DRON,,D0-,-
A8D5FE,N669DL,P32R,PIPER PA-32R-300/301/301T,L1P,L
A8D6FE,N669PS,DA40,DIAMOND DA-40 Club Star,L1P,L
A8D8FE,N6697J,P28A,PIPER PA-28-140/150/160/180,L1P,L
A8DCFE,N670PA,DRON,,D0-,-
A8E5FE,N6723Y,BE9L,BEECH 90 King Air,L2T,L
A8F6FE,N677P,P180,PIAGGIO P-180 Avanti,L2T,L
A8FFFE,N6793X,M18,PZL-MIELEC M-18 Dromader,L1P,L
A900FE,N68BG,G109,GROB G-109,L1P,L
A901FE,N68MN,BE20,BEECH 200 Super King Air,L2T,M
A902FE,N68XU,EXEC,ROTORWAY Exec,H1P,L
A905FE,N6803F,C150,CESSNA 150,L1P,L
A909FE,N6815J,P28A,PIPER PA-28-140/150/160/180,L1P,L
A90DFE,N6827M,S108,STINSON 108 Voyager,L1P,L
A918FE,N6856K,PA16,PIPER PA-16 Clipper,L1P,L
A919FE,N686F,H500,HUGHES 500,H1T,L
A91FFE,N6873E,C175,CESSNA 175 Skylark,L1P,L
A923FE,N6885H,C172,CESSNA 172 Skyhawk,L1P,L
A930FE,N6911X,C172,CESSNA 172 Skyhawk,L1P,L
A93FFE,N6952Y,PA23,PIPER PA-23,L2P,L
A941FE,N696LD,DRON,,D0-,-
A943FE,N69641,P28A,PIPER PA-28-140/150/160/180,L1P,L
A947FE,N69764,ST75,STEARMAN Kaydet,L1P,L
A949FE,N698S,,,,
A94BFE,N69887,L5,STINSON Sentinel,L1P,L
A94CFE,N699JS,C421,CESSNA 421 Executive Commuter,L2P,L
A94FFE,N7BJ,NAVI,NORTH AMERICAN Navion,L1P,L
A950FE,N7MQ,RF10,FOURNIER RF-10,L1P,L
A952FE,N70JA,C72R,CESSNA 172R Cutlass RG,L1P,L
A955FE,N700QT,TBM7,SOCATA TBM-700A/B/C,L1T,L
A959FE,N701TR,CH70,ZENAIR CH-701 Stol,L1P,L
A95BFE,N702AB,C680,CESSNA 680 Citation Sovereign,L2J,M
A95DFE,N702WP,B407,BELL 407,H1T,L
A95EFE,N70245,J3,PIPER J-3 Cub,L1P,L
A962FE,N70368,J3,PIPER J-3 Cub,L1P,L
A963FE,N704FY,C150,CESSNA 150,L1P,L
A966FE,N7049A,C172,CESSNA 172 Skyhawk,L1P,L
A967FE,N705JW,C82T,CESSNA TR182 Turbo Skylane RG,L1P,L
A968FE,N705VB,ULAC,,L0-,-
A969FE,N70533,J3,PIPER J-3 Cub,L1P,L
A96DFE,N70656,J3,PIPER J-3 Cub,L1P,L
A96EFE,N707EL,C25A,CESSNA 525A Citation CJ2,L2J,L
A96FFE,N707QS,CL35,BOMBARDIER BD-100 Challenger 350,L2J,M
A970FE,N7070Y,PA30,PIPER PA-30 Twin Comanche,L2P,L
A971FE,N70779,ULAC,,L0-,-
A975FE,N709AA,GLF5,GULFSTREAM 5,L2J,M
A979FE,N71CZ,RV7,VANS RV-7,L1P,L
A97EFE,N7104N,BE35,BEECH 35 Starfire Bonanza,L1P,L
A97FFE,N711CH,H269,HUGHES Sky Knight,H1P,L
A982FE,N7116R,P28A,PIPER PA-28-140/150/160/180,L1P,L
A984FE,N712RM,SR22,CIRRUS SR-22,L1P,L
A985FE,N7121H,J3,PIPER J-3 Cub,L1P,L
A986FE,N7128U,LGEZ,RUTAN Long-EZ,L1P,L
A987FE,N713JD,C501,CESSNA 501 Citation 1SP,L2J,L
A989FE,N7133L,AA5,AMERICAN AA-5 Tiger,L1P,L
A98AFE,N714AW,T6,NORTH AMERICAN T-6 Texan,L1P,L
A990FE,N7150F,C150,CESSNA 150,L1P,L
A992FE,N716GS,PRM1,RAYTHEON 390 Premier 1,L2J,L
A995FE,N7169V,M20P,MOONEY M-20,L1P,L
A99FFE,N7191G,C150,CESSNA 150,L1P,L
A9A5FE,N72001,,,,
A9A7FE,N721HM,F900,DASSAULT Falcon 900,L3J,M
A9A8FE,N721TT,P28A,PIPER PA-28-140/150/160/180,L1P,L
A9A9FE,N72124,BE33,BEECH 33 Bonanza,L1P,L
A9AEFE,N723DB,BE95,BEECH 95 Travel Air,L2P,L
A9B1FE,N7237,RV7,VANS RV-7,L1P,L
A9B4FE,N72412,T206,CESSNA T206 Turbo Stationair,L1P,L
A9B8FE,N72535,C140,CESSNA 140,L1P,L
A9BCFE,N72658,C82S,CESSNA T182 Turbo Skylane,L1P,L
A9C2FE,N728TS,R44,ROBINSON R-44 Raven,H1P,L
A9C4FE,N729AC,GLAS,Glasair,L1P,L
A9C8FE,N73DA,C185,CESSNA 185 Skywagon,L1P,L
A9C9FE,N73PG,BE9L,BEECH 90 King Air,L2T,L
A9CEFE,N731CK,RV6,VANS RV-6,L1P,L
A9CFFE,N731NR,P210,CESSNA P210 Centurion,L1P,L
A9D0FE,N731YX,E75L,EMBRAER ERJ-170-200 (long wing),L2J,M
A9D6FE,N733JF,C172,CESSNA 172 Skyhawk,L1P,L
A9D8FE,N7333N,DHC2,DE HAVILLAND DHC-2 Beaver,L1P,L
A9D9FE,N734AY,C172,CESSNA 172 Skyhawk,L1P,L
A9DBFE,N734XK,C172,CESSNA 172 Skyhawk,L1P,L
A9DCFE,N7345R,BE95,BEECH 95 Travel Air,L2P,L
A9DFFE,N7350H,C82S,CESSNA T182 Turbo Skylane,L1P,L
A9E1FE,N736GU,C172,CESSNA 172 Skyhawk,L1P,L
A9E4FE,N7369X,C82R,CESSNA R182 Skylane RG,L1P,L
A9E7FE,N7374P,PA24,PIPER PA-24 Comanche,L1P,L
A9E9FE,N738NQ,C182,CESSNA 182 Skylane,L1P,L
A9EAFE,N738YW,C172,CESSNA 172 Skyhawk,L1P,L
A9ECFE,N739FG,C172,CESSNA 172 Skyhawk,L1P,L
A9EDFE,N739RN,C172,CESSNA 172 Skyhawk,L1P,L
A9EEFE,N7391J,P28A,PIPER PA-28-140/150/160/180,L1P,L
A9F0FE,N74JE,C25A,CESSNA 525A Citation CJ2,L2J,L
AA03FE,N74414,B14A,BELLANCA 14,L1P,L
AA04FE,N7449E,C210,CESSNA 201 Centurion,L1P,L
AA05FE,N745K,LJ45,LEARJET 45,L2J,M
AA0EFE,N74702,JACE,ACE Junior Ace,L1P,L
AA0FFE,N7478C,O1,CESSNA 305/341 Bird Dog,L1P,L
AA12FE,N74825,PA31,PIPER PA-31-300/310/325/350/425,L2P,L
AA17FE,N75DC,HUSK,CHRISTEN Husky,L1P,L
AA18FE,N75PJ,T206,CESSNA T206 Turbo Stationair,L1P,L
AA1CFE,N7504S,H269,HUGHES Sky Knight,H1P,L
AA20FE,N7516V,C77R,CESSNA 177RG Cardinal RG,L1P,L
AA24FE,N7528Y,PA30,PIPER PA-30 Twin Comanche,L2P,L
AA2EFE,N7550K,PA18,PIPER PA-18 Super Cub,L1P,L
AA2FFE,N7557W,P28A,PIPER PA-28-140/150/160/180,L1P,L
AA30FE,N756GW,T206,CESSNA T206 Turbo Stationair,L1P,L
AA31FE,N756TB,M20P,MOONEY M-20,L1P,L
AA35FE,N757W,RV8,VANS RV-8,L1P,L
AA36FE,N7574R,P28A,PIPER PA-28-140/150/160/180,L1P,L
AA3BFE,N759FJ,C182,CESSNA 182 Skylane,L1P,L
AA44FE,N7608F,C172,CESSNA 172 Skyhawk,L1P,L
AA47FE,N76128,C140,CESSNA 140,L1P,L
AA48FE,N762AH,GLST,GLASAIR SH-4 GlaStar,L1P,L
AA4BFE,N7625A,PARA,,P0-,-
AA51FE,N764SK,CRJ7,BOMBARDIER Regional Jet CRJ-700,L2J,M
AA53FE,N7649G,C150,CESSNA 150,L1P,L
AA56FE,N76539,C140,CESSNA 140,L1P,L
AA5BFE,N767ES,LNCE,LANCAIR ES,L1P,L
AA5DFE,N76704,C140,CESSNA 140,L1P,L
AA5EFE,N7678E,CH7A,BELLANCA 7 Champion,L1P,L
AA63FE,N769LN,TWEN,TECNAM Twenty-Ten,L1P,L
AA65FE,N7695,G164,GRUMMAN G-164 Ag-Cat,L1P,L
AA66FE,N77DE,PA46,PIPER PA-46-310/350,L1P,L
AA67FE,N77PL,PA20,PIPER PA-20 Pacer,L1P,L
AA6BFE,N7704U,C150,CESSNA 150,L1P,L
AA6CFE,N771CP,C82T,CESSNA TR182 Turbo Skylane RG,L1P,L
AA6EFE,N771ZA,PA18,PIPER PA-18 Super Cub,L1P,L
AA72FE,N7721P,RV7,VANS RV-7,L1P,L
AA76FE,N7733S,GLID,,L0-,-
AA7BFE,N775E,FA7X,DASSAULT Falcon 7X,L3J,M
AA7DFE,N7750M,M20P,MOONEY M-20,L1P,L
AA81FE,N7762Q,C310,CESSNA 310,L2P,L
AA82FE,N77691,FA24,FAIRCHILD F-24 Argus,L1P,L
AA83FE,N777KW,BE35,BEECH 35 Starfire Bonanza,L1P,L
AA84FE,N777WB,P28A,PIPER PA-28-140/150/160/180,L1P,L
AA85FE,N7774T,BE76,BEECH 76 Duchess,L2P,L
AA89FE,N7786W,P28A,PIPER PA-28-140/150/160/180,L1P,L
AA8CFE,N7791N,P28A,PIPER PA-28-140/150/160/180,L1P,L
AA8EFE,N78JJ,S22T,CIRRUS SR-22T Turbo,L1P,L
AA91FE,N780RA,FA20,DASSAULT Falcon 200,L2J,M
AA92FE,N78007,GC1,GLOBE Swift,L1P,L
AA96FE,N7813,GLID,,L0-,-
AA9AFE,N7825C,BCAT,GRUMMAN F-8F Bearcat,L1P,L
AA9EFE,N7837F,C150,CESSNA 150,L1P,L
AAA5FE,N7854A,C180,CESSNA  180 Skywagon,L1P,L
AAABFE,N787R,RV7,VANS RV-7,L1P,L
AAACFE,N78706,PA12,PIPER PA-12 Super Cruiser,L1P,L
AAB0FE,N78829,PA11,PIPER PA-11 Cub Special,L1P,L
AAB3FE,N789WW,SH36,SHORT 360,L2T,M
AAB5FE,N79DG,PTS2,PITTS S-2 Special,L1P,L
AABAFE,N7904W,P28A,PIPER PA-28-140/150/160/180,L1P,L
AABBFE,N791CR,P28A,PIPER PA-28-140/150/160/180,L1P,L
AABEFE,N7916Z,C150,CESSNA 150,L1P,L
AAC0FE,N792RV,RV12,VANS RV-12,L1P,L
AAC1FE,N7921R,BE33,BEECH 33 Bonanza,L1P,L
AACCFE,N7950P,PA24,PIPER PA-24 Comanche,L1P,L
AAD8FE,N7986Y,PA30,PIPER PA-30 Twin Comanche,L2P,L
AADDFE,N8JL,RV8,VANS RV-8,L1P,L
AADFFE,N80EX,S76,SIKORSKY S-76 Spirit,H2T,L
AAE0FE,N80RC,BE36,BEECH 36 Bonanza,L1P,L
AAE2FE,N800MP,S22T,CIRRUS SR-22T Turbo,L1P,L
AAEBFE,N8022W,P28A,PIPER PA-28-140/150/160/180,L1P,L
AAEFFE,N8034Z,PA32,PIPER PA-32,L1P,L
AAF1FE,N804P,PA18,PIPER PA-18 Super Cub,L1P,L
AAF6FE,N8051U,BE58,BEECH 58 Baron,L2P,L
AAF7FE,N80585,C172,CESSNA 172 Skyhawk,L1P,L
AAFEFE,N80750,,,,
AAFFFE,N808EE,DG80,DG FLUGZEUGBAU DG-800,L1P,L
AB03FE,N809HC,BE20,BEECH 200 Super King Air,L2T,M
AB05FE,N8092V,C150,CESSNA 150,L1P,L
AB06FE,N80996,C172,CESSNA 172 Skyhawk,L1P,L
AB07FE,N81LA,C185,CESSNA 185 Skywagon,L1P,L
AB08FE,N81WG,FOX,KITFOX,L1P,L
AB0BFE,N8102D,PA18,PIPER PA-18 Super Cub,L1P,L
AB13FE,N8126K,G164,GRUMMAN G-164 Ag-Cat,L1P,L
AB1AFE,N8143E,PA18,PIPER PA-18 Super Cub,L1P,L
AB1EFE,N8155H,P28A,PIPER PA-28-140/150/160/180,L1P,L
AB1FFE,N816DN,B739,BOEING 737-900,L2J,M
AB22FE,N8167L,C172,CESSNA 172 Skyhawk,L1P,L
AB24FE,N817SS,S76,SIKORSKY S-76 Spirit,H2T,L
AB25FE,N8172C,PA18,PIPER PA-18 Super Cub,L1P,L
AB2AFE,N819CA,A332,AIRBUS A-330-200,L2J,H
AB2EFE,N82EZ,LGEZ,RUTAN Long-EZ,L1P,L
AB2FFE,N82RE,ERCO,AIR PRODUCTS F-1 Aircoupe,L1P,L
AB33FE,N82053,PA18,PIPER PA-18 Super Cub,L1P,L
AB39FE,N822TM,C185,CESSNA 185 Skywagon,L1P,L
AB3AFE,N8222Y,P28A,PIPER PA-28-140/150/160/180,L1P,L
AB40FE,N824PB,ULAC,,L0-,-
AB41FE,N824ZH,ULAC,,L0-,-
AB42FE,N82464,PA18,PIPER PA-18 Super Cub,L1P,L
AB44FE,N825S,C182,CESSNA 182 Skylane,L1P,L
AB45FE,N8251W,P28A,PIPER PA-28-140/150/160/180,L1P,L
AB47FE,N826JS,M20P,MOONEY M-20,L1P,L
AB49FE,N8263Z,P28B,PIPER PA-28-201T/235/236,L1P,L
AB51FE,N82875,CH7A,BELLANCA 7 Champion,L1P,L
AB54FE,N8292X,C172,CESSNA 172 Skyhawk,L1P,L
AB56FE,N83LC,J3,PIPER J-3 Cub,L1P,L
AB57FE,N83WJ,GP3,OSPREY GP-3 Osprey 2,A1P,L
AB5AFE,N8302F,B738,BOEING 737-800,L2J,M
AB5CFE,N831KM,CH70,ZENAIR CH-701 Stol,L1P,L
AB62FE,N8326M,C150,CESSNA 150,L1P,L
AB65FE,N8331D,BE35,BEECH 35 Starfire Bonanza,L1P,L
AB6FFE,N836PW,,,,
AB71FE,N8367N,BE35,BEECH 35 Starfire Bonanza,L1P,L
AB75FE,N8379R,UH1,BELL UH-1 Huey,H1T,L
AB78FE,N8384H,P28A,PIPER PA-28-140/150/160/180,L1P,L
AB7CFE,N8396L,P28A,PIPER PA-28-140/150/160/180,L1P,L
AB7FFE,N840BM,C650,CESSNA 650 Citation,L2J,M
AB82FE,N84055,CH7A,BELLANCA 7 Champion,L1P,L
AB85FE,N8410X,C172,CESSNA 172 Skyhawk,L1P,L
AB86FE,N84178,CH7A,BELLANCA 7 Champion,L1P,L
AB8AFE,N843A,SR22,CIRRUS SR-22,L1P,L
AB8DFE,N84343,C172,CESSNA 172 Skyhawk,L1P,L
AB91FE,N84466,C182,CESSNA 182 Skylane,L1P,L
AB95FE,N84589,CH7A,BELLANCA 7 Champion,L1P,L
AB97FE,N846V,,,,
ABA0FE,N84877,C172,CESSNA 172 Skyhawk,L1P,L
ABA4FE,N85,CL60,BOMBARDIER CL-600 Challenger,L2J,M
ABA5FE,N85LE,M7,MAULE M-7,L1P,L
ABA8FE,N850SX,H25B,HAWKER BEECHCRAFT Hawker 750/850,L2J,M
ABAAFE,N8509U,B738,BOEING 737-800,L2J,M
ABADFE,N8514L,PA25,PIPER PA-25 Pawnee,L1P,L
ABB1FE,N8526P,PA24,PIPER PA-24 Comanche,L1P,L
ABB2FE,N853FD,B77L,BOEING 777-200LR,L2J,H
ABBDFE,N856DS,DA40,DIAMOND DA-40 Club Star,L1P,L
ABBFFE,N8560D,PA22,PIPER PA-22,L1P,L
ABC4FE,N8579T,C182,CESSNA 182 Skylane,L1P,L
ABC7FE,N8584K,S108,STINSON 108 Voyager,L1P,L
ABCBFE,N8596N,P28R,PIPER PA-28R-180/200/201,L1P,L
ABCCFE,N86FC,PIAT,PIPISTREL Alpha Trainer,L1P,L
ABD4FE,N8610Z,C150,CESSNA 150,L1P,L
ABD5FE,N8618,ZZZZ,,-0-,-
ABDAFE,N863LH,EC30,AIRBUS HELICOPTERS EC-130,H1T,L
ABE3FE,N86510,C182,CESSNA 182 Skylane,L1P,L
ABE4FE,N8659A,BE35,BEECH 35 Starfire Bonanza,L1P,L
ABE7FE,N86633,CH7B,BELLANCA 7 Citabria,L1P,L
ABEFFE,N86879,CH7B,BELLANCA 7 Citabria,L1P,L
ABF8FE,N8702K,C340,CESSNA 340 Super,L2P,L
ABFCFE,N8714N,P28A,PIPER PA-28-140/150/160/180,L1P,L
AC00FE,N8726R,J3,PIPER J-3 Cub,L1P,L
AC04FE,N8738U,C150,CESSNA 150,L1P,L
AC09FE,N875MB,RV7,VANS RV-7,L1P,L
AC0FFE,N8767S,C150,CESSNA 150,L1P,L
AC13FE,N8779V,BL17,BELLANCA 17 Viking,L1P,L
AC18FE,N879NN,B738,BOEING 737-800,L2J,M
AC1AFE,N8796Q,T206,CESSNA T206 Turbo Stationair,L1P,L
AC1BFE,N88FE,GL7T,BOMBARDIER BD-700 Global 7000/7500,L2J,M
AC1CFE,N88RL,P28R,PIPER PA-28R-180/200/201,L1P,L
AC20FE,N88059,BL8,BELLANCA 8 Decathlon,L1P,L
AC23FE,N88101,J3,PIPER J-3 Cub,L1P,L
AC24FE,N8818B,C172,CESSNA 172 Skyhawk,L1P,L
AC25FE,N882HM,,,,
AC26FE,N882TT,,,,
AC29FE,N883LK,CH60,ZENAIR CH-600 Zodiac,L1P,L
AC2AFE,N883WR,R44,ROBINSON R-44 Raven,H1P,L
AC2CFE,N884DB,BE35,BEECH 35 Starfire Bonanza,L1P,L
AC30FE,N885G,AP22,AEROPRACT A-22,L1P,L
AC3DFE,N88800,,,,
AC3EFE,N8888A,BE35,BEECH 35 Starfire Bonanza,L1P,L
AC40FE,N889TS,BE58,BEECH 58 Baron,L2P,L
AC42FE,N89AC,CB1,HATZ CB-1 Classic,L1P,L
AC46FE,N890TA,P208,TECNAM P-2008,L1P,L
AC4CFE,N892CK,,,,
AC4FFE,N8926T,C182,CESSNA 182 Skylane,L1P,L
AC52FE,N8931K,S108,STINSON 108 Voyager,L1P,L
AC56FE,N8943N,PA32,PIPER PA-32,L1P,L
AC5DFE,N8960H,G164,GRUMMAN G-164 Ag-Cat,L1P,L
AC60FE,N897T,BE35,BEECH 35 Starfire Bonanza,L1P,L
AC65FE,N8984P,PA24,PIPER PA-24 Comanche,L1P,L
AC69FE,N8996S,C150,CESSNA 150,L1P,L
AC6BFE,N9RN,C303,CESSNA T303 Crusader,L2P,L
AC6CFE,N90BT,LJ40,LEARJET 40,L2J,M
AC6FFE,N900JK,PA18,PIPER PA-18 Super Cub,L1P,L
AC71FE,N9003S,BE35,BEECH 35 Starfire Bonanza,L1P,L
AC72FE,N901BB,P28R,PIPER PA-28R-180/200/201,L1P,L
AC75FE,N9015V,R22,ROBINSON R-22 Mariner,H1P,L
AC79FE,N9027Y,BALL,,B0-,-
AC7DFE,N90391,C82T,CESSNA TR182 Turbo Skylane RG,L1P,L
AC7EFE,N904KW,RV6,VANS RV-6,L1P,L
AC80FE,N9044T,B47G,BELL 47G,H1P,L
AC82FE,N905NU,DRON,,D0-,-
AC85FE,N906FL,BE35,BEECH 35 Starfire Bonanza,L1P,L
AC86FE,N906RS,C210,CESSNA 201 Centurion,L1P,L
AC8CFE,N908BA,BALL,,B0-,-
AC92FE,N9090L,CH7A,BELLANCA 7 Champion,L1P,L
AC93FE,N9097X,C182,CESSNA 182 Skylane,L1P,L
AC95FE,N91TC,,,,
AC96FE,N910DH,TBM7,SOCATA TBM-700A/B/C,L1T,L
AC98FE,N910ZV,TBM7,SOCATA TBM-700A/B/C,L1T,L
AC99FE,N9107F,H500,HUGHES 500,H1T,L
AC9BFE,N911SM,BK17,EUROCOPTER BK117 C-1/2,H2T,L
AC9DFE,N9119J,P28A,PIPER PA-28-140/150/160/180,L1P,L
ACA0FE,N9124A,C170,CESSNA 170,L1P,L
ACA4FE,N9136D,PA18,PIPER PA-18 Super Cub,L1P,L
ACA7FE,N91406,C182,CESSNA 182 Skylane,L1P,L
ACA8FE,N9148G,M20P,MOONEY M-20,L1P,L
ACABFE,N91529,C182,CESSNA 182 Skylane,L1P,L
ACB1FE,N917PN,BALL,,B0-,-
ACB3FE,N9177E,M6,MAULE M-6,L1P,L
ACB5FE,N918SL,DHC2,DE HAVILLAND DHC-2 Beaver,L1P,L
ACB6FE,N91817,GLID,,L0-,-
ACB7FE,N9189H,C172,CESSNA 172 Skyhawk,L1P,L
ACBAFE,N9194,D25,NEW STANDART D-25,L1P,L
ACBCFE,N92NA,C207,CESSNA 207 Turbo Stationair,L1P,L
ACC0FE,N9203U,C150,CESSNA 150,L1P,L
ACC2FE,N921MK,BE35,BEECH 35 Starfire Bonanza,L1P,L
ACC4FE,N9215X,M6,MAULE M-6,L1P,L
ACC5FE,N922EB,WW24,IAI 1124 Westwind,L2J,M
ACC7FE,N9220P,PA24,PIPER PA-24 Comanche,L1P,L
ACCCFE,N92393,J3,PIPER J-3 Cub,L1P,L
ACCFFE,N9244V,M20P,MOONEY M-20,L1P,L
ACD5FE,N926RU,RV6,VANS RV-6,L1P,L
ACDCFE,N928MJ,,,,
ACE1FE,N9290N,P28A,PIPER PA-28-140/150/160/180,L1P,L
ACE2FE,N9297Z,PARA,,P0-,-
ACE4FE,N93TE,AA5,AMERICAN AA-5 Tiger,L1P,L
ACE5FE,N930DK,R44,ROBINSON R-44 Raven,H1P,L
ACE8FE,N9307H,C82R,CESSNA R182 Skylane RG,L1P,L
ACFAFE,N9353A,C195,CESSNA 195,L1P,L
ACFFFE,N937DJ,BE33,BEECH 33 Bonanza,L1P,L
AD02FE,N9377G,GLID,,L0-,-
AD16FE,N9420R,T206,CESSNA T206 Turbo Stationair,L1P,L
AD1CFE,N944L,DA40,DIAMOND DA-40 Club Star,L1P,L
AD25FE,N9461S,BE35,BEECH 35 Starfire Bonanza,L1P,L
AD29FE,N9473V,M20P,MOONEY M-20,L1P,L
AD33FE,N95TG,E55P,EMBRAER EMB-505 Phenom 300,L2J,M
AD34FE,N950DM,GLF5,GULFSTREAM 5,L2J,M
AD3FFE,N953C,P46T,PIPER PA-46-500TP,L1T,L
AD42FE,N9536H,C172,CESSNA 172 Skyhawk,L1P,L
AD44FE,N954RD,,,,
AD45FE,N9541,WACO,WACO E/O,L1P,L
AD4AFE,N956AN,B738,BOEING 737-800,L2J,M
AD51FE,N9577J,P28A,PIPER PA-28-140/150/160/180,L1P,L
AD59FE,N96BZ,RLU1,RLU Super Breezy,L1P,L
AD5EFE,N9603Y,BE35,BEECH 35 Starfire Bonanza,L1P,L
AD5FFE,N961BH,B429,BELL 429 GlobalRanger,H2T,L
AD6BFE,N964LB,B350,BEECHCRAFT Super King Air 350,L2T,M
AD72FE,N966FS,AS50,AEROSPATIALE AS-350 Ecureuil,H1T,L
AD77FE,N967UW,E190,EMBRAER ERJ-190-100,L2J,M
AD79FE,N968BG,SR22,CIRRUS SR-22,L1P,L
AD7CFE,N96850,TAYB,TAYLORCRAFT BC/BF/BL,L1P,L
AD7DFE,N969EE,H25B,HAWKER BEECHCRAFT Hawker 750/850,L2J,M
AD7FFE,N9690S,CH7A,BELLANCA 7 Champion,L1P,L
AD81FE,N97HC,C310,CESSNA 310,L2P,L
AD82FE,N97TJ,,,,
AD86FE,N9707M,M20P,MOONEY M-20,L1P,L
AD88FE,N971ST,P180,PIAGGIO P-180 Avanti,L2T,L
AD8BFE,N972KK,RV9,VANS RV-9,L1P,L
ADA0FE,N9777L,BE23,BEECH 23 Sundowner,L1P,L
ADA3FE,N9782C,P28A,PIPER PA-28-140/150/160/180,L1P,L
ADABFE,N980JT,A321,AIRBUS A-321,L2J,M
ADAFFE,N981MR,C82T,CESSNA TR182 Turbo Skylane RG,L1P,L
ADB9FE,N98399,J3,PIPER J-3 Cub,L1P,L
ADBAFE,N984LD,CH70,ZENAIR CH-701 Stol,L1P,L
ADC4FE,N98687,J3,PIPER J-3 Cub,L1P,L
ADC5FE,N987JS,BE58,BEECH 58 Baron,L2P,L
ADD0FE,N99HE,C172,CESSNA 172 Skyhawk,L1P,L
ADD1FE,N99TL,RV4,VANS RV-4,L1P,L
ADD4FE,N9900C,L8,LUSCOMBE 8,L1P,L
ADD7FE,N991SV,DRON,,D0-,-
ADDBFE,N992VT,C172,CESSNA 172 Skyhawk,L1P,L
ADDCFE,N9924J,GLID,,L0-,-
ADDDFE,N993CD,C82S,CESSNA T182 Turbo Skylane,L1P,L
ADE3FE,N9941D,PA18,PIPER PA-18 Super Cub,L1P,L
ADE4FE,N9948Q,PA18,PIPER PA-18 Super Cub,L1P,L
ADE5FE,N995J,SAKO,RANS S-10 Sakota,L1P,L
ADEFFE,N9977N,C180,CESSNA  180 Skywagon,L1P,L
ADF6FE,N9994H,C82R,CESSNA R182 Skylane RG,L1P,L
ADFCFE,95-0050,BE40,BEECH 400 Beechjet,L2J,M
ADFFFE,70-1953,T38,NORTHROP T-38 Talon,L2J,L
AE00FE,65-10432,T38,NORTHROP T-38 Talon,L2J,L
AE01FE,98-3038,TEX2,BEECHCRAFT T-6 Texan 2,L1T,L
AE03FE,84-00152,BE20,BEECH 200 Super King Air,L2T,M
AE04FE,58-0100,K35R,BOEING KC-135R/T Stratotanker,L4J,H
AE07FE,98-0052,C17,BOEING C-17 Globemaster 3,L4J,H
AE08FE,92-13121,BE20,BEECH 200 Super King Air,L2T,M
AE09FE,95-26662,H60,SIKORSKY UH-60 Black Hawk,H2T,M
AE0AFE,89-26152,H60,SIKORSKY UH-60 Black Hawk,H2T,M
AE0BFE,86-24537,H60,SIKORSKY UH-60 Black Hawk,H2T,M
AE0EFE,85-24443,H60,SIKORSKY UH-60 Black Hawk,H2T,M
AE10FE,01-3610,TEX2,BEECHCRAFT T-6 Texan 2,L1T,L
AE13FE,05-3775,TEX2,BEECHCRAFT T-6 Texan 2,L1T,L
AE14FE,05-27054,H60,SIKORSKY UH-60 Black Hawk,H2T,M
AE18FE,79-0123,A10,FAIRCHILD A-10 Thunderbolt II,L2J,M
AE1CFE,158564,P3,LOCKHEED P-3 Orion,L4T,M
AE1FFE,12-72239,EC45,AIRBUS HELICOPTERS EC-145,H2T,L
AE23FE,08-05553,H64,MCDONNELL DOUGLAS AH-64 Apache,H2T,M
AE27FE,6013,H60,SIKORSKY UH-60 Black Hawk,H2T,M
AE29FE,166695,B737,BOEING 737-700,L2J,M
AE2BFE,166587,H60,SIKORSKY UH-60 Black Hawk,H2T,M
AE47FE,07-20065,H60,SIKORSKY UH-60 Black Hawk,H2T,M
AE4AFE,08-5693,C30J,LOCKHEED MARTIN C-130J Super Hercules,L4T,M
AE4CFE,10-27030,C27J,ALENIA C-27J Spartan,L2T,M
AE4DFE,6046,H60,SIKORSKY UH-60 Black Hawk,H2T,M
AE53FE,11-00282,B350,BEECHCRAFT Super King Air 350,L2T,M
AE59FE,16-08205,H47,BOEING-VERTOL CH-47 Chinook,H2T,M
AE5CFE,90-26234,H60,SIKORSKY UH-60 Black Hawk,H2T,M
AE5DFE,16-5843,C30J,LOCKHEED MARTIN C-130J Super Hercules,L4T,M
AE61FE,18-5882,C30J,LOCKHEED MARTIN C-130J Super Hercules,L4T,M
AE63FE,68-8177,T38,NORTHROP T-38 Talon,L2J,L
AE65FE,18-03236,H64,MCDONNELL DOUGLAS AH-64 Apache,H2T,M
C000FE,C-FAJT,GLID,,L0-,-
C001FE,C-FATP,C172,CESSNA 172 Skyhawk,L1P,L
C003FE,C-FBNH,DHC1,DE HAVILLAND DHC-1 Chipmunk,L1P,L
C004FE,C-FBXD,BD4,BEDE BD-4,L1P,L
C007FE,C-FDAR,C180,CESSNA  180 Skywagon,L1P,L
C008FE,C-FDKN,BALL,,B0-,-
C009FE,C-FDUJ,,,,
C00AFE,C-FEEF,L5,STINSON Sentinel,L1P,L
C00BFE,C-FEOB,CNUK,FLEET 80 Canuck,L1P,L
C00CFE,C-FEXX,C208,CESSNA 208 Caravan,L1T,L
C00DFE,C-FFHT,DHC2,DE HAVILLAND DHC-2 Beaver,L1P,L
C00EFE,C-FFRP,,,,
C00FFE,C-FGBL,,,,
C010FE,C-FGLH,RV7,VANS RV-7,L1P,L
C011FE,C-FGVD,,,,
C013FE,C-FHOV,P28A,PIPER PA-28-140/150/160/180,L1P,L
C014FE,C-FHYR,C180,CESSNA  180 Skywagon,L1P,L
C015FE,C-FIIN,C172,CESSNA 172 Skyhawk,L1P,L
C016FE,C-FISJ,C182,CESSNA 182 Skylane,L1P,L
C018FE,C-FJMB,M7,MAULE M-7,L1P,L
C019FE,C-FJVX,PA15,PIPER PA-15 Vagabond,L1P,L
C01AFE,C-FKFT,PA18,PIPER PA-18 Super Cub,L1P,L
C01BFE,C-FKPP,,,,
C01CFE,C-FKZL,C140,CESSNA 140,L1P,L
C01DFE,C-FLJH,,,,
C01EFE,C-FLTD,C180,CESSNA  180 Skywagon,L1P,L
C022FE,C-FNGN,DV20,DIAMOND DA-20,L1P,L
C024FE,C-FOAF,D11,JODEL D-11x/12x,L1P,L
C025FE,C-FOKB,WACF,WACO F,L1P,L
C026FE,C-FOTX,,,,
C028FE,C-FPNP,,,,
C029FE,C-FPXL,PA31,PIPER PA-31-300/310/325/350/425,L2P,L
C02CFE,C-FRAZ,CAMP,GREGA GN-1 Aircamper,L1P,L
C02DFE,C-FRKV,,,,
C02EFE,C-FRUR,CHIN,ASAP Chinook,L1P,L
C02FFE,C-FSEN,PA12,PIPER PA-12 Super Cruiser,L1P,L
C030FE,C-FSOJ,BOLT,STEEN Skybolt,L1P,L
C031FE,C-FSYF,PA34,PIPER PA-34 Seneca,L2P,L
C036FE,C-FUVL,BE35,BEECH 35 Starfire Bonanza,L1P,L
C037FE,C-FVFH,,,,
C038FE,C-FVPD,PA12,PIPER PA-12 Super Cruiser,L1P,L
C039FE,C-FVYZ,PA11,PIPER PA-11 Cub Special,L1P,L
C03AFE,C-FWIV,C150,CESSNA 150,L1P,L
C03BFE,C-FWSR,P28A,PIPER PA-28-140/150/160/180,L1P,L
C03CFE,C-FXCN,GLID,,L0-,-
C03DFE,C-FXMJ,AS50,AEROSPATIALE AS-350 Ecureuil,H1T,L
C03EFE,C-FXWF,C172,CESSNA 172 Skyhawk,L1P,L
C03FFE,C-FYGB,B06,BELL 206 JetRanger,H1T,L
C041FE,C-FYZT,B412,BELL 412,H2T,L
C045FE,C-GAND,,,,
C046FE,C-GAWZ,R44,ROBINSON R-44 Raven,H1P,L
C047FE,C-GBGV,C172,CESSNA 172 Skyhawk,L1P,L
C048FE,C-GBQR,SA02,K&S SA-102.5 Cavalier,L1P,L
C049FE,C-GCAN,C185,CESSNA 185 Skywagon,L1P,L
C04AFE,C-GCKJ,C150,CESSNA 150,L1P,L
C04BFE,C-GCUF,H269,HUGHES Sky Knight,H1P,L
C04CFE,C-GDEB,AS50,AEROSPATIALE AS-350 Ecureuil,H1T,L
C04DFE,C-GDNX,PA30,PIPER PA-30 Twin Comanche,L2P,L
C04EFE,C-GDXT,GLID,,L0-,-
C050FE,C-GERL,AS50,AEROSPATIALE AS-350 Ecureuil,H1T,L
C051FE,C-GFBH,WAIX,SONEX Waiex,L1P,L
C052FE,C-GFLD,,,,
C053FE,C-GFUZ,,,,
C054FE,C-GGEV,AR11,AERONCA 11 Chief,L1P,L
C055FE,C-GGOR,P28A,PIPER PA-28-140/150/160/180,L1P,L
C056FE,C-GGYN,CH7B,BELLANCA 7 Citabria,L1P,L
C057FE,C-GHIJ,M20P,MOONEY M-20,L1P,L
C058FE,C-GHSF,M20T,MOONEY M-20T,L1P,L
C05EFE,C-GJZH,DH8D,DE HAVILLAND DHC-8-400 Dash 8,L2T,M
C060FE,C-GKSZ,RV8,VANS RV-8,L1P,L
C062FE,C-GLMR,J3,PIPER J-3 Cub,L1P,L
C063FE,C-GLWN,DH8C,DE HAVILLAND DHC-8-300 Dash 8,L2T,M
C064FE,C-GMGJ,BL8,BELLANCA 8 Decathlon,L1P,L
C067FE,C-GNJX,PA34,PIPER PA-34 Seneca,L2P,L
C068FE,C-GNTT,C206,CESSNA  206 Stationair,L1P,L
C069FE,C-GODP,P28A,PIPER PA-28-140/150/160/180,L1P,L
C06BFE,C-GOXH,P28A,PIPER PA-28-140/150/160/180,L1P,L
C06CFE,C-GPHD,,,,
C06DFE,C-GPQZ,BCS3,AIRBUS A220-300,L2J,M
C071FE,C-GREJ,AT75,ATR-72-500,L2T,M
C072FE,C-GROF,CHIN,ASAP Chinook,L1P,L
C073FE,C-GRYB,C152,CESSNA 152,L1P,L
C077FE,C-GTLL,C150,CESSNA 150,L1P,L
C078FE,C-GTVH,AS50,AEROSPATIALE AS-350 Ecureuil,H1T,L
C079FE,C-GUFD,CH7B,BELLANCA 7 Citabria,L1P,L
C07CFE,C-GVIR,,,,
C07DFE,C-GVSN,,,,
C07EFE,C-GWCJ,AT3P,AIR TRACTOR AT-301/401,L1P,L
C07FFE,C-GWMF,TBM9,SOCATA TBM-900/910/930/940,L1T,L
C081FE,C-GXFX,C172,CESSNA 172 Skyhawk,L1P,L
C082FE,C-GXPT,C421,CESSNA 421 Executive Commuter,L2P,L
C083FE,C-GXZP,C206,CESSNA  206 Stationair,L1P,L
C084FE,C-GYJL,C152,CESSNA 152,L1P,L
C085FE,C-GYTH,C150,CESSNA 150,L1P,L
C086FE,C-GZDD,C172,CESSNA 172 Skyhawk,L1P,L
C087FE,C-GZMZ,RV9,VANS RV-9,L1P,L
C088FE,C-GZWV,CRJ9,BOMBARDIER Regional Jet CRJ-900,L2J,M
C089FE,C-IAGR,ULAC,,L0-,-
C08AFE,C-IAQN,ULAC,,L0-,-
C08BFE,C-IBAJ,ULAC,,L0-,-
C08CFE,C-IBKF,ULAC,,L0-,-
C08EFE,C-ICDX,ULAC,,L0-,-
C08FFE,C-ICNT,BEVR,ASAP Beaver,L1P,L
C090FE,C-ICXP,ULAC,,L0-,-
C091FE,C-IDHL,,,,
C092FE,C-IDRH,PARA,,P0-,-
C093FE,C-IEBD,ULAC,,L0-,-
C095FE,C-IEUV,PARA,,P0-,-
C096FE,C-IFER,BEVR,ASAP Beaver,L1P,L
C098FE,C-IFYJ,CHIN,ASAP Chinook,L1P,L
C099FE,C-IGIF,ULAC,,L0-,-
C09BFE,C-IHBX,PARA,,P0-,-
C09CFE,C-IHLT,PARA,,P0-,-
C09DFE,C-IHVP,ULAC,,L0-,-
C09EFE,C-IIFL,,,,
C0A1FE,C-IJIZ,PARA,,P0-,-
C0A2FE,C-IJSV,ULAC,,L0-,-
C0A3FE,C-IKCR,NDIC,NORMAN Nordic,L1P,L
C0A5FE,C-IKWJ,ULAC,,L0-,-
C0A6FE,C-ILGF,PARA,,P0-,-
C0A7FE,C-ILQB,,,,
C0A8FE,C-ILZX,,,,
C1E4FE,SERV,SERV,,V0-,-
C1E9FE,SERV,SERV,,V0-,-
C802FE,ZK-DKE,C180,CESSNA  180 Skywagon,L1P,L
C806FE,ZK-RJK,GY20,CAB GY-20 Minicab,L1P,L
C807FE,ZK-GFL,GLID,,L0-,-
C80AFE,ZK-LRD,C150,CESSNA 150,L1P,L
C810FE,ZK-CNR,C182,CESSNA 182 Skylane,L1P,L
C812FE,ZK-GHM,GLID,,L0-,-
C813FE,ZK-SFD,DV20,DIAMOND DA-20,L1P,L
C814FE,ZK-SAX,DHC1,DE HAVILLAND DHC-1 Chipmunk,L1P,L
C81AFE,ZK-CUZ,PNR3,ALPI Pioneer 330,L1P,L
C81CFE,ZK-VIR,P210,CESSNA P210 Centurion,L1P,L
C820FE,ZK-EMP,ZZZZ,,-0-,-
C821FE,ZK-BPL,PA18,PIPER PA-18 Super Cub,L1P,L
C822FE,ZK-IYN,EXPL,MCDONNELL-DOUGLAS MD-900 Explorer,H2T,L
C823FE,ZK-AFS,SPUP,SOPWITH Pup Replica,L1P,L
C824FE,ZK-DDY,P208,TECNAM P-2008,L1P,L
E47DFE,2526,E145,EMBRAER ERJ-145,L2J,M
E47FFE,PR-MBF,A320,AIRBUS A-320,L2J,M
E480FE,PR-OBG,BE33,BEECH 33 Bonanza,L1P,L
E487FE,PR-WSB,LJ40,LEARJET 40,L2J,M
E48CFE,PR-JAW,S92,SIKORSKY S-92 Helibus,H2T,M
E48DFE,PP-SCN,E55P,EMBRAER EMB-505 Phenom 300,L2J,M
E48FFE,PP-IVN,E50P,EMBRAER EMB-500 Phenom 100,L2J,L
E492FE,PP-CTT,C25M,CESSNA 525 Citation M2,L2J,L
E493FE,PT-KPI,BE36,BEECH 36 Bonanza,L1P,L
E494FE,PR-CPK,SR22,CIRRUS SR-22,L1P,L
E495FE,PS-JBJ,AS50,AEROSPATIALE AS-350 Ecureuil,H1T,L
E497FE,PS-CEU,C25M,CESSNA 525 Citation M2,L2J,L
E498FE,PS-CSF,C25C,CESSNA 525C Citation CJ4,L2J,M
E499FE,PP-MBX,HA4T,RAYTHEON 4000 Hawker Horizon,L2J,M
E880FE,ZP-ANA,BE9L,BEECH 90 King Air,L2T,L
E940FE,CP-3121,B190,BEECH 1900,L2T,M
