008331,ZS-BEU,T6,NORTH AMERICAN T-6 Texan,L1P,L
008831,ZS-DCA,LJ45,LEARJET 45,L2J,M
009031,ZS-GCU,GLID,,L0-,-
009131,ZS-YAP,E190,EMBRAER ERJ-190-100,L2J,M
009D31,ZS-LAU,C210,CESSNA 201 Centurion,L1P,L
00A631,ZS-OLK,P32R,PIPER PA-32R-300/301/301T,L1P,L
00AA31,ZS-PYU,B190,BEECH 1900,L2T,M
020031,CN-AOG,C130,LOCKHEED C-130 Hercules,L4T,M
020131,CN-TMS,B350,BEECHCRAFT Super King Air 350,L2T,M
030031,A2-BRK,H25B,HAWKER BEECHCRAFT Hawker 750/850,L2J,M
038431,TU-TSA,A319,AIRBUS A-319,L2J,M
040031,ET-ANP,B77L,BOEING 777-200LR,L2J,H
040131,ET-ATY,A359,AIRBUS A-350-900,L2J,H
06A031,A7-AEA,A333,AIRBUS A-330-300,L2J,H
06A131,A7-CEF,GLEX,BOMBARDIER BD-700 Global 6000/6500,L2J,M
07C031,ST-DAL,BE30,BEECH 300 Super King Air,L2T,L
080031,5H-AHJ,PC12,PILATUS PC-12,L1T,L
090031,T-702,AN72,ANTONOV An-74-200,L2J,M
0AB031,V3-HIM,C208,CESSNA 208 Caravan,L1T,L
0AC931,PNC-0719,UH1,BELL UH-1 Huey,H1T,L
0ACA31,HK-5343G,P28A,PIPER PA-28-140/150/160/180,L1P,L
0AE031,TI-BGP,L410,LET L-410 Turbolet,L2T,L
0B4131,TG-ESA,BE55,BEECH 55 Baron,L2P,L
0C2031,HP-1565CMP,E190,EMBRAER ERJ-190-100,L2J,M
0D0131,XB-JHV,LJ28,LEARJET 29,L2J,L
0D0331,XA-ARQ,LJ31,LEARJET 31,L2J,M
0D0431,XA-FAS,J328,Dornier 328 JET,L2J,M
0D0731,XA-UMV,LJ31,LEARJET 31,L2J,M
0D0831,XA-UTT,EC55,AIRBUS HELICOPTERS EC-155,H2T,L
0D0931,3912,LJ45,LEARJET 45,L2J,M
0D0A31,2038,TEX2,BEECHCRAFT T-6 Texan 2,L1T,L
0D0B31,XA-VBG,MD82,MCDONNELL-DOUGLAS MD-82,L2J,M
0D0E31,XA-DIJ,LJ35,LEARJET 35,L2J,M
0D8431,YV3508,ASTR,GULFSTREAM AEROSPACE Gulfstream G100,L2J,M
112331,RAOUL,GLID,,L0-,-
140B31,RA-02865,E170,EMBRAER ERJ-170-100,L2J,M
142331,RA-09009,FA7X,DASSAULT Falcon 7X,L3J,M
146831,RA-26673,AN26,ANTONOV An-26,L2T,M
14FA31,RA-64049,T204,TUPOLEV Tu-204/214/224/234,L2J,M
151E31,RA-73265,B738,BOEING 737-800,L2J,M
152031,RA-73777,A320,AIRBUS A-320,L2J,M
154C31,RA-85041,T154,TUPOLEV Tu-154,L3J,M
155C31,RA-89137,SU95,SUKHOI Superjet 100-95,L2J,M
201031,V5-ANN,A319,AIRBUS A-319,L2J,M
202031,E3-AAQ,B762,BOEING 767-200,L2J,H
300331,I-BASK,P28R,PIPER PA-28R-180/200/201,L1P,L
300431,I-ARPI,P28U,PIPER PA-28RT-201T Turbo,L1P,L
300531,I-ULYA,AS50,AEROSPATIALE AS-350 Ecureuil,H1T,L
300731,I-BGDO,C172,CESSNA 172 Skyhawk,L1P,L
300831,I-CEPW,P208,TECNAM P-2008,L1P,L
320031,MM81962,A169,AGUSTA AW-169,H2T,L
33FD31,MM55251,M345,AERMACCHI M-345,L1J,L
381931,F-BGJR,N120,NORD Norecrin,L1P,L
382531,F-BJJR,DR10,CENTRE EST Ambassadeur,L1P,L
382E31,F-BLRR,DR10,CENTRE EST Ambassadeur,L1P,L
383131,F-BMJR,P28A,PIPER PA-28-140/150/160/180,L1P,L
383631,F-BNRR,Z26,ZLIN Z-26/126/226/326/526/626/726,L1P,L
383E31,F-BPRR,DR22,CENTRE EST Dauphin,L1P,L
384631,F-BRRR,RALL,SOCATA Rallye,L1P,L
385E31,F-BXRR,DR40,ROBIN DR-400,L1P,L
392531,F-GJJR,P28U,PIPER PA-28RT-201T Turbo,L1P,L
392631,F-GJRR,P28U,PIPER PA-28RT-201T Turbo,L1P,L
392731,F-GJZR,DR40,ROBIN DR-400,L1P,L
393231,F-GMRR,DR40,ROBIN DR-400,L1P,L
393531,F-GNJR,DA40,DIAMOND DA-40 Club Star,L1P,L
393831,F-GOBR,PC6T,PILATUS PC-6 Turbo-Porter,L1T,L
393931,F-GOJR,BALL,,B0-,-
394831,F-GSBR,DR40,ROBIN DR-400,L1P,L
394A31,F-GSRR,DR40,ROBIN DR-400,L1P,L
394C31,F-GTBR,DR40,ROBIN DR-400,L1P,L
394F31,F-GTZR,DR40,ROBIN DR-400,L1P,L
396131,F-GYJR,DR40,ROBIN DR-400,L1P,L
398431,F-HBBR,SR20,CIRRUS SR-20,L1P,L
398531,F-HBJR,B06,BELL 206 JetRanger,H1T,L
398731,F-HBZR,APM3,ISSOIRE APM-30 Lion,L1P,L
398D31,F-HDJR,A210,AQUILA A-210,L1P,L
399431,F-HFBR,C172,CESSNA 172 Skyhawk,L1P,L
399A31,F-HGRR,APM4,ISSOIRE APM-40 Simba,L1P,L
39A431,F-HJBR,E55P,EMBRAER EMB-505 Phenom 300,L2J,M
39BC31,F-HPBR,DR40,ROBIN DR-400,L1P,L
39BE31,F-HPRR,B212,BELL 212,H2T,L
39D431,F-HVBR,WT9,AEROSPOOL WT-9 Dynamic,L1P,L
3A2131,F-OIJR,PA34,PIPER PA-34 Seneca,L2P,L
3A4931,F-OSJR,C208,CESSNA 208 Caravan,L1T,L
3AAC31,F-MJCZ,AS50,AEROSPATIALE AS-350 Ecureuil,H1T,L
3B7631,E157,AJET,DASSAULT-DORNIER Alpha Jet,L2J,M
3B7731,084,E121,EMBRAER EMB-121 Xingu,L2T,L
3C0F31,D-AUTO,GLF5,GULFSTREAM 5,L2J,M
3C1231,D-AXVC,A21N,AIRBUS A-321neo,L2J,M
3C4431,D-AAAQ,A332,AIRBUS A-330-200,L2J,H
3C4A31,D-ABQQ,DH8D,DE HAVILLAND DHC-8-400 Dash 8,L2T,M
3C4B31,D-ABYQ,B748,BOEING 747-8,L4J,H
3C5431,D-AEAQ,A306,AIRBUS A-300-600,L2J,H
3C5B31,D-AFYQ,A333,AIRBUS A-330-300,L2J,H
3D0531,D-EAFH,RALL,SOCATA Rallye,L1P,L
3D0631,D-EAPD,M20P,MOONEY M-20,L1P,L
3D0831,D-EBIV,P28A,PIPER PA-28-140/150/160/180,L1P,L
3D0931,D-EBSR,DR40,ROBIN DR-400,L1P,L
3D0A31,D-ECCN,P28A,PIPER PA-28-140/150/160/180,L1P,L
3D0B31,D-ECMJ,C177,CESSNA  177 Cardinal,L1P,L
3D0E31,D-EDPX,C152,CESSNA 152,L1P,L
3D1031,D-EEJP,C150,CESSNA 150,L1P,L
3D1131,D-EETL,DV20,DIAMOND DA-20,L1P,L
3D1231,D-EFDH,TOBA,SOCATA Tobago,L1P,L
3D1431,D-EFWZ,P28B,PIPER PA-28-201T/235/236,L1P,L
3D1531,D-EGGV,C182,CESSNA 182 Skylane,L1P,L
3D1731,D-EHAN,M20P,MOONEY M-20,L1P,L
3D1931,D-EHUF,C175,CESSNA 175 Skylark,L1P,L
3D1A31,D-EIEB,C152,CESSNA 152,L1P,L
3D1C31,D-EIXT,AC11,NORTH AMERICAN ROCKWELL Commander 112/114,L1P,L
3D2231,D-ELEV,P149,PIAGGIO P-149,L1P,L
3D2331,D-ELOR,C210,CESSNA 201 Centurion,L1P,L
3D2431,D-ELYN,PTS2,PITTS S-2 Special,L1P,L
3D2A31,D-EOFP,C172,CESSNA 172 Skyhawk,L1P,L
3D2B31,D-EOPL,T206,CESSNA T206 Turbo Stationair,L1P,L
3D2C31,D-EOZH,P28R,PIPER PA-28R-180/200/201,L1P,L
3D3131,D-EQWN,CP10,CAP AVIATION CAP-10,L1P,L
3D3631,D-ESTT,P46T,PIPER PA-46-500TP,L1T,L
3D3731,D-ETDP,P28A,PIPER PA-28-140/150/160/180,L1P,L
3D3831,D-ETNL,C172,CESSNA 172 Skyhawk,L1P,L
3D4031,D-EWOF,Z42,ZLIN Z-42/142/242,L1P,L
3D4A31,D-FAIR,AN2,ANTONOV An-2,L1P,L
3D8F31,D-GAMB,PA34,PIPER PA-34 Seneca,L2P,L
3D9831,D-GDWR,PA34,PIPER PA-34 Seneca,L2P,L
3DD331,D-HAFP,B06,BELL 206 JetRanger,H1T,L
3E0031,D-HRGR,EC35,AIRBUS HELICOPTERS EC-135/635,H2T,L
3E0A31,D-HVBD,EC35,AIRBUS HELICOPTERS EC-135/635,H2T,L
3E3331,D-IKOV,C310,CESSNA 310,L2P,L
3E5C31,D-KACN,GLID,,L0-,-
3E6C31,D-KGEB,SF25,SCHEIBE SF-25 Falke,L1P,L
3E7031,D-KHRL,AS25,SCHLEICHER ASH-25,L1P,L
3E7931,D-KLCB,DG80,DG FLUGZEUGBAU DG-800,L1P,L
3EC931,D-KRDP,DIMO,DIAMOND H-36 Dimona,L1P,L
3ECA31,D-KRNL,AS31,SCHLEICHER ASH-31,L1P,L
3EE531,D-1178,GLID,,L0-,-
3EFC31,D-7066,GLID,,L0-,-
3F6631,74+26,TIGR,AIRBUS HELICOPTERS EC-665 Tiger,H2T,L
3F6931,54+17,A400,AIRBUS A-400M,L4T,H
3FEA31,D-MDSD,FK14,B&F TECHNIK FK-14 Polaris,L1P,L
3FEB31,D-MHTT,C42,IKARUS C-42 Bison,L1P,L
3FEC31,D-MGEA,C42,IKARUS C-42 Bison,L1P,L
3FED31,D-MAAH,FDCT,FLIGHT DESIGN CT,L1P,L
3FEE31,D-MZIL,MT,ROTORSPORT MTOSport,G1P,L
3FEF31,D-MURG,ULAC,,L0-,-
3FF031,D-MUGL,ALGR,FANTASY AIR Allegro,L1P,L
3FF131,D-MMZB,FK9,B&F TECHNIK FK-9,L1P,L
3FF231,D-MPBM,C42,IKARUS C-42 Bison,L1P,L
3FF331,D-MCWT,,,,
3FF431,D-MNSK,ULAC,,L0-,-
3FF531,D-MWBG,TL30,TL ULTRALIGHT TL-3000 Sirius,L1P,L
3FF631,D-MWIB,NG4,BRM AERO NG-4,L1P,L
3FF931,D-MGRE,TL30,TL ULTRALIGHT TL-3000 Sirius,L1P,L
400A31,G-YAKN,YK52,YAKOVLEV Yak-52,L1P,L
400C31,G-DIPM,PA46,PIPER PA-46-310/350,L1P,L
401031,G-BSLU,P28A,PIPER PA-28-140/150/160/180,L1P,L
401131,G-MEME,P28R,PIPER PA-28R-180/200/201,L1P,L
401331,G-DCDC,GLID,,L0-,-
401531,G-ARFD,PA22,PIPER PA-22,L1P,L
401831,G-AXLS,DR10,CENTRE EST Ambassadeur,L1P,L
401931,G-AZEV,PUP,BEAGLE Pup,L1P,L
401D31,G-CHTA,AA5,AMERICAN AA-5 Tiger,L1P,L
402231,G-LEAM,P28B,PIPER PA-28-201T/235/236,L1P,L
402331,G-TYRE,C172,CESSNA 172 Skyhawk,L1P,L
402531,G-BMAY,PA18,PIPER PA-18 Super Cub,L1P,L
402C31,G-MVFH,STST,CFM Star Streak,L1P,L
403131,G-MZRS,ULAC,,L0-,-
403431,G-BTKX,P28A,PIPER PA-28-140/150/160/180,L1P,L
403631,G-MYCR,ULAC,,L0-,-
403E31,G-KEVB,P28A,PIPER PA-28-140/150/160/180,L1P,L
403F31,G-BXRZ,COY2,RANS Coyote 2,L1P,L
404131,G-OGUN,AS50,AEROSPATIALE AS-350 Ecureuil,H1T,L
404431,G-BZMZ,ULAC,,L0-,-
404631,G-DOGG,BDOG,BRITISH AEROSPACE SA-3 Bulldog,L1P,L
404731,G-JEEP,EV97,EVEKTRO EV-97 EuroStar,L1P,L
404931,G-IVAL,CP10,CAP AVIATION CAP-10,L1P,L
404A31,G-MARZ,ULAC,,L0-,-
404B31,G-MOAN,RF10,FOURNIER RF-10,L1P,L
404C31,G-YSMO,ULAC,,L0-,-
404D31,G-EFON,R22,ROBINSON R-22 Mariner,H1P,L
404E31,G-MAUS,EUPA,Europa,L1P,L
404F31,G-JABU,JAB4,JABIRU J200-450,L1P,L
405031,G-CEBL,BALL,,B0-,-
405631,G-EZDA,A319,AIRBUS A-319,L2J,M
405731,G-DEPP,GLID,,L0-,-
405931,G-CJEL,GLID,,L0-,-
405A31,G-CJGE,AS21,SCHLEICHER ASK-21,L1P,L
405B31,G-DEGT,GLID,,L0-,-
405D31,G-ZIRA,ZZZZ,,-0-,-
405E31,G-CFKS,FDCT,FLIGHT DESIGN CT,L1P,L
406031,G-HMCA,EV97,EVEKTRO EV-97 EuroStar,L1P,L
406231,G-LCYL,E190,EMBRAER ERJ-190-100,L2J,M
406331,G-CGMK,SKRA,BEST OFF Sky Ranger,L1P,L
406431,G-CGRF,BALL,,B0-,-
406531,G-EUYL,A320,AIRBUS A-320,L2J,M
406831,G-UFOX,EFOX,AEROPRO Eurofox,L1P,L
406A31,G-IZOB,EC20,AIRBUS HELICOPTERS EC-120,H1T,L
406B31,G-OSEM,R44,ROBINSON R-44 Raven,H1P,L
406C31,G-JSPR,DG40,DG FLUGZEUGBAU DG-400,L1P,L
406D31,G-DOTS,DO27,DORNIER Do-27,L1P,L
406F31,G-CLRD,GLID,,L0-,-
407031,G-JZHG,B738,BOEING 737-800,L2J,M
407131,G-VBOW,B789,BOEING 787-9 Dreamliner,L2J,H
407231,G-OSAR,B06,BELL 206 JetRanger,H1T,L
407331,G-CKBY,AS65,AEROSPATIALE AS-365 Dauphin 2,H2T,L
407431,G-CKOP,BALL,,B0-,-
407531,G-CKUL,ULAC,,L0-,-
407631,G-JZBS,B738,BOEING 737-800,L2J,M
407731,G-DRTT,B738,BOEING 737-800,L2J,M
407831,G-CLGA,P28A,PIPER PA-28-140/150/160/180,L1P,L
407931,G-NHVA,EC75,AIRBUS HELICOPTERS EC-175,H2T,M
407A31,G-KIND,SR20,CIRRUS SR-20,L1P,L
407B31,G-CLUI,NG5,BRM AERO NG-5/6 Bristell,L1P,L
424131,VP-BDT,A320,AIRBUS A-320,L2J,M
424B31,M-ARDI,GLF6,GULFSTREAM G650,L2J,M
43C231,ZB683,GAZL,AEROSPATIALE SA-341 Gazelle,H1T,L
43C931,ZM703,H64,MCDONNELL DOUGLAS AH-64 Apache,H2T,M
43CF31,ZZ392,LYNX,AGUSTAWESTLAND AW-159 Super Lynx,H2T,L
440031,OE-IVC,A320,AIRBUS A-320,L2J,M
440131,OE-FGA,PA34,PIPER PA-34 Seneca,L2P,L
440331,OE-GRZ,C25B,CESSNA 525B Citation CJ3,L2J,L
440631,OE-LQB,A319,AIRBUS A-319,L2J,M
440731,OE-FAV,C340,CESSNA 340 Super,L2P,L
440831,OE-CLS,DV20,DIAMOND DA-20,L1P,L
440C31,OE-LKY,A319,AIRBUS A-319,L2J,M
447D31,5D-HH,B212,BELL 212,H2T,L
449C31,OO-GAQ,C172,CESSNA 172 Skyhawk,L1P,L
44A831,OO-JAQ,B738,BOEING 737-800,L2J,M
44C831,OO-RAQ,C172,CESSNA 172 Skyhawk,L1P,L
44E831,OO-ZAQ,GLID,,L0-,-
45F031,OY-9416,FDCT,FLIGHT DESIGN CT,L1P,L
45F431,M-507,EH10,AGUSTA WESTLAND EH-101 Merlin,H3T,M
461F31,OH-LVD,A319,AIRBUS A-319,L2J,M
467831,HN-446,F18H,BOEING FA-18 HORNET,L2J,M
469131,SX-DIQ,AT43,ATR-42-300,L2T,M
471831,HA-JEF,C650,CESSNA 650 Citation,L2J,M
471F31,HA-LVD,A21N,AIRBUS A-321neo,L2J,M
473D31,HA-XEN,ZZZZ,,-0-,-
474031,HA-YIB,PIVI,PIPSTREL Virus,L1P,L
478131,0283,EH10,AGUSTA WESTLAND EH-101 Merlin,H3T,M
478431,LN-OPI,AS50,AEROSPATIALE AS-350 Ecureuil,H1T,L
478731,LN-DYI,B738,BOEING 737-800,L2J,M
47A531,LN-NGS,B738,BOEING 737-800,L2J,M
480431,J-196,F16,GENERAL DYNAMICS F-16 Fighting Falcon,L1J,M
484131,PH-BXB,B738,BOEING 737-800,L2J,M
484631,PH-ERH,PELI,FLYER Pelican,L1P,L
484731,PH-SKF,C150,CESSNA 150,L1P,L
484931,PH-GPS,BALL,,B0-,-
484A31,PH-DFD,DA42,DIAMOND DA-42 Guardian,L2P,L
484B31,PH-EZD,E190,EMBRAER ERJ-190-100,L2J,M
484C31,PH-HOH,BALL,,B0-,-
484D31,PH-RON,BALL,,B0-,-
484E31,PH-KLJ,BX2,BRANDLI Cherry,L1P,L
484F31,PH-VRY,BALL,,B0-,-
485031,PH-MRT,TAMP,SOCATA TB-9 Tampico,L1P,L
485131,PH-1DI,ZZZZ,,-0-,-
485331,PH-1LD,ZZZZ,,-0-,-
485431,PH-1RK,ZZZZ,,-0-,-
485531,PH-2FT,ZZZZ,,-0-,-
485631,PH-2JJ,ZZZZ,,-0-,-
485D31,PH-MLW,TOBA,SOCATA Tobago,L1P,L
485E31,PH-IWS,FA7X,DASSAULT Falcon 7X,L3J,M
488131,SP-AKS,DA40,DIAMOND DA-40 Club Star,L1P,L
489131,SP-EKS,E300,EXTRA EA-300/330/350,L1P,L
489831,SP-GBS,CRUZ,CSA PS-28 Cruiser,L1P,L
48A131,SP-IKS,C152,CESSNA 152,L1P,L
48A231,SP-ISS,BE9L,BEECH 90 King Air,L2T,L
48B931,SP-OKS,C172,CESSNA 172 Skyhawk,L1P,L
48C131,SP-RKS,B738,BOEING 737-800,L2J,M
48C231,SP-RSS,B738,BOEING 737-800,L2J,M
48CE31,SP-USS,EC20,AIRBUS HELICOPTERS EC-120,H1T,L
48E231,SP-VSS,EC35,AIRBUS HELICOPTERS EC-135/635,H2T,L
490031,TWR,TWR,,T0-,-
490831,CS-BAQ,BALL,,B0-,-
491431,CS-EAQ,P06T,TECNAM P-2006T,L2P,L
492131,CS-HIQ,AS50,AEROSPATIALE AS-350 Ecureuil,H1T,L
497C31,15118,F16,GENERAL DYNAMICS F-16 Fighting Falcon,L1J,M
498431,9242,SB39,SAAB 39 Gripen,L1J,M
498B31,OK-BYQ,B412,BELL 412,H2T,L
49C031,OK-OUR51,ULAC,,L0-,-
49D031,OK-AOP,AUS6,AUSTER AOP6,L1P,L
49D231,OK-SEA,DA40,DIAMOND DA-40 Club Star,L1P,L
49D331,OK-RAK,C172,CESSNA 172 Skyhawk,L1P,L
49F031,GND,GND,,V0-,-
4B0831,HB-DCR,MOR2,MORRISEY Nifty,L1P,L
4B0C31,HB-EQB,DR40,ROBIN DR-400,L1P,L
4B1931,HB-JOB,FA7X,DASSAULT Falcon 7X,L3J,M
4B2C31,HB-QTD,BALL,,B0-,-
4B2D31,HB-RCZ,YK18,YAKOVLEV Yak-18U,L1P,L
4B3031,HB-SGN,DA40,DIAMOND DA-40 Club Star,L1P,L
4B3731,HB-UXL,KL07,BOLKOW BO-107,L1P,L
4B3A31,HB-WAZ,MCR1,COLOMBAN Ban-Bi,L1P,L
4B4331,HB-ZLP,EC20,AIRBUS HELICOPTERS EC-120,H1T,L
4B4431,HB-ZVL,AS50,AEROSPATIALE AS-350 Ecureuil,H1T,L
4B4531,HB-138,GLID,,L0-,-
4B4E31,HB-2442,DG80,DG FLUGZEUGBAU DG-800,L1P,L
4B5131,HB-3210,GLID,,L0-,-
4B5231,HB-3466,GLID,,L0-,-
4B5831,HB-5002,PISI,PIPSTREL Sinus,L1P,L
4CA331,276,A139,AGUSTA AW-139,H2T,L
4CA631,EI-DXS,ULAC,,L0-,-
4CA931,EI-SLX,AT72,ATR-72-202,L2T,M
4CAB31,EI-HEE,A332,AIRBUS A-330-200,L2J,H
4CAC31,EI-GVW,B737,BOEING 737-700,L2J,M
4CC331,TF-FXK,DH8B,DE HAVILLAND DHC-8-200 Dash 8,L2T,M
4CC531,TF-GRO,EC25,AIRBUS HELICOPTERS EC-225/725,H2T,M
4D0131,LX-NCL,B744,BOEING 747-400,L4J,H
4D2131,9H-VJV,GLEX,BOMBARDIER BD-700 Global 6000/6500,L2J,M
4D2231,9H-MDM,B190,BEECH 1900,L2T,M
4D2331,9H-BBH,GLF6,GULFSTREAM G650,L2J,M
500131,T7-CLA,P180,PIAGGIO P-180 Avanti,L2T,L
500231,T7-NAP,GLF6,GULFSTREAM G650,L2J,M
502D31,YL-LDP,A321,AIRBUS A-321,L2J,M
505C31,OM-N233,SD4,TOMARK Viper,L1P,L
505F31,OM-M737,ULAC,,L0-,-
506C31,S5-SAD,GLEX,BOMBARDIER BD-700 Global 6000/6500,L2J,M
506F31,S5-PIF,ECHO,TECNAM P-92 Echo,L1P,L
508131,UR-76413,IL76,ILYUSHIN Il-76/82,L4J,H
508431,UR-VBI,MI2,MIL Mi-2,H2T,L
511131,ES-NSF,SB20,SAAB 2000,L2T,M
512031,Z3-DAJ,P28R,PIPER PA-28R-180/200/201,L1P,L
515231,EY-561,B733,BOEING 737-300,L2J,M
601831,EZ-A700,B737,BOEING 737-700,L2J,M
682231,JU-1088,B738,BOEING 737-800,L2J,M
702C31,314-02,D228,DORNIER 228,L2T,L
706131,9K-CBJ,A20N,AIRBUS A-320neo,L2J,M
710031,HZ-SK3,GLF4,GULFSTREAM 4,L2J,M
710131,PSS-56,EC45,AIRBUS HELICOPTERS EC-145,H2T,L
710431,HZ-FAI,A320,AIRBUS A-320,L2J,M
718931,HL1131,C172,CESSNA 172 Skyhawk,L1P,L
718A31,HL1231,C172,CESSNA 172 Skyhawk,L1P,L
71AA31,HL5231,B190,BEECH 1900,L2T,M
71BD31,HL7531,B772,BOEING 777-200,L2J,H
71BE31,HL7631,B748,BOEING 747-8,L4J,H
71BF31,HL7731,A321,AIRBUS A-321,L2J,M
71C031,HL8031,B738,BOEING 737-800,L2J,M
71C331,HL8331,B738,BOEING 737-800,L2J,M
71CE31,HL9631,A169,AGUSTA AW-169,H2T,L
728131,YI-305,C30J,LOCKHEED MARTIN C-130J Super Hercules,L4T,M
728631,YI-AQQ,B744,BOEING 747-400,L4J,H
731A31,EP-FQQ,A320,AIRBUS A-320,L2J,M
735031,EP-TAQ,MD83,MCDONNELL-DOUGLAS MD-83,L2J,M
736831,EP-ZAQ,MD83,MCDONNELL-DOUGLAS MD-83,L2J,M
740731,JY-AYQ,A320,AIRBUS A-320,L2J,M
742831,JY-JAQ,B734,BOEING 737-400,L2J,M
750031,9M-FYD,AT75,ATR-72-500,L2T,M
750331,9M-KSK,PA44,PIPER PA-44 Seminole,L2P,L
750431,9M-LKE,AS50,AEROSPATIALE AS-350 Ecureuil,H1T,L
758331,RP-C181,BE58,BEECH 58 Baron,L2P,L
758531,RP-C4112,A321,AIRBUS A-321,L2J,M
76D031,9V-TAQ,A320,AIRBUS A-320,L2J,M
76E731,9117,PC21,PILATUS PC-21,L1T,L
780031,B-2830,B752,BOEING 757-200,L2J,M
780231,B-LJA,B748,BOEING 747-8,L4J,H
780431,B-5356,B738,BOEING 737-800,L2J,M
780531,B-5137,B738,BOEING 737-800,L2J,M
780631,B-5507,B738,BOEING 737-800,L2J,M
780731,B-7595,B738,BOEING 737-800,L2J,M
780831,B-6847,A320,AIRBUS A-320,L2J,M
780A31,B-LNK,A332,AIRBUS A-330-200,L2J,H
780B31,B-5831,B738,BOEING 737-800,L2J,M
780C31,B-8953,A320,AIRBUS A-320,L2J,M
780D31,B-1618,A320,AIRBUS A-320,L2J,M
780E31,B-6015,B738,BOEING 737-800,L2J,M
780F31,B-8375,A320,AIRBUS A-320,L2J,M
781031,B-8640,A321,AIRBUS A-321,L2J,M
781131,B-8983,A320,AIRBUS A-320,L2J,M
781231,B-1316,B738,BOEING 737-800,L2J,M
781431,B-1146,B38M,BOEING 737 MAX 8,L2J,M
781831,B-70M1,EC25,AIRBUS HELICOPTERS EC-225/725,H2T,M
781931,B-30ES,A20N,AIRBUS A-320neo,L2J,M
781C31,B-325K,A21N,AIRBUS A-321neo,L2J,M
781D31,B-12GX,SR20,CIRRUS SR-20,L1P,L
789231,B-LXK,A35K,AIRBUS A-350-1000,L2J,H
798031,B-6024,A319,AIRBUS A-319,L2J,M
79A031,B-2397,A320,AIRBUS A-320,L2J,M
7A4431,B-4069,CRJ7,BOMBARDIER Regional Jet CRJ-700,L2J,M
7A4931,LH96930,AS65,AEROSPATIALE AS-365 Dauphin 2,H2T,L
7B0B31,B-4092,A319,AIRBUS A-319,L2J,M
7BB131,B-5117,B738,BOEING 737-800,L2J,M
7C0131,VH-AIR,C172,CESSNA 172 Skyhawk,L1P,L
7C0231,VH-APV,CT4,PACIFIC AEROSPACE CT-4 Airtrainer,L1P,L
7C0631,VH-BIB,P28R,PIPER PA-28R-180/200/201,L1P,L
7C0731,VH-BPF,BALL,,B0-,-
7C0831,VH-BWJ,P28A,PIPER PA-28-140/150/160/180,L1P,L
7C0A31,VH-CAR,C172,CESSNA 172 Skyhawk,L1P,L
7C0F31,VH-DAB,C150,CESSNA 150,L1P,L
7C1031,VH-DHF,C182,CESSNA 182 Skylane,L1P,L
7C1531,VH-EGZ,C182,CESSNA 182 Skylane,L1P,L
7C1A31,VH-FGJ,GLEX,BOMBARDIER BD-700 Global 6000/6500,L2J,M
7C1B31,VH-FNN,F100,FOKKER 100,L2J,M
7C2531,VH-HMR,R22,ROBINSON R-22 Mariner,H1P,L
7C2631,VH-HTV,AS50,AEROSPATIALE AS-350 Ecureuil,H1T,L
7C2B31,VH-ITF,PA31,PIPER PA-31-300/310/325/350/425,L2P,L
7C2E31,VH-JER,C172,CESSNA 172 Skyhawk,L1P,L
7C3031,VH-JSZ,C525,CESSNA 525 CitationJet,L2J,L
7C3331,VH-KEB,T51,TITAN T-51 Mustang,L1P,L
7C3631,VH-KZN,PA44,PIPER PA-44 Seminole,L2P,L
7C3831,VH-LDV,ULAC,,L0-,-
7C3F31,VH-MRN,BT36,BEECH B36TC Bonanza,L1P,L
7C4031,VH-MYR,C188,CESSNA 188 AgTruck,L1P,L
7C4A31,VH-OXV,PA44,PIPER PA-44 Seminole,L2P,L
7C4F31,VH-PXF,A139,AGUSTA AW-139,H2T,L
7C5731,VH-RIB,R44,ROBINSON R-44 Raven,H1P,L
7C5B31,VH-SAR,PA31,PIPER PA-31-300/310/325/350/425,L2P,L
7C6031,VH-TAB,HROC,HARMON Rocket,L1P,L
7C6331,VH-TVN,P32R,PIPER PA-32R-300/301/301T,L1P,L
7C6631,VH-UGZ,C172,CESSNA 172 Skyhawk,L1P,L
7C6B31,VH-VGJ,A320,AIRBUS A-320,L2J,M
7C6C31,VH-VNN,RV9,VANS RV-9,L1P,L
7C6D31,VH-VUR,B738,BOEING 737-800,L2J,M
7C7631,VH-XMR,B733,BOEING 737-300,L2J,M
7C7B31,VH-YMB,M20T,MOONEY M-20T,L1P,L
7C7F31,VH-ZER,C172,CESSNA 172 Skyhawk,L1P,L
7C8031,VH-ZLV,SF34,SAAB 340,L2T,M
7C8131,VH-ZSZ,SR20,CIRRUS SR-20,L1P,L
7CC431,23-8835,AP22,AEROPRACT A-22,L1P,L
7CF831,A97-441,C30J,LOCKHEED MARTIN C-130J Super Hercules,L4T,M
7CFA31,A32-988,B350,BEECHCRAFT Super King Air 350,L2T,M
800231,K3065,AN32,ANTONOV An-32 Sutlej,L2T,M
800331,KW3556,E145,EMBRAER ERJ-145,L2J,M
800431,VT-SPR,B738,BOEING 737-800,L2J,M
800631,VT-IKR,A109,AGUSTA AW-109 Grand,H2T,L
800B31,VT-TSL,B429,BELL 429 GlobalRanger,H2T,L
800D31,VT-HCA,BE20,BEECH 200 Super King Air,L2T,M
800F31,IN753,H60,SIKORSKY UH-60 Black Hawk,H2T,M
801431,VT-ISV,A20N,AIRBUS A-320neo,L2J,M
801531,VT-IMW,A21N,AIRBUS A-321neo,L2J,M
840931,JA02HP,EC35,AIRBUS HELICOPTERS EC-135/635,H2T,L
84BD31,JA22NF,R22,ROBINSON R-22 Mariner,H1P,L
863B31,JA6929,B412,BELL 412,H2T,L
87C831,5511,P1,KAWASAKI P-1,L4J,M
87CC31,68-1204,KC2,KAWASAKI C-2,L2J,H
880831,HS-BAQ,DA42,DIAMOND DA-42 Guardian,L2P,L
896431,DU-FZA,PA18,PIPER PA-18 Super Cub,L1P,L
896531,A6-FMK,B38M,BOEING 737 MAX 8,L2J,M
896C31,1331,SF34,SAAB 340,L2T,M
898031,P2-ANL,DH8B,DE HAVILLAND DHC-8-200 Dash 8,L2T,M
899031,B-16728,B77W,BOEING 777-300ER,L2J,H
899131,B-17002,AT76,ATR-72-600,L2T,M
8A0131,LL-0109,KT1,KOREAN AEROSPACE KT-1,L1T,L
8A0531,PK-GPX,A333,AIRBUS A-330-300,L2J,H
8A0831,PK-LDL,B738,BOEING 737-800,L2J,M
A00031,N1BX,GLF5,GULFSTREAM 5,L2J,M
A00131,N1NC,F2TH,DASSAULT Falcon 2000,L2J,M
A00331,N10JP,GLF4,GULFSTREAM 4,L2J,M
A00531,N100F,G164,GRUMMAN G-164 Ag-Cat,L1P,L
A00631,N100RF,BE19,BEECH 19 Sport,L1P,L
A00731,N1001B,,,,
A00831,N1008N,PA23,PIPER PA-23,L2P,L
A00A31,N101UD,GL5T,BOMBARDIER BD-700 Global 5000/5500,L2J,M
A00B31,N1013E,CH7B,BELLANCA 7 Citabria,L1P,L
A00D31,N102LW,PA18,PIPER PA-18 Super Cub,L1P,L
A01031,N103DN,DRON,,D0-,-
A01231,N1030,BE17,BEECH 17 Staggerwing,L1P,L
A01331,N1037L,PULS,Pulsar,L1P,L
A01631,N1042C,UH12,HILLER UH-12,H1P,L
A01731,N1049P,PA18,PIPER PA-18 Super Cub,L1P,L
A01A31,N1054F,AR15,AERONCA 15 Sedan,L1P,L
A01B31,N106CA,C402,CESSNA 402 Businessliner,L2P,L
A02131,N1071A,PA31,PIPER PA-31-300/310/325/350/425,L2P,L
A02231,N1078M,C172,CESSNA 172 Skyhawk,L1P,L
A02431,N108UC,PA31,PIPER PA-31-300/310/325/350/425,L2P,L
A02531,N1083D,C195,CESSNA 195,L1P,L
A02631,N109AP,C25A,CESSNA 525A Citation CJ2,L2J,L
A02931,N1095G,GLID,,L0-,-
A02A31,N11DM,SA30,STOLP Starduster Too,L1P,L
A02E31,N110WK,SR20,CIRRUS SR-20,L1P,L
A02F31,N11041,CH7A,BELLANCA 7 Champion,L1P,L
A03031,N111CW,,,,
A03131,N111PB,R22,ROBINSON R-22 Mariner,H1P,L
A03331,N11164,E45X,EMBRAER ERJ-145XR,L2J,M
A03531,N112S,BE35,BEECH 35 Starfire Bonanza,L1P,L
A03631,N1121W,PA12,PIPER PA-12 Super Cruiser,L1P,L
A03831,N113JS,GLAS,Glasair,L1P,L
A03B31,N114BJ,AA5,AMERICAN AA-5 Tiger,L1P,L
A03E31,N11452,C150,CESSNA 150,L1P,L
A04131,N1150U,M20P,MOONEY M-20,L1P,L
A04231,N11575,C170,CESSNA 170,L1P,L
A04431,N116TL,DHC3,DE HAVILLAND DHC-3 Otter,L1P,L
A04531,N1162X,PA34,PIPER PA-34 Seneca,L2P,L
A04731,N117LC,BK17,EUROCOPTER BK117 C-1/2,H2T,L
A04831,N117WJ,C150,CESSNA 150,L1P,L
A04931,N11740,C150,CESSNA 150,L1P,L
A04D31,N11863,BE18,BEECH 18 Expetitor,L2P,L
A05031,N1191V,T206,CESSNA T206 Turbo Stationair,L1P,L
A05231,N12JR,CH75,ZENAIR CH-750 Cruzer,L1P,L
A05531,N120RH,PA44,PIPER PA-44 Seminole,L2P,L
A05631,N1201D,,,,
A05731,N1208Q,CRER,RANS Courier,L1P,L
A05B31,N122AS,SR22,CIRRUS SR-22,L1P,L
A05E31,N1225K,L8,LUSCOMBE 8,L1P,L
A05F31,N123DQ,BCS1,AIRBUS A220-100,L2J,M
A06031,N123PW,GLID,,L0-,-
A06131,N1230B,C82S,CESSNA T182 Turbo Skylane,L1P,L
A06831,N125VS,P28A,PIPER PA-28-140/150/160/180,L1P,L
A06931,N1254H,P28R,PIPER PA-28R-180/200/201,L1P,L
A06F31,N127RG,C550,CESSNA 550 Citation S2,L2J,L
A07531,N129AR,A109,AGUSTA AW-109 Grand,H2T,L
A07731,N129XC,CC19,CUB CRAFTERS CC-19 XCub,L1P,L
A07831,N1295J,COL4,CESSNA 400 Corvalis TT,L1P,L
A07A31,N13PV,EC30,AIRBUS HELICOPTERS EC-130,H1T,L
A07E31,N13043,ZZZZ,,-0-,-
A08231,N13166,ZZZZ,,-0-,-
A08531,N1321Y,C172,CESSNA 172 Skyhawk,L1P,L
A08831,N133V,BU33,BUCKER Bu-133 Jungmeister,L1P,L
A08931,N13331,COL4,CESSNA 400 Corvalis TT,L1P,L
A08A31,N134BL,T34P,BEECH T-34 Mentor,L1P,L
A08B31,N134MS,B06,BELL 206 JetRanger,H1T,L
A08D31,N13454,C177,CESSNA  177 Cardinal,L1P,L
A09531,N137,C310,CESSNA 310,L2P,L
A09A31,N138PC,DRON,,D0-,-
A09C31,N13865,PA23,PIPER PA-23,L2P,L
A09E31,N139SA,C206,CESSNA  206 Stationair,L1P,L
A0A031,N13988,E145,EMBRAER ERJ-145,L2J,M
A0A531,N1401F,C172,CESSNA 172 Skyhawk,L1P,L
A0A631,N1408S,C182,CESSNA 182 Skylane,L1P,L
A0A731,N141JB,EAGL,CHRISTEN Eagle,L1P,L
A0AB31,N142M,BE35,BEECH 35 Starfire Bonanza,L1P,L
A0AD31,N1425M,P337,CESSNA P337 Skymaster,L2P,L
A0AE31,N143DS,BE58,BEECH 58 Baron,L2P,L
A0B131,N1437Q,C150,CESSNA 150,L1P,L
A0B331,N144SW,B06,BELL 206 JetRanger,H1T,L
A0BB31,N146YS,C170,CESSNA 170,L1P,L
A0BC31,N1466N,J3,PIPER J-3 Cub,L1P,L
A0BD31,N147FC,P28A,PIPER PA-28-140/150/160/180,L1P,L
A0BF31,N1471E,C172,CESSNA 172 Skyhawk,L1P,L
A0C831,N15DR,SR22,CIRRUS SR-22,L1P,L
A0CA31,N150AB,RALL,SOCATA Rallye,L1P,L
A0CB31,N150LH,P28A,PIPER PA-28-140/150/160/180,L1P,L
A0CE31,N151D,P51,NORTH AMERICAN P-51 Mustang,L1P,L
A0D331,N152SD,SR22,CIRRUS SR-22,L1P,L
A0D431,N15210,AT3T,AIR TRACTOR AT-302/402,L1T,L
A0D631,N153JW,T51,TITAN T-51 Mustang,L1P,L
A0D831,N15333,,,,
A0DA31,N154MU,,,,
A0DE31,N155QS,GLEX,BOMBARDIER BD-700 Global 6000/6500,L2J,M
A0E031,N15579,P28A,PIPER PA-28-140/150/160/180,L1P,L
A0E331,N15621,P28A,PIPER PA-28-140/150/160/180,L1P,L
A0E431,N157AA,A321,AIRBUS A-321,L2J,M
A0E531,N157LG,SHIP,,B0-,-
A0E731,N15744,P28R,PIPER PA-28R-180/200/201,L1P,L
A0EA31,N158ZL,BE18,BEECH 18 Expetitor,L2P,L
A0ED31,N159SC,PARA,,P0-,-
A0EF31,N1599,GLID,,L0-,-
A0F031,N16JV,T6,NORTH AMERICAN T-6 Texan,L1P,L
A0F131,N16VA,COL3,CESSNA 350 Corvalis,L1P,L
A0F331,N160RM,TBM7,SOCATA TBM-700A/B/C,L1T,L
A0F931,N162AW,PA18,PIPER PA-18 Super Cub,L1P,L
A0FC31,N1625P,PA22,PIPER PA-22,L1P,L
A0FE31,N163Q,BE95,BEECH 95 Travel Air,L2P,L
A10031,N1637S,A660,THRUSH S-2R Turbo 660,L1T,L
A10231,N164SY,E75L,EMBRAER ERJ-170-200 (long wing),L2J,M
A10431,N1649V,C140,CESSNA 140,L1P,L
A10731,N1654M,ST75,STEARMAN Kaydet,L1P,L
A10931,N166NN,A321,AIRBUS A-321,L2J,M
A10B31,N1666Q,C150,CESSNA 150,L1P,L
A10C31,N167FE,B763,BOEING 767-300,L2J,H
A10D31,N167RL,B407,BELL 407,H1T,L
A10F31,N1678T,C414,CESSNA 414 Chancellor,L2P,L
A11031,N168JC,E55P,EMBRAER EMB-505 Phenom 300,L2J,M
A11631,N1695N,,,,
A11731,N17DT,S22T,CIRRUS SR-22T Turbo,L1P,L
A11831,N17PZ,P28A,PIPER PA-28-140/150/160/180,L1P,L
A11B31,N170WR,C170,CESSNA 170,L1P,L
A11D31,N171DB,,,,
A12031,N1717,ACRO,ACRO SPORT 1,L1P,L
A12131,N172G,C172,CESSNA 172 Skyhawk,L1P,L
A12231,N172SF,C72R,CESSNA 172R Cutlass RG,L1P,L
A12431,N1729C,C180,CESSNA  180 Skywagon,L1P,L
A13131,N176TS,DA42,DIAMOND DA-42 Guardian,L2P,L
A13431,N177LJ,C177,CESSNA  177 Cardinal,L1P,L
A13631,N17746,BE35,BEECH 35 Starfire Bonanza,L1P,L
A13731,N178DA,C550,CESSNA 550 Citation S2,L2J,L
A13D31,N17911,GLID,,L0-,-
A13F31,N18JX,SF50,CIRRUS SF-50 Vision,L1J,L
A14231,N180RP,C180,CESSNA  180 Skywagon,L1P,L
A14B31,N1825R,C185,CESSNA 185 Skywagon,L1P,L
A15331,N1849X,C182,CESSNA 182 Skylane,L1P,L
A15431,N185KS,C185,CESSNA 185 Skywagon,L1P,L
A15A31,N1866S,TB20,SOCATA TB-20 Trinidad,L1P,L
A16331,N189MC,S22T,CIRRUS SR-22T Turbo,L1P,L
A16831,N190AF,,,,
A16C31,N191DD,SR20,CIRRUS SR-20,L1P,L
A16F31,N1917B,L8,LUSCOMBE 8,L1P,L
A17331,N1929E,RV12,VANS RV-12,L1P,L
A17A31,N1946,J3,PIPER J-3 Cub,L1P,L
A17D31,N19502,J2,PIPER J-2 Cub,L1P,L
A17E31,N1958C,R44,ROBINSON R-44 Raven,H1P,L
A18131,N19625,C172,CESSNA 172 Skyhawk,L1P,L
A18331,N197LL,SF50,CIRRUS SF-50 Vision,L1J,L
A18431,N197WS,T206,CESSNA T206 Turbo Stationair,L1P,L
A18531,N19748,C177,CESSNA  177 Cardinal,L1P,L
A18631,N198DC,RV8,VANS RV-8,L1P,L
A18C31,N19913,C172,CESSNA 172 Skyhawk,L1P,L
A18E31,N2JZ,P46T,PIPER PA-46-500TP,L1T,L
A19031,N20FK,TB20,SOCATA TB-20 Trinidad,L1P,L
A19131,N20RR,PTS1,PITTS S-1 Special,L1P,L
A19231,N200BW,BE35,BEECH 35 Starfire Bonanza,L1P,L
A19531,N2006D,BE35,BEECH 35 Starfire Bonanza,L1P,L
A19731,N201R,M20P,MOONEY M-20,L1P,L
A19831,N20106,C172,CESSNA 172 Skyhawk,L1P,L
A19931,N2018G,C182,CESSNA 182 Skylane,L1P,L
A19A31,N202HS,,,,
A19C31,N20229,C177,CESSNA  177 Cardinal,L1P,L
A1A031,N2035B,BE36,BEECH 36 Bonanza,L1P,L
A1A131,N204DG,DG1T,DG FLUGZEUGBAU DG-1001T,L1P,L
A1A431,N2047E,C172,CESSNA 172 Skyhawk,L1P,L
A1A531,N205GE,UH1,BELL UH-1 Huey,H1T,L
A1A631,N205SL,H269,HUGHES Sky Knight,H1P,L
A1A931,N206KC,C210,CESSNA 201 Centurion,L1P,L
A1AB31,N2064,,,,
A1B031,N208ET,RV8,VANS RV-8,L1P,L
A1B231,N20805,C182,CESSNA 182 Skylane,L1P,L
A1B331,N2088F,BALL,,B0-,-
A1B631,N20928,P32R,PIPER PA-32R-300/301/301T,L1P,L
A1B731,N21AH,RV4,VANS RV-4,L1P,L
A1B831,N21LP,BE58,BEECH 58 Baron,L2P,L
A1B931,N21WV,VELO,Velocity,L1P,L
A1BA31,N210H,T210,CESSNA T210 Turbo Centurion,L1P,L
A1BB31,N210TF,C210,CESSNA 201 Centurion,L1P,L
A1BC31,N2102S,P32R,PIPER PA-32R-300/301/301T,L1P,L
A1BD31,N21093,C182,CESSNA 182 Skylane,L1P,L
A1C431,N2126Y,PA44,PIPER PA-44 Seminole,L2P,L
A1C731,N2131Q,C77R,CESSNA 177RG Cardinal RG,L1P,L
A1C831,N21381,CL35,BOMBARDIER BD-100 Challenger 350,L2J,M
A1CB31,N2143T,P28A,PIPER PA-28-140/150/160/180,L1P,L
A1CC31,N215BC,BL8,BELLANCA 8 Decathlon,L1P,L
A1CF31,N2155W,M20P,MOONEY M-20,L1P,L
A1D331,N2167Z,ULAC,,L0-,-
A1D631,N2172R,C182,CESSNA 182 Skylane,L1P,L
A1DB31,N219CP,SR20,CIRRUS SR-20,L1P,L
A1DC31,N219NV,A320,AIRBUS A-320,L2J,M
A1DF31,N22FM,C550,CESSNA 550 Citation S2,L2J,L
A1E031,N22RT,S22T,CIRRUS SR-22T Turbo,L1P,L
A1E431,N2206F,BALL,,B0-,-
A1E531,N221EW,AA5,AMERICAN AA-5 Tiger,L1P,L
A1E631,N221RB,RV4,VANS RV-4,L1P,L
A1E731,N22108,AR65,AERONCA 65 Super Chief,L1P,L
A1E931,N222HU,HUSK,CHRISTEN Husky,L1P,L
A1EA31,N222U,PA23,PIPER PA-23,L2P,L
A1EB31,N2223A,,,,
A1EC31,N223AL,DHC6,DE HAVILLAND DHC-6 Twin Otter,L2T,L
A1EE31,N223WY,SF50,CIRRUS SF-50 Vision,L1J,L
A1EF31,N2235D,C170,CESSNA 170,L1P,L
A1F331,N2247G,C182,CESSNA 182 Skylane,L1P,L
A1F731,N2259K,L8,LUSCOMBE 8,L1P,L
A20331,N229HT,UH1,BELL UH-1 Huey,H1T,L
A20631,N23AK,,,,
A20731,N23LR,,,,
A20931,N230HB,,,,
A20B31,N2302U,A319,AIRBUS A-319,L2J,M
A20C31,N23095,AT3P,AIR TRACTOR AT-301/401,L1P,L
A20D31,N231L,M20P,MOONEY M-20,L1P,L
A20F31,N2314X,C182,CESSNA 182 Skylane,L1P,L
A21331,N23260,AT3P,AIR TRACTOR AT-301/401,L1P,L
A21631,N2331S,C337,CESSNA 337 Super Skymaster,L2P,L
A21731,N23383,C82S,CESSNA T182 Turbo Skylane,L1P,L
A21831,N234JN,GLID,,L0-,-
A21A31,N2343V,B36T,BEECH 36 Turbine Bonanza,L1T,L
A21C31,N235ML,P28B,PIPER PA-28-201T/235/236,L1P,L
A21E31,N2355Y,C177,CESSNA  177 Cardinal,L1P,L
A22131,N2360Q,PA25,PIPER PA-25 Pawnee,L1P,L
A22231,N23671,TAYB,TAYLORCRAFT BC/BF/BL,L1P,L
A22F31,N24RV,RV4,VANS RV-4,L1P,L
A23031,N240C,S108,STINSON 108 Voyager,L1P,L
A23531,N241RD,C185,CESSNA 185 Skywagon,L1P,L
A23631,N2411,BE35,BEECH 35 Starfire Bonanza,L1P,L
A23731,N2418L,C172,CESSNA 172 Skyhawk,L1P,L
A23A31,N2423C,C82S,CESSNA T182 Turbo Skylane,L1P,L
A23D31,N243X,T18,THORP Tiger,L1P,L
A24031,N244PS,CRJ2,BOMBARDIER Regional Jet CRJ-200,L2J,M
A24231,N2447J,PA18,PIPER PA-18 Super Cub,L1P,L
A24631,N2459M,C172,CESSNA 172 Skyhawk,L1P,L
A24931,N2464D,C172,CESSNA 172 Skyhawk,L1P,L
A24D31,N2476G,PA38,PIPER PA-38 Tomahawk,L1P,L
A24F31,N248RC,T206,CESSNA T206 Turbo Stationair,L1P,L
A25131,N2488K,L8,LUSCOMBE 8,L1P,L
A25331,N249UA,,,,
A25631,N25LT,BE35,BEECH 35 Starfire Bonanza,L1P,L
A25731,N25WZ,M600,PIPER PA-46-600TP,L1T,L
A25A31,N2502W,PARA,,P0-,-
A25C31,N251LB,GALX,GULFSTREAM G200,L2J,M
A25D31,N251WH,GLAS,Glasair,L1P,L
A25E31,N2514Z,CH7B,BELLANCA 7 Citabria,L1P,L
A25F31,N252CU,,,,
A26031,N252P,SR22,CIRRUS SR-22,L1P,L
A26531,N2531U,BE36,BEECH 36 Bonanza,L1P,L
A27131,N25673,DC3,DOUGLAS DC-3 Dakota,L2P,M
A27431,N2572V,C77R,CESSNA 177RG Cardinal RG,L1P,L
A27631,N258LA,AT6T,AIR TRACTOR AT-602,L1T,L
A27931,N259CT,FDCT,FLIGHT DESIGN CT,L1P,L
A27D31,N26FR,E300,EXTRA EA-300/330/350,L1P,L
A28631,N2618N,C140,CESSNA 140,L1P,L
A28D31,N2635H,GLID,,L0-,-
A29131,N2647L,C172,CESSNA 172 Skyhawk,L1P,L
A29831,N2664F,C414,CESSNA 414 Chancellor,L2P,L
A29931,N267CA,C402,CESSNA 402 Businessliner,L2P,L
A29F31,N2681A,PA18,PIPER PA-18 Super Cub,L1P,L
A2A031,N2688M,C414,CESSNA 414 Chancellor,L2P,L
A2A431,N27AP,,,,
A2A631,N27XA,AS29,SCHLEICHER ASG-29,L1P,L
A2A831,N270TM,AS31,SCHLEICHER ASH-31,L1P,L
A2AA31,N27099,J4,PIPER J-4 Cub Coupe,L1P,L
A2AB31,N271LD,T206,CESSNA T206 Turbo Stationair,L1P,L
A2B131,N27264,CAMP,GREGA GN-1 Aircamper,L1P,L
A2B331,N273S,R44,ROBINSON R-44 Raven,H1P,L
A2B431,N2731W,M20P,MOONEY M-20,L1P,L
A2B831,N2743Z,GLID,,L0-,-
A2BC31,N27552,TAYB,TAYLORCRAFT BC/BF/BL,L1P,L
A2C031,N27675,TAYB,TAYLORCRAFT BC/BF/BL,L1P,L
A2C331,N2772X,C180,CESSNA  180 Skywagon,L1P,L
A2C931,N279PA,P46T,PIPER PA-46-500TP,L1T,L
A2CE31,N280CD,SR22,CIRRUS SR-22,L1P,L
A2D031,N280YR,BE20,BEECH 200 Super King Air,L2T,M
A2D131,N2806M,P28A,PIPER PA-28-140/150/160/180,L1P,L
A2D331,N281RH,G280,GULFSTREAM G280,L2J,M
A2DC31,N2835K,C180,CESSNA  180 Skywagon,L1P,L
A2E031,N2847N,BALL,,B0-,-
A2E731,N2864H,ERCO,AIR PRODUCTS F-1 Aircoupe,L1P,L
A2E831,N287CC,PA11,PIPER PA-11 Cub Special,L1P,L
A2EE31,N2881C,C170,CESSNA 170,L1P,L
A2F331,N29AR,B505,BELL 505 JetRanger X,H1T,L
A2F531,N29XC,CC19,CUB CRAFTERS CC-19 XCub,L1P,L
A2F931,N291A,WAIX,SONEX Waiex,L1P,L
A2FE31,N292PD,R22,ROBINSON R-22 Mariner,H1P,L
A30331,N2931Y,C182,CESSNA 182 Skylane,L1P,L
A30431,N29389,C177,CESSNA  177 Cardinal,L1P,L
A30831,N295BL,,,,
A30931,N295MS,RV8,VANS RV-8,L1P,L
A30B31,N29554,C177,CESSNA  177 Cardinal,L1P,L
A30E31,N2960W,HUSK,CHRISTEN Husky,L1P,L
A30F31,N29677,P28B,PIPER PA-28-201T/235/236,L1P,L
A31331,N298,WAIX,SONEX Waiex,L1P,L
A31731,N299CX,C750,CESSNA 750 Citation 10,L2J,M
A31A31,N29965,T6,NORTH AMERICAN T-6 Texan,L1P,L
A31C31,N3SA,PC12,PILATUS PC-12,L1T,L
A31D31,N30CF,GLID,,L0-,-
A32631,N30158,C177,CESSNA  177 Cardinal,L1P,L
A32A31,N3028A,P32R,PIPER PA-32R-300/301/301T,L1P,L
A32C31,N303TS,PA31,PIPER PA-31-300/310/325/350/425,L2P,L
A32D31,N30323,J3,PIPER J-3 Cub,L1P,L
A33131,N30446,C177,CESSNA  177 Cardinal,L1P,L
A33831,N30611,J3,PIPER J-3 Cub,L1P,L
A33931,N3069B,C195,CESSNA 195,L1P,L
A33C31,N30734,C177,CESSNA  177 Cardinal,L1P,L
A34431,N3098,T18,THORP Tiger,L1P,L
A34531,N31HK,LJ35,LEARJET 35,L2J,M
A34831,N310QB,C310,CESSNA 310,L2P,L
A34931,N3100H,ERCO,AIR PRODUCTS F-1 Aircoupe,L1P,L
A34A31,N3107U,C182,CESSNA 182 Skylane,L1P,L
A34C31,N311T,PA18,PIPER PA-18 Super Cub,L1P,L
A34E31,N3119X,BEAR,AVIPRO RB-4 Bearhawk,L1P,L
A35531,N3136S,C182,CESSNA 182 Skylane,L1P,L
A35931,N3148V,C150,CESSNA 150,L1P,L
A35A31,N315JE,CL30,BOMBARDIER BD-100 Challenger 300,L2J,M
A36031,N3165Q,C182,CESSNA 182 Skylane,L1P,L
A36331,N3170G,C195,CESSNA 195,L1P,L
A36431,N3177T,C177,CESSNA  177 Cardinal,L1P,L
A36B31,N3194N,C140,CESSNA 140,L1P,L
A36F31,N320K,C320,CESSNA 320 Skyknight,L2P,L
A37031,N320VF,EXEC,ROTORWAY Exec,H1P,L
A37131,N32037,PA32,PIPER PA-32,L1P,L
A37231,N321BS,C182,CESSNA 182 Skylane,L1P,L
A37531,N3216,PA30,PIPER PA-30 Twin Comanche,L2P,L
A37931,N3228C,BE35,BEECH 35 Starfire Bonanza,L1P,L
A37F31,N324WS,CH70,ZENAIR CH-701 Stol,L1P,L
A38131,N325DC,BE58,BEECH 58 Baron,L2P,L
A38731,N32613,P28R,PIPER PA-28R-180/200/201,L1P,L
A38831,N3269D,BALL,,B0-,-
A38931,N327JZ,PC12,PILATUS PC-12,L1T,L
A39331,N3298B,BUCA,ADVANCED AEROMARINE Buccaneer,A1P,L
A39431,N33HM,BE35,BEECH 35 Starfire Bonanza,L1P,L
A39531,N33TT,GLID,,L0-,-
A39931,N3307W,PA32,PIPER PA-32,L1P,L
A39A31,N331GW,C82T,CESSNA TR182 Turbo Skylane RG,L1P,L
A3A131,N333CL,SA30,STOLP Starduster Too,L1P,L
A3A231,N333NS,DRON,,D0-,-
A3A331,N333YY,SR20,CIRRUS SR-20,L1P,L
A3A731,N3341L,BE24,BEECH 24 Sierra,L1P,L
A3AB31,N3353P,PA23,PIPER PA-23,L2P,L
A3AE31,N336XL,C56X,CESSNA 560XL Citation XLS,L2J,M
A3AF31,N3365S,C210,CESSNA 201 Centurion,L1P,L
A3B331,N3377V,C150,CESSNA 150,L1P,L
A3B631,N3382M,PA12,PIPER PA-12 Super Cruiser,L1P,L
A3B831,N339KT,PA11,PIPER PA-11 Cub Special,L1P,L
A3BC31,N34NR,B222,BELL 222,H2T,L
A3C031,N34039,C77R,CESSNA 177RG Cardinal RG,L1P,L
A3C231,N341N,C25B,CESSNA 525B Citation CJ3,L2J,L
A3D731,N3469F,FOX,KITFOX,L1P,L
A3D831,N347KA,C208,CESSNA 208 Caravan,L1T,L
A3DF31,N349ER,P28A,PIPER PA-28-140/150/160/180,L1P,L
A3E131,N34903,C177,CESSNA  177 Cardinal,L1P,L
A3E231,N3498D,C170,CESSNA 170,L1P,L
A3E331,N35HP,GLAS,Glasair,L1P,L
A3E431,N35TV,BE9L,BEECH 90 King Air,L2T,L
A3E531,N350E,PA46,PIPER PA-46-310/350,L1P,L
A3E731,N3500M,C82T,CESSNA TR182 Turbo Skylane RG,L1P,L
A3E831,N3507Y,C182,CESSNA 182 Skylane,L1P,L
A3EC31,N35191,C177,CESSNA  177 Cardinal,L1P,L
A3EE31,N352WB,FA50,DASSAULT Falcon 50,L3J,M
A40431,N358TC,BE95,BEECH 95 Travel Air,L2P,L
A40531,N3582P,PA31,PIPER PA-31-300/310/325/350/425,L2P,L
A40631,N35890,PA31,PIPER PA-31-300/310/325/350/425,L2P,L
A40C31,N36YZ,LESP,LANCAIR ES-P,L1P,L
A40F31,N3604A,PA22,PIPER PA-22,L1P,L
A41131,N361NB,A319,AIRBUS A-319,L2J,M
A41331,N3616D,C310,CESSNA 310,L2P,L
A42231,N3657E,CH7A,BELLANCA 7 Champion,L1P,L
A42531,N36617,AR65,AERONCA 65 Super Chief,L1P,L
A42D31,N3686C,C180,CESSNA  180 Skywagon,L1P,L
A43231,N37HR,RV8,VANS RV-8,L1P,L
A43B31,N37193,GLID,,L0-,-
A43E31,N3724V,C140,CESSNA 140,L1P,L
A44031,N373NW,A320,AIRBUS A-320,L2J,M
A44931,N3753T,P28R,PIPER PA-28R-180/200/201,L1P,L
A44A31,N376BC,SR22,CIRRUS SR-22,L1P,L
A44D31,N3765W,PA32,PIPER PA-32,L1P,L
A44E31,N377EA,EUPA,Europa,L1P,L
A45031,N3770N,M20P,MOONEY M-20,L1P,L
A45131,N3777Z,PA18,PIPER PA-18 Super Cub,L1P,L
A45431,N3782R,P28A,PIPER PA-28-140/150/160/180,L1P,L
A45931,N38CP,F2TH,DASSAULT Falcon 2000,L2J,M
A45B31,N38ZA,,,,
A46231,N3816F,G2T1,GREAT LAKES 2T-1,L1P,L
A46431,N382RB,ERAC,DICKEY E-Racer,L1P,L
A46531,N38208,P32R,PIPER PA-32R-300/301/301T,L1P,L
A46931,N3833A,,,,
A46D31,N3845D,C182,CESSNA 182 Skylane,L1P,L
A47431,N38619,J3,PIPER J-3 Cub,L1P,L
A47831,N3874B,BE35,BEECH 35 Starfire Bonanza,L1P,L
A47E31,N389RA,BE20,BEECH 200 Super King Air,L2T,M
A48031,N3898H,M20P,MOONEY M-20,L1P,L
A48631,N39072,L8,LUSCOMBE 8,L1P,L
A48D31,N3924X,P28B,PIPER PA-28-201T/235/236,L1P,L
A49331,N394RW,TBM7,SOCATA TBM-700A/B/C,L1T,L
A49F31,N3970Q,C172,CESSNA 172 Skyhawk,L1P,L
A4A031,N39771,PA32,PIPER PA-32,L1P,L
A4A131,N398HA,,,,
A4A731,N3994W,PA32,PIPER PA-32,L1P,L
A4AA31,N4ZC,C680,CESSNA 680 Citation Sovereign,L2J,M
A4AB31,N40KH,RALL,SOCATA Rallye,L1P,L
A4AE31,N400S,PA31,PIPER PA-31-300/310/325/350/425,L2P,L
A4B131,N401JS,GLF4,GULFSTREAM 4,L2J,M
A4B331,N4013Z,BALL,,B0-,-
A4BA31,N4030U,R22,ROBINSON R-22 Mariner,H1P,L
A4BD31,N404TL,VELO,Velocity,L1P,L
A4C031,N405LC,C130,LOCKHEED C-130 Hercules,L4T,M
A4C331,N406CV,C82T,CESSNA TR182 Turbo Skylane RG,L1P,L
A4C631,N40663,J3,PIPER J-3 Cub,L1P,L
A4C731,N407FT,P28A,PIPER PA-28-140/150/160/180,L1P,L
A4C831,N407RZ,AS20,SCHLEICHER ASW-20,L1P,L
A4CE31,N409BH,H25B,HAWKER BEECHCRAFT Hawker 750/850,L2J,M
A4D131,N40951,P28A,PIPER PA-28-140/150/160/180,L1P,L
A4D231,N41EF,PA18,PIPER PA-18 Super Cub,L1P,L
A4DF31,N4129R,P28A,PIPER PA-28-140/150/160/180,L1P,L
A4E831,N415RG,ERCO,AIR PRODUCTS F-1 Aircoupe,L1P,L
A4ED31,N4163F,P28A,PIPER PA-28-140/150/160/180,L1P,L
A4EE31,N417AR,PC12,PILATUS PC-12,L1T,L
A4F231,N418DP,PA34,PIPER PA-34 Seneca,L2P,L
A4F431,N4180A,P46T,PIPER PA-46-500TP,L1T,L
A4F731,N419ST,SR22,CIRRUS SR-22,L1P,L
A4FB31,N42VR,SR20,CIRRUS SR-20,L1P,L
A4FC31,N420FW,C82T,CESSNA TR182 Turbo Skylane RG,L1P,L
A4FF31,N42089,J3,PIPER J-3 Cub,L1P,L
A50131,N421V,C421,CESSNA 421 Executive Commuter,L2P,L
A50331,N422BL,DA42,DIAMOND DA-42 Guardian,L2P,L
A50D31,N4242Z,PA18,PIPER PA-18 Super Cub,L1P,L
A50E31,N425,G2T1,GREAT LAKES 2T-1,L1P,L
A51031,N425WL,C425,CESSNA 425 Corsair,L2T,L
A51331,N426PC,DV20,DIAMOND DA-20,L1P,L
A51731,N427SA,GLF4,GULFSTREAM 4,L2J,M
A51A31,N428JT,PA18,PIPER PA-18 Super Cub,L1P,L
A51D31,N429BK,BALL,,B0-,-
A51E31,N429MR,C25C,CESSNA 525C Citation CJ4,L2J,M
A52031,N42953,J3,PIPER J-3 Cub,L1P,L
A52131,N43EH,PA18,PIPER PA-18 Super Cub,L1P,L
A52431,N430M,C82R,CESSNA R182 Skylane RG,L1P,L
A52631,N4305M,PA12,PIPER PA-12 Super Cruiser,L1P,L
A52731,N431DS,DA40,DIAMOND DA-40 Club Star,L1P,L
A52931,N4310D,RV7,VANS RV-7,L1P,L
A52A31,N4317Q,C172,CESSNA 172 Skyhawk,L1P,L
A52C31,N432SW,CRJ2,BOMBARDIER Regional Jet CRJ-200,L2J,M
A52D31,N4322G,,,,
A53531,N4346N,C195,CESSNA 195,L1P,L
A53831,N4351E,CH7A,BELLANCA 7 Champion,L1P,L
A53931,N4358R,C172,CESSNA 172 Skyhawk,L1P,L
A54331,N4380C,PA46,PIPER PA-46-310/350,L1P,L
A54431,N4387P,PA23,PIPER PA-23,L2P,L
A54A31,N44VT,RV6,VANS RV-6,L1P,L
A55131,N44133,TAYB,TAYLORCRAFT BC/BF/BL,L1P,L
A55231,N442BN,R44,ROBINSON R-44 Raven,H1P,L
A55531,N44256,COY2,RANS Coyote 2,L1P,L
A55731,N443QS,E55P,EMBRAER EMB-505 Phenom 300,L2J,M
A55831,N4430Y,PA25,PIPER PA-25 Pawnee,L1P,L
A55C31,N44421,P28A,PIPER PA-28-140/150/160/180,L1P,L
A55D31,N445AA,A21N,AIRBUS A-321neo,L2J,M
A55F31,N445WN,B737,BOEING 737-700,L2J,M
A56431,N44667,P28A,PIPER PA-28-140/150/160/180,L1P,L
A56531,N447FX,E545,EMBRAER EMB545 Praetor 500,L2J,M
A56D31,N449MT,GLF6,GULFSTREAM G650,L2J,M
A57031,N45EK,EVOP,LANCAIR Evolution Piston,L1P,L
A57231,N450AW,CRJ2,BOMBARDIER Regional Jet CRJ-200,L2J,M
A57331,N450MB,GLF4,GULFSTREAM 4,L2J,M
A57831,N4510F,P28A,PIPER PA-28-140/150/160/180,L1P,L
A58031,N4534M,T34P,BEECH T-34 Mentor,L1P,L
A58431,N4546Q,C310,CESSNA 310,L2P,L
A58531,N455FE,A310,AIRBUS A-310,L2J,H
A58631,N455RL,B06,BELL 206 JetRanger,H1T,L
A58831,N4558T,BALL,,B0-,-
A58931,N456JC,EC35,AIRBUS HELICOPTERS EC-135/635,H2T,L
A58B31,N4563K,NAVI,NORTH AMERICAN Navion,L1P,L
A58D31,N457MA,,,,
A59231,N4580E,C82R,CESSNA R182 Skylane RG,L1P,L
A59A31,N460G,C172,CESSNA 172 Skyhawk,L1P,L
A5A031,N46135,C152,CESSNA 152,L1P,L
A5A731,N46300,C180,CESSNA  180 Skywagon,L1P,L
A5A831,N4638A,BE95,BEECH 95 Travel Air,L2P,L
A5AC31,N465AC,BL8,BELLANCA 8 Decathlon,L1P,L
A5B131,N466PG,RV6,VANS RV-6,L1P,L
A5C231,N470MD,LJ60,LEARJET 60,L2J,M
A5C431,N4705R,B47G,BELL 47G,H1P,L
A5C731,N4710H,M20P,MOONEY M-20,L1P,L
A5CA31,N472T,BE35,BEECH 35 Starfire Bonanza,L1P,L
A5CB31,N4722L,P28A,PIPER PA-28-140/150/160/180,L1P,L
A5D331,N4746S,,,,
A5DB31,N477AX,B763,BOEING 767-300,L2J,H
A5DC31,N477MC,B744,BOEING 747-400,L4J,H
A5DE31,N4775Q,C185,CESSNA 185 Skywagon,L1P,L
A5E531,N4792K,NAVI,NORTH AMERICAN Navion,L1P,L
A5E631,N4799W,AC11,NORTH AMERICAN ROCKWELL Commander 112/114,L1P,L
A5EA31,N480SH,EN48,ENSTROM TH-28,H1T,L
A5EB31,N48014,AR6T,AERONCA 65 Tandem,L1P,L
A5EC31,N4809E,C180,CESSNA  180 Skywagon,L1P,L
A5F631,N48302,CAMP,GREGA GN-1 Aircamper,L1P,L
A5FB31,N485AE,B407,BELL 407,H1T,L
A5FF31,N486DC,SR22,CIRRUS SR-22,L1P,L
A60231,N4867A,ULAC,,L0-,-
A60431,N487SG,B407,BELL 407,H1T,L
A60631,N4879D,C172,CESSNA 172 Skyhawk,L1P,L
A60931,N48836,C152,CESSNA 152,L1P,L
A60E31,N49EP,DRON,,D0-,-
A61031,N490B,SA30,STOLP Starduster Too,L1P,L
A61931,N492TB,C82S,CESSNA T182 Turbo Skylane,L1P,L
A61B31,N4929Z,PA22,PIPER PA-22,L1P,L
A61D31,N493W,BE36,BEECH 36 Bonanza,L1P,L
A62531,N4951L,P28A,PIPER PA-28-140/150/160/180,L1P,L
A63731,N5VZ,LNP4,LANCAIR PropJet 4,L1T,L
A63831,N50GD,BE23,BEECH 23 Sundowner,L1P,L
A63C31,N500ZB,C550,CESSNA 550 Citation S2,L2J,L
A64031,N5011Q,C310,CESSNA 310,L2P,L
A64131,N50181,C150,CESSNA 150,L1P,L
A64531,N503BC,LJ60,LEARJET 60,L2J,M
A64831,N5035W,P28A,PIPER PA-28-140/150/160/180,L1P,L
A64B31,N5040N,BL8,BELLANCA 8 Decathlon,L1P,L
A64C31,N5047Z,PA22,PIPER PA-22,L1P,L
A64F31,N5052R,BL8,BELLANCA 8 Decathlon,L1P,L
A65331,N5064U,BL8,BELLANCA 8 Decathlon,L1P,L
A65431,N507CP,SR22,CIRRUS SR-22,L1P,L
A65731,N5076X,CH7B,BELLANCA 7 Citabria,L1P,L
A65831,N508FM,MT,ROTORSPORT MTOSport,G1P,L
A66031,N51MH,RV6,VANS RV-6,L1P,L
A66131,N51XP,RV8,VANS RV-8,L1P,L
A66431,N5103A,C172,CESSNA 172 Skyhawk,L1P,L
A66831,N5115D,T6,NORTH AMERICAN T-6 Texan,L1P,L
A66E31,N513SN,MD11,MCDONNELL-DOUGLAS MD-11,L3J,H
A66F31,N51319,,,,
A67031,N5139K,NAVI,NORTH AMERICAN Navion,L1P,L
A67231,N514VL,A320,AIRBUS A-320,L2J,M
A67331,N5144B,C152,CESSNA 152,L1P,L
A67431,N515BX,,,,
A67731,N5156E,C180,CESSNA  180 Skywagon,L1P,L
A67931,N516RA,T206,CESSNA T206 Turbo Stationair,L1P,L
A67B31,N5168H,PA14,PIPER PA-14 Family Cruiser,L1P,L
A67F31,N518AK,RV8,VANS RV-8,L1P,L
A68031,N518LR,CRJ7,BOMBARDIER Regional Jet CRJ-700,L2J,M
A68231,N5185C,H500,HUGHES 500,H1T,L
A68331,N519DH,SR22,CIRRUS SR-22,L1P,L
A68631,N5197F,P28A,PIPER PA-28-140/150/160/180,L1P,L
A68831,N52SM,H25C,RAYTHEON Hawker 1000,L2J,M
A68931,N520CS,PA31,PIPER PA-31-300/310/325/350/425,L2P,L
A68A31,N520NY,H500,HUGHES 500,H1T,L
A68C31,N52060,C77R,CESSNA 177RG Cardinal RG,L1P,L
A69031,N52183,GLID,,L0-,-
A69331,N5223V,C72R,CESSNA 172R Cutlass RG,L1P,L
A69531,N523ML,PA46,PIPER PA-46-310/350,L1P,L
A69831,N524EC,S22T,CIRRUS SR-22T Turbo,L1P,L
A69A31,N5240Q,C150,CESSNA 150,L1P,L
A69D31,N525TG,C25A,CESSNA 525A Citation CJ2,L2J,L
A69E31,N5252T,PA34,PIPER PA-34 Seneca,L2P,L
A69F31,N52594,C182,CESSNA 182 Skylane,L1P,L
A6A231,N5264W,P28A,PIPER PA-28-140/150/160/180,L1P,L
A6A331,N527CR,SR22,CIRRUS SR-22,L1P,L
A6AA31,N52882,C77R,CESSNA 177RG Cardinal RG,L1P,L
A6AF31,N53MK,PA34,PIPER PA-34 Seneca,L2P,L
A6B331,N5303C,BALL,,B0-,-
A6B631,N531X,ONEX,SONEX Onex,L1P,L
A6BB31,N5327J,C172,CESSNA 172 Skyhawk,L1P,L
A6BC31,N533GJ,CRJ7,BOMBARDIER Regional Jet CRJ-700,L2J,M
A6BE31,N5332A,C310,CESSNA 310,L2P,L
A6BF31,N5339M,C172,CESSNA 172 Skyhawk,L1P,L
A6C231,N5344D,C172,CESSNA 172 Skyhawk,L1P,L
A6CD31,N5373B,COY2,RANS Coyote 2,L1P,L
A6CE31,N538AM,RV8,VANS RV-8,L1P,L
A6D131,N5385E,BE35,BEECH 35 Starfire Bonanza,L1P,L
A6D631,N54GH,GLAS,Glasair,L1P,L
A6D731,N54SP,B06,BELL 206 JetRanger,H1T,L
A6D931,N540P,PA31,PIPER PA-31-300/310/325/350/425,L2P,L
A6E131,N542UW,A321,AIRBUS A-321,L2J,M
A6EA31,N54473,P28R,PIPER PA-28R-180/200/201,L1P,L
A6F831,N5481T,CL60,BOMBARDIER CL-600 Challenger,L2J,M
A6FC31,N5493W,P210,CESSNA P210 Centurion,L1P,L
A6FF31,N55XT,,,,
A70631,N5515H,PA11,PIPER PA-11 Cub Special,L1P,L
A70831,N552PU,P28A,PIPER PA-28-140/150/160/180,L1P,L
A71131,N5544F,P32R,PIPER PA-32R-300/301/301T,L1P,L
A71231,N555CA,P28A,PIPER PA-28-140/150/160/180,L1P,L
A71331,N555NG,NAVI,NORTH AMERICAN Navion,L1P,L
A71531,N5556J,CH7A,BELLANCA 7 Champion,L1P,L
A71C31,N5573D,BE35,BEECH 35 Starfire Bonanza,L1P,L
A71D31,N558AP,GLF4,GULFSTREAM 4,L2J,M
A72131,N559DM,H25B,HAWKER BEECHCRAFT Hawker 750/850,L2J,M
A72631,N56SR,KR2,RAND KR-2,L1P,L
A72831,N560PB,C560,CESSNA 560 Citation Ultra,L2J,M
A72C31,N561S,SR22,CIRRUS SR-22,L1P,L
A73131,N5623Z,PA22,PIPER PA-22,L1P,L
A73531,N56352,PARA,,P0-,-
A73831,N5640U,P28A,PIPER PA-28-140/150/160/180,L1P,L
A73931,N56475,M7,MAULE M-7,L1P,L
A73D31,N56598,P28R,PIPER PA-28R-180/200/201,L1P,L
A74231,N567PA,SR22,CIRRUS SR-22,L1P,L
A74631,N568RZ,E50P,EMBRAER EMB-500 Phenom 100,L2J,L
A74731,N5681V,P28A,PIPER PA-28-140/150/160/180,L1P,L
A74B31,N5693Y,PA23,PIPER PA-23,L2P,L
A74C31,N57BH,AC11,NORTH AMERICAN ROCKWELL Commander 112/114,L1P,L
A74D31,N57MP,BE95,BEECH 95 Travel Air,L2P,L
A75531,N5715K,BE35,BEECH 35 Starfire Bonanza,L1P,L
A75C31,N5732E,C172,CESSNA 172 Skyhawk,L1P,L
A75D31,N5739R,C172,CESSNA 172 Skyhawk,L1P,L
A76131,N575CC,EA50,ECLIPSE 550,L2J,L
A76531,N576FA,B350,BEECHCRAFT Super King Air 350,L2T,M
A76631,N576RG,PC12,PILATUS PC-12,L1T,L
A76831,N5768P,PA24,PIPER PA-24 Comanche,L1P,L
A77231,N5790A,C172,CESSNA 172 Skyhawk,L1P,L
A77331,N5797M,,,,
A77431,N58GM,GLAS,Glasair,L1P,L
A77531,N58ST,SONX,SONEX AIRCRAFT Sonex,L1P,L
A77931,N58066,M20P,MOONEY M-20,L1P,L
A77B31,N581SB,M20P,MOONEY M-20,L1P,L
A77F31,N582V,P28R,PIPER PA-28R-180/200/201,L1P,L
A78831,N58477,ST75,STEARMAN Kaydet,L1P,L
A78C31,N586,P28A,PIPER PA-28-140/150/160/180,L1P,L
A79131,N587PC,PARA,,P0-,-
A79331,N58765,B06,BELL 206 JetRanger,H1T,L
A79531,N588SA,BE9L,BEECH 90 King Air,L2T,L
A79731,N58888,C182,CESSNA 182 Skylane,L1P,L
A79C31,N59MR,C310,CESSNA 310,L2P,L
A79E31,N590JB,A320,AIRBUS A-320,L2J,M
A7A731,N5920D,PA22,PIPER PA-22,L1P,L
A7AB31,N5932G,C150,CESSNA 150,L1P,L
A7B231,N595YS,DRON,,D0-,-
A7BB31,N598AT,BE9L,BEECH 90 King Air,L2T,L
A7C231,N5997P,PA24,PIPER PA-24 Comanche,L1P,L
A7C431,N6SV,BE35,BEECH 35 Starfire Bonanza,L1P,L
A7C631,N60PF,BE60,BEECH 60 Duke,L2P,L
A7C831,N600KS,P46T,PIPER PA-46-500TP,L1T,L
A7C931,N600VY,,,,
A7D531,N6033M,S108,STINSON 108 Voyager,L1P,L
A7D631,N604AX,MRF1,DASSAULT Mirage F1,L1J,M
A7D731,N604MC,DRON,,D0-,-
A7DC31,N6050G,C150,CESSNA 150,L1P,L
A7DD31,N6057T,C150,CESSNA 150,L1P,L
A7DE31,N606GT,,,,
A7E431,N6074N,BE23,BEECH 23 Sundowner,L1P,L
A7E831,N6086R,,,,
A7EC31,N6098U,AS50,AEROSPATIALE AS-350 Ecureuil,H1T,L
A7ED31,N61JD,C68A,CESSNA 680 Citation Latitude,L2J,M
A7F631,N612AE,E145,EMBRAER ERJ-145,L2J,M
A7F931,N61248,ST75,STEARMAN Kaydet,L1P,L
A7FE31,N614GA,GALX,GULFSTREAM G200,L2J,M
A7FF31,N614SG,LJ60,LEARJET 60,L2J,M
A80431,N61536,C172,CESSNA 172 Skyhawk,L1P,L
A80831,N61659,C172,CESSNA 172 Skyhawk,L1P,L
A80931,N617EP,C172,CESSNA 172 Skyhawk,L1P,L
A80B31,N61701,C172,CESSNA 172 Skyhawk,L1P,L
A80C31,N6178B,C182,CESSNA 182 Skylane,L1P,L
A81331,N61947,C172,CESSNA 172 Skyhawk,L1P,L
A81431,N62DB,DHC2,DE HAVILLAND DHC-2 Beaver,L1P,L
A81A31,N621CL,C82S,CESSNA T182 Turbo Skylane,L1P,L
A81D31,N6216U,SS2T,TRUSH Turbo Thrush 500/550,L1T,L
A82031,N6221L,,,,
A82131,N6228X,C340,CESSNA 340 Super,L2P,L
A82631,N624ME,PA31,PIPER PA-31-300/310/325/350/425,L2P,L
A82831,N6245S,C82R,CESSNA R182 Skylane RG,L1P,L
A82F31,N6262M,SREY,PROGRESSIVE AERODYNE SeaRey,A1P,L
A83031,N6269Y,PA23,PIPER PA-23,L2P,L
A83131,N627KT,BALL,,B0-,-
A83431,N628CK,S61,SIKORSKY S-61 Sea King,H2T,M
A83931,N629RP,BE20,BEECH 200 Super King Air,L2T,M
A83A31,N6291K,EXEC,ROTORWAY Exec,H1P,L
A84031,N63004,BALL,,B0-,-
A84B31,N633ZS,DRON,,D0-,-
A84E31,N634SJ,C172,CESSNA 172 Skyhawk,L1P,L
A85031,N6349F,C182,CESSNA 182 Skylane,L1P,L
A85331,N63538,ST75,STEARMAN Kaydet,L1P,L
A85431,N636BT,C340,CESSNA 340 Super,L2P,L
A85731,N6366A,C182,CESSNA 182 Skylane,L1P,L
A85831,N637ER,C172,CESSNA 172 Skyhawk,L1P,L
A85931,N637QX,E75L,EMBRAER ERJ-170-200 (long wing),L2J,M
A85C31,N638HP,LJ31,LEARJET 31,L2J,M
A85E31,N63826,L5,STINSON Sentinel,L1P,L
A86331,N64DD,BE36,BEECH 36 Bonanza,L1P,L
A86731,N640WB,DHC1,DE HAVILLAND DHC-1 Chipmunk,L1P,L
A86831,N6404T,C150,CESSNA 150,L1P,L
A86C31,N6416W,P210,CESSNA P210 Centurion,L1P,L
A86E31,N642RS,C72R,CESSNA 172R Cutlass RG,L1P,L
A87031,N6428Z,T206,CESSNA T206 Turbo Stationair,L1P,L
A87331,N6433R,P28A,PIPER PA-28-140/150/160/180,L1P,L
A87731,N6445U,M20P,MOONEY M-20,L1P,L
A87A31,N6450L,B350,BEECHCRAFT Super King Air 350,L2T,M
A88331,N648CM,GYRO,,G0-,-
A88631,N6486V,C303,CESSNA T303 Crusader,L2P,L
A88B31,N65JH,TB20,SOCATA TB-20 Trinidad,L1P,L
A88E31,N650R,C310,CESSNA 310,L2P,L
A88F31,N65006,C182,CESSNA 182 Skylane,L1P,L
A89431,N652AJ,SF50,CIRRUS SF-50 Vision,L1J,L
A89831,N653DG,SR22,CIRRUS SR-22,L1P,L
A89E31,N65417,C152,CESSNA 152,L1P,L
A89F31,N6549H,J3,PIPER J-3 Cub,L1P,L
A8A931,N65705,BALL,,B0-,-
A8B031,N659WV,DRON,,D0-,-
A8B231,N66DF,T210,CESSNA T210 Turbo Centurion,L1P,L
A8B331,N66PM,BL8,BELLANCA 8 Decathlon,L1P,L
A8BF31,N66281,C150,CESSNA 150,L1P,L
A8C231,N6633T,C421,CESSNA 421 Executive Commuter,L2P,L
A8C331,N664BC,S76,SIKORSKY S-76 Spirit,H2T,L
A8C631,N6645W,P28A,PIPER PA-28-140/150/160/180,L1P,L
A8CA31,N6657Z,BE33,BEECH 33 Bonanza,L1P,L
A8CD31,N6662R,M20P,MOONEY M-20,L1P,L
A8D231,N668CP,B737,BOEING 737-700,L2J,M
A8D531,N6686X,BE36,BEECH 36 Bonanza,L1P,L
A8DA31,N67JK,P210,CESSNA P210 Centurion,L1P,L
A8DC31,N670EW,R44,ROBINSON R-44 Raven,H1P,L
A8DD31,N670RB,AT8T,AIR TRACTOR AT-802,L1T,M
A8E231,N6713A,C172,CESSNA 172 Skyhawk,L1P,L
A8ED31,N67419,ST75,STEARMAN Kaydet,L1P,L
A8F731,N677RA,PA24,PIPER PA-24 Comanche,L1P,L
A8FA31,N678HT,RV8,VANS RV-8,L1P,L
A8FD31,N679AK,HUSK,CHRISTEN Husky,L1P,L
A90231,N68PP,RV4,VANS RV-4,L1P,L
A90631,N6804X,C172,CESSNA 172 Skyhawk,L1P,L
A90C31,N682RW,MD81,MCDONNELL-DOUGLAS MD-81,L2J,M
A90D31,N6821S,BE35,BEECH 35 Starfire Bonanza,L1P,L
A91331,N684ML,RV4,VANS RV-4,L1P,L
A92031,N6874W,P28A,PIPER PA-28-140/150/160/180,L1P,L
A92631,N689RV,RV9,VANS RV-9,L1P,L
A92931,N69JM,P46T,PIPER PA-46-500TP,L1T,L
A92A31,N69UT,C182,CESSNA 182 Skylane,L1P,L
A93531,N6925F,C150,CESSNA 150,L1P,L
A93631,N693DL,B752,BOEING 757-200,L2J,M
A93C31,N6942A,C172,CESSNA 172 Skyhawk,L1P,L
A93D31,N6949M,S108,STINSON 108 Voyager,L1P,L
A94031,N6954D,BALL,,B0-,-
A94431,N6966G,C150,CESSNA 150,L1P,L
A94831,N6978K,PA20,PIPER PA-20 Pacer,L1P,L
A94A31,N698UA,DH8D,DE HAVILLAND DHC-8-400 Dash 8,L2T,M
A95031,N7DK,GLF4,GULFSTREAM 4,L2J,M
A95131,N7PR,BE36,BEECH 36 Bonanza,L1P,L
A95231,N7ZX,C77R,CESSNA 177RG Cardinal RG,L1P,L
A95331,N70LB,M7,MAULE M-7,L1P,L
A95431,N70WH,C182,CESSNA 182 Skylane,L1P,L
A95531,N700GN,TBM7,SOCATA TBM-700A/B/C,L1T,L
A95731,N7002E,C175,CESSNA 175 Skylark,L1P,L
A95831,N7009R,P28A,PIPER PA-28-140/150/160/180,L1P,L
A95931,N701KL,CH70,ZENAIR CH-701 Stol,L1P,L
A95A31,N701VS,CH70,ZENAIR CH-701 Stol,L1P,L
A95B31,N7014H,J3,PIPER J-3 Cub,L1P,L
A95C31,N702CC,R44,ROBINSON R-44 Raven,H1P,L
A96231,N7031C,P28A,PIPER PA-28-140/150/160/180,L1P,L
A96331,N7038P,PA24,PIPER PA-24 Comanche,L1P,L
A96531,N704UE,C150,CESSNA 150,L1P,L
A96731,N705AR,,,,
A96A31,N7055J,PARA,,P0-,-
A96D31,N7060A,C172,CESSNA 172 Skyhawk,L1P,L
A96E31,N7067M,BALL,,B0-,-
A97631,N709CB,C25C,CESSNA 525C Citation CJ4,L2J,M
A97A31,N71F,C25B,CESSNA 525B Citation CJ3,L2J,L
A97B31,N71RF,S22T,CIRRUS SR-22T Turbo,L1P,L
A97C31,N710BL,PA11,PIPER PA-11 Cub Special,L1P,L
A97F31,N71054,C182,CESSNA 182 Skylane,L1P,L
A98331,N71177,L8,LUSCOMBE 8,L1P,L
A98431,N712HG,S61,SIKORSKY S-61 Sea King,H2T,M
A98631,N7122Z,BALL,,B0-,-
A98731,N713,RV12,VANS RV-12,L1P,L
A98931,N713WL,C560,CESSNA 560 Citation Ultra,L2J,M
A98A31,N71342,L8,LUSCOMBE 8,L1P,L
A98C31,N714PC,C150,CESSNA 150,L1P,L
A98E31,N71465,L8,LUSCOMBE 8,L1P,L
A99131,N7151X,C150,CESSNA 150,L1P,L
A99231,N71588,BALL,,B0-,-
A99331,N716JT,RV12,VANS RV-12,L1P,L
A99531,N71630,BALL,,B0-,-
A99731,N717MR,P210,CESSNA P210 Centurion,L1P,L
A99931,N71753,C182,CESSNA 182 Skylane,L1P,L
A99A31,N718EH,C72R,CESSNA 172R Cutlass RG,L1P,L
A99C31,N7180V,M20P,MOONEY M-20,L1P,L
A99D31,N71876,C182,CESSNA 182 Skylane,L1P,L
A9A331,N72WK,PA11,PIPER PA-11 Cub Special,L1P,L
A9A631,N7202G,C172,CESSNA 172 Skyhawk,L1P,L
A9A731,N7209T,C172,CESSNA 172 Skyhawk,L1P,L
A9B131,N7231E,BE36,BEECH 36 Bonanza,L1P,L
A9B631,N725AT,C25B,CESSNA 525B Citation CJ3,L2J,L
A9B931,N7255L,,,,
A9BA31,N726DR,GALX,GULFSTREAM G200,L2J,M
A9C131,N7279S,C150,CESSNA 150,L1P,L
A9C431,N7284J,P28A,PIPER PA-28-140/150/160/180,L1P,L
A9C531,N729CD,SR22,CIRRUS SR-22,L1P,L
A9C831,N7296M,C175,CESSNA 175 Skylark,L1P,L
A9CA31,N73RH,BE35,BEECH 35 Starfire Bonanza,L1P,L
A9D031,N731QS,CL35,BOMBARDIER BD-100 Challenger 350,L2J,M
A9D231,N73179,C172,CESSNA 172 Skyhawk,L1P,L
A9D631,N733AA,R44,ROBINSON R-44 Raven,H1P,L
A9DB31,N734PE,C172,CESSNA 172 Skyhawk,L1P,L
A9DD31,N73467,C207,CESSNA 207 Turbo Stationair,L1P,L
A9E231,N736JV,C172,CESSNA 172 Skyhawk,L1P,L
A9E431,N73632,PA34,PIPER PA-34 Seneca,L2P,L
A9E531,N737BM,C172,CESSNA 172 Skyhawk,L1P,L
A9E731,N737XZ,C172,CESSNA 172 Skyhawk,L1P,L
A9E831,N73755,C172,CESSNA 172 Skyhawk,L1P,L
A9ED31,N739HH,C172,CESSNA 172 Skyhawk,L1P,L
A9F031,N74A,GLF2,GULFSTREAM 2,L2J,M
A9F231,N74WM,BE58,BEECH 58 Baron,L2P,L
A9F931,N7414M,C175,CESSNA 175 Skylark,L1P,L
A9FA31,N742CG,PA18,PIPER PA-18 Super Cub,L1P,L
AA0231,N744JC,PA31,PIPER PA-31-300/310/325/350/425,L2P,L
AA0331,N744UJ,BE55,BEECH 55 Baron,L2P,L
AA0531,N745AV,A320,AIRBUS A-320,L2J,M
AA0631,N745MA,PA34,PIPER PA-34 Seneca,L2P,L
AA0F31,N7472H,J3,PIPER J-3 Cub,L1P,L
AA1131,N748KP,T206,CESSNA T206 Turbo Stationair,L1P,L
AA1331,N7484L,PA18,PIPER PA-18 Super Cub,L1P,L
AA1431,N749CF,,,,
AA1731,N7496P,PA24,PIPER PA-24 Comanche,L1P,L
AA1831,N75FD,SF50,CIRRUS SF-50 Vision,L1J,L
AA1931,N75RK,MRAI,MONNETT Monerai P,L1P,L
AA1B31,N750MW,CH75,ZENAIR CH-750 Cruzer,L1P,L
AA1C31,N750YB,CH75,ZENAIR CH-750 Cruzer,L1P,L
AA1D31,N75058,P28A,PIPER PA-28-140/150/160/180,L1P,L
AA2031,N75100,ST75,STEARMAN Kaydet,L1P,L
AA2431,N75223,ST75,STEARMAN Kaydet,L1P,L
AA2C31,N75469,PARA,,P0-,-
AA3231,N756VC,T206,CESSNA T206 Turbo Stationair,L1P,L
AA3431,N757BP,C82R,CESSNA R182 Skylane RG,L1P,L
AA3631,N757YA,C152,CESSNA 152,L1P,L
AA3B31,N7588,GLID,,L0-,-
AA3D31,N759TR,C182,CESSNA 182 Skylane,L1P,L
AA3E31,N75922,C172,CESSNA 172 Skyhawk,L1P,L
AA3F31,N76AB,LGEZ,RUTAN Long-EZ,L1P,L
AA4031,N76LH,E545,EMBRAER EMB545 Praetor 500,L2J,M
AA4131,N76WP,AA5,AMERICAN AA-5 Tiger,L1P,L
AA4531,N7609X,C172,CESSNA 172 Skyhawk,L1P,L
AA5531,N765MC,AS50,AEROSPATIALE AS-350 Ecureuil,H1T,L
AA5631,N765XJ,C750,CESSNA 750 Citation 10,L2J,M
AA5A31,N7660G,C172,CESSNA 172 Skyhawk,L1P,L
AA5B31,N7667T,C172,CESSNA 172 Skyhawk,L1P,L
AA5E31,N7672K,PA20,PIPER PA-20 Pacer,L1P,L
AA6231,N7684N,BE35,BEECH 35 Starfire Bonanza,L1P,L
AA6631,N7696R,BE23,BEECH 23 Sundowner,L1P,L
AA6731,N77FF,PTS1,PITTS S-1 Special,L1P,L
AA6831,N77RM,HROC,HARMON Rocket,L1P,L
AA6F31,N77102,C140,CESSNA 140,L1P,L
AA7031,N7718C,PA32,PIPER PA-32,L1P,L
AA7631,N773WS,C150,CESSNA 150,L1P,L
AA7831,N774DC,C340,CESSNA 340 Super,L2P,L
AA7C31,N775GA,GA7,DAHER-SOCATA TB-360 Tangara,L2P,L
AA7E31,N77513,J3,PIPER J-3 Cub,L1P,L
AA7F31,N7759D,PA22,PIPER PA-22,L1P,L
AA8331,N777BR,PA24,PIPER PA-24 Comanche,L1P,L
AA8431,N777MX,C650,CESSNA 650 Citation,L2J,M
AA8631,N77759,,,,
AA8A31,N7788B,ST75,STEARMAN Kaydet,L1P,L
AA8E31,N78AD,SAKO,RANS S-10 Sakota,L1P,L
AA9031,N78WR,C182,CESSNA 182 Skylane,L1P,L
AA9131,N780GW,RV4,VANS RV-4,L1P,L
AA9B31,N7826U,C172,CESSNA 172 Skyhawk,L1P,L
AAA631,N7855S,P28A,PIPER PA-28-140/150/160/180,L1P,L
AAB631,N79FH,H60,SIKORSKY UH-60 Black Hawk,H2T,M
AAB731,N79RP,GLF5,GULFSTREAM 5,L2J,M
AAB931,N790N,,,,
AABE31,N79104,C172,CESSNA 172 Skyhawk,L1P,L
AAC131,N792TW,G103,GROB G-103 Twin 3SL,L1P,L
AAC231,N79227,C172,CESSNA 172 Skyhawk,L1P,L
AACA31,N7947C,B25,CONSOLIDATED B-25 Mitchell,L2P,M
AAD231,N797BT,SR22,CIRRUS SR-22,L1P,L
AAD531,N7976A,T6,NORTH AMERICAN T-6 Texan,L1P,L
AADA31,N799HP,C82R,CESSNA R182 Skylane RG,L1P,L
AADD31,N8AF,RV8,VANS RV-8,L1P,L
AADE31,N8LM,BOLT,STEEN Skybolt,L1P,L
AADF31,N8WT,S22T,CIRRUS SR-22T Turbo,L1P,L
AAE031,N80GY,M20P,MOONEY M-20,L1P,L
AAE231,N800DJ,EAGL,CHRISTEN Eagle,L1P,L
AAE531,N8007G,C77R,CESSNA 177RG Cardinal RG,L1P,L
AAE631,N801GG,B350,BEECHCRAFT Super King Air 350,L2T,M
AAE831,N80119,C172,CESSNA 172 Skyhawk,L1P,L
AAE931,N8019K,S108,STINSON 108 Voyager,L1P,L
AAEC31,N8024B,C172,CESSNA 172 Skyhawk,L1P,L
AAF031,N8036E,B26,DOUGLAS A-26 Invader,L2P,M
AAF231,N804RA,AT8T,AIR TRACTOR AT-802,L1T,M
AAF331,N80407,R22,ROBINSON R-22 Mariner,H1P,L
AAF931,N806LR,S22T,CIRRUS SR-22T Turbo,L1P,L
AAFB31,N8065C,P28R,PIPER PA-28R-180/200/201,L1P,L
AAFF31,N8077F,C150,CESSNA 150,L1P,L
AB0031,N808GF,DG1T,DG FLUGZEUGBAU DG-1001T,L1P,L
AB0131,N808SM,PA31,PIPER PA-31-300/310/325/350/425,L2P,L
AB0231,N80818,,,,
AB0631,N8094A,P32R,PIPER PA-32R-300/301/301T,L1P,L
AB0731,N81BW,J3,PIPER J-3 Cub,L1P,L
AB1431,N81271,FA24,FAIRCHILD F-24 Argus,L1P,L
AB1731,N8132T,C175,CESSNA 175 Skylark,L1P,L
AB1B31,N8144W,P28A,PIPER PA-28-140/150/160/180,L1P,L
AB1F31,N8156Z,BE9L,BEECH 90 King Air,L2T,L
AB2131,N816RV,P46T,PIPER PA-46-500TP,L1T,L
AB2231,N8161R,MUS2,BUSHBY M-2 Mustang 2,L1P,L
AB2731,N818BD,LJ45,LEARJET 45,L2J,M
AB2931,N818XR,R66,ROBINSON R-66,H1T,L
AB2F31,N82H,CRBN,CURTISS-ROBERTSON Robin,L1P,L
AB3131,N820DL,BE20,BEECH 200 Super King Air,L2T,M
AB3731,N8212A,C170,CESSNA 170,L1P,L
AB3831,N8219M,C210,CESSNA 201 Centurion,L1P,L
AB3B31,N8224D,BE35,BEECH 35 Starfire Bonanza,L1P,L
AB3F31,N8236G,C172,CESSNA 172 Skyhawk,L1P,L
AB4131,N824RC,C82S,CESSNA T182 Turbo Skylane,L1P,L
AB4331,N8248K,BE36,BEECH 36 Bonanza,L1P,L
AB4531,N825UA,A319,AIRBUS A-319,L2J,M
AB4831,N826LT,PP3,PILATUS P-3,L1P,L
AB5031,N828SP,C172,CESSNA 172 Skyhawk,L1P,L
AB5231,N8289L,C172,CESSNA 172 Skyhawk,L1P,L
AB5531,N8294C,PA22,PIPER PA-22,L1P,L
AB5B31,N8303X,PA34,PIPER PA-34 Seneca,L2P,L
AB5D31,N831MN,RV9,VANS RV-9,L1P,L
AB6831,N834LA,SR22,CIRRUS SR-22,L1P,L
AB6E31,N83561,CH7A,BELLANCA 7 Champion,L1P,L
AB7531,N8373W,P28A,PIPER PA-28-140/150/160/180,L1P,L
AB7731,N838MM,C82T,CESSNA TR182 Turbo Skylane RG,L1P,L
AB7931,N8385Z,C210,CESSNA 201 Centurion,L1P,L
AB7E31,N84HB,PTS1,PITTS S-1 Special,L1P,L
AB7F31,N84TH,RV8,VANS RV-8,L1P,L
AB8031,N840DN,B739,BOEING 737-900,L2J,M
AB8231,N8400,,,,
AB8331,N8407L,C172,CESSNA 172 Skyhawk,L1P,L
AB8631,N8412C,P28A,PIPER PA-28-140/150/160/180,L1P,L
AB8B31,N843CA,P212,TECNAM P-2012 Traveller,L2P,L
AB8E31,N8436J,P28A,PIPER PA-28-140/150/160/180,L1P,L
AB9131,N8441A,PA30,PIPER PA-30 Twin Comanche,L2P,L
AB9231,N8448M,C150,CESSNA 150,L1P,L
AB9931,N8465G,C150,CESSNA 150,L1P,L
AB9A31,N847DM,RV6,VANS RV-6,L1P,L
AB9B31,N847PT,COL4,CESSNA 400 Corvalis TT,L1P,L
AB9F31,N848SR,SR22,CIRRUS SR-22,L1P,L
ABA531,N85C,CH7A,BELLANCA 7 Champion,L1P,L
ABA831,N850JS,H25B,HAWKER BEECHCRAFT Hawker 750/850,L2J,M
ABAB31,N851BJ,RV8,VANS RV-8,L1P,L
ABB631,N85398,CH7A,BELLANCA 7 Champion,L1P,L
ABB931,N85440,CH7A,BELLANCA 7 Champion,L1P,L
ABBD31,N85563,CH7A,BELLANCA 7 Champion,L1P,L
ABC031,N8561V,R22,ROBINSON R-22 Mariner,H1P,L
ABCB31,N8590T,C182,CESSNA 182 Skylane,L1P,L
ABCC31,N85974,AR11,AERONCA 11 Chief,L1P,L
ABCD31,N86HD,F2TH,DASSAULT Falcon 2000,L2J,M
ABCE31,N86TK,PC12,PILATUS PC-12,L1T,L
ABD131,N8600B,C172,CESSNA 172 Skyhawk,L1P,L
ABD531,N8612E,,,,
ABE131,N8648P,PA24,PIPER PA-24 Comanche,L1P,L
ABEB31,N8670A,B738,BOEING 737-800,L2J,M
ABEC31,N8677M,BE35,BEECH 35 Starfire Bonanza,L1P,L
ABEF31,N8682D,PA18,PIPER PA-18 Super Cub,L1P,L
ABF531,N87NH,PTS2,PITTS S-2 Special,L1P,L
ABF931,N87031,CH7B,BELLANCA 7 Citabria,L1P,L
AC0031,N8720W,P28B,PIPER PA-28-201T/235/236,L1P,L
AC0131,N87277,ERCO,AIR PRODUCTS F-1 Aircoupe,L1P,L
AC0431,N8732Z,C206,CESSNA  206 Stationair,L1P,L
AC0531,N874,UH1,BELL UH-1 Huey,H1T,L
AC0C31,N87565,BE35,BEECH 35 Starfire Bonanza,L1P,L
AC0E31,N876SA,SAVG,ZLIN AVIATION Savage,L1P,L
AC1331,N87730,J3,PIPER J-3 Cub,L1P,L
AC1B31,N87976,J3,PIPER J-3 Cub,L1P,L
AC1E31,N880DS,DA40,DIAMOND DA-40 Club Star,L1P,L
AC2131,N8807Q,SS2P,ROCKWELL Thrush Commander,L1P,L
AC2431,N8812G,DRON,,D0-,-
AC2831,N8824K,S108,STINSON 108 Voyager,L1P,L
AC2931,N883CE,F2TH,DASSAULT Falcon 2000,L2J,M
AC2F31,N8841E,GP4,OSPREY GP-4,L1P,L
AC3031,N8848R,GLAS,Glasair,L1P,L
AC3431,N886AT,PA44,PIPER PA-44 Seminole,L2P,L
AC3A31,N8870C,PA22,PIPER PA-22,L1P,L
AC3C31,N888GP,C310,CESSNA 310,L2P,L
AC3E31,N8882F,P28A,PIPER PA-28-140/150/160/180,L1P,L
AC4231,N8894J,P28A,PIPER PA-28-140/150/160/180,L1P,L
AC4331,N89CD,SR20,CIRRUS SR-20,L1P,L
AC4731,N890VB,,,,
AC4831,N89033,C140,CESSNA 140,L1P,L
AC4C31,N89156,C140,CESSNA 140,L1P,L
AC5331,N89321,E75L,EMBRAER ERJ-170-200 (long wing),L2J,M
AC5B31,N89567,C120,CESSNA 120,L1P,L
AC5D31,N896SC,PA18,PIPER PA-18 Super Cub,L1P,L
AC5E31,N8961Z,C172,CESSNA 172 Skyhawk,L1P,L
AC6231,N89732,C152,CESSNA 152,L1P,L
AC6A31,N89978,C120,CESSNA 120,L1P,L
AC6F31,N900AE,E145,EMBRAER ERJ-145,L2J,M
AC7131,N900WS,H25B,HAWKER BEECHCRAFT Hawker 750/850,L2J,M
AC7331,N901DC,BT36,BEECH B36TC Bonanza,L1P,L
AC8131,N90459,,,,
AC8531,N9058B,CH7A,BELLANCA 7 Champion,L1P,L
AC8B31,N907WR,CL60,BOMBARDIER CL-600 Challenger,L2J,M
AC8D31,N908DB,B36T,BEECH 36 Turbine Bonanza,L1T,L
AC9231,N909SF,C550,CESSNA 550 Citation S2,L2J,L
AC9331,N90912,CH7B,BELLANCA 7 Citabria,L1P,L
AC9431,N9099C,C82R,CESSNA R182 Skylane RG,L1P,L
AC9731,N910FJ,CRJ9,BOMBARDIER Regional Jet CRJ-900,L2J,M
AC9B31,N911JG,PARA,,P0-,-
ACA131,N9125S,BALL,,B0-,-
ACA631,N914GV,CL30,BOMBARDIER BD-100 Challenger 300,L2J,M
ACA931,N9149Y,M20P,MOONEY M-20,L1P,L
ACAC31,N9154Q,BE33,BEECH 33 Bonanza,L1P,L
ACB031,N9166T,PA18,PIPER PA-18 Super Cub,L1P,L
ACB131,N917FH,C68A,CESSNA 680 Citation Latitude,L2J,M
ACB231,N917RP,SR22,CIRRUS SR-22,L1P,L
ACB431,N9178W,P28B,PIPER PA-28-201T/235/236,L1P,L
ACBC31,N92DW,C175,CESSNA 175 Skylark,L1P,L
ACC831,N92215,C182,CESSNA 182 Skylane,L1P,L
ACC931,N9229F,C72R,CESSNA 172R Cutlass RG,L1P,L
ACCC31,N92338,J3,PIPER J-3 Cub,L1P,L
ACD331,N92503,C185,CESSNA 185 Skywagon,L1P,L
ACD431,N9258D,P32R,PIPER PA-32R-300/301/301T,L1P,L
ACD731,N92626,J3,PIPER J-3 Cub,L1P,L
ACD931,N927LM,T206,CESSNA T206 Turbo Stationair,L1P,L
ACDA31,N927WT,CH7A,BELLANCA 7 Champion,L1P,L
ACDD31,N928PK,RS12,RANS S-12 Super Airaile,L1P,L
ACDF31,N9287B,PARA,,P0-,-
ACE231,N92914,SKYR,REARWIN Skyranger,L1P,L
ACE331,N9299E,PARA,,P0-,-
ACE431,N93K,PTS1,PITTS S-1 Special,L1P,L
ACE731,N930RS,TBM7,SOCATA TBM-700A/B/C,L1T,L
ACF431,N9337X,C182,CESSNA 182 Skylane,L1P,L
ACF631,N934TC,C185,CESSNA 185 Skywagon,L1P,L
ACF731,N9342P,PA24,PIPER PA-24 Comanche,L1P,L
ACFB31,N9354S,BE23,BEECH 23 Sundowner,L1P,L
AD0731,N939B,,,,
AD0D31,N940AJ,GLF5,GULFSTREAM 5,L2J,M
AD1131,N941DG,S22T,CIRRUS SR-22T Turbo,L1P,L
AD1431,N9417E,AR11,AERONCA 11 Chief,L1P,L
AD1831,N9429H,,,,
AD1F31,N9446C,C180,CESSNA  180 Skywagon,L1P,L
AD2231,N94505,C152,CESSNA 152,L1P,L
AD2431,N946HR,BE60,BEECH 60 Duke,L2P,L
AD2531,N946TX,C750,CESSNA 750 Citation 10,L2J,M
AD2B31,N948DF,ULAC,,L0-,-
AD3131,N94916,C182,CESSNA 182 Skylane,L1P,L
AD3231,N9499G,T206,CESSNA T206 Turbo Stationair,L1P,L
AD3331,N95KB,R44,ROBINSON R-44 Raven,H1P,L
AD3831,N95081,TAYB,TAYLORCRAFT BC/BF/BL,L1P,L
AD3B31,N9513T,BALL,,B0-,-
AD4531,N954TE,AA5,AMERICAN AA-5 Tiger,L1P,L
AD4731,N95492,PARA,,P0-,-
AD4A31,N9554U,M20P,MOONEY M-20,L1P,L
AD4B31,N956CP,C82T,CESSNA TR182 Turbo Skylane RG,L1P,L
AD5931,N9595V,C172,CESSNA 172 Skyhawk,L1P,L
AD5C31,N960AL,S22T,CIRRUS SR-22T Turbo,L1P,L
AD5D31,N960LS,GLF4,GULFSTREAM 4,L2J,M
AD5F31,N9605D,PA22,PIPER PA-22,L1P,L
AD6031,N961DJ,PA24,PIPER PA-24 Comanche,L1P,L
AD6731,N9629K,P28A,PIPER PA-28-140/150/160/180,L1P,L
AD6A31,N9634B,C208,CESSNA 208 Caravan,L1T,L
AD6E31,N9646E,AR11,AERONCA 11 Chief,L1P,L
AD7131,N96507,C172,CESSNA 172 Skyhawk,L1P,L
AD7531,N9663,BE36,BEECH 36 Bonanza,L1P,L
AD7931,N9675C,PA32,PIPER PA-32,L1P,L
AD7E31,N969GF,R22,ROBINSON R-22 Mariner,H1P,L
AD7F31,N969SM,,,,
AD8031,N96918,TAYB,TAYLORCRAFT BC/BF/BL,L1P,L
AD8131,N9699J,P28A,PIPER PA-28-140/150/160/180,L1P,L
AD8231,N97KD,GLAS,Glasair,L1P,L
AD8331,N97VK,LNP4,LANCAIR PropJet 4,L1T,L
AD8631,N9701S,PA11,PIPER PA-11 Cub Special,L1P,L
AD8E31,N9725Y,BE95,BEECH 95 Travel Air,L2P,L
AD9131,N9730Q,BE24,BEECH 24 Sierra,L1P,L
AD9231,N97371,S108,STINSON 108 Voyager,L1P,L
AD9D31,N9766Z,DHC2,DE HAVILLAND DHC-2 Beaver,L1P,L
AD9F31,N977RV,RV7,VANS RV-7,L1P,L
ADA131,N97782,S108,STINSON 108 Voyager,L1P,L
ADA931,N98EB,SW3,SWEARINGEN Merlin 3,L2T,L
ADAB31,N980AN,B738,BOEING 737-800,L2J,M
ADAF31,N981DL,MD88,MCDONNELL-DOUGLAS MD-88,L2J,M
ADB231,N9817J,C150,CESSNA 150,L1P,L
ADB531,N9822A,J3,PIPER J-3 Cub,L1P,L
ADB631,N9829M,C207,CESSNA 207 Turbo Stationair,L1P,L
ADBD31,N9846G,C172,CESSNA 172 Skyhawk,L1P,L
ADC031,N98509,J3,PIPER J-3 Cub,L1P,L
ADC431,N9863B,C72R,CESSNA 172R Cutlass RG,L1P,L
ADC531,N987AM,A321,AIRBUS A-321,L2J,M
ADCC31,N9887H,DG15,HOWARD Nightingale,L1P,L
ADCE31,N989SP,C172,CESSNA 172 Skyhawk,L1P,L
ADCF31,N9892,G164,GRUMMAN G-164 Ag-Cat,L1P,L
ADD131,N99KF,FOX,KITFOX,L1P,L
ADD231,N99VM,BT36,BEECH B36TC Bonanza,L1P,L
ADD931,N9913X,VELO,Velocity,L1P,L
ADE031,N9930S,M20P,MOONEY M-20,L1P,L
ADE131,N99373,ERCO,AIR PRODUCTS F-1 Aircoupe,L1P,L
ADE631,N995LA,DA62,DIAMOND DA-62,L2P,L
ADEF31,N9971T,C182,CESSNA 182 Skylane,L1P,L
ADF031,N99784,ERCO,AIR PRODUCTS F-1 Aircoupe,L1P,L
ADF431,N999BF,BT36,BEECH B36TC Bonanza,L1P,L
ADF531,N999MM,BE20,BEECH 200 Super King Air,L2T,M
ADF631,N999XT,,,,
ADFE31,2118,FA20,DASSAULT Falcon 200,L2J,M
AE0031,68-8130,T38,NORTHROP T-38 Talon,L2J,L
AE0131,86-0034,DC10,MCDONNELL DOUGLAS DC-10,L3J,H
AE0231,87-0119,DC10,MCDONNELL DOUGLAS DC-10,L3J,H
AE0631,84-00175,BE20,BEECH 200 Super King Air,L2T,M
AE0A31,90-26308,H60,SIKORSKY UH-60 Black Hawk,H2T,M
AE0D31,96-26714,H60,SIKORSKY UH-60 Black Hawk,H2T,M
AE1131,02-3662,TEX2,BEECHCRAFT T-6 Texan 2,L1T,L
AE1431,04-03736,H47,BOEING-VERTOL CH-47 Chinook,H2T,M
AE1531,06-4633,C30J,LOCKHEED MARTIN C-130J Super Hercules,L4T,M
AE1731,06-3831,TEX2,BEECHCRAFT T-6 Texan 2,L1T,L
AE1C31,07-72009,EC45,AIRBUS HELICOPTERS EC-145,H2T,L
AE1F31,07-72034,EC45,AIRBUS HELICOPTERS EC-145,H2T,L
AE2031,13-72290,EC45,AIRBUS HELICOPTERS EC-145,H2T,L
AE2131,03-26991,H60,SIKORSKY UH-60 Black Hawk,H2T,M
AE2731,2706,C27J,ALENIA C-27J Spartan,L2T,M
AE4831,08-20096,H60,SIKORSKY UH-60 Black Hawk,H2T,M
AE5A31,17-08246,H47,BOEING-VERTOL CH-47 Chinook,H2T,M
AE5B31,169136,F18S,BOEING FA-18 SUPER HORNET,L2J,M
AE5D31,16-20808,H60,SIKORSKY UH-60 Black Hawk,H2T,M
AE5F31,169406,F18S,BOEING FA-18 SUPER HORNET,L2J,M
AE6031,17-20962,H60,SIKORSKY UH-60 Black Hawk,H2T,M
AE6231,69-6626,B212,BELL 212,H2T,L
AE6331,19-72442,EC45,AIRBUS HELICOPTERS EC-145,H2T,L
AE6A31,20-21127,H60,SIKORSKY UH-60 Black Hawk,H2T,M
C00131,C-FALS,B06,BELL 206 JetRanger,H1T,L
C00231,C-FAVO,,,,
C00331,C-FBFK,PA27,PIPER PA-23-250 Aztec,L2P,L
C00431,C-FBPG,CH60,ZENAIR CH-600 Zodiac,L1P,L
C00531,C-FBZC,ZZZZ,,-0-,-
C00631,C-FCIY,C172,CESSNA 172 Skyhawk,L1P,L
C00731,C-FCSU,AS32,AEROSPATIALE AS-332 Super Puma,H2T,M
C00831,C-FDCQ,ZZZZ,,-0-,-
C00931,C-FDMM,,,,
C00A31,C-FDWI,CH30,ZENAIR CH-300 Tri-Zenith,L1P,L
C00B31,C-FEGE,DHC2,DE HAVILLAND DHC-2 Beaver,L1P,L
C00C31,C-FEQA,AR6T,AERONCA 65 Tandem,L1P,L
C00D31,C-FEZW,C182,CESSNA 182 Skylane,L1P,L
C00E31,C-FFJS,C170,CESSNA 170,L1P,L
C00F31,C-FFTO,P28A,PIPER PA-28-140/150/160/180,L1P,L
C01031,C-FGDK,CH7B,BELLANCA 7 Citabria,L1P,L
C01131,C-FGNG,P46T,PIPER PA-46-500TP,L1T,L
C01231,C-FGXC,BD5,BEDE BD-5B/D/G,L1P,L
C01531,C-FIAQ,AT8T,AIR TRACTOR AT-802,L1T,M
C01631,C-FIKM,C337,CESSNA 337 Super Skymaster,L2P,L
C01731,C-FIUI,C152,CESSNA 152,L1P,L
C01831,C-FJEE,S108,STINSON 108 Voyager,L1P,L
C01A31,C-FJXW,PA18,PIPER PA-18 Super Cub,L1P,L
C01B31,C-FKHS,H500,HUGHES 500,H1T,L
C01C31,C-FKRO,LNC2,LANCAIR 200-320,L1P,L
C01D31,C-FLBK,MIMU,BUSHBY Midget Mustang,L1P,L
C01E31,C-FLLG,C140,CESSNA 140,L1P,L
C01F31,C-FLVC,BALL,,B0-,-
C02031,C-FMEY,S22T,CIRRUS SR-22T Turbo,L1P,L
C02131,C-FMOU,,,,
C02331,C-FNIM,,,,
C02431,C-FNSI,C140,CESSNA 140,L1P,L
C02531,C-FOCE,DHC2,DE HAVILLAND DHC-2 Beaver,L1P,L
C02631,C-FOMA,CH7B,BELLANCA 7 Citabria,L1P,L
C02731,C-FOVW,RV7,VANS RV-7,L1P,L
C02831,C-FPFS,F900,DASSAULT Falcon 900,L3J,M
C02931,C-FPPO,C172,CESSNA 172 Skyhawk,L1P,L
C02B31,C-FQJG,PA11,PIPER PA-11 Cub Special,L1P,L
C02C31,C-FQTC,C82R,CESSNA R182 Skylane RG,L1P,L
C02E31,C-FRMU,PA11,PIPER PA-11 Cub Special,L1P,L
C02F31,C-FRWQ,,,,
C03031,C-FSGM,DA42,DIAMOND DA-42 Guardian,L2P,L
C03131,C-FSQI,,,,
C03231,C-FTAE,AJET,DASSAULT-DORNIER Alpha Jet,L2J,M
C03331,C-FTKA,BE55,BEECH 55 Baron,L2P,L
C03531,C-FUDS,C150,CESSNA 150,L1P,L
C03631,C-FUNO,TAYA,TAYLORCRAFT A,L1P,L
C03831,C-FVHG,B212,BELL 212,H2T,L
C03931,C-FVRC,,,,
C03A31,C-FWAY,BALL,,B0-,-
C03C31,C-FWUQ,C182,CESSNA 182 Skylane,L1P,L
C03D31,C-FXEM,C172,CESSNA 172 Skyhawk,L1P,L
C03F31,C-FXYE,PA22,PIPER PA-22,L1P,L
C04031,C-FYIA,J3,PIPER J-3 Cub,L1P,L
C04131,C-FYRW,BE23,BEECH 23 Sundowner,L1P,L
C04331,C-FZLO,PA18,PIPER PA-18 Super Cub,L1P,L
C04431,C-FZVK,D11,JODEL D-11x/12x,L1P,L
C04531,C-GAFG,PA31,PIPER PA-31-300/310/325/350/425,L2P,L
C04631,C-GAPC,C560,CESSNA 560 Citation Ultra,L2J,M
C04731,C-GAYY,PA31,PIPER PA-31-300/310/325/350/425,L2P,L
C04831,C-GBIU,C172,CESSNA 172 Skyhawk,L1P,L
C04931,C-GBSQ,P28B,PIPER PA-28-201T/235/236,L1P,L
C04A31,C-GCCM,,,,
C04B31,C-GCMI,C182,CESSNA 182 Skylane,L1P,L
C04C31,C-GCWE,TAYB,TAYLORCRAFT BC/BF/BL,L1P,L
C04D31,C-GDGA,,,,
C04E31,C-GDPW,S22T,CIRRUS SR-22T Turbo,L1P,L
C04F31,C-GDZS,P28A,PIPER PA-28-140/150/160/180,L1P,L
C05031,C-GEJO,P28A,PIPER PA-28-140/150/160/180,L1P,L
C05131,C-GETK,SONX,SONEX AIRCRAFT Sonex,L1P,L
C05231,C-GFDG,C172,CESSNA 172 Skyhawk,L1P,L
C05331,C-GFNC,AC11,NORTH AMERICAN ROCKWELL Commander 112/114,L1P,L
C05431,C-GFWY,B06,BELL 206 JetRanger,H1T,L
C05531,C-GGGU,LGEZ,RUTAN Long-EZ,L1P,L
C05631,C-GGQQ,BALL,,B0-,-
C05731,C-GHAM,C185,CESSNA 185 Skywagon,L1P,L
C05831,C-GHKI,C172,CESSNA 172 Skyhawk,L1P,L
C05931,C-GHUE,B190,BEECH 1900,L2T,M
C05A31,C-GIEA,PA31,PIPER PA-31-300/310/325/350/425,L2P,L
C05B31,C-GINW,C172,CESSNA 172 Skyhawk,L1P,L
C05E31,C-GJRK,M20P,MOONEY M-20,L1P,L
C05F31,C-GKBG,DHC6,DE HAVILLAND DHC-6 Twin Otter,L2T,L
C06031,C-GKLC,CRJ2,BOMBARDIER Regional Jet CRJ-200,L2J,M
C06131,C-GKUY,,,,
C06431,C-GLYM,C177,CESSNA  177 Cardinal,L1P,L
C06631,C-GMSE,M20P,MOONEY M-20,L1P,L
C06731,C-GNCA,A139,AGUSTA AW-139,H2T,L
C06831,C-GNLW,B732,BOEING 737-200,L2J,M
C06931,C-GNVS,RC3,REPUBLIC RC-3 Seabee,A1P,L
C06A31,C-GOFO,ZZZZ,,-0-,-
C06B31,C-GOPK,B06,BELL 206 JetRanger,H1T,L
C06C31,C-GOZG,PA32,PIPER PA-32,L1P,L
C06D31,C-GPJC,C172,CESSNA 172 Skyhawk,L1P,L
C06F31,C-GQCU,C172,CESSNA 172 Skyhawk,L1P,L
C07031,C-GQMQ,,,,
C07231,C-GRGI,DH8A,DE HAVILLAND DHC-8-100 Dash 8,L2T,M
C07331,C-GRQE,P28U,PIPER PA-28RT-201T Turbo,L1P,L
C07531,C-GSJW,P28A,PIPER PA-28-140/150/160/180,L1P,L
C07731,C-GTDO,DV20,DIAMOND DA-20,L1P,L
C07831,C-GTNK,B06,BELL 206 JetRanger,H1T,L
C07931,C-GTXG,PA34,PIPER PA-34 Seneca,L2P,L
C07A31,C-GUHC,AA5,AMERICAN AA-5 Tiger,L1P,L
C07B31,C-GUQY,CH7A,BELLANCA 7 Champion,L1P,L
C07C31,C-GVAU,CH7B,BELLANCA 7 Citabria,L1P,L
C07E31,C-GVUM,BALL,,B0-,-
C07F31,C-GWEI,P46T,PIPER PA-46-500TP,L1T,L
C08031,C-GWOE,P28A,PIPER PA-28-140/150/160/180,L1P,L
C08131,C-GWYA,BL8,BELLANCA 8 Decathlon,L1P,L
C08231,C-GXHW,SR22,CIRRUS SR-22,L1P,L
C08331,C-GXRS,G200,AKROTECH G-200,L1P,L
C08631,C-GYVG,G21,GRUMMAN G-21A Goose,A2P,L
C08731,C-GZFC,C182,CESSNA 182 Skylane,L1P,L
C08831,C-GZOY,BALL,,B0-,-
C08931,C-GZYU,C182,CESSNA 182 Skylane,L1P,L
C08A31,C-IAIQ,ULAC,,L0-,-
C08B31,C-IASM,PARA,,P0-,-
C08D31,C-IBME,,,,
C08E31,C-IBWA,,,,
C08F31,C-ICFW,COY2,RANS Coyote 2,L1P,L
C09231,C-IDJK,ULAC,,L0-,-
C09431,C-IEDC,,,,
C09531,C-IEMY,ULAC,,L0-,-
C09631,C-IEWU,EVSS,EVEKTOR SportStar,L1P,L
C09731,C-IFGQ,BEVR,ASAP Beaver,L1P,L
C09931,C-IGAI,,,,
C09B31,C-IGUA,ULAC,,L0-,-
C09C31,C-IHDW,PARA,,P0-,-
C09E31,C-IHXO,ULAC,,L0-,-
C09F31,C-IIHK,PARA,,P0-,-
C0A131,C-IJBC,PARA,,P0-,-
C0A231,C-IJKY,EVSS,EVEKTOR SportStar,L1P,L
C0A331,C-IJUU,PARA,,P0-,-
C0A431,C-IKEQ,,,,
C0A531,C-IKOM,PARA,,P0-,-
C0A631,C-IKYI,ULAC,,L0-,-
C0A831,C-ILSA,ZZZZ,,-0-,-
C0A931,C-IMBW,,,,
C0BA31,C-ISNG,ULAC,,L0-,-
C0C131,C-IVEE,GLID,,L0-,-
C0CC31,C-IZIM,EFOX,AEROPRO Eurofox,L1P,L
C1E431,SERV,SERV,,V0-,-
C1EA31,SERV,SERV,,V0-,-
C2B431,148806,S92,SIKORSKY S-92 Helibus,H2T,M
C80631,ZK-FNA,P28A,PIPER PA-28-140/150/160/180,L1P,L
C80831,ZK-GII,GLID,,L0-,-
C80F31,ZK-JCL,C72R,CESSNA 172R Cutlass RG,L1P,L
C81231,ZK-RMM,M20P,MOONEY M-20,L1P,L
C81331,ZK-GKF,GLID,,L0-,-
C81531,ZK-DBL,ZZZZ,,-0-,-
C81831,ZK-RCV,GYRO,,G0-,-
C81931,ZK-OWN,C172,CESSNA 172 Skyhawk,L1P,L
C81A31,ZK-WWM,T51,TITAN T-51 Mustang,L1P,L
C81B31,ZK-MWL,PNR3,ALPI Pioneer 330,L1P,L
C81C31,ZK-SDF,P750,PACIFIC AEROSPACE P-750 XStol,L1T,L
C81D31,ZK-MTS,DA42,DIAMOND DA-42 Guardian,L2P,L
C81E31,ZK-IKS,H269,HUGHES Sky Knight,H1P,L
C82031,ZK-TDO,C206,CESSNA  206 Stationair,L1P,L
C82431,ZK-PLV,PC12,PILATUS PC-12,L1T,L
C82731,ZK-MKO,SR22,CIRRUS SR-22,L1P,L
C82831,ZK-IEQ,AS50,AEROSPATIALE AS-350 Ecureuil,H1T,L
C82931,ZK-SXL,AT6T,AIR TRACTOR AT-602,L1T,L
C87F31,NZ3616,H2,KAMAN Seasprite,H2T,L
E14C31,T-01,B752,BOEING 757-200,L2J,M
E20031,LV-S012,SIRA,TECNAM P-2002 Sierra,L1P,L
E48031,PT-XDN,LJ40,LEARJET 40,L2J,M
E48431,PP-CMM,BE9T,BEECH F90 King Air,L2T,L
E48531,PP-VDP,E50P,EMBRAER EMB-500 Phenom 100,L2J,L
E48B31,PR-DLK,BE58,BEECH 58 Baron,L2P,L
E49131,PP-CFS,BE9L,BEECH 90 King Air,L2T,L
E49231,PR-AKD,AT76,ATR-72-600,L2T,M
E49431,PR-OHS,AT45,ATR-42-500,L2T,M
E49531,PP-HTM,TBM9,SOCATA TBM-900/910/930/940,L1T,L
E49631,PS-ZEN,C206,CESSNA  206 Stationair,L1P,L
E49831,PS-JCP,A319,AIRBUS A-319,L2J,M
E49931,FAB1394,TUCA,EMBRAER EMB-312 Tucano,L1T,L
E80231,CC-COL,A320,AIRBUS A-320,L2J,M
E80331,CC-AZN,A20N,AIRBUS A-320neo,L2J,M
E80831,CC-PNB,C182,CESSNA 182 Skylane,L1P,L
E84931,AEE163,C172,CESSNA 172 Skyhawk,L1P,L
E88031,ZP-BGV,BE9L,BEECH 90 King Air,L2T,L
E88F31,ZP-BNQ,BE58,BEECH 58 Baron,L2P,L
E94131,CP-3082,RJ85,AVRO RJ-85 Avroliner,L4J,M
