00813B,ZS-ALM,E135,EMBRAER ERJ-135,L2J,M
00823B,ZS-AVI,C182,CESSNA 182 Skylane,L1P,L
00993B,ZS-JNU,PA25,PIPER PA-25 Pawnee,L1P,L
009B3B,ZS-KHM,PA32,PIPER PA-32,L1P,L
00A23B,ZS-MYK,HUSK,CHRISTEN Husky,L1P,L
00AD3B,ZS-RCS,AS50,AEROSPATIALE AS-350 Ecureuil,H1T,L
01023B,SU-BUS,A20N,AIRBUS A-320neo,L2J,M
02003B,CN-AOM,C130,LOCKHEED C-130 Hercules,L4T,M
03003B,A2-OKJ,C208,CESSNA 208 Caravan,L1T,L
04003B,ET-AOB,B738,BOEING 737-800,L2J,M
04C03B,5Y-KYD,B738,BOEING 737-800,L2J,M
04C13B,5Y-SKN,F50,FOKKER 50,L2T,M
04C23B,5Y-ZBG,C208,CESSNA 208 Caravan,L1T,L
05A03B,8Q-TMX,DHC6,DE HAVILLAND DHC-6 Twin Otter,L2T,L
06423B,5N-CHO,A139,AGUSTA AW-139,H2T,L
06A13B,A7-BAY,B77W,BOEING 777-300ER,L2J,H
07403B,S7-AMI,A320,AIRBUS A-320,L2J,M
07C03B,ST-NVB,CRJ2,BOMBARDIER Regional Jet CRJ-200,L2J,M
0A003B,7T-VUK,AT75,ATR-72-500,L2T,M
0A403B,7T-WRM,B350,BEECHCRAFT Super King Air 350,L2T,M
0A803B,C6-BFE,B735,BOEING 737-500,L2J,M
0AC93B,PNC-0734,UH1,BELL UH-1 Huey,H1T,L
0AE03B,MSP007,MD60,MCDONNELL-DOUGLAS MD-600N,H1T,L
0C203B,HP-1535CMP,B738,BOEING 737-800,L2J,M
0C213B,HP-1667,C172,CESSNA 172 Skyhawk,L1P,L
0C603B,9Y-TTD,AT76,ATR-72-600,L2T,M
0D083B,XA-GAH,E190,EMBRAER ERJ-190-100,L2J,M
0D0B3B,XA-UMW,SW4,SWEARINGEN Metro,L2T,M
0D0E3B,XA-VSP,A20N,AIRBUS A-320neo,L2J,M
0D833B,YV3419,LJ55,LEARJET 55,L2J,M
0D843B,YV3421,WW24,IAI 1124 Westwind,L2J,M
142E3B,RA-11835,,,,
14FA3B,RA-64059,T204,TUPOLEV Tu-204/214/224/234,L2J,M
15063B,RA-67131,GL5T,BOMBARDIER BD-700 Global 5000/5500,L2J,M
151E3B,RA-73275,B77W,BOEING 777-300ER,L2J,H
15203B,RA-73787,A333,AIRBUS A-330-300,L2J,H
15533B,RA-86843,,,,
155C3B,RA-89147,SU95,SUKHOI Superjet 100-95,L2J,M
30043B,I-CGAT,PAY1,PIPER PA-31T1-500 Cheyenne 1,L2T,L
30063B,I-LCIA,A169,AGUSTA AW-169,H2T,L
30073B,I-PFDI,C25M,CESSNA 525 Citation M2,L2J,L
31DF3B,I-D893,AP22,AEROPRACT A-22,L1P,L
32003B,MM81970,A169,AGUSTA AW-169,H2T,L
38203B,MM62251,AT45,ATR-42-500,L2T,M
38283B,F-CHNP,LK19,SPORTINE AVIACIJA LAK-19T,L1P,L
382A3B,F-PYCR,MCR1,COLOMBAN Ban-Bi,L1P,L
382F3B,F-CHDR,GLID,,L0-,-
38303B,F-CHTS,DUOD,SCHEMPP-HIRTH Duo Discus,L1P,L
38353B,F-CGOH,GLID,,L0-,-
38393B,F-CHFP,GLID,,L0-,-
383A3B,F-PSSA,D11,JODEL D-11x/12x,L1P,L
383D3B,F-CJAC,NIMB,SCHEMPP-HIRTH Nimbus,L1P,L
383F3B,F-CIDM,DUOD,SCHEMPP-HIRTH Duo Discus,L1P,L
38423B,F-PYAS,ZZZZ,,-0-,-
38443B,F-PJJN,D140,JODEL D-140 Mousquetaire,L1P,L
38453B,F-PDBA,MCR4,DYNAERO MCR-2/4,L1P,L
38463B,F-PLTB,F8L,AEROMERE F-8L Falco,L1P,L
38483B,F-POSM,MCR1,COLOMBAN Ban-Bi,L1P,L
384B3B,F-PIEP,MCR4,DYNAERO MCR-2/4,L1P,L
384E3B,F-PMDC,MCR1,COLOMBAN Ban-Bi,L1P,L
38503B,F-POOL,MCR4,DYNAERO MCR-2/4,L1P,L
38563B,F-WMXQ,ZZZZ,,-0-,-
385B3B,F-PHEB,D140,JODEL D-140 Mousquetaire,L1P,L
385C3B,F-WKVI,AT76,ATR-72-600,L2T,M
385F3B,F-PFTN,MCR1,COLOMBAN Ban-Bi,L1P,L
38623B,F-PDOE,MCR4,DYNAERO MCR-2/4,L1P,L
386D3B,F-PCGG,LGEZ,RUTAN Long-EZ,L1P,L
386E3B,F-PJPH,RV7,VANS RV-7,L1P,L
38733B,F-PROJ,D150,JODEL D-150 Mascaret,L1P,L
38743B,F-PYCA,MCR4,DYNAERO MCR-2/4,L1P,L
387B3B,F-CGGO,DISC,SCHEMPP-HIRTH Discus,L1P,L
387D3B,F-PZCH,CH64,ZENAIR CH-640 Zodiac,L1P,L
387F3B,F-PMRN,HN70,NICOLLIER Menestrel 2,L1P,L
38803B,F-WUAV,S6,STEMME S-6,L1P,L
38853B,F-PUDI,MCR4,DYNAERO MCR-2/4,L1P,L
38863B,F-WXAB,A359,AIRBUS A-350-900,L2J,H
38873B,F-WXAJ,A20N,AIRBUS A-320neo,L2J,M
388A3B,F-CGUL,GLID,,L0-,-
388B3B,F-CFVM,GLID,,L0-,-
388C3B,F-PLVM,ZZZZ,,-0-,-
388F3B,F-WZFR,A359,AIRBUS A-350-900,L2J,H
38903B,F-WZFZ,A359,AIRBUS A-350-900,L2J,H
38913B,F-PACJ,MCR1,COLOMBAN Ban-Bi,L1P,L
38933B,F-WZGF,A359,AIRBUS A-350-900,L2J,H
38943B,F-WZGN,A359,AIRBUS A-350-900,L2J,H
38953B,F-WZGV,A359,AIRBUS A-350-900,L2J,H
38973B,F-AZHG,PP3,PILATUS P-3,L1P,L
38993B,F-POIL,MJ5,JURCA MJ-5 Sirocco,L1P,L
389B3B,F-WZHC,A359,AIRBUS A-350-900,L2J,H
389C3B,F-WZHK,A359,AIRBUS A-350-900,L2J,H
389E3B,F-WZNB,A359,AIRBUS A-350-900,L2J,H
389F3B,F-WZNJ,A359,AIRBUS A-350-900,L2J,H
38A03B,F-WZNS,A359,AIRBUS A-350-900,L2J,H
38A13B,F-WZNK,A359,AIRBUS A-350-900,L2J,H
38A43B,F-PYON,DR10,CENTRE EST Ambassadeur,L1P,L
38A53B,F-WTAG,ZZZZ,,-0-,-
38AA3B,F-CGQO,GLID,,L0-,-
38AB3B,F-WTBU,ZZZZ,,-0-,-
38AC3B,F-WTBK,ZZZZ,,-0-,-
38AD3B,F-WTAK,ZZZZ,,-0-,-
38AE3B,F-PVMD,RV8,VANS RV-8,L1P,L
38B03B,F-PYTI,DR10,CENTRE EST Ambassadeur,L1P,L
38B53B,F-PGRJ,MCR4,DYNAERO MCR-2/4,L1P,L
38B93B,F-PSBA,RV9,VANS RV-9,L1P,L
38C03B,F-PFAD,HN70,NICOLLIER Menestrel 2,L1P,L
38C53B,F-WNEO,A20N,AIRBUS A-320neo,L2J,M
38C83B,F-PMYD,LGEZ,RUTAN Long-EZ,L1P,L
38C93B,F-WZOD,FA6X,DASSAULT Falcon 6X,L2J,M
38CD3B,F-WTBD,ZZZZ,,-0-,-
38CF3B,F-PAAS,CP32,PIEL Super Emeraude,L1P,L
38D33B,F-PAKZ,ZA6,AEROKOPTER ZA-6 Sanka,H1P,L
38D53B,F-WZMH,A21N,AIRBUS A-321neo,L2J,M
38D63B,F-WZMP,A21N,AIRBUS A-321neo,L2J,M
38D73B,F-WZMX,A21N,AIRBUS A-321neo,L2J,M
38D83B,F-PGJA,ZZZZ,,-0-,-
38DA3B,F-AYVZ,NAVI,NORTH AMERICAN Navion,L1P,L
38DE3B,F-CLDE,DUOD,SCHEMPP-HIRTH Duo Discus,L1P,L
38DF3B,F-WTBR,ZZZZ,,-0-,-
38E03B,F-HGDE,G2CA,GUIMBAL G-2 Cabri,H1P,L
38E53B,F-PCOZ,COZY,CO-Z Cozy,L1P,L
38E83B,F-WMIL,A35K,AIRBUS A-350-1000,L2J,H
38E93B,F-CARJ,RF10,FOURNIER RF-10,L1P,L
38ED3B,F-WTTE,A339,AIRBUS A-330-900,L2J,H
38EE3B,F-CFDL,GLID,,L0-,-
38EF3B,F-PRCT,ZZZZ,,-0-,-
38F33B,F-CLLC,AS25,SCHLEICHER ASH-25,L1P,L
38F43B,F-PSLR,MCR1,COLOMBAN Ban-Bi,L1P,L
38FC3B,F-WTAW,ZZZZ,,-0-,-
38FF3B,F-PYYG,RV4,VANS RV-4,L1P,L
39013B,F-PGRN,RV14,VANS RV-14,L1P,L
39023B,F-CGTO,GLID,,L0-,-
39073B,F-PIXI,RV8,VANS RV-8,L1P,L
390D3B,F-PNAR,SAPH,PIEL Saphir,L1P,L
390F3B,F-CBER,ARCP,SCHEMPP-HIRTH Arcus M,L1P,L
39113B,F-WTAQ,ZZZZ,,-0-,-
39133B,F-CBDE,GLID,,L0-,-
39143B,F-PVTB,RV8,VANS RV-8,L1P,L
391E3B,F-PECS,D18,JODEL D-18/19/20,L1P,L
391F3B,F-CHMY,GLID,,L0-,-
39253B,F-CMVO,AS29,SCHLEICHER ASG-29,L1P,L
392A3B,F-CGTS,GLID,,L0-,-
392B3B,RX05,TWR,,T0-,-
392E3B,F-PHAN,LNC2,LANCAIR 200-320,L1P,L
392F3B,F-PSIR,ZZZZ,,-0-,-
39313B,F-PZMT,LGEZ,RUTAN Long-EZ,L1P,L
39323B,F-WYHG,G2CA,GUIMBAL G-2 Cabri,H1P,L
39333B,F-COOO,GLID,,L0-,-
39383B,F-CPPM,SF28,SCHEIBE SF-28 Tandem Falke,L1P,L
39393B,F-PJCG,DR10,CENTRE EST Ambassadeur,L1P,L
393A3B,F-PLBR,ZZZZ,,-0-,-
393B3B,F-PJAI,JAB4,JABIRU J200-450,L1P,L
39413B,F-AZQV,T28,NORTH AMERICAN T-28,L1P,L
39423B,F-PMLA,MCR4,DYNAERO MCR-2/4,L1P,L
39443B,F-CFZD,GLID,,L0-,-
39463B,F-AYZC,TB30,SOCATA TB-30 Epsilon,L1P,L
394C3B,F-CLSH,LS8,ROLLADEN-SCHNEIDER LS-8T,L1P,L
39593B,F-PINJ,CP30,PIEL Emeraude,L1P,L
395F3B,F-PLPG,ZZZZ,,-0-,-
39623B,F-PZMH,PT80,POTTIER P-180,L1P,L
39633B,F-AYCJ,CJ6,NANCHANG CJ-6,L1P,L
3AAB3B,F-MGAW,GAZL,AEROSPATIALE SA-341 Gazelle,H1T,L
3B7B3B,F-ZBQN,EC45,AIRBUS HELICOPTERS EC-145,H2T,L
3C123B,D-AVXM,A319,AIRBUS A-319,L2J,M
3CD43B,D-CHRF,C25B,CESSNA 525B Citation CJ3,L2J,L
3D083B,D-EBJF,SIRA,TECNAM P-2002 Sierra,L1P,L
3D0A3B,D-ECCX,C172,CESSNA 172 Skyhawk,L1P,L
3D0C3B,D-ECWP,C172,CESSNA 172 Skyhawk,L1P,L
3D0F3B,D-EEAD,CP30,PIEL Emeraude,L1P,L
3D123B,D-EFDR,PA46,PIPER PA-46-310/350,L1P,L
3D133B,D-EFNN,M20P,MOONEY M-20,L1P,L
3D143B,D-EFXJ,A210,AQUILA A-210,L1P,L
3D153B,D-EGHF,C172,CESSNA 172 Skyhawk,L1P,L
3D163B,D-EGRB,TOBA,SOCATA Tobago,L1P,L
3D183B,D-EHKT,M20P,MOONEY M-20,L1P,L
3D193B,D-EHUP,DA40,DIAMOND DA-40 Club Star,L1P,L
3D1A3B,D-EIEL,Z26,ZLIN Z-26/126/226/326/526/626/726,L1P,L
3D1B3B,D-EIOH,C172,CESSNA 172 Skyhawk,L1P,L
3D1C3B,D-EIYD,C152,CESSNA 152,L1P,L
3D1E3B,D-EJRV,TAMP,SOCATA TB-9 Tampico,L1P,L
3D1F3B,D-EKBR,P28S,PIPER PA-28R-201T,L1P,L
3D223B,D-ELFF,P28A,PIPER PA-28-140/150/160/180,L1P,L
3D243B,D-ELYX,SR22,CIRRUS SR-22,L1P,L
3D253B,D-EMIT,C182,CESSNA 182 Skylane,L1P,L
3D2D3B,D-EPJN,SR22,CIRRUS SR-22,L1P,L
3D323B,D-ERGT,C172,CESSNA 172 Skyhawk,L1P,L
3D343B,D-ESAL,C172,CESSNA 172 Skyhawk,L1P,L
3D363B,D-ESUD,Z37P,LET Z-37 Cmelak,L1P,L
3D3F3B,D-EWET,DR40,ROBIN DR-400,L1P,L
3D403B,D-EWOP,Z42,ZLIN Z-42/142/242,L1P,L
3D413B,D-EWYL,TB20,SOCATA TB-20 Trinidad,L1P,L
3D673B,D-FLIP,C208,CESSNA 208 Caravan,L1T,L
3D763B,D-FRAH,P46T,PIPER PA-46-500TP,L1T,L
3DD33B,D-HAFZ,B47G,BELL 47G,H1P,L
3DD73B,D-HBTJ,EC45,AIRBUS HELICOPTERS EC-145,H2T,L
3E023B,D-HSAT,BK17,EUROCOPTER BK117 C-1/2,H2T,L
3E0A3B,D-HVBN,EC35,AIRBUS HELICOPTERS EC-135/635,H2T,L
3E1F3B,D-IDAH,BE20,BEECH 200 Super King Air,L2T,M
3E363B,D-ILST,C525,CESSNA 525 CitationJet,L2J,L
3E5D3B,D-KAMT,RF10,FOURNIER RF-10,L1P,L
3E613B,D-KCAD,G109,GROB G-109,L1P,L
3E673B,D-KEHF,GLID,,L0-,-
3E683B,D-KERB,SF25,SCHEIBE SF-25 Falke,L1P,L
3E693B,D-KFAX,GLID,,L0-,-
3ECF3B,D-KTLB,AS31,SCHLEICHER ASH-31,L1P,L
3EE63B,D-1444,GLID,,L0-,-
3EE93B,D-2212,GLID,,L0-,-
3EFC3B,D-7076,DISC,SCHEMPP-HIRTH Discus,L1P,L
3F853B,76+10,EC45,AIRBUS HELICOPTERS EC-145,H2T,L
3FA93B,82+59,EC35,AIRBUS HELICOPTERS EC-135/635,H2T,L
3FC63B,D-OMMT,BALL,,B0-,-
3FD53B,D-OSEL,BALL,,B0-,-
3FEA3B,D-MHFN,C42,IKARUS C-42 Bison,L1P,L
3FEB3B,D-MSDM,CORO,CORVUS Corone,L1P,L
3FEC3B,D-MLPS,WT9,AEROSPOOL WT-9 Dynamic,L1P,L
3FED3B,D-MFZA,FK9,B&F TECHNIK FK-9,L1P,L
3FEE3B,D-MWPA,G3,REMOS Mirage,L1P,L
3FEF3B,D-MMMN,FOX,KITFOX,L1P,L
3FF03B,D-MVLE,VL3,AVEKO Flamingo,L1P,L
3FF23B,D-MRHH,ECHO,TECNAM P-92 Echo,L1P,L
3FF33B,D-MHCB,ULAC,,L0-,-
3FF43B,D-MYSE,DAL4,DALLACH D-4 Fascination,L1P,L
3FF53B,D-MZLB,PITA,PIPSTREL Taurus 503,L1P,L
3FF63B,D-MTHN,EFOX,AEROPRO Eurofox,L1P,L
3FF93B,D-MELU,ECHO,TECNAM P-92 Echo,L1P,L
40083B,G-EUPE,A319,AIRBUS A-319,L2J,M
40093B,G-FLYA,M20P,MOONEY M-20,L1P,L
400A3B,G-FILE,PA34,PIPER PA-34 Seneca,L2P,L
400B3B,G-LOFT,C500,CESSNA 500 Citation 1,L2J,L
400E3B,G-JPJR,R44,ROBINSON R-44 Raven,H1P,L
400F3B,G-SUCT,R22,ROBINSON R-22 Mariner,H1P,L
40103B,G-OCDP,FDCT,FLIGHT DESIGN CT,L1P,L
40113B,G-IACC,S92,SIKORSKY S-92 Helibus,H2T,M
40123B,G-JAKI,M20P,MOONEY M-20,L1P,L
40133B,G-ORMW,C42,IKARUS C-42 Bison,L1P,L
40143B,G-AJHS,DH82,DE HAVILLAND DH-82 Tiger Moth,L1P,L
40173B,G-AVUS,P28A,PIPER PA-28-140/150/160/180,L1P,L
40183B,G-AXNR,PUP,BEAGLE Pup,L1P,L
401B3B,G-BCBL,FA24,FAIRCHILD F-24 Argus,L1P,L
40203B,G-BKGL,BE18,BEECH 18 Expetitor,L2P,L
40213B,G-BRGW,GY20,CAB GY-20 Minicab,L1P,L
40233B,G-VITE,R100,ROBIN Aiglon,L1P,L
40253B,G-DKDP,G109,GROB G-109,L1P,L
40293B,G-POOL,ARV1,ARV Super 2,L1P,L
402A3B,G-IFLP,PA34,PIPER PA-34 Seneca,L2P,L
402B3B,G-LORD,PA34,PIPER PA-34 Seneca,L2P,L
402E3B,G-BPVO,CASS,NATIONAL AERONAUTICS Cassutt 3M,L1P,L
40323B,G-BSOZ,P28A,PIPER PA-28-140/150/160/180,L1P,L
403C3B,G-HMEC,R22,ROBINSON R-22 Mariner,H1P,L
403F3B,G-BXTS,DV20,DIAMOND DA-20,L1P,L
40413B,G-BYHO,ULAC,,L0-,-
40423B,G-BYPU,P32R,PIPER PA-32R-300/301/301T,L1P,L
40433B,G-NEON,PA32,PIPER PA-32,L1P,L
40443B,G-MCCF,ULAC,,L0-,-
40453B,G-IANI,EUPA,Europa,L1P,L
40483B,G-FERN,ULAC,,L0-,-
404B3B,G-COXS,AP22,AEROPRACT A-22,L1P,L
404D3B,G-MARO,SKRA,BEST OFF Sky Ranger,L1P,L
404E3B,G-CDND,GA7,DAHER-SOCATA TB-360 Tangara,L2P,L
404F3B,G-TANA,ULAC,,L0-,-
40543B,G-CHRS,DISC,SCHEMPP-HIRTH Discus,L1P,L
40563B,G-DELA,GLID,,L0-,-
40573B,G-CFZB,GLID,,L0-,-
405A3B,G-DADA,MT,ROTORSPORT MTOSport,G1P,L
405B3B,G-EGBP,CH7A,BELLANCA 7 Champion,L1P,L
405C3B,G-JAYZ,CRUZ,CSA PS-28 Cruiser,L1P,L
40603B,G-DDLG,GLID,,L0-,-
40613B,G-CGBH,XA85,RAJ HAMSA XA-85,L1P,L
40643B,G-EZTY,A320,AIRBUS A-320,L2J,M
40663B,G-KEVZ,ULAC,,L0-,-
40673B,G-JOTR,RJ85,AVRO RJ-85 Avroliner,L4J,M
406A3B,G-MUJD,RV12,VANS RV-12,L1P,L
406B3B,G-DGEF,GLID,,L0-,-
406C3B,G-VZIG,B789,BOEING 787-9 Dreamliner,L2J,H
406D3B,G-MHPS,GLST,GLASAIR SH-4 GlaStar,L1P,L
406E3B,G-CIOP,AS55,AEROSPATIALE AS-355 Ecureuil 2,H2T,L
406F3B,G-TUIJ,B789,BOEING 787-9 Dreamliner,L2J,H
40703B,G-JWDW,C42,IKARUS C-42 Bison,L1P,L
40723B,G-VBAR,BALL,,B0-,-
40733B,G-MAPY,PA31,PIPER PA-31-300/310/325/350/425,L2P,L
40743B,G-RVAR,RV8,VANS RV-8,L1P,L
40753B,G-OOEG,CL35,BOMBARDIER BD-100 Challenger 350,L2J,M
40763B,G-SHLS,A109,AGUSTA AW-109 Grand,H2T,L
40773B,G-TUMK,B38M,BOEING 737 MAX 8,L2J,M
407A3B,G-CLNN,SKRA,BEST OFF Sky Ranger,L1P,L
407E3B,G-RANL,A109,AGUSTA AW-109 Grand,H2T,L
42413B,VP-CJC,GLEX,BOMBARDIER BD-700 Global 6000/6500,L2J,M
42423B,VP-BRM,A321,AIRBUS A-321,L2J,M
42433B,VP-BUS,B738,BOEING 737-800,L2J,M
42443B,VQ-BDD,B738,BOEING 737-800,L2J,M
42453B,VQ-BOT,CRJ2,BOMBARDIER Regional Jet CRJ-200,L2J,M
424B3B,M-PURE,EC45,AIRBUS HELICOPTERS EC-145,H2T,L
43C33B,ZJ700,EUFI,EUROFIGHTER 2000,L2J,M
43C73B,ZK355,EUFI,EUROFIGHTER 2000,L2J,M
43E93B,M-ARKZ,CL60,BOMBARDIER CL-600 Challenger,L2J,M
43EB3B,2-JACK,P46T,PIPER PA-46-500TP,L1T,L
43EE3B,2-NITE,CL60,BOMBARDIER CL-600 Challenger,L2J,M
44013B,OE-XMU,B407,BELL 407,H1T,L
44053B,OE-KMT,C172,CESSNA 172 Skyhawk,L1P,L
44063B,OE-DTU,DA40,DIAMOND DA-40 Club Star,L1P,L
44073B,OE-CUV,J3,PIPER J-3 Cub,L1P,L
44083B,OE-IJA,A320,AIRBUS A-320,L2J,M
440B3B,OE-LKS,GLF4,GULFSTREAM 4,L2J,M
440C3B,OE-BD,A320,AIRBUS A-320,L2J,M
447D3B,5D-HS,B212,BELL 212,H2T,L
463E3B,OH-XOT,RV6,VANS RV-6,L1P,L
46783B,HN-456,F18H,BOEING FA-18 HORNET,L2J,M
47183B,HA-JEP,C650,CESSNA 650 Citation,L2J,M
47323B,HA-TAP,PIAT,PIPISTREL Alpha Trainer,L1P,L
47343B,HA-TUH,BDOG,BRITISH AEROSPACE SA-3 Bulldog,L1P,L
477D3B,GND,GND,,V0-,-
47843B,LN-OWI,H269,HUGHES Sky Knight,H1P,L
47873B,LN-FZO,C172,CESSNA 172 Skyhawk,L1P,L
47993B,LN-LFT,DA40,DIAMOND DA-40 Club Star,L1P,L
47A73B,LN-JHH,CL35,BOMBARDIER BD-100 Challenger 350,L2J,M
48083B,D-666,H47,BOEING-VERTOL CH-47 Chinook,H2T,M
48433B,P4-BAB,C208,CESSNA 208 Caravan,L1T,L
48453B,PH-MDF,C172,CESSNA 172 Skyhawk,L1P,L
48463B,PH-RLA,SB91,SAAB 91 Safir,L1P,L
48473B,PH-GPU,BALL,,B0-,-
48483B,PH-611,GLID,,L0-,-
484D3B,PH-MMB,BALL,,B0-,-
48503B,PH-RMR,R90R,RUSCHMEYER R-90-230RG,L1P,L
48513B,PH-1EA,ZZZZ,,-0-,-
48533B,PH-ZKB,BALL,,B0-,-
48543B,PH-1QG,ZZZZ,,-0-,-
48553B,PH-2GB,ZZZZ,,-0-,-
48563B,PH-2NN,ZZZZ,,-0-,-
485C3B,PH-1626,GLID,,L0-,-
49C13B,OK-VWC31,GYRO,,G0-,-
49D03B,OK-EVK,EVSS,EVEKTOR SportStar,L1P,L
49D13B,OK-DME,P208,TECNAM P-2008,L1P,L
49D23B,OK-ONE,C177,CESSNA  177 Cardinal,L1P,L
49D33B,OK-VYR,C152,CESSNA 152,L1P,L
4B253B,HB-OCP,J3,PIPER J-3 Cub,L1P,L
4B2C3B,HB-QTN,BALL,,B0-,-
4B3F3B,HB-XYP,MD52,MCDONNELL-DOUGLAS MD-520N,H1T,L
4B413B,HB-YSH,CB1,HATZ CB-1 Classic,L1P,L
4B433B,HB-ZLZ,A109,AGUSTA AW-109 Grand,H2T,L
4B483B,HB-916,GLID,,L0-,-
4B4C3B,HB-1940,GLID,,L0-,-
4B4E3B,HB-2452,LAE1,LANGE E-1 Antares 20E,L1E,L
4B513B,HB-3220,GLID,,L0-,-
4CA03B,EI-CBK,AT43,ATR-42-300,L2T,M
4CA63B,EI-FNJ,A320,AIRBUS A-320,L2J,M
4CA73B,EI-EBS,B738,BOEING 737-800,L2J,M
4CAD3B,EI-HGS,B38M,BOEING 737 MAX 8,L2J,M
4CC53B,TF-ICM,B38M,BOEING 737 MAX 8,L2J,M
4D023B,LX-MCO,A319,AIRBUS A-319,L2J,M
4D223B,9H-QCQ,B738,BOEING 737-800,L2J,M
4D243B,9H-VCR,CL35,BOMBARDIER BD-100 Challenger 350,L2J,M
4D403B,3A-MFC,EC30,AIRBUS HELICOPTERS EC-130,H1T,L
50013B,T7-CCC,LJ45,LEARJET 45,L2J,M
50023B,T7-CAPE,GA6C,GULFSTREAM G600,L2J,M
502D3B,YL-ERA,B407,BELL 407,H1T,L
506C3B,S5-AFG,SB20,SAAB 2000,L2T,M
506F3B,S5-PGP,GLID,,L0-,-
507C3B,UK-32012,A320,AIRBUS A-320,L2J,M
50FF3B,76683,IL76,ILYUSHIN Il-76/82,L4J,H
51003B,EW-259TG,AN26,ANTONOV An-26,L2T,M
51113B,ES-AUR,EC35,AIRBUS HELICOPTERS EC-135/635,H2T,L
60183B,EZ-A017,B738,BOEING 737-800,L2J,M
68323B,UP-Y4028,YK40,YAKOVLEV Yak-40,L3J,M
702C3B,BH131,B212,BELL 212,H2T,L
70E03B,XU-706,A320,AIRBUS A-320,L2J,M
71013B,HZ-FAG,A320,AIRBUS A-320,L2J,M
73943B,4X-CSX,C208,CESSNA 208 Caravan,L1T,L
73953B,4X-HMC,TEXA,FLY SYNTHESIS Texan,L1P,L
75023B,M72-01,A139,AGUSTA AW-139,H2T,L
75033B,9M-AJC,A320,AIRBUS A-320,L2J,M
75833B,RP-C8771,A333,AIRBUS A-330-300,L2J,H
75863B,RP-C6638,AT75,ATR-72-500,L2T,M
78043B,B-9305,C172,CESSNA 172 Skyhawk,L1P,L
78053B,B-2435,B744,BOEING 747-400,L4J,H
78063B,B-5513,B738,BOEING 737-800,L2J,M
78073B,B-7699,GLEX,BOMBARDIER BD-700 Global 6000/6500,L2J,M
78083B,B-6857,A320,AIRBUS A-320,L2J,M
780A3B,B-KQI,B77W,BOEING 777-300ER,L2J,H
780B3B,B-6446,A319,AIRBUS A-319,L2J,M
780C3B,B-1827,A320,AIRBUS A-320,L2J,M
780E3B,B-8231,A332,AIRBUS A-330-200,L2J,H
780F3B,B-7368,B77W,BOEING 777-300ER,L2J,H
78103B,B-8579,A333,AIRBUS A-330-300,L2J,H
78143B,B-1117,B38M,BOEING 737 MAX 8,L2J,M
78163B,B-708M,A139,AGUSTA AW-139,H2T,L
78193B,B-30F1,A21N,AIRBUS A-321neo,L2J,M
781B3B,B-322Q,A20N,AIRBUS A-320neo,L2J,M
78923B,B-KHM,A139,AGUSTA AW-139,H2T,L
7BB03B,B-2961,B733,BOEING 737-300,L2J,M
7C073B,VH-BPP,PA22,PIPER PA-22,L1P,L
7C0D3B,VH-CWD,P28A,PIPER PA-28-140/150/160/180,L1P,L
7C0F3B,VH-DAL,SR22,CIRRUS SR-22,L1P,L
7C103B,VH-DHP,AEST,AEROSTAR 600,L2P,L
7C163B,VH-EOD,C172,CESSNA 172 Skyhawk,L1P,L
7C1A3B,VH-FGT,PC12,PILATUS PC-12,L1T,L
7C243B,VH-HFX,R44,ROBINSON R-44 Raven,H1P,L
7C293B,VH-IFH,AA5,AMERICAN AA-5 Tiger,L1P,L
7C363B,VH-KZX,A109,AGUSTA AW-109 Grand,H2T,L
7C3D3B,VH-MDP,T6,NORTH AMERICAN T-6 Texan,L1P,L
7C3E3B,VH-MKT,YK52,YAKOVLEV Yak-52,L1P,L
7C3F3B,VH-MRX,P28A,PIPER PA-28-140/150/160/180,L1P,L
7C433B,VH-NKD,H25B,HAWKER BEECHCRAFT Hawker 750/850,L2J,M
7C443B,VH-NRH,P28A,PIPER PA-28-140/150/160/180,L1P,L
7C473B,VH-OCT,SR20,CIRRUS SR-20,L1P,L
7C603B,VH-TAL,PA46,PIPER PA-46-310/350,L1P,L
7C623B,VH-TOT,PA31,PIPER PA-31-300/310/325/350/425,L2P,L
7C633B,VH-TVX,DA40,DIAMOND DA-40 Club Star,L1P,L
7C673B,VH-UOD,ZZZZ,,-0-,-
7C683B,VH-UVH,B350,BEECHCRAFT Super King Air 350,L2T,M
7C6B3B,VH-VGT,A320,AIRBUS A-320,L2J,M
7C6C3B,VH-VNX,RV14,VANS RV-14,L1P,L
7C753B,VH-XFX,DH8C,DE HAVILLAND DHC-8-300 Dash 8,L2T,M
7C7A3B,VH-YFH,B738,BOEING 737-800,L2J,M
7CC43B,23-1131,NG5,BRM AERO NG-5/6 Bristell,L1P,L
7CF83B,A97-468,C30J,LOCKHEED MARTIN C-130J Super Hercules,L4T,M
7CFA3B,A23-005,PC9,PILATUS PC-9 Hudournik,L1T,L
80063B,VT-NAV,B412,BELL 412,H2T,L
80073B,VT-ANU,B788,BOEING 787-8 Dreamliner,L2J,H
800C3B,VT-RKF,AT76,ATR-72-600,L2T,M
800D3B,VT-RKL,AT76,ATR-72-600,L2T,M
845C3B,JA10MZ,C25M,CESSNA 525 Citation M2,L2J,L
867C3B,JA724K,AS50,AEROSPATIALE AS-350 Ecureuil,H1T,L
86803B,JA737R,B738,BOEING 737-800,L2J,M
87CC3B,98-1209,KC2,KAWASAKI C-2,L2J,H
88803B,VN-A564,A320,AIRBUS A-320,L2J,M
88813B,VN-A632,A321,AIRBUS A-321,L2J,M
89653B,A6-BND,B789,BOEING 787-9 Dreamliner,L2J,H
896C3B,1301,A332,AIRBUS A-330-200,L2J,H
89913B,B-17015,AT76,ATR-72-600,L2T,M
8A003B,PK-GPF,A333,AIRBUS A-330-300,L2J,H
8A043B,PK-GNF,B738,BOEING 737-800,L2J,M
8A063B,PK-LUW,A320,AIRBUS A-320,L2J,M
8A073B,PK-WJK,AT76,ATR-72-600,L2T,M
8A083B,PK-LES,A339,AIRBUS A-330-900,L2J,H
8A093B,PK-BKM,A320,AIRBUS A-320,L2J,M
A0003B,N1CG,FA50,DASSAULT Falcon 50,L3J,M
A0013B,N1NN,,,,
A0033B,N10JZ,CH7B,BELLANCA 7 Citabria,L1P,L
A0043B,N10VE,EAGL,CHRISTEN Eagle,L1P,L
A0073B,N1001M,C172,CESSNA 172 Skyhawk,L1P,L
A0093B,N101JH,C210,CESSNA 201 Centurion,L1P,L
A00B3B,N1013Q,M7,MAULE M-7,L1P,L
A00C3B,N102B,C337,CESSNA 337 Super Skymaster,L2P,L
A00D3B,N102MF,K100,DAHER Kodiak 100,L1T,L
A00F3B,N1025T,,,,
A0103B,N103DY,A321,AIRBUS A-321,L2J,M
A0133B,N1037W,P180,PIAGGIO P-180 Avanti,L2T,L
A0153B,N104TB,P28A,PIPER PA-28-140/150/160/180,L1P,L
A0173B,N1049Z,M7,MAULE M-7,L1P,L
A0193B,N105W,ZZZZ,,-0-,-
A01E3B,N1066U,M20P,MOONEY M-20,L1P,L
A0213B,N1071L,LA4,LAKE LA-4/200,A1P,L
A0233B,N108JG,BL8,BELLANCA 8 Decathlon,L1P,L
A0263B,N109AZ,A109,AGUSTA AW-109 Grand,H2T,L
A02B3B,N11QC,EC30,AIRBUS HELICOPTERS EC-130,H1T,L
A02F3B,N1105A,PA18,PIPER PA-18 Super Cub,L1P,L
A0313B,N111PM,B06,BELL 206 JetRanger,H1T,L
A0333B,N1117D,,,,
A0353B,N112SK,SR22,CIRRUS SR-22,L1P,L
A0363B,N11216,JAB2,JABIRU J160/170,L1P,L
A0373B,N1129G,C208,CESSNA 208 Caravan,L1T,L
A03A3B,N11339,G2T1,GREAT LAKES 2T-1,L1P,L
A03C3B,N114N,PA44,PIPER PA-44 Seminole,L2P,L
A03F3B,N115ES,S22T,CIRRUS SR-22T Turbo,L1P,L
A0433B,N116HQ,E75L,EMBRAER ERJ-170-200 (long wing),L2J,M
A0443B,N116TW,BE35,BEECH 35 Starfire Bonanza,L1P,L
A04A3B,N118DE,RV6,VANS RV-6,L1P,L
A04D3B,N1187C,C177,CESSNA  177 Cardinal,L1P,L
A0523B,N12KA,FOX,KITFOX,L1P,L
A0533B,N12VG,AA1,AMERICAN AA-1,L1P,L
A0563B,N1201P,B763,BOEING 767-300,L2J,H
A05A3B,N1213S,C208,CESSNA 208 Caravan,L1T,L
A05F3B,N123E,C182,CESSNA 182 Skylane,L1P,L
A0613B,N1230M,CH7B,BELLANCA 7 Citabria,L1P,L
A0623B,N1237Y,C150,CESSNA 150,L1P,L
A0643B,N124TD,,,,
A0673B,N125KW,H500,HUGHES 500,H1T,L
A0683B,N125WB,BL8,BELLANCA 8 Decathlon,L1P,L
A0693B,N1254T,P28R,PIPER PA-28R-180/200/201,L1P,L
A06F3B,N127RS,RV8,VANS RV-8,L1P,L
A0713B,N1278Z,COL4,CESSNA 400 Corvalis TT,L1P,L
A0723B,N128JJ,PA18,PIPER PA-18 Super Cub,L1P,L
A0743B,N1283R,B14A,BELLANCA 14,L1P,L
A0753B,N129BA,C82T,CESSNA TR182 Turbo Skylane RG,L1P,L
A0763B,N129MG,AS29,SCHLEICHER ASG-29,L1P,L
A0783B,N1295U,C172,CESSNA 172 Skyhawk,L1P,L
A0843B,N132SM,C177,CESSNA  177 Cardinal,L1P,L
A0893B,N1334A,PA18,PIPER PA-18 Super Cub,L1P,L
A08A3B,N134BW,HUSK,CHRISTEN Husky,L1P,L
A08D3B,N1346D,GLID,,L0-,-
A0903B,N13506,C172,CESSNA 172 Skyhawk,L1P,L
A0923B,N136HS,M7,MAULE M-7,L1P,L
A0943B,N13629,CH7A,BELLANCA 7 Champion,L1P,L
A09F3B,N13917,WACO,WACO E/O,L1P,L
A0A13B,N14KC,P28R,PIPER PA-28R-180/200/201,L1P,L
A0A23B,N14VJ,SF50,CIRRUS SF-50 Vision,L1J,L
A0A33B,N140FP,C172,CESSNA 172 Skyhawk,L1P,L
A0A43B,N140RV,RV6,VANS RV-6,L1P,L
A0AD3B,N1425X,P28A,PIPER PA-28-140/150/160/180,L1P,L
A0AE3B,N143EB,RV10,VANS RV-10,L1P,L
A0B23B,N144H,ACAM,LEZA Air Cam,L2P,L
A0B43B,N1442S,C182,CESSNA 182 Skylane,L1P,L
A0B83B,N1454V,C172,CESSNA 172 Skyhawk,L1P,L
A0BF3B,N1471Q,C150,CESSNA 150,L1P,L
A0C23B,N148US,,,,
A0C43B,N149BC,BL8,BELLANCA 8 Decathlon,L1P,L
A0C83B,N15EA,T206,CESSNA T206 Turbo Stationair,L1P,L
A0CA3B,N150AM,B407,BELL 407,H1T,L
A0CB3B,N150LT,PA18,PIPER PA-18 Super Cub,L1P,L
A0CE3B,N151DK,ONEX,SONEX Onex,L1P,L
A0D13B,N1517H,BALL,,B0-,-
A0D23B,N152GH,BEAR,AVIPRO RB-4 Bearhawk,L1P,L
A0D33B,N152SP,C152,CESSNA 152,L1P,L
A0D53B,N1529L,BE33,BEECH 33 Bonanza,L1P,L
A0DC3B,N1546F,BE36,BEECH 36 Bonanza,L1P,L
A0EE3B,N15919,P28R,PIPER PA-28R-180/200/201,L1P,L
A0F03B,N16KE,SR20,CIRRUS SR-20,L1P,L
A0F13B,N16VL,C82S,CESSNA T182 Turbo Skylane,L1P,L
A0F53B,N16084,C150,CESSNA 150,L1P,L
A0F83B,N1613W,AA5,AMERICAN AA-5 Tiger,L1P,L
A0FA3B,N162MM,HIGH,JUST JA20 Highlander,L1P,L
A1003B,N16372,PA32,PIPER PA-32,L1P,L
A1063B,N165WF,C210,CESSNA 201 Centurion,L1P,L
A1083B,N166CS,C172,CESSNA 172 Skyhawk,L1P,L
A1133B,N169BE,,,,
A1143B,N169ML,MR25,MURPHY SR-2500 Super Rebel,L1P,L
A11C3B,N1705G,BE35,BEECH 35 Starfire Bonanza,L1P,L
A11D3B,N171DM,GLID,,L0-,-
A1203B,N1717K,L8,LUSCOMBE 8,L1P,L
A1213B,N172GK,C172,CESSNA 172 Skyhawk,L1P,L
A1223B,N172SR,C172,CESSNA 172 Skyhawk,L1P,L
A1233B,N1722B,ST75,STEARMAN Kaydet,L1P,L
A1253B,N173KH,SR22,CIRRUS SR-22,L1P,L
A1263B,N173VP,C650,CESSNA 650 Citation,L2J,M
A1283B,N174C,S108,STINSON 108 Voyager,L1P,L
A12A3B,N174YM,SR22,CIRRUS SR-22,L1P,L
A12B3B,N1746H,P28R,PIPER PA-28R-180/200/201,L1P,L
A12D3B,N175RD,C25B,CESSNA 525B Citation CJ3,L2J,L
A12E3B,N1751,B06,BELL 206 JetRanger,H1T,L
A1323B,N1763C,,,,
A1333B,N177AN,B752,BOEING 757-200,L2J,M
A1353B,N177X,RV7,VANS RV-7,L1P,L
A1383B,N178PS,,,,
A13A3B,N1787J,P28A,PIPER PA-28-140/150/160/180,L1P,L
A13F3B,N18KG,CH60,ZENAIR CH-600 Zodiac,L1P,L
A1413B,N180FT,C180,CESSNA  180 Skywagon,L1P,L
A1433B,N1801V,BE36,BEECH 36 Bonanza,L1P,L
A1453B,N181JR,BE58,BEECH 58 Baron,L2P,L
A1473B,N1813Y,BE33,BEECH 33 Bonanza,L1P,L
A1493B,N182MP,C182,CESSNA 182 Skylane,L1P,L
A14B3B,N18251,BE23,BEECH 23 Sundowner,L1P,L
A1523B,N1842W,BE33,BEECH 33 Bonanza,L1P,L
A1563B,N1854Z,C210,CESSNA 201 Centurion,L1P,L
A15E3B,N18785,BE17,BEECH 17 Staggerwing,L1P,L
A1653B,N18950,BE24,BEECH 24 Sierra,L1P,L
A1663B,N19EE,VENT,SCHEMPP-HIRTH Ventus,L1P,L
A16A3B,N190XC,CC19,CUB CRAFTERS CC-19 XCub,L1P,L
A16E3B,N1910A,H25B,HAWKER BEECHCRAFT Hawker 750/850,L2J,M
A1703B,N192GM,VEZE,RUTAN VariEze,L1P,L
A1713B,N192ST,P46T,PIPER PA-46-500TP,L1T,L
A1763B,N1934G,C172,CESSNA 172 Skyhawk,L1P,L
A1773B,N194CB,EC20,AIRBUS HELICOPTERS EC-120,H1T,L
A17A3B,N1946K,L8,LUSCOMBE 8,L1P,L
A17B3B,N195F,C195,CESSNA 195,L1P,L
A17C3B,N195RF,,,,
A17D3B,N1951B,PA11,PIPER PA-11 Cub Special,L1P,L
A1813B,N1963E,SR22,CIRRUS SR-22,L1P,L
A1863B,N198DN,B763,BOEING 767-300,L2J,H
A1893B,N1987L,BE19,BEECH 19 Sport,L1P,L
A18C3B,N1992C,ULAC,,L0-,-
A18D3B,N1999P,PA22,PIPER PA-22,L1P,L
A18E3B,N2KJ,DISC,SCHEMPP-HIRTH Discus,L1P,L
A18F3B,N2VQ,PA30,PIPER PA-30 Twin Comanche,L2P,L
A1903B,N20FV,TOBA,SOCATA Tobago,L1P,L
A1913B,N20SA,P28A,PIPER PA-28-140/150/160/180,L1P,L
A1923B,N200CF,PA32,PIPER PA-32,L1P,L
A1933B,N200NM,C210,CESSNA 201 Centurion,L1P,L
A1953B,N2006P,C82T,CESSNA TR182 Turbo Skylane RG,L1P,L
A1A03B,N2035M,J3,PIPER J-3 Cub,L1P,L
A1A13B,N204DS,UH1,BELL UH-1 Huey,H1T,L
A1A33B,N2040D,PARA,,P0-,-
A1A43B,N2047Q,C77R,CESSNA 177RG Cardinal RG,L1P,L
A1A73B,N2052G,C82T,CESSNA TR182 Turbo Skylane RG,L1P,L
A1AB3B,N2064K,BE95,BEECH 95 Travel Air,L2P,L
A1B13B,N208RJ,EN48,ENSTROM TH-28,H1T,L
A1B23B,N2081E,CH7A,BELLANCA 7 Champion,L1P,L
A1B33B,N2088R,C182,CESSNA 182 Skylane,L1P,L
A1B43B,N209JA,SR22,CIRRUS SR-22,L1P,L
A1B63B,N2093H,ERCO,AIR PRODUCTS F-1 Aircoupe,L1P,L
A1B73B,N21AT,C172,CESSNA 172 Skyhawk,L1P,L
A1BA3B,N210HK,C172,CESSNA 172 Skyhawk,L1P,L
A1BC3B,N21022,C172,CESSNA 172 Skyhawk,L1P,L
A1BD3B,N211AB,T211,INDUS T-211,L1P,L
A1BE3B,N211LH,SR22,CIRRUS SR-22,L1P,L
A1BF3B,N211WP,DA40,DIAMOND DA-40 Club Star,L1P,L
A1C03B,N21145,C182,CESSNA 182 Skylane,L1P,L
A1C13B,N212D,M20T,MOONEY M-20T,L1P,L
A1C23B,N212PF,SR20,CIRRUS SR-20,L1P,L
A1C33B,N212ZM,PIAT,PIPISTREL Alpha Trainer,L1P,L
A1C43B,N21268,C182,CESSNA 182 Skylane,L1P,L
A1C73B,N21310,C182,CESSNA 182 Skylane,L1P,L
A1C83B,N2139A,PA18,PIPER PA-18 Super Cub,L1P,L
A1CC3B,N215BN,DA42,DIAMOND DA-42 Guardian,L2P,L
A1CE3B,N215Y,BE35,BEECH 35 Starfire Bonanza,L1P,L
A1D13B,N216QS,CL60,BOMBARDIER CL-600 Challenger,L2J,M
A1D23B,N2160Y,C172,CESSNA 172 Skyhawk,L1P,L
A1D93B,N218WN,B737,BOEING 737-700,L2J,M
A1DA3B,N21844,B412,BELL 412,H2T,L
A1DE3B,N21967,ST75,STEARMAN Kaydet,L1P,L
A1DF3B,N22FX,PA46,PIPER PA-46-310/350,L1P,L
A1E03B,N22SC,Z26,ZLIN Z-26/126/226/326/526/626/726,L1P,L
A1E13B,N220CH,TBM7,SOCATA TBM-700A/B/C,L1T,L
A1E43B,N2206R,T210,CESSNA T210 Turbo Centurion,L1P,L
A1E83B,N2218U,PA34,PIPER PA-34 Seneca,L2P,L
A1E93B,N222JD,PTS2,PITTS S-2 Special,L1P,L
A1F13B,N224Q,FOX,KITFOX,L1P,L
A1F23B,N2240F,C310,CESSNA 310,L2P,L
A1F33B,N2247S,T210,CESSNA T210 Turbo Centurion,L1P,L
A1FA3B,N2264M,P28A,PIPER PA-28-140/150/160/180,L1P,L
A1FC3B,N227NN,E75L,EMBRAER ERJ-170-200 (long wing),L2J,M
A2013B,N2281G,C182,CESSNA 182 Skylane,L1P,L
A2023B,N2288T,M20P,MOONEY M-20,L1P,L
A2073B,N23MA,HUSK,CHRISTEN Husky,L1P,L
A2083B,N23XG,C172,CESSNA 172 Skyhawk,L1P,L
A20D3B,N231LK,JSX,SONEX SubSonex,L1J,L
A2103B,N232DB,RV6,VANS RV-6,L1P,L
A2113B,N232PH,LJ45,LEARJET 45,L2J,M
A2143B,N233G,PZ4M,PZL-OKECIE PZL-104M Wilga 2000,L1P,L
A2153B,N233SF,BL8,BELLANCA 8 Decathlon,L1P,L
A2173B,N2339C,C180,CESSNA  180 Skywagon,L1P,L
A2213B,N23600,AT3P,AIR TRACTOR AT-301/401,L1P,L
A2223B,N2368A,PA18,PIPER PA-18 Super Cub,L1P,L
A2253B,N23723,BE35,BEECH 35 Starfire Bonanza,L1P,L
A2263B,N238AC,,,,
A22A3B,N239DA,FOX,KITFOX,L1P,L
A22F3B,N24SE,GC1,GLOBE Swift,L1P,L
A2303B,N240CK,FA20,DASSAULT Falcon 200,L2J,M
A2373B,N2418W,P46T,PIPER PA-46-500TP,L1T,L
A23A3B,N2423N,BALL,,B0-,-
A23C3B,N243MD,RV6,VANS RV-6,L1P,L
A23F3B,N244DW,RV6,VANS RV-6,L1P,L
A2423B,N2447U,C172,CESSNA 172 Skyhawk,L1P,L
A2443B,N245T,C421,CESSNA 421 Executive Commuter,L2P,L
A2493B,N2464P,PA22,PIPER PA-22,L1P,L
A24D3B,N2476S,C210,CESSNA 201 Centurion,L1P,L
A2503B,N2481J,,,,
A2513B,N2488V,C140,CESSNA 140,L1P,L
A2543B,N2493M,PA12,PIPER PA-12 Super Cruiser,L1P,L
A2563B,N25MC,PRM1,RAYTHEON 390 Premier 1,L2J,L
A2583B,N250HP,BE40,BEECH 400 Beechjet,L2J,M
A25A3B,N25026,GLID,,L0-,-
A25B3B,N251AF,PC24,PILATUS PC-24,L2J,M
A25C3B,N251LM,T51,TITAN T-51 Mustang,L1P,L
A25E3B,N25149,,,,
A2623B,N2527B,CH7A,BELLANCA 7 Champion,L1P,L
A2653B,N25314,B14A,BELLANCA 14,L1P,L
A2663B,N2539E,COL3,CESSNA 350 Corvalis,L1P,L
A2693B,N25437,,,,
A26A3B,N255BS,SR22,CIRRUS SR-22,L1P,L
A2743B,N25725,J3,PIPER J-3 Cub,L1P,L
A2753B,N258AE,B06,BELL 206 JetRanger,H1T,L
A2783B,N25848,C152,CESSNA 152,L1P,L
A2793B,N259DC,E50P,EMBRAER EMB-500 Phenom 100,L2J,L
A27D3B,N26GA,R22,ROBINSON R-22 Mariner,H1P,L
A27E3B,N26SG,MUS2,BUSHBY M-2 Mustang 2,L1P,L
A2803B,N260NT,,,,
A2843B,N261RR,BALL,,B0-,-
A2853B,N2611M,P28R,PIPER PA-28R-180/200/201,L1P,L
A2883B,N262UP,MD11,MCDONNELL-DOUGLAS MD-11,L3J,H
A28A3B,N263B,,,,
A2943B,N2652N,C140,CESSNA 140,L1P,L
A2953B,N2659Z,C152,CESSNA 152,L1P,L
A2973B,N266W,PA24,PIPER PA-24 Comanche,L1P,L
A2993B,N267CL,BE20,BEECH 200 Super King Air,L2T,M
A29C3B,N2676U,C172,CESSNA 172 Skyhawk,L1P,L
A2A03B,N2688X,C414,CESSNA 414 Chancellor,L2P,L
A2A53B,N27ME,DUCE,BAKENG Duce,L1P,L
A2A63B,N27XL,C56X,CESSNA 560XL Citation XLS,L2J,M
A2A83B,N270TX,DRON,,D0-,-
A2AD3B,N2715A,TRDO,TITAN Tornado SS,L1P,L
A2B13B,N2727D,C170,CESSNA 170,L1P,L
A2B53B,N2739G,C182,CESSNA 182 Skylane,L1P,L
A2BC3B,N2756B,PA11,PIPER PA-11 Cub Special,L1P,L
A2C03B,N2768E,CH7A,BELLANCA 7 Champion,L1P,L
A2C43B,N278AG,PA44,PIPER PA-44 Seminole,L2P,L
A2C53B,N278LN,C25A,CESSNA 525A Citation CJ2,L2J,L
A2C83B,N279DE,XNON,CELIER Xenon,G1P,L
A2CC3B,N28GC,GB1,GAME COMPOSITES GameBird,L1P,L
A2CE3B,N280CP,SR22,CIRRUS SR-22,L1P,L
A2CF3B,N280NV,A320,AIRBUS A-320,L2J,M
A2D53B,N28180,J5,PIPER J-5 Cub Cruiser,L1P,L
A2D83B,N2823S,C150,CESSNA 150,L1P,L
A2DD3B,N284E,JABI,Jabiru J120,L1P,L
A2DF3B,N2840M,P28A,PIPER PA-28-140/150/160/180,L1P,L
A2E03B,N2847Y,P28B,PIPER PA-28-201T/235/236,L1P,L
A2E33B,N2852Q,C172,CESSNA 172 Skyhawk,L1P,L
A2E43B,N28591,AA5,AMERICAN AA-5 Tiger,L1P,L
A2EF3B,N2888Z,CH7A,BELLANCA 7 Champion,L1P,L
A2F33B,N29BA,BE18,BEECH 18 Expetitor,L2P,L
A2F43B,N29MG,C208,CESSNA 208 Caravan,L1T,L
A2F63B,N290HT,C82S,CESSNA T182 Turbo Skylane,L1P,L
A2F93B,N291AK,COY2,RANS Coyote 2,L1P,L
A2FC3B,N2915C,C180,CESSNA  180 Skywagon,L1P,L
A2FD3B,N292DH,,,,
A3023B,N293SM,BT36,BEECH B36TC Bonanza,L1P,L
A3043B,N2939J,P28A,PIPER PA-28-140/150/160/180,L1P,L
A3073B,N2944A,C180,CESSNA  180 Skywagon,L1P,L
A3083B,N295BW,RV4,VANS RV-4,L1P,L
A30E3B,N29606,TAYB,TAYLORCRAFT BC/BF/BL,L1P,L
A30F3B,N2968G,,,,
A3163B,N2985B,BALL,,B0-,-
A31B3B,N3GE,GLID,,L0-,-
A31C3B,N3SL,C182,CESSNA 182 Skylane,L1P,L
A31D3B,N30CR,LJ45,LEARJET 45,L2J,M
A31E3B,N30NX,SONX,SONEX AIRCRAFT Sonex,L1P,L
A3203B,N300KH,CL30,BOMBARDIER BD-100 Challenger 300,L2J,M
A3213B,N300VP,BE30,BEECH 300 Super King Air,L2T,L
A3293B,N3021,,,,
A32D3B,N3033C,BE35,BEECH 35 Starfire Bonanza,L1P,L
A3303B,N304X,M5,MAULE M-5,L1P,L
A3313B,N3045F,C182,CESSNA 182 Skylane,L1P,L
A3323B,N305DL,CL35,BOMBARDIER BD-100 Challenger 350,L2J,M
A3353B,N3057J,C150,CESSNA 150,L1P,L
A3393B,N3069M,PA12,PIPER PA-12 Super Cruiser,L1P,L
A33C3B,N3074D,MR35,MURPHY SR-3500 Super Rebel,L1P,L
A3433B,N30909,C177,CESSNA  177 Cardinal,L1P,L
A3443B,N3098K,SS2T,TRUSH Turbo Thrush 500/550,L1T,L
A3473B,N310EF,P28A,PIPER PA-28-140/150/160/180,L1P,L
A34A3B,N31074,BE33,BEECH 33 Bonanza,L1P,L
A34D3B,N3112W,PA32,PIPER PA-32,L1P,L
A34E3B,N31197,R44,ROBINSON R-44 Raven,H1P,L
A34F3B,N312LB,BALL,,B0-,-
A3513B,N3124Z,BALL,,B0-,-
A3533B,N313P,RV7,VANS RV-7,L1P,L
A3583B,N3141U,C182,CESSNA 182 Skylane,L1P,L
A3593B,N31485,R22,ROBINSON R-22 Mariner,H1P,L
A35D3B,PR-FHT,E50P,EMBRAER EMB-500 Phenom 100,L2J,L
A3663B,N318TJ,SR22,CIRRUS SR-22,L1P,L
A3693B,N319LA,AT5T,AIR TRACTOR AT-504,L1T,L
A36C3B,N32CT,FDCT,FLIGHT DESIGN CT,L1P,L
A3703B,N320VR,VR7,VASHON Ranger R7,L1P,L
A3713B,N3204G,T6,NORTH AMERICAN T-6 Texan,L1P,L
A3753B,N3216K,BE9L,BEECH 90 King Air,L2T,L
A3763B,N322F,BE33,BEECH 33 Bonanza,L1P,L
A3783B,N3221B,F2TH,DASSAULT Falcon 2000,L2J,M
A3793B,N3228N,J3,PIPER J-3 Cub,L1P,L
A37A3B,N323HY,HUSK,CHRISTEN Husky,L1P,L
A37C3B,N3233E,R44,ROBINSON R-44 Raven,H1P,L
A3803B,N3245H,ERCO,AIR PRODUCTS F-1 Aircoupe,L1P,L
A3813B,N325DN,A321,AIRBUS A-321,L2J,M
A3843B,N3257L,C172,CESSNA 172 Skyhawk,L1P,L
A3863B,N326SS,CAMP,GREGA GN-1 Aircamper,L1P,L
A3873B,N3262C,BE35,BEECH 35 Starfire Bonanza,L1P,L
A3913B,N329RE,SF50,CIRRUS SF-50 Vision,L1J,L
A3923B,N3291A,BALL,,B0-,-
A3943B,N33HX,UH1,BELL UH-1 Huey,H1T,L
A3983B,N3300V,BE35,BEECH 35 Starfire Bonanza,L1P,L
A3993B,N33076,PA32,PIPER PA-32,L1P,L
A39A3B,N331HF,CTAH,RAINBOW SKYREACH Cheetah,L1P,L
A39B3B,N331TM,DHC2,DE HAVILLAND DHC-2 Beaver,L1P,L
A3A03B,N33241,J3,PIPER J-3 Cub,L1P,L
A3A23B,N333PB,PA23,PIPER PA-23,L2P,L
A3A43B,N33364,P28A,PIPER PA-28-140/150/160/180,L1P,L
A3A63B,N334S,J5,PIPER J-5 Cub Cruiser,L1P,L
A3B23B,N3370U,C182,CESSNA 182 Skylane,L1P,L
A3B33B,N33775,AR65,AERONCA 65 Super Chief,L1P,L
A3B53B,N338TL,P337,CESSNA P337 Skymaster,L2P,L
A3B63B,N3382X,M20P,MOONEY M-20,L1P,L
A3B73B,N33898,GLID,,L0-,-
A3BB3B,N34CV,VELO,Velocity,L1P,L
A3BC3B,N34PA,T34P,BEECH T-34 Mentor,L1P,L
A3BE3B,N340KM,PA18,PIPER PA-18 Super Cub,L1P,L
A3C13B,N341CD,PA11,PIPER PA-11 Cub Special,L1P,L
A3C43B,N3416M,PA12,PIPER PA-12 Super Cruiser,L1P,L
A3C73B,N3421D,C170,CESSNA 170,L1P,L
A3CF3B,N3445K,J3,PIPER J-3 Cub,L1P,L
A3D13B,N345PW,DFLY,VIKING Dragonfly,L1P,L
A3D33B,N3457N,J3,PIPER J-3 Cub,L1P,L
A3D63B,N3462E,C172,CESSNA 172 Skyhawk,L1P,L
A3E13B,N3491C,C170,CESSNA 170,L1P,L
A3E73B,N3500X,MD60,MCDONNELL-DOUGLAS MD-600N,H1T,L
A3EB3B,N35120,C177,CESSNA  177 Cardinal,L1P,L
A3EE3B,N352WM,MU2,MITSUBISHI MU-2 Marquise,L2T,L
A3EF3B,N35243,C177,CESSNA  177 Cardinal,L1P,L
A3F13B,N353PD,,,,
A3F33B,N35366,J3,PIPER J-3 Cub,L1P,L
A4053B,N3582Z,PA18,PIPER PA-18 Super Cub,L1P,L
A4063B,N359,P136,PIAGGIO P-136,A2P,L
A4093B,N35942,C77R,CESSNA 177RG Cardinal RG,L1P,L
A40B3B,N36PC,BE36,BEECH 36 Bonanza,L1P,L
A40F3B,N3604L,G2T1,GREAT LAKES 2T-1,L1P,L
A4133B,N3616P,PA22,PIPER PA-22,L1P,L
A4173B,N3628S,C172,CESSNA 172 Skyhawk,L1P,L
A41A3B,N3633J,C150,CESSNA 150,L1P,L
A41B3B,N364AU,BE36,BEECH 36 Bonanza,L1P,L
A41C3B,N364M,R22,ROBINSON R-22 Mariner,H1P,L
A41F3B,N365DS,C172,CESSNA 172 Skyhawk,L1P,L
A4213B,N3650D,AT3T,AIR TRACTOR AT-302/402,L1T,L
A4223B,N3657Q,BE23,BEECH 23 Sundowner,L1P,L
A4263B,N3669T,TF19,TAYLORCRAFT F-19 Sportsman,L1P,L
A42E3B,N369FC,H500,HUGHES 500,H1T,L
A42F3B,N369RJ,C172,CESSNA 172 Skyhawk,L1P,L
A4323B,N37JA,C72R,CESSNA 172R Cutlass RG,L1P,L
A43A3B,N37122,ERCO,AIR PRODUCTS F-1 Aircoupe,L1P,L
A43F3B,N373D,BE58,BEECH 58 Baron,L2P,L
A4403B,N373PF,P28R,PIPER PA-28R-180/200/201,L1P,L
A4443B,N374SD,PA18,PIPER PA-18 Super Cub,L1P,L
A4453B,N37410,S1,INTERSTATE S-1 Cadet,L1P,L
A4473B,N375JW,BE36,BEECH 36 Bonanza,L1P,L
A4493B,N37533,BE55,BEECH 55 Baron,L2P,L
A44F3B,N377QS,C680,CESSNA 680 Citation Sovereign,L2J,M
A4503B,N3770Y,C210,CESSNA 201 Centurion,L1P,L
A4563B,N379LG,E550,EMBRAER EMB-550 Praetor 600,L2J,M
A4633B,N382FF,UH1,BELL UH-1 Huey,H1T,L
A4673B,N383JD,GYRO,,G0-,-
A46F3B,N385Q,PA18,PIPER PA-18 Super Cub,L1P,L
A4743B,N3862J,C150,CESSNA 150,L1P,L
A4753B,N3869V,C195,CESSNA 195,L1P,L
A4783B,N3874M,PA12,PIPER PA-12 Super Cruiser,L1P,L
A47C3B,N3886Q,C172,CESSNA 172 Skyhawk,L1P,L
A47D3B,N389FE,DC10,MCDONNELL DOUGLAS DC-10,L3J,H
A47F3B,N3891G,T206,CESSNA T206 Turbo Stationair,L1P,L
A4813B,N39JC,PRM1,RAYTHEON 390 Premier 1,L2J,L
A48F3B,N393PH,EC45,AIRBUS HELICOPTERS EC-145,H2T,L
A4933B,N394SF,C208,CESSNA 208 Caravan,L1T,L
A4983B,N39535,P28R,PIPER PA-28R-180/200/201,L1P,L
A49A3B,N396MW,PA11,PIPER PA-11 Cub Special,L1P,L
A49F3B,N39700,WACF,WACO F,L1P,L
A4A33B,N39823,BL17,BELLANCA 17 Viking,L1P,L
A4A43B,N399AC,RJ85,AVRO RJ-85 Avroliner,L4J,M
A4A53B,N399LJ,TBM7,SOCATA TBM-700A/B/C,L1T,L
A4A73B,N39946,TAYB,TAYLORCRAFT BC/BF/BL,L1P,L
A4A83B,N4DA,LJ45,LEARJET 45,L2J,M
A4A93B,N4PG,C510,CESSNA 510 Citation Mustang,L2J,L
A4AB3B,N40KT,BE35,BEECH 35 Starfire Bonanza,L1P,L
A4AC3B,N40VZ,RV4,VANS RV-4,L1P,L
A4AD3B,N400GD,DG40,DG FLUGZEUGBAU DG-400,L1P,L
A4AE3B,N400SK,C172,CESSNA 172 Skyhawk,L1P,L
A4AF3B,N40016,P28A,PIPER PA-28-140/150/160/180,L1P,L
A4B03B,N4009G,,,,
A4B33B,N40139,M18,PZL-MIELEC M-18 Dromader,L1P,L
A4B83B,N403ES,C82S,CESSNA T182 Turbo Skylane,L1P,L
A4BA3B,N40304,M4,MAULE M-4,L1P,L
A4BB3B,N4038E,AR11,AERONCA 11 Chief,L1P,L
A4BD3B,N404TW,HUSK,CHRISTEN Husky,L1P,L
A4BE3B,N40427,BALL,,B0-,-
A4C03B,N405LN,B412,BELL 412,H2T,L
A4C23B,N4055,MITE,MOONEY M-18,L1P,L
A4C33B,N406DE,LA4,LAKE LA-4/200,A1P,L
A4CA3B,N4079F,C172,CESSNA 172 Skyhawk,L1P,L
A4CD3B,N40838,P28A,PIPER PA-28-140/150/160/180,L1P,L
A4D23B,N41ER,AA5,AMERICAN AA-5 Tiger,L1P,L
A4D43B,N410BB,LGEZ,RUTAN Long-EZ,L1P,L
A4D83B,N411E,BE36,BEECH 36 Bonanza,L1P,L
A4DB3B,N4117Y,CH7B,BELLANCA 7 Citabria,L1P,L
A4DE3B,N4122Q,C310,CESSNA 310,L2P,L
A4DF3B,N41291,P28A,PIPER PA-28-140/150/160/180,L1P,L
A4E03B,N413KW,SSTL,JUST JA30 SuperSTOL,L1P,L
A4E23B,N4134T,P28A,PIPER PA-28-140/150/160/180,L1P,L
A4E33B,N414CN,C414,CESSNA 414 Chancellor,L2P,L
A4E53B,N414Z,C414,CESSNA 414 Chancellor,L2P,L
A4E93B,N4151N,C140,CESSNA 140,L1P,L
A4EA3B,N4158Z,PA18,PIPER PA-18 Super Cub,L1P,L
A4ED3B,N4163R,PA32,PIPER PA-32,L1P,L
A4EE3B,N417BA,LJ35,LEARJET 35,L2J,M
A4F23B,N418DZ,SR20,CIRRUS SR-20,L1P,L
A4F43B,N4180L,C172,CESSNA 172 Skyhawk,L1P,L
A4F93B,N41990,G44,GRUMMAN G-44 Widgeon,A2P,L
A4FD3B,N420SM,LJ45,LEARJET 45,L2J,M
A5033B,N422BW,C210,CESSNA 201 Centurion,L1P,L
A5063B,N4226D,BE35,BEECH 35 Starfire Bonanza,L1P,L
A5083B,N423R,P32R,PIPER PA-32R-300/301/301T,L1P,L
A5093B,N42306,C182,CESSNA 182 Skylane,L1P,L
A50D3B,N42429,DG15,HOWARD Nightingale,L1P,L
A50E3B,N425AJ,P28A,PIPER PA-28-140/150/160/180,L1P,L
A5193B,N4279H,PA14,PIPER PA-14 Family Cruiser,L1P,L
A51E3B,N429NA,B429,BELL 429 GlobalRanger,H2T,L
A5203B,N4296C,GLID,,L0-,-
A5243B,N430MK,SLG4,AIRPLANE FACTORY Sling 4,L1P,L
A5263B,N4305X,P28A,PIPER PA-28-140/150/160/180,L1P,L
A5293B,N4310P,PA23,PIPER PA-23,L2P,L
A52A3B,N43170,PA32,PIPER PA-32,L1P,L
A52C3B,N432TF,RV12,VANS RV-12,L1P,L
A5303B,N433WD,DRON,,D0-,-
A5313B,N4334V,P28A,PIPER PA-28-140/150/160/180,L1P,L
A5383B,N4351Q,C172,CESSNA 172 Skyhawk,L1P,L
A53C3B,N4363T,P28R,PIPER PA-28R-180/200/201,L1P,L
A5433B,N4380N,C195,CESSNA 195,L1P,L
A5443B,N4387Z,PA18,PIPER PA-18 Super Cub,L1P,L
A5483B,N43992,TAYB,TAYLORCRAFT BC/BF/BL,L1P,L
A5493B,N44KX,,,,
A54A3B,N44WC,RV6,VANS RV-6,L1P,L
A54C3B,N440SP,C172,CESSNA 172 Skyhawk,L1P,L
A5513B,N4414C,C195,CESSNA 195,L1P,L
A5533B,N442ND,P28A,PIPER PA-28-140/150/160/180,L1P,L
A5583B,N44308,P28B,PIPER PA-28-201T/235/236,L1P,L
A55A3B,N444HU,HUSK,CHRISTEN Husky,L1P,L
A55C3B,N4443A,PA22,PIPER PA-22,L1P,L
A5613B,N446DJ,LJ45,LEARJET 45,L2J,M
A5643B,N4467G,PARA,,P0-,-
A56B3B,N4484B,C170,CESSNA 170,L1P,L
A5703B,N45EV,,,,
A5713B,N45RA,P28A,PIPER PA-28-140/150/160/180,L1P,L
A5733B,N450MM,C560,CESSNA 560 Citation Ultra,L2J,M
A5783B,N4510R,P28A,PIPER PA-28-140/150/160/180,L1P,L
A57B3B,N452TH,CH80,ZENAIR CH-801 Stol,L1P,L
A5803B,N4534X,P28R,PIPER PA-28R-180/200/201,L1P,L
A5873B,N4551S,BE33,BEECH 33 Bonanza,L1P,L
A5883B,N45583,L8,LUSCOMBE 8,L1P,L
A5893B,N456JN,LJ31,LEARJET 31,L2J,M
A5953B,N459TG,,,,
A5963B,N4592T,SS2T,TRUSH Turbo Thrush 500/550,L1T,L
A5993B,N46WE,H25C,RAYTHEON Hawker 1000,L2J,M
A5A13B,N462C,S108,STINSON 108 Voyager,L1P,L
A5A43B,N4626H,M20P,MOONEY M-20,L1P,L
A5A63B,N463RD,TBM7,SOCATA TBM-700A/B/C,L1T,L
A5AC3B,N465AN,A21N,AIRBUS A-321neo,L2J,M
A5AE3B,N465X,BALL,,B0-,-
A5B13B,N466PS,DA40,DIAMOND DA-40 Club Star,L1P,L
A5B63B,N4672A,C180,CESSNA  180 Skywagon,L1P,L
A5BC3B,N469NE,C172,CESSNA 172 Skyhawk,L1P,L
A5BF3B,N47EX,RV6,VANS RV-6,L1P,L
A5C03B,N47RC,ULAC,,L0-,-
A5C13B,N470BH,B47G,BELL 47G,H1P,L
A5C43B,N47051,AR6T,AERONCA 65 Tandem,L1P,L
A5CB3B,N4722W,AC11,NORTH AMERICAN ROCKWELL Commander 112/114,L1P,L
A5CC3B,N47297,S10,STINSON 10 Voyager,L1P,L
A5D13B,N474P,RV4,VANS RV-4,L1P,L
A5D63B,N4751U,C180,CESSNA  180 Skywagon,L1P,L
A5D73B,N47585,TAYD,TAYLORCRAFT DC/DF/DL,L1P,L
A5DB3B,N477BG,AA5,AMERICAN AA-5 Tiger,L1P,L
A5E73B,N48LA,B06,BELL 206 JetRanger,H1T,L
A5E83B,N48WG,GLEX,BOMBARDIER BD-700 Global 6000/6500,L2J,M
A5EA3B,N480ST,RV12,VANS RV-12,L1P,L
A5EB3B,N4802D,C182,CESSNA 182 Skylane,L1P,L
A5FA3B,N4843E,CH7B,BELLANCA 7 Citabria,L1P,L
A5FE3B,N4855H,PA17,PIPER PA-17 Vagabond Trainer,L1P,L
A6013B,N4860,,,,
A6023B,N4867L,P28A,PIPER PA-28-140/150/160/180,L1P,L
A60D3B,N4896J,BE35,BEECH 35 Starfire Bonanza,L1P,L
A60E3B,N49EZ,LGEZ,RUTAN Long-EZ,L1P,L
A60F3B,N49RE,RV4,VANS RV-4,L1P,L
A6173B,N49176,AR6T,AERONCA 65 Tandem,L1P,L
A6193B,N492TM,BE40,BEECH 400 Beechjet,L2J,M
A61A3B,N4922Y,T210,CESSNA T210 Turbo Centurion,L1P,L
A61E3B,N49341,C152,CESSNA 152,L1P,L
A6303B,N4980U,P28A,PIPER PA-28-140/150/160/180,L1P,L
A6313B,N49875,J3,PIPER J-3 Cub,L1P,L
A6343B,N4992X,SS2P,ROCKWELL Thrush Commander,L1P,L
A6363B,N5LC,MU2,MITSUBISHI MU-2 Marquise,L2T,L
A6383B,N50GP,HA4T,RAYTHEON 4000 Hawker Horizon,L2J,M
A63A3B,N500D,C180,CESSNA  180 Skywagon,L1P,L
A63B3B,N500PF,BE35,BEECH 35 Starfire Bonanza,L1P,L
A63D3B,N50068,SR20,CIRRUS SR-20,L1P,L
A63F3B,N501SD,M5,MAULE M-5,L1P,L
A6403B,N50110,C150,CESSNA 150,L1P,L
A6413B,N5019A,AT5T,AIR TRACTOR AT-504,L1T,L
A6423B,N502JW,AT5T,AIR TRACTOR AT-504,L1T,L
A6433B,N502VB,AT5T,AIR TRACTOR AT-504,L1T,L
A6443B,N50233,T206,CESSNA T206 Turbo Stationair,L1P,L
A6453B,N503BN,SR22,CIRRUS SR-22,L1P,L
A6473B,N503Y,G164,GRUMMAN G-164 Ag-Cat,L1P,L
A6483B,N50356,C150,CESSNA 150,L1P,L
A64A3B,N504QS,C68A,CESSNA 680 Citation Latitude,L2J,M
A64C3B,N50479,C172,CESSNA 172 Skyhawk,L1P,L
A6533B,N50644,,,,
A6573B,N50767,TAYD,TAYLORCRAFT DC/DF/DL,L1P,L
A6593B,N508SC,PA11,PIPER PA-11 Cub Special,L1P,L
A65A3B,N5081Z,PA22,PIPER PA-22,L1P,L
A65B3B,N5089,C175,CESSNA 175 Skylark,L1P,L
A6603B,N51MT,BE58,BEECH 58 Baron,L2P,L
A6613B,N51XZ,,,,
A6663B,N511MB,C310,CESSNA 310,L2P,L
A6683B,N5115P,PA24,PIPER PA-24 Comanche,L1P,L
A66B3B,N5120F,C172,CESSNA 172 Skyhawk,L1P,L
A66C3B,N5127S,P28A,PIPER PA-28-140/150/160/180,L1P,L
A66D3B,N513GS,BALL,,B0-,-
A66E3B,N513SY,E75L,EMBRAER ERJ-170-200 (long wing),L2J,M
A66F3B,N5132J,PARA,,P0-,-
A6773B,N5156Q,T210,CESSNA T210 Turbo Centurion,L1P,L
A67B3B,N5168T,CH7A,BELLANCA 7 Champion,L1P,L
A67C3B,N517JC,P28A,PIPER PA-28-140/150/160/180,L1P,L
A67E3B,N5173K,NAVI,NORTH AMERICAN Navion,L1P,L
A6803B,N518MA,DA40,DIAMOND DA-40 Club Star,L1P,L
A6823B,N5185N,H500,HUGHES 500,H1T,L
A6833B,N519DT,A21N,AIRBUS A-321neo,L2J,M
A6853B,N5190E,ULAC,,L0-,-
A6873B,N52GR,ULAC,,L0-,-
A6883B,N52SX,PTS2,PITTS S-2 Special,L1P,L
A68E3B,N521SF,M20P,MOONEY M-20,L1P,L
A68F3B,N52112,C180,CESSNA  180 Skywagon,L1P,L
A6953B,N523MW,M20P,MOONEY M-20,L1P,L
A69A3B,N52400,C182,CESSNA 182 Skylane,L1P,L
A69B3B,N5248A,,,,
A69C3B,N525HL,C25A,CESSNA 525A Citation CJ2,L2J,L
A6A23B,N52646,M20P,MOONEY M-20,L1P,L
A6A43B,N527PG,EXEC,ROTORWAY Exec,H1P,L
A6A93B,N52811,BALL,,B0-,-
A6AD3B,N52934,H500,HUGHES 500,H1T,L
A6AE3B,N53BP,DISC,SCHEMPP-HIRTH Discus,L1P,L
A6B13B,N530JF,S22T,CIRRUS SR-22T Turbo,L1P,L
A6B33B,N5303N,ST75,STEARMAN Kaydet,L1P,L
A6B53B,N531MD,S22T,CIRRUS SR-22T Turbo,L1P,L
A6BA3B,N5320H,PA16,PIPER PA-16 Clipper,L1P,L
A6BB3B,N5327U,C82S,CESSNA T182 Turbo Skylane,L1P,L
A6BD3B,N533T,PA32,PIPER PA-32,L1P,L
A6BE3B,N5332L,P28A,PIPER PA-28-140/150/160/180,L1P,L
A6C03B,N534KS,C172,CESSNA 172 Skyhawk,L1P,L
A6C93B,N5361J,P32R,PIPER PA-32R-300/301/301T,L1P,L
A6D03B,N538XJ,CL30,BOMBARDIER BD-100 Challenger 300,L2J,M
A6D73B,N54SZ,,,,
A6D83B,N540DD,,,,
A6DB3B,N5407B,C182,CESSNA 182 Skylane,L1P,L
A6DD3B,N541SH,ULAC,,L0-,-
A6E03B,N542K,P28A,PIPER PA-28-140/150/160/180,L1P,L
A6EA3B,N5448C,C170,CESSNA 170,L1P,L
A6F63B,N548GA,C402,CESSNA 402 Businessliner,L2P,L
A6F93B,N5489D,BE35,BEECH 35 Starfire Bonanza,L1P,L
A7003B,N550JH,GLF5,GULFSTREAM 5,L2J,M
A7023B,N5503Q,M20P,MOONEY M-20,L1P,L
A7033B,N551B,,,,
A7063B,N5515T,C172,CESSNA 172 Skyhawk,L1P,L
A7093B,N5520K,BL8,BELLANCA 8 Decathlon,L1P,L
A70B3B,N553GW,HIGH,JUST JA20 Highlander,L1P,L
A70D3B,N5532N,C82S,CESSNA T182 Turbo Skylane,L1P,L
A7103B,N554W,BE36,BEECH 36 Bonanza,L1P,L
A7113B,N5544R,C172,CESSNA 172 Skyhawk,L1P,L
A7133B,N555NS,PA30,PIPER PA-30 Twin Comanche,L2P,L
A7143B,N555YY,SR22,CIRRUS SR-22,L1P,L
A7153B,N5556U,P28A,PIPER PA-28-140/150/160/180,L1P,L
A7163B,N556FJ,,,,
A71D3B,N558AZ,RV9,VANS RV-9,L1P,L
A7223B,N559QC,S76,SIKORSKY S-76 Spirit,H2T,L
A7233B,N5590J,PA32,PIPER PA-32,L1P,L
A7263B,N56TA,HUSK,CHRISTEN Husky,L1P,L
A72C3B,N561SK,GLF5,GULFSTREAM 5,L2J,M
A7313B,N56239,P28A,PIPER PA-28-140/150/160/180,L1P,L
A7333B,N563N,,,,
A7383B,N56404,P28A,PIPER PA-28-140/150/160/180,L1P,L
A7393B,N5648E,C150,CESSNA 150,L1P,L
A73B3B,N565TW,COL4,CESSNA 400 Corvalis TT,L1P,L
A73C3B,N56527,PA32,PIPER PA-32,L1P,L
A7483B,N5689F,,,,
A74B3B,N56938,ST75,STEARMAN Kaydet,L1P,L
A74C3B,N57BT,,,,
A7513B,N5703S,GLID,,L0-,-
A7523B,N571BB,C25B,CESSNA 525B Citation CJ3,L2J,L
A7563B,N572E,C185,CESSNA 185 Skywagon,L1P,L
A7583B,N5720M,C310,CESSNA 310,L2P,L
A75C3B,N5732Q,M20P,MOONEY M-20,L1P,L
A75F3B,N574WB,C182,CESSNA 182 Skylane,L1P,L
A7603B,N5744T,C172,CESSNA 172 Skyhawk,L1P,L
A7653B,N576FL,P28A,PIPER PA-28-140/150/160/180,L1P,L
A76B3B,N5773R,C172,CESSNA 172 Skyhawk,L1P,L
A76C3B,N578BA,SF50,CIRRUS SF-50 Vision,L1J,L
A76F3B,N5785U,P28A,PIPER PA-28-140/150/160/180,L1P,L
A7723B,N5790L,,,,
A7743B,N58GX,PC12,PILATUS PC-12,L1T,L
A7753B,N58TC,BE58,BEECH 58 Baron,L2P,L
A7863B,N584R,BE58,BEECH 58 Baron,L2P,L
A7883B,N5848G,C150,CESSNA 150,L1P,L
A7903B,N587DG,SR22,CIRRUS SR-22,L1P,L
A7A93B,N593H,,,,
A7AB3B,N5932S,BE95,BEECH 95 Travel Air,L2P,L
A7B13B,N595NW,B753,BOEING 757-300,L2J,M
A7B73B,N59681,PA36,PIPER PA-36 Pawnee Brave,L1P,L
A7BE3B,N5985W,P28A,PIPER PA-28-140/150/160/180,L1P,L
A7C23B,N5997Z,PA18,PIPER PA-18 Super Cub,L1P,L
A7C63B,N60PR,AEST,AEROSTAR 600,L2P,L
A7C83B,N600LB,SR22,CIRRUS SR-22,L1P,L
A7CC3B,N601P,AEST,AEROSTAR 600,L2P,L
A7D13B,N6021U,BALL,,B0-,-
A7D53B,N6033X,BE95,BEECH 95 Travel Air,L2P,L
A7D93B,N60450,BALL,,B0-,-
A7DC3B,N6050S,EXPR,EXPRESS 2000,L1P,L
A7DE3B,N606HC,C25A,CESSNA 525A Citation CJ2,L2J,L
A7DF3B,N606TJ,FA7X,DASSAULT Falcon 7X,L3J,M
A7E23B,N607LA,,,,
A7E53B,N608CT,C560,CESSNA 560 Citation Ultra,L2J,M
A7E83B,N60861,C150,CESSNA 150,L1P,L
A7E93B,N609FR,A21N,AIRBUS A-321neo,L2J,M
A7EB3B,N6091T,C150,CESSNA 150,L1P,L
A7EC3B,N60984,BALL,,B0-,-
A7ED3B,N61JP,ST75,STEARMAN Kaydet,L1P,L
A7F13B,N6101B,C182,CESSNA 182 Skylane,L1P,L
A7F53B,N6113E,C172,CESSNA 172 Skyhawk,L1P,L
A7F93B,N6125H,J3,PIPER J-3 Cub,L1P,L
A8003B,N6142C,C310,CESSNA 310,L2P,L
A8023B,N615KJ,C25B,CESSNA 525B Citation CJ3,L2J,L
A8043B,N6154F,,,,
A8053B,N616CA,GLF5,GULFSTREAM 5,L2J,M
A8083B,N6166J,P28A,PIPER PA-28-140/150/160/180,L1P,L
A80B3B,N6171A,T6,NORTH AMERICAN T-6 Texan,L1P,L
A8103B,N619AP,S22T,CIRRUS SR-22T Turbo,L1P,L
A8143B,N62DM,K100,DAHER Kodiak 100,L1T,L
A8163B,N62ZZ,LNP4,LANCAIR PropJet 4,L1T,L
A81F3B,N622S,ST75,STEARMAN Kaydet,L1P,L
A8203B,N6221W,P28A,PIPER PA-28-140/150/160/180,L1P,L
A8213B,N62287,C172,CESSNA 172 Skyhawk,L1P,L
A8243B,N6233Z,T206,CESSNA T206 Turbo Stationair,L1P,L
A82B3B,N6250U,M20P,MOONEY M-20,L1P,L
A82F3B,N6262X,R22,ROBINSON R-22 Mariner,H1P,L
A8303B,N62698,ZZZZ,,-0-,-
A8333B,N62740,C172,CESSNA 172 Skyhawk,L1P,L
A8353B,N628PA,,,,
A8383B,N629FT,P28A,PIPER PA-28-140/150/160/180,L1P,L
A8403B,N6301D,C172,CESSNA 172 Skyhawk,L1P,L
A8413B,N6308Q,C152,CESSNA 152,L1P,L
A8483B,N6325K,RC3,REPUBLIC RC-3 Seabee,A1P,L
A84B3B,N6330B,C182,CESSNA 182 Skylane,L1P,L
A8543B,N636CC,WACC,WACO C/S,L1P,L
A8573B,N6366L,AA5,AMERICAN AA-5 Tiger,L1P,L
A85E3B,N6383F,C172,CESSNA 172 Skyhawk,L1P,L
A85F3B,N639AR,BE58,BEECH 58 Baron,L2P,L
A8623B,N6395J,P28A,PIPER PA-28-140/150/160/180,L1P,L
A8653B,N640A,B752,BOEING 757-200,L2J,M
A8683B,N64043,C172,CESSNA 172 Skyhawk,L1P,L
A86D3B,N642FW,RV8,VANS RV-8,L1P,L
A86E3B,N642SB,RV6,VANS RV-6,L1P,L
A86F3B,N6421Y,T210,CESSNA T210 Turbo Centurion,L1P,L
A8723B,N643V,BE35,BEECH 35 Starfire Bonanza,L1P,L
A8743B,N644BL,BT36,BEECH B36TC Bonanza,L1P,L
A8773B,N64454,C172,CESSNA 172 Skyhawk,L1P,L
A87A3B,N6450W,P28A,PIPER PA-28-140/150/160/180,L1P,L
A87E3B,N6462Z,PA25,PIPER PA-25 Pawnee,L1P,L
A8883B,N649SA,SYMP,OMF Symphony,L1P,L
A88B3B,N65JT,RV10,VANS RV-10,L1P,L
A88F3B,N6501F,C150,CESSNA 150,L1P,L
A8903B,N6508S,BALL,,B0-,-
A8913B,N651JB,A320,AIRBUS A-320,L2J,M
A8933B,N6513J,P28A,PIPER PA-28-140/150/160/180,L1P,L
A8953B,N652M,J3,PIPER J-3 Cub,L1P,L
A8983B,N653DS,DA40,DIAMOND DA-40 Club Star,L1P,L
A89B3B,N6537Q,,,,
A8A93B,N6571E,C175,CESSNA 175 Skylark,L1P,L
A8AA3B,N6578R,BE19,BEECH 19 Sport,L1P,L
A8AD3B,N6583H,J3,PIPER J-3 Cub,L1P,L
A8B23B,N66DR,BE35,BEECH 35 Starfire Bonanza,L1P,L
A8B43B,N660AB,GLST,GLASAIR SH-4 GlaStar,L1P,L
A8B53B,N660LH,R66,ROBINSON R-66,H1T,L
A8BB3B,N66168,C172,CESSNA 172 Skyhawk,L1P,L
A8C23B,N66333,C150,CESSNA 150,L1P,L
A8C83B,N665QS,C68A,CESSNA 680 Citation Latitude,L2J,M
A8CA3B,N66579,L5,STINSON Sentinel,L1P,L
A8D73B,N669SC,R44,ROBINSON R-44 Raven,H1P,L
A8D93B,N6699,RV9,VANS RV-9,L1P,L
A8DA3B,N67JV,C421,CESSNA 421 Executive Commuter,L2P,L
A8DB3B,N67VA,E145,EMBRAER ERJ-145,L2J,M
A8DF3B,N6708U,M20P,MOONEY M-20,L1P,L
A8E03B,N671JD,RV7,VANS RV-7,L1P,L
A8EB3B,N674GS,CRER,RANS Courier,L1P,L
A8ED3B,N6742J,P28A,PIPER PA-28-140/150/160/180,L1P,L
A8EE3B,N6749V,BE36,BEECH 36 Bonanza,L1P,L
A8F63B,N677FE,A306,AIRBUS A-300-600,L2J,H
A8FA3B,N678JC,M20P,MOONEY M-20,L1P,L
A9003B,N6795N,M20P,MOONEY M-20,L1P,L
A90D3B,N68212,C152,CESSNA 152,L1P,L
A9183B,N68500,CH7B,BELLANCA 7 Citabria,L1P,L
A9193B,N6858A,C172,CESSNA 172 Skyhawk,L1P,L
A91B3B,N686TS,GC1,GLOBE Swift,L1P,L
A9213B,N688DA,DRON,,D0-,-
A9283B,N6899B,T210,CESSNA T210 Turbo Centurion,L1P,L
A9293B,N69JX,PTS2,PITTS S-2 Special,L1P,L
A92A3B,N69VC,AT8T,AIR TRACTOR AT-802,L1T,M
A9313B,N6913N,M20P,MOONEY M-20,L1P,L
A9353B,N6925R,T210,CESSNA T210 Turbo Centurion,L1P,L
A9383B,N6930H,J3,PIPER J-3 Cub,L1P,L
A9403B,N6954P,PA24,PIPER PA-24 Comanche,L1P,L
A9443B,N6966S,C150,CESSNA 150,L1P,L
A9473B,N6971J,P28A,PIPER PA-28-140/150/160/180,L1P,L
A94B3B,N6983M,S108,STINSON 108 Voyager,L1P,L
A94D3B,N699MC,F900,DASSAULT Falcon 900,L3J,M
A9523B,N70AF,SS2P,ROCKWELL Thrush Commander,L1P,L
A9533B,N70LM,PA12,PIPER PA-12 Super Cruiser,L1P,L
A9543B,N70WT,EAGL,CHRISTEN Eagle,L1P,L
A9563B,N700TD,LNP4,LANCAIR PropJet 4,L1T,L
A9583B,N70091,C185,CESSNA 185 Skywagon,L1P,L
A95A3B,N701WB,CH70,ZENAIR CH-701 Stol,L1P,L
A95B3B,N7014T,C172,CESSNA 172 Skyhawk,L1P,L
A95F3B,N7026W,P28A,PIPER PA-28-140/150/160/180,L1P,L
A9603B,N703FL,P28A,PIPER PA-28-140/150/160/180,L1P,L
A9613B,N703RS,SF34,SAAB 340,L2T,M
A9623B,N7031N,BE33,BEECH 33 Bonanza,L1P,L
A9663B,N7043R,P28A,PIPER PA-28-140/150/160/180,L1P,L
A9673B,N705BA,A5,ICON A-5,A1P,L
A96E3B,N7067X,C150,CESSNA 150,L1P,L
A9703B,N707TC,TAYB,TAYLORCRAFT BC/BF/BL,L1P,L
A9713B,N7072P,PA24,PIPER PA-24 Comanche,L1P,L
A9753B,N7084S,C150,CESSNA 150,L1P,L
A9793B,N7096V,BALL,,B0-,-
A97C3B,N710BW,,,,
A97D3B,N710NB,DRON,,D0-,-
A97F3B,N7106D,PA22,PIPER PA-22,L1P,L
A9803B,N711EU,RV4,VANS RV-4,L1P,L
A9813B,N711R,LJ45,LEARJET 45,L2J,M
A9823B,N71106,BALL,,B0-,-
A9833B,N7118G,C150,CESSNA 150,L1P,L
A9893B,N713WW,ST75,STEARMAN Kaydet,L1P,L
A98A3B,N7135B,PA22,PIPER PA-22,L1P,L
A98B3B,N714DG,C150,CESSNA 150,L1P,L
A98D3B,N714ZU,C152,CESSNA 152,L1P,L
A9923B,N7159H,B06,BELL 206 JetRanger,H1T,L
A9933B,N716KC,CRER,RANS Courier,L1P,L
A9953B,N7164,CRJ2,BOMBARDIER Regional Jet CRJ-200,L2J,M
A99C3B,N71805,C182,CESSNA 182 Skylane,L1P,L
A99D3B,N7188F,C150,CESSNA 150,L1P,L
A9A03B,N71928,L8,LUSCOMBE 8,L1P,L
A9A23B,N72LP,H269,HUGHES Sky Knight,H1P,L
A9A93B,N721WD,RV9,VANS RV-9,L1P,L
A9AE3B,N7226Y,PA30,PIPER PA-30 Twin Comanche,L2P,L
A9B13B,N7231Q,C172,CESSNA 172 Skyhawk,L1P,L
A9B33B,N724JL,H25B,HAWKER BEECHCRAFT Hawker 750/850,L2J,M
A9B93B,N7255W,P28A,PIPER PA-28-140/150/160/180,L1P,L
A9BA3B,N726EA,BE36,BEECH 36 Bonanza,L1P,L
A9BD3B,N7267Z,C82S,CESSNA T182 Turbo Skylane,L1P,L
A9BF3B,N727TE,GLF5,GULFSTREAM 5,L2J,M
A9C03B,N7272R,C82S,CESSNA T182 Turbo Skylane,L1P,L
A9C13B,N72792,N3N,NAVAL AIRCRAFT FACTORY N3N,L1P,L
A9C33B,N728WC,HUSK,CHRISTEN Husky,L1P,L
A9C53B,N729CP,C82T,CESSNA TR182 Turbo Skylane RG,L1P,L
A9CC3B,N730ND,P28A,PIPER PA-28-140/150/160/180,L1P,L
A9D03B,N731RB,EXEC,ROTORWAY Exec,H1P,L
A9D23B,N7318J,P28A,PIPER PA-28-140/150/160/180,L1P,L
A9D73B,N733LS,C172,CESSNA 172 Skyhawk,L1P,L
A9D83B,N733WY,C172,CESSNA 172 Skyhawk,L1P,L
A9DD3B,N7347G,C172,CESSNA 172 Skyhawk,L1P,L
A9DF3B,N735SN,C182,CESSNA 182 Skylane,L1P,L
A9E03B,N73519,C172,CESSNA 172 Skyhawk,L1P,L
A9E23B,N736KE,C172,CESSNA 172 Skyhawk,L1P,L
A9E33B,N736VL,C172,CESSNA 172 Skyhawk,L1P,L
A9E63B,N737NC,C172,CESSNA 172 Skyhawk,L1P,L
A9E93B,N738EV,CRJ7,BOMBARDIER Regional Jet CRJ-700,L2J,M
A9EA3B,N738RA,C172,CESSNA 172 Skyhawk,L1P,L
A9EC3B,N7388H,J3,PIPER J-3 Cub,L1P,L
A9ED3B,N739HT,C172,CESSNA 172 Skyhawk,L1P,L
A9F13B,N74LR,PA23,PIPER PA-23,L2P,L
A9F63B,N74095,AA5,AMERICAN AA-5 Tiger,L1P,L
A9FA3B,N742CS,PA34,PIPER PA-34 Seneca,L2P,L
AA023B,N744JN,P28A,PIPER PA-28-140/150/160/180,L1P,L
AA083B,N7455Y,PA30,PIPER PA-30 Twin Comanche,L2P,L
AA0D3B,N747HA,DRON,,D0-,-
AA0E3B,N747TG,SR22,CIRRUS SR-22,L1P,L
AA103B,N74794,R44,ROBINSON R-44 Raven,H1P,L
AA133B,N7484W,P28A,PIPER PA-28-140/150/160/180,L1P,L
AA183B,N75FP,LJ45,LEARJET 45,L2J,M
AA193B,N75RV,PA34,PIPER PA-34 Seneca,L2P,L
AA1C3B,N750YM,CH75,ZENAIR CH-750 Cruzer,L1P,L
AA1D3B,N7506H,BALL,,B0-,-
AA203B,N7511,C180,CESSNA  180 Skywagon,L1P,L
AA213B,N7518L,,,,
AA253B,N753AN,B772,BOEING 777-200,L2J,H
AA2A3B,N754PS,S22T,CIRRUS SR-22T Turbo,L1P,L
AA2C3B,N7547J,P28R,PIPER PA-28R-180/200/201,L1P,L
AA2D3B,N755GJ,RV6,VANS RV-6,L1P,L
AA2F3B,N7552A,DRON,,D0-,-
AA303B,N7559M,C175,CESSNA 175 Skylark,L1P,L
AA333B,N7564D,PA18,PIPER PA-18 Super Cub,L1P,L
AA393B,N758RC,C172,CESSNA 172 Skyhawk,L1P,L
AA3A3B,N75809,C172,CESSNA 172 Skyhawk,L1P,L
AA3E3B,N7593B,CH7A,BELLANCA 7 Champion,L1P,L
AA3F3B,N76AM,RV10,VANS RV-10,L1P,L
AA403B,N76LT,RV4,VANS RV-4,L1P,L
AA463B,N761LB,T210,CESSNA T210 Turbo Centurion,L1P,L
AA473B,N761WH,T210,CESSNA T210 Turbo Centurion,L1P,L
AA503B,N76385,C120,CESSNA 120,L1P,L
AA533B,N7643X,C172,CESSNA 172 Skyhawk,L1P,L
AA543B,N765BG,S76,SIKORSKY S-76 Spirit,H2T,L
AA573B,N76550,C120,CESSNA 120,L1P,L
AA583B,N766EE,C182,CESSNA 182 Skylane,L1P,L
AA5A3B,N7660S,S76,SIKORSKY S-76 Spirit,H2T,L
AA603B,N768LA,DRON,,D0-,-
AA683B,N77RX,PA11,PIPER PA-11 Cub Special,L1P,L
AA693B,N770CB,C172,CESSNA 172 Skyhawk,L1P,L
AA6F3B,N7711B,C510,CESSNA 510 Citation Mustang,L2J,L
AA703B,N7718N,P28A,PIPER PA-28-140/150/160/180,L1P,L
AA733B,N7723E,B737,BOEING 737-700,L2J,M
AA7B3B,N7747L,,,,
AA7D3B,N775SS,,,,
AA7E3B,N7752C,N3N,NAVAL AIRCRAFT FACTORY N3N,L1P,L
AA823B,N7764F,C150,CESSNA 150,L1P,L
AA833B,N777CA,C172,CESSNA 172 Skyhawk,L1P,L
AA843B,N777NG,CRUZ,CSA PS-28 Cruiser,L1P,L
AA853B,N777YN,BE9L,BEECH 90 King Air,L2T,L
AA863B,N7776J,,,,
AA883B,N778RE,,,,
AA8A3B,N7788M,M20P,MOONEY M-20,L1P,L
AA8D3B,N7793D,PA18,PIPER PA-18 Super Cub,L1P,L
AA8E3B,N78AP,,,,
AA943B,N78099,GC1,GLOBE Swift,L1P,L
AA953B,N781LD,BE35,BEECH 35 Starfire Bonanza,L1P,L
AAAA3B,N78675,PA11,PIPER PA-11 Cub Special,L1P,L
AAAE3B,N78798,PA11,PIPER PA-11 Cub Special,L1P,L
AAB33B,N789PA,P28A,PIPER PA-28-140/150/160/180,L1P,L
AABE3B,N7911D,BE35,BEECH 35 Starfire Bonanza,L1P,L
AAC63B,N7935K,BE35,BEECH 35 Starfire Bonanza,L1P,L
AAC93B,N7940B,C172,CESSNA 172 Skyhawk,L1P,L
AAD23B,N797CC,C650,CESSNA 650 Citation,L2J,M
AAD53B,N7976L,BE23,BEECH 23 Sundowner,L1P,L
AAD63B,N798FA,C172,CESSNA 172 Skyhawk,L1P,L
AAD73B,N798RG,PC12,PILATUS PC-12,L1T,L
AADE3B,N8LX,AC50,NORTH AMERICAN ROCKWELL Commander 500,L2P,L
AADF3B,N8XC,HUSK,CHRISTEN Husky,L1P,L
AAE13B,N80TP,GA8,GIPPSAERO GA-8 Airvan,L1P,L
AAE53B,N8007S,C150,CESSNA 150,L1P,L
AAE73B,N801SY,B738,BOEING 737-800,L2J,M
AAE83B,N8012J,AEST,AEROSTAR 600,L2P,L
AAE93B,N8019V,P28A,PIPER PA-28-140/150/160/180,L1P,L
AAEB3B,N802VW,C208,CESSNA 208 Caravan,L1T,L
AAEC3B,N8024M,GYRO,,G0-,-
AAEE3B,N803NN,B738,BOEING 737-800,L2J,M
AAF13B,N804FE,C208,CESSNA 208 Caravan,L1T,L
AAF53B,N805JC,BE58,BEECH 58 Baron,L2P,L
AAF73B,N8053K,S108,STINSON 108 Voyager,L1P,L
AAF93B,N806MA,TBM7,SOCATA TBM-700A/B/C,L1T,L
AAFB3B,N8065N,P28A,PIPER PA-28-140/150/160/180,L1P,L
AAFF3B,N8077R,P28A,PIPER PA-28-140/150/160/180,L1P,L
AB003B,N808GR,BE35,BEECH 35 Starfire Bonanza,L1P,L
AB013B,N808SX,SONX,SONEX AIRCRAFT Sonex,L1P,L
AB023B,N8082H,P28A,PIPER PA-28-140/150/160/180,L1P,L
AB043B,N809KP,C206,CESSNA  206 Stationair,L1P,L
AB083B,N81NM,A109,AGUSTA AW-109 Grand,H2T,L
AB0C3B,N81035,AA5,AMERICAN AA-5 Tiger,L1P,L
AB103B,N81158,AA5,AMERICAN AA-5 Tiger,L1P,L
AB183B,N814AC,BL8,BELLANCA 8 Decathlon,L1P,L
AB223B,N81611,CH7A,BELLANCA 7 Champion,L1P,L
AB2F3B,N82HK,K100,DAHER Kodiak 100,L1T,L
AB303B,N82TR,C414,CESSNA 414 Chancellor,L2P,L
AB313B,N820DW,ULAC,,L0-,-
AB333B,N8200H,DH8B,DE HAVILLAND DHC-8-200 Dash 8,L2T,M
AB363B,N821T,DA40,DIAMOND DA-40 Club Star,L1P,L
AB373B,N8212L,C172,CESSNA 172 Skyhawk,L1P,L
AB383B,N8219X,C172,CESSNA 172 Skyhawk,L1P,L
AB3B3B,N8224P,,,,
AB423B,N8241J,BALL,,B0-,-
AB463B,N8253M,C210,CESSNA 201 Centurion,L1P,L
AB4B3B,N827DV,R44,ROBINSON R-44 Raven,H1P,L
AB513B,N8282K,P32R,PIPER PA-32R-300/301/301T,L1P,L
AB563B,N83CH,C425,CESSNA 425 Corsair,L2T,L
AB633B,N8328C,P28A,PIPER PA-28-140/150/160/180,L1P,L
AB663B,N83325,PA18,PIPER PA-18 Super Cub,L1P,L
AB673B,N834AE,E135,EMBRAER ERJ-135,L2J,M
AB6A3B,N83448,CH7A,BELLANCA 7 Champion,L1P,L
AB6C3B,N835PJ,DRON,,D0-,-
AB6E3B,N8357A,C170,CESSNA 170,L1P,L
AB713B,N83613,PA18,PIPER PA-18 Super Cub,L1P,L
AB723B,N8369D,BE35,BEECH 35 Starfire Bonanza,L1P,L
AB7D3B,N8398B,C172,CESSNA 172 Skyhawk,L1P,L
AB7F3B,N84TT,BE35,BEECH 35 Starfire Bonanza,L1P,L
AB823B,N8400K,G164,GRUMMAN G-164 Ag-Cat,L1P,L
AB833B,N8407W,LA25,LAKE LA-250,A1P,L
AB873B,N8419Z,C210,CESSNA 201 Centurion,L1P,L
AB8E3B,N8436U,C172,CESSNA 172 Skyhawk,L1P,L
AB913B,N8441L,C172,CESSNA 172 Skyhawk,L1P,L
AB993B,N8465S,P28B,PIPER PA-28-201T/235/236,L1P,L
ABA03B,N8482M,C182,CESSNA 182 Skylane,L1P,L
ABA13B,N8489Y,PA30,PIPER PA-30 Twin Comanche,L2P,L
ABA63B,N85NR,ZZZZ,,-0-,-
ABA93B,N850VH,RV12,VANS RV-12,L1P,L
ABAE3B,N8516B,C172,CESSNA 172 Skyhawk,L1P,L
ABB13B,N85204,CH7A,BELLANCA 7 Champion,L1P,L
ABB63B,N854AG,DRON,,D0-,-
ABB93B,N8545,WACO,WACO E/O,L1P,L
ABC03B,N85615,CH7A,BELLANCA 7 Champion,L1P,L
ABC83B,N8586A,P28R,PIPER PA-28R-180/200/201,L1P,L
ABCC3B,N8598D,PA22,PIPER PA-22,L1P,L
ABD53B,N8612Q,BE35,BEECH 35 Starfire Bonanza,L1P,L
ABD63B,N86191,VP2,EVANS Volksplane,L1P,L
ABD83B,N862WB,C185,CESSNA 185 Skywagon,L1P,L
ABE43B,N8653R,GLID,,L0-,-
ABE83B,N8665U,C172,CESSNA 172 Skyhawk,L1P,L
ABEB3B,N8670L,PA25,PIPER PA-25 Pawnee,L1P,L
ABEE3B,N868TC,C82T,CESSNA TR182 Turbo Skylane RG,L1P,L
ABF03B,N86890,CH7B,BELLANCA 7 Citabria,L1P,L
ABFA3B,N871BW,DRON,,D0-,-
ABFD3B,N8716D,PA22,PIPER PA-22,L1P,L
ABFF3B,N872R,PA46,PIPER PA-46-310/350,L1P,L
AC003B,N87206,ERCO,AIR PRODUCTS F-1 Aircoupe,L1P,L
AC043B,N87329,,,,
AC083B,N8745B,CRJ2,BOMBARDIER Regional Jet CRJ-200,L2J,M
AC0C3B,N8757E,P28R,PIPER PA-28R-180/200/201,L1P,L
AC173B,N8786C,P28A,PIPER PA-28-140/150/160/180,L1P,L
AC1A3B,N87905,J3,PIPER J-3 Cub,L1P,L
AC1C3B,N88HR,BE30,BEECH 300 Super King Air,L2T,L
AC1D3B,N88TX,,,,
AC213B,N88070,J3,PIPER J-3 Cub,L1P,L
AC223B,N881H,BE55,BEECH 55 Baron,L2P,L
AC243B,N8812S,C150,CESSNA 150,L1P,L
AC253B,N88193,J3,PIPER J-3 Cub,L1P,L
AC2C3B,N8836Y,PA30,PIPER PA-30 Twin Comanche,L2P,L
AC2F3B,N8841Q,SS2P,ROCKWELL Thrush Commander,L1P,L
AC323B,N885US,DA40,DIAMOND DA-40 Club Star,L1P,L
AC343B,N886BC,B712,BOEING 717-200,L2J,M
AC353B,N886MJ,KR2,RAND KR-2,L1P,L
AC383B,N887EA,DH8A,DE HAVILLAND DHC-8-100 Dash 8,L2T,M
AC3A3B,N8870N,P28A,PIPER PA-28-140/150/160/180,L1P,L
AC3C3B,N888GZ,GAZL,AEROSPATIALE SA-341 Gazelle,H1T,L
AC3D3B,N888TE,E50P,EMBRAER EMB-500 Phenom 100,L2J,L
AC3E3B,N8882R,B14A,BELLANCA 14,L1P,L
AC423B,N8894U,C150,CESSNA 150,L1P,L
AC433B,N89CP,EC20,AIRBUS HELICOPTERS EC-120,H1T,L
AC483B,N8904C,PA22,PIPER PA-22,L1P,L
AC503B,N8928J,P28A,PIPER PA-28-140/150/160/180,L1P,L
AC543B,N894AL,RV4,VANS RV-4,L1P,L
AC573B,N8945D,PA22,PIPER PA-22,L1P,L
AC623B,N8974B,C172,CESSNA 172 Skyhawk,L1P,L
AC643B,N898NC,GLF6,GULFSTREAM G650,L2J,M
AC683B,N899RA,PARA,,P0-,-
AC693B,N89907,C140,CESSNA 140,L1P,L
AC6C3B,N9TZ,GLST,GLASAIR SH-4 GlaStar,L1P,L
AC703B,N900LW,F900,DASSAULT Falcon 900,L3J,M
AC723B,N9005H,C172,CESSNA 172 Skyhawk,L1P,L
AC733B,N901DN,B739,BOEING 737-900,L2J,M
AC753B,N9010,ZZZZ,,-0-,-
AC783B,N902SS,PC24,PILATUS PC-24,L2J,M
AC793B,N9022C,C180,CESSNA  180 Skywagon,L1P,L
AC7A3B,N9029P,PA24,PIPER PA-24 Comanche,L1P,L
AC7D3B,N9034F,H500,HUGHES 500,H1T,L
AC883B,N9063D,PA18,PIPER PA-18 Super Cub,L1P,L
AC893B,N907AP,,,,
AC8B3B,N907XA,BALL,,B0-,-
AC903B,N9087K,S108,STINSON 108 Voyager,L1P,L
AC923B,N909SR,BE9L,BEECH 90 King Air,L2T,L
AC933B,N9092B,CH7A,BELLANCA 7 Champion,L1P,L
AC953B,N91KH,CL60,BOMBARDIER CL-600 Challenger,L2J,M
AC963B,N91VP,BE35,BEECH 35 Starfire Bonanza,L1P,L
AC993B,N9101W,P28B,PIPER PA-28-201T/235/236,L1P,L
AC9A3B,N91087,,,,
AC9B3B,N911JS,RV6,VANS RV-6,L1P,L
AC9D3B,N9113Z,PA46,PIPER PA-46-310/350,L1P,L
AC9E3B,N912BJ,SR22,CIRRUS SR-22,L1P,L
ACA43B,N9130U,C150,CESSNA 150,L1P,L
ACA73B,N914TL,SR22,CIRRUS SR-22,L1P,L
ACAC3B,N91540,NAVI,NORTH AMERICAN Navion,L1P,L
ACAE3B,N916PA,P28A,PIPER PA-28-140/150/160/180,L1P,L
ACB33B,N9171V,M20P,MOONEY M-20,L1P,L
ACB83B,N919BH,S22T,CIRRUS SR-22T Turbo,L1P,L
ACB93B,N919MP,CH70,ZENAIR CH-701 Stol,L1P,L
ACBB3B,N91951,J3,PIPER J-3 Cub,L1P,L
ACBE3B,N920AS,COUR,HELIO Courier,L1P,L
ACC13B,N9205K,P32R,PIPER PA-32R-300/301/301T,L1P,L
ACC33B,N921PW,PC12,PILATUS PC-12,L1T,L
ACC43B,N9210B,P28A,PIPER PA-28-140/150/160/180,L1P,L
ACCD3B,N924CC,PA23,PIPER PA-23,L2P,L
ACD03B,N9246L,AA1,AMERICAN AA-1,L1P,L
ACD23B,N925RG,RV8,VANS RV-8,L1P,L
ACD43B,N9258P,PA24,PIPER PA-24 Comanche,L1P,L
ACD83B,N927AR,H25B,HAWKER BEECHCRAFT Hawker 750/850,L2J,M
ACDB3B,N9275J,P28A,PIPER PA-28-140/150/160/180,L1P,L
ACDE3B,N9280A,P28A,PIPER PA-28-140/150/160/180,L1P,L
ACE13B,N929ST,C510,CESSNA 510 Citation Mustang,L2J,L
ACE43B,N93KK,C172,CESSNA 172 Skyhawk,L1P,L
ACE53B,N93VR,C550,CESSNA 550 Citation S2,L2J,L
ACE83B,N9301Y,BE95,BEECH 95 Travel Air,L2P,L
ACEB3B,N931V,BE95,BEECH 95 Travel Air,L2P,L
ACED3B,N932BL,R44,ROBINSON R-44 Raven,H1P,L
ACF33B,N9330W,P28B,PIPER PA-28-201T/235/236,L1P,L
ACFB3B,N93542,ERCO,AIR PRODUCTS F-1 Aircoupe,L1P,L
AD013B,N937SA,C172,CESSNA 172 Skyhawk,L1P,L
AD023B,N9371X,C182,CESSNA 182 Skylane,L1P,L
AD033B,N93788,ERCO,AIR PRODUCTS F-1 Aircoupe,L1P,L
AD0A3B,N93953,ERCO,AIR PRODUCTS F-1 Aircoupe,L1P,L
AD143B,N9417Q,BE95,BEECH 95 Travel Air,L2P,L
AD163B,N942SW,C421,CESSNA 421 Executive Commuter,L2P,L
AD1F3B,N9446N,C185,CESSNA 185 Skywagon,L1P,L
AD213B,N945RJ,ULAC,,L0-,-
AD223B,N9451E,AR11,AERONCA 11 Chief,L1P,L
AD263B,N9463H,BE17,BEECH 17 Staggerwing,L1P,L
AD273B,N947AT,B712,BOEING 717-200,L2J,M
AD2D3B,N9480C,P28A,PIPER PA-28-140/150/160/180,L1P,L
AD313B,N9492F,H269,HUGHES Sky Knight,H1P,L
AD333B,N95KM,BE58,BEECH 58 Baron,L2P,L
AD343B,N95VT,RV10,VANS RV-10,L1P,L
AD3B3B,N95133,P28A,PIPER PA-28-140/150/160/180,L1P,L
AD423B,N9530Y,BE35,BEECH 35 Starfire Bonanza,L1P,L
AD493B,N955WN,B737,BOEING 737-700,L2J,M
AD4A3B,N95544,C182,CESSNA 182 Skylane,L1P,L
AD4E3B,N95667,TAYB,TAYLORCRAFT BC/BF/BL,L1P,L
AD593B,N95955,TAYB,TAYLORCRAFT BC/BF/BL,L1P,L
AD633B,N9617S,CH7A,BELLANCA 7 Champion,L1P,L
AD663B,N9622J,P28A,PIPER PA-28-140/150/160/180,L1P,L
AD6C3B,N964NN,B738,BOEING 737-800,L2J,M
AD6F3B,N965FE,C208,CESSNA 208 Caravan,L1T,L
AD773B,N967MA,CH70,ZENAIR CH-701 Stol,L1P,L
AD7E3B,N969GR,BE58,BEECH 58 Baron,L2P,L
AD813B,N9699U,AA1,AMERICAN AA-1,L1P,L
AD833B,N97VV,RV8,VANS RV-8,L1P,L
AD843B,N970G,P46T,PIPER PA-46-500TP,L1T,L
AD853B,N970SF,F900,DASSAULT Falcon 900,L3J,M
AD863B,N97012,C182,CESSNA 182 Skylane,L1P,L
AD873B,N9709C,P46T,PIPER PA-46-500TP,L1T,L
AD8C3B,N972MW,P28R,PIPER PA-28R-180/200/201,L1P,L
AD8E3B,N97258,M20P,MOONEY M-20,L1P,L
AD913B,N97300,C182,CESSNA 182 Skylane,L1P,L
AD923B,N9738A,C170,CESSNA 170,L1P,L
AD963B,N975AC,P28A,PIPER PA-28-140/150/160/180,L1P,L
ADA13B,N9779B,C72R,CESSNA 172R Cutlass RG,L1P,L
ADA43B,N97834,S108,STINSON 108 Voyager,L1P,L
ADA83B,N97957,C182,CESSNA 182 Skylane,L1P,L
ADA93B,N98EM,C172,CESSNA 172 Skyhawk,L1P,L
ADAE3B,N9805R,BE35,BEECH 35 Starfire Bonanza,L1P,L
ADAF3B,N981DW,AS50,AEROSPATIALE AS-350 Ecureuil,H1T,L
ADB13B,N9810H,C82R,CESSNA R182 Skylane RG,L1P,L
ADB43B,N982T,BE35,BEECH 35 Starfire Bonanza,L1P,L
ADB93B,N9834P,PA18,PIPER PA-18 Super Cub,L1P,L
ADC03B,N9851J,C150,CESSNA 150,L1P,L
ADC63B,N987MC,C421,CESSNA 421 Executive Commuter,L2P,L
ADC93B,N988DV,F2TH,DASSAULT Falcon 2000,L2J,M
ADCB3B,N9880G,C172,CESSNA 172 Skyhawk,L1P,L
ADD13B,N99KR,RV4,VANS RV-4,L1P,L
ADD23B,N99VX,SRAI,GREAT PLAINS Sonerai,L1P,L
ADD43B,N990SH,BE20,BEECH 200 Super King Air,L2T,M
ADD63B,N9909E,M20P,MOONEY M-20,L1P,L
ADD73B,N991K,PA24,PIPER PA-24 Comanche,L1P,L
ADDD3B,N9926,G164,GRUMMAN G-164 Ag-Cat,L1P,L
ADE13B,N9938C,,,,
ADE73B,N995WS,SR22,CIRRUS SR-22,L1P,L
ADE93B,N996DC,PA11,PIPER PA-11 Cub Special,L1P,L
ADEA3B,N996PJ,RV6,VANS RV-6,L1P,L
ADEE3B,N997SG,P28A,PIPER PA-28-140/150/160/180,L1P,L
ADF03B,N9979D,PA18,PIPER PA-18 Super Cub,L1P,L
ADF43B,N999BR,TAIL,WITTMAN Tailwind,L1P,L
ADF53B,N999MX,SW4,SWEARINGEN Metro,L2T,M
ADF63B,N999YC,C25B,CESSNA 525B Citation CJ3,L2J,L
AE003B,69-7079,T38,NORTHROP T-38 Talon,L2J,L
AE013B,57-1435,K35R,BOEING KC-135R/T Stratotanker,L4J,H
AE023B,57-1440,K35R,BOEING KC-135R/T Stratotanker,L4J,H
AE093B,00-01052,C560,CESSNA 560 Citation Ultra,L2J,M
AE0A3B,92-26428,H60,SIKORSKY UH-60 Black Hawk,H2T,M
AE0B3B,87-24623,H60,SIKORSKY UH-60 Black Hawk,H2T,M
AE0C3B,93-26520,H60,SIKORSKY UH-60 Black Hawk,H2T,M
AE0D3B,97-26745,H60,SIKORSKY UH-60 Black Hawk,H2T,M
AE0E3B,95-26650,H60,SIKORSKY UH-60 Black Hawk,H2T,M
AE113B,02-3672,TEX2,BEECHCRAFT T-6 Texan 2,L1T,L
AE123B,04-4130,C17,BOEING C-17 Globemaster 3,L4J,H
AE173B,06-3841,TEX2,BEECHCRAFT T-6 Texan 2,L1T,L
AE183B,166524,H60,SIKORSKY UH-60 Black Hawk,H2T,M
AE1F3B,08-72044,EC45,AIRBUS HELICOPTERS EC-145,H2T,L
AE203B,13-72300,EC45,AIRBUS HELICOPTERS EC-145,H2T,L
AE223B,2304,CN35,CASA CN-235 Persuader,L2T,M
AE293B,07-8614,C30J,LOCKHEED MARTIN C-130J Super Hercules,L4T,M
AE2C3B,168247,EC45,AIRBUS HELICOPTERS EC-145,H2T,L
AE483B,08-20106,H60,SIKORSKY UH-60 Black Hawk,H2T,M
AE4B3B,161387,H53,SIKORSKY CH-53,H2T,M
AE573B,13-2005,E314,EMBRAER EMB-314 Super Tucano,L1T,L
AE5D3B,16-20818,H60,SIKORSKY UH-60 Black Hawk,H2T,M
AE5F3B,169546,P8,BOEING P-8 Poseidon,L2J,M
AE603B,17-20972,H60,SIKORSKY UH-60 Black Hawk,H2T,M
AE623B,69-6648,B212,BELL 212,H2T,L
AE633B,19-72451,EC45,AIRBUS HELICOPTERS EC-145,H2T,L
AE6A3B,170014,P8,BOEING P-8 Poseidon,L2J,M
C0003B,C-FACG,K100,DAHER Kodiak 100,L1T,L
C0013B,C-FAMC,SW4,SWEARINGEN Metro,L2T,M
C0023B,C-FAVY,B407,BELL 407,H1T,L
C0053B,C-FBZM,,,,
C0063B,C-FCJI,HUSK,CHRISTEN Husky,L1P,L
C0093B,C-FDMW,GLID,,L0-,-
C00A3B,C-FDWS,,,,
C00B3B,C-FEGO,DHC1,DE HAVILLAND DHC-1 Chipmunk,L1P,L
C00C3B,C-FEQK,BE55,BEECH 55 Baron,L2P,L
C00D3B,C-FFAG,GLID,,L0-,-
C00E3B,C-FFKC,C185,CESSNA 185 Skywagon,L1P,L
C00F3B,C-FFTY,PA16,PIPER PA-16 Clipper,L1P,L
C0103B,C-FGDU,C421,CESSNA 421 Executive Commuter,L2P,L
C0113B,C-FGNQ,CH30,ZENAIR CH-300 Tri-Zenith,L1P,L
C0123B,C-FGXM,GLID,,L0-,-
C0133B,C-FHHI,B06,BELL 206 JetRanger,H1T,L
C0143B,C-FHRE,,,,
C0163B,C-FIKW,PA22,PIPER PA-22,L1P,L
C0173B,C-FIUS,DHC2,DE HAVILLAND DHC-2 Beaver,L1P,L
C0183B,C-FJEO,C172,CESSNA 172 Skyhawk,L1P,L
C0193B,C-FJOK,A321,AIRBUS A-321,L2J,M
C01A3B,C-FJYG,ZZZZ,,-0-,-
C01B3B,C-FKIC,C172,CESSNA 172 Skyhawk,L1P,L
C01C3B,C-FKRY,C172,CESSNA 172 Skyhawk,L1P,L
C01D3B,C-FLBU,,,,
C01E3B,C-FLLQ,PA18,PIPER PA-18 Super Cub,L1P,L
C01F3B,C-FLVM,ULAC,,L0-,-
C0233B,C-FNIW,,,,
C0243B,C-FNSS,C172,CESSNA 172 Skyhawk,L1P,L
C0263B,C-FOMK,C172,CESSNA 172 Skyhawk,L1P,L
C0273B,C-FOWG,C172,CESSNA 172 Skyhawk,L1P,L
C0283B,C-FPGC,L8,LUSCOMBE 8,L1P,L
C0293B,C-FPPY,AA1,AMERICAN AA-1,L1P,L
C02A3B,C-FPZU,M4,MAULE M-4,L1P,L
C02B3B,C-FQJQ,P28B,PIPER PA-28-201T/235/236,L1P,L
C02D3B,C-FRDI,PA31,PIPER PA-31-300/310/325/350/425,L2P,L
C02E3B,C-FRNE,BALL,,B0-,-
C0303B,C-FSGW,C206,CESSNA  206 Stationair,L1P,L
C0313B,C-FSQS,C182,CESSNA 182 Skylane,L1P,L
C0323B,C-FTAO,PA18,PIPER PA-18 Super Cub,L1P,L
C0333B,C-FTKK,PA38,PIPER PA-38 Tomahawk,L1P,L
C0343B,C-FTUG,,,,
C0353B,C-FUEC,C150,CESSNA 150,L1P,L
C0363B,C-FUNY,BALL,,B0-,-
C0373B,C-FUXU,LNP4,LANCAIR PropJet 4,L1T,L
C0383B,C-FVHQ,UL10,ULTIMATE Albertan,L1P,L
C0393B,C-FVRM,C172,CESSNA 172 Skyhawk,L1P,L
C03A3B,C-FWBI,PA12,PIPER PA-12 Super Cruiser,L1P,L
C03B3B,C-FWLE,PA32,PIPER PA-32,L1P,L
C03C3B,C-FWVA,C182,CESSNA 182 Skylane,L1P,L
C03E3B,C-FXOS,,,,
C0413B,C-FYSG,GLID,,L0-,-
C0423B,C-FZCC,G280,GULFSTREAM G280,L2J,M
C0433B,C-FZLY,ULAC,,L0-,-
C0443B,C-FZVU,CH70,ZENAIR CH-701 Stol,L1P,L
C0453B,C-GAFQ,SW4,SWEARINGEN Metro,L2T,M
C0473B,C-GAZI,ZZZZ,,-0-,-
C0483B,C-GBJE,ULAC,,L0-,-
C04A3B,C-GCCW,C172,CESSNA 172 Skyhawk,L1P,L
C04C3B,C-GCWO,C185,CESSNA 185 Skywagon,L1P,L
C0503B,C-GEJY,C172,CESSNA 172 Skyhawk,L1P,L
C0513B,C-GETU,PA30,PIPER PA-30 Twin Comanche,L2P,L
C0533B,C-GFNM,B407,BELL 407,H1T,L
C0543B,C-GFXI,P28A,PIPER PA-28-140/150/160/180,L1P,L
C0553B,C-GGHE,PA30,PIPER PA-30 Twin Comanche,L2P,L
C0563B,C-GGRA,,,,
C0573B,C-GHAW,C210,CESSNA 201 Centurion,L1P,L
C0583B,C-GHKS,P28A,PIPER PA-28-140/150/160/180,L1P,L
C0593B,C-GHUO,S108,STINSON 108 Voyager,L1P,L
C05A3B,C-GIEK,RV6,VANS RV-6,L1P,L
C05B3B,C-GIOG,C337,CESSNA 337 Super Skymaster,L2P,L
C05C3B,C-GIYC,,,,
C05E3B,C-GJRU,BALL,,B0-,-
C0603B,C-GKLM,AS50,AEROSPATIALE AS-350 Ecureuil,H1T,L
C0613B,C-GKVI,UH1,BELL UH-1 Huey,H1T,L
C0623B,C-GLFE,M5,MAULE M-5,L1P,L
C0633B,C-GLPA,CAMP,GREGA GN-1 Aircamper,L1P,L
C0643B,C-GLYW,,,,
C0653B,C-GMIS,EXEC,ROTORWAY Exec,H1P,L
C0663B,C-GMSO,,,,
C0673B,C-GNCK,,,,
C0683B,C-GNMG,PA18,PIPER PA-18 Super Cub,L1P,L
C0693B,C-GNWC,C335,CESSNA 335,L2P,L
C06A3B,C-GOFY,C170,CESSNA 170,L1P,L
C06B3B,C-GOPU,PA22,PIPER PA-22,L1P,L
C06D3B,C-GPJM,C185,CESSNA 185 Skywagon,L1P,L
C06E3B,C-GPTI,GLID,,L0-,-
C0703B,C-GQNA,P28S,PIPER PA-28R-201T,L1P,L
C0713B,C-GQWW,AT3P,AIR TRACTOR AT-301/401,L1P,L
C0723B,C-GRGS,C182,CESSNA 182 Skylane,L1P,L
C0743B,C-GSAK,BE95,BEECH 95 Travel Air,L2P,L
C0753B,C-GSKG,B190,BEECH 1900,L2T,M
C0763B,C-GSUC,PA18,PIPER PA-18 Super Cub,L1P,L
C0773B,C-GTDY,AA1,AMERICAN AA-1,L1P,L
C0783B,C-GTNU,AS50,AEROSPATIALE AS-350 Ecureuil,H1T,L
C07A3B,C-GUHM,B06,BELL 206 JetRanger,H1T,L
C07B3B,C-GURI,KA27,KAMOV Ka-252,H2T,M
C07C3B,C-GVBE,C172,CESSNA 172 Skyhawk,L1P,L
C07D3B,C-GVLA,PK20,PIK 20E,L1P,L
C07E3B,C-GVUW,C185,CESSNA 185 Skywagon,L1P,L
C07F3B,C-GWES,AA5,AMERICAN AA-5 Tiger,L1P,L
C0803B,C-GWOO,BT36,BEECH B36TC Bonanza,L1P,L
C0813B,C-GWYK,C172,CESSNA 172 Skyhawk,L1P,L
C0823B,C-GXIG,CRJ9,BOMBARDIER Regional Jet CRJ-900,L2J,M
C0843B,C-GYBY,P28A,PIPER PA-28-140/150/160/180,L1P,L
C0853B,C-GYLU,,,,
C0873B,C-GZFM,ULAC,,L0-,-
C0883B,C-GZPI,B06,BELL 206 JetRanger,H1T,L
C0893B,C-GZZE,BALL,,B0-,-
C08C3B,C-IBCS,ULAC,,L0-,-
C08D3B,C-IBMO,PARA,,P0-,-
C08E3B,C-IBWK,ULAC,,L0-,-
C08F3B,C-ICGG,ECHO,TECNAM P-92 Echo,L1P,L
C0913B,C-ICZY,NDAC,NORMAND DUBE Aerocruiser,L1P,L
C0943B,C-IEDM,,,,
C0953B,C-IENI,,,,
C0963B,C-IEXE,ZZZZ,,-0-,-
C0973B,C-IFHA,ULAC,,L0-,-
C0983B,C-IFQW,ULAC,,L0-,-
C0993B,C-IGAS,ULAC,,L0-,-
C09A3B,C-IGKO,,,,
C09B3B,C-IGUK,PARA,,P0-,-
C09D3B,C-IHOC,PARA,,P0-,-
C09E3B,C-IHXY,PARA,,P0-,-
C09F3B,C-IIHU,BEVR,ASAP Beaver,L1P,L
C0A03B,C-IIRQ,PARA,,P0-,-
C0A13B,C-IJBM,PARA,,P0-,-
C0A23B,C-IJLI,PARA,,P0-,-
C0A33B,C-IJVE,,,,
C0A53B,C-IKOW,SONX,SONEX AIRCRAFT Sonex,L1P,L
C0A73B,C-ILIO,TRDO,TITAN Tornado SS,L1P,L
C0A83B,C-ILSK,,,,
C0A93B,C-IMCG,MAME,BLUE YONDER Merlin,L1P,L
C0B03B,C-IOTE,COY2,RANS Coyote 2,L1P,L
C1E53B,SERV,SERV,,V0-,-
C2B43B,148807,S92,SIKORSKY S-92 Helibus,H2T,M
C8013B,ZK-BWL,C172,CESSNA 172 Skyhawk,L1P,L
C8023B,ZK-BDB,C180,CESSNA  180 Skywagon,L1P,L
C8033B,ZK-DOB,C150,CESSNA 150,L1P,L
C8083B,ZK-GIV,GLID,,L0-,-
C8093B,ZK-HNT,H500,HUGHES 500,H1T,L
C8103B,ZK-WHY,C172,CESSNA 172 Skyhawk,L1P,L
C8173B,ZK-UTC,TERR,FOXCON Terrier,L1P,L
C81A3B,ZK-CBC,C182,CESSNA 182 Skylane,L1P,L
C81D3B,ZK-LGT,G200,AKROTECH G-200,L1P,L
C81E3B,ZK-HJJ,B212,BELL 212,H2T,L
C8203B,ZK-HSW,EXEC,ROTORWAY Exec,H1P,L
C8213B,ZK-HTA,B06,BELL 206 JetRanger,H1T,L
C8223B,ZK-NVK,NPOR,REDFERN Nieuport 24,L1P,L
C8273B,ZK-RLT,M7,MAULE M-7,L1P,L
C8293B,ZK-IED,H269,HUGHES Sky Knight,H1P,L
E2003B,LV-S019,SIRA,TECNAM P-2002 Sierra,L1P,L
E4823B,PR-EMG,C206,CESSNA  206 Stationair,L1P,L
E4843B,PT-FST,BE58,BEECH 58 Baron,L2P,L
E4933B,PP-MVH,LJ75,LEARJET 75,L2J,M
E4943B,PR-CGF,S92,SIKORSKY S-92 Helibus,H2T,M
E4953B,PP-BII,BE9L,BEECH 90 King Air,L2T,L
E4973B,PR-OHZ,A139,AGUSTA AW-139,H2T,L
E49A3B,PP-AZN,PAY1,PIPER PA-31T1-500 Cheyenne 1,L2T,L
E8023B,CC-COF,A320,AIRBUS A-320,L2J,M
E8033B,CC-DBE,A20N,AIRBUS A-320neo,L2J,M
E8043B,CC-BBD,B788,BOEING 787-8 Dreamliner,L2J,H
E8093B,CC-AEX,A119,AGUSTA AW-119 Koala,H1T,L
E8803B,ZP-TTM,BE58,BEECH 58 Baron,L2P,L
