00903E,ZS-GDH,GLID,,L0-,-
00AF3E,ZS-RWN,AS50,AEROSPATIALE AS-350 Ecureuil,H1T,L
00B03E,ZS-SGJ,PC12,PILATUS PC-12,L1T,L
00CA3E,ZU-KTT,RV10,VANS RV-10,L1P,L
01003E,SU-BND,GLF4,GULFSTREAM 4,L2J,M
01023E,SU-BUV,A320,AIRBUS A-320,L2J,M
02003E,CN-AOP,C130,LOCKHEED C-130 Hercules,L4T,M
02013E,CN-RGZ,B789,BOEING 787-9 Dreamliner,L2J,H
03003E,A2-ABL,AT76,ATR-72-600,L2T,M
04403E,GHF550,C295,CASA C-295 Persuader,L2T,M
05A03E,8Q-TMZ,DHC6,DE HAVILLAND DHC-6 Twin Otter,L2T,L
06003E,3B-SGT,GL5T,BOMBARDIER BD-700 Global 5000/5500,L2J,M
06423E,5N-EGL,CL60,BOMBARDIER CL-600 Challenger,L2J,M
06A03E,A7-AEE,A333,AIRBUS A-330-300,L2J,H
06A13E,A7-GHL,A139,AGUSTA AW-139,H2T,L
08003E,5H-BEE,C208,CESSNA 208 Caravan,L1T,L
08AF3E,AF003,C27J,ALENIA C-27J Spartan,L2T,M
09A03E,C5-MAE,B733,BOEING 737-300,L2J,M
0A003E,7T-VUN,AT75,ATR-72-500,L2T,M
0A403E,7T-WRQ,B350,BEECHCRAFT Super King Air 350,L2T,M
0AC93E,PNC-0738,UH1,BELL UH-1 Huey,H1T,L
0B403E,TG-CCC,BE9L,BEECH 90 King Air,L2T,L
0C213E,HP-1GS,BE58,BEECH 58 Baron,L2P,L
0D073E,XA-RLV,H25B,HAWKER BEECHCRAFT Hawker 750/850,L2J,M
0D083E,XA-GAI,E190,EMBRAER ERJ-190-100,L2J,M
0D093E,XA-NFP,E145,EMBRAER ERJ-145,L2J,M
0D0A3E,XB-NDN,T210,CESSNA T210 Turbo Centurion,L1P,L
0D0B3E,XA-VIJ,A20N,AIRBUS A-320neo,L2J,M
0D0D3E,XB-CAP,T206,CESSNA T206 Turbo Stationair,L1P,L
0D813E,YV2079,B350,BEECHCRAFT Super King Air 350,L2T,M
140B3E,RA-02878,H25B,HAWKER BEECHCRAFT Hawker 750/850,L2J,M
14663E,RA-26174,AN26,ANTONOV An-26,L2T,M
15063E,RA-67134,CRJ2,BOMBARDIER Regional Jet CRJ-200,L2J,M
151E3E,RA-73278,B77W,BOEING 777-300ER,L2J,H
157F3E,RA-98110,YK40,YAKOVLEV Yak-40,L3J,M
20103E,V5-ANG,E135,EMBRAER ERJ-135,L2J,M
30023E,I-DPCE,CL2T,CANADAIR CL-415 SuperScooper,A2T,M
30043E,I-LOPS,B412,BELL 412,H2T,L
30073E,I-AWTU,A109,AGUSTA AW-109 Grand,H2T,L
30083E,I-AWVD,A109,AGUSTA AW-109 Grand,H2T,L
32003E,VF-145,A139,AGUSTA AW-139,H2T,L
33FD3E,MM55236,M345,AERMACCHI M-345,L1J,L
3AAB3E,F-MGAS,GAZL,AEROSPATIALE SA-341 Gazelle,H1T,L
3B763E,E143,AJET,DASSAULT-DORNIER Alpha Jet,L2J,M
3B773E,054,E121,EMBRAER EMB-121 Xingu,L2T,L
3B7B3E,F-ZBMJ,DH8D,DE HAVILLAND DHC-8-400 Dash 8,L2T,M
3C123E,D-AVXP,A321,AIRBUS A-321,L2J,M
3D053E,D-EAFU,C207,CESSNA 207 Turbo Stationair,L1P,L
3D0A3E,D-ECDA,DV20,DIAMOND DA-20,L1P,L
3D0E3E,D-EDQK,C172,CESSNA 172 Skyhawk,L1P,L
3D0F3E,D-EEAG,JB15,OBERLECHNER JOB-15,L1P,L
3D123E,D-EFDU,C152,CESSNA 152,L1P,L
3D143E,D-EFXM,P28A,PIPER PA-28-140/150/160/180,L1P,L
3D153E,D-EGHI,SR22,CIRRUS SR-22,L1P,L
3D163E,D-EGRE,TOBA,SOCATA Tobago,L1P,L
3D173E,D-EHBA,C172,CESSNA 172 Skyhawk,L1P,L
3D1A3E,D-EIEO,TOBA,SOCATA Tobago,L1P,L
3D213E,D-EKVM,C206,CESSNA  206 Stationair,L1P,L
3D223E,D-ELFI,P28A,PIPER PA-28-140/150/160/180,L1P,L
3D233E,D-ELPE,M20P,MOONEY M-20,L1P,L
3D243E,D-ELZA,DV20,DIAMOND DA-20,L1P,L
3D253E,D-EMIW,PA24,PIPER PA-24 Comanche,L1P,L
3D273E,D-ENCO,P28A,PIPER PA-28-140/150/160/180,L1P,L
3D293E,D-ENWG,SC01,FFT Speed Canard,L1P,L
3D2E3E,D-EPTM,B36T,BEECH 36 Turbine Bonanza,L1T,L
3D343E,D-ESAO,PA46,PIPER PA-46-310/350,L1P,L
3D353E,D-ESKK,S05R,SIAI-MARCHETTI S-205-22R,L1P,L
3D3E3E,D-EVVA,M20T,MOONEY M-20T,L1P,L
3D3F3E,D-EWEW,TB20,SOCATA TB-20 Trinidad,L1P,L
3D423E,D-EXIK,E400,EXTRA EA-400,L1P,L
3D483E,D-EZPM,G115,GROB G-115,L1P,L
3D493E,D-EZZI,M7,MAULE M-7,L1P,L
3D6A3E,D-FMMG,K100,DAHER Kodiak 100,L1T,L
3D9B3E,D-GFAS,DA42,DIAMOND DA-42 Guardian,L2P,L
3DF43E,D-HMTA,H269,HUGHES Sky Knight,H1P,L
3DF73E,D-HNWO,BK17,EUROCOPTER BK117 C-1/2,H2T,L
3E0A3E,D-HVBQ,EC35,AIRBUS HELICOPTERS EC-135/635,H2T,L
3E193E,D-IATI,DA62,DIAMOND DA-62,L2P,L
3E1F3E,D-IDAK,BE9L,BEECH 90 King Air,L2T,L
3E383E,D-IMMO,AEST,AEROSTAR 600,L2P,L
3E393E,D-IMWK,SW3,SWEARINGEN Merlin 3,L2T,L
3E443E,D-IRAS,HDJT,HONDA HondaJet,L2J,L
3E4D3E,D-IULI,C25A,CESSNA 525A Citation CJ2,L2J,L
3E5E3E,D-KAWS,DIMO,DIAMOND H-36 Dimona,L1P,L
3E5F3E,D-KBGO,DG80,DG FLUGZEUGBAU DG-800,L1P,L
3E623E,D-KCKC,DIMO,DIAMOND H-36 Dimona,L1P,L
3E6C3E,D-KGEO,VENT,SCHEMPP-HIRTH Ventus,L1P,L
3E763E,D-KJZA,GLID,,L0-,-
3E783E,D-KKSS,AS25,SCHLEICHER ASH-25,L1P,L
3E7A3E,D-KLMK,DIMO,DIAMOND H-36 Dimona,L1P,L
3EC13E,D-KODI,SF25,SCHEIBE SF-25 Falke,L1P,L
3EC93E,D-KREC,GLID,,L0-,-
3ED23E,D-KUOS,GLID,,L0-,-
3EEB3E,D-2727,GLID,,L0-,-
3EED3E,D-3239,GLID,,L0-,-
3F843E,77+01,EC45,AIRBUS HELICOPTERS EC-145,H2T,L
3FC73E,D-OMWS,BALL,,B0-,-
3FEB3E,D-MSRI,SKRA,BEST OFF Sky Ranger,L1P,L
3FEC3E,D-MMKL,G3,REMOS Mirage,L1P,L
3FED3E,D-MSUG,C42,IKARUS C-42 Bison,L1P,L
3FEF3E,D-MMFR,MT,ROTORSPORT MTOSport,G1P,L
3FF03E,D-MXBR,BREZ,AEROSTYLE Breezer,L1P,L
3FF13E,D-MWES,FK9,B&F TECHNIK FK-9,L1P,L
3FF23E,D-MHIC,NG5,BRM AERO NG-5/6 Bristell,L1P,L
3FF43E,D-MULI,C42,IKARUS C-42 Bison,L1P,L
3FF63E,D-MUCS,G3,REMOS Mirage,L1P,L
3FF83E,D-MYTS,FK9,B&F TECHNIK FK-9,L1P,L
40073E,G-BYGF,B744,BOEING 747-400,L4J,H
40093E,G-EUOE,A319,AIRBUS A-319,L2J,M
400A3E,G-VIPX,PA31,PIPER PA-31-300/310/325/350/425,L2P,L
400B3E,G-AMRA,DC3,DOUGLAS DC-3 Dakota,L2P,M
40133E,G-WYLD,T210,CESSNA T210 Turbo Centurion,L1P,L
40163E,G-ATFY,C172,CESSNA 172 Skyhawk,L1P,L
40173E,G-AVVC,C172,CESSNA 172 Skyhawk,L1P,L
40183E,G-AXNX,C182,CESSNA 182 Skylane,L1P,L
40193E,G-AZHC,D11,JODEL D-11x/12x,L1P,L
401D3E,G-BFTC,P28S,PIPER PA-28R-201T,L1P,L
401F3E,G-BITA,PA18,PIPER PA-18 Super Cub,L1P,L
40203E,G-BKGW,C152,CESSNA 152,L1P,L
40243E,G-MMGL,ULAC,,L0-,-
40263E,G-BMJD,C152,CESSNA 152,L1P,L
40293E,G-MTKI,ULAC,,L0-,-
402B3E,G-BOPC,P28A,PIPER PA-28-140/150/160/180,L1P,L
40313E,G-GORE,STST,CFM Star Streak,L1P,L
40323E,G-BSSA,L8,LUSCOMBE 8,L1P,L
40463E,G-OOIO,AS50,AEROSPATIALE AS-350 Ecureuil,H1T,L
40493E,G-CCDP,XAIR,RAJ HAMSA X-AIR Falcon,L1P,L
404A3E,G-HAYE,CP23,MURDY CAP-230/1/2,L1P,L
404B3E,G-TOPK,EUPA,Europa,L1P,L
404C3E,G-CCYO,EAGL,CHRISTEN Eagle,L1P,L
404D3E,G-CDGV,B06,BELL 206 JetRanger,H1T,L
404E3E,G-CDMH,C10T,CESSNA P210 Turbine,L1T,L
40503E,G-PTAR,SKRA,BEST OFF Sky Ranger,L1P,L
40513E,G-CEJN,M20P,MOONEY M-20,L1P,L
40523E,G-GLII,G2T1,GREAT LAKES 2T-1,L1P,L
40533E,G-CHHH,GLID,,L0-,-
40553E,G-DCSD,GLID,,L0-,-
40563E,G-CFGP,GLID,,L0-,-
40583E,G-CJUV,DISC,SCHEMPP-HIRTH Discus,L1P,L
405C3E,G-CJHN,GLID,,L0-,-
405D3E,G-JMAL,JABI,Jabiru J120,L1P,L
40603E,G-TLAC,ULAC,,L0-,-
40613E,G-HAEF,EV97,EVEKTRO EV-97 EuroStar,L1P,L
40623E,G-OMSA,FDCT,FLIGHT DESIGN CT,L1P,L
40633E,G-SWIG,R44,ROBINSON R-44 Raven,H1P,L
40653E,G-EZGO,A319,AIRBUS A-319,L2J,M
40663E,G-CGXX,SVNH,AEROTEC Savannah,L1P,L
40683E,G-VUFO,A333,AIRBUS A-330-300,L2J,H
406A3E,G-EUYU,A320,AIRBUS A-320,L2J,M
406B3E,G-VINK,S92,SIKORSKY S-92 Helibus,H2T,M
406C3E,G-CIHN,BALL,,B0-,-
406E3E,G-CIOU,BALL,,B0-,-
406F3E,G-NHAD,AS65,AEROSPATIALE AS-365 Dauphin 2,H2T,L
40713E,G-LLLY,EN48,ENSTROM TH-28,H1T,L
40723E,G-ULFM,GLF4,GULFSTREAM 4,L2J,M
40753E,G-CKVG,C42,IKARUS C-42 Bison,L1P,L
40773E,G-EMED,EC75,AIRBUS HELICOPTERS EC-175,H2T,M
40783E,G-CLGH,S92,SIKORSKY S-92 Helibus,H2T,M
407A3E,G-XATW,A21N,AIRBUS A-321neo,L2J,M
407B3E,G-FTAC,P28A,PIPER PA-28-140/150/160/180,L1P,L
407D3E,G-OWEE,B505,BELL 505 JetRanger X,H1T,L
42433E,VP-BJO,B77W,BOEING 777-300ER,L2J,H
42443E,VQ-BIO,FA7X,DASSAULT Falcon 7X,L3J,M
42483E,VP-CYJ,GL5T,BOMBARDIER BD-700 Global 5000/5500,L2J,M
43C13E,ZJ785,AS65,AEROSPATIALE AS-365 Dauphin 2,H2T,L
43C63E,XV714,S61,SIKORSKY S-61 Sea King,H2T,M
43C73E,ZJ946,EUFI,EUROFIGHTER 2000,L2J,M
43C93E,ZM716,H64,MCDONNELL DOUGLAS AH-64 Apache,H2T,M
43E83E,M-SCMG,FA7X,DASSAULT Falcon 7X,L3J,M
43EB3E,2-CYFR,S22T,CIRRUS SR-22T Turbo,L1P,L
44003E,OE-ICS,A320,AIRBUS A-320,L2J,M
44013E,OE-ATG,G120,GROB G-120,L1P,L
44023E,OE-DME,BE23,BEECH 23 Sundowner,L1P,L
44033E,OE-LQA,A319,AIRBUS A-319,L2J,M
44043E,OE-AMS,EUPA,Europa,L1P,L
44093E,OE-IJW,A320,AIRBUS A-320,L2J,M
45203E,LZ-BVM,B733,BOEING 737-300,L2J,M
46063E,OH-CJM,C152,CESSNA 152,L1P,L
46783E,HN-462,F18H,BOEING FA-18 HORNET,L2J,M
471F3E,HA-LVQ,A21N,AIRBUS A-321neo,L2J,M
472D3E,HA-RDM,T28,NORTH AMERICAN T-28,L1P,L
47853E,LN-ODX,R22,ROBINSON R-22 Mariner,H1P,L
47BF3E,LN-OUG,EC35,AIRBUS HELICOPTERS EC-135/635,H2T,L
48043E,J-210,F16,GENERAL DYNAMICS F-16 Fighting Falcon,L1J,M
48083E,D-102,H47,BOEING-VERTOL CH-47 Chinook,H2T,M
48443E,P4-RTS,AT43,ATR-42-300,L2T,M
48473E,PH-MMN,BALL,,B0-,-
484A3E,PH-692,GLID,,L0-,-
484C3E,PH-MJS,BE23,BEECH 23 Sundowner,L1P,L
484E3E,PH-APA,PA18,PIPER PA-18 Super Cub,L1P,L
484F3E,PH-1481,GLID,,L0-,-
48513E,PH-1EJ,ZZZZ,,-0-,-
48533E,PH-4N9,MT,ROTORSPORT MTOSport,G1P,L
48543E,PH-1TY,ZZZZ,,-0-,-
48553E,PH-2FZ,ZZZZ,,-0-,-
48563E,PH-2PT,ZZZZ,,-0-,-
48643E,PH-GZF,BALL,,B0-,-
497C3E,15131,F16,GENERAL DYNAMICS F-16 Fighting Falcon,L1J,M
49C23E,OK-WUD03,EV97,EVEKTRO EV-97 EuroStar,L1P,L
49D03E,OK-JLV,Z42,ZLIN Z-42/142/242,L1P,L
49D13E,OK-FAH,C152,CESSNA 152,L1P,L
49D43E,OK-VEA,GLF6,GULFSTREAM G650,L2J,M
49F03E,GND,GND,,V0-,-
4A813E,SE-LIP,F50,FOKKER 50,L2T,M
4B183E,HB-JES,GLF5,GULFSTREAM 5,L2J,M
4B1A3E,HB-JYK,A319,AIRBUS A-319,L2J,M
4B283E,HB-PGG,P28A,PIPER PA-28-140/150/160/180,L1P,L
4B2C3E,HB-QTQ,BALL,,B0-,-
4B2D3E,HB-RDM,T28,NORTH AMERICAN T-28,L1P,L
4B353E,HB-UEG,B209,MBB BO-209 Monsun,L1P,L
4B433E,HB-ZMC,AS50,AEROSPATIALE AS-350 Ecureuil,H1T,L
4B443E,HB-ZVY,AS50,AEROSPATIALE AS-350 Ecureuil,H1T,L
4B483E,HB-919,GLID,,L0-,-
4B4C3E,HB-1943,GLID,,L0-,-
4B4D3E,HB-2199,S10S,STEMME S-10 Chrysalis,L1P,L
4B4E3E,HB-2455,DUOD,SCHEMPP-HIRTH Duo Discus,L1P,L
4B513E,HB-3223,DUOD,SCHEMPP-HIRTH Duo Discus,L1P,L
4CA13E,252,CN35,CASA CN-235 Persuader,L2T,M
4CA73E,EI-EBW,B738,BOEING 737-800,L2J,M
4CAD3E,EI-HMW,B38M,BOEING 737 MAX 8,L2J,M
4CC53E,TF-GOE,E190,EMBRAER ERJ-190-100,L2J,M
4D033E,LX-MDT,GA8,GIPPSAERO GA-8 Airvan,L1P,L
4D233E,9H-HUB,A320,AIRBUS A-320,L2J,M
4D243E,9H-AKA,B744,BOEING 747-400,L4J,H
4D403E,3A-MTT,AS50,AEROSPATIALE AS-350 Ecureuil,H1T,L
502D3E,YL-AAZ,BCS3,AIRBUS A220-300,L2J,M
503D3E,LY-DUE,B738,BOEING 737-800,L2J,M
504E3E,ER-LSA,NG4,BRM AERO NG-4,L1P,L
506C3E,S5-AFJ,SB20,SAAB 2000,L2T,M
507C3E,UK-32015,A320,AIRBUS A-320,L2J,M
50843E,UR-MIK,E300,EXTRA EA-300/330/350,L1P,L
50FF3E,33BLACK,AN32,ANTONOV An-32 Sutlej,L2T,M
51103E,ES-ASN,SF34,SAAB 340,L2T,M
60183E,EZ-B024,CRJ7,BOMBARDIER Regional Jet CRJ-700,L2J,M
68213E,JU-8811,E190,EMBRAER ERJ-190-100,L2J,M
68323E,UP-F1010,F100,FOKKER 100,L2J,M
70203E,S2-AFO,B77W,BOEING 777-300ER,L2J,H
73943E,4X-CHV,C172,CESSNA 172 Skyhawk,L1P,L
73953E,4X-HPA,NG5,BRM AERO NG-5/6 Bristell,L1P,L
75023E,9M-PHB,AS55,AEROSPATIALE AS-355 Ecureuil 2,H2T,L
75043E,9M-AGE,A20N,AIRBUS A-320neo,L2J,M
75823E,RP-C8620,A320,AIRBUS A-320,L2J,M
75833E,RP-C8972,A320,AIRBUS A-320,L2J,M
75863E,RP-C5915,DH8D,DE HAVILLAND DHC-8-400 Dash 8,L2T,M
78023E,B-KPR,B77W,BOEING 777-300ER,L2J,H
78043E,B-9308,C172,CESSNA 172 Skyhawk,L1P,L
78053E,B-000D,A20N,AIRBUS A-320neo,L2J,M
78083E,B-6861,A320,AIRBUS A-320,L2J,M
78093E,B-9622,C172,CESSNA 172 Skyhawk,L1P,L
780A3E,B-LJI,B748,BOEING 747-8,L4J,H
780B3E,B-3362,CRJ9,BOMBARDIER Regional Jet CRJ-900,L2J,M
780C3E,B-1830,A321,AIRBUS A-321,L2J,M
780D3E,B-5965,A333,AIRBUS A-330-300,L2J,H
780E3E,B-8017,A319,AIRBUS A-319,L2J,M
780F3E,B-7365,B77W,BOEING 777-300ER,L2J,H
78103E,B-7973,B77W,BOEING 777-300ER,L2J,H
78123E,B-7300,B738,BOEING 737-800,L2J,M
78133E,B-3275,GLF5,GULFSTREAM 5,L2J,M
78143E,B-1137,B38M,BOEING 737 MAX 8,L2J,M
78153E,B-602N,GLF6,GULFSTREAM G650,L2J,M
78163E,B-306R,A20N,AIRBUS A-320neo,L2J,M
78183E,B-605C,AJ27,COMAC ARJ-21-700 Xiangfeng,L2J,M
78193E,B-30F2,A20N,AIRBUS A-320neo,L2J,M
781B3E,B-322L,A21N,AIRBUS A-321neo,L2J,M
781C3E,B-325M,A21N,AIRBUS A-321neo,L2J,M
781D3E,B-12GC,AURA,SUNWARD Aurora S60/70,L1P,L
781E3E,B-32C3,A20N,AIRBUS A-320neo,L2J,M
79803E,B-6043,A319,AIRBUS A-319,L2J,M
79A03E,B-2337,A320,AIRBUS A-320,L2J,M
7C0D3E,VH-CWG,SR22,CIRRUS SR-22,L1P,L
7C103E,VH-DHS,C172,CESSNA 172 Skyhawk,L1P,L
7C153E,VH-EHC,C182,CESSNA 182 Skylane,L1P,L
7C173E,VH-EVK,EVSS,EVEKTOR SportStar,L1P,L
7C1A3E,VH-FGW,T210,CESSNA T210 Turbo Centurion,L1P,L
7C293E,VH-IFK,AA5,AMERICAN AA-5 Tiger,L1P,L
7C2A3E,VH-IMO,C182,CESSNA 182 Skylane,L1P,L
7C2B3E,VH-ITS,C82R,CESSNA R182 Skylane RG,L1P,L
7C333E,VH-KEO,PA32,PIPER PA-32,L1P,L
7C353E,VH-KSW,AC11,NORTH AMERICAN ROCKWELL Commander 112/114,L1P,L
7C3B3E,VH-LZK,C208,CESSNA 208 Caravan,L1T,L
7C423E,VH-NDC,C208,CESSNA 208 Caravan,L1T,L
7C4D3E,VH-PJK,C10T,CESSNA P210 Turbine,L1T,L
7C563E,VH-RBK,C182,CESSNA 182 Skylane,L1P,L
7C573E,VH-RIO,H25B,HAWKER BEECHCRAFT Hawker 750/850,L2J,M
7C583E,VH-RPS,RV12,VANS RV-12,L1P,L
7C5E3E,VH-SWG,C182,CESSNA 182 Skylane,L1P,L
7C603E,VH-TAO,RV12,VANS RV-12,L1P,L
7C683E,VH-UVK,A320,AIRBUS A-320,L2J,M
7C6B3E,VH-VGW,C180,CESSNA  180 Skywagon,L1P,L
7C703E,VH-WGG,C210,CESSNA 201 Centurion,L1P,L
7C7A3E,VH-YFK,B738,BOEING 737-800,L2J,M
7C7C3E,VH-YTS,DA40,DIAMOND DA-40 Club Star,L1P,L
7CBC3E,19-7150,JAB4,JABIRU J200-450,L1P,L
7CC43E,23-8827,NG5,BRM AERO NG-5/6 Bristell,L1P,L
7CF83E,A27-004,HAWK,BRITISH AEROSPACE T-45 Goshawk,L1J,M
80003E,VT-ESJ,A320,AIRBUS A-320,L2J,M
80043E,VT-JWQ,A332,AIRBUS A-330-200,L2J,H
80053E,VT-PPT,A321,AIRBUS A-321,L2J,M
80073E,VT-ANX,B788,BOEING 787-8 Dreamliner,L2J,H
800C3E,VT-ALX,B77W,BOEING 777-300ER,L2J,H
800D3E,VT-WJD,A20N,AIRBUS A-320neo,L2J,M
80143E,VT-KNR,D228,DORNIER 228,L2T,L
80153E,VT-IBB,A21N,AIRBUS A-321neo,L2J,M
84093E,JA02JC,AT46,ATR-42-600,L2T,M
841B3E,JA07KG,A109,AGUSTA AW-109 Grand,H2T,L
84653E,JA135G,EC35,AIRBUS HELICOPTERS EC-135/635,H2T,L
84B83E,JA218A,A20N,AIRBUS A-320neo,L2J,M
84BB3E,JA223Y,S76,SIKORSKY S-76 Spirit,H2T,L
84C43E,JA24MC,A320,AIRBUS A-320,L2J,M
852E3E,JA3958,C172,CESSNA 172 Skyhawk,L1P,L
86803E,JA737U,B738,BOEING 737-800,L2J,M
86953E,JA794A,B77W,BOEING 777-300ER,L2J,H
86D63E,JA826A,B412,BELL 412,H2T,L
86E13E,JA858A,DH8D,DE HAVILLAND DHC-8-400 Dash 8,L2T,M
87CC3E,98-1210,KC2,KAWASAKI C-2,L2J,H
88803E,VN-A683,A321,AIRBUS A-321,L2J,M
88813E,VN-A635,A321,AIRBUS A-321,L2J,M
89613E,A6-EYI,A332,AIRBUS A-330-200,L2J,H
89643E,A6-AEH,A321,AIRBUS A-321,L2J,M
89653E,A6-BMG,B78X,BOEING 787-10 Dreamliner,L2J,H
896C3E,1229,C17,BOEING C-17 Globemaster 3,L4J,H
89813E,P2-AHP,C208,CESSNA 208 Caravan,L1T,L
8A003E,PK-GGC,B735,BOEING 737-500,L2J,M
8A023E,PK-GFF,B738,BOEING 737-800,L2J,M
8A033E,PK-WFZ,AT76,ATR-72-600,L2T,M
8A053E,PK-JTO,,,,
8A073E,HR-3601,AS65,AEROSPATIALE AS-365 Dauphin 2,H2T,L
8A093E,PK-BGF,B738,BOEING 737-800,L2J,M
A0003E,N1CK,BE35,BEECH 35 Starfire Bonanza,L1P,L
A0023E,N1YX,GLAS,Glasair,L1P,L
A0053E,N100FN,BE40,BEECH 400 Beechjet,L2J,M
A0073E,N1001Q,C310,CESSNA 310,L2P,L
A0093E,N101JL,C550,CESSNA 550 Citation S2,L2J,L
A00A3E,N101US,CL60,BOMBARDIER CL-600 Challenger,L2J,M
A00F3E,N1025W,BE35,BEECH 35 Starfire Bonanza,L1P,L
A0103E,N103EA,P32R,PIPER PA-32R-300/301/301T,L1P,L
A0123E,N1030N,P32R,PIPER PA-32R-300/301/301T,L1P,L
A0133E,N1037Z,NORS,NOORDUYN Norseman,L1P,L
A0153E,N104TE,R44,ROBINSON R-44 Raven,H1P,L
A0163E,N1042R,BE95,BEECH 95 Travel Air,L2P,L
A0173E,N10492,J3,PIPER J-3 Cub,L1P,L
A01A3E,N1054U,PA34,PIPER PA-34 Seneca,L2P,L
A01B3E,N106CP,UH1,BELL UH-1 Huey,H1T,L
A01F3E,N107FM,BALL,,B0-,-
A0203E,N107RT,BALL,,B0-,-
A0213E,N1071P,PA23,PIPER PA-23,L2P,L
A0223E,N10780,ULAC,,L0-,-
A0233E,N108JK,ULAC,,L0-,-
A0253E,N1083S,BE9L,BEECH 90 King Air,L2T,L
A0273E,N109MH,A109,AGUSTA AW-109 Grand,H2T,L
A0283E,N109XP,A109,AGUSTA AW-109 Grand,H2T,L
A02B3E,N11QF,EC30,AIRBUS HELICOPTERS EC-130,H1T,L
A02D3E,N110LS,CAMP,GREGA GN-1 Aircamper,L1P,L
A02F3E,N1105D,C140,CESSNA 140,L1P,L
A0303E,N111DJ,P28R,PIPER PA-28R-180/200/201,L1P,L
A0313E,N111PQ,BE95,BEECH 95 Travel Air,L2P,L
A0323E,N111ZW,BE36,BEECH 36 Bonanza,L1P,L
A0333E,N1117G,C208,CESSNA 208 Caravan,L1T,L
A0363E,N11219,SR22,CIRRUS SR-22,L1P,L
A0373E,N1129K,C172,CESSNA 172 Skyhawk,L1P,L
A03B3E,N114BX,AC11,NORTH AMERICAN ROCKWELL Commander 112/114,L1P,L
A03C3E,N114NC,PA31,PIPER PA-31-300/310/325/350/425,L2P,L
A03E3E,N1146E,CH7A,BELLANCA 7 Champion,L1P,L
A0403E,N115RA,M18,PZL-MIELEC M-18 Dromader,L1P,L
A0413E,N11507,C150,CESSNA 150,L1P,L
A0423E,N1158H,P28A,PIPER PA-28-140/150/160/180,L1P,L
A0463E,N117AK,S22T,CIRRUS SR-22T Turbo,L1P,L
A0473E,N117LR,LJ55,LEARJET 55,L2J,M
A04B3E,N118PP,RV12,VANS RV-12,L1P,L
A04F3E,N119SM,R44,ROBINSON R-44 Raven,H1P,L
A0523E,N12KD,BL8,BELLANCA 8 Decathlon,L1P,L
A0553E,N120RW,C120,CESSNA 120,L1P,L
A0563E,N1201S,M20P,MOONEY M-20,L1P,L
A05B3E,N122BE,PA18,PIPER PA-18 Super Cub,L1P,L
A05C3E,N122ML,ACR2,ACRO SPORT 2,L1P,L
A05E3E,N1225Y,ULAC,,L0-,-
A05F3E,N123EC,BE35,BEECH 35 Starfire Bonanza,L1P,L
A0643E,N124TG,,,,
A0653E,N1242T,P28A,PIPER PA-28-140/150/160/180,L1P,L
A0693E,N1254W,,,,
A06A3E,N126CR,GLID,,L0-,-
A06B3E,N126NX,C195,CESSNA 195,L1P,L
A06E3E,N127FP,AS29,SCHLEICHER ASG-29,L1P,L
A06F3E,N127RV,RV12,VANS RV-12,L1P,L
A0713E,N12782,C177,CESSNA  177 Cardinal,L1P,L
A0743E,N1283U,C172,CESSNA 172 Skyhawk,L1P,L
A0783E,N1295X,M20P,MOONEY M-20,L1P,L
A0793E,N13EB,,,,
A07B3E,N130AN,A321,AIRBUS A-321,L2J,M
A07E3E,N1305F,C172,CESSNA 172 Skyhawk,L1P,L
A07F3E,N131DL,C82S,CESSNA T182 Turbo Skylane,L1P,L
A0803E,N131PS,QIC2,QUICKIE Q2,L1P,L
A0853E,N1322A,PA18,PIPER PA-18 Super Cub,L1P,L
A0863E,N1329M,ST75,STEARMAN Kaydet,L1P,L
A08D3E,N1346G,C310,CESSNA 310,L2P,L
A08E3E,N135EX,GLID,,L0-,-
A08F3E,N135RC,GLAS,Glasair,L1P,L
A0933E,N136UA,DRON,,D0-,-
A0953E,N137AM,EC35,AIRBUS HELICOPTERS EC-135/635,H2T,L
A09B3E,N138ZX,,,,
A09C3E,N1387H,AR15,AERONCA 15 Sedan,L1P,L
A09E3E,N139SP,,,,
A0A13E,N14KF,BL8,BELLANCA 8 Decathlon,L1P,L
A0A23E,N14VM,AEST,AEROSTAR 600,L2P,L
A0A33E,N140FS,C172,CESSNA 172 Skyhawk,L1P,L
A0A53E,N1401U,C172,CESSNA 172 Skyhawk,L1P,L
A0A63E,N14085,WACF,WACO F,L1P,L
A0A93E,N1413X,R44,ROBINSON R-44 Raven,H1P,L
A0AA3E,N142BG,LNCE,LANCAIR ES,L1P,L
A0AD3E,N14250,B738,BOEING 737-800,L2J,M
A0AE3E,N143EE,HUSK,CHRISTEN Husky,L1P,L
A0B13E,N14373,,,,
A0B63E,N145LA,AT6T,AIR TRACTOR AT-602,L1T,L
A0B83E,N1454Y,C172,CESSNA 172 Skyhawk,L1P,L
A0B93E,N146CT,FDCT,FLIGHT DESIGN CT,L1P,L
A0BF3E,N1471T,P28A,PIPER PA-28-140/150/160/180,L1P,L
A0C43E,N149BF,CRUZ,CSA PS-28 Cruiser,L1P,L
A0C53E,N149MM,P46T,PIPER PA-46-500TP,L1T,L
A0CA3E,N150AQ,RALL,SOCATA Rallye,L1P,L
A0CD3E,N1505H,BALL,,B0-,-
A0D33E,N152SS,GLID,,L0-,-
A0D43E,N1522C,C180,CESSNA  180 Skywagon,L1P,L
A0D53E,N1529P,PA22,PIPER PA-22,L1P,L
A0D83E,N1534F,C185,CESSNA 185 Skywagon,L1P,L
A0D93E,N154CA,PA31,PIPER PA-31-300/310/325/350/425,L2P,L
A0DE3E,N155RE,RV7,VANS RV-7,L1P,L
A0E33E,N1563D,C195,CESSNA 195,L1P,L
A0E43E,N157AP,,,,
A0E83E,N158DM,C175,CESSNA 175 Skylark,L1P,L
A0E93E,N158PT,P28A,PIPER PA-28-140/150/160/180,L1P,L
A0ED3E,N159SR,SR22,CIRRUS SR-22,L1P,L
A0EE3E,N1592B,L8,LUSCOMBE 8,L1P,L
A0F03E,N16KH,GAZL,AEROSPATIALE SA-341 Gazelle,H1T,L
A0F13E,N16VP,GLID,,L0-,-
A0F23E,N160FU,PTS2,PITTS S-2 Special,L1P,L
A0F33E,N160S,EFOX,AEROPRO Eurofox,L1P,L
A0F43E,N1601W,BE35,BEECH 35 Starfire Bonanza,L1P,L
A0F93E,N162BJ,C182,CESSNA 182 Skylane,L1P,L
A0FC3E,N16252,P28A,PIPER PA-28-140/150/160/180,L1P,L
A0FD3E,N163EG,GLEX,BOMBARDIER BD-700 Global 6000/6500,L2J,M
A1043E,N16498,PA32,PIPER PA-32,L1P,L
A1053E,N165LC,B190,BEECH 1900,L2T,M
A1093E,N166PA,C82S,CESSNA T182 Turbo Skylane,L1P,L
A10C3E,N167FT,C68A,CESSNA 680 Citation Latitude,L2J,M
A10E3E,N1671V,C140,CESSNA 140,L1P,L
A1123E,N1683Y,C172,CESSNA 172 Skyhawk,L1P,L
A1173E,N17EF,,,,
A1193E,N170AS,C170,CESSNA 170,L1P,L
A1203E,N1717N,C120,CESSNA 120,L1P,L
A1213E,N172GN,C172,CESSNA 172 Skyhawk,L1P,L
A1263E,N173VS,VELO,Velocity,L1P,L
A1273E,N1734H,P28A,PIPER PA-28-140/150/160/180,L1P,L
A1283E,N174CC,PA11,PIPER PA-11 Cub Special,L1P,L
A12B3E,N1746L,T206,CESSNA T206 Turbo Stationair,L1P,L
A1333E,N177AR,C77R,CESSNA 177RG Cardinal RG,L1P,L
A1353E,N177XC,C177,CESSNA  177 Cardinal,L1P,L
A13C3E,N179ST,P46T,PIPER PA-46-500TP,L1T,L
A13F3E,N18KK,C150,CESSNA 150,L1P,L
A1403E,N18VR,BE58,BEECH 58 Baron,L2P,L
A1423E,N180SB,C180,CESSNA  180 Skywagon,L1P,L
A1443E,N18089,,,,
A1483E,N182BL,C182,CESSNA 182 Skylane,L1P,L
A1493E,N182MS,C82R,CESSNA R182 Skylane RG,L1P,L
A14C3E,N183EJ,GLST,GLASAIR SH-4 GlaStar,L1P,L
A14E3E,N1830W,BE35,BEECH 35 Starfire Bonanza,L1P,L
A1523E,N1842Z,C210,CESSNA 201 Centurion,L1P,L
A1533E,N185,C185,CESSNA 185 Skywagon,L1P,L
A15A3E,N18665,,,,
A15C3E,N187SA,P28R,PIPER PA-28R-180/200/201,L1P,L
A15D3E,N1871X,C182,CESSNA 182 Skylane,L1P,L
A1663E,N19EH,RV3,VANS RV-3,L1P,L
A16C3E,N191DS,AA5,AMERICAN AA-5 Tiger,L1P,L
A16F3E,N1917Q,C77R,CESSNA 177RG Cardinal RG,L1P,L
A1713E,N192SW,G150,GULFSTREAM G150,L2J,M
A1723E,N1922G,F2TH,DASSAULT Falcon 2000,L2J,M
A1773E,N194CE,CH75,ZENAIR CH-750 Cruzer,L1P,L
A17C3E,N195RJ,C195,CESSNA 195,L1P,L
A17D3E,N1951E,CH7A,BELLANCA 7 Champion,L1P,L
A1813E,N1963H,P28B,PIPER PA-28-201T/235/236,L1P,L
A1823E,N197AT,IR23,ICA IAR-823,L1P,L
A1853E,N1975L,M20P,MOONEY M-20,L1P,L
A1883E,N1980C,C170,CESSNA 170,L1P,L
A18A3E,N199GP,,,,
A18C3E,N1992F,BALL,,B0-,-
A18D3E,N1999S,PA32,PIPER PA-32,L1P,L
A18E3E,N2KM,BE95,BEECH 95 Travel Air,L2P,L
A18F3E,N2VT,CH7B,BELLANCA 7 Citabria,L1P,L
A1953E,N2006S,TF21,TAYLORCRAFT F-21,L1P,L
A1963E,N201FG,M20P,MOONEY M-20,L1P,L
A1983E,N2011J,BALL,,B0-,-
A19C3E,N2023M,J3,PIPER J-3 Cub,L1P,L
A1A03E,N2035Q,C77R,CESSNA 177RG Cardinal RG,L1P,L
A1A33E,N2040G,BE36,BEECH 36 Bonanza,L1P,L
A1A43E,N2047T,BALL,,B0-,-
A1A53E,N205GT,TAMP,SOCATA TB-9 Tampico,L1P,L
A1A73E,N2052K,L8,LUSCOMBE 8,L1P,L
A1A83E,N2059W,BE35,BEECH 35 Starfire Bonanza,L1P,L
A1A93E,N206KR,B06,BELL 206 JetRanger,H1T,L
A1AF3E,N2076R,C208,CESSNA 208 Caravan,L1T,L
A1B03E,N208FF,C208,CESSNA 208 Caravan,L1T,L
A1B23E,N2081H,ERCO,AIR PRODUCTS F-1 Aircoupe,L1P,L
A1B33E,N2088U,T206,CESSNA T206 Turbo Stationair,L1P,L
A1B73E,N21AW,HUSK,CHRISTEN Husky,L1P,L
A1B83E,N21MB,C150,CESSNA 150,L1P,L
A1BE3E,N211LL,ULAC,,L0-,-
A1BF3E,N211WS,,,,
A1C03E,N21148,C182,CESSNA 182 Skylane,L1P,L
A1C13E,N212DC,,,,
A1C43E,N2127A,P32R,PIPER PA-32R-300/301/301T,L1P,L
A1C63E,N213SG,SOLI,RUTAN Solitaire,L1P,L
A1C73E,N21313,P32R,PIPER PA-32R-300/301/301T,L1P,L
A1C83E,N2139D,BE35,BEECH 35 Starfire Bonanza,L1P,L
A1CB3E,N21436,P32R,PIPER PA-32R-300/301/301T,L1P,L
A1D33E,N2168B,P32R,PIPER PA-32R-300/301/301T,L1P,L
A1D43E,N217HM,SBR1,NORTH AMERICAN Sabre 40/50/60/65,L2J,M
A1D83E,N218LK,RV6,VANS RV-6,L1P,L
A1DA3E,N21847,BALL,,B0-,-
A1DB3E,N219DB,P28A,PIPER PA-28-140/150/160/180,L1P,L
A1DF3E,N22G,,,,
A1E03E,N22SF,CL60,BOMBARDIER CL-600 Challenger,L2J,M
A1E83E,N2218X,P28A,PIPER PA-28-140/150/160/180,L1P,L
A1E93E,N222JG,BE95,BEECH 95 Travel Air,L2P,L
A1EB3E,N2223P,R22,ROBINSON R-22 Mariner,H1P,L
A1EC3E,N223AZ,VELO,Velocity,L1P,L
A1ED3E,N223ME,C82S,CESSNA T182 Turbo Skylane,L1P,L
A1EF3E,N2235S,T210,CESSNA T210 Turbo Centurion,L1P,L
A1F23E,N2240J,C150,CESSNA 150,L1P,L
A1F53E,N225TA,BE58,BEECH 58 Baron,L2P,L
A1F63E,N2252M,J3,PIPER J-3 Cub,L1P,L
A1F83E,N226KT,SR20,CIRRUS SR-20,L1P,L
A1FB3E,N227CK,FA20,DASSAULT Falcon 200,L2J,M
A2003E,N228RP,S22T,CIRRUS SR-22T Turbo,L1P,L
A2013E,N2281K,L8,LUSCOMBE 8,L1P,L
A2073E,N23MD,M20P,MOONEY M-20,L1P,L
A20B3E,N23027,C150,CESSNA 150,L1P,L
A20C3E,N231AG,M20P,MOONEY M-20,L1P,L
A20E3E,N231WU,PA44,PIPER PA-44 Seminole,L2P,L
A20F3E,N2315,,,,
A2103E,N232DE,CP23,MURDY CAP-230/1/2,L1P,L
A2113E,N232PL,SR20,CIRRUS SR-20,L1P,L
A2133E,N2327C,R22,ROBINSON R-22 Mariner,H1P,L
A2183E,N234KA,BE20,BEECH 200 Super King Air,L2T,M
A2193E,N234VG,SF50,CIRRUS SF-50 Vision,L1J,L
A21A3E,N23438,J3,PIPER J-3 Cub,L1P,L
A2213E,N23603,TAYB,TAYLORCRAFT BC/BF/BL,L1P,L
A2273E,N238LM,LJ45,LEARJET 45,L2J,M
A2293E,N23849,,,,
A22D3E,N2397B,GC1,GLOBE Swift,L1P,L
A22E3E,N24GB,C421,CESSNA 421 Executive Commuter,L2P,L
A22F3E,N24SH,SA30,STOLP Starduster Too,L1P,L
A2323E,N240Z,H25B,HAWKER BEECHCRAFT Hawker 750/850,L2J,M
A2333E,N2406W,GLID,,L0-,-
A2353E,N241RS,BE36,BEECH 36 Bonanza,L1P,L
A2363E,N2411N,C140,CESSNA 140,L1P,L
A2373E,N2418Z,,,,
A23A3E,N2423R,P28A,PIPER PA-28-140/150/160/180,L1P,L
A23B3E,N243BA,CL60,BOMBARDIER CL-600 Challenger,L2J,M
A23E3E,N2435U,C172,CESSNA 172 Skyhawk,L1P,L
A2413E,N2440L,C172,CESSNA 172 Skyhawk,L1P,L
A2453E,N2452P,PA22,PIPER PA-22,L1P,L
A2463E,N24590,BE19,BEECH 19 Sport,L1P,L
A2493E,N2464S,PA18,PIPER PA-18 Super Cub,L1P,L
A24A3E,N247CM,E55P,EMBRAER EMB-505 Phenom 300,L2J,M
A24D3E,N2476V,C120,CESSNA 120,L1P,L
A24F3E,N248RR,T206,CESSNA T206 Turbo Stationair,L1P,L
A2503E,N2481M,,,,
A2543E,N2493Q,C182,CESSNA 182 Skylane,L1P,L
A2553E,N25B,BE76,BEECH 76 Duchess,L2P,L
A2563E,N25MF,,,,
A2573E,N25XM,PC12,PILATUS PC-12,L1T,L
A25E3E,N2515B,COL4,CESSNA 400 Corvalis TT,L1P,L
A2633E,N253GE,B738,BOEING 737-800,L2J,M
A2663E,N2539H,ERCO,AIR PRODUCTS F-1 Aircoupe,L1P,L
A2673E,N254KC,,,,
A26A3E,N255BV,CL35,BOMBARDIER BD-100 Challenger 350,L2J,M
A26B3E,N255NA,T28,NORTH AMERICAN T-28,L1P,L
A2703E,N25605,,,,
A2783E,N2585A,PA18,PIPER PA-18 Super Cub,L1P,L
A27C3E,N2597D,C170,CESSNA 170,L1P,L
A27D3E,N26GD,C421,CESSNA 421 Executive Commuter,L2P,L
A27E3E,N26SK,WAIX,SONEX Waiex,L1P,L
A2803E,N260NW,H60,SIKORSKY UH-60 Black Hawk,H2T,M
A28D3E,N2635W,M20P,MOONEY M-20,L1P,L
A2903E,N2640N,C140,CESSNA 140,L1P,L
A2913E,N2647Z,BALL,,B0-,-
A2943E,N2652R,C182,CESSNA 182 Skylane,L1P,L
A2983E,N2664U,C82S,CESSNA T182 Turbo Skylane,L1P,L
A2993E,N267CP,SR22,CIRRUS SR-22,L1P,L
A29F3E,N2681P,PA18,PIPER PA-18 Super Cub,L1P,L
A2A03E,N26880,AA5,AMERICAN AA-5 Tiger,L1P,L
A2A13E,N269JK,RV7,VANS RV-7,L1P,L
A2AC3E,N271WY,HUSK,CHRISTEN Husky,L1P,L
A2AD3E,N2715D,C170,CESSNA 170,L1P,L
A2AF3E,N272PQ,CRJ9,BOMBARDIER Regional Jet CRJ-900,L2J,M
A2B13E,N2727G,CH7B,BELLANCA 7 Citabria,L1P,L
A2B23E,N273GG,H47,BOEING-VERTOL CH-47 Chinook,H2T,M
A2BC3E,N2756E,EXEC,ROTORWAY Exec,H1P,L
A2C03E,N2768H,GLID,,L0-,-
A2C43E,N278AK,B739,BOEING 737-900,L2J,M
A2C73E,N2785C,J3,PIPER J-3 Cub,L1P,L
A2C83E,N279DH,M28,PZL-MIELEC M-28 Skytruck,L2T,M
A2CB3E,N2797F,C182,CESSNA 182 Skylane,L1P,L
A2CC3E,N28GF,,,,
A2CD3E,N28SM,C172,CESSNA 172 Skyhawk,L1P,L
A2D13E,N28060,BL17,BELLANCA 17 Viking,L1P,L
A2D83E,N2823V,TAMP,SOCATA TB-9 Tampico,L1P,L
A2DC3E,N2835Y,C182,CESSNA 182 Skylane,L1P,L
A2E13E,N285HA,BE58,BEECH 58 Baron,L2P,L
A2E73E,N2864W,HUSK,CHRISTEN Husky,L1P,L
A2ED3E,N288RV,RV8,VANS RV-8,L1P,L
A2F03E,N289JM,RV7,VANS RV-7,L1P,L
A2F23E,N2893U,C172,CESSNA 172 Skyhawk,L1P,L
A2F43E,N29MK,ZZZZ,,-0-,-
A2F53E,N29XR,BALL,,B0-,-
A2F83E,N2903C,C180,CESSNA  180 Skywagon,L1P,L
A2FB3E,N291X,M5,MAULE M-5,L1P,L
A2FC3E,N2915F,C182,CESSNA 182 Skylane,L1P,L
A3033E,N2932A,C180,CESSNA  180 Skywagon,L1P,L
A3073E,N2944D,C170,CESSNA 170,L1P,L
A3123E,N2973B,BE35,BEECH 35 Starfire Bonanza,L1P,L
A3163E,N2985E,CH7A,BELLANCA 7 Champion,L1P,L
A3183E,N299PR,FA50,DASSAULT Falcon 50,L3J,M
A31A3E,N2997H,GLID,,L0-,-
A31C3E,N3SP,PAY4,PIPER PA-42-1000 Cheyenne 400,L2T,L
A31E3E,N30P,D11,JODEL D-11x/12x,L1P,L
A3203E,N300KL,BE30,BEECH 300 Super King Air,L2T,L
A3213E,N300VS,BUCA,ADVANCED AEROMARINE Buccaneer,A1P,L
A3283E,N302RG,AAT4,AERO AT-4,L1P,L
A3293E,N3021C,P28A,PIPER PA-28-140/150/160/180,L1P,L
A32D3E,N3033F,M7,MAULE M-7,L1P,L
A3333E,N305PV,EVOT,LANCAIR Evolution Turbine,L1T,L
A3343E,N3050A,C170,CESSNA 170,L1P,L
A3353E,N3057M,P28A,PIPER PA-28-140/150/160/180,L1P,L
A3373E,N306ST,SR22,CIRRUS SR-22,L1P,L
A3383E,N3062D,SS2T,TRUSH Turbo Thrush 500/550,L1T,L
A3393E,N3069Q,C182,CESSNA 182 Skylane,L1P,L
A33A3E,N307KK,CH75,ZENAIR CH-750 Cruzer,L1P,L
A33C3E,N3074G,CH7A,BELLANCA 7 Champion,L1P,L
A3403E,N3086K,BE36,BEECH 36 Bonanza,L1P,L
A3433E,N3091B,C195,CESSNA 195,L1P,L
A3443E,N3098N,PA46,PIPER PA-46-310/350,L1P,L
A3453E,N31HY,HUSK,CHRISTEN Husky,L1P,L
A3473E,N310EJ,H25B,HAWKER BEECHCRAFT Hawker 750/850,L2J,M
A3493E,N3100W,BALL,,B0-,-
A34A3E,N31077,BALL,,B0-,-
A34C3E,N311TN,M20T,MOONEY M-20T,L1P,L
A34D3E,N3112Z,PA22,PIPER PA-22,L1P,L
A34F3E,N312LE,,,,
A3513E,N31242,BALL,,B0-,-
A3573E,N314SA,C82T,CESSNA TR182 Turbo Skylane RG,L1P,L
A3583E,N3141X,C150,CESSNA 150,L1P,L
A3593E,N31488,AR65,AERONCA 65 Super Chief,L1P,L
A35A3E,N315JT,PA34,PIPER PA-34 Seneca,L2P,L
A35C3E,N31530,PA34,PIPER PA-34 Seneca,L2P,L
A35D3E,N316BK,GLST,GLASAIR SH-4 GlaStar,L1P,L
A3603E,N31653,WACC,WACO C/S,L1P,L
A3643E,N31776,AR6T,AERONCA 65 Tandem,L1P,L
A3673E,N3182Y,C182,CESSNA 182 Skylane,L1P,L
A3683E,N31899,AR65,AERONCA 65 Super Chief,L1P,L
A36B3E,N31941,SS2T,TRUSH Turbo Thrush 500/550,L1T,L
A36C3E,N32CW,C182,CESSNA 182 Skylane,L1P,L
A36D3E,N32PB,PA31,PIPER PA-31-300/310/325/350/425,L2P,L
A3723E,N321CE,C421,CESSNA 421 Executive Commuter,L2P,L
A3763E,N322FC,PA34,PIPER PA-34 Seneca,L2P,L
A3773E,N322RJ,BE60,BEECH 60 Duke,L2P,L
A37C3E,N3233H,ERCO,AIR PRODUCTS F-1 Aircoupe,L1P,L
A3803E,N3245L,C172,CESSNA 172 Skyhawk,L1P,L
A3813E,N325DR,,,,
A3833E,N3250C,BE35,BEECH 35 Starfire Bonanza,L1P,L
A3873E,N3262F,M20P,MOONEY M-20,L1P,L
A38B3E,N3274J,C150,CESSNA 150,L1P,L
A38C3E,N328CD,CH60,ZENAIR CH-600 Zodiac,L1P,L
A3943E,N33J,PTS1,PITTS S-1 Special,L1P,L
A3963E,N330EL,E300,EXTRA EA-300/330/350,L1P,L
A3973E,N330QS,E55P,EMBRAER EMB-505 Phenom 300,L2J,M
A3983E,N3300Y,C182,CESSNA 182 Skylane,L1P,L
A39C3E,N33121,P28A,PIPER PA-28-140/150/160/180,L1P,L
A3A43E,N33367,P28A,PIPER PA-28-140/150/160/180,L1P,L
A3A53E,N334FX,CL60,BOMBARDIER CL-600 Challenger,L2J,M
A3A63E,N334SC,C180,CESSNA  180 Skywagon,L1P,L
A3AB3E,N33532,P28A,PIPER PA-28-140/150/160/180,L1P,L
A3AF3E,N33655,P28A,PIPER PA-28-140/150/160/180,L1P,L
A3B33E,N33778,AR65,AERONCA 65 Super Chief,L1P,L
A3B53E,N338TP,DHC2,DE HAVILLAND DHC-2 Beaver,L1P,L
A3B73E,N339A,RV9,VANS RV-9,L1P,L
A3BA3E,N33943,TAYB,TAYLORCRAFT BC/BF/BL,L1P,L
A3BB3E,N34CY,T34P,BEECH T-34 Mentor,L1P,L
A3BC3E,N34PD,PTS1,PITTS S-1 Special,L1P,L
A3C43E,N3416Q,P28A,PIPER PA-28-140/150/160/180,L1P,L
A3C83E,N3428T,C177,CESSNA  177 Cardinal,L1P,L
A3CD3E,N344MA,DA40,DIAMOND DA-40 Club Star,L1P,L
A3CF3E,N3445N,J3,PIPER J-3 Cub,L1P,L
A3D03E,N345DT,M20P,MOONEY M-20,L1P,L
A3D23E,N3450E,AR11,AERONCA 11 Chief,L1P,L
A3D73E,N3469U,C182,CESSNA 182 Skylane,L1P,L
A3DB3E,N348CF,C750,CESSNA 750 Citation 10,L2J,M
A3E23E,N3498S,C182,CESSNA 182 Skylane,L1P,L
A3E73E,N35000,C177,CESSNA  177 Cardinal,L1P,L
A3EF3E,N35246,C72R,CESSNA 172R Cutlass RG,L1P,L
A3F13E,N353PG,SR22,CIRRUS SR-22,L1P,L
A3F63E,N35411,C172,CESSNA 172 Skyhawk,L1P,L
A3F73E,N3549B,BE35,BEECH 35 Starfire Bonanza,L1P,L
A3FB3E,N356BP,ARCP,SCHEMPP-HIRTH Arcus M,L1P,L
A3FC3E,N356MV,,,,
A3FE3E,N35657,J3,PIPER J-3 Cub,L1P,L
A4053E,N35822,J5,PIPER J-5 Cub Cruiser,L1P,L
A4063E,N359AB,PULS,Pulsar,L1P,L
A4093E,N35945,T206,CESSNA T206 Turbo Stationair,L1P,L
A40A3E,N36D,NAVI,NORTH AMERICAN Navion,L1P,L
A40B3E,N36PF,RV9,VANS RV-9,L1P,L
A40D3E,N360KS,VEZE,RUTAN VariEze,L1P,L
A40F3E,N3604P,PA22,PIPER PA-22,L1P,L
A4133E,N3616S,C172,CESSNA 172 Skyhawk,L1P,L
A4163E,N3621J,C150,CESSNA 150,L1P,L
A41A3E,N3633M,PA12,PIPER PA-12 Super Cruiser,L1P,L
A41C3E,N364MC,PA32,PIPER PA-32,L1P,L
A4223E,N3657T,AT3T,AIR TRACTOR AT-302/402,L1T,L
A4253E,N3662K,J3,PIPER J-3 Cub,L1P,L
A4263E,N3669W,PA32,PIPER PA-32,L1P,L
A4273E,N367KR,SR22,CIRRUS SR-22,L1P,L
A4293E,N3674N,M20P,MOONEY M-20,L1P,L
A42D3E,N3686R,P28A,PIPER PA-28-140/150/160/180,L1P,L
A42E3E,N369FF,H500,HUGHES 500,H1T,L
A42F3E,N369RM,C421,CESSNA 421 Executive Commuter,L2P,L
A4303E,N3691H,BALL,,B0-,-
A4313E,N3698U,C182,CESSNA 182 Skylane,L1P,L
A43D3E,N372WS,,,,
A43E3E,N37248,S1,INTERSTATE S-1 Cadet,L1P,L
A4403E,N373PJ,T210,CESSNA T210 Turbo Centurion,L1P,L
A4453E,N37413,B739,BOEING 737-900,L2J,M
A4463E,N3749D,B738,BOEING 737-800,L2J,M
A4493E,N37536,B38M,BOEING 737 MAX 8,L2J,M
A4533E,N378TT,SR20,CIRRUS SR-20,L1P,L
A45E3E,N3804R,C172,CESSNA 172 Skyhawk,L1P,L
A4653E,N3821L,C172,CESSNA 172 Skyhawk,L1P,L
A4663E,N3828X,BE95,BEECH 95 Travel Air,L2P,L
A46A3E,N384AZ,,,,
A46B3E,N384ME,C172,CESSNA 172 Skyhawk,L1P,L
A4703E,N3850J,,,,
A4713E,N3857V,C170,CESSNA 170,L1P,L
A4733E,N386TA,C25B,CESSNA 525B Citation CJ3,L2J,L
A4743E,N3862M,P28A,PIPER PA-28-140/150/160/180,L1P,L
A4753E,N3869Y,BE95,BEECH 95 Travel Air,L2P,L
A47C3E,N3886T,C310,CESSNA 310,L2P,L
A4813E,N39JF,LS10,DG FLUGZEUGBAU LS-10ST,L1P,L
A4863E,N3908E,COL4,CESSNA 400 Corvalis TT,L1P,L
A4933E,N394SJ,SR22,CIRRUS SR-22,L1P,L
A4943E,N39415,B739,BOEING 737-900,L2J,M
A4953E,N3949F,C172,CESSNA 172 Skyhawk,L1P,L
A4963E,N395KA,BE20,BEECH 200 Super King Air,L2T,M
A4A33E,N39826,BL17,BELLANCA 17 Viking,L1P,L
A4A53E,N399LM,PA32,PIPER PA-32,L1P,L
A4A83E,N4DD,KR2,RAND KR-2,L1P,L
A4A93E,N4PK,BE95,BEECH 95 Travel Air,L2P,L
A4AB3E,N40KW,RV9,VANS RV-9,L1P,L
A4AC3E,N40WB,RV7,VANS RV-7,L1P,L
A4AF3E,N40019,P28A,PIPER PA-28-140/150/160/180,L1P,L
A4B03E,N4009K,H500,HUGHES 500,H1T,L
A4B73E,N4026E,R44,ROBINSON R-44 Raven,H1P,L
A4BB3E,N4038H,PA12,PIPER PA-12 Super Cruiser,L1P,L
A4BE3E,N4043,VALI,CONVAIR Valiant,L1P,L
A4BF3E,N405AK,PA18,PIPER PA-18 Super Cub,L1P,L
A4C33E,N406DH,PA11,PIPER PA-11 Cub Special,L1P,L
A4C73E,N407GF,B407,BELL 407,H1T,L
A4C83E,N407SM,B407,BELL 407,H1T,L
A4C93E,N40718,P28A,PIPER PA-28-140/150/160/180,L1P,L
A4D13E,N4096D,C182,CESSNA 182 Skylane,L1P,L
A4D73E,N4105Y,C185,CESSNA 185 Skywagon,L1P,L
A4D83E,N411EC,C56X,CESSNA 560XL Citation XLS,L2J,M
A4DA3E,N4110Q,C310,CESSNA 310,L2P,L
A4DB3E,N41171,CH7A,BELLANCA 7 Champion,L1P,L
A4DD3E,N412TG,PA32,PIPER PA-32,L1P,L
A4E33E,N414CR,C414,CESSNA 414 Chancellor,L2P,L
A4E83E,N415RV,RV6,VANS RV-6,L1P,L
A4E93E,N4151R,PA32,PIPER PA-32,L1P,L
A4EA3E,N41582,SONX,SONEX AIRCRAFT Sonex,L1P,L
A4ED3E,N4163U,C150,CESSNA 150,L1P,L
A4EF3E,N417MK,P28R,PIPER PA-28R-180/200/201,L1P,L
A4F53E,N41870,RV12,VANS RV-12,L1P,L
A4F73E,N419TF,BE36,BEECH 36 Bonanza,L1P,L
A4F83E,N4192S,BE35,BEECH 35 Starfire Bonanza,L1P,L
A4F93E,N41993,G44,GRUMMAN G-44 Widgeon,A2P,L
A4FB3E,N42WD,C182,CESSNA 182 Skylane,L1P,L
A4FF3E,N4209M,PA12,PIPER PA-12 Super Cruiser,L1P,L
A5003E,N421KG,C421,CESSNA 421 Executive Commuter,L2P,L
A5083E,N423RC,T206,CESSNA T206 Turbo Stationair,L1P,L
A50C3E,N424UA,A320,AIRBUS A-320,L2J,M
A50D3E,N4243B,BL17,BELLANCA 17 Viking,L1P,L
A50E3E,N425AM,EC30,AIRBUS HELICOPTERS EC-130,H1T,L
A5133E,N426PR,P32R,PIPER PA-32R-300/301/301T,L1P,L
A5153E,N4267H,M20P,MOONEY M-20,L1P,L
A51C3E,N4284C,,,,
A5203E,N4296F,C172,CESSNA 172 Skyhawk,L1P,L
A5263E,N43050,P28A,PIPER PA-28-140/150/160/180,L1P,L
A5293E,N4310S,BE35,BEECH 35 Starfire Bonanza,L1P,L
A52B3E,N432HC,GLF4,GULFSTREAM 4,L2J,M
A52E3E,N43296,TAYB,TAYLORCRAFT BC/BF/BL,L1P,L
A52F3E,N433LA,CLON,AUTOGYRO Cavalon,G1P,L
A5313E,N4334Y,DHC2,DE HAVILLAND DHC-2 Beaver,L1P,L
A5353E,N43461,L29,AERO L-29 Delfin,L1J,L
A5383E,N4351T,P28A,PIPER PA-28-140/150/160/180,L1P,L
A53C3E,N4363W,P32R,PIPER PA-32R-300/301/301T,L1P,L
A5403E,N4375Z,PA18,PIPER PA-18 Super Cub,L1P,L
A5443E,N43872,DC6,DOUGLAS DC-6 Liftmaster,L4P,M
A5473E,N4392U,BALL,,B0-,-
A54A3E,N44WF,SR22,CIRRUS SR-22,L1P,L
A54C3E,N440SS,,,,
A54D3E,N4402C,C195,CESSNA 195,L1P,L
A5523E,N442CA,P28A,PIPER PA-28-140/150/160/180,L1P,L
A5553E,N4426J,P28A,PIPER PA-28-140/150/160/180,L1P,L
A5583E,N4431A,PA22,PIPER PA-22,L1P,L
A55C3E,N4443D,BE35,BEECH 35 Starfire Bonanza,L1P,L
A5613E,N446DM,S22T,CIRRUS SR-22T Turbo,L1P,L
A5663E,N447SR,ULAC,,L0-,-
A5673E,N4472B,C170,CESSNA 170,L1P,L
A56C3E,N449C,A109,AGUSTA AW-109 Grand,H2T,L
A5753E,N45052,PA31,PIPER PA-31-300/310/325/350/425,L2P,L
A5783E,N4510U,C150,CESSNA 150,L1P,L
A5793E,N45175,AA5,AMERICAN AA-5 Tiger,L1P,L
A57D3E,N45298,N3N,NAVAL AIRCRAFT FACTORY N3N,L1P,L
A57E3E,N453LC,B190,BEECH 1900,L2T,M
A5823E,N454PA,B744,BOEING 747-400,L4J,H
A5843E,N45463,L8,LUSCOMBE 8,L1P,L
A5883E,N45586,C150,CESSNA 150,L1P,L
A5893E,N456JR,C425,CESSNA 425 Corsair,L2T,L
A58B3E,N4563Y,GYRO,,G0-,-
A58D3E,N457MP,GLF4,GULFSTREAM 4,L2J,M
A5983E,N46LB,,,,
A5993E,N46WH,PA46,PIPER PA-46-310/350,L1P,L
A59C3E,N4602E,CH7A,BELLANCA 7 Champion,L1P,L
A5A03E,N4614H,PA17,PIPER PA-17 Vagabond Trainer,L1P,L
A5A13E,N462CC,UH1,BELL UH-1 Huey,H1T,L
A5A43E,N4626L,C172,CESSNA 172 Skyhawk,L1P,L
A5A73E,N4631C,T210,CESSNA T210 Turbo Centurion,L1P,L
A5A83E,N4638P,PA23,PIPER PA-23,L2P,L
A5AB3E,N4643F,P28R,PIPER PA-28R-180/200/201,L1P,L
A5AE3E,N465XC,,,,
A5B23E,N4660A,C180,CESSNA  180 Skywagon,L1P,L
A5B33E,N4667M,PA11,PIPER PA-11 Cub Special,L1P,L
A5BB3E,N469CB,R44,ROBINSON R-44 Raven,H1P,L
A5BE3E,N4696K,C182,CESSNA 182 Skylane,L1P,L
A5C13E,N470BL,DA40,DIAMOND DA-40 Club Star,L1P,L
A5C43E,N47054,FA24,FAIRCHILD F-24 Argus,L1P,L
A5CC3E,N473,GLID,,L0-,-
A5CF3E,N47342,P32R,PIPER PA-32R-300/301/301T,L1P,L
A5DA3E,N47630,P32R,PIPER PA-32R-300/301/301T,L1P,L
A5E43E,N479TM,C130,LOCKHEED C-130 Hercules,L4T,M
A5E53E,N4792Y,PA25,PIPER PA-25 Pawnee,L1P,L
A5EB3E,N4802G,C172,CESSNA 172 Skyhawk,L1P,L
A5F63E,N4831E,CH7B,BELLANCA 7 Citabria,L1P,L
A5FE3E,N4855L,P28A,PIPER PA-28-140/150/160/180,L1P,L
A5FF3E,N486DR,FOX,KITFOX,L1P,L
A6053E,N4872F,,,,
A6063E,N4879S,PA32,PIPER PA-32,L1P,L
A6073E,N488KM,,,,
A60D3E,N4896M,C172,CESSNA 172 Skyhawk,L1P,L
A6173E,N49179,TAYD,TAYLORCRAFT DC/DF/DL,L1P,L
A61B3E,N493AA,MD82,MCDONNELL-DOUGLAS MD-82,L2J,M
A61C3E,N493LG,AS50,AEROSPATIALE AS-350 Ecureuil,H1T,L
A61D3E,N493WN,B737,BOEING 737-700,L2J,M
A61F3E,N494CZ,COZY,CO-Z Cozy,L1P,L
A6263E,N4959,FOX,KITFOX,L1P,L
A62E3E,N498EK,C182,CESSNA 182 Skylane,L1P,L
A6313E,N49878,C152,CESSNA 152,L1P,L
A6333E,N499TP,RV6,VANS RV-6,L1P,L
A6343E,N49920,P337,CESSNA P337 Skymaster,L2P,L
A6353E,N5A,E55P,EMBRAER EMB-505 Phenom 300,L2J,M
A6363E,N5LF,EXEC,ROTORWAY Exec,H1P,L
A6373E,N5WM,BE36,BEECH 36 Bonanza,L1P,L
A63A3E,N500DC,H500,HUGHES 500,H1T,L
A63B3E,N500PJ,MU2,MITSUBISHI MU-2 Marquise,L2T,L
A63D3E,N5007A,C172,CESSNA 172 Skyhawk,L1P,L
A63F3E,N501SG,PA32,PIPER PA-32,L1P,L
A6403E,N50113,TAYD,TAYLORCRAFT DC/DF/DL,L1P,L
A6413E,N5019D,C182,CESSNA 182 Skylane,L1P,L
A6463E,N503MX,ULAC,,L0-,-
A6493E,N504EP,DRON,,D0-,-
A64D3E,N505HM,B505,BELL 505 JetRanger X,H1T,L
A64E3E,N505TT,BE36,BEECH 36 Bonanza,L1P,L
A64F3E,N50524,BALL,,B0-,-
A6513E,N506LK,PC24,PILATUS PC-24,L2J,M
A6593E,N508SF,C68A,CESSNA 680 Citation Latitude,L2J,M
A65B3E,N5089C,T210,CESSNA T210 Turbo Centurion,L1P,L
A65E3E,N50935,C172,CESSNA 172 Skyhawk,L1P,L
A6623E,N510JG,R66,ROBINSON R-66,H1T,L
A6683E,N5115S,P28R,PIPER PA-28R-180/200/201,L1P,L
A66C3E,N5127V,MOR2,MORRISEY Nifty,L1P,L
A66E3E,N513TA,ECHO,TECNAM P-92 Echo,L1P,L
A66F3E,N5132M,TAYB,TAYLORCRAFT BC/BF/BL,L1P,L
A6733E,N5144Q,ULAC,,L0-,-
A6743E,N515CK,BE20,BEECH 200 Super King Air,L2T,M
A6773E,N5156T,BALL,,B0-,-
A67B3E,N5168W,P28A,PIPER PA-28-140/150/160/180,L1P,L
A6803E,N518MD,SR22,CIRRUS SR-22,L1P,L
A6843E,N519QB,HA4T,RAYTHEON 4000 Hawker Horizon,L2J,M
A6883E,N52T,AA1,AMERICAN AA-1,L1P,L
A68A3E,N520PL,C172,CESSNA 172 Skyhawk,L1P,L
A6913E,N522KA,S22T,CIRRUS SR-22T Turbo,L1P,L
A6973E,N5236A,,,,
A6983E,N524ER,PA31,PIPER PA-31-300/310/325/350/425,L2P,L
A69C3E,N525HP,RV6,VANS RV-6,L1P,L
A69F3E,N526AF,Z26,ZLIN Z-26/126/226/326/526/626/726,L1P,L
A6A03E,N526LM,C208,CESSNA 208 Caravan,L1T,L
A6A13E,N526WT,RV7,VANS RV-7,L1P,L
A6A33E,N527DD,GLF4,GULFSTREAM 4,L2J,M
A6A43E,N527PK,AT3T,AIR TRACTOR AT-302/402,L1T,L
A6A93E,N52814,C77R,CESSNA 177RG Cardinal RG,L1P,L
A6AA3E,N5289E,C172,CESSNA 172 Skyhawk,L1P,L
A6AC3E,N529VF,M20T,MOONEY M-20T,L1P,L
A6AD3E,N52937,ST75,STEARMAN Kaydet,L1P,L
A6AE3E,N53BS,PA38,PIPER PA-38 Tomahawk,L1P,L
A6B53E,N531MG,P28A,PIPER PA-28-140/150/160/180,L1P,L
A6BE3E,N5332P,PA24,PIPER PA-24 Comanche,L1P,L
A6BF3E,N53390,ST75,STEARMAN Kaydet,L1P,L
A6C23E,N5344S,P28A,PIPER PA-28-140/150/160/180,L1P,L
A6C33E,N535CM,TBM7,SOCATA TBM-700A/B/C,L1T,L
A6CB3E,N537JH,CH7B,BELLANCA 7 Citabria,L1P,L
A6CD3E,N5373Q,C150,CESSNA 150,L1P,L
A6D43E,N5390K,NAVI,NORTH AMERICAN Navion,L1P,L
A6D53E,N5397W,,,,
A6D73E,N54TB,LNC4,LANCAIR 4,L1P,L
A6DD3E,N541SL,LGEZ,RUTAN Long-EZ,L1P,L
A6E23E,N5424,ZZZZ,,-0-,-
A6E93E,N54405,P28A,PIPER PA-28-140/150/160/180,L1P,L
A6EA3E,N5448F,P28A,PIPER PA-28-140/150/160/180,L1P,L
A6EC3E,N545TX,S22T,CIRRUS SR-22T Turbo,L1P,L
A6ED3E,N54528,H500,HUGHES 500,H1T,L
A6EF3E,N546LP,RV8,VANS RV-8,L1P,L
A6F23E,N547DF,ULAC,,L0-,-
A6FC3E,N54939,PA18,PIPER PA-18 Super Cub,L1P,L
A6FD3E,N55BU,BE95,BEECH 95 Travel Air,L2P,L
A6FF3E,N55YF,YK50,YAKOVLEV Yak-50,L1P,L
A7003E,N550JL,LEG2,LANCAIR Legacy,L1P,L
A7023E,N5503T,C172,CESSNA 172 Skyhawk,L1P,L
A7033E,N551BC,C550,CESSNA 550 Citation S2,L2J,L
A7093E,N5520N,C172,CESSNA 172 Skyhawk,L1P,L
A70D3E,N5532R,C172,CESSNA 172 Skyhawk,L1P,L
A70E3E,N55392,P28A,PIPER PA-28-140/150/160/180,L1P,L
A7123E,N555CP,C340,CESSNA 340 Super,L2P,L
A7133E,N555NV,C82S,CESSNA T182 Turbo Skylane,L1P,L
A7193E,N55680,P28A,PIPER PA-28-140/150/160/180,L1P,L
A71F3E,N558XP,BE40,BEECH 400 Beechjet,L2J,M
A7213E,N559E,P28A,PIPER PA-28-140/150/160/180,L1P,L
A7253E,N56GY,SF50,CIRRUS SF-50 Vision,L1J,L
A7263E,N56TD,J3,PIPER J-3 Cub,L1P,L
A72B3E,N561GG,PC12,PILATUS PC-12,L1T,L
A72D3E,N56119,P28A,PIPER PA-28-140/150/160/180,L1P,L
A72E3E,N5619K,BE35,BEECH 35 Starfire Bonanza,L1P,L
A7353E,N5636E,C150,CESSNA 150,L1P,L
A7393E,N5648H,PA16,PIPER PA-16 Clipper,L1P,L
A7403E,N5665C,C140,CESSNA 140,L1P,L
A7413E,N567DH,GLST,GLASAIR SH-4 GlaStar,L1P,L
A7443E,N5677F,,,,
A7493E,N569KD,,,,
A74B3E,N5694A,EN28,ENSTROM F-28,H1P,L
A74C3E,N57BW,C310,CESSNA 310,L2P,L
A7593E,N57271,ST75,STEARMAN Kaydet,L1P,L
A75D3E,N57394,BL8,BELLANCA 8 Decathlon,L1P,L
A7603E,N5744W,P28A,PIPER PA-28-140/150/160/180,L1P,L
A7683E,N57682,CH7B,BELLANCA 7 Citabria,L1P,L
A7693E,N577JM,E55P,EMBRAER EMB-505 Phenom 300,L2J,M
A76B3E,N5773U,P28A,PIPER PA-28-140/150/160/180,L1P,L
A76F3E,N5785X,S22T,CIRRUS SR-22T Turbo,L1P,L
A7743E,N58H,C414,CESSNA 414 Chancellor,L2P,L
A7753E,N58TF,BE58,BEECH 58 Baron,L2P,L
A7783E,N580ZY,AR50,AERONCA 50 Chief,L1P,L
A7793E,N5807J,C185,CESSNA 185 Skywagon,L1P,L
A77D3E,N5819M,C310,CESSNA 310,L2P,L
A7803E,N5824D,PA22,PIPER PA-22,L1P,L
A7883E,N5848K,BE35,BEECH 35 Starfire Bonanza,L1P,L
A78C3E,N586AM,EC35,AIRBUS HELICOPTERS EC-135/635,H2T,L
A7933E,N5877H,YK52,YAKOVLEV Yak-52,L1P,L
A7953E,N588SP,BE58,BEECH 58 Baron,L2P,L
A7973E,N5889L,AA5,AMERICAN AA-5 Tiger,L1P,L
A79D3E,N59YK,WAIX,SONEX Waiex,L1P,L
A7A73E,N5920S,BE35,BEECH 35 Starfire Bonanza,L1P,L
A7AB3E,N5932V,P28R,PIPER PA-28R-180/200/201,L1P,L
A7B63E,N5961T,C150,CESSNA 150,L1P,L
A7BA3E,N5973W,P28A,PIPER PA-28-140/150/160/180,L1P,L
A7BC3E,N598MM,PC12,PILATUS PC-12,L1T,L
A7BE3E,N5985Z,PA18,PIPER PA-18 Super Cub,L1P,L
A7C33E,N6HB,GLAS,Glasair,L1P,L
A7C43E,N6TH,BE35,BEECH 35 Starfire Bonanza,L1P,L
A7C73E,N600,GLAS,Glasair,L1P,L
A7C93E,N600WL,P210,CESSNA P210 Centurion,L1P,L
A7CC3E,N601PC,AEST,AEROSTAR 600,L2P,L
A7CE3E,N60165,BE23,BEECH 23 Sundowner,L1P,L
A7D03E,N602SA,SR22,CIRRUS SR-22,L1P,L
A7D23E,N60288,C150,CESSNA 150,L1P,L
A7D53E,N60330,ST75,STEARMAN Kaydet,L1P,L
A7D63E,N604BK,LJ60,LEARJET 60,L2J,M
A7D83E,N604XX,AS31,SCHLEICHER ASH-31,L1P,L
A7D93E,N60453,T50,CESSNA Bobcat,L2P,L
A7DE3E,N606HF,UH1,BELL UH-1 Huey,H1T,L
A7E03E,N6062Y,PA23,PIPER PA-23,L2P,L
A7E53E,N608CW,PRM1,RAYTHEON 390 Premier 1,L2J,L
A7E63E,N608PB,C208,CESSNA 208 Caravan,L1T,L
A7EA3E,N609S,SR22,CIRRUS SR-22,L1P,L
A7EB3E,N6091W,P28A,PIPER PA-28-140/150/160/180,L1P,L
A7ED3E,N61JS,SR22,CIRRUS SR-22,L1P,L
A7F13E,N6101E,C172,CESSNA 172 Skyhawk,L1P,L
A7F53E,N6113H,J3,PIPER J-3 Cub,L1P,L
A7F63E,N612AT,B737,BOEING 737-700,L2J,M
A7FA3E,N613DR,M20P,MOONEY M-20,L1P,L
A7FC3E,N6130C,C210,CESSNA 201 Centurion,L1P,L
A8013E,N6149S,C82R,CESSNA R182 Skylane RG,L1P,L
A8053E,N616CD,BE33,BEECH 33 Bonanza,L1P,L
A8063E,N616NK,A320,AIRBUS A-320,L2J,M
A8083E,N6166M,M5,MAULE M-5,L1P,L
A80B3E,N6171D,PARA,,P0-,-
A80D3E,N618J,RV4,VANS RV-4,L1P,L
A80F3E,N6183G,C82S,CESSNA T182 Turbo Skylane,L1P,L
A8103E,N619AS,B737,BOEING 737-700,L2J,M
A8153E,N62PW,,,,
A8163E,N620AA,S22T,CIRRUS SR-22T Turbo,L1P,L
A8173E,N620LG,SHIP,,B0-,-
A8193E,N62044,M5,MAULE M-5,L1P,L
A81D3E,N62167,ST75,STEARMAN Kaydet,L1P,L
A81F3E,N622SC,HIGH,JUST JA20 Highlander,L1P,L
A8243E,N62332,C172,CESSNA 172 Skyhawk,L1P,L
A8263E,N624MT,C210,CESSNA 201 Centurion,L1P,L
A8283E,N62455,UH12,HILLER UH-12,H1P,L
A82D3E,N626HH,S22T,CIRRUS SR-22T Turbo,L1P,L
A8353E,N628PD,C82S,CESSNA T182 Turbo Skylane,L1P,L
A83A3E,N6291Y,PA23,PIPER PA-23,L2P,L
A83B3E,N62989,BE99,BEECH 99 Airliner,L2T,L
A83D3E,N63V,FLE7,FLEET 7,L1P,L
A83F3E,N630RL,RV8,VANS RV-8,L1P,L
A8453E,N632AV,A320,AIRBUS A-320,L2J,M
A84B3E,N6330E,C172,CESSNA 172 Skyhawk,L1P,L
A84D3E,N634GR,PA34,PIPER PA-34 Seneca,L2P,L
A8503E,N6349U,BT36,BEECH B36TC Bonanza,L1P,L
A8533E,N6354L,AA1,AMERICAN AA-1,L1P,L
A8573E,N6366P,PA24,PIPER PA-24 Comanche,L1P,L
A85C3E,N638JB,A320,AIRBUS A-320,L2J,M
A85E3E,N6383J,,,,
A8603E,N639M,F2TH,DASSAULT Falcon 2000,L2J,M
A8623E,N6395M,S108,STINSON 108 Voyager,L1P,L
A8633E,N64DS,GLAS,Glasair,L1P,L
A8653E,N640AC,BE58,BEECH 58 Baron,L2P,L
A8683E,N64046,C172,CESSNA 172 Skyhawk,L1P,L
A86E3E,N642SE,FOX,KITFOX,L1P,L
A86F3E,N64211,C180,CESSNA  180 Skywagon,L1P,L
A8703E,N6429B,C172,CESSNA 172 Skyhawk,L1P,L
A8733E,N64334,C172,CESSNA 172 Skyhawk,L1P,L
A8783E,N645EM,SR22,CIRRUS SR-22,L1P,L
A8833E,N648D,BE35,BEECH 35 Starfire Bonanza,L1P,L
A88A3E,N6499A,C182,CESSNA 182 Skylane,L1P,L
A88B3E,N65JW,RV12,VANS RV-12,L1P,L
A88C3E,N65VB,BE35,BEECH 35 Starfire Bonanza,L1P,L
A88F3E,N6501J,P28A,PIPER PA-28-140/150/160/180,L1P,L
A8903E,N6508V,BE33,BEECH 33 Bonanza,L1P,L
A8973E,N6525Q,,,,
A89B3E,N6537T,PARA,,P0-,-
A8A93E,N6571H,C172,CESSNA 172 Skyhawk,L1P,L
A8AA3E,N6578U,M20P,MOONEY M-20,L1P,L
A8AE3E,N659AW,A320,AIRBUS A-320,L2J,M
A8B03E,N659XH,,,,
A8B43E,N660AE,B407,BELL 407,H1T,L
A8B63E,N660WS,RV7,VANS RV-7,L1P,L
A8B83E,N661DC,P28R,PIPER PA-28R-180/200/201,L1P,L
A8BE3E,N66213,C172,CESSNA 172 Skyhawk,L1P,L
A8C63E,N66459,C150,CESSNA 150,L1P,L
A8C93E,N66501,C150,CESSNA 150,L1P,L
A8CB3E,N666HM,C340,CESSNA 340 Super,L2P,L
A8CC3E,N666TT,WAIX,SONEX Waiex,L1P,L
A8D23E,N668DB,C210,CESSNA 201 Centurion,L1P,L
A8D63E,N669G,SKRA,BEST OFF Sky Ranger,L1P,L
A8D73E,N669SF,,,,
A8DE3E,N6701L,DRON,,D0-,-
A8DF3E,N6708X,BE77,BEECH 77 Skipper,L1P,L
A8E33E,N672AZ,C208,CESSNA 208 Caravan,L1T,L
A8E63E,N6725S,C150,CESSNA 150,L1P,L
A8E93E,N6730J,P28A,PIPER PA-28-140/150/160/180,L1P,L
A8EA3E,N6737V,BT36,BEECH B36TC Bonanza,L1P,L
A8F13E,N6754Q,G164,GRUMMAN G-164 Ag-Cat,L1P,L
A8F53E,N6766T,C310,CESSNA 310,L2P,L
A8F93E,N6778W,P28A,PIPER PA-28-140/150/160/180,L1P,L
A8FC3E,N6783N,M20P,MOONEY M-20,L1P,L
A9013E,N68DW,P28A,PIPER PA-28-140/150/160/180,L1P,L
A9033E,N680AG,C680,CESSNA 680 Citation Sovereign,L2J,M
A90D3E,N68215,C152,CESSNA 152,L1P,L
A9113E,N68338,C310,CESSNA 310,L2P,L
A9193E,N6858D,,,,
A91F3E,N687WT,S22T,CIRRUS SR-22T Turbo,L1P,L
A9213E,N688DD,C172,CESSNA 172 Skyhawk,L1P,L
A92A3E,N69VF,AT8T,AIR TRACTOR AT-802,L1T,M
A92D3E,N6901N,M20P,MOONEY M-20,L1P,L
A9313E,N6913R,P28A,PIPER PA-28-140/150/160/180,L1P,L
A9323E,N692BA,R44,ROBINSON R-44 Raven,H1P,L
A9353E,N6925U,M20P,MOONEY M-20,L1P,L
A93B3E,N694TC,C206,CESSNA  206 Stationair,L1P,L
A93C3E,N6942P,PA24,PIPER PA-24 Comanche,L1P,L
A9443E,N6966V,M20P,MOONEY M-20,L1P,L
A94E3E,N699XM,C182,CESSNA 182 Skylane,L1P,L
A94F3E,N6995T,C310,CESSNA 310,L2P,L
A9503E,N7DY,,,,
A9513E,N7QD,B06,BELL 206 JetRanger,H1T,L
A9543E,N70WW,BE18,BEECH 18 Expetitor,L2P,L
A9553E,N700HA,GLF5,GULFSTREAM 5,L2J,M
A95B3E,N7014W,P28A,PIPER PA-28-140/150/160/180,L1P,L
A95C3E,N702CR,R66,ROBINSON R-66,H1T,L
A9613E,N703RV,RV7,VANS RV-7,L1P,L
A9643E,N704JM,H25B,HAWKER BEECHCRAFT Hawker 750/850,L2J,M
A9653E,N704UT,C150,CESSNA 150,L1P,L
A9673E,N705BD,O1,CESSNA 305/341 Bird Dog,L1P,L
A96D3E,N7060P,PARA,,P0-,-
A96E3E,N70670,J3,PIPER J-3 Cub,L1P,L
A96F3E,N707H,C208,CESSNA 208 Caravan,L1T,L
A9713E,N7072S,C150,CESSNA 150,L1P,L
A9723E,N70793,J3,PIPER J-3 Cub,L1P,L
A9813E,N711RC,C25A,CESSNA 525A Citation CJ2,L2J,L
A9873E,N713AM,BDOG,BRITISH AEROSPACE SA-3 Bulldog,L1P,L
A98D3E,N714ZX,C152,CESSNA 152,L1P,L
A9903E,N715SP,CH7A,BELLANCA 7 Champion,L1P,L
A9913E,N7152,CAMP,GREGA GN-1 Aircamper,L1P,L
A9923E,N7159L,AA5,AMERICAN AA-5 Tiger,L1P,L
A9953E,N7164C,P28A,PIPER PA-28-140/150/160/180,L1P,L
A9963E,N717BY,M20P,MOONEY M-20,L1P,L
A9993E,N7176F,C150,CESSNA 150,L1P,L
A99A3E,N718EW,TB20,SOCATA TB-20 Trinidad,L1P,L
A99B3E,N718RB,EA50,ECLIPSE 550,L2J,L
A99C3E,N71808,L8,LUSCOMBE 8,L1P,L
A99D3E,N7188J,R22,ROBINSON R-22 Mariner,H1P,L
A9A13E,N72AL,BE55,BEECH 55 Baron,L2P,L
A9A33E,N72WY,P46T,PIPER PA-46-500TP,L1T,L
A9A83E,N721LA,AT8T,AIR TRACTOR AT-802,L1T,M
A9AB3E,N722CT,S22T,CIRRUS SR-22T Turbo,L1P,L
A9AE3E,N72261,C140,CESSNA 140,L1P,L
A9AF3E,N723FR,A321,AIRBUS A-321,L2J,M
A9B23E,N72384,C120,CESSNA 120,L1P,L
A9B53E,N7243W,P28A,PIPER PA-28-140/150/160/180,L1P,L
A9B93E,N7255Z,PA25,PIPER PA-25 Pawnee,L1P,L
A9BD3E,N72672,C140,CESSNA 140,L1P,L
A9BE3E,N727HB,PA31,PIPER PA-31-300/310/325/350/425,L2P,L
A9C13E,N72795,T206,CESSNA T206 Turbo Stationair,L1P,L
A9C33E,N728WF,P28A,PIPER PA-28-140/150/160/180,L1P,L
A9C93E,N73FQ,PA32,PIPER PA-32,L1P,L
A9CA3E,N73RW,PA32,PIPER PA-32,L1P,L
A9CC3E,N730NG,PC12,PILATUS PC-12,L1T,L
A9D23E,N7318M,C175,CESSNA 175 Skylark,L1P,L
A9D53E,N7323D,PA22,PIPER PA-22,L1P,L
A9D93E,N7335G,C172,CESSNA 172 Skyhawk,L1P,L
A9DE3E,N735GK,C182,CESSNA 182 Skylane,L1P,L
A9DF3E,N735SR,C182,CESSNA 182 Skylane,L1P,L
A9E03E,N7352B,BE35,BEECH 35 Starfire Bonanza,L1P,L
A9E33E,N736VP,C172,CESSNA 172 Skyhawk,L1P,L
A9E43E,N7364E,C210,CESSNA 201 Centurion,L1P,L
A9E53E,N737C,S108,STINSON 108 Voyager,L1P,L
A9E63E,N737NF,C172,CESSNA 172 Skyhawk,L1P,L
A9E83E,N7376H,C82R,CESSNA R182 Skylane RG,L1P,L
A9E93E,N738EY,C172,CESSNA 172 Skyhawk,L1P,L
A9EE3E,N739UB,C172,CESSNA 172 Skyhawk,L1P,L
A9F53E,N7402X,C172,CESSNA 172 Skyhawk,L1P,L
A9FB3E,N742PA,P28A,PIPER PA-28-140/150/160/180,L1P,L
AA003E,N7431V,M20P,MOONEY M-20,L1P,L
AA083E,N74551,M20P,MOONEY M-20,L1P,L
AA0B3E,N7460T,C172,CESSNA 172 Skyhawk,L1P,L
AA0C3E,N74674,AA5,AMERICAN AA-5 Tiger,L1P,L
AA0F3E,N7472W,P28A,PIPER PA-28-140/150/160/180,L1P,L
AA113E,N748LB,BE20,BEECH 200 Super King Air,L2T,M
AA123E,N748WH,,,,
AA153E,N749P,C750,CESSNA 750 Citation 10,L2J,M
AA1B3E,N750NJ,CH75,ZENAIR CH-750 Cruzer,L1P,L
AA213E,N7518P,PA24,PIPER PA-24 Comanche,L1P,L
AA243E,N7523F,BALL,,B0-,-
AA283E,N7535J,P28R,PIPER PA-28R-180/200/201,L1P,L
AA2C3E,N7547M,C175,CESSNA 175 Skylark,L1P,L
AA2D3E,N755GM,,,,
AA333E,N7564G,C172,CESSNA 172 Skyhawk,L1P,L
AA373E,N7576K,PA18,PIPER PA-18 Super Cub,L1P,L
AA383E,N758F,T206,CESSNA T206 Turbo Stationair,L1P,L
AA3C3E,N759HY,C182,CESSNA 182 Skylane,L1P,L
AA3E3E,N7593E,C172,CESSNA 172 Skyhawk,L1P,L
AA403E,N76LW,C25B,CESSNA 525B Citation CJ3,L2J,L
AA463E,N761LE,GLF6,GULFSTREAM G650,L2J,M
AA493E,N762CX,B762,BOEING 767-200,L2J,H
AA4C3E,N76265,B738,BOEING 737-800,L2J,M
AA4E3E,N763SA,C152,CESSNA 152,L1P,L
AA4F3E,N7631X,C172,CESSNA 172 Skyhawk,L1P,L
AA533E,N76430,C140,CESSNA 140,L1P,L
AA553E,N765MR,S76,SIKORSKY S-76 Spirit,H2T,L
AA5D3E,N767TM,BE35,BEECH 35 Starfire Bonanza,L1P,L
AA5E3E,N7672Y,PA30,PIPER PA-30 Twin Comanche,L2P,L
AA623E,N76841,C140,CESSNA 140,L1P,L
AA643E,N769PB,AT5T,AIR TRACTOR AT-504,L1T,L
AA6C3E,N7706N,P28A,PIPER PA-28-140/150/160/180,L1P,L
AA6F3E,N7711E,C150,CESSNA 150,L1P,L
AA713E,N772JA,DRON,,D0-,-
AA783E,N774DR,PISI,PIPSTREL Sinus,L1P,L
AA7A3E,N7740C,ST75,STEARMAN Kaydet,L1P,L
AA7B3E,N7747P,PA24,PIPER PA-24 Comanche,L1P,L
AA7E3E,N7752F,C150,CESSNA 150,L1P,L
AA833E,N777CD,P28R,PIPER PA-28R-180/200/201,L1P,L
AA843E,N777NK,BE36,BEECH 36 Bonanza,L1P,L
AA853E,N777YR,AA5,AMERICAN AA-5 Tiger,L1P,L
AA863E,N7776M,M20P,MOONEY M-20,L1P,L
AA8B3E,N779J,JAB4,JABIRU J200-450,L1P,L
AA8E3E,N78AS,T206,CESSNA T206 Turbo Stationair,L1P,L
AA943E,N781AA,BE95,BEECH 95 Travel Air,L2P,L
AA963E,N781WN,B737,BOEING 737-700,L2J,M
AA973E,N78144,C172,CESSNA 172 Skyhawk,L1P,L
AA9B3E,N78267,GC1,GLOBE Swift,L1P,L
AA9D3E,N783SC,C182,CESSNA 182 Skylane,L1P,L
AAA23E,N78432,J3,PIPER J-3 Cub,L1P,L
AAA43E,N785MT,C25A,CESSNA 525A Citation CJ2,L2J,L
AAA63E,N78555,PA12,PIPER PA-12 Super Cruiser,L1P,L
AAAD3E,N78720,C182,CESSNA 182 Skylane,L1P,L
AAB33E,N789PD,BE35,BEECH 35 Starfire Bonanza,L1P,L
AAB63E,N79FW,C414,CESSNA 414 Chancellor,L2P,L
AABF3E,N7918T,C175,CESSNA 175 Skylark,L1P,L
AAC33E,N793AV,B788,BOEING 787-8 Dreamliner,L2J,H
AAC63E,N7935N,P28A,PIPER PA-28-140/150/160/180,L1P,L
AAC93E,N7940E,C150,CESSNA 150,L1P,L
AACE3E,N7959U,C172,CESSNA 172 Skyhawk,L1P,L
AAD13E,N7964L,BE23,BEECH 23 Sundowner,L1P,L
AAD23E,N797CF,BE9L,BEECH 90 King Air,L2T,L
AAD63E,N798FD,B752,BOEING 757-200,L2J,M
AADA3E,N799JB,C310,CESSNA 310,L2P,L
AADD3E,N8AU,B06,BELL 206 JetRanger,H1T,L
AADE3E,N8M,PTS1,PITTS S-1 Special,L1P,L
AADF3E,N8XF,RV8,VANS RV-8,L1P,L
AAE03E,N80HL,BE35,BEECH 35 Starfire Bonanza,L1P,L
AAE43E,N8000J,BALL,,B0-,-
AAE53E,N8007V,C188,CESSNA 188 AgTruck,L1P,L
AAE93E,N8019Y,PA30,PIPER PA-30 Twin Comanche,L2P,L
AAEA3E,N802KT,AT8T,AIR TRACTOR AT-802,L1T,M
AAEC3E,N8024Q,PA44,PIPER PA-44 Seminole,L2P,L
AAF03E,N8036T,BT36,BEECH B36TC Bonanza,L1P,L
AAF33E,N8041K,S108,STINSON 108 Voyager,L1P,L
AAF73E,N8053N,P28A,PIPER PA-28-140/150/160/180,L1P,L
AAF93E,N806MD,E170,EMBRAER ERJ-170-100,L2J,M
AAFE3E,N8070H,PA22,PIPER PA-22,L1P,L
AAFF3E,N8077U,PA12,PIPER PA-12 Super Cruiser,L1P,L
AB023E,N8082L,C172,CESSNA 172 Skyhawk,L1P,L
AB043E,N809KS,C172,CESSNA 172 Skyhawk,L1P,L
AB073E,N81CJ,EFOX,AEROPRO Eurofox,L1P,L
AB0A3E,PS-VIA,BE9L,BEECH 90 King Air,L2T,L
AB0C3E,N81038,ULAC,,L0-,-
AB143E,N8128D,PA22,PIPER PA-22,L1P,L
AB173E,N81326,FA24,FAIRCHILD F-24 Argus,L1P,L
AB183E,N814AF,CL35,BOMBARDIER BD-100 Challenger 350,L2J,M
AB193E,N814LM,,,,
AB1A3E,N814WT,PA34,PIPER PA-34 Seneca,L2P,L
AB1B3E,N81449,B739,BOEING 737-900,L2J,M
AB1D3E,N815PK,C185,CESSNA 185 Skywagon,L1P,L
AB1F3E,N8157B,C172,CESSNA 172 Skyhawk,L1P,L
AB213E,N816SH,C560,CESSNA 560 Citation Ultra,L2J,M
AB233E,N8169E,M20P,MOONEY M-20,L1P,L
AB243E,N817K,PA24,PIPER PA-24 Comanche,L1P,L
AB263E,N81737,SR20,CIRRUS SR-20,L1P,L
AB273E,N818BS,RV10,VANS RV-10,L1P,L
AB2E3E,N8198C,PA22,PIPER PA-22,L1P,L
AB363E,N821TC,BALL,,B0-,-
AB373E,N8212P,PA24,PIPER PA-24 Comanche,L1P,L
AB383E,N82190,RV14,VANS RV-14,L1P,L
AB3C3E,N823CM,L29,AERO L-29 Delfin,L1J,L
AB423E,N8241M,C210,CESSNA 201 Centurion,L1P,L
AB433E,N8248Y,VO10,NORTH AMERICAN ROCKWELL Commander 100,L1P,L
AB443E,N825JH,S22T,CIRRUS SR-22T Turbo,L1P,L
AB453E,N825UP,B350,BEECHCRAFT Super King Air 350,L2T,M
AB473E,N826B,RV6,VANS RV-6,L1P,L
AB4A3E,N8265T,C175,CESSNA 175 Skylark,L1P,L
AB4F3E,N828GW,PA11,PIPER PA-11 Cub Special,L1P,L
AB513E,N8282N,P32R,PIPER PA-32R-300/301/301T,L1P,L
AB543E,N829W,SR22,CIRRUS SR-22,L1P,L
AB563E,N83CL,BE95,BEECH 95 Travel Air,L2P,L
AB593E,N830KC,JAB4,JABIRU J200-450,L1P,L
AB5F3E,N8316C,P28A,PIPER PA-28-140/150/160/180,L1P,L
AB603E,N832ET,FB1A,BOWERS Fly Baby 1A,L1P,L
AB653E,N833TX,BE58,BEECH 58 Baron,L2P,L
AB663E,N83328,PA18,PIPER PA-18 Super Cub,L1P,L
AB693E,N834WV,RV8,VANS RV-8,L1P,L
AB6D3E,N835ZT,PRM1,RAYTHEON 390 Premier 1,L2J,L
AB6E3E,N8357D,BE35,BEECH 35 Starfire Bonanza,L1P,L
AB703E,N836SK,CRJ9,BOMBARDIER Regional Jet CRJ-900,L2J,M
AB713E,N83616,PA18,PIPER PA-18 Super Cub,L1P,L
AB753E,N83739,CH7A,BELLANCA 7 Champion,L1P,L
AB773E,N838N,TL20,TL ULTRALIGHT TL-2000 Sting,L1P,L
AB793E,N8386B,P32R,PIPER PA-32R-300/301/301T,L1P,L
AB7F3E,N84TW,SRAI,GREAT PLAINS Sonerai,L1P,L
AB823E,N8400N,BE35,BEECH 35 Starfire Bonanza,L1P,L
AB863E,N8412R,P28A,PIPER PA-28-140/150/160/180,L1P,L
AB873E,N84192,CH7A,BELLANCA 7 Champion,L1P,L
AB893E,N842WC,BE30,BEECH 300 Super King Air,L2T,L
AB8B3E,N843CP,LJ60,LEARJET 60,L2J,M
AB923E,N84480,CH7A,BELLANCA 7 Champion,L1P,L
AB953E,N8453S,C182,CESSNA 182 Skylane,L1P,L
AB973E,N846MH,EC30,AIRBUS HELICOPTERS EC-130,H1T,L
AB9A3E,N847E,P28A,PIPER PA-28-140/150/160/180,L1P,L
AB9C3E,N8470M,C182,CESSNA 182 Skylane,L1P,L
AB9F3E,N848TD,RV8,VANS RV-8,L1P,L
ABA03E,N8482Q,T206,CESSNA T206 Turbo Stationair,L1P,L
ABA13E,N84891,C172,CESSNA 172 Skyhawk,L1P,L
ABA53E,N85CN,J3,PIPER J-3 Cub,L1P,L
ABA63E,N85NU,HDJT,HONDA HondaJet,L2J,L
ABB33E,N853HT,COY2,RANS Coyote 2,L1P,L
ABB53E,N8533,CH7A,BELLANCA 7 Champion,L1P,L
ABB63E,N854AK,DA40,DIAMOND DA-40 Club Star,L1P,L
ABB93E,N8545C,,,,
ABBF3E,N856SM,PC12,PILATUS PC-12,L1T,L
ABCB3E,N85906,AR11,AERONCA 11 Chief,L1P,L
ABD13E,N8600Q,BE35,BEECH 35 Starfire Bonanza,L1P,L
ABD33E,N861HA,C25B,CESSNA 525B Citation CJ3,L2J,L
ABD93E,N8624W,P28B,PIPER PA-28-201T/235/236,L1P,L
ABDF3E,N864RV,RV12,VANS RV-12,L1P,L
ABE03E,N8641R,GLID,,L0-,-
ABE23E,N865JM,GLF4,GULFSTREAM 4,L2J,M
ABE33E,N865UT,C56X,CESSNA 560XL Citation XLS,L2J,M
ABE43E,N8653U,C172,CESSNA 172 Skyhawk,L1P,L
ABE83E,N8665X,C180,CESSNA  180 Skywagon,L1P,L
ABED3E,N868H,B06,BELL 206 JetRanger,H1T,L
ABF53E,N87NW,BE10,BEECH 100 King Air,L2T,L
AC013E,N8728K,S108,STINSON 108 Voyager,L1P,L
AC033E,N873UA,A319,AIRBUS A-319,L2J,M
AC0D3E,N876GH,G150,GULFSTREAM G150,L2J,M
AC133E,N8774C,PA18,PIPER PA-18 Super Cub,L1P,L
AC173E,N8786F,H269,HUGHES Sky Knight,H1P,L
AC1B3E,N8798J,,,,
AC1C3E,N88HU,HUSK,CHRISTEN Husky,L1P,L
AC1E3E,N880EE,RV8,VANS RV-8,L1P,L
AC203E,N8800S,C150,CESSNA 150,L1P,L
AC213E,N88073,J3,PIPER J-3 Cub,L1P,L
AC223E,N881HC,,,,
AC233E,N881TJ,C414,CESSNA 414 Chancellor,L2P,L
AC243E,N8812V,BL17,BELLANCA 17 Viking,L1P,L
AC253E,N88196,CH7A,BELLANCA 7 Champion,L1P,L
AC263E,N882LA,C172,CESSNA 172 Skyhawk,L1P,L
AC2C3E,N88361,J3,PIPER J-3 Cub,L1P,L
AC2F3E,N8841T,RV8,VANS RV-8,L1P,L
AC3C3E,N888HB,AT8T,AIR TRACTOR AT-802,L1T,M
AC3D3E,N888TH,RV4,VANS RV-4,L1P,L
AC423E,N8894X,C182,CESSNA 182 Skylane,L1P,L
AC493E,N891CA,C500,CESSNA 500 Citation 1,L2J,L
AC503E,N8928M,BE95,BEECH 95 Travel Air,L2P,L
AC5E3E,N8962B,C172,CESSNA 172 Skyhawk,L1P,L
AC5F3E,N8969N,PA32,PIPER PA-32,L1P,L
AC683E,N899RD,ULAC,,L0-,-
AC6B3E,N9HW,BE9L,BEECH 90 King Air,L2T,L
AC723E,N9005L,CH7B,BELLANCA 7 Citabria,L1P,L
AC733E,N901DR,DFLY,VIKING Dragonfly,L1P,L
AC763E,N9017P,A319,AIRBUS A-319,L2J,M
AC793E,N9022F,BALL,,B0-,-
AC7A3E,N9029S,BE35,BEECH 35 Starfire Bonanza,L1P,L
AC7D3E,N9034J,P28A,PIPER PA-28-140/150/160/180,L1P,L
AC7E3E,N904CD,SR22,CIRRUS SR-22,L1P,L
AC7F3E,N904NK,A20N,AIRBUS A-320neo,L2J,M
AC813E,N9046M,PA18,PIPER PA-18 Super Cub,L1P,L
AC843E,N9051D,PA22,PIPER PA-22,L1P,L
AC853E,N9058Q,BE58,BEECH 58 Baron,L2P,L
AC883E,N9063G,,,,
AC893E,N907AS,B462,BRITISH AEROSPACE 146-200 Quiet Trader,L4J,M
AC8F3E,N9080B,CH7A,BELLANCA 7 Champion,L1P,L
AC953E,N91KL,,,,
AC973E,N910FX,AT43,ATR-42-300,L2T,M
AC983E,N910SC,F900,DASSAULT Falcon 900,L3J,M
AC993E,N9101Z,EXEC,ROTORWAY Exec,H1P,L
AC9E3E,N912BM,BE36,BEECH 36 Bonanza,L1P,L
AC9F3E,N912MT,GL5T,BOMBARDIER BD-700 Global 5000/5500,L2J,M
ACA13E,N91255,PA18,PIPER PA-18 Super Cub,L1P,L
ACA43E,N9130X,ULAC,,L0-,-
ACA53E,N91378,B212,BELL 212,H2T,L
ACA73E,N914TP,PULS,Pulsar,L1P,L
ACA83E,N91420,NAVI,NORTH AMERICAN Navion,L1P,L
ACA93E,N915A,PA22,PIPER PA-22,L1P,L
ACAA3E,N915LF,BL8,BELLANCA 8 Decathlon,L1P,L
ACAB3E,N915WM,P28B,PIPER PA-28-201T/235/236,L1P,L
ACAC3E,N91543,NAVI,NORTH AMERICAN Navion,L1P,L
ACAE3E,N916PD,B06,BELL 206 JetRanger,H1T,L
ACB03E,N91666,NAVI,NORTH AMERICAN Navion,L1P,L
ACB33E,N9171Y,,,,
ACB43E,N91789,C182,CESSNA 182 Skylane,L1P,L
ACB73E,N91831,C182,CESSNA 182 Skylane,L1P,L
ACB93E,N919MS,BE36,BEECH 36 Bonanza,L1P,L
ACBB3E,N91954,C180,CESSNA  180 Skywagon,L1P,L
ACBF3E,N920MA,C82S,CESSNA T182 Turbo Skylane,L1P,L
ACC43E,N9210E,AR11,AERONCA 11 Chief,L1P,L
ACC53E,N9217R,T206,CESSNA T206 Turbo Stationair,L1P,L
ACC63E,N922GR,YK55,YAKOVLEV Yak-55,L1P,L
ACC83E,N9222H,C172,CESSNA 172 Skyhawk,L1P,L
ACCA3E,N923KP,PITA,PIPSTREL Taurus 503,L1P,L
ACCD3E,N924CF,S22T,CIRRUS SR-22T Turbo,L1P,L
ACCF3E,N924YT,A319,AIRBUS A-319,L2J,M
ACD03E,N9246P,PA24,PIPER PA-24 Comanche,L1P,L
ACD13E,N925FD,B752,BOEING 757-200,L2J,M
ACD53E,N926JB,HIGH,JUST JA20 Highlander,L1P,L
ACD73E,N9263J,P28A,PIPER PA-28-140/150/160/180,L1P,L
ACD83E,N927AU,P3,LOCKHEED P-3 Orion,L4T,M
ACD93E,N927M,AS50,AEROSPATIALE AS-350 Ecureuil,H1T,L
ACDC3E,N928DS,LA4,LAKE LA-4/200,A1P,L
ACDF3E,N9287Q,BE35,BEECH 35 Starfire Bonanza,L1P,L
ACE13E,N929SW,CRJ2,BOMBARDIER Regional Jet CRJ-200,L2J,M
ACE23E,N9292G,C188,CESSNA 188 AgTruck,L1P,L
ACE43E,N93KN,P28A,PIPER PA-28-140/150/160/180,L1P,L
ACE73E,N930SE,SR22,CIRRUS SR-22,L1P,L
ACF13E,N933EM,DRON,,D0-,-
ACF63E,N934TR,C172,CESSNA 172 Skyhawk,L1P,L
ACFB3E,N93545,ERCO,AIR PRODUCTS F-1 Aircoupe,L1P,L
ACFC3E,N936D,S108,STINSON 108 Voyager,L1P,L
AD023E,N93710,BL17,BELLANCA 17 Viking,L1P,L
AD043E,N938JW,P46T,PIPER PA-46-500TP,L1T,L
AD063E,N93833,ERCO,AIR PRODUCTS F-1 Aircoupe,L1P,L
AD0B3E,N94EL,T206,CESSNA T206 Turbo Stationair,L1P,L
AD0D3E,N940AX,TBM7,SOCATA TBM-700A/B/C,L1T,L
AD0E3E,N940MC,TBM7,SOCATA TBM-700A/B/C,L1T,L
AD143E,N9417T,C210,CESSNA 201 Centurion,L1P,L
AD173E,N9422K,T206,CESSNA T206 Turbo Stationair,L1P,L
AD1B3E,N9434N,C185,CESSNA 185 Skywagon,L1P,L
AD213E,N945RM,,,,
AD263E,N9463L,C172,CESSNA 172 Skyhawk,L1P,L
AD2A3E,N9475P,PA24,PIPER PA-24 Comanche,L1P,L
AD2E3E,N9487S,BE35,BEECH 35 Starfire Bonanza,L1P,L
AD2F3E,N949GS,WACF,WACO F,L1P,L
AD323E,N9499V,M20P,MOONEY M-20,L1P,L
AD363E,N950SG,AS32,AEROSPATIALE AS-332 Super Puma,H2T,M
AD373E,N95013,TAYB,TAYLORCRAFT BC/BF/BL,L1P,L
AD383E,N9509D,PA22,PIPER PA-22,L1P,L
AD3F3E,N95259,P28A,PIPER PA-28-140/150/160/180,L1P,L
AD453E,N954TT,P32R,PIPER PA-32R-300/301/301T,L1P,L
AD463E,N95424,P28A,PIPER PA-28-140/150/160/180,L1P,L
AD4B3E,N956DB,R66,ROBINSON R-66,H1T,L
AD523E,N9579C,P28A,PIPER PA-28-140/150/160/180,L1P,L
AD613E,N961QC,G164,GRUMMAN G-164 Ag-Cat,L1P,L
AD643E,N962GV,P06T,TECNAM P-2006T,L2P,L
AD663E,N9622M,M20P,MOONEY M-20,L1P,L
AD673E,N9629Y,BE35,BEECH 35 Starfire Bonanza,L1P,L
AD6A3E,N9634Q,C172,CESSNA 172 Skyhawk,L1P,L
AD723E,N9658W,P28A,PIPER PA-28-140/150/160/180,L1P,L
AD793E,N9675R,BE36,BEECH 36 Bonanza,L1P,L
AD7D3E,N9687U,AA5,AMERICAN AA-5 Tiger,L1P,L
AD7F3E,N969T,BE35,BEECH 35 Starfire Bonanza,L1P,L
AD823E,N97KS,FA50,DASSAULT Falcon 50,L3J,M
AD843E,N970GC,BE58,BEECH 58 Baron,L2P,L
AD863E,N97015,S108,STINSON 108 Voyager,L1P,L
AD933E,N974HP,AS50,AEROSPATIALE AS-350 Ecureuil,H1T,L
AD963E,N975AF,AS21,SCHLEICHER ASK-21,L1P,L
AD973E,N975LM,DRON,,D0-,-
AD993E,N97549,C172,CESSNA 172 Skyhawk,L1P,L
ADA13E,N9779E,AR11,AERONCA 11 Chief,L1P,L
ADAE3E,N9805U,AA1,AMERICAN AA-1,L1P,L
ADC13E,N9858Y,CH7A,BELLANCA 7 Champion,L1P,L
ADC43E,N9863Q,C185,CESSNA 185 Skywagon,L1P,L
ADC53E,N987B,H60,SIKORSKY UH-60 Black Hawk,H2T,M
ADC83E,N9875T,PA38,PIPER PA-38 Tomahawk,L1P,L
ADCE3E,N989TB,PA11,PIPER PA-11 Cub Special,L1P,L
ADD43E,N990SL,BK17,EUROCOPTER BK117 C-1/2,H2T,L
ADD73E,N991KC,R22,ROBINSON R-22 Mariner,H1P,L
ADDB3E,N992NA,GLF3,GULFSTREAM 3,L2J,M
ADDD3E,N9926C,,,,
ADE03E,N99305,SVNH,AEROTEC Savannah,L1P,L
ADE63E,N995LP,E55P,EMBRAER EMB-505 Phenom 300,L2J,M
ADE83E,N9955A,C170,CESSNA 170,L1P,L
ADEF3E,N99716,ERCO,AIR PRODUCTS F-1 Aircoupe,L1P,L
ADF03E,N9979G,C188,CESSNA 188 AgTruck,L1P,L
ADF43E,N999BU,RV6,VANS RV-6,L1P,L
ADFF3E,64-13263,T38,NORTHROP T-38 Talon,L2J,L
AE003E,70-1564,T38,NORTHROP T-38 Talon,L2J,L
AE013E,63-7981,K35R,BOEING KC-135R/T Stratotanker,L4J,H
AE023E,64-14835,K35R,BOEING KC-135R/T Stratotanker,L4J,H
AE053E,69-0024,C5M,LOCKHEED C-5 Super Galaxy,L4J,H
AE0A3E,94-26580,H60,SIKORSKY UH-60 Black Hawk,H2T,M
AE0B3E,87-24630,H60,SIKORSKY UH-60 Black Hawk,H2T,M
AE0C3E,94-26538,H60,SIKORSKY UH-60 Black Hawk,H2T,M
AE113E,165972,TEX2,BEECHCRAFT T-6 Texan 2,L1T,L
AE123E,04-4133,C17,BOEING C-17 Globemaster 3,L4J,H
AE143E,05-1436,C30J,LOCKHEED MARTIN C-130J Super Hercules,L4T,M
AE173E,06-3844,TEX2,BEECHCRAFT T-6 Texan 2,L1T,L
AE1D3E,161012,P3,LOCKHEED P-3 Orion,L4T,M
AE1F3E,08-72047,EC45,AIRBUS HELICOPTERS EC-145,H2T,L
AE203E,13-72303,EC45,AIRBUS HELICOPTERS EC-145,H2T,L
AE213E,00-26861,H60,SIKORSKY UH-60 Black Hawk,H2T,M
AE223E,2307,CN35,CASA CN-235 Persuader,L2T,M
AE483E,08-20109,H60,SIKORSKY UH-60 Black Hawk,H2T,M
AE4B3E,161391,H53,SIKORSKY CH-53,H2T,M
AE523E,07-08040,H47,BOEING-VERTOL CH-47 Chinook,H2T,M
AE543E,76-22558,BE20,BEECH 200 Super King Air,L2T,M
AE593E,168779,H53,SIKORSKY CH-53,H2T,M
AE5A3E,14-08446,H47,BOEING-VERTOL CH-47 Chinook,H2T,M
AE5B3E,14-20704,H60,SIKORSKY UH-60 Black Hawk,H2T,M
AE5D3E,16-20821,H60,SIKORSKY UH-60 Black Hawk,H2T,M
AE5F3E,169549,P8,BOEING P-8 Poseidon,L2J,M
AE603E,17-20975,H60,SIKORSKY UH-60 Black Hawk,H2T,M
AE623E,69-6653,B212,BELL 212,H2T,L
AE633E,19-72454,EC45,AIRBUS HELICOPTERS EC-145,H2T,L
AE6A3E,170017,P8,BOEING P-8 Poseidon,L2J,M
AE6D3E,170140,A119,AGUSTA AW-119 Koala,H1T,L
C0003E,C-FACJ,B752,BOEING 757-200,L2J,M
C0013E,C-FAMF,SW3,SWEARINGEN Merlin 3,L2T,L
C0023E,C-FAWB,GLST,GLASAIR SH-4 GlaStar,L1P,L
C0033E,C-FBFX,M20P,MOONEY M-20,L1P,L
C0053E,C-FBZP,C185,CESSNA 185 Skywagon,L1P,L
C0073E,C-FCTH,B06,BELL 206 JetRanger,H1T,L
C0083E,C-FDDD,CL60,BOMBARDIER CL-600 Challenger,L2J,M
C00A3E,C-FDWV,C172,CESSNA 172 Skyhawk,L1P,L
C00B3E,C-FEGR,C170,CESSNA 170,L1P,L
C00E3E,C-FFKF,CVLT,CANADAIR Cosmopolitan,L2T,M
C00F3E,C-FFUB,ULAC,,L0-,-
C0103E,C-FGDX,B789,BOEING 787-9 Dreamliner,L2J,H
C0113E,C-FGNT,S108,STINSON 108 Voyager,L1P,L
C0123E,C-FGXP,R22,ROBINSON R-22 Mariner,H1P,L
C0143E,C-FHRH,R66,ROBINSON R-66,H1T,L
C0153E,C-FIBD,C208,CESSNA 208 Caravan,L1T,L
C0173E,C-FIUV,B77W,BOEING 777-300ER,L2J,H
C0183E,C-FJER,C180,CESSNA  180 Skywagon,L1P,L
C0193E,C-FJON,PA27,PIPER PA-23-250 Aztec,L2P,L
C01A3E,C-FJYJ,BT36,BEECH B36TC Bonanza,L1P,L
C01B3E,C-FKIF,ZZZZ,,-0-,-
C01C3E,C-FKSB,C425,CESSNA 425 Corsair,L2T,L
C01D3E,C-FLBX,C177,CESSNA  177 Cardinal,L1P,L
C01E3E,C-FLLT,PA12,PIPER PA-12 Super Cruiser,L1P,L
C01F3E,C-FLVP,PA24,PIPER PA-24 Comanche,L1P,L
C0203E,C-FMFL,F2TH,DASSAULT Falcon 2000,L2J,M
C0213E,C-FMPH,AS50,AEROSPATIALE AS-350 Ecureuil,H1T,L
C0233E,C-FNIZ,AS50,AEROSPATIALE AS-350 Ecureuil,H1T,L
C0243E,C-FNSV,B190,BEECH 1900,L2T,M
C0253E,C-FOCR,F28,FOKKER F-28,L2J,M
C0263E,C-FOMN,AS50,AEROSPATIALE AS-350 Ecureuil,H1T,L
C0273E,C-FOWJ,PA18,PIPER PA-18 Super Cub,L1P,L
C0283E,C-FPGF,B26,DOUGLAS A-26 Invader,L2P,M
C0293E,C-FPQB,B789,BOEING 787-9 Dreamliner,L2J,H
C02D3E,C-FRDL,CP32,PIEL Super Emeraude,L1P,L
C02E3E,C-FRNH,BALL,,B0-,-
C02F3E,C-FRXD,FBA2,FOUND FB-2 Bush Hawk,L1P,L
C0303E,C-FSGZ,C185,CESSNA 185 Skywagon,L1P,L
C0313E,C-FSQV,C185,CESSNA 185 Skywagon,L1P,L
C0323E,C-FTAR,AT72,ATR-72-202,L2T,M
C0333E,C-FTKN,,,,
C0343E,C-FTUJ,RBEL,MURPHY Rebel,L1P,L
C0353E,C-FUEF,BE33,BEECH 33 Bonanza,L1P,L
C0363E,C-FUOB,PA30,PIPER PA-30 Twin Comanche,L2P,L
C0383E,C-FVHT,C172,CESSNA 172 Skyhawk,L1P,L
C03A3E,C-FWBL,R44,ROBINSON R-44 Raven,H1P,L
C03B3E,C-FWLH,T6,NORTH AMERICAN T-6 Texan,L1P,L
C03C3E,C-FWVD,ULAC,,L0-,-
C03D3E,C-FXEZ,C172,CESSNA 172 Skyhawk,L1P,L
C03E3E,C-FXOV,,,,
C0403E,C-FYIN,C185,CESSNA 185 Skywagon,L1P,L
C0413E,C-FYSJ,,,,
C0433E,C-FZMB,C172,CESSNA 172 Skyhawk,L1P,L
C0443E,C-FZVX,BE20,BEECH 200 Super King Air,L2T,M
C0463E,C-GAPP,ULAC,,L0-,-
C0473E,C-GAZL,P28S,PIPER PA-28R-201T,L1P,L
C04A3E,C-GCCZ,C182,CESSNA 182 Skylane,L1P,L
C04D3E,C-GDGN,S22T,CIRRUS SR-22T Turbo,L1P,L
C04E3E,C-GDQJ,C185,CESSNA 185 Skywagon,L1P,L
C04F3E,C-GEAF,EXEC,ROTORWAY Exec,H1P,L
C0503E,C-GEKB,P28A,PIPER PA-28-140/150/160/180,L1P,L
C0513E,C-GETX,C172,CESSNA 172 Skyhawk,L1P,L
C0523E,C-GFDT,C150,CESSNA 150,L1P,L
C0533E,C-GFNP,B407,BELL 407,H1T,L
C0543E,C-GFXL,C150,CESSNA 150,L1P,L
C0553E,C-GGHH,P28A,PIPER PA-28-140/150/160/180,L1P,L
C0563E,C-GGRD,C208,CESSNA 208 Caravan,L1T,L
C0573E,C-GHAZ,DHC3,DE HAVILLAND DHC-3 Otter,L1P,L
C0583E,C-GHKV,C172,CESSNA 172 Skyhawk,L1P,L
C05A3E,C-GIEN,C180,CESSNA  180 Skywagon,L1P,L
C05B3E,C-GIOJ,C185,CESSNA 185 Skywagon,L1P,L
C05C3E,C-GIYF,C172,CESSNA 172 Skyhawk,L1P,L
C05D3E,C-GJIB,SREY,PROGRESSIVE AERODYNE SeaRey,A1P,L
C05E3E,C-GJRX,C152,CESSNA 152,L1P,L
C05F3E,C-GKBT,C172,CESSNA 172 Skyhawk,L1P,L
C0603E,C-GKLP,EXEC,ROTORWAY Exec,H1P,L
C0613E,C-GKVL,B738,BOEING 737-800,L2J,M
C0633E,C-GLPD,R44,ROBINSON R-44 Raven,H1P,L
C0643E,C-GLYZ,C150,CESSNA 150,L1P,L
C0663E,C-GMSR,MR35,MURPHY SR-3500 Super Rebel,L1P,L
C0683E,C-GNMJ,AS50,AEROSPATIALE AS-350 Ecureuil,H1T,L
C0693E,C-GNWF,PTS2,PITTS S-2 Special,L1P,L
C06A3E,C-GOGB,DHC6,DE HAVILLAND DHC-6 Twin Otter,L2T,L
C06B3E,C-GOPX,SR20,CIRRUS SR-20,L1P,L
C06C3E,C-GOZT,C170,CESSNA 170,L1P,L
C06D3E,C-GPJP,,,,
C06E3E,C-GPTL,AS50,AEROSPATIALE AS-350 Ecureuil,H1T,L
C06F3E,C-GQDH,C172,CESSNA 172 Skyhawk,L1P,L
C0733E,C-GRQR,P28A,PIPER PA-28-140/150/160/180,L1P,L
C0743E,C-GSAN,,,,
C0753E,C-GSKJ,AS50,AEROSPATIALE AS-350 Ecureuil,H1T,L
C0773E,C-GTEB,C182,CESSNA 182 Skylane,L1P,L
C0783E,C-GTNX,GL7T,BOMBARDIER BD-700 Global 7000/7500,L2J,M
C0793E,C-GTXT,C82R,CESSNA R182 Skylane RG,L1P,L
C07A3E,C-GUHP,PA27,PIPER PA-23-250 Aztec,L2P,L
C07D3E,C-GVLD,C172,CESSNA 172 Skyhawk,L1P,L
C07F3E,C-GWEV,C172,CESSNA 172 Skyhawk,L1P,L
C0803E,C-GWOR,C172,CESSNA 172 Skyhawk,L1P,L
C0813E,C-GWYN,HUSK,CHRISTEN Husky,L1P,L
C0823E,C-GXIJ,AS50,AEROSPATIALE AS-350 Ecureuil,H1T,L
C0833E,C-GXSF,AA5,AMERICAN AA-5 Tiger,L1P,L
C0843E,C-GYCB,C150,CESSNA 150,L1P,L
C0853E,C-GYLX,C185,CESSNA 185 Skywagon,L1P,L
C0863E,C-GYVT,C152,CESSNA 152,L1P,L
C0873E,C-GZFP,GLID,,L0-,-
C0883E,C-GZPL,PA22,PIPER PA-22,L1P,L
C08B3E,C-IASZ,ULAC,,L0-,-
C08E3E,C-IBWN,ULAC,,L0-,-
C08F3E,C-ICGJ,BEVR,ASAP Beaver,L1P,L
C0903E,C-ICQF,,,,
C0923E,C-IDJX,ULAC,,L0-,-
C0933E,C-IDTT,ULAC,,L0-,-
C0943E,C-IEDP,CHIN,ASAP Chinook,L1P,L
C0953E,C-IENL,PELI,FLYER Pelican,L1P,L
C0973E,C-IFHD,ULAC,,L0-,-
C0983E,C-IFQZ,GSIS,INNOAVIATION Genesis,L1P,L
C09A3E,C-IGKR,NDIC,NORMAN Nordic,L1P,L
C09B3E,C-IGUN,ULAC,,L0-,-
C09C3E,C-IHEJ,ULAC,,L0-,-
C09D3E,C-IHOF,PARA,,P0-,-
C09F3E,C-IIHX,PARA,,P0-,-
C0A03E,C-IIRT,,,,
C0A13E,C-IJBP,ULAC,,L0-,-
C0A33E,C-IJVH,ULAC,,L0-,-
C0A43E,C-IKFD,PARA,,P0-,-
C0A63E,C-IKYV,PARA,,P0-,-
C0A73E,C-ILIR,ULAC,,L0-,-
C0A83E,C-ILSN,,,,
C0AD3E,C-INPT,NPOR,REDFERN Nieuport 24,L1P,L
C0C23E,C-IVON,CUB2,ACES HIGH Cuby 2,L1P,L
C1E43E,SERV,SERV,,V0-,-
C1E53E,SERV,SERV,,V0-,-
C8003E,ZK-FGL,VJ22,VOLMER Sportsman,A1P,L
C8013E,ZK-BWS,PA25,PIPER PA-25 Pawnee,L1P,L
C8043E,ZK-DEX,C172,CESSNA 172 Skyhawk,L1P,L
C8063E,ZK-FOX,RALL,SOCATA Rallye,L1P,L
C8083E,ZK-GIY,GLID,,L0-,-
C80E3E,ZK-RCM,CH60,ZENAIR CH-600 Zodiac,L1P,L
C8113E,ZK-KEN,PULS,Pulsar,L1P,L
C8123E,ZK-WOK,CJ6,NANCHANG CJ-6,L1P,L
C8153E,ZK-JNL,ULAC,,L0-,-
C8173E,ZK-HLK,R44,ROBINSON R-44 Raven,H1P,L
C8183E,ZK-SCJ,ZZZZ,,-0-,-
C8193E,ZK-MGM,CJ1,CORBY CJ-1 Starlet,L1P,L
C81A3E,ZK-DRK,GY20,CAB GY-20 Minicab,L1P,L
C8213E,ZK-DAV,DV20,DIAMOND DA-20,L1P,L
C8223E,ZK-DAF,DV20,DIAMOND DA-20,L1P,L
C8273E,ZK-WET,SREY,PROGRESSIVE AERODYNE SeaRey,A1P,L
C8293E,ZK-OIL,SAVG,ZLIN AVIATION Savage,L1P,L
E4803E,PR-CEB,BE9L,BEECH 90 King Air,L2T,L
E4823E,PR-GGN,B738,BOEING 737-800,L2J,M
E4843E,PP-PTQ,AT75,ATR-72-500,L2T,M
E4883E,PP-OSP,C208,CESSNA 208 Caravan,L1T,L
E48C3E,PR-BIR,C25B,CESSNA 525B Citation CJ3,L2J,L
E48E3E,PR-OHG,S92,SIKORSKY S-92 Helibus,H2T,M
E48F3E,PP-MBM,AS50,AEROSPATIALE AS-350 Ecureuil,H1T,L
E4913E,PR-STZ,E120,EMBRAER EMB-120 Brasilia,L2T,M
E4923E,PP-KCP,BT36,BEECH B36TC Bonanza,L1P,L
E4943E,PR-XMD,B38M,BOEING 737 MAX 8,L2J,M
E4963E,PS-VCR,EC35,AIRBUS HELICOPTERS EC-135/635,H2T,L
E4973E,PP-AHM,BE20,BEECH 200 Super King Air,L2T,M
E4983E,PS-PLH,SR22,CIRRUS SR-22,L1P,L
E49B3E,PS-CDT,A139,AGUSTA AW-139,H2T,L
E8033E,CC-DBJ,A20N,AIRBUS A-320neo,L2J,M
E8043E,CC-BFA,A320,AIRBUS A-320,L2J,M
E8083E,CC-ADA,B407,BELL 407,H1T,L
