008D5A,ZS-FAV,P28A,PIPER PA-28-140/150/160/180,L1P,L
00905A,ZS-GEJ,GLID,,L0-,-
009E5A,ZS-LMF,BE40,BEECH 400 Beechjet,L2J,M
00A25A,ZT-RKA,A139,AGUSTA AW-139,H2T,L
00AF5A,ZS-RXP,R44,ROBINSON R-44 Raven,H1P,L
02005A,CN-ROB,B738,BOEING 737-800,L2J,M
03005A,A2-AGO,BE20,BEECH 200 Super King Air,L2T,M
04015A,ET-AVR,DH8D,DE HAVILLAND DHC-8-400 Dash 8,L2T,M
04405A,9G-AGS,JS32,BRITISH AEROSPACE Jetstream Super 31,L2T,M
04C15A,5Y-KZH,B788,BOEING 787-8 Dreamliner,L2J,H
05A05A,8Q-IAK,DH8C,DE HAVILLAND DHC-8-300 Dash 8,L2T,M
06415A,5N-FNE,A319,AIRBUS A-319,L2J,M
06A05A,A7-AAH,A343,AIRBUS A-340-300,L4J,H
06A15A,A7-AJG,A320,AIRBUS A-320,L2J,M
06A25A,QA70,A139,AGUSTA AW-139,H2T,L
07035A,6W-TNA,BE20,BEECH 200 Super King Air,L2T,M
07C05A,ST-TAG,B734,BOEING 737-400,L2J,M
0A805A,C6-TAL,C208,CESSNA 208 Caravan,L1T,L
0AC15A,HJ-399,MAGC,IBIS Magic,L1P,L
0AC35A,ARC703,AT43,ATR-42-300,L2T,M
0AC75A,EJC5430,UH1,BELL UH-1 Huey,H1T,L
0AC95A,HK-5319,A320,AIRBUS A-320,L2J,M
0AE05A,TI-BBC,C208,CESSNA 208 Caravan,L1T,L
0C215A,AN-001,A139,AGUSTA AW-139,H2T,L
0D005A,TP-07,GLF3,GULFSTREAM 3,L2J,M
0D025A,XA-VYC,LJ45,LEARJET 45,L2J,M
0D075A,XA-ELX,H25B,HAWKER BEECHCRAFT Hawker 750/850,L2J,M
0D095A,2019,TEX2,BEECHCRAFT T-6 Texan 2,L1T,L
0D0A5A,XB-EPY,C182,CESSNA 182 Skylane,L1P,L
0D0B5A,XA-SAW,T206,CESSNA T206 Turbo Stationair,L1P,L
0D0D5A,XB-KSH,C303,CESSNA T303 Crusader,L2P,L
0D0E5A,XA-VXE,A21N,AIRBUS A-321neo,L2J,M
0D835A,YV3432,ASTR,GULFSTREAM AEROSPACE Gulfstream G100,L2J,M
14075A,RA-01882,EC45,AIRBUS HELICOPTERS EC-145,H2T,L
14345A,RA-13402,,,,
15065A,RA-67162,CRJ2,BOMBARDIER Regional Jet CRJ-200,L2J,M
151E5A,RA-73306,B738,BOEING 737-800,L2J,M
15205A,RA-73818,A320,AIRBUS A-320,L2J,M
15405A,RA-82010,A124,ANTONOV An-124 Ruslan,L4J,H
154E5A,RA-85594,T154,TUPOLEV Tu-154,L3J,M
15535A,RF-86874,,,,
155C5A,RA-89178,SU95,SUKHOI Superjet 100-95,L2J,M
30085A,I-OZZL,P208,TECNAM P-2008,L1P,L
31DD5A,I-C898,SVNH,AEROTEC Savannah,L1P,L
31DF5A,I-A203,ULAC,,L0-,-
32005A,CSX82049,A169,AGUSTA AW-169,H2T,L
33FD5A,MM81611,NH90,NHI NH-90,H2T,M
34205A,T.21-07,C295,CASA C-295 Persuader,L2T,M
34215A,EC-JCD,AT72,ATR-72-202,L2T,M
34445A,EC-LYB,AT75,ATR-72-500,L2T,M
34525A,EC-MMP,EC45,AIRBUS HELICOPTERS EC-145,H2T,L
34535A,EC-MQB,A321,AIRBUS A-321,L2J,M
34555A,EC-IMM,P28T,PIPER PA-28RT-201,L1P,L
34565A,EC-MUJ,AT75,ATR-72-500,L2T,M
34605A,EC-MXE,SIRA,TECNAM P-2002 Sierra,L1P,L
34615A,EC-NBM,B789,BOEING 787-9 Dreamliner,L2J,H
34635A,EC-NGS,B789,BOEING 787-9 Dreamliner,L2J,H
34645A,EC-NHU,CRJ2,BOMBARDIER Regional Jet CRJ-200,L2J,M
34715A,EC-FEA,P28R,PIPER PA-28R-180/200/201,L1P,L
38005A,F-WWBA,A320,AIRBUS A-320,L2J,M
38015A,F-WWKF,A332,AIRBUS A-330-200,L2J,H
38025A,F-WWKI,A332,AIRBUS A-330-200,L2J,H
38075A,F-WWJZ,F2TH,DASSAULT Falcon 2000,L2J,M
380A5A,F-WWCB,A332,AIRBUS A-330-200,L2J,H
380B5A,F-WWCJ,A332,AIRBUS A-330-200,L2J,H
380C5A,F-WWCR,A332,AIRBUS A-330-200,L2J,H
380D5A,F-WWBB,A20N,AIRBUS A-320neo,L2J,M
380E5A,F-WWBK,A20N,AIRBUS A-320neo,L2J,M
380F5A,F-WWBT,A320,AIRBUS A-320,L2J,M
38105A,F-WWDD,A388,AIRBUS A-380-800,L4J,H
38115A,F-WWDL,A20N,AIRBUS A-320neo,L2J,M
38125A,F-WWDT,A20N,AIRBUS A-320neo,L2J,M
38135A,F-WWIG,A20N,AIRBUS A-320neo,L2J,M
38145A,F-WWIO,A20N,AIRBUS A-320neo,L2J,M
38155A,F-WWIX,A20N,AIRBUS A-320neo,L2J,M
38165A,F-WWED,AT76,ATR-72-600,L2T,M
38175A,F-WWEL,AT76,ATR-72-600,L2T,M
38185A,F-WWET,AT76,ATR-72-600,L2T,M
381A5A,F-WWLK,AT46,ATR-42-600,L2T,M
381B5A,F-WWLS,AT46,ATR-42-600,L2T,M
381E5A,F-WWHR,FA7X,DASSAULT Falcon 7X,L3J,M
38235A,F-WWFP,F900,DASSAULT Falcon 900,L3J,M
38245A,F-WWFY,F900,DASSAULT Falcon 900,L3J,M
38275A,F-WWVW,FA8X,DASSAULT Falcon 8X,L3J,M
382A5A,F-WWYT,A332,AIRBUS A-330-200,L2J,H
38335A,F-WWXL,A35K,AIRBUS A-350-1000,L2J,H
38365A,F-WWTP,A20N,AIRBUS A-320neo,L2J,M
38375A,F-WWTY,A20N,AIRBUS A-320neo,L2J,M
38385A,F-WWGJ,F2TH,DASSAULT Falcon 2000,L2J,M
38395A,F-WWGM,F2TH,DASSAULT Falcon 2000,L2J,M
383A5A,F-WWGU,F2TH,DASSAULT Falcon 2000,L2J,M
383F5A,F-WWSH,A388,AIRBUS A-380-800,L4J,H
38465A,F-WWZP,FA8X,DASSAULT Falcon 8X,L3J,M
38485A,EC-406,A400,AIRBUS A-400M,L4T,H
384D5A,F-WWAW,A359,AIRBUS A-350-900,L2J,H
3AAB5A,F-MBKD,TIGR,AIRBUS HELICOPTERS EC-665 Tiger,H2T,L
3B765A,E108,AJET,DASSAULT-DORNIER Alpha Jet,L2J,M
3B7B5A,F-ZBGF,EC35,AIRBUS HELICOPTERS EC-135/635,H2T,L
3B9B5A,F-ZWMO,FA50,DASSAULT Falcon 50,L3J,M
3C0D5A,D-AUBL,A20N,AIRBUS A-320neo,L2J,M
3C125A,D-AVYR,A21N,AIRBUS A-321neo,L2J,M
3C135A,D-AWIN,E35L,EMBRAER EMB-135 Legacy,L2J,M
3C665A,D-AIRZ,E35L,EMBRAER EMB-135 Legacy,L2J,M
3C675A,D-AIZZ,A320,AIRBUS A-320,L2J,M
3CC95A,D-CDOC,LJ45,LEARJET 45,L2J,M
3CD05A,D-CGFA,LJ35,LEARJET 35,L2J,M
3CE25A,D-CNAG,SW4,SWEARINGEN Metro,L2T,M
3D065A,D-EAQS,A210,AQUILA A-210,L1P,L
3D075A,D-EBAO,D253,CENTRE EST DR-253 Regent,L1P,L
3D085A,D-EBKK,P46T,PIPER PA-46-500TP,L1T,L
3D095A,D-EBUG,J3,PIPER J-3 Cub,L1P,L
3D0D5A,D-EDHQ,RALL,SOCATA Rallye,L1P,L
3D0E5A,D-EDRM,C10T,CESSNA P210 Turbine,L1T,L
3D0F5A,D-EEBI,C172,CESSNA 172 Skyhawk,L1P,L
3D115A,D-EEVA,DR40,ROBIN DR-400,L1P,L
3D135A,D-EFOS,M20T,MOONEY M-20T,L1P,L
3D155A,D-EGIK,P28A,PIPER PA-28-140/150/160/180,L1P,L
3D175A,D-EHCC,G115,GROB G-115,L1P,L
3D185A,D-EHLY,P28A,PIPER PA-28-140/150/160/180,L1P,L
3D1B5A,D-EIPM,C152,CESSNA 152,L1P,L
3D1F5A,D-EKCW,P28A,PIPER PA-28-140/150/160/180,L1P,L
3D225A,D-ELGK,PA12,PIPER PA-12 Super Cruiser,L1P,L
3D245A,D-EMAC,SR22,CIRRUS SR-22,L1P,L
3D2B5A,D-EORA,C172,CESSNA 172 Skyhawk,L1P,L
3D2C5A,D-EPAW,C172,CESSNA 172 Skyhawk,L1P,L
3D2D5A,D-EPKS,DH82,DE HAVILLAND DH-82 Tiger Moth,L1P,L
3D355A,D-ESLM,PTS2,PITTS S-2 Special,L1P,L
3D365A,D-ESVI,Z37P,LET Z-37 Cmelak,L1P,L
3D375A,D-ETFE,P28A,PIPER PA-28-140/150/160/180,L1P,L
3D385A,D-ETPA,P28A,PIPER PA-28-140/150/160/180,L1P,L
3D3D5A,D-EVMG,C182,CESSNA 182 Skylane,L1P,L
3D425A,D-EXJM,TB20,SOCATA TB-20 Trinidad,L1P,L
3D435A,D-EXTI,XA41,XTREMAIR XA-41,L1P,L
3D455A,D-EYNA,SAKO,RANS S-10 Sakota,L1P,L
3D465A,D-EYWW,C210,CESSNA 201 Centurion,L1P,L
3D475A,D-EZGS,DV20,DIAMOND DA-20,L1P,L
3D925A,D-GBRE,DA42,DIAMOND DA-42 Guardian,L2P,L
3D9A5A,D-GERY,P68,PARTENAVIA P-68 Observer,L2P,L
3DDC5A,D-HDRU,EC35,AIRBUS HELICOPTERS EC-135/635,H2T,L
3DF85A,D-HOHM,R44,ROBINSON R-44 Raven,H1P,L
3DF95A,D-HORI,A109,AGUSTA AW-109 Grand,H2T,L
3E175A,D-IAAS,E50P,EMBRAER EMB-500 Phenom 100,L2J,L
3E485A,D-ISPE,C340,CESSNA 340 Super,L2P,L
3E5C5A,D-KAEC,AS26,SCHLEICHER ASH-26,L1P,L
3E625A,D-KCLE,AV68,M&D FLUGZEUGBAU AVO-68 Samburo,L1P,L
3E675A,D-KEIK,AS16,SCHLEICHER ASK-16,L1P,L
3E6D5A,D-KGPM,GLID,,L0-,-
3E705A,D-KHTA,G109,GROB G-109,L1P,L
3E725A,D-KIMS,DIMO,DIAMOND H-36 Dimona,L1P,L
3E7E5A,D-KNAW,SF25,SCHEIBE SF-25 Falke,L1P,L
3EC25A,D-KOOG,SF25,SCHEIBE SF-25 Falke,L1P,L
3ECC5A,D-KSIS,AS26,SCHLEICHER ASH-26,L1P,L
3ECF5A,D-KTMG,GLID,,L0-,-
3ED85A,D-KWWW,DIMO,DIAMOND H-36 Dimona,L1P,L
3EDB5A,D-KYAK,GLID,,L0-,-
3EE65A,D-1475,GLID,,L0-,-
3EE75A,D-1731,GLID,,L0-,-
3EF15A,D-4291,GLID,,L0-,-
3EF25A,D-4547,GLID,,L0-,-
3F765A,74+49,TIGR,AIRBUS HELICOPTERS EC-665 Tiger,H2T,L
3FEA5A,D-MOKL,FK9,B&F TECHNIK FK-9,L1P,L
3FEB5A,D-MCDS,KP2,JIHLAVAN KP-2 Sova,L1P,L
3FEC5A,D-MBIB,EFOX,AEROPRO Eurofox,L1P,L
3FED5A,D-MSDL,G3,REMOS Mirage,L1P,L
3FEE5A,D-MQBB,DV1,DOVA Skylark,L1P,L
3FEF5A,D-MWDH,WT9,AEROSPOOL WT-9 Dynamic,L1P,L
3FF05A,D-MSZZ,G3,REMOS Mirage,L1P,L
3FF35A,D-MIFC,NG5,BRM AERO NG-5/6 Bristell,L1P,L
3FF45A,D-MFHY,ECHO,TECNAM P-92 Echo,L1P,L
3FF65A,D-MYSP,BREZ,AEROSTYLE Breezer,L1P,L
40065A,G-BIKO,B752,BOEING 757-200,L2J,M
40075A,G-MLJL,A332,AIRBUS A-330-200,L2J,H
400D5A,G-DBCG,A319,AIRBUS A-319,L2J,M
400E5A,G-EZAX,A319,AIRBUS A-319,L2J,M
40145A,G-AKVZ,MESS,MILES Messenger,L1P,L
40155A,G-ARMC,DHC1,DE HAVILLAND DHC-1 Chipmunk,L1P,L
40165A,G-ATKT,C172,CESSNA 172 Skyhawk,L1P,L
40175A,G-AVYV,D11,JODEL D-11x/12x,L1P,L
40185A,G-AXTJ,P28A,PIPER PA-28-140/150/160/180,L1P,L
40195A,G-AZLE,ST75,STEARMAN Kaydet,L1P,L
401A5A,G-ABZB,DH60,DE HAVILLAND DH-60 Moth,L1P,L
401B5A,G-BCFR,C150,CESSNA 150,L1P,L
401E5A,G-BHLH,DR40,ROBIN DR-400,L1P,L
40205A,G-BKMI,SPIT,SUPERMARINE Spitfire,L1P,L
40215A,G-BWMB,D11,JODEL D-11x/12x,L1P,L
40245A,G-MMLE,ULAC,,L0-,-
40265A,G-BMJA,P32R,PIPER PA-32R-300/301/301T,L1P,L
40285A,G-HRIO,HR10,ROBIN HR-100,L1P,L
402D5A,G-MVMT,ULAC,,L0-,-
402E5A,G-BPWR,C172,CESSNA 172 Skyhawk,L1P,L
40335A,G-OVNR,R22,ROBINSON R-22 Mariner,H1P,L
403B5A,G-OKMA,KIS4,TRI-R KIS TR-4,L1P,L
403D5A,G-BXGY,BALL,,B0-,-
403E5A,G-RMAC,EUPA,Europa,L1P,L
40415A,G-BYIX,BALL,,B0-,-
40435A,G-BZFT,RBEL,MURPHY Rebel,L1P,L
40455A,G-ZBLT,C182,CESSNA 182 Skylane,L1P,L
40495A,G-CCEH,SKRA,BEST OFF Sky Ranger,L1P,L
404C5A,G-RVPL,RV8,VANS RV-8,L1P,L
404D5A,G-CDJP,SKRA,BEST OFF Sky Ranger,L1P,L
404E5A,G-ECMC,R22,ROBINSON R-22 Mariner,H1P,L
40515A,G-EDYO,PA32,PIPER PA-32,L1P,L
40535A,G-PHAB,SR22,CIRRUS SR-22,L1P,L
40545A,G-CEVY,MT,ROTORSPORT MTOSport,G1P,L
40565A,G-DEGJ,GLID,,L0-,-
40585A,G-NANO,AVID,AVID Flyer,L1P,L
405A5A,G-DEEO,GLID,,L0-,-
405F5A,G-HITT,HURI,HAWKER Hurricane,L1P,L
40605A,G-DEAV,GLID,,L0-,-
40655A,G-ZXLL,E300,EXTRA EA-300/330/350,L1P,L
40665A,G-CGYP,SKRA,BEST OFF Sky Ranger,L1P,L
40685A,G-CHPG,SR20,CIRRUS SR-20,L1P,L
406A5A,G-TTOM,CH60,ZENAIR CH-600 Zodiac,L1P,L
406B5A,G-GATK,A320,AIRBUS A-320,L2J,M
406D5A,G-CILI,NPOR,REDFERN Nieuport 24,L1P,L
406E5A,G-IWFC,A109,AGUSTA AW-109 Grand,H2T,L
406F5A,G-SHCK,C42,IKARUS C-42 Bison,L1P,L
40705A,G-CLRZ,GLID,,L0-,-
40715A,G-CJPD,BALL,,B0-,-
40735A,G-OALP,PNR3,ALPI Pioneer 330,L1P,L
40745A,G-ZACK,SR20,CIRRUS SR-20,L1P,L
40755A,G-SASX,A169,AGUSTA AW-169,H2T,L
40765A,G-CLVZ,GLID,,L0-,-
40785A,G-ELBE,RV7,VANS RV-7,L1P,L
407B5A,G-BVVO,YK50,YAKOVLEV Yak-50,L1P,L
407C5A,G-DHLC,B763,BOEING 767-300,L2J,H
42415A,VP-CXI,A320,AIRBUS A-320,L2J,M
42425A,VP-BYC,B752,BOEING 757-200,L2J,M
42435A,VP-BIC,B772,BOEING 777-200,L2J,H
42475A,VP-CFE,GLF6,GULFSTREAM G650,L2J,M
42495A,VQ-BFB,CRJ2,BOMBARDIER Regional Jet CRJ-200,L2J,M
424B5A,M-ABMI,E190,EMBRAER ERJ-190-100,L2J,M
43C25A,ZJ199,H64,MCDONNELL DOUGLAS AH-64 Apache,H2T,M
43C55A,ZK023,HAWK,BRITISH AEROSPACE T-45 Goshawk,L1J,M
43C75A,ZZ513,LYNX,AGUSTAWESTLAND AW-159 Super Lynx,H2T,L
43E75A,M-LEFB,C550,CESSNA 550 Citation S2,L2J,L
44005A,OE-KCM,P28R,PIPER PA-28R-180/200/201,L1P,L
44015A,OE-IJD,A320,AIRBUS A-320,L2J,M
44025A,OE-AIL,PA18,PIPER PA-18 Super Cub,L1P,L
44035A,OE-9261,SF25,SCHEIBE SF-25 Falke,L1P,L
44055A,RA-01757,DA42,DIAMOND DA-42 Guardian,L2P,L
44075A,OE-AKW,A210,AQUILA A-210,L1P,L
44085A,OE-DVA,C172,CESSNA 172 Skyhawk,L1P,L
44095A,OE-ZRV,BALL,,B0-,-
440A5A,OE-XTC,R44,ROBINSON R-44 Raven,H1P,L
440B5A,OE-IOL,A320,AIRBUS A-320,L2J,M
440C5A,OE-LFD,B748,BOEING 747-8,L4J,H
44865A,OO-ARZ,DV20,DIAMOND DA-20,L1P,L
448A5A,OO-BRZ,BALL,,B0-,-
448E5A,OO-CRZ,PA38,PIPER PA-38 Tomahawk,L1P,L
458B5A,OY-BZZ,C172,CESSNA 172 Skyhawk,L1P,L
45915A,OY-DJZ,BE35,BEECH 35 Starfire Bonanza,L1P,L
45A15A,OY-HJZ,G2CA,GUIMBAL G-2 Cabri,H1P,L
45A35A,OY-HZZ,R44,ROBINSON R-44 Raven,H1P,L
45AB5A,OY-JZZ,AT75,ATR-72-500,L2T,M
45C25A,OY-PRZ,RALL,SOCATA Rallye,L1P,L
45E15A,OY-XJZ,GLID,,L0-,-
45E45A,OY-YBZ,DH8D,DE HAVILLAND DHC-8-400 Dash 8,L2T,M
45F05A,OY-9438,,,,
46055A,OH-CAS,C152,CESSNA 152,L1P,L
46065A,OH-CKO,C152,CESSNA 152,L1P,L
461F5A,OH-LWS,A359,AIRBUS A-350-900,L2J,H
46815A,346,SIRA,TECNAM P-2002 Sierra,L1P,L
471F5A,HA-LWS,A320,AIRBUS A-320,L2J,M
47225A,HA-NAG,AAT3,AERO AT-3,L1P,L
47865A,LN-WNB,BROU,MAX HOLSTE Broussard,L1P,L
47875A,LN-DYT,B738,BOEING 737-800,L2J,M
47915A,LN-OGA,AS50,AEROSPATIALE AS-350 Ecureuil,H1T,L
48445A,PH-3U4,C42,IKARUS C-42 Bison,L1P,L
48455A,PH-BGC,B738,BOEING 737-800,L2J,M
48495A,PH-CHH,BALL,,B0-,-
484C5A,PH-HSC,B738,BOEING 737-800,L2J,M
484D5A,PH-REG,BALL,,B0-,-
484E5A,PH-3R7,ULAC,,L0-,-
484F5A,PH-LVA,D7,FOKKER D-7 Replica,L1P,L
48515A,PH-BRR,FB1A,BOWERS Fly Baby 1A,L1P,L
48535A,PH-1LK,ZZZZ,,-0-,-
48545A,PH-1WX,ZZZZ,,-0-,-
48555A,PH-2DR,ZZZZ,,-0-,-
48565A,PH-2QN,ZZZZ,,-0-,-
48625A,PH-BAC,A210,AQUILA A-210,L1P,L
49845A,0717,W3,PZL-SWIDNIK W-3,H2T,L
49C05A,OK-HUU67,KP2,JIHLAVAN KP-2 Sova,L1P,L
49C15A,OK-VUU92,ULAC,,L0-,-
49D05A,OK-NET,AC11,NORTH AMERICAN ROCKWELL Commander 112/114,L1P,L
49D15A,OK-SVO,R44,ROBINSON R-44 Raven,H1P,L
49D35A,OK-CPB,S22T,CIRRUS SR-22T Turbo,L1P,L
49D45A,OK-SWR,B38M,BOEING 737 MAX 8,L2J,M
4A0E5A,YR-CRZ,CRUZ,CSA PS-28 Cruiser,L1P,L
4A3F5A,YR-OZZ,BE36,BEECH 36 Bonanza,L1P,L
4A7F5A,YR-1190,GLID,,L0-,-
4A935A,SE-DZZ,LJ35,LEARJET 35,L2J,M
4A9C5A,SE-GBZ,PA32,PIPER PA-32,L1P,L
4A9E5A,SE-GRZ,P32R,PIPER PA-32R-300/301/301T,L1P,L
4AA65A,SE-IRZ,PA27,PIPER PA-23-250 Aztec,L2P,L
4AA95A,SE-JJZ,R44,ROBINSON R-44 Raven,H1P,L
4AAA5A,SE-JRZ,AS50,AEROSPATIALE AS-350 Ecureuil,H1T,L
4ADA5A,SE-VRZ,GYRO,,G0-,-
4ADB5A,SE-VZZ,S450,AERO-EAST-EUROPE SILA-450,L1P,L
4AE55A,SE-YJZ,FK14,B&F TECHNIK FK-14 Polaris,L1P,L
4B0C5A,HB-ERQ,DR30,CENTRE EST Prince,L1P,L
4B0E5A,HB-FLI,PC6T,PILATUS PC-6 Turbo-Porter,L1T,L
4B1F5A,HB-LWS,DA62,DIAMOND DA-62,L2P,L
4B2C5A,HB-QUS,BALL,,B0-,-
4B365A,HB-UPE,DH60,DE HAVILLAND DH-60 Moth,L1P,L
4B395A,HB-VSS,PC24,PILATUS PC-24,L2J,M
4B3F5A,HB-XZU,LAMA,AEROSPATIALE SA-315 Lama,H1T,L
4B415A,HB-YTM,FOX,KITFOX,L1P,L
4B435A,HB-ZNE,R22,ROBINSON R-22 Mariner,H1P,L
4B4B5A,HB-1715,GLID,,L0-,-
4B4E5A,HB-2483,ARCP,SCHEMPP-HIRTH Arcus M,L1P,L
4B5A5A,HB-5555,GLID,,L0-,-
4B7F5A,A-108,PC21,PILATUS PC-21,L1T,L
4B8C5A,TC-CBZ,C172,CESSNA 172 Skyhawk,L1P,L
4BA95A,TC-JJZ,B77W,BOEING 777-300ER,L2J,H
4BAA5A,TC-JRZ,A321,AIRBUS A-321,L2J,M
4BAB5A,TC-JZZ,B738,BOEING 737-800,L2J,M
4BB85A,TC-NBZ,A20N,AIRBUS A-320neo,L2J,M
4BBC5A,TC-OBZ,A321,AIRBUS A-321,L2J,M
4BC85A,TC-RBZ,A21N,AIRBUS A-321neo,L2J,M
4BE45A,TC-YBZ,C172,CESSNA 172 Skyhawk,L1P,L
4CA25A,EI-DHE,B738,BOEING 737-800,L2J,M
4CA85A,EI-ELM,PA18,PIPER PA-18 Super Cub,L1P,L
4CA95A,EI-RCA,NG4,BRM AERO NG-4,L1P,L
4CAA5A,EI-EVV,B738,BOEING 737-800,L2J,M
4CAC5A,EI-GXS,A169,AGUSTA AW-169,H2T,L
4CC45A,TF-AMP,B744,BOEING 747-400,L4J,H
4D215A,9H-CBB,C340,CESSNA 340 Super,L2P,L
4D225A,9H-QEE,B738,BOEING 737-800,L2J,M
4D235A,9H-AMU,A320,AIRBUS A-320,L2J,M
50015A,T7-ZIS,CL60,BOMBARDIER CL-600 Challenger,L2J,M
50025A,T7-ONEX,FA8X,DASSAULT Falcon 8X,L3J,M
502D5A,YL-ABI,BCS3,AIRBUS A220-300,L2J,M
503C5A,LY-SBY,SB20,SAAB 2000,L2T,M
505E5A,OM-RZZ,R22,ROBINSON R-22 Mariner,H1P,L
506E5A,S5-HPG,A109,AGUSTA AW-109 Grand,H2T,L
507C5A,UK-32023,A20N,AIRBUS A-320neo,L2J,M
50835A,UR-COA,BE76,BEECH 76 Duchess,L2P,L
50845A,UR-RWC,AT76,ATR-72-600,L2T,M
51005A,EW-303PJ,CRJ2,BOMBARDIER Regional Jet CRJ-200,L2J,M
51105A,ES-FCC,C172,CESSNA 172 Skyhawk,L1P,L
51115A,ES-NSK,SF34,SAAB 340,L2T,M
60185A,EZ-A007,B737,BOEING 737-700,L2J,M
68325A,UP-CJ014,CRJ2,BOMBARDIER Regional Jet CRJ-200,L2J,M
70205A,S2-AHL,B772,BOEING 777-200,L2J,H
70605A,9K-AOH,B77W,BOEING 777-300ER,L2J,H
71005A,HZ-AK18,B77W,BOEING 777-300ER,L2J,H
71025A,472,C130,LOCKHEED C-130 Hercules,L4T,M
738A5A,481,TEX2,BEECHCRAFT T-6 Texan 2,L1T,L
73945A,4X-BES,R44,ROBINSON R-44 Raven,H1P,L
74215A,JY-HJZ,DA42,DIAMOND DA-42 Guardian,L2P,L
75025A,9M-MTG,A333,AIRBUS A-330-300,L2J,H
75045A,9M-AGP,A20N,AIRBUS A-320neo,L2J,M
75825A,RP-C7226,AS50,AEROSPATIALE AS-350 Ecureuil,H1T,L
75835A,RP-C7813,EC30,AIRBUS HELICOPTERS EC-130,H1T,L
75865A,5125,C130,LOCKHEED C-130 Hercules,L4T,M
76085A,AP-BBZ,C310,CESSNA 310,L2P,L
78005A,B-2827,B752,BOEING 757-200,L2J,M
78025A,B-5705,B738,BOEING 737-800,L2J,M
78045A,B-5370,B738,BOEING 737-800,L2J,M
78055A,B-5256,B737,BOEING 737-700,L2J,M
78065A,B-5523,B738,BOEING 737-800,L2J,M
78075A,B-9386,DA40,DIAMOND DA-40 Club Star,L1P,L
78085A,B-6898,A320,AIRBUS A-320,L2J,M
78095A,B-6955,A320,AIRBUS A-320,L2J,M
780A5A,B-HWM,A333,AIRBUS A-330-300,L2J,H
780B5A,B-5848,B738,BOEING 737-800,L2J,M
780C5A,B-8302,GLF5,GULFSTREAM 5,L2J,M
780D5A,B-1745,B738,BOEING 737-800,L2J,M
780E5A,B-6986,B738,BOEING 737-800,L2J,M
780F5A,B-7395,B738,BOEING 737-800,L2J,M
78105A,B-1539,B789,BOEING 787-9 Dreamliner,L2J,H
78115A,B-8585,A321,AIRBUS A-321,L2J,M
78125A,B-8898,A320,AIRBUS A-320,L2J,M
78135A,B-1236,B738,BOEING 737-800,L2J,M
78145A,B-1145,B752,BOEING 757-200,L2J,M
78155A,B-206U,B738,BOEING 737-800,L2J,M
78175A,B-606R,GLF5,GULFSTREAM 5,L2J,M
78185A,B-30CY,A20N,AIRBUS A-320neo,L2J,M
78195A,B-30EL,A21N,AIRBUS A-321neo,L2J,M
781B5A,B-322X,A20N,AIRBUS A-320neo,L2J,M
781E5A,B-12L3,AURA,SUNWARD Aurora S60/70,L1P,L
7A425A,10659,ZZZZ,,-0-,-
7C085A,VH-BXO,C182,CESSNA 182 Skylane,L1P,L
7C115A,VH-DPO,C182,CESSNA 182 Skylane,L1P,L
7C175A,VH-EWC,C172,CESSNA 172 Skyhawk,L1P,L
7C1A5A,VH-FHO,BK17,EUROCOPTER BK117 C-1/2,H2T,L
7C1C5A,VH-FVW,C206,CESSNA  206 Stationair,L1P,L
7C2A5A,VH-ING,C650,CESSNA 650 Citation,L2J,M
7C2E5A,VH-JFW,HURI,HAWKER Hurricane,L1P,L
7C335A,VH-KFG,C185,CESSNA 185 Skywagon,L1P,L
7C3D5A,VH-MEK,RV6,VANS RV-6,L1P,L
7C3F5A,VH-MSS,BE58,BEECH 58 Baron,L2P,L
7C405A,VH-MZW,R22,ROBINSON R-22 Mariner,H1P,L
7C445A,VH-NSC,B412,BELL 412,H2T,L
7C495A,VH-ORW,P32R,PIPER PA-32R-300/301/301T,L1P,L
7C4E5A,VH-PRG,BE58,BEECH 58 Baron,L2P,L
7C5B5A,VH-SBW,DH8C,DE HAVILLAND DHC-8-300 Dash 8,L2T,M
7C605A,VH-TBG,C310,CESSNA 310,L2P,L
7C625A,VH-TPO,PA30,PIPER PA-30 Twin Comanche,L2P,L
7C635A,VH-TWS,R66,ROBINSON R-66,H1T,L
7C6A5A,VH-VAK,PA24,PIPER PA-24 Comanche,L1P,L
7C6B5A,VH-VHO,BE55,BEECH 55 Baron,L2P,L
7C6C5A,VH-VOS,B738,BOEING 737-800,L2J,M
7C6D5A,VH-VVW,R44,ROBINSON R-44 Raven,H1P,L
7C715A,VH-WOC,C206,CESSNA  206 Stationair,L1P,L
7C765A,VH-XNW,A320,AIRBUS A-320,L2J,M
7C7B5A,VH-YNG,DA40,DIAMOND DA-40 Club Star,L1P,L
7C7C5A,VH-YUK,YK55,YAKOVLEV Yak-55,L1P,L
7C7F5A,VH-ZFW,C172,CESSNA 172 Skyhawk,L1P,L
7CBC5A,19-4907,JAB4,JABIRU J200-450,L1P,L
7CF85A,A27-033,HAWK,BRITISH AEROSPACE T-45 Goshawk,L1J,M
80005A,VT-EVB,B744,BOEING 747-400,L4J,H
800D5A,VT-EVV,A109,AGUSTA AW-109 Grand,H2T,L
80145A,VT-TQH,A20N,AIRBUS A-320neo,L2J,M
80155A,VT-IPK,A20N,AIRBUS A-320neo,L2J,M
84095A,JA02KG,A109,AGUSTA AW-109 Grand,H2T,L
845F5A,JA11HC,AT46,ATR-42-600,L2T,M
84655A,JA136A,A21N,AIRBUS A-321neo,L2J,M
85C15A,JA503C,AS50,AEROSPATIALE AS-350 Ecureuil,H1T,L
85C55A,JA516J,C25A,CESSNA 525A Citation CJ2,L2J,L
86375A,JA680A,C68A,CESSNA 680 Citation Latitude,L2J,M
86785A,JA712A,B772,BOEING 777-200,L2J,H
86835A,JA744A,B772,BOEING 777-200,L2J,H
86CF5A,JA808A,B788,BOEING 787-8 Dreamliner,L2J,H
88045A,HS-ABZ,A320,AIRBUS A-320,L2J,M
88085A,HS-BBZ,A20N,AIRBUS A-320neo,L2J,M
88105A,HS-DBZ,B738,BOEING 737-800,L2J,M
88815A,VN-A657,A321,AIRBUS A-321,L2J,M
89405A,A9C-AC,A320,AIRBUS A-320,L2J,M
89505A,V8-DLC,B788,BOEING 787-8 Dreamliner,L2J,H
89605A,A6-HRS,B737,BOEING 737-700,L2J,M
89615A,A6-MRS,B738,BOEING 737-800,L2J,M
89645A,A6-EUE,A388,AIRBUS A-380-800,L4J,H
89655A,A6-EVN,A388,AIRBUS A-380-800,L4J,H
896C5A,1211,C130,LOCKHEED C-130 Hercules,L4T,M
89905A,B-50025,A20N,AIRBUS A-320neo,L2J,M
89915A,B-96999,GLEX,BOMBARDIER BD-700 Global 6000/6500,L2J,M
8A035A,PK-BVP,C208,CESSNA 208 Caravan,L1T,L
8A095A,PK-GJQ,AT76,ATR-72-600,L2T,M
A0005A,N1DN,BE35,BEECH 35 Starfire Bonanza,L1P,L
A0015A,N1PU,H25B,HAWKER BEECHCRAFT Hawker 750/850,L2J,M
A0035A,N10LE,B407,BELL 407,H1T,L
A0045A,N10WL,BALL,,B0-,-
A0055A,N100GR,,,,
A0065A,N100SX,PA18,PIPER PA-18 Super Cub,L1P,L
A0075A,N1002H,M7,MAULE M-7,L1P,L
A0095A,N101KP,C560,CESSNA 560 Citation Ultra,L2J,M
A00B5A,N1014L,AT3P,AIR TRACTOR AT-301/401,L1P,L
A00D5A,N102NM,RV12,VANS RV-12,L1P,L
A0145A,N104JB,C172,CESSNA 172 Skyhawk,L1P,L
A0165A,N1043J,VO10,NORTH AMERICAN ROCKWELL Commander 100,L1P,L
A0185A,N105M,GLID,,L0-,-
A01A5A,N1055M,C182,CESSNA 182 Skylane,L1P,L
A01B5A,N106DS,GLID,,L0-,-
A01E5A,N1067Q,P28A,PIPER PA-28-140/150/160/180,L1P,L
A0235A,N108KN,LJ45,LEARJET 45,L2J,M
A0245A,N108VU,EC35,AIRBUS HELICOPTERS EC-135/635,H2T,L
A0275A,N109NL,A109,AGUSTA AW-109 Grand,H2T,L
A02A5A,N11FC,BE35,BEECH 35 Starfire Bonanza,L1P,L
A02D5A,N110MV,S22T,CIRRUS SR-22T Turbo,L1P,L
A02E5A,N110YA,YK50,YAKOVLEV Yak-50,L1P,L
A0305A,N111EM,P28A,PIPER PA-28-140/150/160/180,L1P,L
A0355A,N112TR,SR22,CIRRUS SR-22,L1P,L
A0365A,N11222,PA46,PIPER PA-46-310/350,L1P,L
A0375A,N113AB,BE95,BEECH 95 Travel Air,L2P,L
A03A5A,N11345,T206,CESSNA T206 Turbo Stationair,L1P,L
A03B5A,N114D,ZZZZ,,-0-,-
A03C5A,N114PF,DRON,,D0-,-
A0405A,N115SD,M20P,MOONEY M-20,L1P,L
A0415A,N11510,C150,CESSNA 150,L1P,L
A0435A,N116JW,C335,CESSNA 335,L2P,L
A0445A,N116VB,BALL,,B0-,-
A0495A,N11756,C177,CESSNA  177 Cardinal,L1P,L
A0525A,N12LG,RV6,VANS RV-6,L1P,L
A0535A,N12WN,RV6,VANS RV-6,L1P,L
A05A5A,N1214N,,,,
A05F5A,N123FF,C550,CESSNA 550 Citation S2,L2J,L
A0655A,N1243L,LA4,LAKE LA-4/200,A1P,L
A0665A,N125AW,C150,CESSNA 150,L1P,L
A0675A,N125MB,BE18,BEECH 18 Expetitor,L2P,L
A06A5A,N126DU,BCS1,AIRBUS A220-100,L2J,M
A06D5A,N1267S,C182,CESSNA 182 Skylane,L1P,L
A06E5A,N127GS,PA12,PIPER PA-12 Super Cruiser,L1P,L
A06F5A,N127SY,E75L,EMBRAER ERJ-170-200 (long wing),L2J,M
A0755A,N129CG,C208,CESSNA 208 Caravan,L1T,L
A0765A,N129NN,LS8,ROLLADEN-SCHNEIDER LS-8T,L1P,L
A0785A,N1296Q,C150,CESSNA 150,L1P,L
A0795A,N13FE,,,,
A07B5A,N130BR,RV4,VANS RV-4,L1P,L
A07E5A,N13059,C172,CESSNA 172 Skyhawk,L1P,L
A07F5A,N131EP,F2TH,DASSAULT Falcon 2000,L2J,M
A0815A,N13101,C172,CESSNA 172 Skyhawk,L1P,L
A0835A,N132HM,C82R,CESSNA R182 Skylane RG,L1P,L
A0845A,N132TT,SR20,CIRRUS SR-20,L1P,L
A0895A,N13347,,,,
A08A5A,N134DB,T34P,BEECH T-34 Mentor,L1P,L
A08E5A,N135G,T206,CESSNA T206 Turbo Stationair,L1P,L
A0915A,N1359C,C177,CESSNA  177 Cardinal,L1P,L
A0945A,N13635,C172,CESSNA 172 Skyhawk,L1P,L
A0965A,N137MW,BN2P,BRITTEN-NORMAN BN-2 Islander,L2P,L
A0985A,N13758,,,,
A09C5A,N1388A,GYRO,,G0-,-
A09E5A,N139TS,L39,LET L-39 Albatros,L1J,L
A09F5A,N13923,C172,CESSNA 172 Skyhawk,L1P,L
A0A05A,N14AC,M20P,MOONEY M-20,L1P,L
A0A15A,N14LJ,RV4,VANS RV-4,L1P,L
A0A45A,N140TA,C82S,CESSNA T182 Turbo Skylane,L1P,L
A0A95A,N1414Q,C150,CESSNA 150,L1P,L
A0AC5A,N142YX,SONX,SONEX AIRCRAFT Sonex,L1P,L
A0AD5A,N1426T,PA32,PIPER PA-32,L1P,L
A0AF5A,N143RP,HDJT,HONDA HondaJet,L2J,L
A0B65A,N145MD,,,,
A0B85A,N1455R,C82S,CESSNA T182 Turbo Skylane,L1P,L
A0BB5A,N1460H,AR15,AERONCA 15 Sedan,L1P,L
A0BE5A,N147T,PA18,PIPER PA-18 Super Cub,L1P,L
A0BF5A,N1472L,BE23,BEECH 23 Sundowner,L1P,L
A0C05A,N1479X,P28A,PIPER PA-28-140/150/160/180,L1P,L
A0C85A,N15FG,PA23,PIPER PA-23,L2P,L
A0CE5A,N151ER,C150,CESSNA 150,L1P,L
A0D05A,N15103,BALL,,B0-,-
A0D15A,N1518D,C195,CESSNA 195,L1P,L
A0D45A,N15226,P28R,PIPER PA-28R-180/200/201,L1P,L
A0D65A,N153LM,PA23,PIPER PA-23,L2P,L
A0D85A,N15349,PA32,PIPER PA-32,L1P,L
A0D95A,N154DD,AEST,AEROSTAR 600,L2P,L
A0DA5A,N154PK,RV4,VANS RV-4,L1P,L
A0DD5A,N155GB,BE9L,BEECH 90 King Air,L2T,L
A0DE5A,N155SH,R22,ROBINSON R-22 Mariner,H1P,L
A0DF5A,N15514,PA32,PIPER PA-32,L1P,L
A0E05A,N1559E,CH7A,BELLANCA 7 Champion,L1P,L
A0E35A,N15637,P28A,PIPER PA-28-140/150/160/180,L1P,L
A0EA5A,N15802,P28A,PIPER PA-28-140/150/160/180,L1P,L
A0EE5A,N15925,PA34,PIPER PA-34 Seneca,L2P,L
A0EF5A,N16AE,LGEZ,RUTAN Long-EZ,L1P,L
A0F35A,N160TC,BALL,,B0-,-
A0F45A,N1602P,PA22,PIPER PA-22,L1P,L
A0F95A,N162CM,LNCE,LANCAIR ES,L1P,L
A0FC5A,N1626V,C120,CESSNA 120,L1P,L
A0FE5A,N163RR,BALL,,B0-,-
A0FF5A,N1631M,ST75,STEARMAN Kaydet,L1P,L
A1025A,N164UP,A306,AIRBUS A-300-600,L2J,H
A1045A,N165B,BE35,BEECH 35 Starfire Bonanza,L1P,L
A1085A,N166DY,R66,ROBINSON R-66,H1T,L
A10A5A,N1660K,,,,
A10F5A,N1679Z,C185,CESSNA 185 Skywagon,L1P,L
A1175A,N17FJ,GLF5,GULFSTREAM 5,L2J,M
A11F5A,N17105,B752,BOEING 757-200,L2J,M
A1215A,N172HR,C172,CESSNA 172 Skyhawk,L1P,L
A1275A,N1735A,PA18,PIPER PA-18 Super Cub,L1P,L
A1295A,N174PM,RV7,VANS RV-7,L1P,L
A12E5A,N17516,BE35,BEECH 35 Starfire Bonanza,L1P,L
A12F5A,N1759G,BE35,BEECH 35 Starfire Bonanza,L1P,L
A1325A,N17639,BE36,BEECH 36 Bonanza,L1P,L
A1365A,N1776B,BALL,,B0-,-
A13C5A,N179TW,BL17,BELLANCA 17 Viking,L1P,L
A13D5A,N17927,GLID,,L0-,-
A13E5A,N18AG,G103,GROB G-103 Twin 3SL,L1P,L
A1435A,N1802R,C185,CESSNA 185 Skywagon,L1P,L
A1465A,N181WC,HUSK,CHRISTEN Husky,L1P,L
A1485A,N182CP,C182,CESSNA 182 Skylane,L1P,L
A14E5A,N1831P,PA22,PIPER PA-22,L1P,L
A1535A,N185BB,C185,CESSNA 185 Skywagon,L1P,L
A1575A,N186E,AC90,NORTH AMERICAN ROCKWELL Turbo Commander 690/840,L2T,L
A1595A,N1860M,ST75,STEARMAN Kaydet,L1P,L
A15D5A,N1872Q,C77R,CESSNA 177RG Cardinal RG,L1P,L
A15E5A,N18791,BE23,BEECH 23 Sundowner,L1P,L
A1605A,N188WB,HUSK,CHRISTEN Husky,L1P,L
A1665A,N19FL,GLID,,L0-,-
A1675A,N19RS,C240,CESSNA 240 Corvalis TTx,L1P,L
A1695A,N190NC,BE9T,BEECH F90 King Air,L2T,L
A16D5A,N191RA,CH7B,BELLANCA 7 Citabria,L1P,L
A16E5A,N19107,FA24,FAIRCHILD F-24 Argus,L1P,L
A16F5A,N1918H,D7,FOKKER D-7 Replica,L1P,L
A17A5A,N1947F,C172,CESSNA 172 Skyhawk,L1P,L
A17C5A,N195SM,C195,CESSNA 195,L1P,L
A17D5A,N19518,J2,PIPER J-2 Cub,L1P,L
A1815A,N1964A,BE36,BEECH 36 Bonanza,L1P,L
A1825A,N197BW,CRER,RANS Courier,L1P,L
A1855A,N1976D,BE35,BEECH 35 Starfire Bonanza,L1P,L
A1885A,N19806,C177,CESSNA  177 Cardinal,L1P,L
A1895A,N1988G,RV14,VANS RV-14,L1P,L
A18D5A,N2AJ,C182,CESSNA 182 Skylane,L1P,L
A18F5A,N2WW,BE58,BEECH 58 Baron,L2P,L
A1905A,N20HA,C172,CESSNA 172 Skyhawk,L1P,L
A1945A,N200ZZ,BE20,BEECH 200 Super King Air,L2T,M
A1955A,N2007K,BE76,BEECH 76 Duchess,L2P,L
A1975A,N201SR,M20P,MOONEY M-20,L1P,L
A19C5A,N2024E,H269,HUGHES Sky Knight,H1P,L
A1A25A,N204RD,DV20,DIAMOND DA-20,L1P,L
A1A45A,N2048L,BE23,BEECH 23 Sundowner,L1P,L
A1A75A,N2053C,T28,NORTH AMERICAN T-28,L1P,L
A1AA5A,N206X,T206,CESSNA T206 Turbo Stationair,L1P,L
A1AC5A,N207DL,C207,CESSNA 207 Turbo Stationair,L1P,L
A1AD5A,N207PS,CRJ2,BOMBARDIER Regional Jet CRJ-200,L2J,M
A1AF5A,N2077J,ULAC,,L0-,-
A1B25A,N2082A,BALL,,B0-,-
A1B75A,N21BZ,RS20,RANS S-20 Raven,L1P,L
A1B85A,N21NE,C25C,CESSNA 525C Citation CJ4,L2J,M
A1BA5A,N210JR,C210,CESSNA 201 Centurion,L1P,L
A1BC5A,N2103Y,BALL,,B0-,-
A1BD5A,N211BH,GLID,,L0-,-
A1C45A,N21274,C182,CESSNA 182 Skylane,L1P,L
A1C75A,N2132W,C172,CESSNA 172 Skyhawk,L1P,L
A1C85A,N21397,AR65,AERONCA 65 Super Chief,L1P,L
A1C95A,N214LB,BALL,,B0-,-
A1CB5A,N2144Z,C180,CESSNA  180 Skywagon,L1P,L
A1CD5A,N215P,BE33,BEECH 33 Bonanza,L1P,L
A1CF5A,N21562,C182,CESSNA 182 Skylane,L1P,L
A1D05A,N216FS,,,,
A1D45A,N217JQ,E75L,EMBRAER ERJ-170-200 (long wing),L2J,M
A1D85A,N218MN,SR20,CIRRUS SR-20,L1P,L
A1DA5A,N21850,BALL,,B0-,-
A1DE5A,N21973,,,,
A1DF5A,N22HC,GLAS,Glasair,L1P,L
A1E05A,N22TJ,BOLT,STEEN Skybolt,L1P,L
A1E15A,N220DP,M200,NORTH AMERICAN ROCKWELL Commander 200,L1P,L
A1E45A,N2207M,J3,PIPER J-3 Cub,L1P,L
A1E65A,N221ST,PA46,PIPER PA-46-310/350,L1P,L
A1E75A,N2212D,P28R,PIPER PA-28R-180/200/201,L1P,L
A1E95A,N222KK,,,,
A1EA5A,N222VR,C25B,CESSNA 525B Citation CJ3,L2J,L
A1EC5A,N223CB,BALL,,B0-,-
A1ED5A,N223NH,DV20,DIAMOND DA-20,L1P,L
A1F05A,XA-ABF,CL60,BOMBARDIER CL-600 Challenger,L2J,M
A1F15A,N224RF,SR20,CIRRUS SR-20,L1P,L
A1F25A,N2241B,P32R,PIPER PA-32R-300/301/301T,L1P,L
A1F35A,N2248N,C140,CESSNA 140,L1P,L
A2005A,N228SS,GLEX,BOMBARDIER BD-700 Global 6000/6500,L2J,M
A2075A,N23NG,C680,CESSNA 680 Citation Sovereign,L2J,M
A20F5A,N23153,C150,CESSNA 150,L1P,L
A2135A,N23276,C150,CESSNA 150,L1P,L
A2165A,N2332Y,C177,CESSNA  177 Cardinal,L1P,L
A21B5A,N235CW,M7,MAULE M-7,L1P,L
A2205A,N236S,BE36,BEECH 36 Bonanza,L1P,L
A2215A,N2361W,BE23,BEECH 23 Sundowner,L1P,L
A2255A,N2373Z,C172,CESSNA 172 Skyhawk,L1P,L
A22C5A,N2390U,C172,CESSNA 172 Skyhawk,L1P,L
A22E5A,N24HE,FOX,KITFOX,L1P,L
A2325A,N2400C,C180,CESSNA  180 Skywagon,L1P,L
A2335A,N2407P,PA38,PIPER PA-38 Tomahawk,L1P,L
A2385A,N242KM,PA32,PIPER PA-32,L1P,L
A23B5A,N243CD,SR20,CIRRUS SR-20,L1P,L
A23E5A,N2436M,P28R,PIPER PA-28R-180/200/201,L1P,L
A2405A,N244RH,R44,ROBINSON R-44 Raven,H1P,L
A2415A,N2441D,C72R,CESSNA 172R Cutlass RG,L1P,L
A2425A,N2448Q,C182,CESSNA 182 Skylane,L1P,L
A2455A,N2453G,C182,CESSNA 182 Skylane,L1P,L
A2465A,N246AS,E120,EMBRAER EMB-120 Brasilia,L2T,M
A24C5A,N2470B,C172,CESSNA 172 Skyhawk,L1P,L
A2505A,N2482E,CH7A,BELLANCA 7 Champion,L1P,L
A2555A,N25CC,SREY,PROGRESSIVE AERODYNE SeaRey,A1P,L
A2595A,N250VA,RV12,VANS RV-12,L1P,L
A25A5A,N25032,J3,PIPER J-3 Cub,L1P,L
A25E5A,N25155,,,,
A2615A,N2520X,ULAC,,L0-,-
A2625A,N25278,TAMP,SOCATA TB-9 Tampico,L1P,L
A2645A,N253TP,GLAS,Glasair,L1P,L
A2655A,N25320,ULAC,,L0-,-
A2675A,N254LF,RV8,VANS RV-8,L1P,L
A2735A,N257V,FDCT,FLIGHT DESIGN CT,L1P,L
A2765A,N258MS,H25B,HAWKER BEECHCRAFT Hawker 750/850,L2J,M
A27B5A,N2590W,M20P,MOONEY M-20,L1P,L
A27C5A,N25977,J3,PIPER J-3 Cub,L1P,L
A27D5A,N26HG,C551,CESSNA 551 Citation 2SP,L2J,L
A27E5A,N26TN,WW24,IAI 1124 Westwind,L2J,M
A27F5A,N260DT,PA24,PIPER PA-24 Comanche,L1P,L
A2815A,N2600E,CH7A,BELLANCA 7 Champion,L1P,L
A2825A,N2607R,P28R,PIPER PA-28R-180/200/201,L1P,L
A2865A,N2619U,C172,CESSNA 172 Skyhawk,L1P,L
A28A5A,N263CF,DV20,DIAMOND DA-20,L1P,L
A28D5A,N2636P,C310,CESSNA 310,L2P,L
A2905A,N2641F,,,,
A2915A,N2648S,C337,CESSNA 337 Super Skymaster,L2P,L
A2925A,N265JB,E190,EMBRAER ERJ-190-100,L2J,M
A2965A,N266M,PA18,PIPER PA-18 Super Cub,L1P,L
A2985A,N2665M,PA12,PIPER PA-12 Super Cruiser,L1P,L
A2995A,N267DS,SR20,CIRRUS SR-20,L1P,L
A29B5A,N2670D,C170,CESSNA 170,L1P,L
A29E5A,N268SW,ULAC,,L0-,-
A29F5A,N2682G,C182,CESSNA 182 Skylane,L1P,L
A2A05A,N2689T,C414,CESSNA 414 Chancellor,L2P,L
A2A35A,N2694K,L8,LUSCOMBE 8,L1P,L
A2A45A,N27CE,AS29,SCHLEICHER ASG-29,L1P,L
A2AA5A,N271BP,GYRO,,G0-,-
A2AD5A,N27157,AA5,AMERICAN AA-5 Tiger,L1P,L
A2B05A,N2720Z,GLID,,L0-,-
A2B65A,N274LH,C77R,CESSNA 177RG Cardinal RG,L1P,L
A2C05A,N2769A,C170,CESSNA 170,L1P,L
A2C15A,N277JW,SREY,PROGRESSIVE AERODYNE SeaRey,A1P,L
A2C35A,N27733,B737,BOEING 737-700,L2J,M
A2C65A,N278Y,ULAC,,L0-,-
A2CB5A,N27979,J3,PIPER J-3 Cub,L1P,L
A2CC5A,N28HJ,UH1,BELL UH-1 Huey,H1T,L
A2CF5A,N280QA,G280,GULFSTREAM G280,L2J,M
A2D05A,N2800G,T28,NORTH AMERICAN T-28,L1P,L
A2D15A,N2807T,P28A,PIPER PA-28-140/150/160/180,L1P,L
A2D45A,N2812K,C180,CESSNA  180 Skywagon,L1P,L
A2D55A,N2819W,B722,BOEING 727-200,L3J,M
A2DC5A,N2836R,C182,CESSNA 182 Skylane,L1P,L
A2DE5A,N284RM,RV8,VANS RV-8,L1P,L
A2EB5A,N2877S,C150,CESSNA 150,L1P,L
A2EC5A,N288GS,BE20,BEECH 200 Super King Air,L2T,M
A2ED5A,N288SY,E75L,EMBRAER ERJ-170-200 (long wing),L2J,M
A2F25A,N2894M,P28A,PIPER PA-28-140/150/160/180,L1P,L
A2F35A,N29CG,CL60,BOMBARDIER CL-600 Challenger,L2J,M
A2F85A,N29036,J3,PIPER J-3 Cub,L1P,L
A2FC5A,N29159,C172,CESSNA 172 Skyhawk,L1P,L
A2FD5A,N292EP,SA30,STOLP Starduster Too,L1P,L
A3025A,N293TT,C68A,CESSNA 680 Citation Latitude,L2J,M
A3035A,N29324,WACF,WACO F,L1P,L
A3075A,N29447,AR65,AERONCA 65 Super Chief,L1P,L
A30B5A,N2957,SA30,STOLP Starduster Too,L1P,L
A30F5A,N2969C,T34P,BEECH T-34 Mentor,L1P,L
A3195A,N29900,CH7A,BELLANCA 7 Champion,L1P,L
A31B5A,N3HL,C172,CESSNA 172 Skyhawk,L1P,L
A31C5A,N3TS,GL7T,BOMBARDIER BD-700 Global 7000/7500,L2J,M
A31D5A,N30DX,DISC,SCHEMPP-HIRTH Discus,L1P,L
A3225A,N3005A,C170,CESSNA 170,L1P,L
A3265A,N3017D,BALL,,B0-,-
A3285A,N302SK,C310,CESSNA 310,L2P,L
A32A5A,N3029G,P28A,PIPER PA-28-140/150/160/180,L1P,L
A32B5A,N303KB,DRON,,D0-,-
A32D5A,N30339,J3,PIPER J-3 Cub,L1P,L
A32E5A,N304BU,GLID,,L0-,-
A3345A,N30504,J3,PIPER J-3 Cub,L1P,L
A3355A,N3058E,CH7A,BELLANCA 7 Champion,L1P,L
A3385A,N30627,J3,PIPER J-3 Cub,L1P,L
A3395A,N307AG,COL4,CESSNA 400 Corvalis TT,L1P,L
A33C5A,N3075,GLID,,L0-,-
A33D5A,N308DE,B737,BOEING 737-700,L2J,M
A3405A,N3087C,M7,MAULE M-7,L1P,L
A3435A,N30915,C177,CESSNA  177 Cardinal,L1P,L
A3455A,N31KA,PA31,PIPER PA-31-300/310/325/350/425,L2P,L
A34A5A,N31080,BALL,,B0-,-
A34B5A,N311JK,SA30,STOLP Starduster Too,L1P,L
A34D5A,N3113S,TAYD,TAYLORCRAFT DC/DF/DL,L1P,L
A34E5A,N312BB,,,,
A34F5A,N312MH,B407,BELL 407,H1T,L
A3525A,N313E,GLST,GLASAIR SH-4 GlaStar,L1P,L
A3545A,N3130M,PA12,PIPER PA-12 Super Cruiser,L1P,L
A3555A,N3137Y,C182,CESSNA 182 Skylane,L1P,L
A3585A,N3142Q,C182,CESSNA 182 Skylane,L1P,L
A3595A,N31491,AR6T,AERONCA 65 Tandem,L1P,L
A35A5A,N315KW,,,,
A3635A,N3171N,ULAC,,L0-,-
A3655A,N318JJ,FOX,KITFOX,L1P,L
A3675A,N3183R,C182,CESSNA 182 Skylane,L1P,L
A3685A,N319BA,GLID,,L0-,-
A3695A,N319MG,RV6,VANS RV-6,L1P,L
A36B5A,N3195U,C182,CESSNA 182 Skylane,L1P,L
A36C5A,N32DZ,T206,CESSNA T206 Turbo Stationair,L1P,L
A36E5A,N320AK,J3,PIPER J-3 Cub,L1P,L
A3725A,N321DH,A321,AIRBUS A-321,L2J,M
A3735A,N321PP,C182,CESSNA 182 Skylane,L1P,L
A3775A,N322SM,PA23,PIPER PA-23,L2P,L
A3785A,N32218,S10,STINSON 10 Voyager,L1P,L
A37C5A,N3234A,C170,CESSNA 170,L1P,L
A37E5A,N324NB,A319,AIRBUS A-319,L2J,M
A3805A,N3246D,C180,CESSNA  180 Skywagon,L1P,L
A3825A,N325R,SHEK,RANS S-16 Shekari,L1P,L
A3835A,N32506,P28A,PIPER PA-28-140/150/160/180,L1P,L
A3845A,N3258G,T6,NORTH AMERICAN T-6 Texan,L1P,L
A3875A,N32629,J3,PIPER J-3 Cub,L1P,L
A3885A,N327AJ,S22T,CIRRUS SR-22T Turbo,L1P,L
A38C5A,N328DG,,,,
A38F5A,N3287E,C172,CESSNA 172 Skyhawk,L1P,L
A3905A,N329GE,S22T,CIRRUS SR-22T Turbo,L1P,L
A3915A,N329SL,B38M,BOEING 737 MAX 8,L2J,M
A3945A,N33KC,BE30,BEECH 300 Super King Air,L2T,L
A3975A,N330RV,RV3,VANS RV-3,L1P,L
A3985A,N3301R,C182,CESSNA 182 Skylane,L1P,L
A3995A,N33082,J5,PIPER J-5 Cub Cruiser,L1P,L
A39A5A,N331JM,J3,PIPER J-3 Cub,L1P,L
A39C5A,N3313U,C182,CESSNA 182 Skylane,L1P,L
A39D5A,N332BD,R44,ROBINSON R-44 Raven,H1P,L
A39E5A,N332MK,P28A,PIPER PA-28-140/150/160/180,L1P,L
A3A15A,N333EB,C550,CESSNA 550 Citation S2,L2J,L
A3AD5A,N336NW,A320,AIRBUS A-320,L2J,M
A3AF5A,N3366Y,C182,CESSNA 182 Skylane,L1P,L
A3B65A,N3383T,C177,CESSNA  177 Cardinal,L1P,L
A3B75A,N339BC,,,,
A3BA5A,N3395W,PA32,PIPER PA-32,L1P,L
A3BB5A,N34EA,A37,Cessna 318 Dragonfly,L2J,L
A3BD5A,N340AM,C340,CESSNA 340 Super,L2P,L
A3C45A,N3417H,H269,HUGHES Sky Knight,H1P,L
A3C65A,N342SP,LJ45,LEARJET 45,L2J,M
A3C75A,N3422,T206,CESSNA T206 Turbo Stationair,L1P,L
A3CB5A,N3434C,,,,
A3D15A,N345RB,,,,
A3D75A,N347AL,PA11,PIPER PA-11 Cub Special,L1P,L
A3D85A,N347LS,C82S,CESSNA T182 Turbo Skylane,L1P,L
A3DB5A,N348DJ,GLF4,GULFSTREAM 4,L2J,M
A3DC5A,N348PQ,CRJ9,BOMBARDIER Regional Jet CRJ-900,L2J,M
A3E45A,N35VL,LGEZ,RUTAN Long-EZ,L1P,L
A3E55A,N350FR,A20N,AIRBUS A-320neo,L2J,M
A3E65A,N350RX,CL35,BOMBARDIER BD-100 Challenger 350,L2J,M
A3E95A,N351JP,BE58,BEECH 58 Baron,L2P,L
A3EB5A,N3513W,PA32,PIPER PA-32,L1P,L
A3ED5A,N352MM,SR22,CIRRUS SR-22,L1P,L
A3EF5A,N3525Z,PA22,PIPER PA-22,L1P,L
A3F25A,N3530R,BE23,BEECH 23 Sundowner,L1P,L
A3F65A,N3542U,C182,CESSNA 182 Skylane,L1P,L
A3F75A,N35495,C77R,CESSNA 177RG Cardinal RG,L1P,L
A4005A,N357RW,FOX,KITFOX,L1P,L
A4015A,N3571S,C172,CESSNA 172 Skyhawk,L1P,L
A4025A,N35783,J3,PIPER J-3 Cub,L1P,L
A4055A,N3583V,J3,PIPER J-3 Cub,L1P,L
A40A5A,N36EC,ERCO,AIR PRODUCTS F-1 Aircoupe,L1P,L
A4105A,N361DM,BE36,BEECH 36 Bonanza,L1P,L
A4155A,N362SR,SR22,CIRRUS SR-22,L1P,L
A4165A,N3622B,GLID,,L0-,-
A4175A,N3629N,G164,GRUMMAN G-164 Ag-Cat,L1P,L
A4195A,N363VP,C25A,CESSNA 525A Citation CJ2,L2J,L
A41B5A,N364C,C182,CESSNA 182 Skylane,L1P,L
A41E5A,N3646H,AEST,AEROSTAR 600,L2P,L
A4225A,N3658L,C172,CESSNA 172 Skyhawk,L1P,L
A4285A,N367X,M5,MAULE M-5,L1P,L
A42D5A,N3687J,C150,CESSNA 150,L1P,L
A4305A,N3692A,BE35,BEECH 35 Starfire Bonanza,L1P,L
A4315A,N3699M,P28A,PIPER PA-28-140/150/160/180,L1P,L
A4365A,N3701V,C140,CESSNA 140,L1P,L
A43B5A,N372BH,C172,CESSNA 172 Skyhawk,L1P,L
A43F5A,N373EF,F2TH,DASSAULT Falcon 2000,L2J,M
A4415A,N3730T,P28R,PIPER PA-28R-180/200/201,L1P,L
A4455A,N3742W,PA32,PIPER PA-32,L1P,L
A45E5A,N3805J,C150,CESSNA 150,L1P,L
A4655A,N3822D,C182,CESSNA 182 Skylane,L1P,L
A4665A,N3829Q,C172,CESSNA 172 Skyhawk,L1P,L
A4675A,N383KK,GLF4,GULFSTREAM 4,L2J,M
A46A5A,N384CB,BALL,,B0-,-
A46D5A,N3846K,,,,
A46E5A,N385F,,,,
A4715A,N3858N,BE35,BEECH 35 Starfire Bonanza,L1P,L
A4785A,N3875H,M20P,MOONEY M-20,L1P,L
A4795A,N388DN,A321,AIRBUS A-321,L2J,M
A47C5A,N3887L,C172,CESSNA 172 Skyhawk,L1P,L
A4805A,N3899P,PA18,PIPER PA-18 Super Cub,L1P,L
A4815A,N39KJ,LJ45,LEARJET 45,L2J,M
A4845A,N390SA,PRM1,RAYTHEON 390 Premier 1,L2J,L
A4855A,N3901X,VO10,NORTH AMERICAN ROCKWELL Commander 100,L1P,L
A4935A,N394TM,AT6T,AIR TRACTOR AT-602,L1T,L
A4985A,N39541,P32R,PIPER PA-32R-300/301/301T,L1P,L
A4995A,N396CW,PA18,PIPER PA-18 Super Cub,L1P,L
A49F5A,N3971W,PA32,PIPER PA-32,L1P,L
A4A05A,N39787,LA4,LAKE LA-4/200,A1P,L
A4A35A,N3983Z,PA18,PIPER PA-18 Super Cub,L1P,L
A4A95A,N4QN,C650,CESSNA 650 Citation,L2J,M
A4AA5A,N40AT,C82R,CESSNA R182 Skylane RG,L1P,L
A4AC5A,N40XE,DA40,DIAMOND DA-40 Club Star,L1P,L
A4AD5A,N400HK,,,,
A4AE5A,N400TR,COL4,CESSNA 400 Corvalis TT,L1P,L
A4AF5A,N40022,,,,
A4B35A,N40145,SS2T,TRUSH Turbo Thrush 500/550,L1T,L
A4BA5A,N40310,,,,
A4BC5A,N404JW,FA10,DASSAULT Falcon 100,L2J,M
A4BD5A,N404VB,R66,ROBINSON R-66,H1T,L
A4BE5A,N40433,BALL,,B0-,-
A4C45A,N406QS,E55P,EMBRAER EMB-505 Phenom 300,L2J,M
A4C65A,N40679,P28R,PIPER PA-28R-180/200/201,L1P,L
A4CC5A,N408WN,B737,BOEING 737-700,L2J,M
A4CD5A,N40844,ACAM,LEZA Air Cam,L2P,L
A4D15A,N40967,P28R,PIPER PA-28R-180/200/201,L1P,L
A4D35A,N41SC,GLF4,GULFSTREAM 4,L2J,M
A4D95A,N411RM,SIDE,SMYTH Sidewinder,L1P,L
A4DA5A,N4111H,PA12,PIPER PA-12 Super Cruiser,L1P,L
A4DB5A,N4118U,C150,CESSNA 150,L1P,L
A4DC5A,N412JD,GLF4,GULFSTREAM 4,L2J,M
A4DF5A,N413AW,CRJ2,BOMBARDIER Regional Jet CRJ-200,L2J,M
A4E05A,N413MB,H500,HUGHES 500,H1T,L
A4E55A,N4140F,C172,CESSNA 172 Skyhawk,L1P,L
A4E65A,N4147S,BE33,BEECH 33 Bonanza,L1P,L
A4E75A,N415GS,RV8,VANS RV-8,L1P,L
A4E95A,N4152J,P28A,PIPER PA-28-140/150/160/180,L1P,L
A4ED5A,N4164M,BALL,,B0-,-
A4EE5A,N417CG,EA50,ECLIPSE 550,L2J,L
A4F35A,N418RL,WAIX,SONEX Waiex,L1P,L
A4F55A,N4188T,P28A,PIPER PA-28-140/150/160/180,L1P,L
A4F65A,N419JC,PA18,PIPER PA-18 Super Cub,L1P,L
A4F85A,N4193K,NAVI,NORTH AMERICAN Navion,L1P,L
A4F95A,N42AV,C82R,CESSNA R182 Skylane RG,L1P,L
A4FA5A,N42MA,GLAS,Glasair,L1P,L
A4FB5A,N42XG,RAF2,ROTARY AIR FORCE RAF-2000,G1P,L
A4FC5A,N420HM,,,,
A4FD5A,N420TT,HDJT,HONDA HondaJet,L2J,L
A4FE5A,N42024,C172,CESSNA 172 Skyhawk,L1P,L
A5005A,N421LK,C421,CESSNA 421 Executive Commuter,L2P,L
A5035A,N422DB,BE36,BEECH 36 Bonanza,L1P,L
A5045A,N422PH,B407,BELL 407,H1T,L
A5095A,N42312,,,,
A50D5A,N42435,ULAC,,L0-,-
A5115A,N42558,J3,PIPER J-3 Cub,L1P,L
A5175A,N427TS,J3,PIPER J-3 Cub,L1P,L
A5185A,N42723,J3,PIPER J-3 Cub,L1P,L
A5195A,N428AC,CH7B,BELLANCA 7 Citabria,L1P,L
A51D5A,N429DA,P46T,PIPER PA-46-500TP,L1T,L
A5225A,N43SE,DA40,DIAMOND DA-40 Club Star,L1P,L
A5245A,N430NR,UH12,HILLER UH-12,H1P,L
A5255A,N430YX,E75L,EMBRAER ERJ-170-200 (long wing),L2J,M
A5265A,N4306T,P28R,PIPER PA-28R-180/200/201,L1P,L
A5285A,N431RP,RV7,VANS RV-7,L1P,L
A5315A,N4335R,C172,CESSNA 172 Skyhawk,L1P,L
A5325A,N434DW,RV7,VANS RV-7,L1P,L
A5345A,N4340H,PA15,PIPER PA-15 Vagabond,L1P,L
A5355A,N4347U,C150,CESSNA 150,L1P,L
A5395A,N4359X,P28A,PIPER PA-28-140/150/160/180,L1P,L
A53C5A,N4364P,PA18,PIPER PA-18 Super Cub,L1P,L
A5405A,N4376S,PA32,PIPER PA-32,L1P,L
A5425A,N438RN,ULAC,,L0-,-
A5435A,N4381J,P28A,PIPER PA-28-140/150/160/180,L1P,L
A5445A,N4388V,C195,CESSNA 195,L1P,L
A5495A,N44MC,,,,
A54A5A,N44XJ,BE58,BEECH 58 Baron,L2P,L
A54B5A,N440HP,,,,
A54D5A,N44026,,,,
A5505A,N441WT,C441,CESSNA 441 Conquest,L2T,L
A5525A,N442DD,CRUZ,CSA PS-28 Cruiser,L1P,L
A5555A,N4427B,C170,CESSNA 170,L1P,L
A5575A,N443SH,R44,ROBINSON R-44 Raven,H1P,L
A5585A,N44314,P28A,PIPER PA-28-140/150/160/180,L1P,L
A5645A,N4468C,C195,CESSNA 195,L1P,L
A5685A,N448AE,AS50,AEROSPATIALE AS-350 Ecureuil,H1T,L
A5695A,N448LL,C25A,CESSNA 525A Citation CJ2,L2J,L
A56B5A,N44848,N3N,NAVAL AIRCRAFT FACTORY N3N,L1P,L
A56F5A,N4497A,PA18,PIPER PA-18 Super Cub,L1P,L
A5715A,N45SG,RV8,VANS RV-8,L1P,L
A5725A,N450CM,C25C,CESSNA 525C Citation CJ4,L2J,M
A5755A,N4506V,P28A,PIPER PA-28-140/150/160/180,L1P,L
A5785A,N4511M,PA11,PIPER PA-11 Cub Special,L1P,L
A57A5A,N452JH,,,,
A57B5A,N452UP,B752,BOEING 757-200,L2J,M
A57E5A,N453MF,M20P,MOONEY M-20,L1P,L
A5805A,N4535T,P28A,PIPER PA-28-140/150/160/180,L1P,L
A5865A,N455TB,C310,CESSNA 310,L2P,L
A5935A,N4588X,P28A,PIPER PA-28-140/150/160/180,L1P,L
A5975A,N46AZ,RV3,VANS RV-3,L1P,L
A5985A,N46ME,P46T,PIPER PA-46-500TP,L1T,L
A59C5A,N46028,C172,CESSNA 172 Skyhawk,L1P,L
A5A45A,N4627D,BE35,BEECH 35 Starfire Bonanza,L1P,L
A5A65A,N463SK,R44,ROBINSON R-44 Raven,H1P,L
A5A95A,N464KB,S22T,CIRRUS SR-22T Turbo,L1P,L
A5AD5A,N465N,BE65,BEECH 65 Queen Air,L2P,L
A5B55A,N467TW,B732,BOEING 737-200,L2J,M
A5B75A,N468AG,RV8,VANS RV-8,L1P,L
A5BB5A,N469DE,C550,CESSNA 550 Citation S2,L2J,L
A5BC5A,N469PL,RV7,VANS RV-7,L1P,L
A5BE5A,N4697C,C170,CESSNA 170,L1P,L
A5C05A,N47SJ,DC3,DOUGLAS DC-3 Dakota,L2P,M
A5C15A,N470CP,GA8,GIPPSAERO GA-8 Airvan,L1P,L
A5C45A,N4706X,C150,CESSNA 150,L1P,L
A5CD5A,N473MH,B47G,BELL 47G,H1P,L
A5CF5A,N4735V,C180,CESSNA  180 Skywagon,L1P,L
A5D25A,N4740M,PA11,PIPER PA-11 Cub Special,L1P,L
A5D55A,N475TD,RV10,VANS RV-10,L1P,L
A5D65A,N4752Q,C185,CESSNA 185 Skywagon,L1P,L
A5DD5A,N477Z,PARA,,P0-,-
A5DF5A,N478FL,P28A,PIPER PA-28-140/150/160/180,L1P,L
A5E05A,N478RS,CAMP,GREGA GN-1 Aircamper,L1P,L
A5E35A,N479JJ,RV4,VANS RV-4,L1P,L
A5E65A,N48BA,AC90,NORTH AMERICAN ROCKWELL Turbo Commander 690/840,L2T,L
A5E75A,N48MG,MONI,MONNETT Moni,L1P,L
A5EB5A,N4803,HUSK,CHRISTEN Husky,L1P,L
A5EF5A,N4815C,C172,CESSNA 172 Skyhawk,L1P,L
A5F05A,N482DH,DH82,DE HAVILLAND DH-82 Tiger Moth,L1P,L
A5F35A,N4827F,P32R,PIPER PA-32R-300/301/301T,L1P,L
A5F45A,N483GF,GLID,,L0-,-
A5F75A,N4839J,BE35,BEECH 35 Starfire Bonanza,L1P,L
A5FE5A,N4856D,C172,CESSNA 172 Skyhawk,L1P,L
A6015A,N48606,,,,
A6065A,N488AJ,SR22,CIRRUS SR-22,L1P,L
A6095A,N4885B,C310,CESSNA 310,L2P,L
A60D5A,N4897E,C172,CESSNA 172 Skyhawk,L1P,L
A6155A,N491RV,LJ35,LEARJET 35,L2J,M
A6215A,N4940P,PA23,PIPER PA-23,L2P,L
A6225A,N49470,C152,CESSNA 152,L1P,L
A6235A,N495H,RV10,VANS RV-10,L1P,L
A6255A,N4952S,CH7B,BELLANCA 7 Citabria,L1P,L
A6355A,N5BC,GALX,GULFSTREAM G200,L2J,M
A6375A,N5XQ,ST75,STEARMAN Kaydet,L1P,L
A6385A,N50HV,BE20,BEECH 200 Super King Air,L2T,M
A63C5A,N5000T,H269,HUGHES Sky Knight,H1P,L
A63D5A,N50074,,,,
A6405A,N5012W,P28A,PIPER PA-28-140/150/160/180,L1P,L
A6465A,N503P,BE20,BEECH 200 Super King Air,L2T,M
A64B5A,N5041U,BL8,BELLANCA 8 Decathlon,L1P,L
A64C5A,N50485,C172,CESSNA 172 Skyhawk,L1P,L
A6535A,N50650,BE17,BEECH 17 Staggerwing,L1P,L
A6565A,N5070S,AT3P,AIR TRACTOR AT-301/401,L1P,L
A6595A,N508TJ,B429,BELL 429 GlobalRanger,H2T,L
A65A5A,N5082V,MOR2,MORRISEY Nifty,L1P,L
A65B5A,N50896,C150,CESSNA 150,L1P,L
A65E5A,N5094Y,G103,GROB G-103 Twin 3SL,L1P,L
A65F5A,N51CT,M20P,MOONEY M-20,L1P,L
A6625A,N510KK,SS2T,TRUSH Turbo Thrush 500/550,L1T,L
A6685A,N5116K,NAVI,NORTH AMERICAN Navion,L1P,L
A6695A,N512F,BE40,BEECH 400 Beechjet,L2J,M
A66C5A,N5128N,AT3T,AIR TRACTOR AT-302/402,L1T,L
A6725A,N514XB,,,,
A6735A,N5145H,PA14,PIPER PA-14 Family Cruiser,L1P,L
A6745A,N515DN,A359,AIRBUS A-350-900,L2J,H
A6755A,N515PU,P28A,PIPER PA-28-140/150/160/180,L1P,L
A6765A,N5150,RLU1,RLU Super Breezy,L1P,L
A67C5A,N517KJ,C25B,CESSNA 525B Citation CJ3,L2J,L
A67F5A,N518CA,C172,CESSNA 172 Skyhawk,L1P,L
A6825A,N5186J,H500,HUGHES 500,H1T,L
A6865A,N5198M,BE23,BEECH 23 Sundowner,L1P,L
A68C5A,N52076,C77R,CESSNA 177RG Cardinal RG,L1P,L
A68E5A,N521TM,C550,CESSNA 550 Citation S2,L2J,L
A68F5A,N5212Y,C162,CESSNA 162 Skycatcher,L1P,L
A6905A,N52199,C180,CESSNA  180 Skywagon,L1P,L
A6935A,N52241,C172,CESSNA 172 Skyhawk,L1P,L
A6945A,N523CW,P28A,PIPER PA-28-140/150/160/180,L1P,L
A6975A,N52364,C172,CESSNA 172 Skyhawk,L1P,L
A69B5A,N52487,C182,CESSNA 182 Skylane,L1P,L
A69C5A,N525JS,BD5,BEDE BD-5B/D/G,L1P,L
A6A25A,N52652,ST75,STEARMAN Kaydet,L1P,L
A6A65A,N52775,C182,CESSNA 182 Skylane,L1P,L
A6A75A,N528HE,SR22,CIRRUS SR-22,L1P,L
A6A95A,N5282X,CH7A,BELLANCA 7 Champion,L1P,L
A6AB5A,N529LC,CL35,BOMBARDIER BD-100 Challenger 350,L2J,M
A6AD5A,N52940,C182,CESSNA 182 Skylane,L1P,L
A6AE5A,N53CV,B350,BEECHCRAFT Super King Air 350,L2T,M
A6AF5A,N53PA,PA22,PIPER PA-22,L1P,L
A6B35A,N5304J,KR2,RAND KR-2,L1P,L
A6B45A,N531CD,SR22,CIRRUS SR-22,L1P,L
A6B55A,N531NK,A319,AIRBUS A-319,L2J,M
A6BF5A,N534AS,B738,BOEING 737-800,L2J,M
A6C45A,N535PW,BE36,BEECH 36 Bonanza,L1P,L
A6C55A,N5350B,C182,CESSNA 182 Skylane,L1P,L
A6C65A,N5357N,P28A,PIPER PA-28-140/150/160/180,L1P,L
A6CA5A,N5369R,C72R,CESSNA 172R Cutlass RG,L1P,L
A6CE5A,N538CC,B734,BOEING 737-400,L2J,M
A6D55A,N5398P,PA24,PIPER PA-24 Comanche,L1P,L
A6DE5A,N54120,C172,CESSNA 172 Skyhawk,L1P,L
A6DF5A,N542A,P28A,PIPER PA-28-140/150/160/180,L1P,L
A6E25A,N54243,TAYD,TAYLORCRAFT DC/DF/DL,L1P,L
A6E45A,N543PD,C25B,CESSNA 525B Citation CJ3,L2J,L
A6E85A,N544SB,R44,ROBINSON R-44 Raven,H1P,L
A6EC5A,N545V,BE35,BEECH 35 Starfire Bonanza,L1P,L
A6ED5A,N54531,C172,CESSNA 172 Skyhawk,L1P,L
A6F05A,N546XY,,,,
A6F45A,N5470W,P28A,PIPER PA-28-140/150/160/180,L1P,L
A6F55A,N54777,ST75,STEARMAN Kaydet,L1P,L
A6FD5A,N55CX,PA11,PIPER PA-11 Cub Special,L1P,L
A6FE5A,N55PC,BE20,BEECH 200 Super King Air,L2T,M
A7035A,N551CF,P51,NORTH AMERICAN P-51 Mustang,L1P,L
A7065A,N5516P,ULAC,,L0-,-
A7095A,N5521F,P28A,PIPER PA-28-140/150/160/180,L1P,L
A70A5A,N5528S,C182,CESSNA 182 Skylane,L1P,L
A70B5A,N553JB,R44,ROBINSON R-44 Raven,H1P,L
A70F5A,N554M,,,,
A7115A,N5545M,VO10,NORTH AMERICAN ROCKWELL Commander 100,L1P,L
A7125A,N555DS,C550,CESSNA 550 Citation S2,L2J,L
A7145A,N5550D,BE35,BEECH 35 Starfire Bonanza,L1P,L
A7185A,N5562G,C150,CESSNA 150,L1P,L
A7235A,N5591E,C150,CESSNA 150,L1P,L
A7245A,N5598R,C172,CESSNA 172 Skyhawk,L1P,L
A7255A,N56JA,LJ35,LEARJET 35,L2J,M
A72E5A,N562AB,C172,CESSNA 172 Skyhawk,L1P,L
A7315A,N56245,ST75,STEARMAN Kaydet,L1P,L
A7325A,N563D,HUSK,CHRISTEN Husky,L1P,L
A7355A,N56368,PA34,PIPER PA-34 Seneca,L2P,L
A7385A,N56410,P28R,PIPER PA-28R-180/200/201,L1P,L
A7395A,N5649A,C172,CESSNA 172 Skyhawk,L1P,L
A7405A,N56656,ST75,STEARMAN Kaydet,L1P,L
A7425A,N567QS,C68A,CESSNA 680 Citation Latitude,L2J,M
A7475A,N56821,P28A,PIPER PA-28-140/150/160/180,L1P,L
A7495A,N569LG,C208,CESSNA 208 Caravan,L1T,L
A74A5A,N569WN,B737,BOEING 737-700,L2J,M
A74B5A,N56944,,,,
A74D5A,N57PE,BE30,BEECH 300 Super King Air,L2T,L
A74F5A,N570KR,BALL,,B0-,-
A7515A,N5704N,,,,
A7525A,N571CH,G280,GULFSTREAM G280,L2J,M
A7555A,N5716R,C172,CESSNA 172 Skyhawk,L1P,L
A7595A,N5728U,P28A,PIPER PA-28-140/150/160/180,L1P,L
A75D5A,N574AW,H46,BOEING-VERTOL CH-46 Sea Knight,H2T,M
A7605A,N5745P,PA24,PIPER PA-24 Comanche,L1P,L
A7645A,N5757S,GLID,,L0-,-
A7675A,N5762J,T210,CESSNA T210 Turbo Centurion,L1P,L
A76D5A,N578NN,CRJ9,BOMBARDIER Regional Jet CRJ-900,L2J,M
A76F5A,N5786Q,M20P,MOONEY M-20,L1P,L
A7705A,N579FE,MD11,MCDONNELL-DOUGLAS MD-11,L3J,H
A7735A,N5798T,C172,CESSNA 172 Skyhawk,L1P,L
A7795A,N5808B,M20P,MOONEY M-20,L1P,L
A77C5A,N58124,B47G,BELL 47G,H1P,L
A77D5A,N582AD,,,,
A7865A,N584SF,C172,CESSNA 172 Skyhawk,L1P,L
A7885A,N5849C,C402,CESSNA 402 Businessliner,L2P,L
A78F5A,N58658,C182,CESSNA 182 Skylane,L1P,L
A7925A,N58700,ST75,STEARMAN Kaydet,L1P,L
A7965A,N58823,C182,CESSNA 182 Skylane,L1P,L
A7985A,N589LJ,C750,CESSNA 750 Citation 10,L2J,M
A79B5A,N59DA,C414,CESSNA 414 Chancellor,L2P,L
A79C5A,N59PG,C172,CESSNA 172 Skyhawk,L1P,L
A7A05A,N5904Q,M20P,MOONEY M-20,L1P,L
A7A15A,N591CK,PA18,PIPER PA-18 Super Cub,L1P,L
A7AD5A,N594MD,VEZE,RUTAN VariEze,L1P,L
A7AF5A,N5945R,C172,CESSNA 172 Skyhawk,L1P,L
A7B05A,N595DW,RV9,VANS RV-9,L1P,L
A7B55A,N596T,BE35,BEECH 35 Starfire Bonanza,L1P,L
A7B75A,N5969X,LNP4,LANCAIR PropJet 4,L1T,L
A7BA5A,N5974P,PA24,PIPER PA-24 Comanche,L1P,L
A7BB5A,N598CJ,GLID,,L0-,-
A7C15A,N5991J,C150,CESSNA 150,L1P,L
A7C25A,N5998V,P28A,PIPER PA-28-140/150/160/180,L1P,L
A7C35A,N6JE,A109,AGUSTA AW-109 Grand,H2T,L
A7C45A,N6UL,B06,BELL 206 JetRanger,H1T,L
A7C75A,N600BB,BE58,BEECH 58 Baron,L2P,L
A7C85A,N600MH,DHC6,DE HAVILLAND DHC-6 Twin Otter,L2T,L
A7C95A,N600XP,C172,CESSNA 172 Skyhawk,L1P,L
A7CD5A,N6010M,S108,STINSON 108 Voyager,L1P,L
A7CE5A,N6017Y,PA23,PIPER PA-23,L2P,L
A7D05A,N602TD,DRON,,D0-,-
A7D35A,N603KW,B762,BOEING 767-200,L2J,H
A7D85A,N604Z,CL60,BOMBARDIER CL-600 Challenger,L2J,M
A7D95A,N6046W,BE23,BEECH 23 Sundowner,L1P,L
A7DB5A,N605RS,GLAS,Glasair,L1P,L
A7DC5A,N6051N,T210,CESSNA T210 Turbo Centurion,L1P,L
A7DD5A,N6058Z,PA25,PIPER PA-25 Pawnee,L1P,L
A7E05A,N6063R,C172,CESSNA 172 Skyhawk,L1P,L
A7E75A,N6080L,AA5,AMERICAN AA-5 Tiger,L1P,L
A7EE5A,N61WA,S22T,CIRRUS SR-22T Turbo,L1P,L
A7F05A,N610SM,ASTR,GULFSTREAM AEROSPACE Gulfstream G100,L2J,M
A7F15A,N61018,BE24,BEECH 24 Sierra,L1P,L
A7F65A,N612BW,WAIX,SONEX Waiex,L1P,L
A7F85A,N612YH,DRON,,D0-,-
A7F95A,N6126D,PA22,PIPER PA-22,L1P,L
A7FB5A,N613R,E55P,EMBRAER EMB-505 Phenom 300,L2J,M
A7FD5A,N6138G,C150,CESSNA 150,L1P,L
A8005A,N61429,P51,NORTH AMERICAN P-51 Mustang,L1P,L
A8015A,N615AJ,C560,CESSNA 560 Citation Ultra,L2J,M
A8045A,N6155B,C182,CESSNA 182 Skylane,L1P,L
A8055A,N616DG,DG1T,DG FLUGZEUGBAU DG-1001T,L1P,L
A8085A,N6167E,C150,CESSNA 150,L1P,L
A80C5A,N6179H,C152,CESSNA 152,L1P,L
A80F5A,N6184,SPUP,SOPWITH Pup Replica,L1P,L
A8145A,N62ET,,,,
A8175A,N620MK,ULAC,,L0-,-
A81C5A,N6210P,PA24,PIPER PA-24 Comanche,L1P,L
A81E5A,N622H,,,,
A81F5A,N622TF,C560,CESSNA 560 Citation Ultra,L2J,M
A8205A,N6222S,P28R,PIPER PA-28R-180/200/201,L1P,L
A8215A,N62293,H269,HUGHES Sky Knight,H1P,L
A8245A,N6234V,RV4,VANS RV-4,L1P,L
A82B5A,N6251Q,C152,CESSNA 152,L1P,L
A82D5A,N626JL,RV8,VANS RV-8,L1P,L
A8305A,N627BC,C550,CESSNA 550 Citation S2,L2J,L
A83A5A,N6292R,C72R,CESSNA 172R Cutlass RG,L1P,L
A83B5A,N62992,PA31,PIPER PA-31-300/310/325/350/425,L2P,L
A83F5A,N630SP,B350,BEECHCRAFT Super King Air 350,L2T,M
A8415A,N6309L,,,,
A8445A,N6314C,T210,CESSNA T210 Turbo Centurion,L1P,L
A8465A,N632ND,P28A,PIPER PA-28-140/150/160/180,L1P,L
A8485A,N6326F,C172,CESSNA 172 Skyhawk,L1P,L
A84C5A,N6338J,P28A,PIPER PA-28-140/150/160/180,L1P,L
A85A5A,N63719,BALL,,B0-,-
A85B5A,N6379K,C150,CESSNA 150,L1P,L
A8625A,N6396E,C82R,CESSNA R182 Skylane RG,L1P,L
A8645A,N64RA,UH1,BELL UH-1 Huey,H1T,L
A8675A,N640XT,DRON,,D0-,-
A86C5A,N64172,FA62,FAIRCHILD M-26 Cornell,L1P,L
A86E5A,N642TH,C172,CESSNA 172 Skyhawk,L1P,L
A8795A,N645RW,E170,EMBRAER ERJ-170-100,L2J,M
A87E5A,N6463V,COUR,HELIO Courier,L1P,L
A8855A,N6480Q,M20P,MOONEY M-20,L1P,L
A8885A,N649TG,RV6,VANS RV-6,L1P,L
A8895A,N6492T,C150,CESSNA 150,L1P,L
A88B5A,N65KZ,E55P,EMBRAER EMB-505 Phenom 300,L2J,M
A88D5A,N650GK,CL60,BOMBARDIER CL-600 Challenger,L2J,M
A88E5A,N650SR,SR22,CIRRUS SR-22,L1P,L
A8915A,N651KH,DRON,,D0-,-
A8945A,N652C,AVID,AVID Flyer,L1P,L
A89B5A,N6538L,,,,
A8A15A,N655X,PL9,PAZMANY PL-9 Stork,L1P,L
A8A25A,N6555F,C150,CESSNA 150,L1P,L
A8A45A,N656PS,C550,CESSNA 550 Citation S2,L2J,L
A8B25A,N66EX,E300,EXTRA EA-300/330/350,L1P,L
A8B35A,N66RC,PA23,PIPER PA-23,L2P,L
A8B75A,N66051,B764,BOEING 767-400,L2J,H
A8BB5A,N66174,C172,CESSNA 172 Skyhawk,L1P,L
A8BE5A,N6622W,P28A,PIPER PA-28-140/150/160/180,L1P,L
A8C85A,N665RY,T6,NORTH AMERICAN T-6 Texan,L1P,L
A8C95A,N6651U,M20P,MOONEY M-20,L1P,L
A8CA5A,N66585,BT36,BEECH B36TC Bonanza,L1P,L
A8D25A,N668EE,C25A,CESSNA 525A Citation CJ2,L2J,L
A8D75A,N669TJ,RV9,VANS RV-9,L1P,L
A8D85A,N6692V,BL17,BELLANCA 17 Viking,L1P,L
A8DE5A,N6702D,BE23,BEECH 23 Sundowner,L1P,L
A8DF5A,N6709Q,BT36,BEECH B36TC Bonanza,L1P,L
A8ED5A,N6743E,C175,CESSNA 175 Skylark,L1P,L
A8F85A,N6772C,BE58,BEECH 58 Baron,L2P,L
A8FC5A,N6784F,P28A,PIPER PA-28-140/150/160/180,L1P,L
A8FD5A,N679CA,CRJ9,BOMBARDIER Regional Jet CRJ-900,L2J,M
A9005A,N6796J,P28A,PIPER PA-28-140/150/160/180,L1P,L
A9065A,N68053,DC10,MCDONNELL DOUGLAS DC-10,L3J,H
A9095A,N6810V,M20P,MOONEY M-20,L1P,L
A90C5A,N682TM,HDJT,HONDA HondaJet,L2J,L
A9175A,N685S,C207,CESSNA 207 Turbo Stationair,L1P,L
A9185A,N6851W,BALL,,B0-,-
A9205A,N68752,C402,CESSNA 402 Businessliner,L2P,L
A9295A,N69LC,BE58,BEECH 58 Baron,L2P,L
A92A5A,N69WJ,,,,
A92F5A,N691KM,C182,CESSNA 182 Skylane,L1P,L
A9315A,N6914J,P28A,PIPER PA-28-140/150/160/180,L1P,L
A9335A,N692NK,A320,AIRBUS A-320,L2J,M
A9355A,N6926M,S108,STINSON 108 Voyager,L1P,L
A9385A,N6931D,PA22,PIPER PA-22,L1P,L
A93C5A,N6943G,C150,CESSNA 150,L1P,L
A9405A,N6955K,BALL,,B0-,-
A9445A,N6967N,T210,CESSNA T210 Turbo Centurion,L1P,L
A9465A,N697SU,R44,ROBINSON R-44 Raven,H1P,L
A9475A,N6972E,C175,CESSNA 175 Skylark,L1P,L
A9485A,N6979R,S64,SIKORSKY S-64 Skycrane,H2T,M
A94C5A,N699CC,BE9L,BEECH 90 King Air,L2T,L
A9525A,N70BM,TB20,SOCATA TB-20 Trinidad,L1P,L
A9555A,N700JD,F2TH,DASSAULT Falcon 2000,L2J,M
A9595A,N701MB,SR22,CIRRUS SR-22,L1P,L
A95B5A,N7015P,ULAC,,L0-,-
A95E5A,N7020F,PA34,PIPER PA-34 Seneca,L2P,L
A9645A,N704KQ,C150,CESSNA 150,L1P,L
A9675A,N705CG,C182,CESSNA 182 Skylane,L1P,L
A96A5A,N7056Q,C172,CESSNA 172 Skyhawk,L1P,L
A96E5A,N7068T,PULS,Pulsar,L1P,L
A96F5A,N707JC,CL30,BOMBARDIER BD-100 Challenger 300,L2J,M
A9705A,N707UJ,C172,CESSNA 172 Skyhawk,L1P,L
A9715A,N7073K,C172,CESSNA 172 Skyhawk,L1P,L
A9735A,N708MA,BE58,BEECH 58 Baron,L2P,L
A9795A,N7097R,P28A,PIPER PA-28-140/150/160/180,L1P,L
A97A5A,N71GR,BE58,BEECH 58 Baron,L2P,L
A97F5A,N7107,,,,
A9805A,N711G,,,,
A9815A,N711SF,PTS2,PITTS S-2 Special,L1P,L
A9865A,N71235,BALL,,B0-,-
A9885A,N713MW,DV20,DIAMOND DA-20,L1P,L
A98D5A,N71400,C182,CESSNA 182 Skylane,L1P,L
A98E5A,N7148A,R22,ROBINSON R-22 Mariner,H1P,L
A98F5A,N715HL,PC12,PILATUS PC-12,L1T,L
A9905A,N715TS,GLEX,BOMBARDIER BD-700 Global 6000/6500,L2J,M
A9915A,N71523,L8,LUSCOMBE 8,L1P,L
A9925A,N716AC,BL8,BELLANCA 8 Decathlon,L1P,L
A9965A,N717DA,AT8T,AIR TRACTOR AT-802,L1T,M
A9975A,N717PG,SR22,CIRRUS SR-22,L1P,L
A9995A,N71769,C182,CESSNA 182 Skylane,L1P,L
A99B5A,N718SE,CRER,RANS Courier,L1P,L
A99C5A,N71811,C182,CESSNA 182 Skylane,L1P,L
A99F5A,N719VC,,,,
A9A65A,N7203N,BE35,BEECH 35 Starfire Bonanza,L1P,L
A9A85A,N721MD,EDGE,ZIVKO Edge 540,L1P,L
A9AA5A,N7215R,BE95,BEECH 95 Travel Air,L2P,L
A9AB5A,N722DW,RV7,VANS RV-7,L1P,L
A9AD5A,N7220H,BE58,BEECH 58 Baron,L2P,L
A9AE5A,N7227U,BE36,BEECH 36 Bonanza,L1P,L
A9B05A,N723T,ULAC,,L0-,-
A9B55A,N7244P,PA24,PIPER PA-24 Comanche,L1P,L
A9B65A,N725CJ,FA10,DASSAULT Falcon 100,L2J,M
A9C05A,N7273M,C72R,CESSNA 172R Cutlass RG,L1P,L
A9C45A,N7285Q,C182,CESSNA 182 Skylane,L1P,L
A9C95A,N73GT,HUSK,CHRISTEN Husky,L1P,L
A9CB5A,N730DD,GLEX,BOMBARDIER BD-700 Global 6000/6500,L2J,M
A9CE5A,N7307B,BE35,BEECH 35 Starfire Bonanza,L1P,L
A9D35A,N732K,C185,CESSNA 185 Skywagon,L1P,L
A9D45A,N732VF,C82S,CESSNA T182 Turbo Skylane,L1P,L
A9D65A,N733BS,C172,CESSNA 172 Skyhawk,L1P,L
A9D85A,N733YD,CH80,ZENAIR CH-801 Stol,L1P,L
A9D95A,N7336,DHC2,DE HAVILLAND DHC-2 Beaver,L1P,L
A9DA5A,N734EQ,C172,CESSNA 172 Skyhawk,L1P,L
A9DC5A,N73402,VALI,CONVAIR Valiant,L1P,L
A9DF5A,N735TU,C182,CESSNA 182 Skylane,L1P,L
A9E05A,N73525,C172,CESSNA 172 Skyhawk,L1P,L
A9E15A,N736AE,C172,CESSNA 172 Skyhawk,L1P,L
A9E25A,N736LL,C172,CESSNA 172 Skyhawk,L1P,L
A9E35A,N736WS,C172,CESSNA 172 Skyhawk,L1P,L
A9E55A,N737DC,C172,CESSNA 172 Skyhawk,L1P,L
A9E65A,N737PJ,C172,CESSNA 172 Skyhawk,L1P,L
A9E85A,N7377A,C172,CESSNA 172 Skyhawk,L1P,L
A9E95A,N738GA,C172,CESSNA 172 Skyhawk,L1P,L
A9EE5A,N739VE,C172,CESSNA 172 Skyhawk,L1P,L
A9EF5A,N73936,B47G,BELL 47G,H1P,L
A9F05A,N74BR,BE36,BEECH 36 Bonanza,L1P,L
A9F25A,N74YC,PA30,PIPER PA-30 Twin Comanche,L2P,L
A9FC5A,N7420K,PA20,PIPER PA-20 Pacer,L1P,L
A9FD5A,N7427W,P28A,PIPER PA-28-140/150/160/180,L1P,L
AA005A,N7432N,C182,CESSNA 182 Skylane,L1P,L
AA035A,N744W,C182,CESSNA 182 Skylane,L1P,L
AA045A,N7444R,P28A,PIPER PA-28-140/150/160/180,L1P,L
AA0C5A,N7468X,C172,CESSNA 172 Skyhawk,L1P,L
AA0D5A,N747JG,RV8,VANS RV-8,L1P,L
AA0E5A,N747UN,DRON,,D0-,-
AA115A,N748ME,PC12,PILATUS PC-12,L1T,L
AA1B5A,N750PM,C185,CESSNA 185 Skywagon,L1P,L
AA1C5A,N750ZT,CH75,ZENAIR CH-750 Cruzer,L1P,L
AA1D5A,N7507D,FOX,KITFOX,L1P,L
AA1F5A,N751SK,CRJ7,BOMBARDIER Regional Jet CRJ-700,L2J,M
AA205A,N75116,SREY,PROGRESSIVE AERODYNE SeaRey,A1P,L
AA215A,N7519G,R44,ROBINSON R-44 Raven,H1P,L
AA245A,N75239,P28A,PIPER PA-28-140/150/160/180,L1P,L
AA285A,N7536B,R22,ROBINSON R-22 Mariner,H1P,L
AA2F5A,N75527,,,,
AA335A,N7565,GLID,,L0-,-
AA345A,N757DE,C152,CESSNA 152,L1P,L
AA365A,N757ZS,C152,CESSNA 152,L1P,L
AA385A,N758GC,C172,CESSNA 172 Skyhawk,L1P,L
AA3B5A,N7589F,CH7A,BELLANCA 7 Champion,L1P,L
AA3C5A,N759KA,C182,CESSNA 182 Skylane,L1P,L
AA3D5A,N759VG,C182,CESSNA 182 Skylane,L1P,L
AA3E5A,N75938,C172,CESSNA 172 Skyhawk,L1P,L
AA3F5A,N76BT,C337,CESSNA 337 Super Skymaster,L2P,L
AA405A,N76MZ,Z42,ZLIN Z-42/142/242,L1P,L
AA445A,N7603S,C182,CESSNA 182 Skylane,L1P,L
AA465A,N761MH,S76,SIKORSKY S-76 Spirit,H2T,L
AA475A,N761XP,H25B,HAWKER BEECHCRAFT Hawker 750/850,L2J,M
AA4F5A,N7632Q,C340,CESSNA 340 Super,L2P,L
AA505A,N76391,C140,CESSNA 140,L1P,L
AA595A,N766RS,GLST,GLASAIR SH-4 GlaStar,L1P,L
AA5C5A,N767JJ,SA30,STOLP Starduster Too,L1P,L
AA5E5A,N7673R,BE23,BEECH 23 Sundowner,L1P,L
AA655A,N7690L,S76,SIKORSKY S-76 Spirit,H2T,L
AA665A,N7697X,C172,CESSNA 172 Skyhawk,L1P,L
AA675A,N77GX,GX,REMOS GX,L1P,L
AA695A,N770DH,RV4,VANS RV-4,L1P,L
AA6E5A,N771SM,C337,CESSNA 337 Super Skymaster,L2P,L
AA6F5A,N77118,B47G,BELL 47G,H1P,L
AA705A,N7719J,PA32,PIPER PA-32,L1P,L
AA735A,N7724A,B737,BOEING 737-700,L2J,M
AA7B5A,N7748G,C150,CESSNA 150,L1P,L
AA835A,N777DG,LNP4,LANCAIR PropJet 4,L1T,L
AA845A,N777PN,BE20,BEECH 200 Super King Air,L2T,M
AA895A,N77817,L8,LUSCOMBE 8,L1P,L
AA8F5A,N78NA,AC90,NORTH AMERICAN ROCKWELL Turbo Commander 690/840,L2T,L
AA935A,N7803U,C172,CESSNA 172 Skyhawk,L1P,L
AA975A,N7815X,C172,CESSNA 172 Skyhawk,L1P,L
AA9A5A,N7820P,PA24,PIPER PA-24 Comanche,L1P,L
AA9B5A,N78270,GC1,GLOBE Swift,L1P,L
AA9E5A,N7832S,B47G,BELL 47G,H1P,L
AAA65A,N7856Y,PA30,PIPER PA-30 Twin Comanche,L2P,L
AAAA5A,N78681,C172,CESSNA 172 Skyhawk,L1P,L
AAB15A,N7885W,P28A,PIPER PA-28-140/150/160/180,L1P,L
AAB75A,N79TE,BE30,BEECH 300 Super King Air,L2T,L
AAB95A,N790PR,M6,MAULE M-6,L1P,L
AABD5A,N791SP,,,,
AAC45A,N793ND,PA44,PIPER PA-44 Seminole,L2P,L
AAC95A,N79408,C182,CESSNA 182 Skylane,L1P,L
AAD25A,N797DJ,C172,CESSNA 172 Skyhawk,L1P,L
AADC5A,N7994B,B412,BELL 412,H2T,L
AADE5A,N8NC,BE95,BEECH 95 Travel Air,L2P,L
AADF5A,N8YJ,B06,BELL 206 JetRanger,H1T,L
AAE25A,N800F,C210,CESSNA 201 Centurion,L1P,L
AAE35A,N800RF,LJ25,LEARJET 25,L2J,L
AAE45A,N8001B,C172,CESSNA 172 Skyhawk,L1P,L
AAE55A,N8008N,P28A,PIPER PA-28-140/150/160/180,L1P,L
AAE85A,N8013E,BALL,,B0-,-
AAED5A,N803DN,B739,BOEING 737-900,L2J,M
AAF45A,N8049P,H269,HUGHES Sky Knight,H1P,L
AAF55A,N805KJ,AT5T,AIR TRACTOR AT-504,L1T,L
AAF85A,N806CA,DRON,,D0-,-
AAFE5A,N8071A,C170,CESSNA 170,L1P,L
AB025A,N8083D,PA18,PIPER PA-18 Super Cub,L1P,L
AB035A,N809AP,RV6,VANS RV-6,L1P,L
AB065A,N8095G,P28B,PIPER PA-28-201T/235/236,L1P,L
AB085A,N81PT,VENT,SCHEMPP-HIRTH Ventus,L1P,L
AB0C5A,N81041,AA5,AMERICAN AA-5 Tiger,L1P,L
AB0D5A,N811CW,BE58,BEECH 58 Baron,L2P,L
AB0E5A,N811PB,BE58,BEECH 58 Baron,L2P,L
AB105A,N81164,AA5,AMERICAN AA-5 Tiger,L1P,L
AB135A,N8121W,P28A,PIPER PA-28-140/150/160/180,L1P,L
AB155A,N813JS,P32R,PIPER PA-32R-300/301/301T,L1P,L
AB175A,N8133Z,SR22,CIRRUS SR-22,L1P,L
AB185A,N814BJ,RLU1,RLU Super Breezy,L1P,L
AB1E5A,N8150U,P28A,PIPER PA-28-140/150/160/180,L1P,L
AB1F5A,N81575,P39,BELL P-39 Airacobra,L1P,L
AB235A,N81698,P32R,PIPER PA-32R-300/301/301T,L1P,L
AB265A,N81740,P28A,PIPER PA-28-140/150/160/180,L1P,L
AB285A,N818PA,RV7,VANS RV-7,L1P,L
AB2D5A,N8191V,COZY,CO-Z Cozy,L1P,L
AB2E5A,N81986,CH7A,BELLANCA 7 Champion,L1P,L
AB335A,N8201D,BE35,BEECH 35 Starfire Bonanza,L1P,L
AB355A,N821J,P46T,PIPER PA-46-500TP,L1T,L
AB385A,N822AS,C337,CESSNA 337 Super Skymaster,L2P,L
AB3D5A,N823PW,C172,CESSNA 172 Skyhawk,L1P,L
AB475A,N826CC,,,,
AB4D5A,N8271C,CH70,ZENAIR CH-701 Stol,L1P,L
AB4E5A,N8278P,PA24,PIPER PA-24 Comanche,L1P,L
AB525A,N829AR,GLF6,GULFSTREAM G650,L2J,M
AB555A,N8295J,,,,
AB565A,N83DP,VELO,Velocity,L1P,L
AB615A,N832SB,AS50,AEROSPATIALE AS-350 Ecureuil,H1T,L
AB635A,N83289,CH7A,BELLANCA 7 Champion,L1P,L
AB6A5A,N83454,PA18,PIPER PA-18 Super Cub,L1P,L
AB6D5A,N8350W,P28A,PIPER PA-28-140/150/160/180,L1P,L
AB6E5A,N83577,PA18,PIPER PA-18 Super Cub,L1P,L
AB715A,N8362Z,C210,CESSNA 201 Centurion,L1P,L
AB775A,N838PC,PA44,PIPER PA-44 Seminole,L2P,L
AB7B5A,N839SA,T206,CESSNA T206 Turbo Stationair,L1P,L
AB7C5A,N8391X,C172,CESSNA 172 Skyhawk,L1P,L
AB805A,N840FD,B77L,BOEING 777-200LR,L2J,H
AB825A,N8401F,P28A,PIPER PA-28-140/150/160/180,L1P,L
AB885A,N842M,UH1,BELL UH-1 Huey,H1T,L
AB8D5A,N8430D,PA22,PIPER PA-22,L1P,L
AB925A,N8449T,PA34,PIPER PA-34 Seneca,L2P,L
AB995A,N8466N,BE35,BEECH 35 Starfire Bonanza,L1P,L
AB9D5A,N8478R,P28A,PIPER PA-28-140/150/160/180,L1P,L
AB9E5A,N848JA,GLF5,GULFSTREAM 5,L2J,M
AB9F5A,N848UG,H60,SIKORSKY UH-60 Black Hawk,H2T,M
ABA05A,N8483H,TERM,SMITH Termite,L1P,L
ABA55A,N85DR,BE9L,BEECH 90 King Air,L2T,L
ABA75A,PP-BRK,TBM8,SOCATA TBM-850,L1T,L
ABA85A,N850LH,TBM7,SOCATA TBM-700A/B/C,L1T,L
ABAB5A,N851D,P51,NORTH AMERICAN P-51 Mustang,L1P,L
ABAE5A,N85168,CH7A,BELLANCA 7 Champion,L1P,L
ABB05A,N852SD,DRON,,D0-,-
ABB35A,N853JW,RV7,VANS RV-7,L1P,L
ABB85A,N854Y,ZZZZ,,-0-,-
ABCC5A,N8599,WACO,WACO E/O,L1P,L
ABCD5A,N86JV,RV9,VANS RV-9,L1P,L
ABCE5A,N86VA,PA31,PIPER PA-31-300/310/325/350/425,L2P,L
ABD05A,N860RM,RS20,RANS S-20 Raven,L1P,L
ABD35A,N861JD,LNCE,LANCAIR ES,L1P,L
ABD65A,N862AW,TBM7,SOCATA TBM-700A/B/C,L1T,L
ABD75A,N862MB,AS50,AEROSPATIALE AS-350 Ecureuil,H1T,L
ABE65A,N866NN,B738,BOEING 737-800,L2J,M
ABE95A,N867FE,C208,CESSNA 208 Caravan,L1T,L
ABEB5A,N8671G,DRON,,D0-,-
ABEF5A,N8683K,S108,STINSON 108 Voyager,L1P,L
ABF05A,N869AV,LJ60,LEARJET 60,L2J,M
ABF15A,N869MA,P28A,PIPER PA-28-140/150/160/180,L1P,L
ABF35A,N8695N,,,,
ABF45A,N87DT,C123,FAIRCHILD C-123 Provider,L2P,M
ABF95A,N87047,BL8,BELLANCA 8 Decathlon,L1P,L
ABFE5A,N872G,C510,CESSNA 510 Citation Mustang,L2J,L
AC015A,N8729C,PA22,PIPER PA-22,L1P,L
AC045A,N87335,ERCO,AIR PRODUCTS F-1 Aircoupe,L1P,L
AC0F5A,N87623,RS20,RANS S-20 Raven,L1P,L
AC105A,N877AC,S22T,CIRRUS SR-22T Turbo,L1P,L
AC145A,N878DA,P28A,PIPER PA-28-140/150/160/180,L1P,L
AC175A,N87869,PA18,PIPER PA-18 Super Cub,L1P,L
AC185A,N879FZ,C172,CESSNA 172 Skyhawk,L1P,L
AC1B5A,N8799B,C172,CESSNA 172 Skyhawk,L1P,L
AC1C5A,N88JX,EXEJ,ROTORWAY JetExec,H1T,L
AC215A,N8808W,P28B,PIPER PA-28-201T/235/236,L1P,L
AC225A,N881JF,C82S,CESSNA T182 Turbo Skylane,L1P,L
AC245A,N8813N,P28A,PIPER PA-28-140/150/160/180,L1P,L
AC295A,N883DW,PA23,PIPER PA-23,L2P,L
AC2E5A,N884T,BE35,BEECH 35 Starfire Bonanza,L1P,L
AC2F5A,N8842L,B38M,BOEING 737 MAX 8,L2J,M
AC305A,N8849X,C182,CESSNA 182 Skylane,L1P,L
AC345A,N886CJ,CJ6,NANCHANG CJ-6,L1P,L
AC375A,N8866S,C150,CESSNA 150,L1P,L
AC3A5A,N8871J,P28A,PIPER PA-28-140/150/160/180,L1P,L
AC3C5A,N888JE,GLF5,GULFSTREAM 5,L2J,M
AC3F5A,N889AX,C208,CESSNA 208 Caravan,L1T,L
AC435A,N89DV,K100,DAHER Kodiak 100,L1T,L
AC455A,N890AF,KR2,RAND KR-2,L1P,L
AC495A,N891DD,RV7,VANS RV-7,L1P,L
AC4C5A,N8917B,C172,CESSNA 172 Skyhawk,L1P,L
AC515A,N893K,,,,
AC535A,N89337,C172,CESSNA 172 Skyhawk,L1P,L
AC575A,N8946,CH7B,BELLANCA 7 Citabria,L1P,L
AC5B5A,N8958C,P28A,PIPER PA-28-140/150/160/180,L1P,L
AC635A,N898DC,PC9,PILATUS PC-9 Hudournik,L1T,L
AC645A,N898PJ,M20P,MOONEY M-20,L1P,L
AC6A5A,N8999D,PA18,PIPER PA-18 Super Cub,L1P,L
AC6F5A,N900BW,C82T,CESSNA TR182 Turbo Skylane RG,L1P,L
AC705A,N900NB,FA7X,DASSAULT Falcon 7X,L3J,M
AC725A,N9006D,BALL,,B0-,-
AC745A,N901R,WAIX,SONEX Waiex,L1P,L
AC765A,N9018G,C182,CESSNA 182 Skylane,L1P,L
AC7D5A,N9035B,CH7A,BELLANCA 7 Champion,L1P,L
AC7E5A,N904DG,BE20,BEECH 200 Super King Air,L2T,M
AC845A,N90517,BOLT,STEEN Skybolt,L1P,L
AC8A5A,N907NA,T38,NORTHROP T-38 Talon,L2J,L
AC8C5A,N9076C,C82R,CESSNA R182 Skylane RG,L1P,L
AC935A,N90928,CH7B,BELLANCA 7 Citabria,L1P,L
AC945A,N91AH,HUSK,CHRISTEN Husky,L1P,L
AC975A,N910H,RV10,VANS RV-10,L1P,L
AC985A,N910TF,F2TH,DASSAULT Falcon 2000,L2J,M
AC9A5A,N91093,DG15,HOWARD Nightingale,L1P,L
AC9C5A,N911WD,L39,LET L-39 Albatros,L1J,L
AC9D5A,N9114V,M20P,MOONEY M-20,L1P,L
ACA45A,N9131Q,PA46,PIPER PA-46-310/350,L1P,L
ACA75A,N914US,DA40,DIAMOND DA-40 Club Star,L1P,L
ACA85A,N9143T,B06,BELL 206 JetRanger,H1T,L
ACA95A,N915BC,PA24,PIPER PA-24 Comanche,L1P,L
ACAC5A,N9155W,P28B,PIPER PA-28-201T/235/236,L1P,L
ACAF5A,N9160N,AC50,NORTH AMERICAN ROCKWELL Commander 500,L2P,L
ACB45A,N91792,NAVI,NORTH AMERICAN Navion,L1P,L
ACB75A,N9184U,AT5T,AIR TRACTOR AT-504,L1T,L
ACB85A,N919CP,C172,CESSNA 172 Skyhawk,L1P,L
ACBB5A,N9196X,L29,AERO L-29 Delfin,L1J,L
ACBD5A,N92RT,FB1A,BOWERS Fly Baby 1A,L1P,L
ACC85A,N9223A,C170,CESSNA 170,L1P,L
ACC95A,N923AL,F2TH,DASSAULT Falcon 2000,L2J,M
ACD45A,N9259K,S108,STINSON 108 Voyager,L1P,L
ACDB5A,N9276E,AR11,AERONCA 11 Chief,L1P,L
ACDC5A,N928EV,CRJ2,BOMBARDIER Regional Jet CRJ-200,L2J,M
ACDE5A,N92807,SONX,SONEX AIRCRAFT Sonex,L1P,L
ACE25A,N9293,,,,
ACE35A,N93AK,C25A,CESSNA 525A Citation CJ2,L2J,L
ACE45A,N93LR,PTS1,PITTS S-1 Special,L1P,L
ACEC5A,N9314X,C82R,CESSNA R182 Skylane RG,L1P,L
ACF05A,N93260,C210,CESSNA 201 Centurion,L1P,L
ACF45A,N93383,ERCO,AIR PRODUCTS F-1 Aircoupe,L1P,L
ACF75A,N9343V,M20P,MOONEY M-20,L1P,L
ACFE5A,N9360Q,BE33,BEECH 33 Bonanza,L1P,L
ACFF5A,N93671,BL17,BELLANCA 17 Viking,L1P,L
AD015A,N937TG,UF13,URBAN UFM-13 Lambada,L1P,L
AD185A,N943AN,B738,BOEING 737-800,L2J,M
AD1A5A,N943X,G164,GRUMMAN G-164 Ag-Cat,L1P,L
AD235A,N9459M,T206,CESSNA T206 Turbo Stationair,L1P,L
AD2D5A,N94809,ERCO,AIR PRODUCTS F-1 Aircoupe,L1P,L
AD315A,N9493B,C175,CESSNA 175 Skylark,L1P,L
AD325A,N95AM,C180,CESSNA  180 Skywagon,L1P,L
AD335A,N95LT,SREY,PROGRESSIVE AERODYNE SeaRey,A1P,L
AD375A,N9502W,P28A,PIPER PA-28-140/150/160/180,L1P,L
AD395A,N951LB,AS32,AEROSPATIALE AS-332 Super Puma,H2T,M
AD3F5A,N95262,ULAC,,L0-,-
AD425A,N9531U,AA1,AMERICAN AA-1,L1P,L
AD4D5A,N9560S,C72R,CESSNA 172R Cutlass RG,L1P,L
AD4E5A,N95673,TAYB,TAYLORCRAFT BC/BF/BL,L1P,L
AD515A,N9572V,C172,CESSNA 172 Skyhawk,L1P,L
AD535A,N958LA,AS50,AEROSPATIALE AS-350 Ecureuil,H1T,L
AD565A,N959CT,FDCT,FLIGHT DESIGN CT,L1P,L
AD5A5A,N96FR,C172,CESSNA 172 Skyhawk,L1P,L
AD5B5A,N96RX,C750,CESSNA 750 Citation 10,L2J,M
AD5C5A,N960CB,,,,
AD5F5A,N9606K,BE35,BEECH 35 Starfire Bonanza,L1P,L
AD665A,N9623E,BL17,BELLANCA 17 Viking,L1P,L
AD685A,N963LW,R44,ROBINSON R-44 Raven,H1P,L
AD6A5A,N9635H,C172,CESSNA 172 Skyhawk,L1P,L
AD6D5A,N9640,G164,GRUMMAN G-164 Ag-Cat,L1P,L
AD795A,N9676J,P28A,PIPER PA-28-140/150/160/180,L1P,L
AD7C5A,N9681A,C140,CESSNA 140,L1P,L
AD7D5A,N9688M,M20P,MOONEY M-20,L1P,L
AD805A,N9693D,PA18,PIPER PA-18 Super Cub,L1P,L
AD815A,N97AP,RV8,VANS RV-8,L1P,L
AD825A,N97LV,,,,
AD865A,N9702Y,BE35,BEECH 35 Starfire Bonanza,L1P,L
AD875A,N97099,C182,CESSNA 182 Skylane,L1P,L
AD8A5A,N97141,S108,STINSON 108 Voyager,L1P,L
AD905A,N973S,B36T,BEECH 36 Turbine Bonanza,L1T,L
AD915A,N9731W,P28A,PIPER PA-28-140/150/160/180,L1P,L
AD935A,N974JS,RV6,VANS RV-6,L1P,L
AD945A,N974UY,A321,AIRBUS A-321,L2J,M
AD9C5A,N9760U,AA5,AMERICAN AA-5 Tiger,L1P,L
ADA85A,N97963,C182,CESSNA 182 Skylane,L1P,L
ADAB5A,N980CD,SR20,CIRRUS SR-20,L1P,L
ADB05A,N981RH,B06,BELL 206 JetRanger,H1T,L
ADB15A,N9811D,PA22,PIPER PA-22,L1P,L
ADBC5A,N9840B,B14A,BELLANCA 14,L1P,L
ADC15A,N9859R,BE35,BEECH 35 Starfire Bonanza,L1P,L
ADC55A,N987CC,,,,
ADD05A,N99AR,PA30,PIPER PA-30 Twin Comanche,L2P,L
ADD25A,N99XC,,,,
ADD65A,N991A,P28A,PIPER PA-28-140/150/160/180,L1P,L
ADD95A,N99143,ERCO,AIR PRODUCTS F-1 Aircoupe,L1P,L
ADDD5A,N99266,ST75,STEARMAN Kaydet,L1P,L
ADE05A,N9931Y,,,,
ADE45A,N99431,G44,GRUMMAN G-44 Widgeon,A2P,L
ADE65A,N995MS,BE20,BEECH 200 Super King Air,L2T,M
ADE85A,N99554,DUCE,BAKENG Duce,L1P,L
ADF45A,N999CX,C56X,CESSNA 560XL Citation XLS,L2J,M
ADF55A,N999PC,T210,CESSNA T210 Turbo Centurion,L1P,L
ADF75A,N99965,L13M,LET L-13 Blanik,L1P,L
ADFE5A,90-1791,C130,LOCKHEED C-130 Hercules,L4T,M
ADFF5A,68-8134,T38,NORTHROP T-38 Talon,L2J,L
AE015A,57-2598,K35R,BOEING KC-135R/T Stratotanker,L4J,H
AE025A,163691,GLF3,GULFSTREAM 3,L2J,M
AE045A,162155,C2,GRUMMAN C-2 Greyhound,L2T,M
AE065A,59-1486,K35R,BOEING KC-135R/T Stratotanker,L4J,H
AE085A,59-1519,K35R,BOEING KC-135R/T Stratotanker,L4J,H
AE095A,80-1079,U2,LOCKHEED U-2,L1J,M
AE0C5A,92-26441,H60,SIKORSKY UH-60 Black Hawk,H2T,M
AE0D5A,81-23555,H60,SIKORSKY UH-60 Black Hawk,H2T,M
AE0E5A,88-26085,H60,SIKORSKY UH-60 Black Hawk,H2T,M
AE115A,166000,TEX2,BEECHCRAFT T-6 Texan 2,L1T,L
AE135A,162936,A6,GRUMMAN A-6 Prowler,L2J,M
AE145A,06-6156,C17,BOEING C-17 Globemaster 3,L4J,H
AE1D5A,161414,P3,LOCKHEED P-3 Orion,L4T,M
AE1E5A,07-3890,TEX2,BEECHCRAFT T-6 Texan 2,L1T,L
AE1F5A,08-72075,EC45,AIRBUS HELICOPTERS EC-145,H2T,L
AE205A,14-72331,EC45,AIRBUS HELICOPTERS EC-145,H2T,L
AE265A,6500,F260,AERMACCHI SF-260,L1P,L
AE2F5A,09-0626,B350,BEECHCRAFT Super King Air 350,L2T,M
AE485A,08-20148,H60,SIKORSKY UH-60 Black Hawk,H2T,M
AE4B5A,162010,H53,SIKORSKY CH-53,H2T,M
AE4F5A,167006,H60,SIKORSKY UH-60 Black Hawk,H2T,M
AE565A,12-20476,H60,SIKORSKY UH-60 Black Hawk,H2T,M
AE5A5A,15-72366,EC45,AIRBUS HELICOPTERS EC-145,H2T,L
AE5C5A,169328,P8,BOEING P-8 Poseidon,L2J,M
AE5D5A,16-20849,H60,SIKORSKY UH-60 Black Hawk,H2T,M
AE695A,19-5928,C30J,LOCKHEED MARTIN C-130J Super Hercules,L4T,M
AE6C5A,20-03316,H64,MCDONNELL DOUGLAS AH-64 Apache,H2T,M
AE6D5A,170168,A119,AGUSTA AW-119 Koala,H1T,L
C0005A,C-FADL,C310,CESSNA 310,L2P,L
C0025A,C-FAXD,B38M,BOEING 737 MAX 8,L2J,M
C0035A,C-FBGZ,AR11,AERONCA 11 Chief,L1P,L
C0055A,C-FCAR,PA31,PIPER PA-31-300/310/325/350/425,L2P,L
C0095A,C-FDOB,,,,
C00A5A,C-FDXX,GC1,GLOBE Swift,L1P,L
C00C5A,C-FERP,CH7A,BELLANCA 7 Champion,L1P,L
C00D5A,C-FFBL,C170,CESSNA 170,L1P,L
C00E5A,C-FFLH,C172,CESSNA 172 Skyhawk,L1P,L
C00F5A,C-FFVD,C170,CESSNA 170,L1P,L
C0105A,C-FGEZ,C172,CESSNA 172 Skyhawk,L1P,L
C0115A,C-FGOV,,,,
C0145A,C-FHSJ,R44,ROBINSON R-44 Raven,H1P,L
C0155A,C-FICF,C140,CESSNA 140,L1P,L
C0165A,C-FIMB,C170,CESSNA 170,L1P,L
C0175A,C-FIVX,B77W,BOEING 777-300ER,L2J,H
C0185A,C-FJFT,S108,STINSON 108 Voyager,L1P,L
C0195A,C-FJPP,,,,
C01A5A,C-FJZL,CRJ9,BOMBARDIER Regional Jet CRJ-900,L2J,M
C01B5A,C-FKJH,,,,
C01C5A,C-FKTD,GLID,,L0-,-
C01D5A,C-FLCZ,C77R,CESSNA 177RG Cardinal RG,L1P,L
C01E5A,C-FLMV,R44,ROBINSON R-44 Raven,H1P,L
C0205A,C-FMGN,ULAC,,L0-,-
C0215A,C-FMQJ,COUR,HELIO Courier,L1P,L
C0225A,C-FNAF,JS31,BRITISH AEROSPACE Jetstream T.Mk.3,L2T,M
C0245A,C-FNTX,CH7A,BELLANCA 7 Champion,L1P,L
C0255A,C-FODT,DHC3,DE HAVILLAND DHC-3 Otter,L1P,L
C0275A,C-FOXL,C152,CESSNA 152,L1P,L
C0285A,C-FPHH,C72R,CESSNA 172R Cutlass RG,L1P,L
C0295A,C-FPRD,ERCO,AIR PRODUCTS F-1 Aircoupe,L1P,L
C02D5A,C-FREN,H269,HUGHES Sky Knight,H1P,L
C02F5A,C-FRYF,C82R,CESSNA R182 Skylane RG,L1P,L
C0305A,C-FSIB,CH7A,BELLANCA 7 Champion,L1P,L
C0315A,C-FXRX,E550,EMBRAER EMB-550 Praetor 600,L2J,M
C0325A,C-FTBT,PA20,PIPER PA-20 Pacer,L1P,L
C0335A,C-FTLP,ULAC,,L0-,-
C0345A,C-FTVL,B212,BELL 212,H2T,L
C0375A,C-FUYZ,,,,
C0385A,C-FVIV,,,,
C0395A,C-FVSR,CH7B,BELLANCA 7 Citabria,L1P,L
C03A5A,C-FWCN,B737,BOEING 737-700,L2J,M
C03B5A,C-FWMJ,C180,CESSNA  180 Skywagon,L1P,L
C03C5A,C-FWWF,BE20,BEECH 200 Super King Air,L2T,M
C03D5A,C-FXGB,D11,JODEL D-11x/12x,L1P,L
C03E5A,C-FXPX,BIPL,EAA Biplane,L1P,L
C03F5A,C-FXZT,C170,CESSNA 170,L1P,L
C0405A,C-FYJP,A319,AIRBUS A-319,L2J,M
C0415A,C-FYTL,BE58,BEECH 58 Baron,L2P,L
C0435A,C-FZND,TAYB,TAYLORCRAFT BC/BF/BL,L1P,L
C0445A,C-FZWZ,C172,CESSNA 172 Skyhawk,L1P,L
C0455A,C-GAGV,C172,CESSNA 172 Skyhawk,L1P,L
C0465A,C-GAQR,P28A,PIPER PA-28-140/150/160/180,L1P,L
C0475A,C-GBAN,BE35,BEECH 35 Starfire Bonanza,L1P,L
C0485A,C-GBKJ,C172,CESSNA 172 Skyhawk,L1P,L
C0495A,C-GBUF,TBM7,SOCATA TBM-700A/B/C,L1T,L
C04A5A,C-GCEB,BL8,BELLANCA 8 Decathlon,L1P,L
C04B5A,C-GCNX,PA18,PIPER PA-18 Super Cub,L1P,L
C04C5A,C-GCXT,BE33,BEECH 33 Bonanza,L1P,L
C04D5A,C-GDHP,SAKO,RANS S-10 Sakota,L1P,L
C04E5A,C-GDRL,GLEX,BOMBARDIER BD-700 Global 6000/6500,L2J,M
C04F5A,C-GEBH,C206,CESSNA  206 Stationair,L1P,L
C0505A,C-GELD,PA31,PIPER PA-31-300/310/325/350/425,L2P,L
C0525A,C-GFEV,C185,CESSNA 185 Skywagon,L1P,L
C0535A,C-GFOR,GLID,,L0-,-
C0545A,C-GFYN,DHC6,DE HAVILLAND DHC-6 Twin Otter,L2T,L
C0555A,C-GGIJ,P28U,PIPER PA-28RT-201T Turbo,L1P,L
C0565A,C-GGSF,CH7A,BELLANCA 7 Champion,L1P,L
C0575A,C-GHCB,,,,
C0585A,C-GHLX,AS50,AEROSPATIALE AS-350 Ecureuil,H1T,L
C0595A,C-GHVT,PA25,PIPER PA-25 Pawnee,L1P,L
C05A5A,C-GIFP,C172,CESSNA 172 Skyhawk,L1P,L
C05B5A,C-GIPL,AC95,NORTH AMERICAN ROCKWELL Jetprop Commander 1000,L2T,L
C05C5A,C-GIZH,P28A,PIPER PA-28-140/150/160/180,L1P,L
C05D5A,C-GJJD,C172,CESSNA 172 Skyhawk,L1P,L
C05E5A,C-GJSZ,B06,BELL 206 JetRanger,H1T,L
C05F5A,C-GKCV,C185,CESSNA 185 Skywagon,L1P,L
C0605A,C-GKMR,C180,CESSNA  180 Skywagon,L1P,L
C0615A,C-GKWN,EC20,AIRBUS HELICOPTERS EC-120,H1T,L
C0635A,C-GLQF,DH8D,DE HAVILLAND DHC-8-400 Dash 8,L2T,M
C0645A,C-GMAB,C172,CESSNA 172 Skyhawk,L1P,L
C0655A,C-GMJX,C172,CESSNA 172 Skyhawk,L1P,L
C0665A,C-GMTT,BE23,BEECH 23 Sundowner,L1P,L
C0675A,C-GNDP,C172,CESSNA 172 Skyhawk,L1P,L
C06A5A,C-GOHD,LNC2,LANCAIR 200-320,L1P,L
C06B5A,C-GOQZ,CH7B,BELLANCA 7 Citabria,L1P,L
C06C5A,C-GPAV,PA27,PIPER PA-23-250 Aztec,L2P,L
C06D5A,C-GPKR,C210,CESSNA 201 Centurion,L1P,L
C0705A,C-GQOF,C206,CESSNA  206 Stationair,L1P,L
C0715A,C-GQYB,R66,ROBINSON R-66,H1T,L
C0725A,C-GRHX,AS50,AEROSPATIALE AS-350 Ecureuil,H1T,L
C0735A,C-GRRT,,,,
C0755A,C-GSLL,CRJ2,BOMBARDIER Regional Jet CRJ-200,L2J,M
C0765A,C-GSVH,B06,BELL 206 JetRanger,H1T,L
C0775A,C-GTFD,CH30,ZENAIR CH-300 Tri-Zenith,L1P,L
C0785A,C-GTOZ,L39,LET L-39 Albatros,L1J,L
C0795A,C-GTYV,B06,BELL 206 JetRanger,H1T,L
C07A5A,C-GUIR,C140,CESSNA 140,L1P,L
C07B5A,C-GUSN,LA4,LAKE LA-4/200,A1P,L
C07D5A,C-GVMF,AS50,AEROSPATIALE AS-350 Ecureuil,H1T,L
C07E5A,C-GVWB,AS50,AEROSPATIALE AS-350 Ecureuil,H1T,L
C0805A,C-GWPT,C205,CESSNA  205,L1P,L
C0815A,C-GWZP,C177,CESSNA  177 Cardinal,L1P,L
C0825A,C-GXJL,C206,CESSNA  206 Stationair,L1P,L
C0835A,C-GXTH,AS50,AEROSPATIALE AS-350 Ecureuil,H1T,L
C0845A,C-GYDD,C185,CESSNA 185 Skywagon,L1P,L
C0855A,C-GYMZ,GLID,,L0-,-
C08A5A,C-IAKF,ULAC,,L0-,-
C08C5A,C-IBDX,ULAC,,L0-,-
C08E5A,C-IBXP,,,,
C0905A,C-ICRH,,,,
C0925A,C-IDKZ,ULAC,,L0-,-
C0935A,C-IDUV,ULAC,,L0-,-
C0945A,C-IEER,ULAC,,L0-,-
C0955A,C-IEON,ULAC,,L0-,-
C0965A,C-IEYJ,,,,
C0975A,C-IFIF,CUB2,ACES HIGH Cuby 2,L1P,L
C0985A,C-IFSB,HIGH,JUST JA20 Highlander,L1P,L
C09A5A,C-IGLT,MAME,BLUE YONDER Merlin,L1P,L
C09B5A,C-IGVP,ULAC,,L0-,-
C09D5A,C-IHPH,ULAC,,L0-,-
C09F5A,C-IIIZ,,,,
C0A05A,C-IISV,PARA,,P0-,-
C0A15A,C-IJCR,ULAC,,L0-,-
C0A25A,C-IJMN,,,,
C0A35A,C-IJWJ,FOX,KITFOX,L1P,L
C0A75A,C-ILJT,PARA,,P0-,-
C0A85A,C-ILTP,,,,
C0A95A,C-IMDL,,,,
C0B75A,C-IRLH,ULAC,,L0-,-
C1E45A,SERV,SERV,,V0-,-
C8005A,ZK-AGQ,SPST,REARWIN Sportster,L1P,L
C8025A,ZK-BQY,PA18,PIPER PA-18 Super Cub,L1P,L
C8085A,ZK-GKJ,GLID,,L0-,-
C80D5A,ZK-FWO,FB1A,BOWERS Fly Baby 1A,L1P,L
C80F5A,ZK-JDT,M5,MAULE M-5,L1P,L
C8105A,ZK-PDD,C172,CESSNA 172 Skyhawk,L1P,L
C8125A,ZK-PIY,BN2P,BRITTEN-NORMAN BN-2 Islander,L2P,L
C8135A,ZK-HIK,UH12,HILLER UH-12,H1P,L
C8155A,ZK-HZB,R22,ROBINSON R-22 Mariner,H1P,L
C8165A,ZK-JRT,CH70,ZENAIR CH-701 Stol,L1P,L
C8185A,ZK-IWW,R44,ROBINSON R-44 Raven,H1P,L
C8195A,ZK-NEF,DH8C,DE HAVILLAND DHC-8-300 Dash 8,L2T,M
C81A5A,ZK-NEQ,DH8C,DE HAVILLAND DHC-8-300 Dash 8,L2T,M
C81C5A,ZK-IDE,AS50,AEROSPATIALE AS-350 Ecureuil,H1T,L
C81D5A,ZK-FRG,BALL,,B0-,-
C81E5A,ZK-NWH,C185,CESSNA 185 Skywagon,L1P,L
C8215A,ZK-IDT,AS50,AEROSPATIALE AS-350 Ecureuil,H1T,L
C8235A,ZK-IAJ,G2CA,GUIMBAL G-2 Cabri,H1P,L
C8275A,ZK-IPO,EC30,AIRBUS HELICOPTERS EC-130,H1T,L
C8285A,ZK-HPC,B06,BELL 206 JetRanger,H1T,L
E0305A,LV-CAZ,GLF4,GULFSTREAM 4,L2J,M
E0355A,LV-CUZ,C150,CESSNA 150,L1P,L
E0645A,LV-FQZ,B738,BOEING 737-800,L2J,M
E0865A,LV-HYZ,IA46,DINFIA IA-46 Ranquel,L1P,L
E0955A,LV-IUZ,M20T,MOONEY M-20T,L1P,L
E0A05A,LV-JAZ,PA31,PIPER PA-31-300/310/325/350/425,L2P,L
E0A25A,LV-JIZ,P28A,PIPER PA-28-140/150/160/180,L1P,L
E0A45A,LQ-JQZ,SR22,CIRRUS SR-22,L1P,L
E0A55A,LV-JUZ,SR22,CIRRUS SR-22,L1P,L
E0C05A,LV-LAZ,C150,CESSNA 150,L1P,L
E0E45A,LV-NQZ,L8,LUSCOMBE 8,L1P,L
E1235A,LV-RMZ,L8,LUSCOMBE 8,L1P,L
E1925A,LV-YIZ,PA11,PIPER PA-11 Cub Special,L1P,L
E2005A,E-307,TEX2,BEECHCRAFT T-6 Texan 2,L1T,L
E4015A,5729,E314,EMBRAER EMB-314 Super Tucano,L1T,L
E4805A,PR-MAU,C208,CESSNA 208 Caravan,L1T,L
E4855A,PR-ENM,C182,CESSNA 182 Skylane,L1P,L
E48D5A,PP-WLP,E55P,EMBRAER EMB-505 Phenom 300,L2J,M
E48F5A,PR-VIK,SR22,CIRRUS SR-22,L1P,L
E4925A,PP-AFP,C208,CESSNA 208 Caravan,L1T,L
E4935A,PP-BLO,E35L,EMBRAER EMB-135 Legacy,L2J,M
E4985A,PS-GGO,BE9L,BEECH 90 King Air,L2T,L
E4995A,PS-CNB,C208,CESSNA 208 Caravan,L1T,L
E8045A,CC-BEP,A321,AIRBUS A-321,L2J,M
E8095A,CC-AND,E55P,EMBRAER EMB-505 Phenom 300,L2J,M
E84A5A,PNE-220,B350,BEECHCRAFT Super King Air 350,L2T,M
