00866C,ZS-CKP,PA18,PIPER PA-18 Super Cub,L1P,L
008E6C,ZS-FLJ,C560,CESSNA 560 Citation Ultra,L2J,M
00936C,ZS-HIP,H269,HUGHES Sky Knight,H1P,L
009C6C,ZS-KTF,P32R,PIPER PA-32R-300/301/301T,L1P,L
00A06C,ZS-MGP,C82R,CESSNA R182 Skylane RG,L1P,L
00A76C,ZS-OXN,B190,BEECH 1900,L2T,M
00AD6C,ZS-REP,B06,BELL 206 JetRanger,H1T,L
00AF6C,ZS-RYH,B407,BELL 407,H1T,L
00B06C,ZS-SID,B732,BOEING 737-200,L2J,M
00B16C,ZS-SRZ,B190,BEECH 1900,L2T,M
01006C,SU-AZJ,FA20,DASSAULT Falcon 200,L2J,M
04006C,ET-AQE,DH8D,DE HAVILLAND DHC-8-400 Dash 8,L2T,M
04016C,ET-AWI,B38M,BOEING 737 MAX 8,L2J,M
04406C,9G-BPD,DH8D,DE HAVILLAND DHC-8-400 Dash 8,L2T,M
04C06C,5Y-BVP,B190,BEECH 1900,L2T,M
05A06C,8Q-ISC,DHC6,DE HAVILLAND DHC-6 Twin Otter,L2T,L
06A26C,QA360,PC21,PILATUS PC-21,L1T,L
06A36C,A7-ACT,A332,AIRBUS A-330-200,L2J,H
0A806C,C6-EDH,PA27,PIPER PA-23-250 Aztec,L2P,L
0AC36C,HK-4013,L410,LET L-410 Turbolet,L2T,L
0AC96C,HK-5330,E145,EMBRAER ERJ-145,L2J,M
0ACA6C,HK-4913,BE30,BEECH 300 Super King Air,L2T,L
0C206C,HP-1730CMP,B738,BOEING 737-800,L2J,M
0C216C,HP-9921CMP,B39M,BOEING 737 MAX 9,L2J,M
0D056C,XA-ALC,GLF5,GULFSTREAM 5,L2J,M
0D076C,XA-NLP,AT76,ATR-72-600,L2T,M
0D0A6C,XB-ICK,T206,CESSNA T206 Turbo Stationair,L1P,L
0D0B6C,XA-CRG,GALX,GULFSTREAM G200,L2J,M
0D0C6C,XB-JST,C650,CESSNA 650 Citation,L2J,M
0D0D6C,XB-NKT,C500,CESSNA 500 Citation 1,L2J,L
0D806C,9508,C130,LOCKHEED C-130 Hercules,L4T,M
0D816C,YV2736,BE40,BEECH 400 Beechjet,L2J,M
15066C,RA-67180,C208,CESSNA 208 Caravan,L1T,L
15076C,RA-67436,C172,CESSNA 172 Skyhawk,L1P,L
15086C,RA-67692,AT75,ATR-72-500,L2T,M
151D6C,RA-73068,B734,BOEING 737-400,L2J,M
151E6C,RA-73324,A321,AIRBUS A-321,L2J,M
15206C,RA-73836,A21N,AIRBUS A-321neo,L2J,M
15406C,RA-82028,,,,
15506C,RA-86124,IL86,ILYUSHIN Il-87,L4J,H
155C6C,RA-89196,SU95,SUKHOI Superjet 100-95,L2J,M
30026C,I-EITF,EC45,AIRBUS HELICOPTERS EC-145,H2T,L
30056C,I-RRSS,A109,AGUSTA AW-109 Grand,H2T,L
30066C,I-HECO,A139,AGUSTA AW-139,H2T,L
30076C,I-RIZZ,PA34,PIPER PA-34 Seneca,L2P,L
30086C,I-MIAJ,AS50,AEROSPATIALE AS-350 Ecureuil,H1T,L
31D86C,I-8962,SVNH,AEROTEC Savannah,L1P,L
31DC6C,I-C258,MM24,MAGNI M-24 Orion,G1P,L
31DD6C,I-A296,SIRA,TECNAM P-2002 Sierra,L1P,L
33FD6C,CSX-AV-T-006,VFHC,,D0-,-
33FE6C,MM55224,M346,AERMACCHI M-346 Master,L2J,M
38306C,F-BMDM,RF3,FOURNIER RF-3,L1P,L
38466C,F-BRTM,D253,CENTRE EST DR-253 Regent,L1P,L
384C6C,F-BTDM,CP10,CAP AVIATION CAP-10,L1P,L
38566C,F-BVTM,P28A,PIPER PA-28-140/150/160/180,L1P,L
38666C,F-AZTM,DH82,DE HAVILLAND DH-82 Tiger Moth,L1P,L
39066C,F-GBTM,FA20,DASSAULT Falcon 200,L2J,M
390D6C,F-GDLM,C82R,CESSNA R182 Skylane RG,L1P,L
390E6C,F-GDTM,CP21,MURDY CAP-21,L1P,L
39116C,F-GELM,PA34,PIPER PA-34 Seneca,L2P,L
391C6C,F-GHDM,P28A,PIPER PA-28-140/150/160/180,L1P,L
39226C,F-GITM,BE36,BEECH 36 Bonanza,L1P,L
39286C,F-GKDM,PC6T,PILATUS PC-6 Turbo-Porter,L1T,L
392A6C,F-GKTM,BALL,,B0-,-
392C6C,F-GLDM,DR40,ROBIN DR-400,L1P,L
392D6C,F-GLLM,FA8X,DASSAULT Falcon 8X,L3J,M
39316C,F-GMLM,C182,CESSNA 182 Skylane,L1P,L
39446C,F-GRDM,AS55,AEROSPATIALE AS-355 Ecureuil 2,H2T,L
39496C,F-GSLM,BALL,,B0-,-
394A6C,F-GSTM,CP10,CAP AVIATION CAP-10,L1P,L
39656C,F-GZLM,EC20,AIRBUS HELICOPTERS EC-120,H1T,L
39826C,F-HATM,BALL,,B0-,-
39846C,F-HBDM,PTS2,PITTS S-2 Special,L1P,L
39856C,F-HBLM,E190,EMBRAER ERJ-190-100,L2J,M
39866C,F-HBTM,BALL,,B0-,-
39886C,F-HCDM,C182,CESSNA 182 Skylane,L1P,L
39896C,F-HCLM,DR40,ROBIN DR-400,L1P,L
398D6C,F-HDLM,EVSS,EVEKTOR SportStar,L1P,L
39916C,F-HELM,P28A,PIPER PA-28-140/150/160/180,L1P,L
39946C,F-HFDM,APM3,ISSOIRE APM-30 Lion,L1P,L
39A56C,F-HJLM,E55P,EMBRAER EMB-505 Phenom 300,L2J,M
39AE6C,F-HLTM,PIVI,PIPSTREL Virus,L1P,L
39B06C,F-HMDM,BALL,,B0-,-
39B26C,F-HMTM,E300,EXTRA EA-300/330/350,L1P,L
39C46C,F-HRDM,HR10,ROBIN HR-100,L1P,L
39D46C,F-HVDM,R66,ROBINSON R-66,H1T,L
39D56C,F-HVLM,WT9,AEROSPOOL WT-9 Dynamic,L1P,L
3A506C,F-OUDM,EC25,AIRBUS HELICOPTERS EC-225/725,H2T,M
3B776C,0019,A400,AIRBUS A-400M,L4T,H
3B7B6C,F-ZBFX,CL2T,CANADAIR CL-415 SuperScooper,A2T,M
3B7F6C,F-ZWSR,G2CA,GUIMBAL G-2 Cabri,H1P,L
3C126C,D-AVZJ,A321,AIRBUS A-321,L2J,M
3C1A6C,D-AZAD,A321,AIRBUS A-321,L2J,M
3C4D6C,D-ACKL,CRJ9,BOMBARDIER Regional Jet CRJ-900,L2J,M
3C506C,D-ADCL,GLF5,GULFSTREAM 5,L2J,M
3C646C,D-AICL,A320,AIRBUS A-320,L2J,M
3C656C,D-AIKL,A333,AIRBUS A-330-300,L2J,H
3C666C,D-AISL,A321,AIRBUS A-321,L2J,M
3D056C,D-EAHO,C172,CESSNA 172 Skyhawk,L1P,L
3D076C,D-EBBG,PA46,PIPER PA-46-310/350,L1P,L
3D0E6C,D-EDSE,C205,CESSNA  205,L1P,L
3D0F6C,D-EECA,BE35,BEECH 35 Starfire Bonanza,L1P,L
3D106C,D-EELW,BE33,BEECH 33 Bonanza,L1P,L
3D126C,D-EFFO,C150,CESSNA 150,L1P,L
3D136C,D-EFPK,TOBA,SOCATA Tobago,L1P,L
3D146C,D-EFZG,C172,CESSNA 172 Skyhawk,L1P,L
3D156C,D-EGJC,C172,CESSNA 172 Skyhawk,L1P,L
3D166C,D-EGSY,BU31,BUCKER Bu-131 Jungmann,L1P,L
3D176C,D-EHCU,PA18,PIPER PA-18 Super Cub,L1P,L
3D1A6C,D-EIGI,P28A,PIPER PA-28-140/150/160/180,L1P,L
3D1C6C,D-EJAA,BT36,BEECH B36TC Bonanza,L1P,L
3D226C,D-ELHC,P28A,PIPER PA-28-140/150/160/180,L1P,L
3D266C,D-EMUM,PA18,PIPER PA-18 Super Cub,L1P,L
3D286C,D-ENOE,DA40,DIAMOND DA-40 Club Star,L1P,L
3D296C,D-ENYA,SR20,CIRRUS SR-20,L1P,L
3D376C,D-ETFW,DV20,DIAMOND DA-20,L1P,L
3D386C,D-ETPS,P28A,PIPER PA-28-140/150/160/180,L1P,L
3D3C6C,D-EVDC,P28R,PIPER PA-28R-180/200/201,L1P,L
3D416C,D-EXAI,PA18,PIPER PA-18 Super Cub,L1P,L
3D476C,D-EZHK,BREZ,AEROSTYLE Breezer,L1P,L
3D556C,D-FEPG,PC12,PILATUS PC-12,L1T,L
3D796C,D-FSFS,P46T,PIPER PA-46-500TP,L1T,L
3D9E6C,D-GGGA,PA34,PIPER PA-34 Seneca,L2P,L
3DDC6C,D-HDSM,EC45,AIRBUS HELICOPTERS EC-145,H2T,L
3DDF6C,D-HEWA,R44,ROBINSON R-44 Raven,H1P,L
3DF26C,D-HMBC,EC45,AIRBUS HELICOPTERS EC-145,H2T,L
3E386C,D-IMOI,C525,CESSNA 525 CitationJet,L2J,L
3E3D6C,D-IOLO,BN2P,BRITTEN-NORMAN BN-2 Islander,L2P,L
3E616C,D-KCCA,DIMO,DIAMOND H-36 Dimona,L1P,L
3E716C,D-KIDO,AS26,SCHLEICHER ASH-26,L1P,L
3E796C,D-KLEI,DIMO,DIAMOND H-36 Dimona,L1P,L
3E7A6C,D-KLOE,AS29,SCHLEICHER ASG-29,L1P,L
3E7C6C,D-KMHW,DG80,DG FLUGZEUGBAU DG-800,L1P,L
3EC56C,D-KPSM,GLID,,L0-,-
3ECC6C,D-KSJK,GLID,,L0-,-
3EE36C,D-0725,GLID,,L0-,-
3EF56C,D-5333,GLID,,L0-,-
3EFB6C,D-6869,GLID,,L0-,-
3FB96C,74+34,TIGR,AIRBUS HELICOPTERS EC-665 Tiger,H2T,L
3FEA6C,D-MRAE,G3,REMOS Mirage,L1P,L
3FEB6C,D-MSSK,GOLF,TECNAM P-96 Golf,L1P,L
3FEC6C,D-MCTW,FDCT,FLIGHT DESIGN CT,L1P,L
3FF06C,D-MWHT,ALSL,AIRLONY Skylane,L1P,L
3FF16C,D-MBGR,ULAC,,L0-,-
3FF26C,D-MPCP,G3,REMOS Mirage,L1P,L
3FF36C,D-MSWT,ULAC,,L0-,-
3FF46C,D-MOOF,ULAC,,L0-,-
3FF56C,D-MEAX,,,,
3FF76C,D-MKMA,ULAC,,L0-,-
40016C,VP-BEL,B737,BOEING 737-700,L2J,M
40066C,G-BMRJ,B752,BOEING 757-200,L2J,M
400A6C,G-BCBG,PA27,PIPER PA-23-250 Aztec,L2P,L
400E6C,G-PSJS,R22,ROBINSON R-22 Mariner,H1P,L
40106C,G-RVBC,RV6,VANS RV-6,L1P,L
40116C,G-CDOK,C42,IKARUS C-42 Bison,L1P,L
40126C,G-ZZXX,ULAC,,L0-,-
40146C,G-ALWB,DHC1,DE HAVILLAND DHC-1 Chipmunk,L1P,L
40156C,G-ARON,PA22,PIPER PA-22,L1P,L
40176C,G-AWBG,P28A,PIPER PA-28-140/150/160/180,L1P,L
40186C,G-AXWV,D253,CENTRE EST DR-253 Regent,L1P,L
401A6C,G-ADKK,DH87,DE HAVILLAND DH-87 Hornet Moth,L1P,L
401D6C,G-BGBI,C150,CESSNA 150,L1P,L
40206C,G-BKRA,T6,NORTH AMERICAN T-6 Texan,L1P,L
40266C,G-MNIG,ULAC,,L0-,-
40286C,G-JANA,P28A,PIPER PA-28-140/150/160/180,L1P,L
402A6C,G-BNVT,P28S,PIPER PA-28R-201T,L1P,L
402B6C,G-MVAM,ULAC,,L0-,-
40326C,G-MWOO,RENE,Renegade,L1P,L
40356C,G-MWYT,ULAC,,L0-,-
40366C,G-ELMH,T6,NORTH AMERICAN T-6 Texan,L1P,L
40396C,G-BVRA,EUPA,Europa,L1P,L
403E6C,G-MZIJ,ULAC,,L0-,-
403F6C,G-BXTW,P28A,PIPER PA-28-140/150/160/180,L1P,L
40436C,G-CHEL,BALL,,B0-,-
40466C,G-CBIZ,ULAC,,L0-,-
40496C,G-CCGH,SASP,SUPERMARINE AIRCRAFT Spitfire Mk25/26,L1P,L
404A6C,G-CCLW,DA40,DIAMOND DA-40 Club Star,L1P,L
404B6C,G-FOFO,R44,ROBINSON R-44 Raven,H1P,L
404E6C,G-CDRO,C42,IKARUS C-42 Bison,L1P,L
404F6C,G-LUDM,RV8,VANS RV-8,L1P,L
40506C,G-OMHD,CNBR,BAC Canberra,L2J,M
40526C,G-KEVS,ULAC,,L0-,-
405B6C,G-DFCY,GLID,,L0-,-
405C6C,G-DJMC,GLID,,L0-,-
40616C,G-CMBC,C55B,CESSNA 550B Citation Bravo,L2J,L
40626C,G-CGIM,ULAC,,L0-,-
40646C,G-NETT,C172,CESSNA 172 Skyhawk,L1P,L
40656C,G-VYAK,Y18T,YAKOVLEV Yak-18T,L1P,L
40666C,G-EZUS,A320,AIRBUS A-320,L2J,M
40676C,G-CHFZ,SKRA,BEST OFF Sky Ranger,L1P,L
40696C,G-FTUS,BALL,,B0-,-
406A6C,G-CIDS,C42,IKARUS C-42 Bison,L1P,L
406B6C,G-LCYS,E190,EMBRAER ERJ-190-100,L2J,M
406C6C,G-CIIK,YK55,YAKOVLEV Yak-55,L1P,L
406D6C,G-IDMG,R44,ROBINSON R-44 Raven,H1P,L
406E6C,G-CIPC,ULAC,,L0-,-
40706C,G-CIYT,ULAC,,L0-,-
40716C,G-CLSZ,DG80,DG FLUGZEUGBAU DG-800,L1P,L
40736C,G-GERI,R44,ROBINSON R-44 Raven,H1P,L
40756C,G-UZHN,A20N,AIRBUS A-320neo,L2J,M
40776C,G-ZEVS,C172,CESSNA 172 Skyhawk,L1P,L
40786C,G-CLHI,EFOX,AEROPRO Eurofox,L1P,L
40796C,G-TUMN,B38M,BOEING 737 MAX 8,L2J,M
407C6C,G-CMRG,C170,CESSNA 170,L1P,L
407D6C,G-EMLG,GLEX,BOMBARDIER BD-700 Global 6000/6500,L2J,M
42406C,VP-BVG,GLEX,BOMBARDIER BD-700 Global 6000/6500,L2J,M
42446C,VQ-BFZ,A359,AIRBUS A-350-900,L2J,H
42476C,VP-CZB,GLF6,GULFSTREAM G650,L2J,M
42486C,VP-CHW,EC45,AIRBUS HELICOPTERS EC-145,H2T,L
42496C,VQ-BFV,A320,AIRBUS A-320,L2J,M
424B6C,M-LEOG,A109,AGUSTA AW-109 Grand,H2T,L
43C06C,ZJ117,EH10,AGUSTA WESTLAND EH-101 Merlin,H3T,M
43C26C,ZJ215,H64,MCDONNELL DOUGLAS AH-64 Apache,H2T,M
43C36C,ZA166,S61,SIKORSKY S-61 Sea King,H2T,M
43C76C,ZZ531,LYNX,AGUSTAWESTLAND AW-159 Super Lynx,H2T,L
43E76C,M-AXIM,T206,CESSNA T206 Turbo Stationair,L1P,L
43E86C,M-XHEC,EC55,AIRBUS HELICOPTERS EC-155,H2T,L
43EC6C,2-RBLF,B738,BOEING 737-800,L2J,M
44006C,OE-LBT,A320,AIRBUS A-320,L2J,M
44016C,OE-DUF,C210,CESSNA 201 Centurion,L1P,L
44026C,OE-XAJ,B06,BELL 206 JetRanger,H1T,L
44036C,OE-9998,DIMO,DIAMOND H-36 Dimona,L1P,L
44066C,OE-XFA,R44,ROBINSON R-44 Raven,H1P,L
44076C,OE-KMR,S22T,CIRRUS SR-22T Turbo,L1P,L
44096C,OE-CBH,BX2,BRANDLI Cherry,L1P,L
440A6C,OE-IPL,GA6C,GULFSTREAM G600,L2J,M
44866C,OO-ASL,BE20,BEECH 200 Super King Air,L2T,M
44B96C,OO-NKL,RF5,FOURNIER RF-5,L1P,L
44CE6C,OO-SSL,A319,AIRBUS A-319,L2J,M
44D86C,OO-VCL,C152,CESSNA 152,L1P,L
44DA6C,OO-VSL,DR40,ROBIN DR-400,L1P,L
44E96C,OO-ZKL,GLID,,L0-,-
44F66C,ST-23,F260,AERMACCHI SF-260,L1P,L
45206C,LZ-BVT,B733,BOEING 737-300,L2J,M
45906C,OY-DCL,PA22,PIPER PA-22,L1P,L
45A16C,OY-HKL,R44,ROBINSON R-44 Raven,H1P,L
45A96C,OY-JKL,C172,CESSNA 172 Skyhawk,L1P,L
45B86C,OY-NCL,J328,Dornier 328 JET,L2J,M
45C06C,OY-PCL,BE20,BEECH 200 Super King Air,L2T,M
45C86C,OY-RCL,A20N,AIRBUS A-320neo,L2J,M
45F06C,OY-9480,AP22,AEROPRACT A-22,L1P,L
461F6C,OH-LXK,A320,AIRBUS A-320,L2J,M
46DA6C,SX-VSL,A320,AIRBUS A-320,L2J,M
47036C,HA-BHS,DV20,DIAMOND DA-20,L1P,L
471F6C,HA-LXK,A321,AIRBUS A-321,L2J,M
47836C,LN-RRZ,B736,BOEING 737-600,L2J,M
47866C,LN-TFQ,P28A,PIPER PA-28-140/150/160/180,L1P,L
479D6C,LN-FVB,DH8A,DE HAVILLAND DHC-8-100 Dash 8,L2T,M
48086C,Q-29,H64,MCDONNELL DOUGLAS AH-64 Apache,H2T,M
48436C,PH-BQE,B772,BOEING 777-200,L2J,H
48446C,PH-KON,BALL,,B0-,-
48466C,PH-KAJ,RF6,FOURNIER RF-6,L1P,L
48476C,PH-BSF,C172,CESSNA 172 Skyhawk,L1P,L
48486C,PH-PPR,BALL,,B0-,-
48496C,PH-KNF,PA18,PIPER PA-18 Super Cub,L1P,L
484A6C,PH-BEA,TAMP,SOCATA TB-9 Tampico,L1P,L
484C6C,PH-760,GLID,,L0-,-
484D6C,PH-INT,BALL,,B0-,-
484E6C,PH-2L1,ULAC,,L0-,-
484F6C,PH-HSF,B738,BOEING 737-800,L2J,M
48506C,PH-TFL,B788,BOEING 787-8 Dreamliner,L2J,H
48516C,PH-1FX,ZZZZ,,-0-,-
48536C,PH-1579,GLID,,L0-,-
48546C,PH-1500,VENT,SCHEMPP-HIRTH Ventus,L1P,L
48556C,PH-1YI,ZZZZ,,-0-,-
48566C,PH-2SR,ZZZZ,,-0-,-
48806C,SP-ADM,P06T,TECNAM P-2006T,L2P,L
48986C,SP-GDM,C182,CESSNA 182 Skylane,L1P,L
48C46C,SP-SDM,TL20,TL ULTRALIGHT TL-2000 Sting,L1P,L
48C96C,SP-3867,GLID,,L0-,-
48CA6C,SP-TUM,TAMP,SOCATA TB-9 Tampico,L1P,L
48DC6C,SP-YDM,AAT4,AERO AT-4,L1P,L
49106C,CS-DCL,C172,CESSNA 172 Skyhawk,L1P,L
49C06C,OK-QUA06,ULAC,,L0-,-
49C16C,OM-M370,NG5,BRM AERO NG-5/6 Bristell,L1P,L
49D06C,OK-TLH,R44,ROBINSON R-44 Raven,H1P,L
49D16C,OK-WSM,COL3,CESSNA 350 Corvalis,L1P,L
49D26C,OK-TVR,B738,BOEING 737-800,L2J,M
49D36C,OK-CHT,PA18,PIPER PA-18 Super Cub,L1P,L
49D46C,OK-BAD,R44,ROBINSON R-44 Raven,H1P,L
4A4C6C,YR-SCL,DV20,DIAMOND DA-20,L1P,L
4A686C,YR-ZCL,Z42,ZLIN Z-42/142/242,L1P,L
4AA46C,SE-ICL,P28A,PIPER PA-28-140/150/160/180,L1P,L
4AAA6C,SE-JSL,EC45,AIRBUS HELICOPTERS EC-145,H2T,L
4AB56C,SE-MKL,AT76,ATR-72-600,L2T,M
4AC96C,SE-RKL,GLF5,GULFSTREAM 5,L2J,M
4ACA6C,SE-RSL,E195,EMBRAER ERJ-190-200,L2J,M
4ADA6C,SE-VSL,S450,AERO-EAST-EUROPE SILA-450,L1P,L
4B046C,HB-BRO,BALL,,B0-,-
4B056C,HB-CBK,C150,CESSNA 150,L1P,L
4B0F6C,HB-FVW,PC12,PILATUS PC-12,L1T,L
4B2C6C,HB-QVK,BALL,,B0-,-
4B406C,HB-YKI,EUPA,Europa,L1P,L
4B436C,HB-ZNW,B407,BELL 407,H1T,L
4B516C,HB-3269,GLID,,L0-,-
4B7F6C,V-612,PC6T,PILATUS PC-6 Turbo-Porter,L1T,L
4B866C,TC-ASL,CL60,BOMBARDIER CL-600 Challenger,L2J,M
4B906C,TC-DCL,A320,AIRBUS A-320,L2J,M
4BAA6C,TC-JSL,A321,AIRBUS A-321,L2J,M
4BB06C,TC-LCL,B38M,BOEING 737 MAX 8,L2J,M
4BB26C,TC-LSL,A21N,AIRBUS A-321neo,L2J,M
4BB86C,TC-NCL,A20N,AIRBUS A-320neo,L2J,M
4BBC6C,TC-OCL,A332,AIRBUS A-330-200,L2J,H
4BD16C,TC-TKL,CL2P,CANADAIR CL-215,A2P,M
4BD46C,TC-UCL,A210,AQUILA A-210,L1P,L
4C056C,YU-BLM,C310,CESSNA 310,L2P,L
4C086C,YU-CDM,PA18,PIPER PA-18 Super Cub,L1P,L
4C306C,YU-MDM,PA38,PIPER PA-38 Tomahawk,L1P,L
4C546C,YU-VDM,A119,AGUSTA AW-119 Koala,H1T,L
4C806C,5B-DDE,F100,FOKKER 100,L2J,M
4CA36C,EI-GWY,C172,CESSNA 172 Skyhawk,L1P,L
4CA56C,EI-DWG,B738,BOEING 737-800,L2J,M
4CA66C,EI-DXZ,UF10,URBAN UFM-10 Samba,L1P,L
4CAB6C,EI-FDR,ULAC,,L0-,-
4CC26C,TF-ISL,B752,BOEING 757-200,L2J,M
4D026C,LX-HBL,G2CA,GUIMBAL G-2 Cabri,H1P,L
4D216C,9H-CGF,P46T,PIPER PA-46-500TP,L1T,L
4D226C,9H-QAZ,B738,BOEING 737-800,L2J,M
4D236C,9H-VUV,B38M,BOEING 737 MAX 8,L2J,M
50006C,T7-AEA,EA50,ECLIPSE 550,L2J,L
50026C,T7-HZM,B06,BELL 206 JetRanger,H1T,L
503D6C,LY-PLW,A332,AIRBUS A-330-200,L2J,H
503E6C,LY-MLK,A320,AIRBUS A-320,L2J,M
504E6C,ER-BAS,B744,BOEING 747-400,L4J,H
505C6C,OM-TAT,DA62,DIAMOND DA-62,L2P,L
505D6C,OM-KLA,DV20,DIAMOND DA-20,L1P,L
505F6C,1521,L410,LET L-410 Turbolet,L2T,L
506E6C,S5-HZJ,B06,BELL 206 JetRanger,H1T,L
50806C,UR-GAK,B735,BOEING 737-500,L2J,M
50826C,UR-CJR,MD82,MCDONNELL-DOUGLAS MD-82,L2J,M
50846C,UR-CTP,SIRA,TECNAM P-2002 Sierra,L1P,L
68326C,UP-B3723,B735,BOEING 737-500,L2J,M
70206C,S2-AHF,AT75,ATR-72-500,L2T,M
70606C,9K-AKR,A20N,AIRBUS A-320neo,L2J,M
72866C,YI-ASL,B38M,BOEING 737 MAX 8,L2J,M
73306C,EP-LCL,MD82,MCDONNELL-DOUGLAS MD-82,L2J,M
73346C,EP-MCL,T154,TUPOLEV Tu-154,L3J,M
734E6C,EP-SSL,A319,AIRBUS A-319,L2J,M
73806C,4X-EKF,B738,BOEING 737-800,L2J,M
73946C,4X-BEW,R44,ROBINSON R-44 Raven,H1P,L
73956C,4X-AAN,DH82,DE HAVILLAND DH-82 Tiger Moth,L1P,L
75006C,9M-MWI,AT75,ATR-72-500,L2T,M
75026C,9M-SSH,EC35,AIRBUS HELICOPTERS EC-135/635,H2T,L
75046C,9M-MTW,A332,AIRBUS A-330-200,L2J,H
75806C,RP-C1728,B350,BEECHCRAFT Super King Air 350,L2T,M
75836C,RP-C3885,BE20,BEECH 200 Super King Air,L2T,M
75866C,CGH-1451,EC45,AIRBUS HELICOPTERS EC-145,H2T,L
76166C,AP-ESL,C25B,CESSNA 525B Citation CJ3,L2J,L
76AA6C,9V-JSL,A320,AIRBUS A-320,L2J,M
76CC6C,9V-SCL,B78X,BOEING 787-10 Dreamliner,L2J,H
76CD6C,9V-SKL,A388,AIRBUS A-380-800,L4J,H
78006C,B-5207,B737,BOEING 737-700,L2J,M
78026C,B-7931,C172,CESSNA 172 Skyhawk,L1P,L
78056C,B-6567,A320,AIRBUS A-320,L2J,M
78066C,B-5527,B738,BOEING 737-800,L2J,M
78076C,B-2086,B77W,BOEING 777-300ER,L2J,H
78086C,B-2031,B77W,BOEING 777-300ER,L2J,H
780A6C,B-LNO,A333,AIRBUS A-330-300,L2J,H
780C6C,B-1973,B738,BOEING 737-800,L2J,M
780D6C,B-1633,A320,AIRBUS A-320,L2J,M
780E6C,B-3381,CRJ9,BOMBARDIER Regional Jet CRJ-900,L2J,M
780F6C,B-7590,B738,BOEING 737-800,L2J,M
78116C,B-1436,B738,BOEING 737-800,L2J,M
78136C,B-1071,A320,AIRBUS A-320,L2J,M
78156C,B-303V,A20N,AIRBUS A-320neo,L2J,M
78176C,B-7911,C172,CESSNA 172 Skyhawk,L1P,L
781A6C,B-320U,A20N,AIRBUS A-320neo,L2J,M
781C6C,B-325Y,A20N,AIRBUS A-320neo,L2J,M
781E6C,B-32CL,A20N,AIRBUS A-320neo,L2J,M
78926C,B-LDU,A333,AIRBUS A-330-300,L2J,H
79A06C,B-2406,A320,AIRBUS A-320,L2J,M
7A426C,11157,Y20,XIAN Kunpeng,L4J,H
7C006C,VH-ADA,BL8,BELLANCA 8 Decathlon,L1P,L
7C0B6C,VH-CJI,C210,CESSNA 201 Centurion,L1P,L
7C156C,VH-EIM,C182,CESSNA 182 Skylane,L1P,L
7C166C,VH-EPQ,SLG4,AIRPLANE FACTORY Sling 4,L1P,L
7C176C,VH-EWU,C172,CESSNA 172 Skyhawk,L1P,L
7C206C,VH-GOU,GLID,,L0-,-
7C266C,VH-HVI,C152,CESSNA 152,L1P,L
7C2A6C,VH-INY,MD52,MCDONNELL-DOUGLAS MD-520N,H1T,L
7C2E6C,VH-JGE,B06,BELL 206 JetRanger,H1T,L
7C2F6C,VH-JNI,PA32,PIPER PA-32,L1P,L
7C336C,VH-KFY,P28A,PIPER PA-28-140/150/160/180,L1P,L
7C3A6C,VH-LTQ,BE20,BEECH 200 Super King Air,L2T,M
7C436C,VH-NLQ,C172,CESSNA 172 Skyhawk,L1P,L
7C486C,VH-OLA,R44,ROBINSON R-44 Raven,H1P,L
7C4C6C,VH-PDQ,RV7,VANS RV-7,L1P,L
7C4D6C,VH-PKU,AS50,AEROSPATIALE AS-350 Ecureuil,H1T,L
7C566C,VH-RCU,DHC1,DE HAVILLAND DHC-1 Chipmunk,L1P,L
7C5B6C,VH-SCE,DH8C,DE HAVILLAND DHC-8-300 Dash 8,L2T,M
7C5C6C,VH-SJI,R22,ROBINSON R-22 Mariner,H1P,L
7C5D6C,VH-SQM,C550,CESSNA 550 Citation S2,L2J,L
7C656C,VH-UBI,B38M,BOEING 737 MAX 8,L2J,M
7C6F6C,VH-WAM,AC50,NORTH AMERICAN ROCKWELL Commander 500,L2P,L
7C726C,VH-WVY,R44,ROBINSON R-44 Raven,H1P,L
7C756C,VH-XHA,AEST,AEROSTAR 600,L2P,L
7C7A6C,VH-YGU,C172,CESSNA 172 Skyhawk,L1P,L
7C7B6C,VH-YNY,R44,ROBINSON R-44 Raven,H1P,L
7C7F6C,VH-ZGE,DG80,DG FLUGZEUGBAU DG-800,L1P,L
7C806C,VH-ZNI,B789,BOEING 787-9 Dreamliner,L2J,H
7C816C,VH-ZUM,PA31,PIPER PA-31-300/310/325/350/425,L2P,L
7CC46C,23-1552,P208,TECNAM P-2008,L1P,L
7CC56C,24-7571,EFOX,AEROPRO Eurofox,L1P,L
7CF86C,A41-209,C17,BOEING C-17 Globemaster 3,L4J,H
7CFA6C,A23-062,PC9,PILATUS PC-9 Hudournik,L1T,L
80036C,VT-NGS,CL60,BOMBARDIER CL-600 Challenger,L2J,M
800D6C,VT-IZV,A20N,AIRBUS A-320neo,L2J,M
80146C,VT-WJX,A20N,AIRBUS A-320neo,L2J,M
80156C,VT-IPO,A20N,AIRBUS A-320neo,L2J,M
84046C,JA016C,SR22,CIRRUS SR-22,L1P,L
84106C,JA04JJ,A320,AIRBUS A-320,L2J,M
84116C,JA04VA,A320,AIRBUS A-320,L2J,M
841A6C,JA07AN,B737,BOEING 737-700,L2J,M
845D6C,JA110G,B412,BELL 412,H2T,L
846B6C,JA14XJ,A359,AIRBUS A-350-900,L2J,H
856E6C,JA4212,BE36,BEECH 36 Bonanza,L1P,L
85DF6C,JA58GA,BE58,BEECH 58 Baron,L2P,L
86796C,JA71AN,B738,BOEING 737-800,L2J,M
867F6C,JA731N,R44,ROBINSON R-44 Raven,H1P,L
86CE6C,JA801A,B788,BOEING 787-8 Dreamliner,L2J,H
86D96C,JA833A,B789,BOEING 787-9 Dreamliner,L2J,H
86E46C,JA865A,B350,BEECHCRAFT Super King Air 350,L2T,M
86EF6C,JA897A,B789,BOEING 787-9 Dreamliner,L2J,H
88006C,HS-PGB,AT75,ATR-72-500,L2T,M
881B6C,60112,C130,LOCKHEED C-130 Hercules,L4T,M
88426C,HS-PSL,C55B,CESSNA 550B Citation Bravo,L2J,L
88516C,HS-TKL,B773,BOEING 777-300,L2J,H
88596C,HS-VKL,A321,AIRBUS A-321,L2J,M
88816C,VN-A621,A21N,AIRBUS A-321neo,L2J,M
89646C,A6-FGE,B738,BOEING 737-800,L2J,M
89656C,A6-FMR,B38M,BOEING 737 MAX 8,L2J,M
896C6C,1351,CL60,BOMBARDIER CL-600 Challenger,L2J,M
89906C,B-28027,MD83,MCDONNELL-DOUGLAS MD-83,L2J,M
89916C,B-22811,AT75,ATR-72-500,L2T,M
8A026C,PK-GPL,A332,AIRBUS A-330-200,L2J,H
A0016C,N1QM,C421,CESSNA 421 Executive Commuter,L2P,L
A0026C,N10AS,P28R,PIPER PA-28R-180/200/201,L1P,L
A0036C,N10LY,C550,CESSNA 550 Citation S2,L2J,L
A0046C,N10XD,SAKO,RANS S-10 Sakota,L1P,L
A0056C,N100HJ,C340,CESSNA 340 Super,L2P,L
A0076C,N10021,M20P,MOONEY M-20,L1P,L
A0096C,N101LG,,,,
A00B6C,N10144,C150,CESSNA 150,L1P,L
A00C6C,N102CZ,BE58,BEECH 58 Baron,L2P,L
A00D6C,N102PE,CH60,ZENAIR CH-600 Zodiac,L1P,L
A0126C,N1031Z,,,,
A0156C,N104VA,P28A,PIPER PA-28-140/150/160/180,L1P,L
A0166C,N10432,UH1,BELL UH-1 Huey,H1T,L
A0176C,N105BM,BALL,,B0-,-
A0186C,N105MT,C182,CESSNA 182 Skylane,L1P,L
A01A6C,N10555,M7,MAULE M-7,L1P,L
A0206C,N107TP,GLID,,L0-,-
A0226C,N108A,GLID,,L0-,-
A0236C,N108LF,RV8,VANS RV-8,L1P,L
A0246C,N108WM,PA32,PIPER PA-32,L1P,L
A0256C,N10843,C150,CESSNA 150,L1P,L
A0266C,N109CY,A109,AGUSTA AW-109 Grand,H2T,L
A0296C,N10966,,,,
A02A6C,N11FW,VALI,CONVAIR Valiant,L1P,L
A02B6C,N11SB,PA31,PIPER PA-31-300/310/325/350/425,L2P,L
A02C6C,N110CG,M20P,MOONEY M-20,L1P,L
A0306C,N111FE,B763,BOEING 767-300,L2J,H
A0316C,N111RL,AS24,SCHLEICHER ASW-24,L1P,L
A0326C,N1111G,GL7T,BOMBARDIER BD-700 Global 7000/7500,L2J,M
A0336C,N1118T,BE95,BEECH 95 Travel Air,L2P,L
A0346C,N112JC,PA18,PIPER PA-18 Super Cub,L1P,L
A0376C,N113AV,L29,AERO L-29 Delfin,L1J,L
A0386C,N113MA,MC45,MEYERS MAC-145,L1P,L
A03B6C,N114DT,AC11,NORTH AMERICAN ROCKWELL Commander 112/114,L1P,L
A0416C,N1152H,AR15,AERONCA 15 Sedan,L1P,L
A0436C,N116KP,AT6T,AIR TRACTOR AT-602,L1T,L
A0456C,N1164L,LA4,LAKE LA-4/200,A1P,L
A04B6C,N118RK,LJ45,LEARJET 45,L2J,M
A04C6C,N1181F,C310,CESSNA 310,L2P,L
A04D6C,N1188S,GLID,,L0-,-
A04E6C,N119JB,BE35,BEECH 35 Starfire Bonanza,L1P,L
A0506C,N1193J,VO10,NORTH AMERICAN ROCKWELL Commander 100,L1P,L
A0526C,N12M,RV6,VANS RV-6,L1P,L
A0546C,N120HL,E120,EMBRAER EMB-120 Brasilia,L2T,M
A0576C,N121AC,S22T,CIRRUS SR-22T Turbo,L1P,L
A0586C,N121LJ,LJ31,LEARJET 31,L2J,M
A05A6C,N12146,ZZZZ,,-0-,-
A05B6C,N122DA,MONI,MONNETT Moni,L1P,L
A05C6C,N122PG,BE95,BEECH 95 Travel Air,L2P,L
A0616C,N12311,ZZZZ,,-0-,-
A0656C,N12434,C414,CESSNA 414 Chancellor,L2P,L
A0696C,N12557,ST75,STEARMAN Kaydet,L1P,L
A06C6C,N1260Z,BE35,BEECH 35 Starfire Bonanza,L1P,L
A0726C,N128LH,RV8,VANS RV-8,L1P,L
A0736C,N128WP,PA32,PIPER PA-32,L1P,L
A0756C,N129D,ACR2,ACRO SPORT 2,L1P,L
A0786C,N12968,C172,CESSNA 172 Skyhawk,L1P,L
A0796C,N13FY,T6,NORTH AMERICAN T-6 Texan,L1P,L
A07A6C,N13SD,H500,HUGHES 500,H1T,L
A07D6C,N130YW,,,,
A0816C,N1311J,AC11,NORTH AMERICAN ROCKWELL Commander 112/114,L1P,L
A0836C,N132JE,GLF4,GULFSTREAM 4,L2J,M
A0856C,N1323M,C182,CESSNA 182 Skylane,L1P,L
A0876C,N133MC,SR20,CIRRUS SR-20,L1P,L
A0896C,N1335Q,C150,CESSNA 150,L1P,L
A08D6C,N1347T,P28A,PIPER PA-28-140/150/160/180,L1P,L
A0916C,N1359W,M20P,MOONEY M-20,L1P,L
A0946C,N1364N,COL4,CESSNA 400 Corvalis TT,L1P,L
A0986C,N1376R,AA5,AMERICAN AA-5 Tiger,L1P,L
A09B6C,N1381H,AR15,AERONCA 15 Sedan,L1P,L
A09C6C,N1388U,C172,CESSNA 172 Skyhawk,L1P,L
A09D6C,N139JD,MT,ROTORSPORT MTOSport,G1P,L
A09E6C,N139UK,L39,LET L-39 Albatros,L1J,L
A0A16C,N14MB,BE36,BEECH 36 Bonanza,L1P,L
A0A46C,N140TU,,,,
A0A66C,N141AE,H25B,HAWKER BEECHCRAFT Hawker 750/850,L2J,M
A0A86C,N141WS,BE35,BEECH 35 Starfire Bonanza,L1P,L
A0A96C,N14148,E45X,EMBRAER ERJ-145XR,L2J,M
A0AA6C,N142DC,GLID,,L0-,-
A0AD6C,N1427A,B763,BOEING 767-300,L2J,H
A0AE6C,N143GA,G280,GULFSTREAM G280,L2J,M
A0B06C,N14313,PA18,PIPER PA-18 Super Cub,L1P,L
A0C46C,N149DB,,,,
A0C56C,N149PH,A139,AGUSTA AW-139,H2T,L
A0C96C,N15SF,AC90,NORTH AMERICAN ROCKWELL Turbo Commander 690/840,L2T,L
A0CA6C,N150CL,C150,CESSNA 150,L1P,L
A0D06C,N1511L,B06,BELL 206 JetRanger,H1T,L
A0D16C,N1518X,DRON,,D0-,-
A0D26C,N152JG,,,,
A0D46C,N1523P,BE33,BEECH 33 Bonanza,L1P,L
A0D86C,N1535S,BE35,BEECH 35 Starfire Bonanza,L1P,L
A0DB6C,N1540J,P28A,PIPER PA-28-140/150/160/180,L1P,L
A0DE6C,N155TA,,,,
A0DF6C,N1552M,L5,STINSON Sentinel,L1P,L
A0E16C,N156KT,SR20,CIRRUS SR-20,L1P,L
A0E96C,N158RP,GYRO,,G0-,-
A0EE6C,N1593N,J3,PIPER J-3 Cub,L1P,L
A0F96C,N162DE,DHC6,DE HAVILLAND DHC-6 Twin Otter,L2T,L
A0FC6C,N1627C,C180,CESSNA  180 Skywagon,L1P,L
A0FD6C,N163GC,BE23,BEECH 23 Sundowner,L1P,L
A0FF6C,N16315,UH1,BELL UH-1 Huey,H1T,L
A1026C,N164VG,RV6,VANS RV-6,L1P,L
A10D6C,N167TV,GLF4,GULFSTREAM 4,L2J,M
A10E6C,N16726,B06,BELL 206 JetRanger,H1T,L
A10F6C,N168AF,T34P,BEECH T-34 Mentor,L1P,L
A1106C,N168LM,SH33,SHORT 330 Sherpa,L2T,M
A1136C,N169DD,CH7B,BELLANCA 7 Citabria,L1P,L
A1146C,N169PK,GLF4,GULFSTREAM 4,L2J,M
A1176C,N17GB,BE17,BEECH 17 Staggerwing,L1P,L
A1186C,N17SH,SPHA,AMERICAN AUTOGYRO Spinus,G1P,L
A11C6C,N1706W,BE36,BEECH 36 Bonanza,L1P,L
A11D6C,N171FL,CVLP,CONVAIR Convairliner,L2P,M
A11E6C,N171RS,T206,CESSNA T206 Turbo Stationair,L1P,L
A1216C,N172JJ,C172,CESSNA 172 Skyhawk,L1P,L
A1246C,N173BA,C172,CESSNA 172 Skyhawk,L1P,L
A1286C,N174DZ,B763,BOEING 767-300,L2J,H
A12A6C,N1740L,T206,CESSNA T206 Turbo Stationair,L1P,L
A12E6C,N1752P,PA18,PIPER PA-18 Super Cub,L1P,L
A1336C,N177CM,P32R,PIPER PA-32R-300/301/301T,L1P,L
A1366C,N1776V,C140,CESSNA 140,L1P,L
A13D6C,N1793Q,C150,CESSNA 150,L1P,L
A13E6C,N18B,GA5C,GULFSTREAM G500,L2J,M
A1406C,N18XM,CH7B,BELLANCA 7 Citabria,L1P,L
A1416C,N180HS,C180,CESSNA  180 Skywagon,L1P,L
A1476C,N1815B,L8,LUSCOMBE 8,L1P,L
A1486C,N182DG,C182,CESSNA 182 Skylane,L1P,L
A14F6C,N1839H,PA34,PIPER PA-34 Seneca,L2P,L
A1536C,N185BV,C185,CESSNA 185 Skywagon,L1P,L
A15A6C,N1868F,C210,CESSNA 201 Centurion,L1P,L
A15C6C,N187TX,PA44,PIPER PA-44 Seminole,L2P,L
A15D6C,N18728,C172,CESSNA 172 Skyhawk,L1P,L
A1716C,N192US,DC91,MCDONNELL DOUGLAS DC-9-10,L2J,M
A1736C,N193BC,MUS2,BUSHBY M-2 Mustang 2,L1P,L
A17A6C,N1947Z,C120,CESSNA 120,L1P,L
A17D6C,N1952R,E55P,EMBRAER EMB-505 Phenom 300,L2J,M
A17E6C,N19592,C150,CESSNA 150,L1P,L
A1826C,N197CP,SR22,CIRRUS SR-22,L1P,L
A1836C,N197NV,A320,AIRBUS A-320,L2J,M
A1856C,N1976X,C182,CESSNA 182 Skylane,L1P,L
A1896C,N19880,C177,CESSNA  177 Cardinal,L1P,L
A18A6C,N199JK,C500,CESSNA 500 Citation 1,L2J,L
A18D6C,N2BB,BE95,BEECH 95 Travel Air,L2P,L
A18E6C,N2MH,P32R,PIPER PA-32R-300/301/301T,L1P,L
A18F6C,N2XP,JACE,ACE Junior Ace,L1P,L
A1916C,N20U,CUCA,CULVER Cadet,L1P,L
A1956C,N20073,C172,CESSNA 172 Skyhawk,L1P,L
A1966C,N201HC,M20P,MOONEY M-20,L1P,L
A1976C,N201TJ,M20P,MOONEY M-20,L1P,L
A1986C,N2012V,C140,CESSNA 140,L1P,L
A1996C,N20196,C172,CESSNA 172 Skyhawk,L1P,L
A19B6C,N202WG,G200,AKROTECH G-200,L1P,L
A1A46C,N20484,C172,CESSNA 172 Skyhawk,L1P,L
A1A76C,N2053W,BE35,BEECH 35 Starfire Bonanza,L1P,L
A1A96C,N206MM,T206,CESSNA T206 Turbo Stationair,L1P,L
A1AB6C,N2065Z,C150,CESSNA 150,L1P,L
A1AE6C,N2070R,M20P,MOONEY M-20,L1P,L
A1B06C,N208HB,C208,CESSNA 208 Caravan,L1T,L
A1B16C,N208TH,P32R,PIPER PA-32R-300/301/301T,L1P,L
A1B46C,N209L,SREY,PROGRESSIVE AERODYNE SeaRey,A1P,L
A1B56C,N209WF,,,,
A1B76C,N21CS,C310,CESSNA 310,L2P,L
A1BC6C,N2104F,T206,CESSNA T206 Turbo Stationair,L1P,L
A1C06C,N2116J,P28A,PIPER PA-28-140/150/160/180,L1P,L
A1C26C,N212RE,RV7,VANS RV-7,L1P,L
A1C36C,N2121A,PA22,PIPER PA-22,L1P,L
A1C96C,N214LV,C680,CESSNA 680 Citation Sovereign,L2J,M
A1CB6C,N2145G,C182,CESSNA 182 Skylane,L1P,L
A1D16C,N216SR,P28A,PIPER PA-28-140/150/160/180,L1P,L
A1D36C,N2169N,C140,CESSNA 140,L1P,L
A1D66C,N2174E,P28A,PIPER PA-28-140/150/160/180,L1P,L
A1DA6C,N2186H,BALL,,B0-,-
A1DD6C,N2191,B407,BELL 407,H1T,L
A1E06C,N22UB,C25C,CESSNA 525C Citation CJ4,L2J,M
A1E66C,N221TL,BE35,BEECH 35 Starfire Bonanza,L1P,L
A1EF6C,N22363,P32R,PIPER PA-32R-300/301/301T,L1P,L
A1F26C,N2241V,C172,CESSNA 172 Skyhawk,L1P,L
A1F66C,N2253Y,C177,CESSNA  177 Cardinal,L1P,L
A1F76C,N226BH,,,,
A1F86C,N226MP,GLF4,GULFSTREAM 4,L2J,M
A2036C,N229LB,RV8,VANS RV-8,L1P,L
A2096C,N230KL,COZY,CO-Z Cozy,L1P,L
A20D6C,N231NJ,M20P,MOONEY M-20,L1P,L
A20F6C,N2316L,BE23,BEECH 23 Sundowner,L1P,L
A2176C,N234AR,AA5,AMERICAN AA-5 Tiger,L1P,L
A21D6C,N2350A,PA22,PIPER PA-22,L1P,L
A21E6C,N2357M,PA12,PIPER PA-12 Super Cruiser,L1P,L
A2206C,N236ST,C402,CESSNA 402 Businessliner,L2P,L
A2226C,N2369Q,WACF,WACO F,L1P,L
A2256C,N2374G,C182,CESSNA 182 Skylane,L1P,L
A22A6C,N239F,CH75,ZENAIR CH-750 Cruzer,L1P,L
A22C6C,N2391B,C82S,CESSNA T182 Turbo Skylane,L1P,L
A22F6C,N24UD,C56X,CESSNA 560XL Citation XLS,L2J,M
A2356C,N241TN,PA23,PIPER PA-23,L2P,L
A2376C,N242,B14A,BELLANCA 14,L1P,L
A2386C,N242LE,LGEZ,RUTAN Long-EZ,L1P,L
A23A6C,N24242,C152,CESSNA 152,L1P,L
A23C6C,N243PC,C700,CESSNA 700 Citation Longitude,L2J,M
A2406C,N244SA,SW3,SWEARINGEN Merlin 3,L2T,L
A2416C,N2441X,C82T,CESSNA TR182 Turbo Skylane RG,L1P,L
A2456C,N24530,C152,CESSNA 152,L1P,L
A2466C,N246BK,C340,CESSNA 340 Super,L2P,L
A2496C,N24653,BE19,BEECH 19 Sport,L1P,L
A24C6C,N2470V,C140,CESSNA 140,L1P,L
A24D6C,N24776,J4,PIPER J-4 Cub Coupe,L1P,L
A2556C,N25CW,C172,CESSNA 172 Skyhawk,L1P,L
A2596C,N250VU,,,,
A25A6C,N2504K,L8,LUSCOMBE 8,L1P,L
A25B6C,N251CE,DC6,DOUGLAS DC-6 Liftmaster,L4P,M
A25E6C,N2516N,C120,CESSNA 120,L1P,L
A2626C,N2528R,C182,CESSNA 182 Skylane,L1P,L
A2636C,N253JA,P28A,PIPER PA-28-140/150/160/180,L1P,L
A2666C,N254AT,PA44,PIPER PA-44 Seminole,L2P,L
A26B6C,N255PX,PRM1,RAYTHEON 390 Premier 1,L2J,L
A26C6C,N2550C,,,,
A26D6C,N2557P,PA22,PIPER PA-22,L1P,L
A26E6C,N256GP,C172,CESSNA 172 Skyhawk,L1P,L
A2706C,N2562F,CH7B,BELLANCA 7 Citabria,L1P,L
A2716C,N2569S,C337,CESSNA 337 Super Skymaster,L2P,L
A2756C,N258CD,SR20,CIRRUS SR-20,L1P,L
A2786C,N2586M,PA12,PIPER PA-12 Super Cruiser,L1P,L
A2796C,N259FB,B06,BELL 206 JetRanger,H1T,L
A27A6C,N259RH,H25B,HAWKER BEECHCRAFT Hawker 750/850,L2J,M
A27D6C,N26J,DG15,HOWARD Nightingale,L1P,L
A2816C,N2600Y,C180,CESSNA  180 Skywagon,L1P,L
A2886C,N262WN,B737,BOEING 737-700,L2J,M
A2896C,N26244,AA5,AMERICAN AA-5 Tiger,L1P,L
A28F6C,N264SC,B06,BELL 206 JetRanger,H1T,L
A2906C,N2641Z,C310,CESSNA 310,L2P,L
A2916C,N2649,CRER,RANS Courier,L1P,L
A2936C,N265VA,RV12,VANS RV-12,L1P,L
A2966C,N266MT,DRON,,D0-,-
A2986C,N26655,AA5,AMERICAN AA-5 Tiger,L1P,L
A29C6C,N26778,AA5,AMERICAN AA-5 Tiger,L1P,L
A29F6C,N26820,J3,PIPER J-3 Cub,L1P,L
A2A06C,N269A,H269,HUGHES Sky Knight,H1P,L
A2A26C,N269WM,PA18,PIPER PA-18 Super Cub,L1P,L
A2A46C,N27CY,PA23,PIPER PA-23,L2P,L
A2A56C,N27PD,WAIX,SONEX Waiex,L1P,L
A2A76C,N270KQ,K100,DAHER Kodiak 100,L1T,L
A2AB6C,N271NN,E75L,EMBRAER ERJ-170-200 (long wing),L2J,M
A2AE6C,N272FE,B763,BOEING 767-300,L2J,H
A2B16C,N2728T,BE35,BEECH 35 Starfire Bonanza,L1P,L
A2B46C,N2733K,RV10,VANS RV-10,L1P,L
A2B56C,N274AV,CRJ2,BOMBARDIER Regional Jet CRJ-200,L2J,M
A2B96C,N275DT,,,,
A2BB6C,N2750E,CH7A,BELLANCA 7 Champion,L1P,L
A2BD6C,N276GR,CL60,BOMBARDIER CL-600 Challenger,L2J,M
A2C06C,N2769U,C172,CESSNA 172 Skyhawk,L1P,L
A2D46C,N28123,J5,PIPER J-5 Cub Cruiser,L1P,L
A2DE6C,N284SE,G280,GULFSTREAM G280,L2J,M
A2E36C,N28534,AA5,AMERICAN AA-5 Tiger,L1P,L
A2E46C,N286BP,A169,AGUSTA AW-169,H2T,L
A2E76C,N28657,AA5,AMERICAN AA-5 Tiger,L1P,L
A2EA6C,N2870Z,PA18,PIPER PA-18 Super Cub,L1P,L
A2EC6C,N288HK,C680,CESSNA 680 Citation Sovereign,L2J,M
A2EE6C,N28822,C150,CESSNA 150,L1P,L
A2EF6C,N289AB,EXEC,ROTORWAY Exec,H1P,L
A2F46C,N29PF,E550,EMBRAER EMB-550 Praetor 600,L2J,M
A2F96C,N291CJ,P68,PARTENAVIA P-68 Observer,L2P,L
A2FE6C,N292RN,H47,BOEING-VERTOL CH-47 Chinook,H2T,M
A2FF6C,N2921J,C150,CESSNA 150,L1P,L
A3036C,N2933M,PA12,PIPER PA-12 Super Cruiser,L1P,L
A3056C,N294MC,SR22,CIRRUS SR-22,L1P,L
A3076C,N2945Q,P28A,PIPER PA-28-140/150/160/180,L1P,L
A30A6C,N2950G,P28A,PIPER PA-28-140/150/160/180,L1P,L
A30E6C,N2962K,L8,LUSCOMBE 8,L1P,L
A3126C,N2974N,P28A,PIPER PA-28-140/150/160/180,L1P,L
A3186C,N299RM,PA23,PIPER PA-23,L2P,L
A31F6C,N300BA,FA20,DASSAULT Falcon 200,L2J,M
A3206C,N300MG,E55P,EMBRAER EMB-505 Phenom 300,L2J,M
A3256C,N3010L,C310,CESSNA 310,L2P,L
A3266C,N3017X,C150,CESSNA 150,L1P,L
A32C6C,N303WA,C303,CESSNA T303 Crusader,L2P,L
A32D6C,N3034S,C150,CESSNA 150,L1P,L
A3336C,N305RR,BE20,BEECH 200 Super King Air,L2T,M
A3346C,N3051M,PA12,PIPER PA-12 Super Cruiser,L1P,L
A3366C,N306JH,PA18,PIPER PA-18 Super Cub,L1P,L
A3376C,N306UP,B763,BOEING 767-300,L2J,H
A3386C,N3063Q,SS2P,ROCKWELL Thrush Commander,L1P,L
A3396C,N307B,BE18,BEECH 18 Expetitor,L2P,L
A33F6C,N3080K,BE36,BEECH 36 Bonanza,L1P,L
A3406C,N3087W,,,,
A3426C,N309TB,,,,
A3446C,N3099Z,PA18,PIPER PA-18 Super Cub,L1P,L
A3466C,N31W,GC1,GLOBE Swift,L1P,L
A3486C,N310SL,C310,CESSNA 310,L2P,L
A3496C,N31017,J3,PIPER J-3 Cub,L1P,L
A34C6C,N311VJ,SF50,CIRRUS SF-50 Vision,L1J,L
A3516C,N3126C,C180,CESSNA  180 Skywagon,L1P,L
A3526C,N313ET,S22T,CIRRUS SR-22T Turbo,L1P,L
A3586C,N31428,T28,NORTH AMERICAN T-28,L1P,L
A3596C,N315AH,SR22,CIRRUS SR-22,L1P,L
A35D6C,N316DF,BE58,BEECH 58 Baron,L2P,L
A35E6C,N316PM,PC12,PILATUS PC-12,L1T,L
A3606C,N3167D,C180,CESSNA  180 Skywagon,L1P,L
A3626C,N317SK,FA7X,DASSAULT Falcon 7X,L3J,M
A3636C,N31716,P28A,PIPER PA-28-140/150/160/180,L1P,L
A3646C,N3179G,CRER,RANS Courier,L1P,L
A36C6C,N32ES,ST75,STEARMAN Kaydet,L1P,L
A36E6C,N320BC,ULAC,,L0-,-
A3726C,N321EA,CRJ2,BOMBARDIER Regional Jet CRJ-200,L2J,M
A3756C,N3217Z,PA22,PIPER PA-22,L1P,L
A3776C,N322TE,C82T,CESSNA TR182 Turbo Skylane RG,L1P,L
A3796C,N32292,P28A,PIPER PA-28-140/150/160/180,L1P,L
A37D6C,N324CP,C172,CESSNA 172 Skyhawk,L1P,L
A37E6C,N324NV,A319,AIRBUS A-319,L2J,M
A3806C,N3246X,C150,CESSNA 150,L1P,L
A3856C,N326JK,C25A,CESSNA 525A Citation CJ2,L2J,L
A3876C,N3263S,C182,CESSNA 182 Skylane,L1P,L
A3896C,N327MH,B105,EUROCOPTER BO-105,H2T,L
A38B6C,N3275V,BE35,BEECH 35 Starfire Bonanza,L1P,L
A38C6C,N328E,RV6,VANS RV-6,L1P,L
A3916C,N329TD,DRON,,D0-,-
A3946C,N33KW,RV10,VANS RV-10,L1P,L
A3956C,N33WB,P32R,PIPER PA-32R-300/301/301T,L1P,L
A39A6C,N331KE,AT3T,AIR TRACTOR AT-302/402,L1T,L
A3A26C,N333RA,RALL,SOCATA Rallye,L1P,L
A3A36C,N33307,PA32,PIPER PA-32,L1P,L
A3AB6C,N3355C,BE35,BEECH 35 Starfire Bonanza,L1P,L
A3B06C,N337GF,C172,CESSNA 172 Skyhawk,L1P,L
A3B86C,N339NB,A319,AIRBUS A-319,L2J,M
A3BC6C,N34R,LEG2,LANCAIR Legacy,L1P,L
A3BE6C,N340ML,C340,CESSNA 340 Super,L2P,L
A3BF6C,N340XS,,,,
A3C06C,N3405Y,C180,CESSNA  180 Skywagon,L1P,L
A3C76C,N3422T,C177,CESSNA  177 Cardinal,L1P,L
A3CC6C,N344CR,P28A,PIPER PA-28-140/150/160/180,L1P,L
A3D16C,N345RV,RV6,VANS RV-6,L1P,L
A3D26C,N3451R,C182,CESSNA 182 Skylane,L1P,L
A3D46C,N346JM,,,,
A3D66C,N3463U,C182,CESSNA 182 Skylane,L1P,L
A3D76C,N347BD,FA7X,DASSAULT Falcon 7X,L3J,M
A3D86C,N347MK,P28A,PIPER PA-28-140/150/160/180,L1P,L
A3DA6C,N3475X,M20P,MOONEY M-20,L1P,L
A3DD6C,N3480P,PA23,PIPER PA-23,L2P,L
A3E66C,N350SQ,C152,CESSNA 152,L1P,L
A3F16C,N353RC,UH1,BELL UH-1 Huey,H1T,L
A3F66C,N3543B,T206,CESSNA T206 Turbo Stationair,L1P,L
A3FA6C,N3555E,CH7A,BELLANCA 7 Champion,L1P,L
A3FB6C,N356DK,S22T,CIRRUS SR-22T Turbo,L1P,L
A3FC6C,N356PR,ULAC,,L0-,-
A4006C,N357SP,B06,BELL 206 JetRanger,H1T,L
A4016C,N3572,SA7,STITS Sky-Coupe,L1P,L
A4056C,N3584C,C170,CESSNA 170,L1P,L
A40B6C,N36RB,P28A,PIPER PA-28-140/150/160/180,L1P,L
A4136C,N36173,CH7B,BELLANCA 7 Citabria,L1P,L
A4166C,N3622V,C150,CESSNA 150,L1P,L
A4176C,N36296,TAYB,TAYLORCRAFT BC/BF/BL,L1P,L
A41A6C,N3634Y,AEST,AEROSTAR 600,L2P,L
A41F6C,N365FR,A20N,AIRBUS A-320neo,L2J,M
A4226C,N36584,AR65,AERONCA 65 Super Chief,L1P,L
A4296C,N3675Z,PA18,PIPER PA-18 Super Cub,L1P,L
A42C6C,N3680R,BE36,BEECH 36 Bonanza,L1P,L
A4306C,N3692U,C182,CESSNA 182 Skylane,L1P,L
A4346C,N370GL,T206,CESSNA T206 Turbo Stationair,L1P,L
A4356C,N370SS,BK17,EUROCOPTER BK117 C-1/2,H2T,L
A4366C,N3702C,CH7A,BELLANCA 7 Champion,L1P,L
A43A6C,N3714F,C172,CESSNA 172 Skyhawk,L1P,L
A43F6C,N373EZ,PC12,PILATUS PC-12,L1T,L
A4456C,N3743D,C182,CESSNA 182 Skylane,L1P,L
A44A6C,N376DM,AA5,AMERICAN AA-5 Tiger,L1P,L
A44B6C,N376PT,,,,
A44D6C,N3767K,,,,
A44E6C,N377GK,T206,CESSNA T206 Turbo Stationair,L1P,L
A4546C,N3784E,AR11,AERONCA 11 Chief,L1P,L
A4556C,N379C,SA30,STOLP Starduster Too,L1P,L
A4586C,N3796H,M20P,MOONEY M-20,L1P,L
A45A6C,N38RD,BE35,BEECH 35 Starfire Bonanza,L1P,L
A45B6C,N380BJ,B737,BOEING 737-700,L2J,M
A4626C,N38175,BE33,BEECH 33 Bonanza,L1P,L
A4676C,N383LC,J3,PIPER J-3 Cub,L1P,L
A4706C,N3851V,C170,CESSNA 170,L1P,L
A47B6C,N3880T,P28R,PIPER PA-28R-180/200/201,L1P,L
A47C6C,N38874,J5,PIPER J-5 Cub Cruiser,L1P,L
A4806C,N38997,P32R,PIPER PA-32R-300/301/301T,L1P,L
A4816C,N39LB,SA30,STOLP Starduster Too,L1P,L
A4826C,N39WH,C421,CESSNA 421 Executive Commuter,L2P,L
A4846C,N390SU,SR20,CIRRUS SR-20,L1P,L
A4856C,N3902E,AR11,AERONCA 11 Chief,L1P,L
A48A6C,N392CC,PA18,PIPER PA-18 Super Cub,L1P,L
A48D6C,N3926L,C172,CESSNA 172 Skyhawk,L1P,L
A4916C,N3938P,PA22,PIPER PA-22,L1P,L
A4986C,N3955J,C150,CESSNA 150,L1P,L
A49E6C,N397ST,COL4,CESSNA 400 Corvalis TT,L1P,L
A4A06C,N3979Q,C172,CESSNA 172 Skyhawk,L1P,L
A4A46C,N399CB,C402,CESSNA 402 Businessliner,L2P,L
A4A76C,N3996K,P28A,PIPER PA-28-140/150/160/180,L1P,L
A4A86C,N4F,,,,
A4AA6C,N40BL,C182,CESSNA 182 Skylane,L1P,L
A4B06C,N401AV,A320,AIRBUS A-320,L2J,M
A4B16C,N401MA,TBM7,SOCATA TBM-700A/B/C,L1T,L
A4B36C,N4015N,M20P,MOONEY M-20,L1P,L
A4B46C,N402DT,FOX,KITFOX,L1P,L
A4B96C,N403SX,SONX,SONEX AIRCRAFT Sonex,L1P,L
A4BA6C,N4032H,M20P,MOONEY M-20,L1P,L
A4BB6C,N4039U,C150,CESSNA 150,L1P,L
A4BC6C,N404KP,ZZZZ,,-0-,-
A4C36C,N406FD,F260,AERMACCHI SF-260,L1P,L
A4C46C,N406RK,TBM7,SOCATA TBM-700A/B/C,L1T,L
A4C56C,N4061F,C172,CESSNA 172 Skyhawk,L1P,L
A4C76C,N407JB,B407,BELL 407,H1T,L
A4D76C,N41069,BALL,,B0-,-
A4D96C,N411SE,S22T,CIRRUS SR-22T Turbo,L1P,L
A4DA6C,N41111,,,,
A4DB6C,N4119B,DV20,DIAMOND DA-20,L1P,L
A4E26C,N41357,P28A,PIPER PA-28-140/150/160/180,L1P,L
A4E36C,N414EM,C414,CESSNA 414 Chancellor,L2P,L
A4E56C,N4140Z,PA18,PIPER PA-18 Super Cub,L1P,L
A4E66C,N4148,MITE,MOONEY M-18,L1P,L
A4E86C,N415TR,,,,
A4E96C,N41522,P28A,PIPER PA-28-140/150/160/180,L1P,L
A4ED6C,N41645,P28A,PIPER PA-28-140/150/160/180,L1P,L
A4F16C,N41768,KR2,RAND KR-2,L1P,L
A4F56C,N4189A,PA32,PIPER PA-32,L1P,L
A4F86C,N41933,L8,LUSCOMBE 8,L1P,L
A4F96C,N42BN,RV4,VANS RV-4,L1P,L
A4FA6C,N42MU,,,,
A4FE6C,N4203M,PA12,PIPER PA-12 Super Cruiser,L1P,L
A5006C,N421MC,C421,CESSNA 421 Executive Commuter,L2P,L
A5056C,N4220G,M7,MAULE M-7,L1P,L
A50A6C,N4239W,M7,MAULE M-7,L1P,L
A50E6C,N425CH,PA32,PIPER PA-32,L1P,L
A50F6C,N425NP,C425,CESSNA 425 Corsair,L2T,L
A5136C,N426RM,P28A,PIPER PA-28-140/150/160/180,L1P,L
A5156C,N4268U,C150,CESSNA 150,L1P,L
A5166C,N427JD,C82T,CESSNA TR182 Turbo Skylane RG,L1P,L
A5196C,N428AW,CRJ2,BOMBARDIER Regional Jet CRJ-200,L2J,M
A51A6C,N428MB,SREY,PROGRESSIVE AERODYNE SeaRey,A1P,L
A51F6C,N4290F,C172,CESSNA 172 Skyhawk,L1P,L
A5216C,N43GS,PA30,PIPER PA-30 Twin Comanche,L2P,L
A5226C,N43SY,TAYB,TAYLORCRAFT BC/BF/BL,L1P,L
A5236C,N430DC,HDJT,HONDA HondaJet,L2J,L
A5266C,N4307A,PA22,PIPER PA-22,L1P,L
A52A6C,N4319D,P28A,PIPER PA-28-140/150/160/180,L1P,L
A52D6C,N43236,TAYB,TAYLORCRAFT BC/BF/BL,L1P,L
A5326C,N434EP,C72R,CESSNA 172R Cutlass RG,L1P,L
A53B6C,N436WR,WIRR,COMMONWEALTH Wirraway,L1P,L
A53C6C,N43647,P28A,PIPER PA-28-140/150/160/180,L1P,L
A53E6C,N437PH,C172,CESSNA 172 Skyhawk,L1P,L
A5416C,N438G,P28A,PIPER PA-28-140/150/160/180,L1P,L
A5436C,N43812,P28A,PIPER PA-28-140/150/160/180,L1P,L
A5476C,N43935,TAYB,TAYLORCRAFT BC/BF/BL,L1P,L
A54B6C,N440JG,CL35,BOMBARDIER BD-100 Challenger 350,L2J,M
A54C6C,N440UN,A21N,AIRBUS A-321neo,L2J,M
A54D6C,N4403P,P28A,PIPER PA-28-140/150/160/180,L1P,L
A54F6C,N441ME,C441,CESSNA 441 Conquest,L2T,L
A5546C,N4420J,P28A,PIPER PA-28-140/150/160/180,L1P,L
A5576C,N443TA,C56X,CESSNA 560XL Citation XLS,L2J,M
A55A6C,N444KT,C340,CESSNA 340 Super,L2P,L
A55F6C,N445YX,E75L,EMBRAER ERJ-170-200 (long wing),L2J,M
A5616C,N446FH,,,,
A5646C,N4468W,BE35,BEECH 35 Starfire Bonanza,L1P,L
A56C6C,N449DW,P28R,PIPER PA-28R-180/200/201,L1P,L
A56E6C,N4490H,PA15,PIPER PA-15 Vagabond,L1P,L
A5736C,N450PL,DRON,,D0-,-
A5766C,N451GC,LJ45,LEARJET 45,L2J,M
A5776C,N451SJ,LJ45,LEARJET 45,L2J,M
A5786C,N45115,C150,CESSNA 150,L1P,L
A5816C,N454ER,C172,CESSNA 172 Skyhawk,L1P,L
A5836C,N45403,L8,LUSCOMBE 8,L1P,L
A5866C,N455TV,B06,BELL 206 JetRanger,H1T,L
A5876C,N45526,PA18,PIPER PA-18 Super Cub,L1P,L
A58A6C,N456WT,FDCT,FLIGHT DESIGN CT,L1P,L
A58B6C,N45649,C150,CESSNA 150,L1P,L
A58F6C,N4577B,C180,CESSNA  180 Skywagon,L1P,L
A5946C,N459K,SA30,STOLP Starduster Too,L1P,L
A5986C,N46MY,PA31,PIPER PA-31-300/310/325/350/425,L2P,L
A59C6C,N4603R,P28A,PIPER PA-28-140/150/160/180,L1P,L
A59E6C,N461MG,S22T,CIRRUS SR-22T Turbo,L1P,L
A5A76C,N4632P,GLID,,L0-,-
A5A86C,N46390,C172,CESSNA 172 Skyhawk,L1P,L
A5AB6C,N4644S,GLID,,L0-,-
A5AC6C,N465CM,C72R,CESSNA 172R Cutlass RG,L1P,L
A5AF6C,N4656V,C72R,CESSNA 172R Cutlass RG,L1P,L
A5B26C,N4661M,BE36,BEECH 36 Bonanza,L1P,L
A5B56C,N467UP,B752,BOEING 757-200,L2J,M
A5B76C,N468B,BE35,BEECH 35 Starfire Bonanza,L1P,L
A5BA6C,N4685T,C82R,CESSNA R182 Skylane RG,L1P,L
A5BE6C,N4697W,AC11,NORTH AMERICAN ROCKWELL Commander 112/114,L1P,L
A5C06C,N47TB,DC3,DOUGLAS DC-3 Dakota,L2P,M
A5C76C,N47117,FA62,FAIRCHILD M-26 Cornell,L1P,L
A5C86C,N4719H,M20P,MOONEY M-20,L1P,L
A5CD6C,N473NA,B462,BRITISH AEROSPACE 146-200 Quiet Trader,L4J,M
A5DB6C,N477DF,H60,SIKORSKY UH-60 Black Hawk,H2T,M
A5DC6C,N477PM,PA31,PIPER PA-31-300/310/325/350/425,L2P,L
A5DE6C,N4777D,COL4,CESSNA 400 Corvalis TT,L1P,L
A5E26C,N4789G,C172,CESSNA 172 Skyhawk,L1P,L
A5EB6C,N4803T,C82R,CESSNA R182 Skylane RG,L1P,L
A5EC6C,N481BC,SF34,SAAB 340,L2T,M
A5F06C,N482EA,C25A,CESSNA 525A Citation CJ2,L2J,L
A5F36C,N4827Z,PA22,PIPER PA-22,L1P,L
A5FB6C,N485CP,PARA,,P0-,-
A6056C,N4873S,C82R,CESSNA R182 Skylane RG,L1P,L
A6066C,N488BB,,,,
A60A6C,N489E,BE35,BEECH 35 Starfire Bonanza,L1P,L
A60D6C,N4897Y,PA25,PIPER PA-25 Pawnee,L1P,L
A60F6C,N49TD,S22T,CIRRUS SR-22T Turbo,L1P,L
A6106C,N490DJ,RENE,Renegade,L1P,L
A6166C,N49119,TAYD,TAYLORCRAFT DC/DF/DL,L1P,L
A6206C,N494RA,C150,CESSNA 150,L1P,L
A6226C,N4948H,PA11,PIPER PA-11 Cub Special,L1P,L
A62A6C,N497DH,,,,
A62E6C,N498GF,PC12,PILATUS PC-12,L1T,L
A6306C,N49818,C152,CESSNA 152,L1P,L
A6316C,N4989J,P28R,PIPER PA-28R-180/200/201,L1P,L
A6346C,N4994A,C180,CESSNA  180 Skywagon,L1P,L
A6356C,N5BW,C150,CESSNA 150,L1P,L
A6366C,N5NB,BE35,BEECH 35 Starfire Bonanza,L1P,L
A63C6C,N5001A,C172,CESSNA 172 Skyhawk,L1P,L
A63D6C,N5008M,BALL,,B0-,-
A6406C,N5013D,BALL,,B0-,-
A6416C,N502AP,BE20,BEECH 200 Super King Air,L2T,M
A6456C,N503DM,BL8,BELLANCA 8 Decathlon,L1P,L
A6486C,N5037K,CH7B,BELLANCA 7 Citabria,L1P,L
A6496C,N504GK,R66,ROBINSON R-66,H1T,L
A64B6C,N5042B,BE35,BEECH 35 Starfire Bonanza,L1P,L
A64C6C,N5049N,BL8,BELLANCA 8 Decathlon,L1P,L
A64D6C,N505KH,GAZL,AEROSPATIALE SA-341 Gazelle,H1T,L
A6506C,N506C,PA32,PIPER PA-32,L1P,L
A6536C,N5066H,C82S,CESSNA T182 Turbo Skylane,L1P,L
A65A6C,N5083C,C182,CESSNA 182 Skylane,L1P,L
A65F6C,N51DL,P51,NORTH AMERICAN P-51 Mustang,L1P,L
A6606C,N51PS,PTS2,PITTS S-2 Special,L1P,L
A6646C,N51040,C150,CESSNA 150,L1P,L
A6686C,N51163,C172,CESSNA 172 Skyhawk,L1P,L
A6736C,N51451,TAYD,TAYLORCRAFT DC/DF/DL,L1P,L
A6776C,N51574,J3,PIPER J-3 Cub,L1P,L
A67C6C,N517LB,BALL,,B0-,-
A67E6C,N5174Z,PA22,PIPER PA-22,L1P,L
A6806C,N518P,BE36,BEECH 36 Bonanza,L1P,L
A6856C,N5191U,C206,CESSNA  206 Stationair,L1P,L
A6866C,N51985,BALL,,B0-,-
A6876C,N52JQ,RV7,VANS RV-7,L1P,L
A68A6C,N520RG,C172,CESSNA 172 Skyhawk,L1P,L
A68B6C,N5201C,M20P,MOONEY M-20,L1P,L
A68C6C,N5208P,PA24,PIPER PA-24 Comanche,L1P,L
A68F6C,N5213F,C172,CESSNA 172 Skyhawk,L1P,L
A6906C,N522AR,SR22,CIRRUS SR-22,L1P,L
A6946C,N523DP,RV6,VANS RV-6,L1P,L
A6976C,N5237M,TAYB,TAYLORCRAFT BC/BF/BL,L1P,L
A6986C,N524GM,BE20,BEECH 200 Super King Air,L2T,M
A6996C,N524ST,SSTL,JUST JA30 SuperSTOL,L1P,L
A69A6C,N5242D,C172,CESSNA 172 Skyhawk,L1P,L
A69B6C,N5249Q,C150,CESSNA 150,L1P,L
A69D6C,N525VR,SR22,CIRRUS SR-22,L1P,L
A69E6C,N5254G,M20P,MOONEY M-20,L1P,L
A69F6C,N526CB,MM16,MAGNI M-16 Tandem Trainer,G1P,L
A6A26C,N5266K,C172,CESSNA 172 Skyhawk,L1P,L
A6A36C,N527F,RV7,VANS RV-7,L1P,L
A6A56C,N5271B,T206,CESSNA T206 Turbo Stationair,L1P,L
A6A96C,N5283E,C172,CESSNA 172 Skyhawk,L1P,L
A6AB6C,N529LW,HROC,HARMON Rocket,L1P,L
A6B36C,N53042,C185,CESSNA 185 Skywagon,L1P,L
A6B56C,N531PC,C172,CESSNA 172 Skyhawk,L1P,L
A6B76C,N53165,ST75,STEARMAN Kaydet,L1P,L
A6B96C,N532SA,AC50,NORTH AMERICAN ROCKWELL Commander 500,L2P,L
A6BB6C,N53288,FA62,FAIRCHILD M-26 Cornell,L1P,L
A6BC6C,N533JT,P32R,PIPER PA-32R-300/301/301T,L1P,L
A6C66C,N53576,C172,CESSNA 172 Skyhawk,L1P,L
A6C76C,N536HF,C72R,CESSNA 172R Cutlass RG,L1P,L
A6D16C,N53864,CH7B,BELLANCA 7 Citabria,L1P,L
A6D86C,N540FC,R22,ROBINSON R-22 Mariner,H1P,L
A6DB6C,N5408R,C172,CESSNA 172 Skyhawk,L1P,L
A6DC6C,N541JA,,,,
A6DE6C,N5413H,PA18,PIPER PA-18 Super Cub,L1P,L
A6E26C,N5425L,AA5,AMERICAN AA-5 Tiger,L1P,L
A6E56C,N5430C,C170,CESSNA 170,L1P,L
A6E66C,N5437P,PA24,PIPER PA-24 Comanche,L1P,L
A6E96C,N5442F,P32R,PIPER PA-32R-300/301/301T,L1P,L
A6EE6C,N546CD,SR22,CIRRUS SR-22,L1P,L
A6F16C,N5466M,PA18,PIPER PA-18 Super Cub,L1P,L
A6F46C,N5471D,BE35,BEECH 35 Starfire Bonanza,L1P,L
A6F96C,N549AS,B738,BOEING 737-800,L2J,M
A6FC6C,N5495K,C172,CESSNA 172 Skyhawk,L1P,L
A6FD6C,N55DQ,VENT,SCHEMPP-HIRTH Ventus,L1P,L
A6FE6C,N55PW,ZZZZ,,-0-,-
A6FF6C,N550AA,GLF5,GULFSTREAM 5,L2J,M
A7006C,N550LG,E550,EMBRAER EMB-550 Praetor 600,L2J,M
A7016C,N550WN,B737,BOEING 737-700,L2J,M
A7026C,N55044,P28A,PIPER PA-28-140/150/160/180,L1P,L
A7036C,N551CZ,C550,CESSNA 550 Citation S2,L2J,L
A7056C,N551ZL,VELO,Velocity,L1P,L
A7066C,N55167,P28A,PIPER PA-28-140/150/160/180,L1P,L
A7076C,N552FX,CL30,BOMBARDIER BD-100 Challenger 300,L2J,M
A7086C,N552SC,C56X,CESSNA 560XL Citation XLS,L2J,M
A7096C,N5521Z,PA22,PIPER PA-22,L1P,L
A70D6C,N55332,C150,CESSNA 150,L1P,L
A70F6C,N554MT,HIGH,JUST JA20 Highlander,L1P,L
A7126C,N555EK,CH7A,BELLANCA 7 Champion,L1P,L
A7136C,N555QR,R44,ROBINSON R-44 Raven,H1P,L
A7156C,N55578,P28A,PIPER PA-28-140/150/160/180,L1P,L
A71B6C,N557WM,,,,
A71C6C,N55743,P28A,PIPER PA-28-140/150/160/180,L1P,L
A7266C,N56V,DC3,DOUGLAS DC-3 Dakota,L2P,M
A7276C,N560FE,DC10,MCDONNELL DOUGLAS DC-10,L3J,H
A7296C,N5601G,MOR2,MORRISEY Nifty,L1P,L
A72D6C,N5613K,,,,
A72E6C,N562AV,A320,AIRBUS A-320,L2J,M
A72F6C,N562MA,HUSK,CHRISTEN Husky,L1P,L
A7326C,N563DT,S22T,CIRRUS SR-22T Turbo,L1P,L
A7346C,N5630E,C150,CESSNA 150,L1P,L
A7356C,N5637R,M5,MAULE M-5,L1P,L
A7376C,N564SX,SONX,SONEX AIRCRAFT Sonex,L1P,L
A7386C,N5642H,PA16,PIPER PA-16 Clipper,L1P,L
A7396C,N5649U,P28A,PIPER PA-28-140/150/160/180,L1P,L
A7456C,N568JB,A320,AIRBUS A-320,L2J,M
A7496C,N569M,M20P,MOONEY M-20,L1P,L
A74E6C,N570AC,EC25,AIRBUS HELICOPTERS EC-225/725,H2T,M
A7526C,N571DA,B407,BELL 407,H1T,L
A75D6C,N574BP,C560,CESSNA 560 Citation Ultra,L2J,M
A7616C,N575EM,MRF1,DASSAULT Mirage F1,L1J,M
A7636C,N5750Z,PA22,PIPER PA-22,L1P,L
A76F6C,N57868,B753,BOEING 757-300,L2J,M
A7716C,N579SD,B06,BELL 206 JetRanger,H1T,L
A7736C,N5799A,C172,CESSNA 172 Skyhawk,L1P,L
A7746C,N58JW,SPHA,AMERICAN AUTOGYRO Spinus,G1P,L
A7756C,N58VB,BE58,BEECH 58 Baron,L2P,L
A7796C,N5808V,ST75,STEARMAN Kaydet,L1P,L
A77C6C,N5813M,S22T,CIRRUS SR-22T Turbo,L1P,L
A7806C,N5825Q,M20P,MOONEY M-20,L1P,L
A7836C,N5830G,C150,CESSNA 150,L1P,L
A7876C,N5842K,BE35,BEECH 35 Starfire Bonanza,L1P,L
A7886C,N5849W,P28A,PIPER PA-28-140/150/160/180,L1P,L
A78B6C,N5854N,AC11,NORTH AMERICAN ROCKWELL Commander 112/114,L1P,L
A78F6C,N5866R,C172,CESSNA 172 Skyhawk,L1P,L
A7936C,N5878U,P28A,PIPER PA-28-140/150/160/180,L1P,L
A7966C,N5883L,AA5,AMERICAN AA-5 Tiger,L1P,L
A7976C,N589AW,DH8C,DE HAVILLAND DHC-8-300 Dash 8,L2T,M
A79C6C,N59Q,ZZZZ,,-0-,-
A79D6C,N590AE,AS50,AEROSPATIALE AS-350 Ecureuil,H1T,L
A7AC6C,N594BR,,,,
A7BB6C,N598DB,E550,EMBRAER EMB-550 Praetor 600,L2J,M
A7BE6C,N5987,CAMP,GREGA GN-1 Aircamper,L1P,L
A7BF6C,N599G,TBM7,SOCATA TBM-700A/B/C,L1T,L
A7C36C,N6JY,C172,CESSNA 172 Skyhawk,L1P,L
A7C46C,N6VD,M7,MAULE M-7,L1P,L
A7CA6C,N6006C,C82R,CESSNA R182 Skylane RG,L1P,L
A7CB6C,N601ET,CH60,ZENAIR CH-600 Zodiac,L1P,L
A7D06C,N602TX,AT6T,AIR TRACTOR AT-602,L1T,L
A7D16C,N60228,C150,CESSNA 150,L1P,L
A7D26C,N603AH,R44,ROBINSON R-44 Raven,H1P,L
A7D56C,N6035A,C82S,CESSNA T182 Turbo Skylane,L1P,L
A7DB6C,N605SK,SHIP,,B0-,-
A7DC6C,N60516,Y18T,YAKOVLEV Yak-18T,L1P,L
A7DD6C,N6059G,C150,CESSNA 150,L1P,L
A7E06C,N60639,C150,CESSNA 150,L1P,L
A7E46C,N6076B,C182,CESSNA 182 Skylane,L1P,L
A7E86C,N6088E,C82R,CESSNA R182 Skylane RG,L1P,L
A7EC6C,N61AG,VENT,SCHEMPP-HIRTH Ventus,L1P,L
A7F06C,N610TE,LGEZ,RUTAN Long-EZ,L1P,L
A7F16C,N6102R,C72R,CESSNA 172R Cutlass RG,L1P,L
A7F26C,N61092,C185,CESSNA 185 Skywagon,L1P,L
A7F56C,N6114U,FB1A,BOWERS Fly Baby 1A,L1P,L
A7F66C,N612CP,GA8,GIPPSAERO GA-8 Airvan,L1P,L
A7F96C,N6126X,PARA,,P0-,-
A7FD6C,N61380,PARA,,P0-,-
A7FE6C,N614JK,C550,CESSNA 550 Citation S2,L2J,L
A8016C,N615BB,SR22,CIRRUS SR-22,L1P,L
A8046C,N6155V,BALL,,B0-,-
A8056C,N616E,EFOX,AEROPRO Eurofox,L1P,L
A8076C,N6160M,M5,MAULE M-5,L1P,L
A80F6C,N6184T,C150,CESSNA 150,L1P,L
A8126C,N619Z,C182,CESSNA 182 Skylane,L1P,L
A8136C,N6196W,P28A,PIPER PA-28-140/150/160/180,L1P,L
A8256C,N624DH,YK52,YAKOVLEV Yak-52,L1P,L
A82A6C,N625SM,S22T,CIRRUS SR-22T Turbo,L1P,L
A82F6C,N6264A,C182,CESSNA 182 Skylane,L1P,L
A8336C,N6276D,GYRO,,G0-,-
A8376C,N6288G,C150,CESSNA 150,L1P,L
A83B6C,N63AJ,PA32,PIPER PA-32,L1P,L
A83F6C,N630TG,P46T,PIPER PA-46-500TP,L1T,L
A8486C,N6326Z,SF25,SCHEIBE SF-25 Falke,L1P,L
A84A6C,N633RV,RV3,VANS RV-3,L1P,L
A84C6C,N63382,,,,
A84D6C,N634JM,ST75,STEARMAN Kaydet,L1P,L
A8506C,N635BD,P32R,PIPER PA-32R-300/301/301T,L1P,L
A8546C,N636EB,PA32,PIPER PA-32,L1P,L
A8566C,N6360P,PA24,PIPER PA-24 Comanche,L1P,L
A8576C,N63670,C150,CESSNA 150,L1P,L
A85A6C,N6372S,C182,CESSNA 182 Skylane,L1P,L
A85D6C,N638WD,B212,BELL 212,H2T,L
A8636C,N64FN,RV6,VANS RV-6,L1P,L
A86B6C,N64109,C180,CESSNA  180 Skywagon,L1P,L
A86E6C,N642UA,B763,BOEING 767-300,L2J,H
A86F6C,N6423B,C172,CESSNA 172 Skyhawk,L1P,L
A8706C,N643AM,CH2T,ZENAIR CH-2000 Zenith,L1P,L
A8736C,N6435E,C172,CESSNA 172 Skyhawk,L1P,L
A8796C,N645SP,C172,CESSNA 172 Skyhawk,L1P,L
A87A6C,N6452,,,,
A87B6C,N6459L,M7,MAULE M-7,L1P,L
A8826C,N6476F,C150,CESSNA 150,L1P,L
A8866C,N6488J,P28A,PIPER PA-28-140/150/160/180,L1P,L
A8896C,N6493A,C182,CESSNA 182 Skylane,L1P,L
A88A6C,N65AL,B06,BELL 206 JetRanger,H1T,L
A88B6C,N65LS,GLID,,L0-,-
A88C6C,N65WY,HUSK,CHRISTEN Husky,L1P,L
A88D6C,N650HC,GLF6,GULFSTREAM G650,L2J,M
A88F6C,N6502V,BALL,,B0-,-
A8906C,N65096,ST75,STEARMAN Kaydet,L1P,L
A8946C,N652CT,E120,EMBRAER EMB-120 Brasilia,L2T,M
A89B6C,N65384,RS12,RANS S-12 Super Airaile,L1P,L
A89C6C,N654JP,ULAC,,L0-,-
A89E6C,N6543W,P28A,PIPER PA-28-140/150/160/180,L1P,L
A8A06C,N655MM,C550,CESSNA 550 Citation S2,L2J,L
A8A56C,N6560R,BE19,BEECH 19 Sport,L1P,L
A8A66C,N65672,C82T,CESSNA TR182 Turbo Skylane RG,L1P,L
A8AA6C,N65795,C172,CESSNA 172 Skyhawk,L1P,L
A8B36C,N66RW,ST75,STEARMAN Kaydet,L1P,L
A8B46C,N660CA,C402,CESSNA 402 Businessliner,L2P,L
A8B96C,N661RE,,,,
A8C36C,N664DM,BE35,BEECH 35 Starfire Bonanza,L1P,L
A8C66C,N6647K,G44,GRUMMAN G-44 Widgeon,A2P,L
A8CB6C,N666KH,PA24,PIPER PA-24 Comanche,L1P,L
A8D56C,N6688L,,,,
A8DE6C,N6702X,BE76,BEECH 76 Duchess,L2P,L
A8EF6C,N675MP,PA32,PIPER PA-32,L1P,L
A8F16C,N67551,BE36,BEECH 36 Bonanza,L1P,L
A8F46C,N6760T,C310,CESSNA 310,L2P,L
A8F86C,N6772W,P28A,PIPER PA-28-140/150/160/180,L1P,L
A8F96C,N67797,C152,CESSNA 152,L1P,L
A8FA6C,N678LB,PA32,PIPER PA-32,L1P,L
A9016C,N68FS,BE95,BEECH 95 Travel Air,L2P,L
A90D6C,N6823F,C340,CESSNA 340 Super,L2P,L
A90E6C,N683AR,DHC6,DE HAVILLAND DHC-6 Twin Otter,L2T,L
A9116C,N6835J,P28A,PIPER PA-28-140/150/160/180,L1P,L
A9146C,N6840A,C172,CESSNA 172 Skyhawk,L1P,L
A9176C,N685ST,B350,BEECHCRAFT Super King Air 350,L2T,M
A91D6C,N687CB,,,,
A9206C,N6876K,PA16,PIPER PA-16 Clipper,L1P,L
A9246C,N6888N,M20P,MOONEY M-20,L1P,L
A9276C,N6893E,C175,CESSNA 175 Skylark,L1P,L
A92A6C,N69XB,BE9T,BEECH F90 King Air,L2T,L
A92E6C,N691,WAIX,SONEX Waiex,L1P,L
A9316C,N69142,C152,CESSNA 152,L1P,L
A9376C,N693SA,C172,CESSNA 172 Skyhawk,L1P,L
A9386C,N6931X,C172,CESSNA 172 Skyhawk,L1P,L
A93A6C,N694JT,,,,
A93C6C,N69430,RELI,STINSON Reliant,L1P,L
A9516C,N7S,P28R,PIPER PA-28R-180/200/201,L1P,L
A9526C,N70CE,EAGL,CHRISTEN Eagle,L1P,L
A9586C,N701BP,C172,CESSNA 172 Skyhawk,L1P,L
A9596C,N701MV,DRON,,D0-,-
A95E6C,N7020Z,,,,
A95F6C,N7028,M20P,MOONEY M-20,L1P,L
A9616C,N703TR,,,,
A9636C,N704AB,DA42,DIAMOND DA-42 Guardian,L2P,L
A9656C,N704WP,AS50,AEROSPATIALE AS-350 Ecureuil,H1T,L
A9676C,N705D,BE50,BEECH 50 Excalibur,L2P,L
A96A6C,N70568,BALL,,B0-,-
A96D6C,N70610,J3,PIPER J-3 Cub,L1P,L
A96F6C,N707JW,P32R,PIPER PA-32R-300/301/301T,L1P,L
A9706C,N707VB,PA18,PIPER PA-18 Super Cub,L1P,L
A9746C,N708Y,BE95,BEECH 95 Travel Air,L2P,L
A9766C,N709EL,BE40,BEECH 400 Beechjet,L2J,M
A9786C,N7090Y,P28A,PIPER PA-28-140/150/160/180,L1P,L
A9796C,N70979,BALL,,B0-,-
A97D6C,N710QA,,,,
A97E6C,N7100G,C172,CESSNA 172 Skyhawk,L1P,L
A97F6C,N7107T,C172,CESSNA 172 Skyhawk,L1P,L
A9806C,N711GT,C172,CESSNA 172 Skyhawk,L1P,L
A9826C,N7112K,PA18,PIPER PA-18 Super Cub,L1P,L
A9866C,N7124N,BE35,BEECH 35 Starfire Bonanza,L1P,L
A98B6C,N714FF,C150,CESSNA 150,L1P,L
A98C6C,N714RM,C68A,CESSNA 680 Citation Latitude,L2J,M
A98E6C,N7148U,M20P,MOONEY M-20,L1P,L
A9916C,N7153L,AA5,AMERICAN AA-5 Tiger,L1P,L
A9936C,N716MB,C25B,CESSNA 525B Citation CJ3,L2J,L
A9996C,N7177S,C150,CESSNA 150,L1P,L
A99D6C,N7189V,M20P,MOONEY M-20,L1P,L
A9A16C,N72CG,BE58,BEECH 58 Baron,L2P,L
A9AA6C,N72159,RV6,VANS RV-6,L1P,L
A9AD6C,N72201,C120,CESSNA 120,L1P,L
A9B66C,N725DB,AA5,AMERICAN AA-5 Tiger,L1P,L
A9BA6C,N726G,RV10,VANS RV-10,L1P,L
A9BC6C,N72612,C82T,CESSNA TR182 Turbo Skylane RG,L1P,L
A9BD6C,N7269C,T206,CESSNA T206 Turbo Stationair,L1P,L
A9C76C,N72900,C120,CESSNA 120,L1P,L
A9C96C,N73HL,B407,BELL 407,H1T,L
A9CA6C,N73TS,P28A,PIPER PA-28-140/150/160/180,L1P,L
A9CD6C,N7300J,P28A,PIPER PA-28-140/150/160/180,L1P,L
A9D06C,N731TA,H269,HUGHES Sky Knight,H1P,L
A9D66C,N733CK,B734,BOEING 737-400,L2J,M
A9D76C,N733NR,C172,CESSNA 172 Skyhawk,L1P,L
A9D86C,N733YX,E75L,EMBRAER ERJ-170-200 (long wing),L2J,M
A9DB6C,N734RP,C172,CESSNA 172 Skyhawk,L1P,L
A9DC6C,N7341K,RV4,VANS RV-4,L1P,L
A9DD6C,N7348W,P28A,PIPER PA-28-140/150/160/180,L1P,L
A9DE6C,N735JF,C182,CESSNA 182 Skylane,L1P,L
A9E16C,N736AY,C172,CESSNA 172 Skyhawk,L1P,L
A9E26C,N736MD,C172,CESSNA 172 Skyhawk,L1P,L
A9E56C,N737DW,C172,CESSNA 172 Skyhawk,L1P,L
A9EA6C,N738T,BE58,BEECH 58 Baron,L2P,L
A9EC6C,N7389X,C150,CESSNA 150,L1P,L
A9ED6C,N739KS,C172,CESSNA 172 Skyhawk,L1P,L
A9EF6C,N7394P,PA24,PIPER PA-24 Comanche,L1P,L
A9F26C,N74YW,M5,MAULE M-5,L1P,L
A9F96C,N7416A,C172,CESSNA 172 Skyhawk,L1P,L
A9FC6C,N74203,B14A,BELLANCA 14,L1P,L
AA016C,N744AF,R44,ROBINSON R-44 Raven,H1P,L
AA026C,N744LM,CAMP,GREGA GN-1 Aircamper,L1P,L
AA0A6C,N746SH,T28,NORTH AMERICAN T-28,L1P,L
AA0B6C,N74614,AA5,AMERICAN AA-5 Tiger,L1P,L
AA0D6C,N747K,RV9,VANS RV-9,L1P,L
AA0F6C,N74737,C172,CESSNA 172 Skyhawk,L1P,L
AA126C,N748YD,DRON,,D0-,-
AA1A6C,N750DZ,CRES,PACIFIC AEROSPACE Cresco,L1T,L
AA1D6C,N7507X,R44,ROBINSON R-44 Raven,H1P,L
AA216C,N75190,P28A,PIPER PA-28-140/150/160/180,L1P,L
AA256C,N753CM,PARA,,P0-,-
AA286C,N7536V,C77R,CESSNA 177RG Cardinal RG,L1P,L
AA326C,N756XM,C182,CESSNA 182 Skylane,L1P,L
AA336C,N7565T,C172,CESSNA 172 Skyhawk,L1P,L
AA366C,N7570K,PA18,PIPER PA-18 Super Cub,L1P,L
AA406C,N76NS,BE35,BEECH 35 Starfire Bonanza,L1P,L
AA456C,N761BV,T210,CESSNA T210 Turbo Centurion,L1P,L
AA466C,N761NA,T210,CESSNA T210 Turbo Centurion,L1P,L
AA476C,N761YG,T210,CESSNA T210 Turbo Centurion,L1P,L
AA4C6C,N7628F,,,,
AA536C,N7645A,,,,
AA546C,N765DF,C25C,CESSNA 525C Citation CJ4,L2J,M
AA596C,N766SK,CRJ7,BOMBARDIER Regional Jet CRJ-700,L2J,M
AA5A6C,N76616,C140,CESSNA 140,L1P,L
AA5B6C,N7669G,C172,CESSNA 172 Skyhawk,L1P,L
AA626C,N7686B,B14A,BELLANCA 14,L1P,L
AA686C,N77TW,PTS2,PITTS S-2 Special,L1P,L
AA6B6C,N7700N,BE95,BEECH 95 Travel Air,L2P,L
AA6C6C,N7707Z,BALL,,B0-,-
AA6F6C,N7712R,BE95,BEECH 95 Travel Air,L2P,L
AA746C,N773CP,BE20,BEECH 200 Super King Air,L2T,M
AA776C,N7736X,C172,CESSNA 172 Skyhawk,L1P,L
AA786C,N774FM,,,,
AA7B6C,N77480,C120,CESSNA 120,L1P,L
AA836C,N777E,BE58,BEECH 58 Baron,L2P,L
AA856C,N7770M,M20P,MOONEY M-20,L1P,L
AA866C,N7777Y,PA30,PIPER PA-30 Twin Comanche,L2P,L
AA896C,N7782Q,C310,CESSNA 310,L2P,L
AA8D6C,N7794T,,,,
AA906C,N78Z,G44,GRUMMAN G-44 Widgeon,A2P,L
AA936C,N7804B,T6,NORTH AMERICAN T-6 Texan,L1P,L
AA9A6C,N78207,C172,CESSNA 172 Skyhawk,L1P,L
AAA66C,N7857F,P32R,PIPER PA-32R-300/301/301T,L1P,L
AAAE6C,N788BW,CH7B,BELLANCA 7 Citabria,L1P,L
AAB36C,N789R,BE35,BEECH 35 Starfire Bonanza,L1P,L
AAB46C,N78906,B06,BELL 206 JetRanger,H1T,L
AAB56C,N7898G,C172,CESSNA 172 Skyhawk,L1P,L
AAB66C,N79HS,M7,MAULE M-7,L1P,L
AAB86C,N790EC,DRON,,D0-,-
AABB6C,N79071,C172,CESSNA 172 Skyhawk,L1P,L
AAC26C,N7924W,P28A,PIPER PA-28-140/150/160/180,L1P,L
AAC96C,N7941R,BE35,BEECH 35 Starfire Bonanza,L1P,L
AACA6C,N79482,C172,CESSNA 172 Skyhawk,L1P,L
AAD46C,N7970P,PA24,PIPER PA-24 Comanche,L1P,L
AAD96C,N79893,C172,CESSNA 172 Skyhawk,L1P,L
AADD6C,N8CQ,PTS1,PITTS S-1 Special,L1P,L
AADF6C,N8ZB,P32R,PIPER PA-32R-300/301/301T,L1P,L
AAE26C,N800FT,LGEZ,RUTAN Long-EZ,L1P,L
AAE46C,N8001V,BE9L,BEECH 90 King Air,L2T,L
AAE86C,N8013Y,BE76,BEECH 76 Duchess,L2P,L
AAE96C,N802BH,AT8T,AIR TRACTOR AT-802,L1T,M
AAEA6C,N802MP,AT8T,AIR TRACTOR AT-802,L1T,M
AAEC6C,N80251,C172,CESSNA 172 Skyhawk,L1P,L
AAEF6C,N8030T,C175,CESSNA 175 Skylark,L1P,L
AAF46C,N80497,C172,CESSNA 172 Skyhawk,L1P,L
AAF56C,N805LB,,,,
AAFE6C,N8071U,,,,
AAFF6C,N80785,P28A,PIPER PA-28-140/150/160/180,L1P,L
AB026C,N8083X,COY2,RANS Coyote 2,L1P,L
AB076C,N81EE,VEZE,RUTAN VariEze,L1P,L
AB0C6C,N8105J,P28R,PIPER PA-28R-180/200/201,L1P,L
AB116C,N812GM,COZY,CO-Z Cozy,L1P,L
AB136C,N8122D,PA22,PIPER PA-22,L1P,L
AB166C,N813VR,H25B,HAWKER BEECHCRAFT Hawker 750/850,L2J,M
AB176C,N8134G,DHC2,DE HAVILLAND DHC-2 Beaver,L1P,L
AB186C,N814CB,P32R,PIPER PA-32R-300/301/301T,L1P,L
AB1E6C,N8151B,C172,CESSNA 172 Skyhawk,L1P,L
AB1F6C,N8158N,P28A,PIPER PA-28-140/150/160/180,L1P,L
AB226C,N8163E,P28B,PIPER PA-28-201T/235/236,L1P,L
AB266C,N8175H,P28A,PIPER PA-28-140/150/160/180,L1P,L
AB276C,N818DN,DR1,FOKKER Dr-1,L1P,L
AB296C,N8180,C180,CESSNA  180 Skywagon,L1P,L
AB2C6C,N819SS,GLF4,GULFSTREAM 4,L2J,M
AB2D6C,N8192C,PA18,PIPER PA-18 Super Cub,L1P,L
AB336C,N8201X,M20P,MOONEY M-20,L1P,L
AB346C,N82088,CH7A,BELLANCA 7 Champion,L1P,L
AB356C,N821JT,B772,BOEING 777-200,L2J,H
AB3B6C,N82253,PA18,PIPER PA-18 Super Cub,L1P,L
AB3C6C,N823EH,IR23,ICA IAR-823,L1P,L
AB416C,N824TM,CL35,BOMBARDIER BD-100 Challenger 350,L2J,M
AB466C,N82541,CH7A,BELLANCA 7 Champion,L1P,L
AB4C6C,N827S,SR22,CIRRUS SR-22,L1P,L
AB4D6C,N8271W,P28A,PIPER PA-28-140/150/160/180,L1P,L
AB4E6C,N82787,CH7A,BELLANCA 7 Champion,L1P,L
AB4F6C,N828JS,C56X,CESSNA 560XL Citation XLS,L2J,M
AB516C,N8283Z,C210,CESSNA 201 Centurion,L1P,L
AB5B6C,N8305L,PA32,PIPER PA-32,L1P,L
AB5C6C,N831DR,F2TH,DASSAULT Falcon 2000,L2J,M
AB5E6C,N8310C,B738,BOEING 737-800,L2J,M
AB636C,N8329S,C182,CESSNA 182 Skylane,L1P,L
AB676C,N834CD,SR22,CIRRUS SR-22,L1P,L
AB6D6C,N8351D,BE35,BEECH 35 Starfire Bonanza,L1P,L
AB786C,N8380B,C172,CESSNA 172 Skyhawk,L1P,L
AB796C,N8387N,BE33,BEECH 33 Bonanza,L1P,L
AB7E6C,N84KL,P32R,PIPER PA-32R-300/301/301T,L1P,L
AB856C,N841VA,A320,AIRBUS A-320,L2J,M
AB8A6C,N84255,CH7A,BELLANCA 7 Champion,L1P,L
AB8B6C,N843EK,DRON,,D0-,-
AB8D6C,N8430X,C172,CESSNA 172 Skyhawk,L1P,L
AB8E6C,N84378,E75L,EMBRAER ERJ-170-200 (long wing),L2J,M
AB956C,N84543,EXEC,ROTORWAY Exec,H1P,L
AB9F6C,N848V,BE36,BEECH 36 Bonanza,L1P,L
ABA06C,N84831,CH7A,BELLANCA 7 Champion,L1P,L
ABA76C,N850AV,TBM7,SOCATA TBM-700A/B/C,L1T,L
ABA86C,N850MA,C560,CESSNA 560 Citation Ultra,L2J,M
ABAA6C,N8505N,P28B,PIPER PA-28-201T/235/236,L1P,L
ABAD6C,N8510E,B738,BOEING 737-800,L2J,M
ABB46C,N853VV,DC10,MCDONNELL DOUGLAS DC-10,L3J,H
ABBA6C,N855FD,B77L,BOEING 777-200LR,L2J,H
ABC06C,N8563J,C150,CESSNA 150,L1P,L
ABC16C,N857AU,C172,CESSNA 172 Skyhawk,L1P,L
ABC76C,N8580D,PA18,PIPER PA-18 Super Cub,L1P,L
ABCC6C,N8599T,C182,CESSNA 182 Skylane,L1P,L
ABDC6C,N8630Z,C206,CESSNA  206 Stationair,L1P,L
ABE56C,N866D,MU2,MITSUBISHI MU-2 Marquise,L2T,L
ABEC6C,N8679A,B738,BOEING 737-800,L2J,M
ABEE6C,N868VB,B350,BEECHCRAFT Super King Air 350,L2T,M
ABF66C,N870AX,B788,BOEING 787-8 Dreamliner,L2J,H
ABF76C,N870MC,RV4,VANS RV-4,L1P,L
ABF96C,N8705Q,B38M,BOEING 737 MAX 8,L2J,M
AC046C,N8734N,P28A,PIPER PA-28-140/150/160/180,L1P,L
AC066C,N874NP,RV9,VANS RV-9,L1P,L
AC1D6C,N88VW,GYRO,,G0-,-
AC246C,N88136,J3,PIPER J-3 Cub,L1P,L
AC286C,N88259,PA11,PIPER PA-11 Cub Special,L1P,L
AC2B6C,N88301,E75L,EMBRAER ERJ-170-200 (long wing),L2J,M
AC2C6C,N8838B,C172,CESSNA 172 Skyhawk,L1P,L
AC2F6C,N88424,CH7B,BELLANCA 7 Citabria,L1P,L
AC346C,N886DB,E50P,EMBRAER EMB-500 Phenom 100,L2J,L
AC3B6C,N8879C,PA22,PIPER PA-22,L1P,L
AC3C6C,N888JY,GLF6,GULFSTREAM G650,L2J,M
AC5E6C,N8963N,PA32,PIPER PA-32,L1P,L
AC606C,N897MD,C525,CESSNA 525 CitationJet,L2J,L
AC656C,N8980H,G164,GRUMMAN G-164 Ag-Cat,L1P,L
AC686C,N899T,BE35,BEECH 35 Starfire Bonanza,L1P,L
AC6B6C,N9KS,M20P,MOONEY M-20,L1P,L
AC6C6C,N9VY,S58T,SIKORSKY S-58T,H1T,L
AC6D6C,N90GC,YK52,YAKOVLEV Yak-52,L1P,L
AC6F6C,N900CP,ALIG,ARION LS-1 Lightning,L1P,L
AC726C,N9006X,BALL,,B0-,-
AC746C,N901RT,DRON,,D0-,-
AC756C,N9011P,A319,AIRBUS A-319,L2J,M
AC766C,N90180,JANU,SCHEMPP-HIRTH Janus,L1P,L
AC796C,N9023S,BE35,BEECH 35 Starfire Bonanza,L1P,L
AC7A6C,N903BB,VP2,EVANS Volksplane,L1P,L
AC7B6C,N903MH,B407,BELL 407,H1T,L
AC806C,N9040M,BALL,,B0-,-
AC816C,N9047Y,PA18,PIPER PA-18 Super Cub,L1P,L
AC8A6C,N907NU,DRON,,D0-,-
AC906C,N9088Z,B25,CONSOLIDATED B-25 Mitchell,L2P,M
AC916C,N909JJ,,,,
AC996C,N9103,D25,NEW STANDART D-25,L1P,L
AC9A6C,N911AK,B105,EUROCOPTER BO-105,H2T,L
AC9E6C,N912DH,FOX,KITFOX,L1P,L
ACA06C,N912ZV,RV12,VANS RV-12,L1P,L
ACA36C,N913SM,AS50,AEROSPATIALE AS-350 Ecureuil,H1T,L
ACA56C,N9139J,P28A,PIPER PA-28-140/150/160/180,L1P,L
ACA66C,N914KD,FOX,KITFOX,L1P,L
ACAC6C,N9156D,PA22,PIPER PA-22,L1P,L
ACAF6C,N91606,C182,CESSNA 182 Skylane,L1P,L
ACB06C,N9168G,C182,CESSNA 182 Skylane,L1P,L
ACB16C,N917HS,C182,CESSNA 182 Skylane,L1P,L
ACB26C,N917TY,,,,
ACB36C,N91729,ULAC,,L0-,-
ACB46C,N918AJ,C560,CESSNA 560 Citation Ultra,L2J,M
ACBB6C,N9197E,AR11,AERONCA 11 Chief,L1P,L
ACBD6C,N92SL,BE17,BEECH 17 Staggerwing,L1P,L
ACC36C,N921RV,RV6,VANS RV-6,L1P,L
ACC66C,N922JM,PA24,PIPER PA-24 Comanche,L1P,L
ACCB6C,N923XR,DRON,,D0-,-
ACCD6C,N924EB,COL4,CESSNA 400 Corvalis TT,L1P,L
ACCF6C,N9240P,B06,BELL 206 JetRanger,H1T,L
ACD06C,N92470,J3,PIPER J-3 Cub,L1P,L
ACD46C,N92593,C188,CESSNA 188 AgTruck,L1P,L
ACDF6C,N92881,C182,CESSNA 182 Skylane,L1P,L
ACE36C,N93BC,BL8,BELLANCA 8 Decathlon,L1P,L
ACE46C,N93MJ,ZZZZ,,-0-,-
ACE86C,N9303B,ULAC,,L0-,-
ACE96C,N931AM,A321,AIRBUS A-321,L2J,M
ACEA6C,N931LT,PA44,PIPER PA-44 Seminole,L2P,L
ACEC6C,N9315E,C172,CESSNA 172 Skyhawk,L1P,L
ACEF6C,N932ZX,BALL,,B0-,-
ACF06C,N9327H,CH7A,BELLANCA 7 Champion,L1P,L
ACF46C,N9339L,,,,
ACF76C,N9344C,C180,CESSNA  180 Skywagon,L1P,L
ACFF6C,N9368J,P28A,PIPER PA-28-140/150/160/180,L1P,L
AD026C,N9373A,C195,CESSNA 195,L1P,L
AD106C,N94061,C185,CESSNA 185 Skywagon,L1P,L
AD116C,N941FR,A319,AIRBUS A-319,L2J,M
AD136C,N9411T,PA38,PIPER PA-38 Tomahawk,L1P,L
AD146C,N94184,ERCO,AIR PRODUCTS F-1 Aircoupe,L1P,L
AD1B6C,N9435Z,C72R,CESSNA 172R Cutlass RG,L1P,L
AD216C,N945TH,PAY3,PIPER PA-42-720 Cheyenne 3,L2T,L
AD226C,N9452U,C150,CESSNA 150,L1P,L
AD246C,N946L,DA40,DIAMOND DA-40 Club Star,L1P,L
AD2A6C,N94760,ERCO,AIR PRODUCTS F-1 Aircoupe,L1P,L
AD2D6C,N9481S,BE35,BEECH 35 Starfire Bonanza,L1P,L
AD2E6C,N94883,,,,
AD326C,N95BE,BE95,BEECH 95 Travel Air,L2P,L
AD336C,N95ML,,,,
AD3B6C,N9515G,T206,CESSNA T206 Turbo Stationair,L1P,L
AD3C6C,N952DM,M7,MAULE M-7,L1P,L
AD3F6C,N9527K,S108,STINSON 108 Voyager,L1P,L
AD466C,N9544E,AR11,AERONCA 11 Chief,L1P,L
AD4A6C,N9556H,C172,CESSNA 172 Skyhawk,L1P,L
AD4C6C,N956RD,GYRO,,G0-,-
AD4E6C,N9568L,C172,CESSNA 172 Skyhawk,L1P,L
AD516C,N9573C,PA34,PIPER PA-34 Seneca,L2P,L
AD526C,N958AN,B738,BOEING 737-800,L2J,M
AD566C,N959DL,MD88,MCDONNELL-DOUGLAS MD-88,L2J,M
AD596C,N9597J,P28A,PIPER PA-28-140/150/160/180,L1P,L
AD636C,N96186,HUSK,CHRISTEN Husky,L1P,L
AD666C,N9623Y,HUSK,CHRISTEN Husky,L1P,L
AD6A6C,N96351,TAYB,TAYLORCRAFT BC/BF/BL,L1P,L
AD6D6C,N9640T,C210,CESSNA 201 Centurion,L1P,L
AD6E6C,N96474,C182,CESSNA 182 Skylane,L1P,L
AD756C,N9664Z,VEZE,RUTAN VariEze,L1P,L
AD776C,N967P,RV12,VANS RV-12,L1P,L
AD7C6C,N9681U,AA1,AMERICAN AA-1,L1P,L
AD7D6C,N96885,C182,CESSNA 182 Skylane,L1P,L
AD8A6C,N9715J,P28A,PIPER PA-28-140/150/160/180,L1P,L
AD8B6C,N972DP,C172,CESSNA 172 Skyhawk,L1P,L
AD8E6C,N9727M,M20P,MOONEY M-20,L1P,L
AD906C,N973ST,A119,AGUSTA AW-119 Koala,H1T,L
AD996C,N9756K,S108,STINSON 108 Voyager,L1P,L
AD9C6C,N9761B,C208,CESSNA 208 Caravan,L1T,L
ADA06C,N9773E,AR11,AERONCA 11 Chief,L1P,L
ADA46C,N9785H,C82R,CESSNA R182 Skylane RG,L1P,L
ADAA6C,N98SS,C150,CESSNA 150,L1P,L
ADAE6C,N98065,P28A,PIPER PA-28-140/150/160/180,L1P,L
ADB16C,N9811X,J3,PIPER J-3 Cub,L1P,L
ADB26C,N98188,C172,CESSNA 172 Skyhawk,L1P,L
ADB96C,N98353,J3,PIPER J-3 Cub,L1P,L
ADC46C,N98641,J3,PIPER J-3 Cub,L1P,L
ADC56C,N987CW,RV7,VANS RV-7,L1P,L
ADCA6C,N988S,F2TH,DASSAULT Falcon 2000,L2J,M
ADCC6C,N98887,C172,CESSNA 172 Skyhawk,L1P,L
ADCD6C,N989JS,C750,CESSNA 750 Citation 10,L2J,M
ADD06C,N99BJ,CH7A,BELLANCA 7 Champion,L1P,L
ADD16C,N99MQ,BE55,BEECH 55 Baron,L2P,L
ADD36C,N990JA,F900,DASSAULT Falcon 900,L3J,M
ADD66C,N991AT,B712,BOEING 717-200,L2J,M
ADD96C,N9915L,AA1,AMERICAN AA-1,L1P,L
ADDC6C,N9920C,L8,LUSCOMBE 8,L1P,L
ADDF6C,N993SV,DRON,,D0-,-
ADE46C,N9944J,GLID,,L0-,-
ADE86C,N9956M,C207,CESSNA 207 Turbo Stationair,L1P,L
ADEC6C,N9968Q,PA18,PIPER PA-18 Super Cub,L1P,L
ADED6C,N997J,BE33,BEECH 33 Bonanza,L1P,L
ADF56C,N999PW,C501,CESSNA 501 Citation 1SP,L2J,L
ADF66C,N9990B,C72R,CESSNA 172R Cutlass RG,L1P,L
ADFC6C,90-0409,BE40,BEECH 400 Beechjet,L2J,M
ADFD6C,90-00527,SW4,SWEARINGEN Metro,L2T,M
ADFE6C,91-1652,C130,LOCKHEED C-130 Hercules,L4T,M
ADFF6C,65-10374,T38,NORTHROP T-38 Talon,L2J,L
AE006C,66-4366,T38,NORTHROP T-38 Talon,L2J,L
AE026C,62-3516,K35R,BOEING KC-135R/T Stratotanker,L4J,H
AE036C,98-00006,C560,CESSNA 560 Citation Ultra,L2J,M
AE046C,162167,C2,GRUMMAN C-2 Greyhound,L2T,M
AE056C,86-0015,C5M,LOCKHEED C-5 Super Galaxy,L4J,H
AE066C,62-3562,K35R,BOEING KC-135R/T Stratotanker,L4J,H
AE0B6C,85-24414,H60,SIKORSKY UH-60 Black Hawk,H2T,M
AE0C6C,93-26500,H60,SIKORSKY UH-60 Black Hawk,H2T,M
AE0E6C,82-23757,H60,SIKORSKY UH-60 Black Hawk,H2T,M
AE116C,84-00168,BE20,BEECH 200 Super King Air,L2T,M
AE146C,07-7174,C17,BOEING C-17 Globemaster 3,L4J,H
AE1D6C,161767,P3,LOCKHEED P-3 Orion,L4T,M
AE1E6C,166014,TEX2,BEECHCRAFT T-6 Texan 2,L1T,L
AE1F6C,09-72093,EC45,AIRBUS HELICOPTERS EC-145,H2T,L
AE266C,6518,AS65,AEROSPATIALE AS-365 Dauphin 2,H2T,L
AE2F6C,09-0661,B350,BEECHCRAFT Super King Air 350,L2T,M
AE4F6C,167024,H60,SIKORSKY UH-60 Black Hawk,H2T,M
AE536C,11-20392,H60,SIKORSKY UH-60 Black Hawk,H2T,M
AE566C,12-20509,H60,SIKORSKY UH-60 Black Hawk,H2T,M
AE596C,14-5803,C30J,LOCKHEED MARTIN C-130J Super Hercules,L4T,M
AE5A6C,15-72384,EC45,AIRBUS HELICOPTERS EC-145,H2T,L
AE5B6C,169230,C30J,LOCKHEED MARTIN C-130J Super Hercules,L4T,M
AE5C6C,169346,P8,BOEING P-8 Poseidon,L2J,M
AE5D6C,16-20867,H60,SIKORSKY UH-60 Black Hawk,H2T,M
AE636C,18-21028,H60,SIKORSKY UH-60 Black Hawk,H2T,M
AE6C6C,20-21181,H60,SIKORSKY UH-60 Black Hawk,H2T,M
C0006C,C-FAED,TAYA,TAYLORCRAFT A,L1P,L
C0016C,C-FANZ,C180,CESSNA  180 Skywagon,L1P,L
C0026C,C-FAXV,C172,CESSNA 172 Skyhawk,L1P,L
C0036C,C-FBHR,B06,BELL 206 JetRanger,H1T,L
C0046C,C-FBRN,PA31,PIPER PA-31-300/310/325/350/425,L2P,L
C0066C,C-FCLF,C177,CESSNA  177 Cardinal,L1P,L
C0076C,C-FCVB,B14C,BELLANCA 260C,L1P,L
C0086C,C-FDEX,TAYA,TAYLORCRAFT A,L1P,L
C0096C,C-FDOT,C182,CESSNA 182 Skylane,L1P,L
C00A6C,C-FDYP,CNUK,FLEET 80 Canuck,L1P,L
C00C6C,C-FESH,,,,
C00D6C,C-FFCD,GL5T,BOMBARDIER BD-700 Global 5000/5500,L2J,M
C00E6C,C-FFLZ,B38M,BOEING 737 MAX 8,L2J,M
C00F6C,C-FFVV,,,,
C0106C,C-FGFR,CAMP,GREGA GN-1 Aircamper,L1P,L
C0116C,C-FGPN,PA27,PIPER PA-23-250 Aztec,L2P,L
C0136C,C-FHJF,ZZZZ,,-0-,-
C0146C,C-FHTB,PA22,PIPER PA-22,L1P,L
C0156C,C-FICX,PA18,PIPER PA-18 Super Cub,L1P,L
C0166C,C-FIMT,C150,CESSNA 150,L1P,L
C0176C,C-FIWP,J3,PIPER J-3 Cub,L1P,L
C0196C,C-FJQH,A321,AIRBUS A-321,L2J,M
C01B6C,C-FKJZ,CRJ7,BOMBARDIER Regional Jet CRJ-700,L2J,M
C01D6C,C-FLDR,RAF2,ROTARY AIR FORCE RAF-2000,G1P,L
C01E6C,C-FLNN,PA31,PIPER PA-31-300/310/325/350/425,L2P,L
C01F6C,C-FLXJ,,,,
C0206C,C-FMHF,ULAC,,L0-,-
C0216C,C-FMRB,RV14,VANS RV-14,L1P,L
C0226C,C-FNAX,B38M,BOEING 737 MAX 8,L2J,M
C0236C,C-FNKT,C172,CESSNA 172 Skyhawk,L1P,L
C0246C,C-FNUP,C180,CESSNA  180 Skywagon,L1P,L
C0256C,C-FOEL,BALL,,B0-,-
C0266C,C-FOOH,T206,CESSNA T206 Turbo Stationair,L1P,L
C0276C,C-FOYD,J3,PIPER J-3 Cub,L1P,L
C0286C,C-FPHZ,DH82,DE HAVILLAND DH-82 Tiger Moth,L1P,L
C02B6C,C-FQLN,CH60,ZENAIR CH-600 Zodiac,L1P,L
C02C6C,C-FQVJ,,,,
C02D6C,C-FRFF,C150,CESSNA 150,L1P,L
C02E6C,C-FRPB,PA18,PIPER PA-18 Super Cub,L1P,L
C02F6C,C-FRYX,C180,CESSNA  180 Skywagon,L1P,L
C0306C,C-FSIT,ERCO,AIR PRODUCTS F-1 Aircoupe,L1P,L
C0316C,C-FSSP,C150,CESSNA 150,L1P,L
C0326C,C-FTCL,DH2T,DE HAVILLAND DHC-2 Turbo Beaver,L1T,L
C0336C,C-FTMH,DH82,DE HAVILLAND DH-82 Tiger Moth,L1P,L
C0346C,C-FTWD,C170,CESSNA 170,L1P,L
C0356C,C-FUFZ,T6,NORTH AMERICAN T-6 Texan,L1P,L
C0366C,C-FUPV,CH7B,BELLANCA 7 Citabria,L1P,L
C0376C,C-FUZR,C172,CESSNA 172 Skyhawk,L1P,L
C0386C,C-FVJN,GYRO,,G0-,-
C0396C,C-FVTJ,RV6,VANS RV-6,L1P,L
C03A6C,C-FWDF,ELA7,ELA AVIACION ELA-7,G1P,L
C03B6C,C-FWNB,L8,LUSCOMBE 8,L1P,L
C03C6C,C-FWWX,VO10,NORTH AMERICAN ROCKWELL Commander 100,L1P,L
C03D6C,C-FXGT,FOX,KITFOX,L1P,L
C03E6C,C-FXQP,C172,CESSNA 172 Skyhawk,L1P,L
C03F6C,C-FYAL,L8,LUSCOMBE 8,L1P,L
C0406C,C-FYKH,C182,CESSNA 182 Skylane,L1P,L
C0426C,C-FZDZ,S05R,SIAI-MARCHETTI S-205-22R,L1P,L
C0436C,C-FZNV,C172,CESSNA 172 Skyhawk,L1P,L
C0446C,C-FZXR,C182,CESSNA 182 Skylane,L1P,L
C0456C,C-GAHN,UH1,BELL UH-1 Huey,H1T,L
C0466C,C-GARJ,A319,AIRBUS A-319,L2J,M
C0476C,C-GBBF,T40,TURNER T-40,L1P,L
C0486C,C-GBLB,GL7T,BOMBARDIER BD-700 Global 7000/7500,L2J,M
C04A6C,C-GCET,C82R,CESSNA R182 Skylane RG,L1P,L
C04B6C,C-GCOP,C172,CESSNA 172 Skyhawk,L1P,L
C04C6C,C-GCYL,PA31,PIPER PA-31-300/310/325/350/425,L2P,L
C04E6C,C-GDSD,C172,CESSNA 172 Skyhawk,L1P,L
C04F6C,C-GEBZ,C207,CESSNA 207 Turbo Stationair,L1P,L
C0506C,C-GELV,PA18,PIPER PA-18 Super Cub,L1P,L
C0516C,C-GEVR,C177,CESSNA  177 Cardinal,L1P,L
C0526C,C-GFFN,B733,BOEING 737-300,L2J,M
C0536C,C-GFPJ,C185,CESSNA 185 Skywagon,L1P,L
C0546C,C-GFZF,C185,CESSNA 185 Skywagon,L1P,L
C0556C,C-GGJB,PA32,PIPER PA-32,L1P,L
C0566C,C-GGSX,B06,BELL 206 JetRanger,H1T,L
C0576C,C-GHCT,AS50,AEROSPATIALE AS-350 Ecureuil,H1T,L
C0596C,C-GHWL,C172,CESSNA 172 Skyhawk,L1P,L
C05C6C,C-GIZZ,PA46,PIPER PA-46-310/350,L1P,L
C05D6C,C-GJJV,C172,CESSNA 172 Skyhawk,L1P,L
C05E6C,C-GJTR,C172,CESSNA 172 Skyhawk,L1P,L
C0606C,C-GKNJ,C172,CESSNA 172 Skyhawk,L1P,L
C0626C,C-GLHB,P28A,PIPER PA-28-140/150/160/180,L1P,L
C0636C,C-GLQX,DH8D,DE HAVILLAND DHC-8-400 Dash 8,L2T,M
C0646C,C-GMAT,C172,CESSNA 172 Skyhawk,L1P,L
C0656C,C-GMKP,DHC2,DE HAVILLAND DHC-2 Beaver,L1P,L
C0676C,C-GNEH,GLID,,L0-,-
C0686C,C-GNOD,NDAC,NORMAND DUBE Aerocruiser,L1P,L
C0696C,C-GNXZ,P28U,PIPER PA-28RT-201T Turbo,L1P,L
C06A6C,C-GOHV,R44,ROBINSON R-44 Raven,H1P,L
C06B6C,C-GORR,,,,
C06C6C,C-GPBN,PA31,PIPER PA-31-300/310/325/350/425,L2P,L
C06D6C,C-GPLJ,C182,CESSNA 182 Skylane,L1P,L
C06E6C,C-GPVF,BCS3,AIRBUS A220-300,L2J,M
C0716C,C-GQYT,C172,CESSNA 172 Skyhawk,L1P,L
C0726C,C-GRIP,C170,CESSNA 170,L1P,L
C0746C,C-GSCH,S92,SIKORSKY S-92 Helibus,H2T,M
C0756C,C-GSMD,PA34,PIPER PA-34 Seneca,L2P,L
C0786C,C-GTPR,M20P,MOONEY M-20,L1P,L
C0796C,C-GTZN,EC30,AIRBUS HELICOPTERS EC-130,H1T,L
C07C6C,C-GVDB,L39,LET L-39 Albatros,L1J,L
C07E6C,C-GVWT,C172,CESSNA 172 Skyhawk,L1P,L
C07F6C,C-GWGP,B06,BELL 206 JetRanger,H1T,L
C0816C,C-GXAH,AS50,AEROSPATIALE AS-350 Ecureuil,H1T,L
C0826C,C-GXKD,C150,CESSNA 150,L1P,L
C0836C,C-GXTZ,C172,CESSNA 172 Skyhawk,L1P,L
C0846C,C-GYDV,C150,CESSNA 150,L1P,L
C0856C,C-GYNR,AS50,AEROSPATIALE AS-350 Ecureuil,H1T,L
C0866C,C-GYXN,C152,CESSNA 152,L1P,L
C0876C,C-GZHJ,J5,PIPER J-5 Cub Cruiser,L1P,L
C0886C,C-GZRF,CH70,ZENAIR CH-701 Stol,L1P,L
C0896C,C-IABB,KEHA,KRESTEL Sport Hawk,L1P,L
C08A6C,C-IAKX,ULAC,,L0-,-
C08C6C,C-IBEP,ULAC,,L0-,-
C08E6C,C-IBYH,BEVR,ASAP Beaver,L1P,L
C08F6C,C-ICID,ULAC,,L0-,-
C0906C,C-ICRZ,ULAC,,L0-,-
C0916C,C-IDBV,NDAC,NORMAND DUBE Aerocruiser,L1P,L
C0936C,C-IDVN,,,,
C0946C,C-IEFJ,ULAC,,L0-,-
C0956C,C-IEPF,BEVR,ASAP Beaver,L1P,L
C0966C,C-IEZB,,,,
C0976C,C-IFIX,ULAC,,L0-,-
C0986C,C-IFST,PARA,,P0-,-
C09A6C,C-IGML,PARA,,P0-,-
C09D6C,C-IHPZ,,,,
C09E6C,C-IHZV,ULAC,,L0-,-
C0A06C,C-IITN,PARA,,P0-,-
C0A16C,C-IJDJ,PARA,,P0-,-
C0A26C,C-IJNF,PARA,,P0-,-
C0A36C,C-IJXB,PARA,,P0-,-
C0A46C,C-IKGX,ULAC,,L0-,-
C0A86C,C-ILUH,,,,
C0A96C,C-IMED,SKRA,BEST OFF Sky Ranger,L1P,L
C1E56C,SERV,SERV,,V0-,-
C8026C,ZK-DAS,T206,CESSNA T206 Turbo Stationair,L1P,L
C8036C,ZK-DRN,C172,CESSNA 172 Skyhawk,L1P,L
C8076C,ZK-WAA,PA38,PIPER PA-38 Tomahawk,L1P,L
C8106C,ZK-KNI,COY2,RANS Coyote 2,L1P,L
C8136C,ZK-KEZ,PA18,PIPER PA-18 Super Cub,L1P,L
C8146C,ZK-JRO,ULAC,,L0-,-
C8166C,ZK-GRY,VENT,SCHEMPP-HIRTH Ventus,L1P,L
C8176C,ZK-TBK,SIRA,TECNAM P-2002 Sierra,L1P,L
C81B6C,ZK-ITT,R44,ROBINSON R-44 Raven,H1P,L
C81C6C,ZK-JOZ,ULAC,,L0-,-
C81D6C,ZK-ZAH,YK52,YAKOVLEV Yak-52,L1P,L
C8206C,ZK-CDR,C182,CESSNA 182 Skylane,L1P,L
C8226C,ZK-TTD,GLAS,Glasair,L1P,L
C8276C,ZK-MVW,AT76,ATR-72-600,L2T,M
C8286C,ZK-HGR,AS50,AEROSPATIALE AS-350 Ecureuil,H1T,L
C8296C,ZK-LMC,P208,TECNAM P-2008,L1P,L
C8806C,DQ-OMO,DHC6,DE HAVILLAND DHC-6 Twin Otter,L2T,L
E2006C,GN-925,EC35,AIRBUS HELICOPTERS EC-135/635,H2T,L
E4816C,PR-ATC,BE20,BEECH 200 Super King Air,L2T,M
E4896C,PP-AAS,PA34,PIPER PA-34 Seneca,L2P,L
E48C6C,N-4001,LYNX,AGUSTAWESTLAND AW-159 Super Lynx,H2T,L
E48F6C,PR-AUA,E190,EMBRAER ERJ-190-100,L2J,M
E4906C,PT-TAN,P46T,PIPER PA-46-500TP,L1T,L
E4916C,7100,E110,EMBRAER EMB-110 Bandeirante,L2T,L
E4926C,PR-SDF,B733,BOEING 737-300,L2J,M
E4956C,PT-PST,B505,BELL 505 JetRanger X,H1T,L
E4966C,PR-SBV,S22T,CIRRUS SR-22T Turbo,L1P,L
E4996C,PS-LUW,BE20,BEECH 200 Super King Air,L2T,M
E8026C,CC-BBE,B788,BOEING 787-8 Dreamliner,L2J,H
E8046C,CC-BGR,B789,BOEING 787-9 Dreamliner,L2J,H
E8066C,996,C130,LOCKHEED C-130 Hercules,L4T,M
E8096C,CC-AOL,C208,CESSNA 208 Caravan,L1T,L
E8806C,ZP-BFN,C182,CESSNA 182 Skylane,L1P,L
E8C06C,OB-2120-P,AN32,ANTONOV An-32 Sutlej,L2T,M
E94B6C,CP-2924,B737,BOEING 737-700,L2J,M
