00887F,ZS-DFA,E145,EMBRAER ERJ-145,L2J,M
00907F,ZS-GFU,GLID,,L0-,-
00937F,ZS-HJI,B06,BELL 206 JetRanger,H1T,L
009C7F,ZS-KTY,P28T,PIPER PA-28RT-201,L1P,L
00A77F,ZS-OYG,B190,BEECH 1900,L2T,M
00B27F,ZS-TCO,RJ85,AVRO RJ-85 Avroliner,L4J,M
01007F,SU-BAN,C130,LOCKHEED C-130 Hercules,L4T,M
01807F,5A-LAT,A332,AIRBUS A-330-200,L2J,H
02007F,CN-CED,DA40,DIAMOND DA-40 Club Star,L1P,L
04C17F,5Y-BRE,C208,CESSNA 208 Caravan,L1T,L
05C07F,TZ-SMA,B735,BOEING 737-500,L2J,M
06A07F,A7-BFA,B77L,BOEING 777-200LR,L2J,H
06A17F,A7-FSD,PA34,PIPER PA-34 Seneca,L2P,L
06A27F,A7-MAR,DHC6,DE HAVILLAND DHC-6 Twin Otter,L2T,L
07007F,6W-ZEH,TB30,SOCATA TB-30 Epsilon,L1P,L
0A807F,C6-SML,AC50,NORTH AMERICAN ROCKWELL Commander 500,L2P,L
0AC37F,PNC-0615,H60,SIKORSKY UH-60 Black Hawk,H2T,M
0AC77F,EJC3390,MI8,MIL Mi-8/9/17/19/171/172,H2T,M
0ACA7F,HK-5398,AT76,ATR-72-600,L2T,M
0AE07F,TI-BJJ,K100,DAHER Kodiak 100,L1T,L
0D027F,XC-SLP,BE20,BEECH 200 Super King Air,L2T,M
0D067F,XA-EGL,C510,CESSNA 510 Citation Mustang,L2J,L
0D087F,ANX-1203,CL60,BOMBARDIER CL-600 Challenger,L2J,M
0D0A7F,XA-BET,PC12,PILATUS PC-12,L1T,L
0D0C7F,XB-RYG,T206,CESSNA T206 Turbo Stationair,L1P,L
0D0D7F,XA-ADQ,B734,BOEING 737-400,L2J,M
14077F,RA-01919,B06,BELL 206 JetRanger,H1T,L
141C7F,RA-07295,AS50,AEROSPATIALE AS-350 Ecureuil,H1T,L
15067F,RA-67199,C172,CESSNA 172 Skyhawk,L1P,L
15087F,RA-67711,C172,CESSNA 172 Skyhawk,L1P,L
151D7F,RA-73087,B738,BOEING 737-800,L2J,M
151E7F,RA-73343,B739,BOEING 737-900,L2J,M
15287F,RF-93954,IL18,ILYUSHIN Il-18,L4T,M
15407F,RA-82047,A124,ANTONOV An-124 Ruslan,L4J,H
1AFE7F,RF-65151,T134,TUPOLEV Tu-134,L2J,M
30067F,I-PDRG,TB21,SOCATA TB-21 Trinidad TC,L1P,L
30087F,I-EBPY,RV8,VANS RV-8,L1P,L
31DE7F,I-B075,ULAC,,L0-,-
3AAB7F,F-MBIG,TIGR,AIRBUS HELICOPTERS EC-665 Tiger,H2T,L
3B767F,E48,AJET,DASSAULT-DORNIER Alpha Jet,L2J,M
3B777F,471,C135,BOEING NC-135,L4J,H
3C1A7F,D-AZAW,A21N,AIRBUS A-321neo,L2J,M
3CCC7F,D-CETB,H25B,HAWKER BEECHCRAFT Hawker 750/850,L2J,M
3D057F,D-EAIH,C182,CESSNA 182 Skylane,L1P,L
3D067F,D-EASD,G115,GROB G-115,L1P,L
3D077F,D-EBBZ,PUP,BEAGLE Pup,L1P,L
3D097F,D-EBVR,P28A,PIPER PA-28-140/150/160/180,L1P,L
3D0B7F,D-ECPJ,C150,CESSNA 150,L1P,L
3D0F7F,D-EECT,FDCT,FLIGHT DESIGN CT,L1P,L
3D107F,D-EEMP,C150,CESSNA 150,L1P,L
3D117F,D-EEWL,PA18,PIPER PA-18 Super Cub,L1P,L
3D127F,D-EFGH,DR40,ROBIN DR-400,L1P,L
3D137F,D-EFQD,TB20,SOCATA TB-20 Trinidad,L1P,L
3D167F,D-EGTR,TB20,SOCATA TB-20 Trinidad,L1P,L
3D187F,D-EHNJ,M20P,MOONEY M-20,L1P,L
3D1F7F,D-EKEH,P28A,PIPER PA-28-140/150/160/180,L1P,L
3D207F,D-EKOD,HUSK,CHRISTEN Husky,L1P,L
3D247F,D-EMBN,C172,CESSNA 172 Skyhawk,L1P,L
3D287F,D-ENOX,P28S,PIPER PA-28R-201T,L1P,L
3D2C7F,D-EPCH,CH60,ZENAIR CH-600 Zodiac,L1P,L
3D347F,D-ESDB,AA5,AMERICAN AA-5 Tiger,L1P,L
3D3A7F,D-EUKD,G115,GROB G-115,L1P,L
3D3B7F,D-EUTZ,M20T,MOONEY M-20T,L1P,L
3D417F,D-EXBB,C82R,CESSNA R182 Skylane RG,L1P,L
3D477F,D-EZID,C182,CESSNA 182 Skylane,L1P,L
3D777F,D-FRMT,PC12,PILATUS PC-12,L1T,L
3D947F,D-GCMH,PA44,PIPER PA-44 Seminole,L2P,L
3DB67F,D-GPJB,PA34,PIPER PA-34 Seneca,L2P,L
3DD37F,D-HAIP,R44,ROBINSON R-44 Raven,H1P,L
3DDD7F,D-HEDB,B06,BELL 206 JetRanger,H1T,L
3DF17F,D-HLRZ,EC55,AIRBUS HELICOPTERS EC-155,H2T,L
3E167F,D-HZSH,EC35,AIRBUS HELICOPTERS EC-135/635,H2T,L
3E3B7F,D-INSP,BE60,BEECH 60 Duke,L2P,L
3E5C7F,D-KAFN,DG50,DG FLUGZEUGBAU DG-500M,L1P,L
3E5F7F,D-KBJB,AS29,SCHLEICHER ASG-29,L1P,L
3E607F,D-KBSX,VENT,SCHEMPP-HIRTH Ventus,L1P,L
3E637F,D-KCWL,VENT,SCHEMPP-HIRTH Ventus,L1P,L
3E6B7F,D-KFXF,GLID,,L0-,-
3E757F,D-KJRR,ARCP,SCHEMPP-HIRTH Arcus M,L1P,L
3E7C7F,D-KMIP,GLID,,L0-,-
3EC27F,D-KOPR,DIMO,DIAMOND H-36 Dimona,L1P,L
3ECB7F,D-KSAH,SF25,SCHEIBE SF-25 Falke,L1P,L
3ED37F,D-2933,GLID,,L0-,-
3EEC7F,D-3048,GLID,,L0-,-
3EED7F,D-3304,GLID,,L0-,-
3EF37F,D-4840,GLID,,L0-,-
3EF77F,D-5864,GLID,,L0-,-
3F037F,D-8936,GLID,,L0-,-
3F277F,D-OAWD,BALL,,B0-,-
3F297F,D-OBPV,BALL,,B0-,-
3FD57F,D-OSHB,BALL,,B0-,-
3FEA7F,D-MZCH,C42,IKARUS C-42 Bison,L1P,L
3FEB7F,D-MONY,AP22,AEROPRACT A-22,L1P,L
3FEC7F,D-MFMK,FDCT,FLIGHT DESIGN CT,L1P,L
3FEF7F,D-MVSW,PIVI,PIPSTREL Virus,L1P,L
3FF27F,D-MNRV,ECHO,TECNAM P-92 Echo,L1P,L
3FF37F,D-MXKG,VL3,AVEKO Flamingo,L1P,L
3FF47F,D-MWFH,C42,IKARUS C-42 Bison,L1P,L
3FF57F,D-MKHM,ULAC,,L0-,-
3FF67F,D-MWWD,FDCT,FLIGHT DESIGN CT,L1P,L
3FF77F,D-MSRW,GOLF,TECNAM P-96 Golf,L1P,L
40007F,VP-CVK,GLF5,GULFSTREAM 5,L2J,M
40097F,G-EUUD,A320,AIRBUS A-320,L2J,M
400B7F,G-BBRA,PA27,PIPER PA-23-250 Aztec,L2P,L
400C7F,G-BOIC,P28S,PIPER PA-28R-201T,L1P,L
400E7F,G-JRED,R44,ROBINSON R-44 Raven,H1P,L
40117F,G-BFXW,AA5,AMERICAN AA-5 Tiger,L1P,L
40157F,G-ARUG,ACAR,AUSTER J-5 Autocar,L1P,L
40167F,G-ATRG,PA18,PIPER PA-18 Super Cub,L1P,L
40177F,G-AWEF,SV4,NORD SV-4,L1P,L
40187F,G-AYAT,P28A,PIPER PA-28-140/150/160/180,L1P,L
40197F,G-AZRM,RF5,FOURNIER RF-5,L1P,L
401A7F,G-BATV,P28A,PIPER PA-28-140/150/160/180,L1P,L
40217F,G-CRIL,AC11,NORTH AMERICAN ROCKWELL Commander 112/114,L1P,L
40227F,G-AHCL,J1,AUSTER J-1,L1P,L
40297F,G-MTLL,ULAC,,L0-,-
402C7F,G-EDGE,D150,JODEL D-150 Mascaret,L1P,L
402F7F,G-BRKC,J1,AUSTER J-1,L1P,L
40317F,G-MWHR,ULAC,,L0-,-
40327F,G-BSSP,DR40,ROBIN DR-400,L1P,L
40357F,G-MCXV,MC10,COLOMBAN Cricri,L2P,L
40437F,G-BZGR,COY2,RANS Coyote 2,L1P,L
40447F,G-BZPI,TB20,SOCATA TB-20 Trinidad,L1P,L
40467F,G-CBHR,AKRO,STEPHENS Akro,L1P,L
40487F,G-CBXW,EUPA,Europa,L1P,L
40497F,G-CCFW,WFOC,WAR Focke-Wulf 190,L1P,L
404F7F,G-CDXY,FOX,KITFOX,L1P,L
40507F,G-CEGO,EV97,EVEKTRO EV-97 EuroStar,L1P,L
40517F,G-CEMA,PNR2,ALPI Pioneer 200,L1P,L
40537F,G-CJKP,GLID,,L0-,-
40547F,G-IFRH,A109,AGUSTA AW-109 Grand,H2T,L
40557F,G-SMMA,F406,CESSNA F406 Caravan 2,L2T,L
405E7F,G-CFWH,GLID,,L0-,-
405F7F,G-LPIN,ULAC,,L0-,-
40637F,G-LUCL,ZZZZ,,-0-,-
40657F,G-CGXB,GLAS,Glasair,L1P,L
40687F,G-MAGN,MM24,MAGNI M-24 Orion,G1P,L
40697F,G-MPLE,C182,CESSNA 182 Skylane,L1P,L
406A7F,G-RVOM,RV8,VANS RV-8,L1P,L
406B7F,G-JMGP,L39,LET L-39 Albatros,L1J,L
406D7F,G-CPLH,G2CA,GUIMBAL G-2 Cabri,H1P,L
406E7F,G-HFZA,D228,DORNIER 228,L2T,L
406F7F,G-CIWX,BALL,,B0-,-
40707F,G-CIYV,RV9,VANS RV-9,L1P,L
40717F,G-JZBC,B738,BOEING 737-800,L2J,M
40727F,G-CLTW,GLID,,L0-,-
40747F,G-FLYK,BE20,BEECH 200 Super King Air,L2T,M
40757F,G-UZHP,A20N,AIRBUS A-320neo,L2J,M
407B7F,G-CLYP,C42,IKARUS C-42 Bison,L1P,L
407C7F,G-BSWO,BN2P,BRITTEN-NORMAN BN-2 Islander,L2P,L
407D7F,G-KJAS,A332,AIRBUS A-330-200,L2J,H
42417F,VP-CXL,A320,AIRBUS A-320,L2J,M
42447F,VQ-BXD,FA8X,DASSAULT Falcon 8X,L3J,M
42457F,VQ-BSB,CRJ2,BOMBARDIER Regional Jet CRJ-200,L2J,M
42477F,VP-CAE,GLF5,GULFSTREAM 5,L2J,M
42487F,VP-CFU,B739,BOEING 737-900,L2J,M
424B7F,M-ALDI,E190,EMBRAER ERJ-190-100,L2J,M
43C67F,ZF244,TUCA,EMBRAER EMB-312 Tucano,L1T,L
43C77F,ZK356,EUFI,EUROFIGHTER 2000,L2J,M
43C87F,WK041,DRON,,D0-,-
44027F,OE-KLM,PA24,PIPER PA-24 Comanche,L1P,L
44037F,OE-XJK,R22,ROBINSON R-22 Mariner,H1P,L
44057F,OE-FKF,C25A,CESSNA 525A Citation CJ2,L2J,L
44087F,OE-XVD,EC35,AIRBUS HELICOPTERS EC-135/635,H2T,L
44097F,OE-XCH,AS50,AEROSPATIALE AS-350 Ecureuil,H1T,L
44F67F,ST-48,F260,AERMACCHI SF-260,L1P,L
45F07F,OY-9876,PIVI,PIPSTREL Virus,L1P,L
461A7F,OH-KAX,DA42,DIAMOND DA-42 Guardian,L2P,L
463D7F,OH-XHN,EAGL,CHRISTEN Eagle,L1P,L
47037F,HA-BIL,PA31,PIPER PA-31-300/310/325/350/425,L2P,L
471F7F,HA-LYD,A320,AIRBUS A-320,L2J,M
47307F,HA-SJN,C172,CESSNA 172 Skyhawk,L1P,L
47807F,LN-ONC,S92,SIKORSKY S-92 Helibus,H2T,M
47847F,LN-AOC,G280,GULFSTREAM G280,L2J,M
47877F,LN-FOO,C206,CESSNA  206 Stationair,L1P,L
47A37F,LN-OOS,EC45,AIRBUS HELICOPTERS EC-145,H2T,L
47A77F,LN-OMG,R44,ROBINSON R-44 Raven,H1P,L
48047F,J-512,F16,GENERAL DYNAMICS F-16 Fighting Falcon,L1J,M
48447F,PH-1353,VENT,SCHEMPP-HIRTH Ventus,L1P,L
48457F,PH-FEA,TB20,SOCATA TB-20 Trinidad,L1P,L
48467F,PH-BWR,C150,CESSNA 150,L1P,L
48487F,PH-3N8,EFOX,AEROPRO Eurofox,L1P,L
484C7F,PH-CBO,PELI,FLYER Pelican,L1P,L
484D7F,PH-TIB,BALL,,B0-,-
484E7F,PH-4B1,ULAC,,L0-,-
484F7F,PH-EZW,E190,EMBRAER ERJ-190-100,L2J,M
48507F,PH-EXA,E190,EMBRAER ERJ-190-100,L2J,M
48517F,PH-1553,DISC,SCHEMPP-HIRTH Discus,L1P,L
48547F,PH-1YZ,ZZZZ,,-0-,-
48567F,PH-2RH,ZZZZ,,-0-,-
48597F,PH-BEW,PA25,PIPER PA-25 Pawnee,L1P,L
48607F,PH-CGV,F2TH,DASSAULT Falcon 2000,L2J,M
49B07F,OK-5151,GLID,,L0-,-
49C17F,OK-WAR18,NG5,BRM AERO NG-5/6 Bristell,L1P,L
49D07F,OK-TWI,SR20,CIRRUS SR-20,L1P,L
49D17F,OK-NAV,C152,CESSNA 152,L1P,L
49D27F,OK-NNN,Z26,ZLIN Z-26/126/226/326/526/626/726,L1P,L
49D47F,OK-CSB,R66,ROBINSON R-66,H1T,L
4B027F,HB-AYP,A20N,AIRBUS A-320neo,L2J,M
4B057F,HB-CCD,C152,CESSNA 152,L1P,L
4B0F7F,HB-FWP,PC12,PILATUS PC-12,L1T,L
4B187F,HB-JHF,A333,AIRBUS A-330-300,L2J,H
4B1D7F,HB-LEL,PA34,PIPER PA-34 Seneca,L2P,L
4B1F7F,HB-LYD,P180,PIAGGIO P-180 Avanti,L2T,L
4B277F,HB-OYX,P28R,PIPER PA-28R-180/200/201,L1P,L
4B2C7F,HB-QWD,BALL,,B0-,-
4B377F,HB-VAL,C510,CESSNA 510 Citation Mustang,L2J,L
4B397F,HB-VUD,PC24,PILATUS PC-24,L2J,M
4B407F,HB-YLB,V322,MSW Votec 322,L1P,L
4B437F,HB-ZOP,B429,BELL 429 GlobalRanger,H2T,L
4B4B7F,HB-1752,GLID,,L0-,-
4B4E7F,HB-2520,AS31,SCHLEICHER ASH-31,L1P,L
4B517F,HB-3288,GLID,,L0-,-
4B7F7F,J-5232,F18H,BOEING FA-18 HORNET,L2J,M
4CA27F,EI-DEK,A320,AIRBUS A-320,L2J,M
4CA67F,EI-FNS,C42,IKARUS C-42 Bison,L1P,L
4CA97F,EI-EPY,UF13,URBAN UFM-13 Lambada,L1P,L
4CAC7F,EI-HMS,B38M,BOEING 737 MAX 8,L2J,M
4CC27F,TF-ISW,B763,BOEING 767-300,L2J,H
4CC47F,TF-KFA,DV20,DIAMOND DA-20,L1P,L
4D207F,9H-VJD,GLEX,BOMBARDIER BD-700 Global 6000/6500,L2J,M
4D227F,9H-QAW,B738,BOEING 737-800,L2J,M
4D237F,9H-LPZ,E550,EMBRAER EMB-550 Praetor 600,L2J,M
4D247F,9H-VIT,GL7T,BOMBARDIER BD-700 Global 7000/7500,L2J,M
50027F,T7-CTD,G280,GULFSTREAM G280,L2J,M
501D7F,9A-CBG,MD82,MCDONNELL-DOUGLAS MD-82,L2J,M
502D7F,YL-EVE,P208,TECNAM P-2008,L1P,L
505D7F,OM-TZA,TBM7,SOCATA TBM-700A/B/C,L1T,L
50817F,UR-CGQ,SF34,SAAB 340,L2T,M
50837F,UR-CMO,AN32,ANTONOV An-32 Sutlej,L2T,M
50847F,UR-PGB,AC11,NORTH AMERICAN ROCKWELL Commander 112/114,L1P,L
51007F,EW-399PO,E195,EMBRAER ERJ-190-200,L2J,M
60087F,4K-AZ127,A139,AGUSTA AW-139,H2T,L
71007F,HZ-ASE,A320,AIRBUS A-320,L2J,M
71037F,802,SR22,CIRRUS SR-22,L1P,L
73947F,4X-BHM,R44,ROBINSON R-44 Raven,H1P,L
75007F,9M-MPR,B744,BOEING 747-400,L4J,H
75027F,9M-MLL,B738,BOEING 737-800,L2J,M
75807F,RP-C8606,A320,AIRBUS A-320,L2J,M
75847F,RP-C8979,A320,AIRBUS A-320,L2J,M
75857F,RP-C1208,C208,CESSNA 208 Caravan,L1T,L
78007F,B-2476,B744,BOEING 747-400,L4J,H
78017F,B-HSG,A320,AIRBUS A-320,L2J,M
78037F,B-9191,DA42,DIAMOND DA-42 Guardian,L2P,L
78047F,B-5352,B738,BOEING 737-800,L2J,M
78057F,B-6599,A321,AIRBUS A-321,L2J,M
78067F,B-6707,A320,AIRBUS A-320,L2J,M
78097F,B-5713,B738,BOEING 737-800,L2J,M
780A7F,B-LBE,A333,AIRBUS A-330-300,L2J,H
780B7F,B-5938,A332,AIRBUS A-330-200,L2J,H
780C7F,B-2768,B788,BOEING 787-8 Dreamliner,L2J,H
780D7F,B-1760,B738,BOEING 737-800,L2J,M
780E7F,B-6143,B738,BOEING 737-800,L2J,M
780F7F,B-7631,B738,BOEING 737-800,L2J,M
78147F,B-007D,A20N,AIRBUS A-320neo,L2J,M
78157F,B-304A,A333,AIRBUS A-330-300,L2J,H
78187F,B-10K7,PC12,PILATUS PC-12,L1T,L
78197F,B-606A,AJ27,COMAC ARJ-21-700 Xiangfeng,L2J,M
781B7F,B-220U,B738,BOEING 737-800,L2J,M
781C7F,B-12DL,PA44,PIPER PA-44 Seminole,L2P,L
7A427F,20047,Y20,XIAN Kunpeng,L4J,H
7C067F,VH-BKH,BL8,BELLANCA 8 Decathlon,L1P,L
7C177F,VH-EXD,R44,ROBINSON R-44 Raven,H1P,L
7C1A7F,VH-FIP,B06,BELL 206 JetRanger,H1T,L
7C2A7F,VH-IOH,BN2P,BRITTEN-NORMAN BN-2 Islander,L2P,L
7C2E7F,VH-JGX,P32R,PIPER PA-32R-300/301/301T,L1P,L
7C3E7F,VH-MMP,M20P,MOONEY M-20,L1P,L
7C447F,VH-NTD,C150,CESSNA 150,L1P,L
7C577F,VH-RKH,C77R,CESSNA 177RG Cardinal RG,L1P,L
7C607F,VH-TCH,C182,CESSNA 182 Skylane,L1P,L
7C627F,VH-TQP,P46T,PIPER PA-46-500TP,L1T,L
7C637F,VH-TXT,BE20,BEECH 200 Super King Air,L2T,M
7C6A7F,VH-VBL,MU2,MITSUBISHI MU-2 Marquise,L2T,L
7C6C7F,VH-VPT,VP2,EVANS Volksplane,L1P,L
7C6D7F,VH-VWX,A321,AIRBUS A-321,L2J,M
7C717F,VH-WPD,NG5,BRM AERO NG-5/6 Bristell,L1P,L
7C747F,VH-XAP,PL4,PAZMANY PL-4,L1P,L
7C757F,VH-XHT,BE76,BEECH 76 Duchess,L2P,L
7C7A7F,VH-YHD,EN28,ENSTROM F-28,H1P,L
7C7C7F,VH-YVL,WAIX,SONEX Waiex,L1P,L
7C7F7F,VH-ZGX,SW3,SWEARINGEN Merlin 3,L2T,L
7CC37F,24-8118,AP22,AEROPRACT A-22,L1P,L
7CC47F,23-1587,TL20,TL ULTRALIGHT TL-2000 Sting,L1P,L
7CF87F,A40-016,NH90,NHI NH-90,H2T,M
7CFA7F,A43-564,FFLO,,D0-,-
80027F,HM689,D228,DORNIER 228,L2T,L
80067F,VT-SGV,B738,BOEING 737-800,L2J,M
800B7F,VT-ASU,C208,CESSNA 208 Caravan,L1T,L
800C7F,VT-RKH,AT76,ATR-72-600,L2T,M
85D47F,JA55DZ,C208,CESSNA 208 Caravan,L1T,L
86D57F,JA820P,A320,AIRBUS A-320,L2J,M
87287F,JA903H,EC45,AIRBUS HELICOPTERS EC-145,H2T,L
89407F,A9C-BAH,GLF6,GULFSTREAM G650,L2J,M
89617F,A6-EGG,B77W,BOEING 777-300ER,L2J,H
89637F,A6-HBR,B412,BELL 412,H2T,L
89647F,A6-EUU,A388,AIRBUS A-380-800,L4J,H
89657F,A6-AWG,A139,AGUSTA AW-139,H2T,L
8A057F,PK-CMP,B739,BOEING 737-900,L2J,M
8A067F,PK-LQJ,B38M,BOEING 737 MAX 8,L2J,M
8A087F,P-3304,A169,AGUSTA AW-169,H2T,L
A0007F,N1F,GLF6,GULFSTREAM G650,L2J,M
A0017F,N1RF,GA5C,GULFSTREAM G500,L2J,M
A0027F,N10BL,A109,AGUSTA AW-109 Grand,H2T,L
A0037F,N10MS,B06,BELL 206 JetRanger,H1T,L
A0057F,N100JC,S22T,CIRRUS SR-22T Turbo,L1P,L
A0067F,N100UJ,D328,DORNIER 328,L2T,M
A0077F,N1003K,L8,LUSCOMBE 8,L1P,L
A0097F,N101MA,PA31,PIPER PA-31-300/310/325/350/425,L2P,L
A0107F,N103GR,C56X,CESSNA 560XL Citation XLS,L2J,M
A0127F,N1032H,P46T,PIPER PA-46-500TP,L1T,L
A0137F,N1039U,PA34,PIPER PA-34 Seneca,L2P,L
A0147F,N104KP,BE9L,BEECH 90 King Air,L2T,L
A0157F,N104VV,GLF2,GULFSTREAM 2,L2J,M
A0167F,N1044L,M7,MAULE M-7,L1P,L
A0187F,N105NM,BALL,,B0-,-
A01D7F,N1061F,BE58,BEECH 58 Baron,L2P,L
A01E7F,N1068S,J3,PIPER J-3 Cub,L1P,L
A0237F,N108M,M200,NORTH AMERICAN ROCKWELL Commander 200,L1P,L
A0257F,N1085M,C182,CESSNA 182 Skylane,L1P,L
A0267F,N109DS,NAVI,NORTH AMERICAN Navion,L1P,L
A02B7F,N11SW,GLID,,L0-,-
A0307F,N111FZ,AT8T,AIR TRACTOR AT-802,L1T,M
A0317F,N111SE,PA24,PIPER PA-24 Comanche,L1P,L
A0327F,N11111,AEST,AEROSTAR 600,L2P,L
A0357F,N112VC,DRON,,D0-,-
A0367F,N11234,C150,CESSNA 150,L1P,L
A0377F,N113BP,PA46,PIPER PA-46-310/350,L1P,L
A0387F,N113MV,TB21,SOCATA TB-21 Trinidad TC,L1P,L
A0407F,N115TR,GLEX,BOMBARDIER BD-700 Global 6000/6500,L2J,M
A0427F,N116AB,BE55,BEECH 55 Baron,L2P,L
A0437F,N116LH,C188,CESSNA 188 AgTruck,L1P,L
A0457F,N11645,CH7B,BELLANCA 7 Citabria,L1P,L
A0467F,N117D,BEAR,AVIPRO RB-4 Bearhawk,L1P,L
A0497F,N11768,,,,
A04B7F,N118SD,B06,BELL 206 JetRanger,H1T,L
A04E7F,N119JW,AT8T,AIR TRACTOR AT-802,L1T,M
A0507F,N11933,AA5,AMERICAN AA-5 Tiger,L1P,L
A0517F,N12BN,VEZE,RUTAN VariEze,L1P,L
A0537F,N12Y,M20P,MOONEY M-20,L1P,L
A0547F,N120JE,GLF4,GULFSTREAM 4,L2J,M
A0567F,N1203M,ST75,STEARMAN Kaydet,L1P,L
A0587F,N121MC,L5,STINSON Sentinel,L1P,L
A05D7F,N1220G,T206,CESSNA T206 Turbo Stationair,L1P,L
A05E7F,N1227T,P28R,PIPER PA-28R-180/200/201,L1P,L
A0617F,N1232K,C340,CESSNA 340 Super,L2P,L
A0627F,N1239W,CRER,RANS Courier,L1P,L
A0667F,N125CH,GLEX,BOMBARDIER BD-700 Global 6000/6500,L2J,M
A06B7F,N126RM,GLID,,L0-,-
A06C7F,N1261H,AR15,AERONCA 15 Sedan,L1P,L
A0727F,N128MB,AEST,AEROSTAR 600,L2P,L
A0747F,N1285P,BALL,,B0-,-
A0757F,N129DU,BCS1,AIRBUS A220-100,L2J,M
A0767F,N129Q,BE95,BEECH 95 Travel Air,L2P,L
A0777F,N1290F,C82T,CESSNA TR182 Turbo Skylane RG,L1P,L
A07A7F,N13SY,C750,CESSNA 750 Citation 10,L2J,M
A07B7F,N130DC,GLID,,L0-,-
A07C7F,N130PJ,RV6,VANS RV-6,L1P,L
A0807F,N131SG,CH7B,BELLANCA 7 Citabria,L1P,L
A0817F,N13113,B752,BOEING 757-200,L2J,M
A0857F,N13236,C172,CESSNA 172 Skyhawk,L1P,L
A08C7F,N13401,WACA,ULA,L1P,L
A08F7F,N135TT,COL4,CESSNA 400 Corvalis TT,L1P,L
A0907F,N13524,C172,CESSNA 172 Skyhawk,L1P,L
A0947F,N13647,C177,CESSNA  177 Cardinal,L1P,L
A0957F,N137DB,,,,
A0967F,N137PH,EC30,AIRBUS HELICOPTERS EC-130,H1T,L
A0997F,N138G,BE35,BEECH 35 Starfire Bonanza,L1P,L
A09A7F,N138SF,P28A,PIPER PA-28-140/150/160/180,L1P,L
A0A07F,N14BQ,EAGL,CHRISTEN Eagle,L1P,L
A0A17F,N14MW,RV9,VANS RV-9,L1P,L
A0A27F,N14YB,P28A,PIPER PA-28-140/150/160/180,L1P,L
A0A37F,N140JG,PA32,PIPER PA-32,L1P,L
A0A57F,N1403P,LA25,LAKE LA-250,A1P,L
A0A77F,N141ME,PA31,PIPER PA-31-300/310/325/350/425,L2P,L
A0A87F,N141XL,VELO,Velocity,L1P,L
A0AC7F,N1420J,AC11,NORTH AMERICAN ROCKWELL Commander 112/114,L1P,L
A0AF7F,N143TA,BE20,BEECH 200 Super King Air,L2T,M
A0B07F,N1432M,PA23,PIPER PA-23,L2P,L
A0B17F,N1439Y,C172,CESSNA 172 Skyhawk,L1P,L
A0B27F,N144KT,RV4,VANS RV-4,L1P,L
A0B47F,N1444Q,C150,CESSNA 150,L1P,L
A0B67F,N145NR,EN48,ENSTROM TH-28,H1T,L
A0C17F,N148MD,S22T,CIRRUS SR-22T Turbo,L1P,L
A0C37F,N1485R,AA1,AMERICAN AA-1,L1P,L
A0C47F,N149DW,T206,CESSNA T206 Turbo Stationair,L1P,L
A0C67F,N1490H,P28A,PIPER PA-28-140/150/160/180,L1P,L
A0CA7F,N150DE,C150,CESSNA 150,L1P,L
A0CB7F,N150PL,DRON,,D0-,-
A0CE7F,N151GC,EC30,AIRBUS HELICOPTERS EC-130,H1T,L
A0D07F,N15115,P28A,PIPER PA-28-140/150/160/180,L1P,L
A0D27F,N152KA,C150,CESSNA 150,L1P,L
A0D47F,N15238,PA32,PIPER PA-32,L1P,L
A0D57F,N153BT,FOX,KITFOX,L1P,L
A0D87F,N1536A,PA20,PIPER PA-20 Pacer,L1P,L
A0D97F,N154ER,P28A,PIPER PA-28-140/150/160/180,L1P,L
A0DE7F,N155TV,B06,BELL 206 JetRanger,H1T,L
A0DF7F,N15526,P28B,PIPER PA-28-201T/235/236,L1P,L
A0E07F,N156AF,RV14,VANS RV-14,L1P,L
A0E17F,N156LM,PA30,PIPER PA-30 Twin Comanche,L2P,L
A0E27F,N156WT,CH60,ZENAIR CH-600 Zodiac,L1P,L
A0E37F,N15649,P28A,PIPER PA-28-140/150/160/180,L1P,L
A0E97F,N158SH,R22,ROBINSON R-22 Mariner,H1P,L
A0EA7F,N15814,P28R,PIPER PA-28R-180/200/201,L1P,L
A0EC7F,N159K,AC50,NORTH AMERICAN ROCKWELL Commander 500,L2P,L
A0F57F,N161BA,A5,ICON A-5,A1P,L
A0F87F,N1615U,,,,
A0F97F,N162DZ,EXEC,ROTORWAY Exec,H1P,L
A0FE7F,N163TC,C510,CESSNA 510 Citation Mustang,L2J,L
A0FF7F,N1632P,PA22,PIPER PA-22,L1P,L
A1047F,N165CM,LJ24,LEARJET 24,L2J,L
A1077F,N1656V,C120,CESSNA 120,L1P,L
A1097F,N166RR,BALL,,B0-,-
A10A7F,N1661M,C182,CESSNA 182 Skylane,L1P,L
A10D7F,N167UP,A306,AIRBUS A-300-600,L2J,H
A1157F,N1690K,L8,LUSCOMBE 8,L1P,L
A1167F,N1697W,BE36,BEECH 36 Bonanza,L1P,L
A1177F,N17GW,C310,CESSNA 310,L2P,L
A1187F,N17TB,C170,CESSNA 170,L1P,L
A1197F,N170DG,C170,CESSNA 170,L1P,L
A1217F,N172KC,C172,CESSNA 172 Skyhawk,L1P,L
A1277F,N1736C,C180,CESSNA  180 Skywagon,L1P,L
A12B7F,N1748F,C172,CESSNA 172 Skyhawk,L1P,L
A12F7F,N176AH,EC45,AIRBUS HELICOPTERS EC-145,H2T,L
A1327F,N1765A,PA22,PIPER PA-22,L1P,L
A1337F,N177DF,PA32,PIPER PA-32,L1P,L
A1347F,N177PM,C177,CESSNA  177 Cardinal,L1P,L
A1387F,N178SK,C77R,CESSNA 177RG Cardinal RG,L1P,L
A1397F,N17816,BE35,BEECH 35 Starfire Bonanza,L1P,L
A13D7F,N17939,GLID,,L0-,-
A1407F,N18YF,SF50,CIRRUS SF-50 Vision,L1J,L
A1417F,N180JL,C180,CESSNA  180 Skywagon,L1P,L
A1427F,N180US,A321,AIRBUS A-321,L2J,M
A1447F,N181BC,GLF4,GULFSTREAM 4,L2J,M
A1457F,N181MJ,M7,MAULE M-7,L1P,L
A1487F,N182EA,C182,CESSNA 182 Skylane,L1P,L
A14B7F,N1827Z,BE24,BEECH 24 Sierra,L1P,L
A1507F,N184KX,YK18,YAKOVLEV Yak-18U,L1P,L
A1547F,N185NV,C185,CESSNA 185 Skywagon,L1P,L
A1557F,N185ZA,C185,CESSNA 185 Skywagon,L1P,L
A1567F,N1856X,C182,CESSNA 182 Skylane,L1P,L
A1577F,N186FM,C172,CESSNA 172 Skyhawk,L1P,L
A15E7F,N188BB,M7,MAULE M-7,L1P,L
A15F7F,N188MH,S22T,CIRRUS SR-22T Turbo,L1P,L
A1647F,N1890M,P337,CESSNA P337 Skymaster,L2P,L
A1677F,N19TD,FA20,DASSAULT Falcon 200,L2J,M
A16E7F,N19119,C177,CESSNA  177 Cardinal,L1P,L
A1727F,N1924B,L8,LUSCOMBE 8,L1P,L
A1767F,N1936E,CH7A,BELLANCA 7 Champion,L1P,L
A1787F,N194RA,PA11,PIPER PA-11 Cub Special,L1P,L
A17A7F,N1948H,,,,
A1817F,N1965C,C170,CESSNA 170,L1P,L
A1827F,N197DH,BE36,BEECH 36 Bonanza,L1P,L
A1857F,N1977F,C172,CESSNA 172 Skyhawk,L1P,L
A1877F,N198SM,CH70,ZENAIR CH-701 Stol,L1P,L
A18C7F,N1994A,PA18,PIPER PA-18 Super Cub,L1P,L
A1907F,N20JN,C340,CESSNA 340 Super,L2P,L
A1937F,N200RE,BE9L,BEECH 90 King Air,L2T,L
A1947F,N2001A,TF19,TAYLORCRAFT F-19 Sportsman,L1P,L
A1957F,N2008M,BALL,,B0-,-
A1977F,N201UC,BE95,BEECH 95 Travel Air,L2P,L
A1997F,N202AP,UHEL,,H0-,-
A19D7F,N203DM,PA23,PIPER PA-23,L2P,L
A1A37F,N2042B,BE35,BEECH 35 Starfire Bonanza,L1P,L
A1A47F,N2049N,BE35,BEECH 35 Starfire Bonanza,L1P,L
A1A77F,N2054E,C172,CESSNA 172 Skyhawk,L1P,L
A1AB7F,N2066H,,,,
A1AD7F,N207RD,AA5,AMERICAN AA-5 Tiger,L1P,L
A1AF7F,N2078L,BALL,,B0-,-
A1B07F,N208HW,C208,CESSNA 208 Caravan,L1T,L
A1B27F,N2083C,,,,
A1B87F,N21PS,RV6,VANS RV-6,L1P,L
A1BA7F,N210LC,T210,CESSNA T210 Turbo Centurion,L1P,L
A1BB7F,N210WJ,T210,CESSNA T210 Turbo Centurion,L1P,L
A1BD7F,N211CV,BE35,BEECH 35 Starfire Bonanza,L1P,L
A1BE7F,N211PA,T206,CESSNA T206 Turbo Stationair,L1P,L
A1C07F,N21163,C182,CESSNA 182 Skylane,L1P,L
A1C37F,N2121V,P28B,PIPER PA-28-201T/235/236,L1P,L
A1C77F,N2133Y,C172,CESSNA 172 Skyhawk,L1P,L
A1CB7F,N21451,BALL,,B0-,-
A1CC7F,N215EF,GLEX,BOMBARDIER BD-700 Global 6000/6500,L2J,M
A1CE7F,N2150T,P28A,PIPER PA-28-140/150/160/180,L1P,L
A1D07F,N216HD,R44,ROBINSON R-44 Raven,H1P,L
A1D27F,N2162W,T206,CESSNA T206 Turbo Stationair,L1P,L
A1D47F,N217LB,BALL,,B0-,-
A1D87F,N218P,HIGH,JUST JA20 Highlander,L1P,L
A1DD7F,N2191U,BRB2,BRANTLY B-2,H1P,L
A1DE7F,N21985,P28A,PIPER PA-28-140/150/160/180,L1P,L
A1DF7F,N22JQ,CA4,COM AIR 4,L1P,L
A1E37F,N2201C,C303,CESSNA T303 Crusader,L2P,L
A1E77F,N2213F,P28B,PIPER PA-28-201T/235/236,L1P,L
A1E87F,N222AR,M5,MAULE M-5,L1P,L
A1E97F,N222LX,GLF5,GULFSTREAM 5,L2J,M
A1EC7F,N223DP,B763,BOEING 767-300,L2J,H
A1F07F,N224GM,M20T,MOONEY M-20T,L1P,L
A1F17F,N224ST,SR22,CIRRUS SR-22,L1P,L
A1F27F,N2242D,C170,CESSNA 170,L1P,L
A1F67F,N2254G,C182,CESSNA 182 Skylane,L1P,L
A1FA7F,N2266K,C82S,CESSNA T182 Turbo Skylane,L1P,L
A1FC7F,N227RF,PA32,PIPER PA-32,L1P,L
A2067F,N23DN,BOLT,STEEN Skybolt,L1P,L
A2087F,N230,BE17,BEECH 17 Staggerwing,L1P,L
A20B7F,N23042,L8,LUSCOMBE 8,L1P,L
A20C7F,N231CX,M20P,MOONEY M-20,L1P,L
A20F7F,N23165,J3,PIPER J-3 Cub,L1P,L
A2137F,N23288,J3,PIPER J-3 Cub,L1P,L
A2167F,N23330,C150,CESSNA 150,L1P,L
A21A7F,N23453,C150,CESSNA 150,L1P,L
A2257F,N23741,S10,STINSON 10 Voyager,L1P,L
A22B7F,N239S,BE35,BEECH 35 Starfire Bonanza,L1P,L
A22C7F,N2391W,BE23,BEECH 23 Sundowner,L1P,L
A22E7F,N24JS,P28A,PIPER PA-28-140/150/160/180,L1P,L
A2317F,N240RJ,BL8,BELLANCA 8 Decathlon,L1P,L
A2347F,N241JA,P28A,PIPER PA-28-140/150/160/180,L1P,L
A2377F,N242AT,PARA,,P0-,-
A23A7F,N2425L,C172,CESSNA 172 Skyhawk,L1P,L
A23B7F,N243DR,T206,CESSNA T206 Turbo Stationair,L1P,L
A2437F,N245KM,SR22,CIRRUS SR-22,L1P,L
A2467F,N246CD,SR20,CIRRUS SR-20,L1P,L
A2497F,N2466M,PA12,PIPER PA-12 Super Cruiser,L1P,L
A24C7F,N2471D,C82S,CESSNA T182 Turbo Skylane,L1P,L
A24D7F,N2478Q,C182,CESSNA 182 Skylane,L1P,L
A2507F,N2483G,C182,CESSNA 182 Skylane,L1P,L
A2567F,N25PW,LJ25,LEARJET 25,L2J,L
A2577F,N250AA,B350,BEECHCRAFT Super King Air 350,L2T,M
A2587F,N250LG,FA7X,DASSAULT Falcon 7X,L3J,M
A2597F,N250WN,B737,BOEING 737-700,L2J,M
A2607F,N252SC,R22,ROBINSON R-22 Mariner,H1P,L
A2617F,N2521Z,CH7B,BELLANCA 7 Citabria,L1P,L
A2627F,N2529,,,,
A2647F,N253VA,RV12,VANS RV-12,L1P,L
A2657F,N25332,C152,CESSNA 152,L1P,L
A2697F,N25455,,,,
A26C7F,N2550X,C206,CESSNA  206 Stationair,L1P,L
A26D7F,N25578,,,,
A2717F,N257A,GLF5,GULFSTREAM 5,L2J,M
A2747F,N25743,PA38,PIPER PA-38 Tomahawk,L1P,L
A2787F,N25866,BALL,,B0-,-
A27A7F,N259SB,GLEX,BOMBARDIER BD-700 Global 6000/6500,L2J,M
A27E7F,N26V,C140,CESSNA 140,L1P,L
A2827F,N2608T,PARA,,P0-,-
A2857F,N2613K,L8,LUSCOMBE 8,L1P,L
A2877F,N262MA,TBM7,SOCATA TBM-700A/B/C,L1T,L
A2897F,N2625N,B47G,BELL 47G,H1P,L
A28F7F,N264SX,SONX,SONEX AIRCRAFT Sonex,L1P,L
A2907F,N2642H,ERCO,AIR PRODUCTS F-1 Aircoupe,L1P,L
A2917F,N2649U,C172,CESSNA 172 Skyhawk,L1P,L
A2927F,N265KP,C208,CESSNA 208 Caravan,L1T,L
A2947F,N2654L,C172,CESSNA 172 Skyhawk,L1P,L
A2987F,N2666P,PA18,PIPER PA-18 Super Cub,L1P,L
A29C7F,N2678S,C185,CESSNA 185 Skywagon,L1P,L
A29D7F,N268JB,C421,CESSNA 421 Executive Commuter,L2P,L
A2A17F,N269M,BALL,,B0-,-
A2A37F,N2695M,PA12,PIPER PA-12 Super Cruiser,L1P,L
A2A47F,N27DS,PA12,PIPER PA-12 Super Cruiser,L1P,L
A2A67F,N270AC,B190,BEECH 1900,L2T,M
A2AF7F,N272SE,R44,ROBINSON R-44 Raven,H1P,L
A2B87F,N27457,C414,CESSNA 414 Chancellor,L2P,L
A2B97F,N275EM,L159,AERO L-159 Albatros 2,L1J,M
A2C77F,N27868,J4,PIPER J-4 Cub Coupe,L1P,L
A2CC7F,N28JW,C182,CESSNA 182 Skylane,L1P,L
A2CE7F,N280FG,PA44,PIPER PA-44 Seminole,L2P,L
A2D87F,N2825Q,L29,AERO L-29 Delfin,L1J,L
A2DB7F,N2830G,CH7A,BELLANCA 7 Champion,L1P,L
A2DC7F,N2837T,P28A,PIPER PA-28-140/150/160/180,L1P,L
A2DF7F,N2842K,L8,LUSCOMBE 8,L1P,L
A2E07F,N2849W,BE95,BEECH 95 Travel Air,L2P,L
A2E47F,N286CH,E45X,EMBRAER ERJ-145XR,L2J,M
A2E77F,N2866R,P28R,PIPER PA-28R-180/200/201,L1P,L
A2EB7F,N2878U,P28R,PIPER PA-28R-180/200/201,L1P,L
A2EE7F,N2883L,BE36,BEECH 36 Bonanza,L1P,L
A2EF7F,N289AW,LJ35,LEARJET 35,L2J,M
A2F27F,N2895P,PA18,PIPER PA-18 Super Cub,L1P,L
A2F57F,N290AE,B06,BELL 206 JetRanger,H1T,L
A2F97F,N291DC,C180,CESSNA  180 Skywagon,L1P,L
A2FC7F,N2917A,,,,
A2FF7F,N29213,RV8,VANS RV-8,L1P,L
A3007F,N2929D,C170,CESSNA 170,L1P,L
A3077F,N29459,C177,CESSNA  177 Cardinal,L1P,L
A30A7F,N29501,C172,CESSNA 172 Skyhawk,L1P,L
A30E7F,N29624,TAYB,TAYLORCRAFT BC/BF/BL,L1P,L
A3127F,N29747,TAYB,TAYLORCRAFT BC/BF/BL,L1P,L
A3137F,N298DB,C82T,CESSNA TR182 Turbo Skylane RG,L1P,L
A3177F,N299G,GLID,,L0-,-
A3187F,N299SF,T6,NORTH AMERICAN T-6 Texan,L1P,L
A31A7F,N2999C,C180,CESSNA  180 Skywagon,L1P,L
A31F7F,N300BV,C25A,CESSNA 525A Citation CJ2,L2J,L
A3227F,N3006C,SS2T,TRUSH Turbo Thrush 500/550,L1T,L
A3267F,N3018F,C182,CESSNA 182 Skylane,L1P,L
A3297F,N30228,BALL,,B0-,-
A32E7F,N304DF,CH7B,BELLANCA 7 Citabria,L1P,L
A32F7F,N304PM,GLID,,L0-,-
A3327F,N305GD,M20P,MOONEY M-20,L1P,L
A3347F,N30516,T210,CESSNA T210 Turbo Centurion,L1P,L
A3357F,N3059G,CH7B,BELLANCA 7 Citabria,L1P,L
A3387F,N30639,C177,CESSNA  177 Cardinal,L1P,L
A3407F,N3088E,CH7A,BELLANCA 7 Champion,L1P,L
A3447F,N31AG,PTS1,PITTS S-1 Special,L1P,L
A3497F,N3102R,P32R,PIPER PA-32R-300/301/301T,L1P,L
A34A7F,N31092,J3,PIPER J-3 Cub,L1P,L
A34C7F,N311WC,M20P,MOONEY M-20,L1P,L
A34E7F,N312CP,SR22,CIRRUS SR-22,L1P,L
A34F7F,N312NV,A319,AIRBUS A-319,L2J,M
A3537F,N313RT,RV10,VANS RV-10,L1P,L
A3557F,N31380,PA32,PIPER PA-32,L1P,L
A35A7F,N315MH,B06,BELL 206 JetRanger,H1T,L
A35C7F,N3155V,C150,CESSNA 150,L1P,L
A35D7F,N316E,BE60,BEECH 60 Duke,L2P,L
A35F7F,N3160M,SS2T,TRUSH Turbo Thrush 500/550,L1T,L
A3627F,N317TD,COL3,CESSNA 350 Corvalis,L1P,L
A3647F,N31791,AR6T,AERONCA 65 Tandem,L1P,L
A3657F,N318KW,,,,
A3677F,N3184T,R44,ROBINSON R-44 Raven,H1P,L
A36A7F,N319Z,M7,MAULE M-7,L1P,L
A36B7F,N3196W,BE58,BEECH 58 Baron,L2P,L
A36C7F,N32FL,O1,CESSNA 305/341 Bird Dog,L1P,L
A36D7F,N32RS,BE35,BEECH 35 Starfire Bonanza,L1P,L
A3717F,N3206E,C172,CESSNA 172 Skyhawk,L1P,L
A3737F,N321RA,PA11,PIPER PA-11 Cub Special,L1P,L
A3747F,N32107,WACF,WACO F,L1P,L
A3787F,N3223,,,,
A37C7F,N3235C,BE35,BEECH 35 Starfire Bonanza,L1P,L
A37D7F,N324DH,AA5,AMERICAN AA-5 Tiger,L1P,L
A3807F,N3247F,M20P,MOONEY M-20,L1P,L
A3827F,N325SM,R44,ROBINSON R-44 Raven,H1P,L
A3837F,N32518,P28A,PIPER PA-28-140/150/160/180,L1P,L
A3847F,N3259J,C150,CESSNA 150,L1P,L
A3887F,N327BW,T210,CESSNA T210 Turbo Centurion,L1P,L
A3897F,N327NB,A319,AIRBUS A-319,L2J,M
A38A7F,N327YH,E550,EMBRAER EMB-550 Praetor 600,L2J,M
A38B7F,N3276D,C180,CESSNA  180 Skywagon,L1P,L
A38E7F,N32806,C182,CESSNA 182 Skylane,L1P,L
A38F7F,N3288G,BALL,,B0-,-
A3907F,N329HS,SW3,SWEARINGEN Merlin 3,L2T,L
A3957F,N33WW,C501,CESSNA 501 Citation 1SP,L2J,L
A3977F,N330TG,E300,EXTRA EA-300/330/350,L1P,L
A3997F,N33094,P28A,PIPER PA-28-140/150/160/180,L1P,L
A3A27F,N333RV,RV3,VANS RV-3,L1P,L
A3A37F,N3331R,P28A,PIPER PA-28-140/150/160/180,L1P,L
A3A87F,N335BD,S22T,CIRRUS SR-22T Turbo,L1P,L
A3A97F,N335MK,P28A,PIPER PA-28-140/150/160/180,L1P,L
A3AA7F,N335XR,SONX,SONEX AIRCRAFT Sonex,L1P,L
A3AC7F,N336EB,GLF5,GULFSTREAM 5,L2J,M
A3AE7F,N3360P,PA18,PIPER PA-18 Super Cub,L1P,L
A3B07F,N337H,R22,ROBINSON R-22 Mariner,H1P,L
A3B27F,N3372S,C210,CESSNA 201 Centurion,L1P,L
A3B37F,N33793,P28A,PIPER PA-28-140/150/160/180,L1P,L
A3B87F,N339NW,A320,AIRBUS A-320,L2J,M
A3BA7F,N3396Y,C182,CESSNA 182 Skylane,L1P,L
A3C27F,N341RC,RV8,VANS RV-8,L1P,L
A3C67F,N342UA,B350,BEECHCRAFT Super King Air 350,L2T,M
A3C77F,N3423B,BE35,BEECH 35 Starfire Bonanza,L1P,L
A3C87F,N343AM,DA40,DIAMOND DA-40 Club Star,L1P,L
A3CB7F,N3435E,C172,CESSNA 172 Skyhawk,L1P,L
A3D07F,N345GH,CRER,RANS Courier,L1P,L
A3D17F,N345SP,AEST,AEROSTAR 600,L2P,L
A3D67F,N3464C,C170,CESSNA 170,L1P,L
A3DD7F,N34808,C177,CESSNA  177 Cardinal,L1P,L
A3E17F,N3493A,BE33,BEECH 33 Bonanza,L1P,L
A3E27F,N35AL,DA42,DIAMOND DA-42 Guardian,L2P,L
A3E47F,N35WY,PC12,PILATUS PC-12,L1T,L
A3E57F,N350HC,B350,BEECHCRAFT Super King Air 350,L2T,M
A3E67F,N350TJ,BE10,BEECH 100 King Air,L2T,L
A3E77F,N3502V,C140,CESSNA 140,L1P,L
A3E87F,N35096,J3,PIPER J-3 Cub,L1P,L
A3EB7F,N3514Y,C182,CESSNA 182 Skylane,L1P,L
A3EC7F,N352CT,B06,BELL 206 JetRanger,H1T,L
A3EF7F,N35261,C82S,CESSNA T182 Turbo Skylane,L1P,L
A3F07F,N353FR,A20N,AIRBUS A-320neo,L2J,M
A3F67F,N3543W,WAIX,SONEX Waiex,L1P,L
A3F87F,N355MM,WT9,AEROSPOOL WT-9 Dynamic,L1P,L
A3FD7F,N3560R,BE23,BEECH 23 Sundowner,L1P,L
A3FE7F,N35672,C172,CESSNA 172 Skyhawk,L1P,L
A3FF7F,N357HB,RAF2,ROTARY AIR FORCE RAF-2000,G1P,L
A4007F,N357TH,EXEC,ROTORWAY Exec,H1P,L
A4017F,N3572U,C182,CESSNA 182 Skylane,L1P,L
A40B7F,N36RW,P210,CESSNA P210 Centurion,L1P,L
A40F7F,N3606J,C150,CESSNA 150,L1P,L
A4127F,N3611A,BE36,BEECH 36 Bonanza,L1P,L
A4137F,N3618M,P28A,PIPER PA-28-140/150/160/180,L1P,L
A4177F,N363AP,C680,CESSNA 680 Citation Sovereign,L2J,M
A41B7F,N364DM,,,,
A41E7F,N3647K,P28A,PIPER PA-28-140/150/160/180,L1P,L
A4207F,N365SR,B736,BOEING 737-600,L2J,M
A4227F,N3659N,AT3T,AIR TRACTOR AT-302/402,L1T,L
A4267F,N367C,S108,STINSON 108 Voyager,L1P,L
A42D7F,N3688L,C172,CESSNA 172 Skyhawk,L1P,L
A4337F,N37X,DFLY,VIKING Dragonfly,L1P,L
A43A7F,N37140,ERCO,AIR PRODUCTS F-1 Aircoupe,L1P,L
A43C7F,N372PA,G2CA,GUIMBAL G-2 Cabri,H1P,L
A43E7F,N37263,B738,BOEING 737-800,L2J,M
A4427F,N37386,S1,INTERSTATE S-1 Cadet,L1P,L
A4497F,N37551,B39M,BOEING 737 MAX 9,L2J,M
A44C7F,N3760T,P28R,PIPER PA-28R-180/200/201,L1P,L
A44D7F,N37674,RV3,VANS RV-3,L1P,L
A4507F,N3772W,PA32,PIPER PA-32,L1P,L
A4567F,N379P,PA46,PIPER PA-46-310/350,L1P,L
A45A7F,N38RY,BE30,BEECH 300 Super King Air,L2T,L
A45B7F,N380CC,PA18,PIPER PA-18 Super Cub,L1P,L
A45E7F,N3806L,BE36,BEECH 36 Bonanza,L1P,L
A4657F,N3823F,G2T1,GREAT LAKES 2T-1,L1P,L
A4697F,N3835J,C150,CESSNA 150,L1P,L
A46D7F,N3847M,PA12,PIPER PA-12 Super Cruiser,L1P,L
A4707F,N3852D,PIVI,PIPSTREL Virus,L1P,L
A4757F,N387CB,C25B,CESSNA 525B Citation CJ3,L2J,L
A4787F,N3876K,GC1,GLOBE Swift,L1P,L
A4797F,N388F,BE33,BEECH 33 Bonanza,L1P,L
A47B7F,N3881B,PARA,,P0-,-
A4817F,N39LW,L39,LET L-39 Albatros,L1J,L
A4837F,N390HG,PRM1,RAYTHEON 390 Premier 1,L2J,L
A4867F,N391,BE35,BEECH 35 Starfire Bonanza,L1P,L
A48D7F,N39265,G109,GROB G-109,L1P,L
A4907F,N3931X,WAIX,SONEX Waiex,L1P,L
A4967F,N395MR,M20P,MOONEY M-20,L1P,L
A4987F,N39553,P32R,PIPER PA-32R-300/301/301T,L1P,L
A4A07F,N39799,LA4,LAKE LA-4/200,A1P,L
A4A77F,N39964,P32R,PIPER PA-32R-300/301/301T,L1P,L
A4A97F,N4S,C25C,CESSNA 525C Citation CJ4,L2J,M
A4AB7F,N40NL,BE35,BEECH 35 Starfire Bonanza,L1P,L
A4B37F,N40157,S108,STINSON 108 Voyager,L1P,L
A4B47F,N402EM,BE9L,BEECH 90 King Air,L2T,L
A4B67F,N4020Z,PA18,PIPER PA-18 Super Cub,L1P,L
A4B77F,N4028,,,,
A4BC7F,N404LH,B407,BELL 407,H1T,L
A4BF7F,N405D,F2TH,DASSAULT Falcon 2000,L2J,M
A4C47F,N406SD,F406,CESSNA F406 Caravan 2,L2T,L
A4C97F,N40733,RLU1,RLU Super Breezy,L1P,L
A4CD7F,N40856,P28A,PIPER PA-28-140/150/160/180,L1P,L
A4CF7F,N409QS,E55P,EMBRAER EMB-505 Phenom 300,L2J,M
A4D47F,N410DV,RV10,VANS RV-10,L1P,L
A4D67F,N4100G,B47G,BELL 47G,H1P,L
A4D87F,N411GT,SR22,CIRRUS SR-22,L1P,L
A4DA7F,N4112K,PA31,PIPER PA-31-300/310/325/350/425,L2P,L
A4DE7F,N4124N,P28A,PIPER PA-28-140/150/160/180,L1P,L
A4E27F,N4136R,PA32,PIPER PA-32,L1P,L
A4E57F,N4141H,PA15,PIPER PA-15 Vagabond,L1P,L
A4E67F,N4148U,R22,ROBINSON R-22 Mariner,H1P,L
A4E77F,N415JD,,,,
A4E97F,N4153L,PA18,PIPER PA-18 Super Cub,L1P,L
A4EA7F,N416AW,CRJ2,BOMBARDIER Regional Jet CRJ-200,L2J,M
A4EF7F,N417Q,C25A,CESSNA 525A Citation CJ2,L2J,L
A4F17F,N4177S,BE35,BEECH 35 Starfire Bonanza,L1P,L
A4F47F,N4182J,P28A,PIPER PA-28-140/150/160/180,L1P,L
A4F97F,N42CG,GLID,,L0-,-
A4FE7F,N42036,C182,CESSNA 182 Skylane,L1P,L
A4FF7F,N421BR,C421,CESSNA 421 Executive Commuter,L2P,L
A5027F,N42159,C182,CESSNA 182 Skylane,L1P,L
A5057F,N42201,J3,PIPER J-3 Cub,L1P,L
A5067F,N4228B,BE35,BEECH 35 Starfire Bonanza,L1P,L
A50A7F,N424AD,C207,CESSNA 207 Turbo Stationair,L1P,L
A50D7F,N42447,J3,PIPER J-3 Cub,L1P,L
A50E7F,N425DB,C172,CESSNA 172 Skyhawk,L1P,L
A50F7F,N425PH,B407,BELL 407,H1T,L
A5117F,N4257,CB1,HATZ CB-1 Classic,L1P,L
A5127F,N426G,H269,HUGHES Sky Knight,H1P,L
A51C7F,N42858,C182,CESSNA 182 Skylane,L1P,L
A5217F,N43HL,C182,CESSNA 182 Skylane,L1P,L
A5297F,N4312M,PA32,PIPER PA-32,L1P,L
A52A7F,N4319Y,P28A,PIPER PA-28-140/150/160/180,L1P,L
A5307F,N433YX,E75L,EMBRAER ERJ-170-200 (long wing),L2J,M
A5327F,N434FH,FH11,FAIRCHILD FH-1100,H1T,L
A5347F,N4341K,NAVI,NORTH AMERICAN Navion,L1P,L
A5367F,N435JF,F2TH,DASSAULT Falcon 2000,L2J,M
A5387F,N4353N,C190,CESSNA 190,L1P,L
A53C7F,N4365R,C172,CESSNA 172 Skyhawk,L1P,L
A5407F,N4377U,R44,ROBINSON R-44 Raven,H1P,L
A5427F,N438T,BE35,BEECH 35 Starfire Bonanza,L1P,L
A5437F,N4382L,C172,CESSNA 172 Skyhawk,L1P,L
A5447F,N4389X,P28R,PIPER PA-28R-180/200/201,L1P,L
A5477F,N4394P,PA23,PIPER PA-23,L2P,L
A5497F,N44NQ,R44,ROBINSON R-44 Raven,H1P,L
A54D7F,N44038,TAYB,TAYLORCRAFT BC/BF/BL,L1P,L
A5517F,N4416A,PA18,PIPER PA-18 Super Cub,L1P,L
A5527F,N442ER,C172,CESSNA 172 Skyhawk,L1P,L
A5537F,N442QX,DH8D,DE HAVILLAND DHC-8-400 Dash 8,L2T,M
A5547F,N44203,P28A,PIPER PA-28-140/150/160/180,L1P,L
A5557F,N4428D,C182,CESSNA 182 Skylane,L1P,L
A5567F,N443HP,T206,CESSNA T206 Turbo Stationair,L1P,L
A5587F,N44326,P28A,PIPER PA-28-140/150/160/180,L1P,L
A5597F,N444AF,BE35,BEECH 35 Starfire Bonanza,L1P,L
A55A7F,N444LM,P28A,PIPER PA-28-140/150/160/180,L1P,L
A55B7F,N444WT,GL7T,BOMBARDIER BD-700 Global 7000/7500,L2J,M
A5607F,N4457B,C170,CESSNA 170,L1P,L
A5637F,N44614,P28A,PIPER PA-28-140/150/160/180,L1P,L
A5657F,N447K,FLE2,FLEET 2,L1P,L
A5687F,N448BS,RV12,VANS RV-12,L1P,L
A56B7F,N4486,T6,NORTH AMERICAN T-6 Texan,L1P,L
A56E7F,N44902,N3N,NAVAL AIRCRAFT FACTORY N3N,L1P,L
A56F7F,N4498C,C190,CESSNA 190,L1P,L
A5717F,N45TU,LJ45,LEARJET 45,L2J,M
A5757F,N4507X,P28A,PIPER PA-28-140/150/160/180,L1P,L
A5777F,N451TC,M18,PZL-MIELEC M-18 Dromader,L1P,L
A5797F,N45190,C150,CESSNA 150,L1P,L
A57B7F,N452WA,T6,NORTH AMERICAN T-6 Texan,L1P,L
A57C7F,N4524S,BE36,BEECH 36 Bonanza,L1P,L
A57D7F,N453CM,C72R,CESSNA 172R Cutlass RG,L1P,L
A5807F,N4536V,AA5,AMERICAN AA-5 Tiger,L1P,L
A5837F,N4541M,BE36,BEECH 36 Bonanza,L1P,L
A5867F,N455UP,B752,BOEING 757-200,L2J,M
A5887F,N456B,BE35,BEECH 35 Starfire Bonanza,L1P,L
A5897F,N456MF,EA50,ECLIPSE 550,L2J,L
A58B7F,N4565T,P28R,PIPER PA-28R-180/200/201,L1P,L
A58E7F,N4570K,P210,CESSNA P210 Centurion,L1P,L
A5917F,N458TB,G150,GULFSTREAM G150,L2J,M
A5957F,N459W,PA11,PIPER PA-11 Cub Special,L1P,L
A5967F,N4594R,P28A,PIPER PA-28-140/150/160/180,L1P,L
A5977F,N46CL,B06,BELL 206 JetRanger,H1T,L
A5987F,N46NS,,,,
A5A07F,N4616C,T210,CESSNA T210 Turbo Centurion,L1P,L
A5A37F,N46205,C172,CESSNA 172 Skyhawk,L1P,L
A5AF7F,N4657D,BE35,BEECH 35 Starfire Bonanza,L1P,L
A5B27F,N46616,C172,CESSNA 172 Skyhawk,L1P,L
A5B87F,N468N,FDCT,FLIGHT DESIGN CT,L1P,L
A5BA7F,N4686B,C180,CESSNA  180 Skywagon,L1P,L
A5BB7F,N469ES,C560,CESSNA 560 Citation Ultra,L2J,M
A5BE7F,N4698E,CH7A,BELLANCA 7 Champion,L1P,L
A5C47F,N4707Z,PA22,PIPER PA-22,L1P,L
A5CA7F,N472WC,C82T,CESSNA TR182 Turbo Skylane RG,L1P,L
A5CC7F,N473CP,GA8,GIPPSAERO GA-8 Airvan,L1P,L
A5D97F,N476XP,PC6T,PILATUS PC-6 Turbo-Porter,L1T,L
A5DD7F,N4770M,PA11,PIPER PA-11 Cub Special,L1P,L
A5E27F,N47891,P28R,PIPER PA-28R-180/200/201,L1P,L
A5E47F,N479WB,BE30,BEECH 300 Super King Air,L2T,L
A5E87F,N48Z,NIMB,SCHEMPP-HIRTH Nimbus,L1P,L
A5F37F,N4828H,R44,ROBINSON R-44 Raven,H1P,L
A5F67F,N4833,B06,BELL 206 JetRanger,H1T,L
A5F77F,N484AK,R44,ROBINSON R-44 Raven,H1P,L
A5FA7F,N4845C,T210,CESSNA T210 Turbo Centurion,L1P,L
A6027F,N4869J,BE95,BEECH 95 Travel Air,L2P,L
A6067F,N488BW,S22T,CIRRUS SR-22T Turbo,L1P,L
A6077F,N488NB,ULAC,,L0-,-
A6097F,N4886D,C182,CESSNA 182 Skylane,L1P,L
A60E7F,N49HS,SA30,STOLP Starduster Too,L1P,L
A6137F,N49071,FA62,FAIRCHILD M-26 Cornell,L1P,L
A6147F,N491HA,B712,BOEING 717-200,L2J,M
A6167F,N4912T,AVID,AVID Flyer,L1P,L
A6177F,N49194,C152,CESSNA 152,L1P,L
A61E7F,N4936Z,PA22,PIPER PA-22,L1P,L
A6207F,N494RV,RV4,VANS RV-4,L1P,L
A6227F,N49482,ULAC,,L0-,-
A6257F,N4953U,AR50,AERONCA 50 Chief,L1P,L
A62A7F,N497EB,BE36,BEECH 36 Bonanza,L1P,L
A6347F,N4994V,HCAT,GRUMMAN F6F Hellcat,L1P,L
A6357F,N5CQ,PA31,PIPER PA-31-300/310/325/350/425,L2P,L
A6377F,N5ZB,C182,CESSNA 182 Skylane,L1P,L
A6387F,N50KG,BE20,BEECH 200 Super King Air,L2T,M
A63A7F,N500FT,AC50,NORTH AMERICAN ROCKWELL Commander 500,L2P,L
A63C7F,N5001V,ST75,STEARMAN Kaydet,L1P,L
A6447F,N50251,C150,CESSNA 150,L1P,L
A6457F,N503EF,RV8,VANS RV-8,L1P,L
A6477F,N5030T,CH7B,BELLANCA 7 Citabria,L1P,L
A64B7F,N5042W,P28A,PIPER PA-28-140/150/160/180,L1P,L
A64C7F,N50497,C150,CESSNA 150,L1P,L
A6537F,N50662,WACC,WACO C/S,L1P,L
A65A7F,N5083X,CH7A,BELLANCA 7 Champion,L1P,L
A65F7F,N51EE,G280,GULFSTREAM G280,L2J,M
A6617F,N510AR,C82R,CESSNA R182 Skylane RG,L1P,L
A6647F,N5105J,C310,CESSNA 310,L2P,L
A6657F,N511DP,BE20,BEECH 200 Super King Air,L2T,M
A6677F,N5110A,C172,CESSNA 172 Skyhawk,L1P,L
A66A7F,N512ST,PULS,Pulsar,L1P,L
A66C7F,N5129Q,C172,CESSNA 172 Skyhawk,L1P,L
A66F7F,N5134G,C172,CESSNA 172 Skyhawk,L1P,L
A6707F,N514CB,P32R,PIPER PA-32R-300/301/301T,L1P,L
A6717F,N514NH,P51,NORTH AMERICAN P-51 Mustang,L1P,L
A6757F,N515RF,C150,CESSNA 150,L1P,L
A6767F,N5151B,C152,CESSNA 152,L1P,L
A6777F,N5158N,ST75,STEARMAN Kaydet,L1P,L
A67A7F,N5163E,C185,CESSNA 185 Skywagon,L1P,L
A67C7F,N517LW,RV10,VANS RV-10,L1P,L
A6807F,N518PU,C72R,CESSNA 172R Cutlass RG,L1P,L
A6817F,N5180,C180,CESSNA  180 Skywagon,L1P,L
A6827F,N5187L,P28A,PIPER PA-28-140/150/160/180,L1P,L
A68B7F,N5201X,M20P,MOONEY M-20,L1P,L
A68C7F,N52088,ST75,STEARMAN Kaydet,L1P,L
A68D7F,N521JT,C172,CESSNA 172 Skyhawk,L1P,L
A68F7F,N52130,C180,CESSNA  180 Skywagon,L1P,L
A6917F,N522MR,,,,
A6937F,N52253,C182,CESSNA 182 Skylane,L1P,L
A6947F,N523EH,B212,BELL 212,H2T,L
A6977F,N52376,C182,CESSNA 182 Skylane,L1P,L
A6987F,N524HF,C152,CESSNA 152,L1P,L
A69B7F,N52499,C182,CESSNA 182 Skylane,L1P,L
A69C7F,N525LD,C25A,CESSNA 525A Citation CJ2,L2J,L
A69E7F,N52541,BALL,,B0-,-
A6A57F,N5271W,P28A,PIPER PA-28-140/150/160/180,L1P,L
A6A97F,N5283Z,PA22,PIPER PA-22,L1P,L
A6B07F,N530AT,ZZZZ,,-0-,-
A6B37F,N5305L,P28A,PIPER PA-28-140/150/160/180,L1P,L
A6BB7F,N5329S,C82T,CESSNA TR182 Turbo Skylane RG,L1P,L
A6BF7F,N534CD,SR22,CIRRUS SR-22,L1P,L
A6C07F,N534NK,A319,AIRBUS A-319,L2J,M
A6C27F,N5346M,C680,CESSNA 680 Citation Sovereign,L2J,M
A6C47F,N535RH,,,,
A6C57F,N5351D,C180,CESSNA  180 Skywagon,L1P,L
A6CA7F,N537AS,B738,BOEING 737-800,L2J,M
A6CD7F,N5375K,NAVI,NORTH AMERICAN Navion,L1P,L
A6D07F,N5380B,C182,CESSNA 182 Skylane,L1P,L
A6D87F,N540FX,CL30,BOMBARDIER BD-100 Challenger 300,L2J,M
A6D97F,N540SC,DHC1,DE HAVILLAND DHC-1 Chipmunk,L1P,L
A6DD7F,N541VA,COL4,CESSNA 400 Corvalis TT,L1P,L
A6E07F,N542MT,B407,BELL 407,H1T,L
A6E97F,N54420,P28A,PIPER PA-28-140/150/160/180,L1P,L
A6EA7F,N545A,BE35,BEECH 35 Starfire Bonanza,L1P,L
A6F17F,N54666,LNC2,LANCAIR 200-320,L1P,L
A6F37F,N547SB,B47G,BELL 47G,H1P,L
A6FD7F,N55EJ,EXEC,ROTORWAY Exec,H1P,L
A6FE7F,N55QQ,CH60,ZENAIR CH-600 Zodiac,L1P,L
A6FF7F,N550AV,GLF5,GULFSTREAM 5,L2J,M
A7007F,N550MA,C404,CESSNA 404 Titan,L2P,L
A7027F,N5505N,CH7A,BELLANCA 7 Champion,L1P,L
A7067F,N5517R,C172,CESSNA 172 Skyhawk,L1P,L
A7077F,N552GR,F2TH,DASSAULT Falcon 2000,L2J,M
A7097F,N5522H,PA11,PIPER PA-11 Cub Special,L1P,L
A70A7F,N5529U,P28A,PIPER PA-28-140/150/160/180,L1P,L
A70E7F,N554CF,BE9L,BEECH 90 King Air,L2T,L
A7117F,N5546P,PA24,PIPER PA-24 Comanche,L1P,L
A7147F,N5551F,P28A,PIPER PA-28-140/150/160/180,L1P,L
A7167F,N556JB,A320,AIRBUS A-320,L2J,M
A7177F,N556UH,B430,BELL 430,H2T,L
A7207F,N5587Q,M20P,MOONEY M-20,L1P,L
A7237F,N5592G,C150,CESSNA 150,L1P,L
A72A7F,N5609B,C182,CESSNA 182 Skylane,L1P,L
A72D7F,N56134,P28A,PIPER PA-28-140/150/160/180,L1P,L
A7327F,N563EM,MRF1,DASSAULT Mirage F1,L1J,M
A7367F,N564HK,,,,
A7377F,N564TR,SW4,SWEARINGEN Metro,L2T,M
A73C7F,N56545,M5,MAULE M-5,L1P,L
A73D7F,N566D,C172,CESSNA 172 Skyhawk,L1P,L
A7407F,N56668,P28R,PIPER PA-28R-180/200/201,L1P,L
A7427F,N567SD,C182,CESSNA 182 Skylane,L1P,L
A7447F,N5679A,C172,CESSNA 172 Skyhawk,L1P,L
A7457F,N568JW,,,,
A74A7F,N569Y,,,,
A74C7F,N57EL,GA5C,GULFSTREAM G500,L2J,M
A7517F,N5705Q,M20P,MOONEY M-20,L1P,L
A7567F,N572GT,SR22,CIRRUS SR-22,L1P,L
A7587F,N5722K,BE95,BEECH 95 Travel Air,L2P,L
A75D7F,N574CH,H25B,HAWKER BEECHCRAFT Hawker 750/850,L2J,M
A7607F,N5746R,C172,CESSNA 172 Skyhawk,L1P,L
A7677F,N5763L,M20P,MOONEY M-20,L1P,L
A7697F,N577MB,GP3,OSPREY GP-3 Osprey 2,A1P,L
A76B7F,N5775P,PA24,PIPER PA-24 Comanche,L1P,L
A76F7F,N5787S,GLID,,L0-,-
A7727F,N5792J,SREY,PROGRESSIVE AERODYNE SeaRey,A1P,L
A78C7F,N586DB,RV6,VANS RV-6,L1P,L
A78F7F,N5867,BE18,BEECH 18 Expetitor,L2P,L
A7907F,N587G,GLF5,GULFSTREAM 5,L2J,M
A7917F,N587SF,,,,
A7927F,N58712,ST75,STEARMAN Kaydet,L1P,L
A7937F,N5879C,BE35,BEECH 35 Starfire Bonanza,L1P,L
A7A07F,N5905S,BE35,BEECH 35 Starfire Bonanza,L1P,L
A7A47F,N5917V,P28A,PIPER PA-28-140/150/160/180,L1P,L
A7AF7F,N5946T,C150,CESSNA 150,L1P,L
A7B27F,N5951K,DRON,,D0-,-
A7B37F,N5958W,P28A,PIPER PA-28-140/150/160/180,L1P,L
A7B87F,N597MD,VENT,SCHEMPP-HIRTH Ventus,L1P,L
A7BA7F,N5975R,C172,CESSNA 172 Skyhawk,L1P,L
A7BE7F,N5987U,P28A,PIPER PA-28-140/150/160/180,L1P,L
A7C57F,N60GC,BE30,BEECH 300 Super King Air,L2T,L
A7C67F,N60SJ,SF50,CIRRUS SF-50 Vision,L1J,L
A7C77F,N600CP,BE60,BEECH 60 Duke,L2P,L
A7C87F,N600NV,P46T,PIPER PA-46-500TP,L1T,L
A7CA7F,2282,AT8T,AIR TRACTOR AT-802,L1T,M
A7CB7F,N601FM,C68A,CESSNA 680 Citation Latitude,L2J,M
A7CC7F,N601RT,CH60,ZENAIR CH-600 Zodiac,L1P,L
A7CF7F,N602JK,AT6T,AIR TRACTOR AT-602,L1T,L
A7D17F,N6023S,C72R,CESSNA 172R Cutlass RG,L1P,L
A7D37F,N603MH,SR22,CIRRUS SR-22,L1P,L
A7D47F,N603XP,BE40,BEECH 400 Beechjet,L2J,M
A7D57F,N6035V,CH7A,BELLANCA 7 Champion,L1P,L
A7DC7F,N6052Q,M20P,MOONEY M-20,L1P,L
A7DE7F,N606KW,B762,BOEING 767-200,L2J,H
A7E07F,N6064T,C150,CESSNA 150,L1P,L
A7E77F,N6081N,BE23,BEECH 23 Sundowner,L1P,L
A7EB7F,N6093R,BALL,,B0-,-
A7EC7F,N61BA,MU2,MITSUBISHI MU-2 Marquise,L2T,L
A7ED7F,N61MG,PA23,PIPER PA-23,L2P,L
A7F27F,N611AK,P46T,PIPER PA-46-500TP,L1T,L
A7F57F,N6115C,C421,CESSNA 421 Executive Commuter,L2P,L
A7F67F,N612DH,RV12,VANS RV-12,L1P,L
A7F97F,N6127F,C210,CESSNA 201 Centurion,L1P,L
A7FB7F,N613SM,P32R,PIPER PA-32R-300/301/301T,L1P,L
A7FC7F,N61318,GLF5,GULFSTREAM 5,L2J,M
A7FE7F,N614KD,PTS2,PITTS S-2 Special,L1P,L
A8067F,N616R,R44,ROBINSON R-44 Raven,H1P,L
A8077F,N61606,C172,CESSNA 172 Skyhawk,L1P,L
A80B7F,N61729,C208,CESSNA 208 Caravan,L1T,L
A80C7F,N618AJ,SR22,CIRRUS SR-22,L1P,L
A80F7F,N6185B,T210,CESSNA T210 Turbo Centurion,L1P,L
A8107F,N619DG,GLID,,L0-,-
A8137F,N6197E,C172,CESSNA 172 Skyhawk,L1P,L
A8157F,N62SL,LNC2,LANCAIR 200-320,L1P,L
A8167F,N620CR,WACF,WACO F,L1P,L
A81A7F,N621FP,C750,CESSNA 750 Citation 10,L2J,M
A81D7F,N62182,ST75,STEARMAN Kaydet,L1P,L
A8207F,N6223U,M20P,MOONEY M-20,L1P,L
A8277F,N6240P,PA24,PIPER PA-24 Comanche,L1P,L
A82A7F,N625TF,GLF5,GULFSTREAM 5,L2J,M
A82C7F,N62593,PA23,PIPER PA-23,L2P,L
A82E7F,N626WD,COY2,RANS Coyote 2,L1P,L
A82F7F,N6264V,BE35,BEECH 35 Starfire Bonanza,L1P,L
A8347F,N628FN,C82S,CESSNA T182 Turbo Skylane,L1P,L
A83A7F,N6293T,C150,CESSNA 150,L1P,L
A83B7F,N63BC,CH7A,BELLANCA 7 Champion,L1P,L
A8407F,N6303B,T210,CESSNA T210 Turbo Centurion,L1P,L
A8417F,N631AM,SAKO,RANS S-10 Sakota,L1P,L
A84A7F,N633SP,ULAC,,L0-,-
A84F7F,N6344C,P28A,PIPER PA-28-140/150/160/180,L1P,L
A8517F,N635ND,C172,CESSNA 172 Skyhawk,L1P,L
A8557F,N636RB,RV7,VANS RV-7,L1P,L
A8567F,N63608,C150,CESSNA 150,L1P,L
A8577F,N6368J,P28A,PIPER PA-28-140/150/160/180,L1P,L
A85C7F,N638LS,CH65,ZENAIR CH-650 Zodiac,L1P,L
A8637F,N64GG,BE36,BEECH 36 Bonanza,L1P,L
A8647F,N64SN,,,,
A8687F,N64061,C172,CESSNA 172 Skyhawk,L1P,L
A86C7F,N64184,C172,CESSNA 172 Skyhawk,L1P,L
A8767F,N6440R,P28A,PIPER PA-28-140/150/160/180,L1P,L
A87A7F,N6452U,M20P,MOONEY M-20,L1P,L
A8847F,N648RW,E170,EMBRAER ERJ-170-100,L2J,M
A88A7F,N65BE,BE36,BEECH 36 Bonanza,L1P,L
A88B7F,N65ML,SBR1,NORTH AMERICAN Sabre 40/50/60/65,L2J,M
A88F7F,N6503D,C172,CESSNA 172 Skyhawk,L1P,L
A8927F,N651XA,GLF6,GULFSTREAM G650,L2J,M
A8937F,N6515G,C150,CESSNA 150,L1P,L
A8957F,N652PT,S22T,CIRRUS SR-22T Turbo,L1P,L
A8977F,N6527K,G164,GRUMMAN G-164 Ag-Cat,L1P,L
A8997F,N653SR,C177,CESSNA  177 Cardinal,L1P,L
A89A7F,N6532B,BALL,,B0-,-
A89E7F,N6544E,C175,CESSNA 175 Skylark,L1P,L
A8A27F,N6556H,C172,CESSNA 172 Skyhawk,L1P,L
A8A47F,N656RD,,,,
A8AD7F,N6585F,C150,CESSNA 150,L1P,L
A8AE7F,N659DL,B752,BOEING 757-200,L2J,M
A8B27F,N66GJ,PA18,PIPER PA-18 Super Cub,L1P,L
A8B37F,N66SQ,CH60,ZENAIR CH-600 Zodiac,L1P,L
A8B57F,N660PA,C650,CESSNA 650 Citation,L2J,M
A8BB7F,N66186,C180,CESSNA  180 Skywagon,L1P,L
A8BE7F,N6623Y,PA23,PIPER PA-23,L2P,L
A8BF7F,N663BH,RV8,VANS RV-8,L1P,L
A8C97F,N6652W,P28A,PIPER PA-28-140/150/160/180,L1P,L
A8CA7F,N66597,C180,CESSNA  180 Skywagon,L1P,L
A8CF7F,N667P,GLF5,GULFSTREAM 5,L2J,M
A8D47F,N6681U,M20P,MOONEY M-20,L1P,L
A8D57F,N66885,BT36,BEECH B36TC Bonanza,L1P,L
A8D97F,N67BG,SONX,SONEX AIRCRAFT Sonex,L1P,L
A8DE7F,N6703F,C150,CESSNA 150,L1P,L
A8E57F,N6720A,C172,CESSNA 172 Skyhawk,L1P,L
A8E97F,N6732D,,,,
A8ED7F,N6744G,C150,CESSNA 150,L1P,L
A8EE7F,N675CB,SR22,CIRRUS SR-22,L1P,L
A8F57F,N6768N,M20P,MOONEY M-20,L1P,L
A8FC7F,N6785H,J3,PIPER J-3 Cub,L1P,L
A9007F,N6797L,C421,CESSNA 421 Executive Commuter,L2P,L
A9027F,N68SS,BE33,BEECH 33 Bonanza,L1P,L
A9047F,N680PC,C680,CESSNA 680 Citation Sovereign,L2J,M
A9147F,N6840V,M20P,MOONEY M-20,L1P,L
A91D7F,N687CW,S22T,CIRRUS SR-22T Turbo,L1P,L
A9237F,N6881W,P28A,PIPER PA-28-140/150/160/180,L1P,L
A9297F,N69MQ,BALL,,B0-,-
A92D7F,N6903H,J3,PIPER J-3 Cub,L1P,L
A9347F,N6920C,M20P,MOONEY M-20,L1P,L
A9387F,N6932F,P28A,PIPER PA-28-140/150/160/180,L1P,L
A93A7F,N694KM,BE20,BEECH 200 Super King Air,L2T,M
A93C7F,N6944J,P28R,PIPER PA-28R-180/200/201,L1P,L
A93E7F,N695NK,A320,AIRBUS A-320,L2J,M
A9437F,N6961D,RV9,VANS RV-9,L1P,L
A9457F,N697J,JAB4,JABIRU J200-450,L1P,L
A9477F,N6973G,C150,CESSNA 150,L1P,L
A94D7F,N699PW,DG1T,DG FLUGZEUGBAU DG-1001T,L1P,L
A94E7F,N6990B,PA18,PIPER PA-18 Super Cub,L1P,L
A9517F,N7SU,SU26,SUKHOI Su-26,L1P,L
A9537F,N70PE,MU2,MITSUBISHI MU-2 Marquise,L2T,L
A9547F,N70ZL,BALL,,B0-,-
A9557F,N700KR,PA30,PIPER PA-30 Twin Comanche,L2P,L
A9577F,N7004N,BALL,,B0-,-
A9587F,N701CH,CH70,ZENAIR CH-701 Stol,L1P,L
A95C7F,N702FF,EC45,AIRBUS HELICOPTERS EC-145,H2T,L
A9637F,N704AW,C150,CESSNA 150,L1P,L
A9647F,N704MB,PA18,PIPER PA-18 Super Cub,L1P,L
A9667F,N7045P,BOLT,STEEN Skybolt,L1P,L
A9687F,N705Q,DV20,DIAMOND DA-20,L1P,L
A9697F,N7050F,GA8,GIPPSAERO GA-8 Airvan,L1P,L
A9727F,N708CG,TBM7,SOCATA TBM-700A/B/C,L1T,L
A9757F,N7086Q,C120,CESSNA 120,L1P,L
A9787F,N7091G,C172,CESSNA 172 Skyhawk,L1P,L
A9797F,N7098T,BALL,,B0-,-
A9817F,N711TT,B06,BELL 206 JetRanger,H1T,L
A9827F,N71124,C182,CESSNA 182 Skylane,L1P,L
A9847F,N712LK,GLID,,L0-,-
A9877F,N713DB,RV9,VANS RV-9,L1P,L
A98F7F,N715JY,PA20,PIPER PA-20 Pacer,L1P,L
A9917F,N71535,L8,LUSCOMBE 8,L1P,L
A9937F,N716MW,C72R,CESSNA 172R Cutlass RG,L1P,L
A99B7F,N718TS,RV6,VANS RV-6,L1P,L
A9A27F,N72PG,CB1,HATZ CB-1 Classic,L1P,L
A9A67F,N7204Q,C172,CESSNA 172 Skyhawk,L1P,L
A9A87F,N721NR,T206,CESSNA T206 Turbo Stationair,L1P,L
A9A97F,N721YX,E75L,EMBRAER ERJ-170-200 (long wing),L2J,M
A9AA7F,N7216T,C172,CESSNA 172 Skyhawk,L1P,L
A9AB7F,N722FH,DHC3,DE HAVILLAND DHC-3 Otter,L1P,L
A9AF7F,N723JF,B350,BEECHCRAFT Super King Air 350,L2T,M
A9B37F,N724MD,R66,ROBINSON R-66,H1T,L
A9B67F,N725DW,,,,
A9B97F,N7257U,GLST,GLASAIR SH-4 GlaStar,L1P,L
A9BB7F,N726T,TL30,TL ULTRALIGHT TL-3000 Sirius,L1P,L
A9BD7F,N7269X,T206,CESSNA T206 Turbo Stationair,L1P,L
A9BE7F,N727KS,B429,BELL 429 GlobalRanger,H2T,L
A9C07F,N7274P,PA24,PIPER PA-24 Comanche,L1P,L
A9C77F,N7291J,P28A,PIPER PA-28-140/150/160/180,L1P,L
A9CD7F,N73003,C140,CESSNA 140,L1P,L
A9D07F,N731TV,,,,
A9D47F,N732WT,T210,CESSNA T210 Turbo Centurion,L1P,L
A9D57F,N73249,B47G,BELL 47G,H1P,L
A9D77F,N733PK,,,,
A9DA7F,N734GB,C172,CESSNA 172 Skyhawk,L1P,L
A9DE7F,N735K,BE65,BEECH 65 Queen Air,L2P,L
A9DF7F,N735VF,C182,CESSNA 182 Skylane,L1P,L
A9E27F,N736MY,C172,CESSNA 172 Skyhawk,L1P,L
A9E37F,N736YD,C172,CESSNA 172 Skyhawk,L1P,L
A9E47F,N7366,G164,GRUMMAN G-164 Ag-Cat,L1P,L
A9E77F,N73702,C172,CESSNA 172 Skyhawk,L1P,L
A9F07F,N74DC,PTS2,PITTS S-2 Special,L1P,L
A9F17F,N74PJ,C525,CESSNA 525 CitationJet,L2J,L
A9F67F,N741CM,CRER,RANS Courier,L1P,L
A9FC7F,N7421M,C175,CESSNA 175 Skylark,L1P,L
AA017F,N744B,BE35,BEECH 35 Starfire Bonanza,L1P,L
AA047F,N7445T,C172,CESSNA 172 Skyhawk,L1P,L
AA077F,N7450K,PA20,PIPER PA-20 Pacer,L1P,L
AA087F,N7457W,P28A,PIPER PA-28-140/150/160/180,L1P,L
AA0B7F,N7462N,BE35,BEECH 35 Starfire Bonanza,L1P,L
AA0E7F,N747W,RV7,VANS RV-7,L1P,L
AA0F7F,N7474R,P28A,PIPER PA-28-140/150/160/180,L1P,L
AA187F,N75JG,BE23,BEECH 23 Sundowner,L1P,L
AA1C7F,N75005,P28A,PIPER PA-28-140/150/160/180,L1P,L
AA1F7F,N751TX,T51,TITAN T-51 Mustang,L1P,L
AA227F,N752LP,LJ45,LEARJET 45,L2J,M
AA2A7F,N754SK,CRJ7,BOMBARDIER Regional Jet CRJ-700,L2J,M
AA2B7F,N75416,PARA,,P0-,-
AA2F7F,N75539,ULAC,,L0-,-
AA367F,N75704,C172,CESSNA 172 Skyhawk,L1P,L
AA3E7F,N7595,GLID,,L0-,-
AA3F7F,N76DE,CH7B,BELLANCA 7 Citabria,L1P,L
AA407F,N76PL,C310,CESSNA 310,L2P,L
AA447F,N7604U,C150,CESSNA 150,L1P,L
AA457F,N761CP,T206,CESSNA T206 Turbo Stationair,L1P,L
AA487F,N7616X,C172,CESSNA 172 Skyhawk,L1P,L
AA4B7F,N7621P,PA24,PIPER PA-24 Comanche,L1P,L
AA4F7F,N7633S,CH7A,BELLANCA 7 Champion,L1P,L
AA517F,N764MH,S76,SIKORSKY S-76 Spirit,H2T,L
AA537F,N7645V,C77R,CESSNA 177RG Cardinal RG,L1P,L
AA567F,N7650M,B06,BELL 206 JetRanger,H1T,L
AA5D7F,N767WB,F900,DASSAULT Falcon 900,L3J,M
AA5E7F,N7674T,C172,CESSNA 172 Skyhawk,L1P,L
AA627F,N7686W,P28A,PIPER PA-28-140/150/160/180,L1P,L
AA647F,N769RS,GLID,,L0-,-
AA657F,N7691N,BE36,BEECH 36 Bonanza,L1P,L
AA6B7F,N77007,C140,CESSNA 140,L1P,L
AA6C7F,N7708H,PA12,PIPER PA-12 Super Cruiser,L1P,L
AA6F7F,N7713,PTS1,PITTS S-1 Special,L1P,L
AA717F,N772LR,RV4,VANS RV-4,L1P,L
AA737F,N7725C,ULAC,,L0-,-
AA777F,N7737F,C150,CESSNA 150,L1P,L
AA7B7F,N7749J,PA32,PIPER PA-32,L1P,L
AA827F,N7766D,PA18,PIPER PA-18 Super Cub,L1P,L
AA847F,N777R,C210,CESSNA 201 Centurion,L1P,L
AA867F,N7778G,S22T,CIRRUS SR-22T Turbo,L1P,L
AA8E7F,N78DG,C414,CESSNA 414 Chancellor,L2P,L
AA9A7F,N7821R,BE95,BEECH 95 Travel Air,L2P,L
AA9B7F,N78282,GC1,GLOBE Swift,L1P,L
AA9C7F,N783JM,SR22,CIRRUS SR-22,L1P,L
AA9E7F,N7833U,C172,CESSNA 172 Skyhawk,L1P,L
AA9F7F,N784BD,DRON,,D0-,-
AAA67F,N78570,PA12,PIPER PA-12 Super Cruiser,L1P,L
AAA87F,N786TF,C206,CESSNA  206 Stationair,L1P,L
AAA97F,N7862S,B47G,BELL 47G,H1P,L
AAAD7F,N7874V,M20P,MOONEY M-20,L1P,L
AAB77F,N79US,DA40,DIAMOND DA-40 Club Star,L1P,L
AABA7F,N79009,C172,CESSNA 172 Skyhawk,L1P,L
AABB7F,N7908K,BE35,BEECH 35 Starfire Bonanza,L1P,L
AABD7F,N791UA,B772,BOEING 777-200,L2J,H
AABE7F,N7913B,C172,CESSNA 172 Skyhawk,L1P,L
AABF7F,N792AM,AS50,AEROSPATIALE AS-350 Ecureuil,H1T,L
AACF7F,N796ND,PA44,PIPER PA-44 Seminole,L2P,L
AAD37F,N797RB,RV7,VANS RV-7,L1P,L
AAD87F,N7983A,,,,
AADD7F,N8DJ,,,,
AADE7F,N8PQ,AC68,AERO Commander 680,L2P,L
AADF7F,N8ZW,P28A,PIPER PA-28-140/150/160/180,L1P,L
AAE07F,N80LA,E300,EXTRA EA-300/330/350,L1P,L
AAE17F,N80WG,BE36,BEECH 36 Bonanza,L1P,L
AAE27F,N800GM,C650,CESSNA 650 Citation,L2J,M
AAE77F,N801VR,RV10,VANS RV-10,L1P,L
AAE87F,N8014G,C77R,CESSNA 177RG Cardinal RG,L1P,L
AAEA7F,N802NH,BE36,BEECH 36 Bonanza,L1P,L
AAEC7F,N8026K,S108,STINSON 108 Voyager,L1P,L
AAED7F,N803F,C208,CESSNA 208 Caravan,L1T,L
AAEF7F,N8031B,GLID,,L0-,-
AAF37F,N8043E,YK52,YAKOVLEV Yak-52,L1P,L
AAF87F,N806DN,B739,BOEING 737-900,L2J,M
AAFB7F,N8067L,C172,CESSNA 172 Skyhawk,L1P,L
AAFE7F,N8072C,PA18,PIPER PA-18 Super Cub,L1P,L
AB027F,N8084F,C150,CESSNA 150,L1P,L
AB037F,N809CA,CRJ2,BOMBARDIER Regional Jet CRJ-200,L2J,M
AB067F,N8096J,P32R,PIPER PA-32R-300/301/301T,L1P,L
AB077F,N81EZ,SR20,CIRRUS SR-20,L1P,L
AB097F,N810BK,R44,ROBINSON R-44 Raven,H1P,L
AB0B7F,N810XX,BALL,,B0-,-
AB0C7F,N81053,P28R,PIPER PA-28R-180/200/201,L1P,L
AB0D7F,N811EH,,,,
AB107F,N81176,FNKB,FUNK B,L1P,L
AB127F,N812TM,AA5,AMERICAN AA-5 Tiger,L1P,L
AB167F,N813WK,,,,
AB1D7F,N815S,EFOX,AEROPRO Eurofox,L1P,L
AB1E7F,N8151W,P28A,PIPER PA-28-140/150/160/180,L1P,L
AB1F7F,N81587,,,,
AB2A7F,N81875,CH7A,BELLANCA 7 Champion,L1P,L
AB2D7F,N8192X,C172,CESSNA 172 Skyhawk,L1P,L
AB2F7F,N82LC,,,,
AB337F,N8202F,C150,CESSNA 150,L1P,L
AB387F,N822CD,SR22,CIRRUS SR-22,L1P,L
AB427F,N8243G,C77R,CESSNA 177RG Cardinal RG,L1P,L
AB477F,N826DQ,,,,
AB497F,N8260B,C172,CESSNA 172 Skyhawk,L1P,L
AB4A7F,N8267N,P28A,PIPER PA-28-140/150/160/180,L1P,L
AB527F,N829CC,PA11,PIPER PA-11 Cub Special,L1P,L
AB557F,N8296L,BE36,BEECH 36 Bonanza,L1P,L
AB577F,N83RG,BE33,BEECH 33 Bonanza,L1P,L
AB597F,N830MT,EC35,AIRBUS HELICOPTERS EC-135/635,H2T,L
AB5B7F,N83055,BALL,,B0-,-
AB5E7F,N8310X,C172,CESSNA 172 Skyhawk,L1P,L
AB637F,N833A,PA22,PIPER PA-22,L1P,L
AB6C7F,N835SB,AS50,AEROSPATIALE AS-350 Ecureuil,H1T,L
AB737F,N837MS,DRON,,D0-,-
AB787F,N8380W,P28A,PIPER PA-28-140/150/160/180,L1P,L
AB797F,N83877,CH7A,BELLANCA 7 Champion,L1P,L
AB7D7F,N84,BE30,BEECH 300 Super King Air,L2T,L
AB867F,N8414L,C172,CESSNA 172 Skyhawk,L1P,L
AB8A7F,N8426P,PA24,PIPER PA-24 Comanche,L1P,L
AB8B7F,N843FD,B77L,BOEING 777-200LR,L2J,H
AB8E7F,N8438S,C182,CESSNA 182 Skylane,L1P,L
AB917F,N8443J,C150,CESSNA 150,L1P,L
AB9C7F,N8472G,C150,CESSNA 150,L1P,L
AB9D7F,N8479T,C182,CESSNA 182 Skylane,L1P,L
ABA47F,N8496N,BE95,BEECH 95 Travel Air,L2P,L
ABA67F,N85RJ,PA23,PIPER PA-23,L2P,L
ABA77F,N850BP,AS50,AEROSPATIALE AS-350 Ecureuil,H1T,L
ABAA7F,N85057,CH7A,BELLANCA 7 Champion,L1P,L
ABAB7F,N851EM,BE20,BEECH 200 Super King Air,L2T,M
ABAE7F,N8518,SA6,STITS SA-6 Flut-R-Bug,L1P,L
ABB47F,N853WP,TBM7,SOCATA TBM-700A/B/C,L1T,L
ABB67F,N854D,RV8,VANS RV-8,L1P,L
ABBC7F,N85510,CH7A,BELLANCA 7 Champion,L1P,L
ABC07F,N85633,CH7A,BELLANCA 7 Champion,L1P,L
ABCB7F,N85921,AR11,AERONCA 11 Chief,L1P,L
ABCD7F,N86LG,AEST,AEROSTAR 600,L2P,L
ABD17F,N8602K,D1,DERRINGER New Derringer,L2P,L
ABD27F,N8609W,P28B,PIPER PA-28-201T/235/236,L1P,L
ABD57F,N8614N,PA32,PIPER PA-32,L1P,L
ABDD7F,N8638U,C172,CESSNA 172 Skyhawk,L1P,L
ABE27F,N865MB,S22T,CIRRUS SR-22T Turbo,L1P,L
ABE47F,N8655P,PA24,PIPER PA-24 Comanche,L1P,L
ABEB7F,N8672J,C150,CESSNA 150,L1P,L
ABEC7F,N8679V,CH7A,BELLANCA 7 Champion,L1P,L
ABF17F,N869NN,B738,BOEING 737-800,L2J,M
ABF37F,N8696Q,BE35,BEECH 35 Starfire Bonanza,L1P,L
ABF67F,N870BR,DA40,DIAMOND DA-40 Club Star,L1P,L
ABFC7F,N87101,ERCO,AIR PRODUCTS F-1 Aircoupe,L1P,L
AC087F,N8747,GLID,,L0-,-
AC097F,N875G,P28A,PIPER PA-28-140/150/160/180,L1P,L
AC0B7F,N87512,B738,BOEING 737-800,L2J,M
AC0C7F,N8759C,DRON,,D0-,-
AC117F,N877MW,ULAC,,L0-,-
AC137F,N87758,COUR,HELIO Courier,L1P,L
AC157F,N878QU,PARA,,P0-,-
AC167F,N87800,PA12,PIPER PA-12 Super Cruiser,L1P,L
AC1B7F,N88AC,BE95,BEECH 95 Travel Air,L2P,L
AC1F7F,N880TA,,,,
AC217F,N8809Y,B429,BELL 429 GlobalRanger,H2T,L
AC277F,N882YX,WAIX,SONEX Waiex,L1P,L
AC287F,N8826T,C182,CESSNA 182 Skylane,L1P,L
AC337F,N8855R,B14A,BELLANCA 14,L1P,L
AC377F,N8867U,C172,CESSNA 172 Skyhawk,L1P,L
AC3B7F,N8879X,C182,CESSNA 182 Skylane,L1P,L
AC3E7F,N8884P,ST75,STEARMAN Kaydet,L1P,L
AC427F,N8896S,C150,CESSNA 150,L1P,L
AC487F,N8906A,BE35,BEECH 35 Starfire Bonanza,L1P,L
AC4C7F,N8918D,PA22,PIPER PA-22,L1P,L
AC4F7F,N89226,C152,CESSNA 152,L1P,L
AC537F,N89349,E75L,EMBRAER ERJ-170-200 (long wing),L2J,M
AC577F,N8947B,C172,CESSNA 172 Skyhawk,L1P,L
AC627F,N8976,RV4,VANS RV-4,L1P,L
AC697F,N89925,C120,CESSNA 120,L1P,L
AC6A7F,N9AE,M20P,MOONEY M-20,L1P,L
AC6B7F,N9LL,RV9,VANS RV-9,L1P,L
AC707F,N900PP,RV8,VANS RV-8,L1P,L
AC747F,N901SM,RV9,VANS RV-9,L1P,L
AC767F,N9019J,P28A,PIPER PA-28-140/150/160/180,L1P,L
AC797F,N9024A,C170,CESSNA 170,L1P,L
AC7B7F,N903NB,RV3,VANS RV-3,L1P,L
AC7D7F,N9036D,PA22,PIPER PA-22,L1P,L
AC7F7F,N904R,,,,
AC827F,N905HS,R22,ROBINSON R-22 Mariner,H1P,L
AC847F,N90529,B47G,BELL 47G,H1P,L
AC877F,N906WW,,,,
AC8C7F,N9077E,AR11,AERONCA 11 Chief,L1P,L
AC907F,N9089H,C172,CESSNA 172 Skyhawk,L1P,L
AC927F,N909VJ,FA50,DASSAULT Falcon 50,L3J,M
AC997F,N9103U,C150,CESSNA 150,L1P,L
AC9A7F,N911BD,B06,BELL 206 JetRanger,H1T,L
AC9B7F,N911MK,EC45,AIRBUS HELICOPTERS EC-145,H2T,L
AC9D7F,N9115X,PAY3,PIPER PA-42-720 Cheyenne 3,L2T,L
ACA07F,N9120P,M20P,MOONEY M-20,L1P,L
ACA37F,N913TF,C56X,CESSNA 560XL Citation XLS,L2J,M
ACA57F,N91393,C180,CESSNA  180 Skywagon,L1P,L
ACA87F,N9144V,M20P,MOONEY M-20,L1P,L
ACAC7F,N9156Y,M20P,MOONEY M-20,L1P,L
ACB07F,N91681,NAVI,NORTH AMERICAN Navion,L1P,L
ACB27F,N917US,DA40,DIAMOND DA-40 Club Star,L1P,L
ACB47F,N918BC,,,,
ACB57F,N918MJ,F2TH,DASSAULT Falcon 2000,L2J,M
ACB77F,N9185W,P28B,PIPER PA-28-201T/235/236,L1P,L
ACB87F,N919EA,TBM7,SOCATA TBM-700A/B/C,L1T,L
ACBD7F,N92TE,C560,CESSNA 560 Citation Ultra,L2J,M
ACC37F,N921SP,B407,BELL 407,H1T,L
ACC57F,N9219L,,,,
ACCC7F,N9236F,,,,
ACCE7F,N924RB,BE36,BEECH 36 Bonanza,L1P,L
ACCF7F,N92408,J3,PIPER J-3 Cub,L1P,L
ACD37F,N9253A,,,,
ACD57F,N926LS,GLID,,L0-,-
ACD77F,N9265D,PA18,PIPER PA-18 Super Cub,L1P,L
ACE27F,N9294B,C175,CESSNA 175 Skylark,L1P,L
ACEF7F,N9320R,C182,CESSNA 182 Skylane,L1P,L
ACF07F,N93272,C185,CESSNA 185 Skywagon,L1P,L
ACF47F,N93395,ERCO,AIR PRODUCTS F-1 Aircoupe,L1P,L
ACFE7F,N9361S,BE23,BEECH 23 Sundowner,L1P,L
ACFF7F,N93683,ERCO,AIR PRODUCTS F-1 Aircoupe,L1P,L
AD027F,N9373V,M20P,MOONEY M-20,L1P,L
AD0C7F,N94TG,DR1,FOKKER Dr-1,L1P,L
AD0D7F,N940DM,TBM7,SOCATA TBM-700A/B/C,L1T,L
AD0F7F,N940ZZ,TBM7,SOCATA TBM-700A/B/C,L1T,L
AD107F,N9407K,P28A,PIPER PA-28-140/150/160/180,L1P,L
AD127F,N941SR,SR20,CIRRUS SR-20,L1P,L
AD137F,N9412B,C72R,CESSNA 172R Cutlass RG,L1P,L
AD177F,N9424E,C172,CESSNA 172 Skyhawk,L1P,L
AD187F,N943C,S108,STINSON 108 Voyager,L1P,L
AD1F7F,N9448L,,,,
AD227F,N9453C,C180,CESSNA  180 Skywagon,L1P,L
AD237F,N946AN,B738,BOEING 737-800,L2J,M
AD277F,N947DL,MD88,MCDONNELL-DOUGLAS MD-88,L2J,M
AD2A7F,N9477J,P28A,PIPER PA-28-140/150/160/180,L1P,L
AD2D7F,N9482A,C140,CESSNA 140,L1P,L
AD317F,N9494D,PA18,PIPER PA-18 Super Cub,L1P,L
AD327F,N95BZ,BE40,BEECH 400 Beechjet,L2J,M
AD377F,N9503Y,C82S,CESSNA T182 Turbo Skylane,L1P,L
AD3B7F,N95151,P28A,PIPER PA-28-140/150/160/180,L1P,L
AD3E7F,N9520T,BALL,,B0-,-
AD437F,N95397,BALL,,B0-,-
AD447F,N954LB,BE36,BEECH 36 Bonanza,L1P,L
AD507F,N957UW,E190,EMBRAER ERJ-190-100,L2J,M
AD517F,N9573X,C82R,CESSNA R182 Skylane RG,L1P,L
AD527F,N958BG,F2TH,DASSAULT Falcon 2000,L2J,M
AD557F,N95850,TAYB,TAYLORCRAFT BC/BF/BL,L1P,L
AD5A7F,N96HC,T206,CESSNA T206 Turbo Stationair,L1P,L
AD5B7F,N96TJ,RV6,VANS RV-6,L1P,L
AD5C7F,N960DP,GLF4,GULFSTREAM 4,L2J,M
AD5E7F,N9600A,C140,CESSNA 140,L1P,L
AD617F,N961ST,A119,AGUSTA AW-119 Koala,H1T,L
AD627F,N9612D,PA22,PIPER PA-22,L1P,L
AD6A7F,N9636K,P32R,PIPER PA-32R-300/301/301T,L1P,L
AD6D7F,N9641B,C180,CESSNA  180 Skywagon,L1P,L
AD757F,N9665H,C172,CESSNA 172 Skyhawk,L1P,L
AD7C7F,N9682C,B26,DOUGLAS A-26 Invader,L2P,M
AD7D7F,N9689P,PA18,PIPER PA-18 Super Cub,L1P,L
AD817F,N97CA,P46T,PIPER PA-46-500TP,L1T,L
AD8D7F,N9720V,C172,CESSNA 172 Skyhawk,L1P,L
AD907F,N973TM,P28A,PIPER PA-28-140/150/160/180,L1P,L
AD967F,N975CW,SR22,CIRRUS SR-22,L1P,L
AD9B7F,N976S,RV12,VANS RV-12,L1P,L
AD9C7F,N9761W,P28A,PIPER PA-28-140/150/160/180,L1P,L
AD9D7F,N97687,C182,CESSNA 182 Skylane,L1P,L
AD9E7F,N977JS,RV4,VANS RV-4,L1P,L
AD9F7F,N977UY,A321,AIRBUS A-321,L2J,M
ADA47F,N97852,C182,CESSNA 182 Skylane,L1P,L
ADA77F,N9790U,AA5,AMERICAN AA-5 Tiger,L1P,L
ADA87F,N97975,C182,CESSNA 182 Skylane,L1P,L
ADAA7F,N98TL,P32R,PIPER PA-32R-300/301/301T,L1P,L
ADAB7F,N980DR,BE35,BEECH 35 Starfire Bonanza,L1P,L
ADB57F,N9824J,C172,CESSNA 172 Skyhawk,L1P,L
ADB67F,N983CD,SR22,CIRRUS SR-22,L1P,L
ADC07F,N9853G,C172,CESSNA 172 Skyhawk,L1P,L
ADC77F,N9870B,CH7A,BELLANCA 7 Champion,L1P,L
ADCB7F,N9882E,C182,CESSNA 182 Skylane,L1P,L
ADD07F,N99CC,BE35,BEECH 35 Starfire Bonanza,L1P,L
ADD17F,N99NJ,LJ45,LEARJET 45,L2J,M
ADDC7F,N9920X,C185,CESSNA 185 Skywagon,L1P,L
ADE17F,N994A,PA22,PIPER PA-22,L1P,L
ADE87F,N99566,C172,CESSNA 172 Skyhawk,L1P,L
ADEB7F,N9961Y,CH7A,BELLANCA 7 Champion,L1P,L
ADEE7F,N997V,BE23,BEECH 23 Sundowner,L1P,L
ADF17F,N998MS,R44,ROBINSON R-44 Raven,H1P,L
ADF37F,N99854,GLID,,L0-,-
ADF57F,N999QQ,LA4,LAKE LA-4/200,A1P,L
ADFC7F,91-0091,BE40,BEECH 400 Beechjet,L2J,M
ADFD7F,920373,SW4,SWEARINGEN Metro,L2T,M
ADFE7F,92-3286,C130,LOCKHEED C-130 Hercules,L4T,M
ADFF7F,68-8098,T38,NORTHROP T-38 Talon,L2J,L
AE007F,66-8365,T38,NORTHROP T-38 Talon,L2J,L
AE037F,64-14829,K35R,BOEING KC-135R/T Stratotanker,L4J,H
AE047F,59-1509,K35R,BOEING KC-135R/T Stratotanker,L4J,H
AE057F,87-0034,C5M,LOCKHEED C-5 Super Galaxy,L4J,H
AE087F,01-0029,GLF5,GULFSTREAM 5,L2J,M
AE0A7F,90-26268,H60,SIKORSKY UH-60 Black Hawk,H2T,M
AE0B7F,94-26568,H60,SIKORSKY UH-60 Black Hawk,H2T,M
AE0C7F,85-24438,H60,SIKORSKY UH-60 Black Hawk,H2T,M
AE0E7F,85-24391,H60,SIKORSKY UH-60 Black Hawk,H2T,M
AE127F,73-1586,C130,LOCKHEED C-130 Hercules,L4T,M
AE147F,166762,C30J,LOCKHEED MARTIN C-130J Super Hercules,L4T,M
AE1E7F,166033,TEX2,BEECHCRAFT T-6 Texan 2,L1T,L
AE1F7F,09-72112,EC45,AIRBUS HELICOPTERS EC-145,H2T,L
AE267F,6537,AS65,AEROSPATIALE AS-365 Dauphin 2,H2T,L
AE487F,09-20208,H60,SIKORSKY UH-60 Black Hawk,H2T,M
AE4A7F,07-0034,V22,BELL-BOEING V-22 Osprey,R2T,M
AE4F7F,167045,H60,SIKORSKY UH-60 Black Hawk,H2T,M
AE527F,08-08775,H47,BOEING-VERTOL CH-47 Chinook,H2T,M
AE537F,11-20424,H60,SIKORSKY UH-60 Black Hawk,H2T,M
AE567F,12-20532,H60,SIKORSKY UH-60 Black Hawk,H2T,M
AE577F,14-20655,H60,SIKORSKY UH-60 Black Hawk,H2T,M
AE587F,60-0026,B52,BOEING B-52 Stratofortress,L8J,H
AE5A7F,15-72403,EC45,AIRBUS HELICOPTERS EC-145,H2T,L
AE5B7F,07-0711,PC12,PILATUS PC-12,L1T,L
AE5D7F,16-20885,H60,SIKORSKY UH-60 Black Hawk,H2T,M
AE637F,18-03211,H64,MCDONNELL DOUGLAS AH-64 Apache,H2T,M
AE647F,19-21045,H60,SIKORSKY UH-60 Black Hawk,H2T,M
AE6A7F,20-21145,H60,SIKORSKY UH-60 Black Hawk,H2T,M
AE6C7F,21-21200,H60,SIKORSKY UH-60 Black Hawk,H2T,M
AE6D7F,19-5950,C30J,LOCKHEED MARTIN C-130J Super Hercules,L4T,M
AE747F,21-03402,H64,MCDONNELL DOUGLAS AH-64 Apache,H2T,M
C0007F,C-FAEW,SR20,CIRRUS SR-20,L1P,L
C0017F,C-FAOS,GLID,,L0-,-
C0027F,C-FAYO,C172,CESSNA 172 Skyhawk,L1P,L
C0037F,C-FBIK,P28A,PIPER PA-28-140/150/160/180,L1P,L
C0047F,C-FBSG,C206,CESSNA  206 Stationair,L1P,L
C0057F,C-FCCC,C172,CESSNA 172 Skyhawk,L1P,L
C0067F,C-FCLY,C180,CESSNA  180 Skywagon,L1P,L
C0077F,C-FCVU,C182,CESSNA 182 Skylane,L1P,L
C0087F,C-FDFQ,BALL,,B0-,-
C0097F,C-FDPM,,,,
C00A7F,C-FDZI,CNUK,FLEET 80 Canuck,L1P,L
C00B7F,C-FEJE,RC3,REPUBLIC RC-3 Seabee,A1P,L
C00C7F,C-FETA,AS50,AEROSPATIALE AS-350 Ecureuil,H1T,L
C00D7F,C-FFCW,,,,
C00F7F,C-FFWO,,,,
C0107F,C-FGGK,P28A,PIPER PA-28-140/150/160/180,L1P,L
C0117F,C-FGQG,DHC2,DE HAVILLAND DHC-2 Beaver,L1P,L
C0127F,C-FHAC,PA24,PIPER PA-24 Comanche,L1P,L
C0137F,C-FHJY,C150,CESSNA 150,L1P,L
C0147F,C-FHTU,Z42,ZLIN Z-42/142/242,L1P,L
C0157F,C-FIDQ,,,,
C0177F,C-FIXI,AR11,AERONCA 11 Chief,L1P,L
C0187F,C-FJHE,BALL,,B0-,-
C0197F,C-FJRA,C172,CESSNA 172 Skyhawk,L1P,L
C01A7F,C-FKAW,B06,BELL 206 JetRanger,H1T,L
C01B7F,C-FKKS,,,,
C01C7F,C-FKUO,PA14,PIPER PA-14 Family Cruiser,L1P,L
C01D7F,C-FLEK,WACO,WACO E/O,L1P,L
C01F7F,C-FLYC,B06,BELL 206 JetRanger,H1T,L
C0207F,C-FMHY,C172,CESSNA 172 Skyhawk,L1P,L
C0227F,C-FNBQ,PA20,PIPER PA-20 Pacer,L1P,L
C0237F,C-FNLM,C185,CESSNA 185 Skywagon,L1P,L
C0247F,C-FNVI,C150,CESSNA 150,L1P,L
C0257F,C-FOFE,B505,BELL 505 JetRanger X,H1T,L
C0267F,C-FOPA,DH2T,DE HAVILLAND DHC-2 Turbo Beaver,L1T,L
C0277F,C-FOYW,P28A,PIPER PA-28-140/150/160/180,L1P,L
C0297F,C-FPSO,C172,CESSNA 172 Skyhawk,L1P,L
C02B7F,C-FQMG,C172,CESSNA 172 Skyhawk,L1P,L
C02C7F,C-FQWC,C120,CESSNA 120,L1P,L
C02D7F,C-FRFY,ULAC,,L0-,-
C02F7F,C-FRZQ,GYRO,,G0-,-
C0307F,C-FSJM,P28A,PIPER PA-28-140/150/160/180,L1P,L
C0317F,C-FSTI,P28A,PIPER PA-28-140/150/160/180,L1P,L
C0337F,C-FTNA,C150,CESSNA 150,L1P,L
C0347F,C-FTWW,PA27,PIPER PA-23-250 Aztec,L2P,L
C0357F,C-FUGS,C180,CESSNA  180 Skywagon,L1P,L
C0377F,C-FVAK,C337,CESSNA 337 Super Skymaster,L2P,L
C0387F,C-FVKG,,,,
C03A7F,C-FWDY,RBEL,MURPHY Rebel,L1P,L
C03B7F,C-FWNU,PA22,PIPER PA-22,L1P,L
C03C7F,C-FWXQ,CHR1,ELMWOOD CA-05 Christavia Mk1,L1P,L
C03D7F,C-FXHM,RBEL,MURPHY Rebel,L1P,L
C03E7F,C-FXRI,DHC3,DE HAVILLAND DHC-3 Otter,L1P,L
C03F7F,C-FYBE,RV6,VANS RV-6,L1P,L
C0417F,C-FYUW,B738,BOEING 737-800,L2J,M
C0427F,C-FZES,C172,CESSNA 172 Skyhawk,L1P,L
C0447F,C-FZYK,C172,CESSNA 172 Skyhawk,L1P,L
C0457F,C-GAIG,B732,BOEING 737-200,L2J,M
C0467F,C-GASC,C172,CESSNA 172 Skyhawk,L1P,L
C0477F,C-GBBY,P28U,PIPER PA-28RT-201T Turbo,L1P,L
C0487F,C-GBLU,R44,ROBINSON R-44 Raven,H1P,L
C0497F,C-GBVQ,PA18,PIPER PA-18 Super Cub,L1P,L
C04B7F,C-GCPI,B429,BELL 429 GlobalRanger,H2T,L
C04C7F,C-GCZE,C182,CESSNA 182 Skylane,L1P,L
C04D7F,C-GDJA,RV6,VANS RV-6,L1P,L
C04E7F,C-GDSW,C172,CESSNA 172 Skyhawk,L1P,L
C04F7F,C-GECS,C180,CESSNA  180 Skywagon,L1P,L
C0507F,C-GEMO,C195,CESSNA 195,L1P,L
C0517F,C-GEWK,PA24,PIPER PA-24 Comanche,L1P,L
C0527F,C-GFGG,C150,CESSNA 150,L1P,L
C0557F,C-GGJU,GLID,,L0-,-
C0567F,C-GGTQ,C172,CESSNA 172 Skyhawk,L1P,L
C0577F,C-GHDM,AC11,NORTH AMERICAN ROCKWELL Commander 112/114,L1P,L
C0597F,C-GHXE,P28S,PIPER PA-28R-201T,L1P,L
C05B7F,C-GIQW,B505,BELL 505 JetRanger X,H1T,L
C05C7F,C-GJAS,C208,CESSNA 208 Caravan,L1T,L
C05D7F,C-GJKO,R44,ROBINSON R-44 Raven,H1P,L
C05E7F,C-GJUK,,,,
C05F7F,C-GKEG,,,,
C0607F,C-GKOC,RV9,VANS RV-9,L1P,L
C0647F,C-GMBM,PA31,PIPER PA-31-300/310/325/350/425,L2P,L
C0657F,C-GMLI,PA22,PIPER PA-22,L1P,L
C0677F,C-GNFA,C182,CESSNA 182 Skylane,L1P,L
C0687F,C-GNOW,,,,
C06A7F,C-GOIO,A21N,AIRBUS A-321neo,L2J,M
C06B7F,C-GOSK,C152,CESSNA 152,L1P,L
C06C7F,C-GPCG,SF34,SAAB 340,L2T,M
C06D7F,C-GPMC,RV8,VANS RV-8,L1P,L
C06E7F,C-GPVY,C172,CESSNA 172 Skyhawk,L1P,L
C06F7F,C-GQFU,C152,CESSNA 152,L1P,L
C0717F,C-GQZM,C150,CESSNA 150,L1P,L
C0727F,C-GRJI,UHEL,,H0-,-
C0747F,C-GSDA,,,,
C0757F,C-GSMW,TAYA,TAYLORCRAFT A,L1P,L
C0767F,C-GSWS,AS50,AEROSPATIALE AS-350 Ecureuil,H1T,L
C0777F,C-GTGO,DHC7,DE HAVILLAND DHC-7 Dash 7,L4T,M
C0787F,C-GTQK,,,,
C0797F,C-GUAG,,,,
C07B7F,C-GUTY,AEST,AEROSTAR 600,L2P,L
C07C7F,C-GVDU,C150,CESSNA 150,L1P,L
C07D7F,C-GVNQ,,,,
C07E7F,C-GVXM,C172,CESSNA 172 Skyhawk,L1P,L
C07F7F,C-GWHI,,,,
C0807F,C-GWRE,DH8D,DE HAVILLAND DHC-8-400 Dash 8,L2T,M
C0817F,C-GXBA,P28A,PIPER PA-28-140/150/160/180,L1P,L
C0837F,C-GXUS,BALL,,B0-,-
C0867F,C-GYYG,C152,CESSNA 152,L1P,L
C0877F,C-GZIC,HUNT,HAWKER Hunter,L1J,M
C0897F,C-IABU,ULAC,,L0-,-
C08A7F,C-IALQ,,,,
C08B7F,C-IAVM,ULAC,,L0-,-
C08C7F,C-IBFI,ULAC,,L0-,-
C08D7F,C-IBPE,CHIN,ASAP Chinook,L1P,L
C08E7F,C-IBZA,BEVR,ASAP Beaver,L1P,L
C08F7F,C-ICIW,,,,
C0917F,C-IDCO,ULAC,,L0-,-
C0927F,C-IDMK,PARA,,P0-,-
C0937F,C-IDWG,ULAC,,L0-,-
C0947F,C-IEGC,ULAC,,L0-,-
C0957F,C-IEPY,CHIN,ASAP Chinook,L1P,L
C0967F,C-IEZU,BEVR,ASAP Beaver,L1P,L
C0977F,C-IFJQ,,,,
C0987F,C-IFTM,ULAC,,L0-,-
C09A7F,C-IGNE,CHIN,ASAP Chinook,L1P,L
C09B7F,C-IGXA,ULAC,,L0-,-
C09C7F,C-IHGW,ULAC,,L0-,-
C09D7F,C-IHQS,ULAC,,L0-,-
C09E7F,C-IIAO,ULAC,,L0-,-
C0A17F,C-IJEC,MAME,BLUE YONDER Merlin,L1P,L
C0A37F,C-IJXU,PARA,,P0-,-
C0A47F,C-IKHQ,,,,
C0A57F,C-IKRM,ULAC,,L0-,-
C0A67F,C-ILBI,PARA,,P0-,-
C0A77F,C-ILLE,ULAC,,L0-,-
C0A87F,C-ILVA,,,,
C0AA7F,C-IMOS,ULAC,,L0-,-
C0AE7F,C-IOCC,CAD2,DELISLE Cadi,L1P,L
C0B77F,C-IRMS,CRER,RANS Courier,L1P,L
C1E17F,TWR,TWR,,T0-,-
C2BB7F,147310,H47,BOEING-VERTOL CH-47 Chinook,H2T,M
C8007F,ZK-AUE,DH82,DE HAVILLAND DH-82 Tiger Moth,L1P,L
C8017F,ZK-CCW,AIRD,BEAGLE A-109 Airedale,L1P,L
C8037F,ZK-DSO,C185,CESSNA 185 Skywagon,L1P,L
C8047F,ZK-EOS,C172,CESSNA 172 Skyhawk,L1P,L
C8067F,ZK-MJB,CH30,ZENAIR CH-300 Tri-Zenith,L1P,L
C8087F,ZK-GLZ,GLID,,L0-,-
C8097F,ZK-HSI,H269,HUGHES Sky Knight,H1P,L
C80D7F,ZK-FWS,P28A,PIPER PA-28-140/150/160/180,L1P,L
C80F7F,ZK-DTQ,C150,CESSNA 150,L1P,L
C8177F,ZK-SLQ,GA8,GIPPSAERO GA-8 Airvan,L1P,L
C8187F,ZK-OKB,B772,BOEING 777-200,L2J,H
C8197F,ZK-PWH,SIRA,TECNAM P-2002 Sierra,L1P,L
C81A7F,ZK-CWD,C172,CESSNA 172 Skyhawk,L1P,L
C81B7F,ZK-CVB,WAIX,SONEX Waiex,L1P,L
C81E7F,ZK-KJL,ULAC,,L0-,-
C8207F,ZK-JWK,CRER,RANS Courier,L1P,L
C8217F,ZK-EAS,CH75,ZENAIR CH-750 Cruzer,L1P,L
C8247F,ZK-CBM,C172,CESSNA 172 Skyhawk,L1P,L
C8277F,ZK-HQO,S76,SIKORSKY S-76 Spirit,H2T,L
E47E7F,PR-GOR,B737,BOEING 737-700,L2J,M
E48F7F,PR-FCA,PA34,PIPER PA-34 Seneca,L2P,L
E4907F,PP-OKK,TBM9,SOCATA TBM-900/910/930/940,L1T,L
E4917F,PR-OCQ,A320,AIRBUS A-320,L2J,M
E4937F,PR-JRY,FA8X,DASSAULT Falcon 8X,L3J,M
E4947F,PT-EGB,EC45,AIRBUS HELICOPTERS EC-145,H2T,L
E4957F,PR-ITG,B505,BELL 505 JetRanger X,H1T,L
E4967F,PS-AEI,E295,EMBRAER ERJ-190-400,L2J,M
E4977F,PS-ORB,F900,DASSAULT Falcon 900,L3J,M
E4987F,PS-GTD,BE40,BEECH 400 Beechjet,L2J,M
E49A7F,PS-NSA,C525,CESSNA 525 CitationJet,L2J,L
E8087F,CC-ATP,R66,ROBINSON R-66,H1T,L
E8097F,CC-ACY,AS50,AEROSPATIALE AS-350 Ecureuil,H1T,L
E94C7F,CP-3199,B738,BOEING 737-800,L2J,M
