00A9AC,ZS-PTR,C182,CESSNA 182 Skylane,L1P,L
00CBAC,651,BE20,BEECH 200 Super King Air,L2T,M
0101AC,SU-BTI,C295,CASA C-295 Persuader,L2T,M
0200AC,CN-MMT,GLF5,GULFSTREAM 5,L2J,M
02A0AC,TS-IFM,A332,AIRBUS A-330-200,L2J,H
04C1AC,5Y-BNG,C208,CESSNA 208 Caravan,L1T,L
06A0AC,A7-BCH,B788,BOEING 787-8 Dreamliner,L2J,H
06A2AC,A7-TTX,C240,CESSNA 240 Corvalis TTx,L1P,L
0A80AC,C6-FAB,C208,CESSNA 208 Caravan,L1T,L
0AC0AC,FAC1015,C130,LOCKHEED C-130 Hercules,L4T,M
0AC9AC,HK-5345,CL30,BOMBARDIER BD-100 Challenger 300,L2J,M
0ACAAC,HK-5413,A320,AIRBUS A-320,L2J,M
0C20AC,HP-1842CMP,B738,BOEING 737-800,L2J,M
0D02AC,XB-GBC,LJ35,LEARJET 35,L2J,M
0D07AC,XB-RDZ,C650,CESSNA 650 Citation,L2J,M
0D08AC,XB-RNL,T206,CESSNA T206 Turbo Stationair,L1P,L
0D0AAC,XA-UFF,CL60,BOMBARDIER CL-600 Challenger,L2J,M
0D0BAC,XA-IMH,B39M,BOEING 737 MAX 9,L2J,M
0D82AC,YV2949,PAY1,PIPER PA-31T1-500 Cheyenne 1,L2T,L
1457AC,RA-22444,MI8,MIL Mi-8/9/17/19/171/172,H2T,M
14A5AC,RA-42412,YK42,YAKOVLEV Yak-142,L3J,M
1506AC,RA-67244,CRJ2,BOMBARDIER Regional Jet CRJ-200,L2J,M
151DAC,RA-73132,B77W,BOEING 777-300ER,L2J,H
1533AC,RF-78764,IL76,ILYUSHIN Il-76/82,L4J,H
1558AC,RA-88236,YK40,YAKOVLEV Yak-40,L3J,M
155BAC,RA-89004,SU95,SUKHOI Superjet 100-95,L2J,M
3006AC,I-GRDD,AS50,AEROSPATIALE AS-350 Ecureuil,H1T,L
3007AC,I-ATEC,AS50,AEROSPATIALE AS-350 Ecureuil,H1T,L
3008AC,I-PBRC,FA7X,DASSAULT Falcon 7X,L3J,M
31DEAC,I-X063,NG5,BRM AERO NG-5/6 Bristell,L1P,L
31FFAC,I-5031,SKAR,III Sky Arrow,L1P,L
33FDAC,MM55213,M346,AERMACCHI M-346 Master,L2J,M
3826AC,F-BJVM,CP30,PIEL Emeraude,L1P,L
3849AC,F-BSNM,WA50,WASSMER WA-54 Atlantic,L1P,L
3866AC,F-AZVM,NORA,NORD Noratlas,L2P,M
390DAC,F-GDNM,TB20,SOCATA TB-20 Trinidad,L1P,L
3919AC,F-GGNM,TOBA,SOCATA Tobago,L1P,L
3921AC,F-GINM,DR40,ROBIN DR-400,L1P,L
3935AC,F-GNNM,DR40,ROBIN DR-400,L1P,L
394DAC,F-GTNM,GA8,GIPPSAERO GA-8 Airvan,L1P,L
3952AC,F-GUVM,DA40,DIAMOND DA-40 Club Star,L1P,L
3964AC,F-GZFM,BALL,,B0-,-
3981AC,F-HANM,C208,CESSNA 208 Caravan,L1T,L
3982AC,F-HAVM,BALL,,B0-,-
3986AC,F-HBVM,EC20,AIRBUS HELICOPTERS EC-120,H1T,L
398EAC,F-HDVM,BALL,,B0-,-
39A0AC,F-HIFM,R44,ROBINSON R-44 Raven,H1P,L
39A5AC,F-HJNM,AS50,AEROSPATIALE AS-350 Ecureuil,H1T,L
39CAAC,F-HSVM,DR40,ROBIN DR-400,L1P,L
39CEAC,F-HTVM,B738,BOEING 737-800,L2J,M
39D4AC,F-HVFM,WT9,AEROSPOOL WT-9 Dynamic,L1P,L
39E4AC,F-HZFM,A320,AIRBUS A-320,L2J,M
3AAAAC,F-MECC,NH90,NHI NH-90,H2T,M
3B76AC,194,CN35,CASA CN-235 Persuader,L2T,M
3B77AC,R203,C160,TRANSALL C-160,L2T,M
3B9BAC,81,E121,EMBRAER EMB-121 Xingu,L2T,L
3C1BAC,D-AZML,A306,AIRBUS A-300-600,L2J,H
3C1CAC,D-AZWH,A21N,AIRBUS A-321neo,L2J,M
3C5CAC,D-AGEL,B737,BOEING 737-700,L2J,M
3C64AC,D-AIEL,A21N,AIRBUS A-321neo,L2J,M
3C65AC,D-AIML,A388,AIRBUS A-380-800,L4J,H
3C66AC,D-AIUL,A320,AIRBUS A-320,L2J,M
3D04AC,D-EAAE,M20P,MOONEY M-20,L1P,L
3D05AC,D-EAKA,S22T,CIRRUS SR-22T Turbo,L1P,L
3D06AC,D-EATW,DV20,DIAMOND DA-20,L1P,L
3D07AC,D-EBDS,DA40,DIAMOND DA-40 Club Star,L1P,L
3D08AC,D-EBNO,BE33,BEECH 33 Bonanza,L1P,L
3D0AAC,D-ECHG,SR20,CIRRUS SR-20,L1P,L
3D0CAC,D-EDAY,C210,CESSNA 201 Centurion,L1P,L
3D0DAC,D-EDKU,P28A,PIPER PA-28-140/150/160/180,L1P,L
3D0EAC,D-EDUQ,PA32,PIPER PA-32,L1P,L
3D0FAC,D-EEEM,RALL,SOCATA Rallye,L1P,L
3D11AC,D-EEYE,C150,CESSNA 150,L1P,L
3D12AC,D-EFIA,C152,CESSNA 152,L1P,L
3D13AC,D-EFRW,C172,CESSNA 172 Skyhawk,L1P,L
3D14AC,D-EGBS,P28A,PIPER PA-28-140/150/160/180,L1P,L
3D15AC,D-EGLO,KL07,BOLKOW BO-107,L1P,L
3D16AC,D-EGVK,WA50,WASSMER WA-54 Atlantic,L1P,L
3D17AC,D-EHFG,BE33,BEECH 33 Bonanza,L1P,L
3D18AC,D-EHPC,C182,CESSNA 182 Skylane,L1P,L
3D1BAC,D-EISQ,T206,CESSNA T206 Turbo Stationair,L1P,L
3D23AC,D-ELTK,DR40,ROBIN DR-400,L1P,L
3D24AC,D-EMDG,C172,CESSNA 172 Skyhawk,L1P,L
3D25AC,D-EMNC,ECHO,TECNAM P-92 Echo,L1P,L
3D27AC,D-ENGU,PA18,PIPER PA-18 Super Cub,L1P,L
3D2AAC,D-EOKI,C172,CESSNA 172 Skyhawk,L1P,L
3D2CAC,D-EPEA,SR22,CIRRUS SR-22,L1P,L
3D31AC,D-ERBG,M7,MAULE M-7,L1P,L
3D36AC,D-ESYM,ULAC,,L0-,-
3D37AC,D-ETII,LA4,LAKE LA-4/200,A1P,L
3D39AC,D-EUCA,AC11,NORTH AMERICAN ROCKWELL Commander 112/114,L1P,L
3D43AC,D-EXWM,HUSK,CHRISTEN Husky,L1P,L
3D46AC,D-EZAA,CRUZ,CSA PS-28 Cruiser,L1P,L
3DABAC,D-GLGM,P06T,TECNAM P-2006T,L2P,L
3DADAC,D-GMAE,DA42,DIAMOND DA-42 Guardian,L2P,L
3DD2AC,D-HAAM,AS50,AEROSPATIALE AS-350 Ecureuil,H1T,L
3DF1AC,D-HLTS,EC55,AIRBUS HELICOPTERS EC-155,H2T,L
3DF5AC,D-HNHC,AS65,AEROSPATIALE AS-365 Dauphin 2,H2T,L
3E1DAC,D-ICKY,BE60,BEECH 60 Duke,L2P,L
3E27AC,D-IGFK,PA34,PIPER PA-34 Seneca,L2P,L
3E34AC,D-ILDK,C340,CESSNA 340 Super,L2P,L
3E4AAC,D-ITMA,C25A,CESSNA 525A Citation CJ2,L2J,L
3E52AC,D-IWMU,BE58,BEECH 58 Baron,L2P,L
3E5DAC,D-KARC,GLID,,L0-,-
3E60AC,D-KBUQ,SF25,SCHEIBE SF-25 Falke,L1P,L
3E64AC,D-KDIA,GLID,,L0-,-
3E68AC,D-KEVK,GLID,,L0-,-
3E69AC,D-KFFG,SF25,SCHEIBE SF-25 Falke,L1P,L
3E6CAC,D-KGIU,GLID,,L0-,-
3E6FAC,D-KHMI,DG80,DG FLUGZEUGBAU DG-800,L1P,L
3E70AC,D-KHWE,GLID,,L0-,-
3E72AC,D-KIPW,AS26,SCHLEICHER ASH-26,L1P,L
3E7BAC,D-KMAM,S10S,STEMME S-10 Chrysalis,L1P,L
3EC1AC,D-KOHO,RF4,FOURNIER RF-4,L1P,L
3EC2AC,D-KORK,SF25,SCHEIBE SF-25 Falke,L1P,L
3EC3AC,D-KPBG,DUOD,SCHEMPP-HIRTH Duo Discus,L1P,L
3ED8AC,D-KXAA,AS29,SCHLEICHER ASG-29,L1P,L
3EE8AC,D-2069,GLID,,L0-,-
3EE9AC,D-2325,DISC,SCHEMPP-HIRTH Discus,L1P,L
3EEAAC,D-2581,GLID,,L0-,-
3EEEAC,D-3605,GLID,,L0-,-
3EEFAC,D-3861,GLID,,L0-,-
3EF6AC,D-5653,GLID,,L0-,-
3EF7AC,D-5909,ARCP,SCHEMPP-HIRTH Arcus M,L1P,L
3EF9AC,D-6421,GLID,,L0-,-
3EFBAC,D-6933,GLID,,L0-,-
3EFDAC,D-7445,GLID,,L0-,-
3F04AC,D-9237,GLID,,L0-,-
3F5AAC,74+21,TIGR,AIRBUS HELICOPTERS EC-665 Tiger,H2T,L
3F9DAC,79+11,NH90,NHI NH-90,H2T,M
3FBFAC,D-OKAE,BALL,,B0-,-
3FEBAC,D-MJFH,ULAC,,L0-,-
3FECAC,D-MPEG,G3,REMOS Mirage,L1P,L
3FEDAC,D-MRRK,ECHO,TECNAM P-92 Echo,L1P,L
3FF0AC,D-MIPU,WT9,AEROSPOOL WT-9 Dynamic,L1P,L
3FF1AC,D-MPMO,BREZ,AEROSTYLE Breezer,L1P,L
3FF2AC,D-MKEE,C42,IKARUS C-42 Bison,L1P,L
3FF3AC,D-MMBH,,,,
3FF4AC,D-MYNG,NG5,BRM AERO NG-5/6 Bristell,L1P,L
4006AC,G-CIVV,B744,BOEING 747-400,L4J,H
400CAC,G-NOSE,C402,CESSNA 402 Businessliner,L2P,L
400EAC,G-BYXO,G115,GROB G-115,L1P,L
4010AC,G-EMID,EC35,AIRBUS HELICOPTERS EC-135/635,H2T,L
4011AC,G-ZINC,C182,CESSNA 182 Skylane,L1P,L
4012AC,G-RABS,PNR3,ALPI Pioneer 330,L1P,L
4013AC,G-CJAV,GLID,,L0-,-
4016AC,G-ATYS,P28A,PIPER PA-28-140/150/160/180,L1P,L
401BAC,G-BCUY,C150,CESSNA 150,L1P,L
401DAC,G-BGKV,P28R,PIPER PA-28R-180/200/201,L1P,L
4025AC,G-BMFG,DO27,DORNIER Do-27,L1P,L
402BAC,G-OASH,R22,ROBINSON R-22 Mariner,H1P,L
402CAC,G-BZNI,B06,BELL 206 JetRanger,H1T,L
402DAC,G-MVOR,ULAC,,L0-,-
4030AC,G-WESX,ULAC,,L0-,-
4037AC,G-MYKF,ULAC,,L0-,-
403AAC,G-BWDP,EUPA,Europa,L1P,L
4042AC,G-UFCB,C172,CESSNA 172 Skyhawk,L1P,L
4045AC,G-DSLL,ULAC,,L0-,-
4048AC,G-RNDD,DR40,ROBIN DR-400,L1P,L
404EAC,G-VNON,ESCP,REALITY Escapade,L1P,L
4053AC,G-CHJF,GLID,,L0-,-
4054AC,G-CJXA,NIMB,SCHEMPP-HIRTH Nimbus,L1P,L
4058AC,G-DDUK,GLID,,L0-,-
405AAC,G-CFDP,FDCT,FLIGHT DESIGN CT,L1P,L
405BAC,G-CFFE,EV97,EVEKTRO EV-97 EuroStar,L1P,L
405EAC,G-CFMD,ULAC,,L0-,-
405FAC,G-CFTZ,EV97,EVEKTRO EV-97 EuroStar,L1P,L
4060AC,G-CGEC,FDCT,FLIGHT DESIGN CT,L1P,L
4064AC,G-DZZY,BL8,BELLANCA 8 Decathlon,L1P,L
4065AC,G-TPTP,R44,ROBINSON R-44 Raven,H1P,L
4066AC,G-ONAA,V10,NORTH AMERICAN OV-10 Bronco,L2T,L
4068AC,G-MCGD,S92,SIKORSKY S-92 Helibus,H2T,M
406AAC,G-CIEE,C42,IKARUS C-42 Bison,L1P,L
406BAC,G-ERFC,SE5A,RAF SE-5A Replica,L1P,L
406CAC,G-FLYO,EV97,EVEKTRO EV-97 EuroStar,L1P,L
406EAC,G-CITF,EV97,EVEKTRO EV-97 EuroStar,L1P,L
406FAC,G-MOOD,C42,IKARUS C-42 Bison,L1P,L
4070AC,G-DSOO,DG50,DG FLUGZEUGBAU DG-500M,L1P,L
4071AC,G-ISLK,AT75,ATR-72-500,L2T,M
4072AC,G-JAKX,BALL,,B0-,-
4073AC,G-CKIO,P28A,PIPER PA-28-140/150/160/180,L1P,L
4075AC,G-CTSF,DA40,DIAMOND DA-40 Club Star,L1P,L
4076AC,G-HATH,ULAC,,L0-,-
4077AC,G-GIAN,C42,IKARUS C-42 Bison,L1P,L
407AAC,G-KFFD,ARCP,SCHEMPP-HIRTH Arcus M,L1P,L
407CAC,G-CMCG,TWEN,TECNAM Twenty-Ten,L1P,L
407EAC,G-KLNA,A109,AGUSTA AW-109 Grand,H2T,L
4241AC,VP-CAC,A332,AIRBUS A-330-200,L2J,H
4245AC,VQ-BPY,B752,BOEING 757-200,L2J,M
4247AC,VP-CMD,GLF5,GULFSTREAM 5,L2J,M
424BAC,M-ATTS,EC55,AIRBUS HELICOPTERS EC-155,H2T,L
43BEAC,VP-BGW,B38M,BOEING 737 MAX 8,L2J,M
43C4AC,ZJ938,EUFI,EUROFIGHTER 2000,L2J,M
43C7AC,ZK435,EUFI,EUROFIGHTER 2000,L2J,M
43E8AC,M-BETS,AC95,NORTH AMERICAN ROCKWELL Jetprop Commander 1000,L2T,L
43EAAC,M-VNTR,TBM9,SOCATA TBM-900/910/930/940,L1T,L
43ECAC,2-BTTB,B738,BOEING 737-800,L2J,M
43EDAC,2-ANBA,A320,AIRBUS A-320,L2J,M
43EEAC,2-TKQB,B77W,BOEING 777-300ER,L2J,H
4402AC,OE-IJY,A320,AIRBUS A-320,L2J,M
4404AC,OE-BXQ,EC35,AIRBUS HELICOPTERS EC-135/635,H2T,L
4405AC,OE-FJB,C501,CESSNA 501 Citation 1SP,L2J,L
4407AC,OE-ARE,PULS,Pulsar,L1P,L
4408AC,OE-XYU,R44,ROBINSON R-44 Raven,H1P,L
440BAC,OE-GWE,C56X,CESSNA 560XL Citation XLS,L2J,M
440CAC,OE-LZO,A20N,AIRBUS A-320neo,L2J,M
44B5AC,OO-MML,B407,BELL 407,H1T,L
44BCAC,OO-OEL,R22,ROBINSON R-22 Mariner,H1P,L
44C1AC,OO-PML,R44,ROBINSON R-44 Raven,H1P,L
45A1AC,OY-HML,A139,AGUSTA AW-139,H2T,L
45A8AC,OY-JEL,G202,AKROTECH G-202,L1P,L
45C0AC,OY-PEL,P28T,PIPER PA-28RT-201,L1P,L
45CAAC,OY-RUL,C208,CESSNA 208 Caravan,L1T,L
45E1AC,OY-XML,GLID,,L0-,-
4702AC,HA-BAI,C152,CESSNA 152,L1P,L
4712AC,HA-HBW,B427,BELL 427,H2T,L
471FAC,HA-LZW,A21N,AIRBUS A-321neo,L2J,M
4784AC,LN-OVN,AS50,AEROSPATIALE AS-350 Ecureuil,H1T,L
4791AC,LN-NIQ,B738,BOEING 737-800,L2J,M
479BAC,LN-XAX,FA8X,DASSAULT Falcon 8X,L3J,M
47C8AC,LN-0310-ND,DRON,,D0-,-
4840AC,PJ-KVN,F50,FOKKER 50,L2T,M
4844AC,P4-ACE,CL60,BOMBARDIER CL-600 Challenger,L2J,M
4848AC,PH-UVO,BALL,,B0-,-
484BAC,PH-EUA,A139,AGUSTA AW-139,H2T,L
484EAC,PH-4A9,ULAC,,L0-,-
4853AC,PH-1LM,ZZZZ,,-0-,-
4855AC,PH-2HR,ZZZZ,,-0-,-
4856AC,PH-2VA,ZZZZ,,-0-,-
4891AC,SP-ENM,B738,BOEING 737-800,L2J,M
48ADAC,SP-LNM,E195,EMBRAER ERJ-190-200,L2J,M
48C2AC,SP-RZM,B38M,BOEING 737 MAX 8,L2J,M
48CAAC,SP-TZM,P46T,PIPER PA-46-500TP,L1T,L
48D8AC,4084,F16,GENERAL DYNAMICS F-16 Fighting Falcon,L1J,M
4921AC,CS-HML,KA27,KAMOV Ka-252,H2T,M
4952AC,CS-TUL,A339,AIRBUS A-330-900,L2J,H
4956AC,CS-UUL,MP02,AERO_KROS Czajka,L1P,L
497CAC,16712,C295,CASA C-295 Persuader,L2T,M
49C1AC,OM-M810,VL3,AVEKO Flamingo,L1P,L
49D0AC,OK-SCB,CRUZ,CSA PS-28 Cruiser,L1P,L
49D2AC,OK-JHM,C152,CESSNA 152,L1P,L
49D3AC,OK-AST,C56X,CESSNA 560XL Citation XLS,L2J,M
49D4AC,OK-WRW,G2CA,GUIMBAL G-2 Cabri,H1P,L
4A35AC,2703,C27J,ALENIA C-27J Spartan,L2T,M
4A98AC,SE-FEL,C150,CESSNA 150,L1P,L
4AADAC,SE-KML,P28A,PIPER PA-28-140/150/160/180,L1P,L
4AC9AC,SE-RML,C501,CESSNA 501 Citation 1SP,L2J,L
4AD6AC,SE-UUL,LK17,SPORTINE AVIACIJA LAK-17AT,L1P,L
4ADAAC,SE-VUL,EV97,EVEKTRO EV-97 EuroStar,L1P,L
4AE2AC,SE-XUL,MF17,SAAB T-17 Supporter,L1P,L
4B06AC,HB-CNS,C152,CESSNA 152,L1P,L
4B1AAC,HB-KCQ,M7,MAULE M-7,L1P,L
4B1BAC,HB-KMM,SR22,CIRRUS SR-22,L1P,L
4B1CAC,HB-KWI,S22T,CIRRUS SR-22T Turbo,L1P,L
4B26AC,HB-OQU,P28A,PIPER PA-28-140/150/160/180,L1P,L
4B2BAC,HB-QOA,BALL,,B0-,-
4B2CAC,HB-QXW,BALL,,B0-,-
4B3FAC,HB-YCY,BX2,BRANDLI Cherry,L1P,L
4B40AC,HB-YMU,V252,MSW Votec 252,L1P,L
4B43AC,HB-ZQI,EC45,AIRBUS HELICOPTERS EC-145,H2T,L
4B48AC,HB-1029,GLID,,L0-,-
4B4CAC,HB-2053,PK20,PIK 20E,L1P,L
4B51AC,HB-3333,GLID,,L0-,-
4B7FAC,A-103,PC21,PILATUS PC-21,L1T,L
4B82AC,EM-705,H60,SIKORSKY UH-60 Black Hawk,H2T,M
4B8CAC,TC-CEL,Z42,ZLIN Z-42/142/242,L1P,L
4B9CAC,TC-GEL,TB20,SOCATA TB-20 Trinidad,L1P,L
4BA1AC,TC-HML,A109,AGUSTA AW-109 Grand,H2T,L
4BA9AC,TC-JML,A321,AIRBUS A-321,L2J,M
4BB2AC,TC-LUL,A20N,AIRBUS A-320neo,L2J,M
4BBCAC,TC-OEL,DV20,DIAMOND DA-20,L1P,L
4BD6AC,TC-UUL,SLG2,AIRPLANE FACTORY Sling 2,L1P,L
4BD8AC,TC-VEL,A310,AIRBUS A-310,L2J,H
4CA1AC,EI-CXZ,B762,BOEING 767-200,L2J,H
4CA2AC,EI-DHY,B738,BOEING 737-800,L2J,M
4CA9AC,EI-ETF,UF10,URBAN UFM-10 Samba,L1P,L
4CC2AC,TF-FIG,B752,BOEING 757-200,L2J,M
4D20AC,9H-III,GLEX,BOMBARDIER BD-700 Global 6000/6500,L2J,M
4D21AC,9H-MAO,GLEX,BOMBARDIER BD-700 Global 6000/6500,L2J,M
4D22AC,9H-HLY,B738,BOEING 737-800,L2J,M
5000AC,T7-APP,C25A,CESSNA 525A Citation CJ2,L2J,L
5001AC,T7-MCB,GLEX,BOMBARDIER BD-700 Global 6000/6500,L2J,M
5002AC,T7-CHS,GL7T,BOMBARDIER BD-700 Global 7000/7500,L2J,M
503CAC,LY-SPF,A320,AIRBUS A-320,L2J,M
503DAC,LY-VEN,A320,AIRBUS A-320,L2J,M
505CAC,OM-KEL,AC11,NORTH AMERICAN ROCKWELL Commander 112/114,L1P,L
505DAC,OM-LAT,C68A,CESSNA 680 Citation Latitude,L2J,M
7020AC,S2-AJF,B738,BOEING 737-800,L2J,M
70A9AC,9N-ANI,AT75,ATR-72-500,L2T,M
70C0AC,A4O-DF,A332,AIRBUS A-330-200,L2J,H
7100AC,HZ-ASQ,A321,AIRBUS A-321,L2J,M
7101AC,HZ-A22,GLF4,GULFSTREAM 4,L2J,M
7103AC,5003,B350,BEECHCRAFT Super King Air 350,L2T,M
7105AC,HZ-AR25,B78X,BOEING 787-10 Dreamliner,L2J,H
7394AC,4X-HYL,AP22,AEROPRACT A-22,L1P,L
7503AC,9M-MLV,B738,BOEING 737-800,L2J,M
7504AC,9M-RAP,A20N,AIRBUS A-320neo,L2J,M
7580AC,RP-C3030,DH8D,DE HAVILLAND DHC-8-400 Dash 8,L2T,M
76CDAC,9V-SML,A359,AIRBUS A-350-900,L2J,H
7800AC,B-5382,B738,BOEING 737-800,L2J,M
7801AC,B-HRY,EC55,AIRBUS HELICOPTERS EC-155,H2T,L
7802AC,B-6290,A320,AIRBUS A-320,L2J,M
7804AC,B-6373,A320,AIRBUS A-320,L2J,M
7805AC,B-6588,A320,AIRBUS A-320,L2J,M
7806AC,B-3172,E190,EMBRAER ERJ-190-100,L2J,M
7807AC,B-5615,B738,BOEING 737-800,L2J,M
7808AC,B-2032,B77W,BOEING 777-300ER,L2J,H
7809AC,B-6971,A320,AIRBUS A-320,L2J,M
780AAC,B-LRI,A359,AIRBUS A-350-900,L2J,H
780BAC,B-1907,B738,BOEING 737-800,L2J,M
780CAC,B-1965,B738,BOEING 737-800,L2J,M
780DAC,B-1780,B738,BOEING 737-800,L2J,M
780EAC,B-6849,B738,BOEING 737-800,L2J,M
780FAC,B-10FP,PC6T,PILATUS PC-6 Turbo-Porter,L1T,L
7810AC,B-8843,A320,AIRBUS A-320,L2J,M
7811AC,B-1479,B738,BOEING 737-800,L2J,M
7812AC,B-1351,B738,BOEING 737-800,L2J,M
7813AC,B-1078,A20N,AIRBUS A-320neo,L2J,M
7814AC,B-10XQ,DA42,DIAMOND DA-42 Guardian,L2P,L
7815AC,B-706Y,A139,AGUSTA AW-139,H2T,L
7818AC,B-30DS,A20N,AIRBUS A-320neo,L2J,M
781AAC,B-722D,A109,AGUSTA AW-109 Grand,H2T,L
781DAC,B-329S,A359,AIRBUS A-350-900,L2J,H
7BB0AC,B-2657,B738,BOEING 737-800,L2J,M
7C05AC,VH-BEM,C402,CESSNA 402 Businessliner,L2P,L
7C08AC,VH-BZY,BE36,BEECH 36 Bonanza,L1P,L
7C0BAC,VH-CLA,BE55,BEECH 55 Baron,L2P,L
7C0DAC,VH-CZI,PA44,PIPER PA-44 Seminole,L2P,L
7C10AC,VH-DKU,A139,AGUSTA AW-139,H2T,L
7C15AC,VH-EKE,C182,CESSNA 182 Skylane,L1P,L
7C17AC,VH-EYM,P28R,PIPER PA-28R-180/200/201,L1P,L
7C28AC,VH-IBI,PA31,PIPER PA-31-300/310/325/350/425,L2P,L
7C2AAC,VH-IPQ,S92,SIKORSKY S-92 Helibus,H2T,M
7C2BAC,VH-IWU,AT8T,AIR TRACTOR AT-802,L1T,M
7C32AC,VH-KAM,C182,CESSNA 182 Skylane,L1P,L
7C3AAC,VH-LVI,C172,CESSNA 172 Skyhawk,L1P,L
7C42AC,VH-NGE,C10T,CESSNA P210 Turbine,L1T,L
7C43AC,VH-NNI,CJ6,NANCHANG CJ-6,L1P,L
7C44AC,VH-NUM,GLST,GLASAIR SH-4 GlaStar,L1P,L
7C4CAC,VH-PFI,B190,BEECH 1900,L2T,M
7C5CAC,VH-SLA,BK17,EUROCOPTER BK117 C-1/2,H2T,L
7C5EAC,VH-SZI,AA5,AMERICAN AA-5 Tiger,L1P,L
7C60AC,VH-TDQ,C206,CESSNA  206 Stationair,L1P,L
7C62AC,VH-TRY,M20P,MOONEY M-20,L1P,L
7C66AC,VH-UKE,GLID,,L0-,-
7C6BAC,VH-VJY,BE20,BEECH 200 Super King Air,L2T,M
7C70AC,VH-WJI,DA42,DIAMOND DA-42 Guardian,L2P,L
7C72AC,VH-WXQ,C182,CESSNA 182 Skylane,L1P,L
7C7AAC,VH-YIM,B738,BOEING 737-800,L2J,M
7C80AC,VH-ZPA,SF34,SAAB 340,L2T,M
7C81AC,VH-ZWE,P28A,PIPER PA-28-140/150/160/180,L1P,L
7CB9AC,G-1819,GYRO,,G0-,-
7CC3AC,24-8517,AP22,AEROPRACT A-22,L1P,L
7CC4AC,24-7957,BR61,BRUMBY 610 Evolution,L1P,L
7CF9AC,N48-013,H60,SIKORSKY UH-60 Black Hawk,H2T,M
8001AC,VT-SCC,A319,AIRBUS A-319,L2J,M
8002AC,H2180,A748,AVRO 748,L2T,M
8003AC,VT-CLD,C550,CESSNA 550 Citation S2,L2J,L
800BAC,VT-IDS,A320,AIRBUS A-320,L2J,M
800DAC,VT-IJM,A20N,AIRBUS A-320neo,L2J,M
8013AC,VT-IJU,A20N,AIRBUS A-320neo,L2J,M
8405AC,JA01JE,K100,DAHER Kodiak 100,L1T,L
845EAC,JA119W,A139,AGUSTA AW-139,H2T,L
84B5AC,JA20JJ,A320,AIRBUS A-320,L2J,M
8520AC,JA35BE,AS50,AEROSPATIALE AS-350 Ecureuil,H1T,L
85C9AC,JA52DA,DA42,DIAMOND DA-42 Guardian,L2P,L
85DDAC,JA5812,BE58,BEECH 58 Baron,L2P,L
8674AC,JA701J,B772,BOEING 777-200,L2J,H
867FAC,JA733J,B77W,BOEING 777-300ER,L2J,H
8681AC,JA73NE,B738,BOEING 737-800,L2J,M
86D6AC,JA829J,B788,BOEING 787-8 Dreamliner,L2J,H
86E8AC,JA87AN,B738,BOEING 737-800,L2J,M
86EFAC,JA8996,B734,BOEING 737-400,L2J,M
873DAC,JA961A,A139,AGUSTA AW-139,H2T,L
8832AC,HS-LUL,B738,BOEING 737-800,L2J,M
8836AC,HS-MUL,C172,CESSNA 172 Skyhawk,L1P,L
8880AC,VN-A601,A321,AIRBUS A-321,L2J,M
8881AC,VN-A524,A21N,AIRBUS A-321neo,L2J,M
8960AC,A6-ADC,DH8B,DE HAVILLAND DHC-8-200 Dash 8,L2T,M
8963AC,A6-HBT,B412,BELL 412,H2T,L
8965AC,A6-AUC,A320,AIRBUS A-320,L2J,M
896EAC,GND,GND,,V0-,-
8991AC,B-18356,A333,AIRBUS A-330-300,L2J,H
8A02AC,PK-GLC,A320,AIRBUS A-320,L2J,M
8A03AC,PK-GLR,A320,AIRBUS A-320,L2J,M
8A05AC,PK-GHA,A333,AIRBUS A-330-300,L2J,H
8A06AC,PK-WHZ,AT76,ATR-72-600,L2T,M
8A08AC,PK-YSV,B733,BOEING 737-300,L2J,M
A000AC,N1GV,RV6,VANS RV-6,L1P,L
A001AC,N1TA,C172,CESSNA 172 Skyhawk,L1P,L
A002AC,N10DF,PC12,PILATUS PC-12,L1T,L
A004AC,N10ZT,C172,CESSNA 172 Skyhawk,L1P,L
A005AC,N100KY,RV4,VANS RV-4,L1P,L
A006AC,N100WD,PA32,PIPER PA-32,L1P,L
A007AC,N1004V,C172,CESSNA 172 Skyhawk,L1P,L
A009AC,N101NW,PA23,PIPER PA-23,L2P,L
A00EAC,N1021Q,M7,MAULE M-7,L1P,L
A010AC,N103JL,LJ31,LEARJET 31,L2J,M
A011AC,N103US,A320,AIRBUS A-320,L2J,M
A012AC,N1033T,PA23,PIPER PA-23,L2P,L
A013AC,N104BC,PTS1,PITTS S-1 Special,L1P,L
A014AC,N104MJ,PTS1,PITTS S-1 Special,L1P,L
A016AC,N1045W,BE95,BEECH 95 Travel Air,L2P,L
A017AC,N105EA,LGEZ,RUTAN Long-EZ,L1P,L
A01AAC,N1057Z,C82S,CESSNA T182 Turbo Skylane,L1P,L
A021AC,N1074U,PA34,PIPER PA-34 Seneca,L2P,L
A022AC,N108CP,SR22,CIRRUS SR-22,L1P,L
A027AC,N109RT,CH60,ZENAIR CH-600 Zodiac,L1P,L
A028AC,N1091P,H500,HUGHES 500,H1T,L
A029AC,N10980,C150,CESSNA 150,L1P,L
A02EAC,N11008,ULAC,,L0-,-
A02FAC,N1108J,VO10,NORTH AMERICAN ROCKWELL Commander 100,L1P,L
A032AC,N1113A,G103,GROB G-103 Twin 3SL,L1P,L
A033AC,N112AL,C421,CESSNA 421 Executive Commuter,L2P,L
A034AC,N112LS,AC11,NORTH AMERICAN ROCKWELL Commander 112/114,L1P,L
A036AC,N1125D,C140,CESSNA 140,L1P,L
A037AC,N113DJ,LJ60,LEARJET 60,L2J,M
A03BAC,N114GG,AC11,NORTH AMERICAN ROCKWELL Commander 112/114,L1P,L
A03CAC,N114SN,ASTR,GULFSTREAM AEROSPACE Gulfstream G100,L2J,M
A041AC,N1154B,L8,LUSCOMBE 8,L1P,L
A045AC,N1166E,BL8,BELLANCA 8 Decathlon,L1P,L
A048AC,N11707,BL8,BELLANCA 8 Decathlon,L1P,L
A049AC,N1178H,AR15,AERONCA 15 Sedan,L1P,L
A04CAC,N1183,BE55,BEECH 55 Baron,L2P,L
A051AC,N12DH,PC12,PILATUS PC-12,L1T,L
A052AC,N12PP,BE60,BEECH 60 Duke,L2P,L
A054AC,N120L,C120,CESSNA 120,L1P,L
A056AC,N1204X,M20P,MOONEY M-20,L1P,L
A05AAC,N12160,E45X,EMBRAER ERJ-145XR,L2J,M
A05CAC,N122RW,,,,
A061AC,N1233V,C172,CESSNA 172 Skyhawk,L1P,L
A062AC,N124BE,RV4,VANS RV-4,L1P,L
A063AC,N124ML,EC20,AIRBUS HELICOPTERS EC-120,H1T,L
A064AC,N124XS,RF10,FOURNIER RF-10,L1P,L
A068AC,N1250Q,C150,CESSNA 150,L1P,L
A069AC,N12571,C172,CESSNA 172 Skyhawk,L1P,L
A06CAC,N1262T,C425,CESSNA 425 Corsair,L2T,L
A06DAC,N12694,C172,CESSNA 172 Skyhawk,L1P,L
A071AC,N128CR,CRER,RANS Courier,L1P,L
A076AC,N129RV,RV9,VANS RV-9,L1P,L
A078AC,N12982,C172,CESSNA 172 Skyhawk,L1P,L
A079AC,N13JM,CH75,ZENAIR CH-750 Cruzer,L1P,L
A07EAC,N1308L,COL4,CESSNA 400 Corvalis TT,L1P,L
A082AC,N132AN,A321,AIRBUS A-321,L2J,M
A084AC,N132X,LEG2,LANCAIR Legacy,L1P,L
A085AC,N1325F,C172,CESSNA 172 Skyhawk,L1P,L
A087AC,N133PS,PTS2,PITTS S-2 Special,L1P,L
A090AC,N1354D,C170,CESSNA 170,L1P,L
A094AC,N1366G,SONX,SONEX AIRCRAFT Sonex,L1P,L
A096AC,N137RC,XNOS,SONEX Xenos,L1P,L
A097AC,N13709,T206,CESSNA T206 Turbo Stationair,L1P,L
A098AC,N1378K,L8,LUSCOMBE 8,L1P,L
A09CAC,N139AM,EC35,AIRBUS HELICOPTERS EC-135/635,H2T,L
A09FAC,N1395E,C172,CESSNA 172 Skyhawk,L1P,L
A0A3AC,N140LB,C140,CESSNA 140,L1P,L
A0A4AC,N140WH,C650,CESSNA 650 Citation,L2J,M
A0A7AC,N141P,BE76,BEECH 76 Duchess,L2P,L
A0A9AC,N14162,E45X,EMBRAER ERJ-145XR,L2J,M
A0AAAC,N142FS,ULAC,,L0-,-
A0ACAC,N1421U,C421,CESSNA 421 Executive Commuter,L2P,L
A0B0AC,N1433X,P28A,PIPER PA-28-140/150/160/180,L1P,L
A0B2AC,N144MN,R44,ROBINSON R-44 Raven,H1P,L
A0B7AC,N1450S,C182,CESSNA 182 Skylane,L1P,L
A0B8AC,N14573,E145,EMBRAER ERJ-145,L2J,M
A0B9AC,N146HC,EC45,AIRBUS HELICOPTERS EC-145,H2T,L
A0BAAC,N146TJ,C421,CESSNA 421 Executive Commuter,L2P,L
A0BDAC,N147LA,AT3T,AIR TRACTOR AT-302/402,L1T,L
A0C0AC,N148CT,FDCT,FLIGHT DESIGN CT,L1P,L
A0C3AC,N14861,B47G,BELL 47G,H1P,L
A0C6AC,N1491T,P28A,PIPER PA-28-140/150/160/180,L1P,L
A0C7AC,N14984,,,,
A0CAAC,N150F,B06,BELL 206 JetRanger,H1T,L
A0CBAC,N150RF,BE30,BEECH 300 Super King Air,L2T,L
A0CCAC,N1501B,BALL,,B0-,-
A0D4AC,N1525H,C77R,CESSNA 177RG Cardinal RG,L1P,L
A0D9AC,N154GL,B190,BEECH 1900,L2T,M
A0DFAC,N1554F,C185,CESSNA 185 Skywagon,L1P,L
A0E0AC,N156CA,B06,BELL 206 JetRanger,H1T,L
A0E4AC,N157EZ,BEAR,AVIPRO RB-4 Bearhawk,L1P,L
A0E5AC,N157RE,CRER,RANS Courier,L1P,L
A0E6AC,N1571A,PA20,PIPER PA-20 Pacer,L1P,L
A0E7AC,N1578M,,,,
A0EBAC,N159AP,,,,
A0EFAC,N16DM,PA23,PIPER PA-23,L2P,L
A0F2AC,N160LD,GLF4,GULFSTREAM 4,L2J,M
A0F6AC,N161PB,CL60,BOMBARDIER CL-600 Challenger,L2J,M
A0F8AC,N16164,RELI,STINSON Reliant,L1P,L
A0F9AC,N162FU,,,,
A0FBAC,N1621W,BE95,BEECH 95 Travel Air,L2P,L
A0FDAC,N163JS,,,,
A100AC,N164BJ,RV6,VANS RV-6,L1P,L
A106AC,N1650U,C207,CESSNA 207 Turbo Stationair,L1P,L
A10AAC,N1662X,DRON,,D0-,-
A113AC,N169FT,C180,CESSNA  180 Skywagon,L1P,L
A11AAC,N170RH,C170,CESSNA 170,L1P,L
A11BAC,N1701D,M20P,MOONEY M-20,L1P,L
A11CAC,N1708Q,C150,CESSNA 150,L1P,L
A11DAC,N171J,BE35,BEECH 35 Starfire Bonanza,L1P,L
A11FAC,N1713G,BE35,BEECH 35 Starfire Bonanza,L1P,L
A120AC,N172AS,PARA,,P0-,-
A125AC,N173PW,CH7B,BELLANCA 7 Citabria,L1P,L
A126AC,N1730B,ST75,STEARMAN Kaydet,L1P,L
A12AAC,N1742E,C310,CESSNA 310,L2P,L
A134AC,N177RG,C77R,CESSNA 177RG Cardinal RG,L1P,L
A13AAC,N179AR,BE58,BEECH 58 Baron,L2P,L
A13FAC,N18PV,RV8,VANS RV-8,L1P,L
A140AC,N180A,C180,CESSNA  180 Skywagon,L1P,L
A141AC,N180LF,C180,CESSNA  180 Skywagon,L1P,L
A145AC,N181PD,P28A,PIPER PA-28-140/150/160/180,L1P,L
A147AC,N18166,,,,
A149AC,N182SB,C182,CESSNA 182 Skylane,L1P,L
A14AAC,N1821Y,C172,CESSNA 172 Skyhawk,L1P,L
A14DAC,N183V,SR22,CIRRUS SR-22,L1P,L
A14EAC,N18331,BE35,BEECH 35 Starfire Bonanza,L1P,L
A150AC,N184MS,C162,CESSNA 162 Skycatcher,L1P,L
A153AC,N185EJ,C185,CESSNA 185 Skywagon,L1P,L
A155AC,N1850W,B06,BELL 206 JetRanger,H1T,L
A156AC,N18577,BE17,BEECH 17 Staggerwing,L1P,L
A159AC,N1862Z,R44,ROBINSON R-44 Raven,H1P,L
A15AAC,N187,P337,CESSNA P337 Skymaster,L2P,L
A15CAC,N187WL,S61,SIKORSKY S-61 Sea King,H2T,M
A15FAC,N188PC,PC12,PILATUS PC-12,L1T,L
A161AC,N18865,BE24,BEECH 24 Sierra,L1P,L
A163AC,N189SA,PA31,PIPER PA-31-300/310/325/350/425,L2P,L
A166AC,N19JT,T18,THORP Tiger,L1P,L
A168AC,N190FD,BE9T,BEECH F90 King Air,L2T,L
A16CAC,N191JB,S22T,CIRRUS SR-22T Turbo,L1P,L
A170AC,N192M,,,,
A175AC,N1930D,BE35,BEECH 35 Starfire Bonanza,L1P,L
A176AC,N1937Q,ULAC,,L0-,-
A179AC,N1942G,C421,CESSNA 421 Executive Commuter,L2P,L
A17DAC,N1954K,L8,LUSCOMBE 8,L1P,L
A184AC,N1971E,CH7A,BELLANCA 7 Champion,L1P,L
A188AC,N1983H,P32R,PIPER PA-32R-300/301/301T,L1P,L
A189AC,N199AT,GLID,,L0-,-
A18DAC,N2DR,BE35,BEECH 35 Starfire Bonanza,L1P,L
A18EAC,N2PX,P28A,PIPER PA-28-140/150/160/180,L1P,L
A18FAC,N20AB,AS20,SCHLEICHER ASW-20,L1P,L
A190AC,N20LH,C208,CESSNA 208 Caravan,L1T,L
A191AC,N20WP,BE9L,BEECH 90 King Air,L2T,L
A193AC,N200T,C150,CESSNA 150,L1P,L
A195AC,N2009X,BE76,BEECH 76 Duchess,L2P,L
A196AC,N201KS,C172,CESSNA 172 Skyhawk,L1P,L
A197AC,N201VY,M20P,MOONEY M-20,L1P,L
A198AC,N2014P,PA18,PIPER PA-18 Super Cub,L1P,L
A1A0AC,N2038V,BE36,BEECH 36 Bonanza,L1P,L
A1A3AC,N2043M,P28A,PIPER PA-28-140/150/160/180,L1P,L
A1A4AC,N205AX,BALL,,B0-,-
A1A7AC,N2055Q,T206,CESSNA T206 Turbo Stationair,L1P,L
A1A8AC,N206DV,T206,CESSNA T206 Turbo Stationair,L1P,L
A1AAAC,N2060G,C182,CESSNA 182 Skylane,L1P,L
A1ABAC,N2067T,,,,
A1AFAC,N2079W,PA44,PIPER PA-44 Seminole,L2P,L
A1B0AC,N208KR,C208,CESSNA 208 Caravan,L1T,L
A1B2AC,N2084N,C140,CESSNA 140,L1P,L
A1B6AC,N2096R,C182,CESSNA 182 Skylane,L1P,L
A1B7AC,N21FF,C182,CESSNA 182 Skylane,L1P,L
A1B9AC,N210BS,C210,CESSNA 201 Centurion,L1P,L
A1BAAC,N210MY,C210,CESSNA 201 Centurion,L1P,L
A1C0AC,N2118C,C195,CESSNA 195,L1P,L
A1C3AC,N21225,B212,BELL 212,H2T,L
A1C7AC,N21348,C182,CESSNA 182 Skylane,L1P,L
A1C8AC,N214DC,RV8,VANS RV-8,L1P,L
A1C9AC,N214PJ,C182,CESSNA 182 Skylane,L1P,L
A1CBAC,N2147A,PA22,PIPER PA-22,L1P,L
A1D2AC,N21636,J3,PIPER J-3 Cub,L1P,L
A1D9AC,N21801,BALL,,B0-,-
A1DAAC,N2188B,L8,LUSCOMBE 8,L1P,L
A1DDAC,N21924,C150,CESSNA 150,L1P,L
A1DEAC,N22AD,SR22,CIRRUS SR-22,L1P,L
A1DFAC,N22LK,J3,PIPER J-3 Cub,L1P,L
A1E0AC,N22WR,C182,CESSNA 182 Skylane,L1P,L
A1E1AC,N220GW,LNP4,LANCAIR PropJet 4,L1T,L
A1E2AC,N220TB,R44,ROBINSON R-44 Raven,H1P,L
A1E3AC,N2202N,T206,CESSNA T206 Turbo Stationair,L1P,L
A1E6AC,N221W,MT,ROTORSPORT MTOSport,G1P,L
A1E7AC,N2214R,T210,CESSNA T210 Turbo Centurion,L1P,L
A1E9AC,N222NS,E75L,EMBRAER ERJ-170-200 (long wing),L2J,M
A1EAAC,N222YY,SR22,CIRRUS SR-22,L1P,L
A1ECAC,N223FJ,F2TH,DASSAULT Falcon 2000,L2J,M
A1EFAC,N2238X,C337,CESSNA 337 Super Skymaster,L2P,L
A1F0AC,N224JG,SR22,CIRRUS SR-22,L1P,L
A1F2AC,N2243P,P28A,PIPER PA-28-140/150/160/180,L1P,L
A1F3AC,N225AZ,ULAC,,L0-,-
A1F4AC,N225ME,T206,CESSNA T206 Turbo Stationair,L1P,L
A1F9AC,N2260J,C150,CESSNA 150,L1P,L
A1FAAC,N2267V,C140,CESSNA 140,L1P,L
A1FBAC,N227GV,E190,EMBRAER ERJ-190-100,L2J,M
A1FDAC,N2272M,P28A,PIPER PA-28-140/150/160/180,L1P,L
A201AC,N2284Q,P28A,PIPER PA-28-140/150/160/180,L1P,L
A202AC,N229CK,FA20,DASSAULT Falcon 200,L2J,M
A206AC,N23FH,C208,CESSNA 208 Caravan,L1T,L
A20BAC,N2306B,,,,
A20FAC,N2318E,CH7A,BELLANCA 7 Champion,L1P,L
A211AC,N232TW,FA20,DASSAULT Falcon 200,L2J,M
A213AC,N233AG,CDUS,AUTOGYRO Calidus,G1P,L
A218AC,N234PL,PA31,PIPER PA-31-300/310/325/350/425,L2P,L
A21AAC,N2347C,C180,CESSNA  180 Skywagon,L1P,L
A21BAC,N235GC,GB1,GAME COMPOSITES GameBird,L1P,L
A21DAC,N23515,,,,
A21EAC,N2359F,C210,CESSNA 201 Centurion,L1P,L
A21FAC,N236KA,C208,CESSNA 208 Caravan,L1T,L
A221AC,N23638,TAYB,TAYLORCRAFT BC/BF/BL,L1P,L
A228AC,N23803,TAYB,TAYLORCRAFT BC/BF/BL,L1P,L
A22DAC,N24AF,C72R,CESSNA 172R Cutlass RG,L1P,L
A22FAC,N24WT,ULAC,,L0-,-
A235AC,N241WB,BE58,BEECH 58 Baron,L2P,L
A236AC,N2414T,BRAV,TECNAM P-2004 Bravo,L1P,L
A238AC,N242NU,,,,
A239AC,N242Z,,,,
A23AAC,N2426W,GLID,,L0-,-
A241AC,N2443R,C182,CESSNA 182 Skylane,L1P,L
A242AC,N245BA,BALL,,B0-,-
A243AC,N245MG,C25C,CESSNA 525C Citation CJ4,L2J,M
A245AC,N2455U,C82T,CESSNA TR182 Turbo Skylane RG,L1P,L
A24BAC,N247TC,K100,DAHER Kodiak 100,L1T,L
A251AC,N249CM,DC3,DOUGLAS DC-3 Dakota,L2P,M
A256AC,N25RR,KR2,RAND KR-2,L1P,L
A257AC,N250BW,S22T,CIRRUS SR-22T Turbo,L1P,L
A25CAC,N251R,C182,CESSNA 182 Skylane,L1P,L
A25DAC,N25106,L8,LUSCOMBE 8,L1P,L
A25EAC,N2518G,CH7B,BELLANCA 7 Citabria,L1P,L
A269AC,N2547E,CH7A,BELLANCA 7 Champion,L1P,L
A26BAC,N255SL,LJ60,LEARJET 60,L2J,M
A26CAC,N25517,C152,CESSNA 152,L1P,L
A26DAC,N2559H,RELI,STINSON Reliant,L1P,L
A274AC,N2576C,C170,CESSNA 170,L1P,L
A27CAC,N26AH,SA30,STOLP Starduster Too,L1P,L
A285AC,N2614V,C77R,CESSNA 177RG Cardinal RG,L1P,L
A28CAC,N2631Q,C182,CESSNA 182 Skylane,L1P,L
A290AC,N2643T,ULAC,,L0-,-
A295AC,N266EA,BE58,BEECH 58 Baron,L2P,L
A297AC,N2660N,C120,CESSNA 120,L1P,L
A298AC,N2667Z,BL8,BELLANCA 8 Decathlon,L1P,L
A29CAC,N26792,AA5,AMERICAN AA-5 Tiger,L1P,L
A29EAC,N268WC,GLF4,GULFSTREAM 4,L2J,M
A29FAC,N2684U,C172,CESSNA 172 Skyhawk,L1P,L
A2A0AC,N269CP,RV8,VANS RV-8,L1P,L
A2A4AC,N27FM,PA23,PIPER PA-23,L2P,L
A2B3AC,N273WY,HUSK,CHRISTEN Husky,L1P,L
A2B4AC,N2735D,C170,CESSNA 170,L1P,L
A2B8AC,N2747G,CH7B,BELLANCA 7 Citabria,L1P,L
A2B9AC,N275GG,H47,BOEING-VERTOL CH-47 Chinook,H2T,M
A2BBAC,N27519,B39M,BOEING 737 MAX 9,L2J,M
A2BCAC,N2759K,L8,LUSCOMBE 8,L1P,L
A2C3AC,N2776E,C172,CESSNA 172 Skyhawk,L1P,L
A2C6AC,N27807,J4,PIPER J-4 Cub Coupe,L1P,L
A2CAAC,N2793,,,,
A2CEAC,N280HB,C182,CESSNA 182 Skylane,L1P,L
A2D0AC,N2802U,C172,CESSNA 172 Skyhawk,L1P,L
A2D1AC,N28095,P28A,PIPER PA-28-140/150/160/180,L1P,L
A2DCAC,N28383,AA5,AMERICAN AA-5 Tiger,L1P,L
A2DDAC,N284JN,E75L,EMBRAER ERJ-170-200 (long wing),L2J,M
A2E6AC,N2860Q,C172,CESSNA 172 Skyhawk,L1P,L
A2E7AC,N28671,GP3,OSPREY GP-3 Osprey 2,A1P,L
A2EAAC,N2872T,PA34,PIPER PA-34 Seneca,L2P,L
A2EBAC,N28794,AA5,AMERICAN AA-5 Tiger,L1P,L
A2EDAC,N288WE,PA32,PIPER PA-32,L1P,L
A2EFAC,N289CR,C182,CESSNA 182 Skylane,L1P,L
A2F2AC,N2896Z,BL8,BELLANCA 8 Decathlon,L1P,L
A2F3AC,N29FP,SVNH,AEROTEC Savannah,L1P,L
A2F4AC,N29RV,RV6,VANS RV-6,L1P,L
A2F8AC,N2906H,ERCO,AIR PRODUCTS F-1 Aircoupe,L1P,L
A2FBAC,N2911,T18,THORP Tiger,L1P,L
A2FCAC,N2918L,HUSK,CHRISTEN Husky,L1P,L
A2FFAC,N2923C,BE35,BEECH 35 Starfire Bonanza,L1P,L
A302AC,N293X,M5,MAULE M-5,L1P,L
A303AC,N2935F,C182,CESSNA 182 Skylane,L1P,L
A307AC,N2947J,C150,CESSNA 150,L1P,L
A30AAC,N2952A,C180,CESSNA  180 Skywagon,L1P,L
A30BAC,N2959M,P28A,PIPER PA-28-140/150/160/180,L1P,L
A30EAC,N2964D,P28B,PIPER PA-28-201T/235/236,L1P,L
A312AC,N2976G,,,,
A315AC,N29809,TAYB,TAYLORCRAFT BC/BF/BL,L1P,L
A316AC,N2988K,C180,CESSNA  180 Skywagon,L1P,L
A319AC,N2993B,BE35,BEECH 35 Starfire Bonanza,L1P,L
A31AAC,N3AM,M20P,MOONEY M-20,L1P,L
A31EAC,N30TK,WW24,IAI 1124 Westwind,L2J,M
A320AC,N300PW,PETR,EDRA Super Petrel,A1P,L
A321AC,N3000B,ZZZZ,,-0-,-
A329AC,N3024H,BE36,BEECH 36 Bonanza,L1P,L
A32AAC,N303CC,C303,CESSNA T303 Crusader,L2P,L
A32FAC,N304RG,GLID,,L0-,-
A330AC,N3041C,BE35,BEECH 35 Starfire Bonanza,L1P,L
A331AC,N3048P,PA23,PIPER PA-23,L2P,L
A334AC,N3053F,C182,CESSNA 182 Skylane,L1P,L
A338AC,N3065J,BCS3,AIRBUS A220-300,L2J,M
A339AC,N307DP,RV7,VANS RV-7,L1P,L
A33BAC,N3070A,C170,CESSNA 170,L1P,L
A33CAC,N3077M,P28A,PIPER PA-28-140/150/160/180,L1P,L
A33EAC,N308ST,P46T,PIPER PA-46-500TP,L1T,L
A340AC,N3089Q,C182,CESSNA 182 Skylane,L1P,L
A343AC,N3094G,B47G,BELL 47G,H1P,L
A344AC,N31CB,BALL,,B0-,-
A348AC,N310V,C310,CESSNA 310,L2P,L
A34AAC,N311BL,PA11,PIPER PA-11 Cub Special,L1P,L
A34BAC,N311MS,B738,BOEING 737-800,L2J,M
A350AC,N3120W,BE95,BEECH 95 Travel Air,L2P,L
A353AC,N313TN,M20T,MOONEY M-20T,L1P,L
A355AC,N314,KMAX,KAMAN K-Max,H1T,L
A356AC,N314LE,,,,
A359AC,N315CX,C525,CESSNA 525 CitationJet,L2J,L
A35CAC,N31565,P28A,PIPER PA-28-140/150/160/180,L1P,L
A35EAC,N316SA,HDJT,HONDA HondaJet,L2J,L
A363AC,N31730,AR6T,AERONCA 65 Tandem,L1P,L
A367AC,N31853,L5,STINSON Sentinel,L1P,L
A36AAC,N3190V,BE35,BEECH 35 Starfire Bonanza,L1P,L
A36CAC,N32HF,P32R,PIPER PA-32R-300/301/301T,L1P,L
A36DAC,N32TM,GALX,GULFSTREAM G200,L2J,M
A36EAC,N320DS,LNC2,LANCAIR 200-320,L1P,L
A374AC,N3212G,BT36,BEECH B36TC Bonanza,L1P,L
A378AC,N3224K,GC1,GLOBE Swift,L1P,L
A37CAC,N3236N,J3,PIPER J-3 Cub,L1P,L
A37EAC,N324RJ,C182,CESSNA 182 Skylane,L1P,L
A37FAC,N3241E,CH7A,BELLANCA 7 Champion,L1P,L
A383AC,N3253H,SA7,STITS Sky-Coupe,L1P,L
A387AC,N3265L,C172,CESSNA 172 Skyhawk,L1P,L
A38EAC,N3282F,RV12,VANS RV-12,L1P,L
A38FAC,N3289S,C182,CESSNA 182 Skylane,L1P,L
A392AC,N3294J,PA11,PIPER PA-11 Cub Special,L1P,L
A393AC,N33CD,C172,CESSNA 172 Skyhawk,L1P,L
A396AC,N330JW,SS2T,TRUSH Turbo Thrush 500/550,L1T,L
A398AC,N33033,J3,PIPER J-3 Cub,L1P,L
A399AC,N331BN,G280,GULFSTREAM G280,L2J,M
A39BAC,N331Y,G164,GRUMMAN G-164 Ag-Cat,L1P,L
A39CAC,N33156,PA34,PIPER PA-34 Seneca,L2P,L
A39EAC,N332QS,E55P,EMBRAER EMB-505 Phenom 300,L2J,M
A3A0AC,N33279,J5,PIPER J-5 Cub Cruiser,L1P,L
A3A1AC,N333HJ,PA30,PIPER PA-30 Twin Comanche,L2P,L
A3A6AC,N334WN,UH1,BELL UH-1 Huey,H1T,L
A3A7AC,N33444,P28A,PIPER PA-28-140/150/160/180,L1P,L
A3ABAC,N33567,P28R,PIPER PA-28R-180/200/201,L1P,L
A3ADAC,N336SC,CRUZ,CSA PS-28 Cruiser,L1P,L
A3B3AC,N338BM,C182,CESSNA 182 Skylane,L1P,L
A3B9AC,N3390X,M20P,MOONEY M-20,L1P,L
A3BEAC,N340Q,BE35,BEECH 35 Starfire Bonanza,L1P,L
A3BFAC,N3400F,C182,CESSNA 182 Skylane,L1P,L
A3C0AC,N3407S,C182,CESSNA 182 Skylane,L1P,L
A3C1AC,N341GS,CVLP,CONVAIR Convairliner,L2P,M
A3CDAC,N344RL,R44,ROBINSON R-44 Raven,H1P,L
A3D0AC,N345JC,RV6,VANS RV-6,L1P,L
A3D2AC,N3453K,J3,PIPER J-3 Cub,L1P,L
A3D4AC,N346MA,DV20,DIAMOND DA-20,L1P,L
A3E2AC,N35CF,C182,CESSNA 182 Skylane,L1P,L
A3E3AC,N35NM,A109,AGUSTA AW-109 Grand,H2T,L
A3E4AC,N35YT,BE35,BEECH 35 Starfire Bonanza,L1P,L
A3E7AC,N35035,J5,PIPER J-5 Cub Cruiser,L1P,L
A3EBAC,N35158,C177,CESSNA  177 Cardinal,L1P,L
A3EFAC,N3528A,PA22,PIPER PA-22,L1P,L
A3F1AC,N353TS,C425,CESSNA 425 Corsair,L2T,L
A3F2AC,N35323,C172,CESSNA 172 Skyhawk,L1P,L
A3F6AC,N35446,C172,CESSNA 172 Skyhawk,L1P,L
A3F8AC,N355PG,S22T,CIRRUS SR-22T Turbo,L1P,L
A3FAAC,N35569,C172,CESSNA 172 Skyhawk,L1P,L
A3FDAC,N35611,P28R,PIPER PA-28R-180/200/201,L1P,L
A401AC,N35734,P28A,PIPER PA-28-140/150/160/180,L1P,L
A40CAC,N360DW,LEG2,LANCAIR Legacy,L1P,L
A40FAC,N3607U,C182,CESSNA 182 Skylane,L1P,L
A411AC,N361T,BE95,BEECH 95 Travel Air,L2P,L
A412AC,N3612L,C172,CESSNA 172 Skyhawk,L1P,L
A413AC,N3619X,VO10,NORTH AMERICAN ROCKWELL Commander 100,L1P,L
A41AAC,N3636S,C172,CESSNA 172 Skyhawk,L1P,L
A41EAC,N3648V,C140,CESSNA 140,L1P,L
A423AC,N366MC,C414,CESSNA 414 Chancellor,L2P,L
A42CAC,N3682K,J3,PIPER J-3 Cub,L1P,L
A430AC,N3694N,M20P,MOONEY M-20,L1P,L
A431AC,N37CH,BE36,BEECH 36 Bonanza,L1P,L
A437AC,N371BS,,,,
A43EAC,N3728C,J3,PIPER J-3 Cub,L1P,L
A444AC,N374WS,,,,
A449AC,N3757A,,,,
A458AC,N3798B,CH7A,BELLANCA 7 Champion,L1P,L
A459AC,N38HM,FOX,KITFOX,L1P,L
A45AAC,N38TT,C550,CESSNA 550 Citation S2,L2J,L
A460AC,N381TB,UH1,BELL UH-1 Huey,H1T,L
A462AC,N3819Z,BE24,BEECH 24 Sierra,L1P,L
A463AC,N382KU,F900,DASSAULT Falcon 900,L3J,M
A464AC,N382W,,,,
A465AC,N3824R,BE24,BEECH 24 Sierra,L1P,L
A46CAC,N3841L,C172,CESSNA 172 Skyhawk,L1P,L
A470AC,N3853P,PA22,PIPER PA-22,L1P,L
A471AC,N386AZ,E45X,EMBRAER ERJ-145XR,L2J,M
A472AC,N386ME,C172,CESSNA 172 Skyhawk,L1P,L
A474AC,N3865S,C172,CESSNA 172 Skyhawk,L1P,L
A477AC,N3870J,C150,CESSNA 150,L1P,L
A478AC,N3877V,C195,CESSNA 195,L1P,L
A47AAC,N388TA,C208,CESSNA 208 Caravan,L1T,L
A47BAC,N3882M,PA12,PIPER PA-12 Super Cruiser,L1P,L
A47DAC,N389KT,PA18,PIPER PA-18 Super Cub,L1P,L
A483AC,N390KB,,,,
A48DAC,N3928E,AR11,AERONCA 11 Chief,L1P,L
A490AC,N39327,AR65,AERONCA 65 Super Chief,L1P,L
A491AC,N394AG,C56X,CESSNA 560XL Citation XLS,L2J,M
A494AC,N3945,,,,
A499AC,N396GC,GLAS,Glasair,L1P,L
A49FAC,N39738,WACF,WACO F,L1P,L
A4A6AC,N39903,TAYB,TAYLORCRAFT BC/BF/BL,L1P,L
A4A7AC,N3998D,C182,CESSNA 182 Skylane,L1P,L
A4A9AC,N4TV,AS50,AEROSPATIALE AS-350 Ecureuil,H1T,L
A4AAAC,N40E,BE17,BEECH 17 Staggerwing,L1P,L
A4ADAC,N400LS,GLID,,L0-,-
A4AEAC,N400WY,PA11,PIPER PA-11 Cub Special,L1P,L
A4AFAC,N4005D,C182,CESSNA 182 Skylane,L1P,L
A4B0AC,N401DJ,BALL,,B0-,-
A4B3AC,N4017G,B47G,BELL 47G,H1P,L
A4B7AC,N4029K,NAVI,NORTH AMERICAN Navion,L1P,L
A4BAAC,N4034B,BL17,BELLANCA 17 Viking,L1P,L
A4BCAC,N404NC,B407,BELL 407,H1T,L
A4BEAC,N4046E,AR11,AERONCA 11 Chief,L1P,L
A4C0AC,N405RA,G3,REMOS Mirage,L1P,L
A4C1AC,N40507,PA23,PIPER PA-23,L2P,L
A4C2AC,N4058H,M20P,MOONEY M-20,L1P,L
A4CAAC,N408DH,TBM7,SOCATA TBM-700A/B/C,L1T,L
A4CBAC,N408PP,JS31,BRITISH AEROSPACE Jetstream T.Mk.3,L2T,M
A4D3AC,N41VK,BE36,BEECH 36 Bonanza,L1P,L
A4D5AC,N410RW,BE36,BEECH 36 Bonanza,L1P,L
A4D7AC,N41083,J3,PIPER J-3 Cub,L1P,L
A4EDAC,N4166Z,P28A,PIPER PA-28-140/150/160/180,L1P,L
A4EEAC,N417FP,DA40,DIAMOND DA-40 Club Star,L1P,L
A4EFAC,N417RV,RV4,VANS RV-4,L1P,L
A4F0AC,N4171R,PA32,PIPER PA-32,L1P,L
A4F1AC,N41782,C182,CESSNA 182 Skylane,L1P,L
A4F6AC,N419MK,ASTR,GULFSTREAM AEROSPACE Gulfstream G100,L2J,M
A4F9AC,N42EB,P32R,PIPER PA-32R-300/301/301T,L1P,L
A4FAAC,N42QH,,,,
A4FBAC,N420AN,A21N,AIRBUS A-321neo,L2J,M
A4FDAC,N420X,DRON,,D0-,-
A4FEAC,N4205F,C172,CESSNA 172 Skyhawk,L1P,L
A4FFAC,N421DL,P28A,PIPER PA-28-140/150/160/180,L1P,L
A500AC,N421PS,C421,CESSNA 421 Executive Commuter,L2P,L
A502AC,N4217J,P28A,PIPER PA-28-140/150/160/180,L1P,L
A503AC,N422GJ,MR35,MURPHY SR-3500 Super Rebel,L1P,L
A505AC,N4222A,B190,BEECH 1900,L2T,M
A506AC,N4229M,PA12,PIPER PA-12 Super Cruiser,L1P,L
A511AC,N4258K,MRAI,MONNETT Monerai P,L1P,L
A513AC,N426UA,A320,AIRBUS A-320,L2J,M
A515AC,N427AM,C82S,CESSNA T182 Turbo Skylane,L1P,L
A518AC,N4275E,PA38,PIPER PA-38 Tomahawk,L1P,L
A519AC,N428DK,RV8,VANS RV-8,L1P,L
A51FAC,N4292,,,,
A521AC,N43KF,FOX,KITFOX,L1P,L
A522AC,N43VM,P46T,PIPER PA-46-500TP,L1T,L
A523AC,N430FS,C172,CESSNA 172 Skyhawk,L1P,L
A525AC,N4301U,AN2,ANTONOV An-2,L1P,L
A526AC,N43085,TAYB,TAYLORCRAFT BC/BF/BL,L1P,L
A531AC,N43373,CH60,ZENAIR CH-600 Zodiac,L1P,L
A532AC,N434HC,SIRA,TECNAM P-2002 Sierra,L1P,L
A535AC,N43496,P28R,PIPER PA-28R-180/200/201,L1P,L
A53CAC,N43661,P28A,PIPER PA-28-140/150/160/180,L1P,L
A53FAC,N4371T,PA32,PIPER PA-32,L1P,L
A540AC,N43784,TAYB,TAYLORCRAFT BC/BF/BL,L1P,L
A541AC,N438JP,C208,CESSNA 208 Caravan,L1T,L
A549AC,N44QK,,,,
A54BAC,N440LW,BE36,BEECH 36 Bonanza,L1P,L
A54DAC,N4405H,PA15,PIPER PA-15 Vagabond,L1P,L
A54EAC,N441DN,C441,CESSNA 441 Conquest,L2T,L
A550AC,N4410,ST75,STEARMAN Kaydet,L1P,L
A553AC,N442SS,C206,CESSNA  206 Stationair,L1P,L
A555AC,N4429P,PA23,PIPER PA-23,L2P,L
A556AC,N443KJ,AVTR,AERO ADVENTURE Aventura 2,A1P,L
A559AC,N444CA,AC50,NORTH AMERICAN ROCKWELL Commander 500,L2P,L
A55CAC,N4446J,P28A,PIPER PA-28-140/150/160/180,L1P,L
A55FAC,N4451A,PA22,PIPER PA-22,L1P,L
A560AC,N4458M,PA12,PIPER PA-12 Super Cruiser,L1P,L
A563AC,N4463D,BE35,BEECH 35 Starfire Bonanza,L1P,L
A569AC,N448PT,RV9,VANS RV-9,L1P,L
A56BAC,N4487K,,,,
A56DAC,N449SR,SR22,CIRRUS SR-22,L1P,L
A56EAC,N4492B,C170,CESSNA 170,L1P,L
A570AC,N45KH,LJ45,LEARJET 45,L2J,M
A571AC,N45VP,C510,CESSNA 510 Citation Mustang,L2J,L
A573AC,N450S,BE20,BEECH 200 Super King Air,L2T,M
A574AC,N4501W,BALL,,B0-,-
A579AC,N452BJ,CH70,ZENAIR CH-701 Stol,L1P,L
A57FAC,N4530U,C150,CESSNA 150,L1P,L
A580AC,N45375,C150,CESSNA 150,L1P,L
A588AC,N456CV,C82T,CESSNA TR182 Turbo Skylane RG,L1P,L
A589AC,N456PA,G2CA,GUIMBAL G-2 Cabri,H1P,L
A58BAC,N45663,C150,CESSNA 150,L1P,L
A58FAC,N45786,AA5,AMERICAN AA-5 Tiger,L1P,L
A594AC,N459MP,GLF4,GULFSTREAM 4,L2J,M
A597AC,N46EF,C82T,CESSNA TR182 Turbo Skylane RG,L1P,L
A599AC,N460AS,PRM1,RAYTHEON 390 Premier 1,L2J,L
A59FAC,N4610B,C180,CESSNA  180 Skywagon,L1P,L
A5A0AC,N4617N,G44,GRUMMAN G-44 Widgeon,A2P,L
A5A3AC,N4622E,AC80,NORTH AMERICAN ROCKWELL Turbo Commander 680,L2T,L
A5A4AC,N4629R,P28A,PIPER PA-28-140/150/160/180,L1P,L
A5A6AC,N463VS,C240,CESSNA 240 Corvalis TTx,L1P,L
A5ABAC,N4646L,ULAC,,L0-,-
A5AEAC,N4651C,P51,NORTH AMERICAN P-51 Mustang,L1P,L
A5B6AC,N4675J,P28R,PIPER PA-28R-180/200/201,L1P,L
A5B9AC,N4680A,PA31,PIPER PA-31-300/310/325/350/425,L2P,L
A5BAAC,N4687M,PA11,PIPER PA-11 Cub Special,L1P,L
A5BFAC,N47KK,C303,CESSNA T303 Crusader,L2P,L
A5C2AC,N470SB,B47G,BELL 47G,H1P,L
A5C6AC,N471V,P28B,PIPER PA-28-201T/235/236,L1P,L
A5C8AC,N472BL,DA40,DIAMOND DA-40 Club Star,L1P,L
A5CFAC,N47377,P28A,PIPER PA-28-140/150/160/180,L1P,L
A5D8AC,N476PC,P28A,PIPER PA-28-140/150/160/180,L1P,L
A5DAAC,N47665,TAYB,TAYLORCRAFT BC/BF/BL,L1P,L
A5E2AC,N479BK,WAIX,SONEX Waiex,L1P,L
A5E5AC,N47953,P28A,PIPER PA-28-140/150/160/180,L1P,L
A5E6AC,N48EH,GLID,,L0-,-
A5E9AC,N480M,BE40,BEECH 400 Beechjet,L2J,M
A5F2AC,N4822G,C172,CESSNA 172 Skyhawk,L1P,L
A5F6AC,N4834K,P210,CESSNA P210 Centurion,L1P,L
A606AC,N488DR,DG40,DG FLUGZEUGBAU DG-400,L1P,L
A60EAC,N49KM,P28A,PIPER PA-28-140/150/160/180,L1P,L
A617AC,N492BN,P28A,PIPER PA-28-140/150/160/180,L1P,L
A61AAC,N49256,ST75,STEARMAN Kaydet,L1P,L
A61EAC,N49379,VENT,SCHEMPP-HIRTH Ventus,L1P,L
A624AC,N495WN,B737,BOEING 737-700,L2J,M
A634AC,N49955,ST75,STEARMAN Kaydet,L1P,L
A636AC,N5QR,HUSK,CHRISTEN Husky,L1P,L
A637AC,N50AW,BE9T,BEECH F90 King Air,L2T,L
A638AC,N50MB,T206,CESSNA T206 Turbo Stationair,L1P,L
A63AAC,N500HN,P46T,PIPER PA-46-500TP,L1T,L
A63BAC,N500TU,AC50,NORTH AMERICAN ROCKWELL Commander 500,L2P,L
A63CAC,N50025,C150,CESSNA 150,L1P,L
A63EAC,N501LL,C25B,CESSNA 525B Citation CJ3,L2J,L
A641AC,N502DC,FOX,KITFOX,L1P,L
A647AC,N50313,PARA,,P0-,-
A648AC,N5039D,C182,CESSNA 182 Skylane,L1P,L
A64BAC,N50436,BL8,BELLANCA 8 Decathlon,L1P,L
A64CAC,N505BR,PA11,PIPER PA-11 Cub Special,L1P,L
A652AC,N50601,J3,PIPER J-3 Cub,L1P,L
A657AC,N508AD,R22,ROBINSON R-22 Mariner,H1P,L
A65BAC,N509DB,P28R,PIPER PA-28R-180/200/201,L1P,L
A65DAC,N509ZP,AT8T,AIR TRACTOR AT-802,L1T,M
A65FAC,N51G,,,,
A668AC,N5118X,GLST,GLASAIR SH-4 GlaStar,L1P,L
A66FAC,N5135S,P28A,PIPER PA-28-140/150/160/180,L1P,L
A672AC,N5140J,C340,CESSNA 340 Super,L2P,L
A673AC,N5147V,C82S,CESSNA T182 Turbo Skylane,L1P,L
A675AC,N515TA,PA46,PIPER PA-46-310/350,L1P,L
A67EAC,N5176T,CH7B,BELLANCA 7 Citabria,L1P,L
A685AC,N5193N,ST75,STEARMAN Kaydet,L1P,L
A687AC,N52MD,E55P,EMBRAER EMB-505 Phenom 300,L2J,M
A68AAC,N520TW,BALL,,B0-,-
A68BAC,N52027,ST75,STEARMAN Kaydet,L1P,L
A68CAC,N521AG,M20P,MOONEY M-20,L1P,L
A690AC,N522DE,CH75,ZENAIR CH-750 Cruzer,L1P,L
A694AC,N523GC,C25C,CESSNA 525C Citation CJ4,L2J,M
A697AC,N5239F,C172,CESSNA 172 Skyhawk,L1P,L
A698AC,N524KA,E50P,EMBRAER EMB-500 Phenom 100,L2J,L
A69AAC,N52438,C172,CESSNA 172 Skyhawk,L1P,L
A69BAC,N525BT,C25A,CESSNA 525A Citation CJ2,L2J,L
A69FAC,N526ER,C172,CESSNA 172 Skyhawk,L1P,L
A6A5AC,N52726,C182,CESSNA 182 Skylane,L1P,L
A6A7AC,N528LM,COUR,HELIO Courier,L1P,L
A6A8AC,N528WT,H269,HUGHES Sky Knight,H1P,L
A6AAAC,N529DD,BE35,BEECH 35 Starfire Bonanza,L1P,L
A6ABAC,N529PK,RV7,VANS RV-7,L1P,L
A6ADAC,N5297B,M20P,MOONEY M-20,L1P,L
A6B1AC,N530NU,DRON,,D0-,-
A6B2AC,N530Z,COL4,CESSNA 400 Corvalis TT,L1P,L
A6B4AC,N531FL,FA20,DASSAULT Falcon 200,L2J,M
A6BAAC,N5323R,C172,CESSNA 172 Skyhawk,L1P,L
A6BCAC,N533MG,PARA,,P0-,-
A6C1AC,N5340L,P28A,PIPER PA-28-140/150/160/180,L1P,L
A6C4AC,N535TC,PA12,PIPER PA-12 Super Cruiser,L1P,L
A6D1AC,N5388Y,C210,CESSNA 201 Centurion,L1P,L
A6D5AC,N54B,PA22,PIPER PA-22,L1P,L
A6D6AC,N54MF,RLU1,RLU Super Breezy,L1P,L
A6DBAC,N541AJ,DA40,DIAMOND DA-40 Club Star,L1P,L
A6E6AC,N5439H,C172,CESSNA 172 Skyhawk,L1P,L
A6E7AC,N544KC,DV20,DIAMOND DA-20,L1P,L
A6E9AC,N5444,DH82,DE HAVILLAND DH-82 Tiger Moth,L1P,L
A6EBAC,N545NA,,,,
A6EDAC,N5456C,BEAR,AVIPRO RB-4 Bearhawk,L1P,L
A6F4AC,N54728,C172,CESSNA 172 Skyhawk,L1P,L
A6FDAC,N55GD,PA31,PIPER PA-31-300/310/325/350/425,L2P,L
A6FEAC,N55SK,C25A,CESSNA 525A Citation CJ2,L2J,L
A700AC,N550NW,B752,BOEING 757-200,L2J,M
A701AC,N550ZB,GLF5,GULFSTREAM 5,L2J,M
A705AC,N5511Q,M20P,MOONEY M-20,L1P,L
A706AC,N55181,PA34,PIPER PA-34 Seneca,L2P,L
A709AC,N5523T,C182,CESSNA 182 Skylane,L1P,L
A70AAC,N553BC,HUSK,CHRISTEN Husky,L1P,L
A70BAC,N553MJ,C550,CESSNA 550 Citation S2,L2J,L
A70DAC,N5535W,BE36,BEECH 36 Bonanza,L1P,L
A710AC,N5540N,ST75,STEARMAN Kaydet,L1P,L
A717AC,N556WC,C180,CESSNA  180 Skywagon,L1P,L
A718AC,N5564U,P28A,PIPER PA-28-140/150/160/180,L1P,L
A719AC,N557CP,H500,HUGHES 500,H1T,L
A71EAC,N558RT,BE58,BEECH 58 Baron,L2P,L
A720AC,N55880,P28A,PIPER PA-28-140/150/160/180,L1P,L
A725AC,N56MH,PA31,PIPER PA-31-300/310/325/350/425,L2P,L
A728AC,N560U,GL5T,BOMBARDIER BD-700 Global 5000/5500,L2J,M
A731AC,N5627G,PARA,,P0-,-
A734AC,N56319,VALI,CONVAIR Valiant,L1P,L
A736AC,N564KE,BALL,,B0-,-
A738AC,N5644B,C182,CESSNA 182 Skylane,L1P,L
A73CAC,N5656E,C172,CESSNA 172 Skyhawk,L1P,L
A73FAC,N56607,P28A,PIPER PA-28-140/150/160/180,L1P,L
A740AC,N5668H,,,,
A743AC,N5673,WACO,WACO E/O,L1P,L
A747AC,N5685C,M20P,MOONEY M-20,L1P,L
A74BAC,N5697F,,,,
A74CAC,N57GF,BARC,BUETHE Barracuda,L1P,L
A754AC,N5711S,GLID,,L0-,-
A755AC,N57183,M20P,MOONEY M-20,L1P,L
A75FAC,N5740Q,M20P,MOONEY M-20,L1P,L
A760AC,N57471,,,,
A761AC,N575HA,C650,CESSNA 650 Citation,L2J,M
A763AC,N5752T,C172,CESSNA 172 Skyhawk,L1P,L
A76DAC,N578RV,RV8,VANS RV-8,L1P,L
A76FAC,N57882,PA36,PIPER PA-36 Pawnee Brave,L1P,L
A772AC,N5793U,P28A,PIPER PA-28-140/150/160/180,L1P,L
A77CAC,N5815F,C210,CESSNA 201 Centurion,L1P,L
A77DAC,N582DL,PULS,Pulsar,L1P,L
A783AC,N5832A,C172,CESSNA 172 Skyhawk,L1P,L
A791AC,N587UA,B752,BOEING 757-200,L2J,M
A793AC,N588AM,C240,CESSNA 240 Corvalis TTx,L1P,L
A797AC,N589DK,SONX,SONEX AIRCRAFT Sonex,L1P,L
A79CAC,N59SP,,,,
A7A3AC,N5911U,P28A,PIPER PA-28-140/150/160/180,L1P,L
A7B2AC,N5952V,GLID,,L0-,-
A7C1AC,N5993W,P28A,PIPER PA-28-140/150/160/180,L1P,L
A7C3AC,N6MM,C310,CESSNA 310,L2P,L
A7C5AC,N60HY,HUSK,CHRISTEN Husky,L1P,L
A7C9AC,N6000W,P28A,PIPER PA-28-140/150/160/180,L1P,L
A7CBAC,N601HG,CH60,ZENAIR CH-600 Zodiac,L1P,L
A7CDAC,N6012Z,C172,CESSNA 172 Skyhawk,L1P,L
A7CEAC,N602,C150,CESSNA 150,L1P,L
A7D5AC,N60365,C150,CESSNA 150,L1P,L
A7D7AC,N604SA,CL60,BOMBARDIER CL-600 Challenger,L2J,M
A7D8AC,N6041X,BE24,BEECH 24 Sierra,L1P,L
A7DAAC,N605JT,M20P,MOONEY M-20,L1P,L
A7DEAC,N606MR,M20T,MOONEY M-20T,L1P,L
A7DFAC,N606XX,B505,BELL 505 JetRanger X,H1T,L
A7E0AC,N60653,C150,CESSNA 150,L1P,L
A7E5AC,N608HF,AS50,AEROSPATIALE AS-350 Ecureuil,H1T,L
A7E6AC,N608TM,PA32,PIPER PA-32,L1P,L
A7E7AC,N6082Y,AT3T,AIR TRACTOR AT-302/402,L1T,L
A7E8AC,N60899,C150,CESSNA 150,L1P,L
A7EBAC,N60941,C150,CESSNA 150,L1P,L
A7EDAC,N61PB,CH7A,BELLANCA 7 Champion,L1P,L
A7F3AC,N611NL,DRON,,D0-,-
A7F7AC,N612RJ,FOX,KITFOX,L1P,L
A7F8AC,N6121E,C172,CESSNA 172 Skyhawk,L1P,L
A7F9AC,N6128R,T210,CESSNA T210 Turbo Centurion,L1P,L
A7FCAC,N6133H,CH7B,BELLANCA 7 Citabria,L1P,L
A7FDAC,N614AT,B47G,BELL 47G,H1P,L
A800AC,N6145L,,,,
A802AC,N615PX,M20P,MOONEY M-20,L1P,L
A803AC,N6150C,BE36,BEECH 36 Bonanza,L1P,L
A804AC,N6157P,PA24,PIPER PA-24 Comanche,L1P,L
A806AC,N616SV,,,,
A809AC,N617KM,SSTL,JUST JA30 SuperSTOL,L1P,L
A80BAC,N6174J,P32R,PIPER PA-32R-300/301/301T,L1P,L
A80DAC,N618NK,A320,AIRBUS A-320,L2J,M
A812AC,N6191D,PA18,PIPER PA-18 Super Cub,L1P,L
A814AC,N62J,VELO,Velocity,L1P,L
A817AC,N620QS,C68A,CESSNA 680 Citation Latitude,L2J,M
A819AC,N62079,ULAC,,L0-,-
A820AC,N62244,C172,CESSNA 172 Skyhawk,L1P,L
A824AC,N62367,PA18,PIPER PA-18 Super Cub,L1P,L
A827AC,N6241Z,T206,CESSNA T206 Turbo Stationair,L1P,L
A82CAC,N626BM,LJ35,LEARJET 35,L2J,M
A832AC,N6270X,T206,CESSNA T206 Turbo Stationair,L1P,L
A838AC,N629LF,SR22,CIRRUS SR-22,L1P,L
A839AC,N629WM,C421,CESSNA 421 Executive Commuter,L2P,L
A840AC,N6304M,C152,CESSNA 152,L1P,L
A844AC,N6316Q,M20P,MOONEY M-20,L1P,L
A847AC,N6321G,C150,CESSNA 150,L1P,L
A848AC,N6328T,P51,NORTH AMERICAN P-51 Mustang,L1P,L
A84BAC,N6333K,,,,
A84FAC,N6345N,CH7A,BELLANCA 7 Champion,L1P,L
A852AC,N6350E,C172,CESSNA 172 Skyhawk,L1P,L
A853AC,N6357R,P28A,PIPER PA-28-140/150/160/180,L1P,L
A856AC,N6362H,J3,PIPER J-3 Cub,L1P,L
A857AC,N6369U,AC50,NORTH AMERICAN ROCKWELL Commander 500,L2P,L
A85AAC,N6374L,BALL,,B0-,-
A863AC,N64JB,B06,BELL 206 JetRanger,H1T,L
A864AC,N64UH,GLID,,L0-,-
A868AC,N6408A,RV6,VANS RV-6,L1P,L
A86AAC,N641TS,BE20,BEECH 200 Super King Air,L2T,M
A876AC,N64411,C172,CESSNA 172 Skyhawk,L1P,L
A877AC,N6449B,BE9L,BEECH 90 King Air,L2T,L
A87EAC,N64657,C172,CESSNA 172 Skyhawk,L1P,L
A881AC,N6470Z,PA25,PIPER PA-25 Pawnee,L1P,L
A882AC,N6478,ZZZZ,,-0-,-
A88AAC,N65D,C340,CESSNA 340 Super,L2P,L
A88BAC,N65PF,PA30,PIPER PA-30 Twin Comanche,L2P,L
A88CAC,N65ZM,RV3,VANS RV-3,L1P,L
A890AC,N651CJ,C25A,CESSNA 525A Citation CJ2,L2J,L
A893AC,N6516S,C150,CESSNA 150,L1P,L
A897AC,N6528V,C72R,CESSNA 172R Cutlass RG,L1P,L
A89AAC,N6533M,S108,STINSON 108 Voyager,L1P,L
A89EAC,N6545Q,ERCO,AIR PRODUCTS F-1 Aircoupe,L1P,L
A89FAC,N655DV,EC35,AIRBUS HELICOPTERS EC-135/635,H2T,L
A8A2AC,N6557T,C150,CESSNA 150,L1P,L
A8A3AC,N656GT,B762,BOEING 767-200,L2J,H
A8A6AC,N6569W,P28A,PIPER PA-28-140/150/160/180,L1P,L
A8B1AC,N6598U,M20P,MOONEY M-20,L1P,L
A8B9AC,N661TU,ASTO,TECNAM Astore,L1P,L
A8BBAC,N662AE,EC30,AIRBUS HELICOPTERS EC-130,H1T,L
A8BEAC,N66248,C150,CESSNA 150,L1P,L
A8C2AC,N6637A,C172,CESSNA 172 Skyhawk,L1P,L
A8C6AC,N6649D,BE58,BEECH 58 Baron,L2P,L
A8C9AC,N66536,C150,CESSNA 150,L1P,L
A8CCAC,N666YC,BE20,BEECH 200 Super King Air,L2T,M
A8CDAC,N66659,C150,CESSNA 150,L1P,L
A8D0AC,N66701,CH70,ZENAIR CH-701 Stol,L1P,L
A8D9AC,N67DB,P28A,PIPER PA-28-140/150/160/180,L1P,L
A8DAAC,N67PH,RV8,VANS RV-8,L1P,L
A8DDAC,N670W,BE35,BEECH 35 Starfire Bonanza,L1P,L
A8E2AC,N6716U,M20P,MOONEY M-20,L1P,L
A8E5AC,N6721L,PA18,PIPER PA-18 Super Cub,L1P,L
A8F0AC,N6750J,P28A,PIPER PA-28-140/150/160/180,L1P,L
A8F3AC,N676TA,C56X,CESSNA 560XL Citation XLS,L2J,M
A8F8AC,N6774Q,G164,GRUMMAN G-164 Ag-Cat,L1P,L
A8FBAC,N678YX,HIGH,JUST JA20 Highlander,L1P,L
A8FFAC,N6791K,BE36,BEECH 36 Bonanza,L1P,L
A900AC,N6798W,P28A,PIPER PA-28-140/150/160/180,L1P,L
A905AC,N68004,J3,PIPER J-3 Cub,L1P,L
A90EAC,N683DE,PA11,PIPER PA-11 Cub Special,L1P,L
A913AC,N684SJ,ASTR,GULFSTREAM AEROSPACE Gulfstream G100,L2J,M
A918AC,N68538,CH7A,BELLANCA 7 Champion,L1P,L
A91CAC,N6866A,C172,CESSNA 172 Skyhawk,L1P,L
A929AC,N69PK,SR22,CIRRUS SR-22,L1P,L
A934AC,N6921N,M20P,MOONEY M-20,L1P,L
A939AC,N694BA,CP30,PIEL Emeraude,L1P,L
A93CAC,N6945U,M20P,MOONEY M-20,L1P,L
A943AC,N6962P,PA24,PIPER PA-24 Comanche,L1P,L
A948AC,N698CM,BE35,BEECH 35 Starfire Bonanza,L1P,L
A950AC,N7JH,DSA1,SMITH DSA-1 Miniplane,L1P,L
A951AC,N7UP,AEST,AEROSTAR 600,L2P,L
A953AC,N70R,SS2P,ROCKWELL Thrush Commander,L1P,L
A955AC,N700ML,LJ45,LEARJET 45,L2J,M
A958AC,N701EC,CH70,ZENAIR CH-701 Stol,L1P,L
A95AAC,N7010Q,C172,CESSNA 172 Skyhawk,L1P,L
A95BAC,N70171,J3,PIPER J-3 Cub,L1P,L
A95FAC,N70294,J3,PIPER J-3 Cub,L1P,L
A962AC,N7034W,P28A,PIPER PA-28-140/150/160/180,L1P,L
A966AC,N7046Z,PA25,PIPER PA-25 Pawnee,L1P,L
A967AC,N705FP,,,,
A968AC,N705RV,RV7,VANS RV-7,L1P,L
A969AC,N7051R,P28A,PIPER PA-28-140/150/160/180,L1P,L
A96AAC,N70582,C182,CESSNA 182 Skylane,L1P,L
A96BAC,N706JM,,,,
A96EAC,N707BD,,,,
A96FAC,N707MK,B06,BELL 206 JetRanger,H1T,L
A971AC,N7075X,,,,
A974AC,N7080P,PA24,PIPER PA-24 Comanche,L1P,L
A975AC,N70870,J3,PIPER J-3 Cub,L1P,L
A97BAC,N71WD,C310,CESSNA 310,L2P,L
A97FAC,N7109M,C175,CESSNA 175 Skylark,L1P,L
A980AC,N711KG,E300,EXTRA EA-300/330/350,L1P,L
A981AC,N711VN,B350,BEECHCRAFT Super King Air 350,L2T,M
A982AC,N7114D,PA22,PIPER PA-22,L1P,L
A986AC,N7126G,PA30,PIPER PA-30 Twin Comanche,L2P,L
A98AAC,N7138K,RS12,RANS S-12 Super Airaile,L1P,L
A98BAC,N714HV,C150,CESSNA 150,L1P,L
A98EAC,N715AM,BL8,BELLANCA 8 Decathlon,L1P,L
A98FAC,N715LT,BE36,BEECH 36 Bonanza,L1P,L
A991AC,N7155E,C182,CESSNA 182 Skylane,L1P,L
A993AC,N716PR,M20P,MOONEY M-20,L1P,L
A995AC,N7167H,J3,PIPER J-3 Cub,L1P,L
A998AC,N7172,,,,
A99EAC,N719ND,P28A,PIPER PA-28-140/150/160/180,L1P,L
A9A0AC,N7196F,C150,CESSNA 150,L1P,L
A9A6AC,N72050,T206,CESSNA T206 Turbo Stationair,L1P,L
A9AAAC,N72173,C120,CESSNA 120,L1P,L
A9AEAC,N72296,C140,CESSNA 140,L1P,L
A9AFAC,N723LA,C172,CESSNA 172 Skyhawk,L1P,L
A9B0AC,N723WG,,,,
A9B2AC,N724CT,C172,CESSNA 172 Skyhawk,L1P,L
A9B6AC,N725FR,ST75,STEARMAN Kaydet,L1P,L
A9B8AC,N7251T,BE58,BEECH 58 Baron,L2P,L
A9BCAC,N7263W,P28A,PIPER PA-28-140/150/160/180,L1P,L
A9C3AC,N7280R,BE58,BEECH 58 Baron,L2P,L
A9C9AC,N73L,C172,CESSNA 172 Skyhawk,L1P,L
A9CAAC,N73WF,SR22,CIRRUS SR-22,L1P,L
A9D1AC,N7314F,P28A,PIPER PA-28-140/150/160/180,L1P,L
A9D2AC,N732CA,PA30,PIPER PA-30 Twin Comanche,L2P,L
A9D6AC,N733EZ,C172,CESSNA 172 Skyhawk,L1P,L
A9D8AC,N7331A,C172,CESSNA 172 Skyhawk,L1P,L
A9DAAC,N734HX,T206,CESSNA T206 Turbo Stationair,L1P,L
A9DCAC,N7343D,PA22,PIPER PA-22,L1P,L
A9DDAC,N735AP,C182,CESSNA 182 Skylane,L1P,L
A9E0AC,N7355G,C172,CESSNA 172 Skyhawk,L1P,L
A9E1AC,N736DM,C172,CESSNA 172 Skyhawk,L1P,L
A9E4AC,N7367K,PA20,PIPER PA-20 Pacer,L1P,L
A9E5AC,N737GK,C172,CESSNA 172 Skyhawk,L1P,L
A9E6AC,N737SR,C172,CESSNA 172 Skyhawk,L1P,L
A9EAAC,N738VP,DRON,,D0-,-
A9EBAC,N7384E,C172,CESSNA 172 Skyhawk,L1P,L
A9EEAC,N739YM,C172,CESSNA 172 Skyhawk,L1P,L
A9F5AC,N74052,AA5,AMERICAN AA-5 Tiger,L1P,L
A9FCAC,N7422X,C195,CESSNA 195,L1P,L
A9FDAC,N74298,AA5,AMERICAN AA-5 Tiger,L1P,L
A9FFAC,N743WJ,H25B,HAWKER BEECHCRAFT Hawker 750/850,L2J,M
AA02AC,N744PA,P28A,PIPER PA-28-140/150/160/180,L1P,L
AA07AC,N7451V,M20P,MOONEY M-20,L1P,L
AA08AC,N74586,M20P,MOONEY M-20,L1P,L
AA0BAC,N7463Y,PA30,PIPER PA-30 Twin Comanche,L2P,L
AA0CAC,N747BH,PA12,PIPER PA-12 Super Cruiser,L1P,L
AA12AC,N7480T,C172,CESSNA 172 Skyhawk,L1P,L
AA13AC,N74874,B26,DOUGLAS A-26 Invader,L2P,M
AA16AC,N7492W,P28A,PIPER PA-28-140/150/160/180,L1P,L
AA18AC,N75LB,COL3,CESSNA 350 Corvalis,L1P,L
AA19AC,N75WH,PC12,PILATUS PC-12,L1T,L
AA24AC,N7526L,R44,ROBINSON R-44 Raven,H1P,L
AA25AC,N753FA,AT8T,AIR TRACTOR AT-802,L1T,M
AA26AC,N753RG,SRAI,GREAT PLAINS Sonerai,L1P,L
AA27AC,N7531C,ERCO,AIR PRODUCTS F-1 Aircoupe,L1P,L
AA28AC,N7538P,PA24,PIPER PA-24 Comanche,L1P,L
AA2FAC,N7555J,P28R,PIPER PA-28R-180/200/201,L1P,L
AA35AC,N757ST,C152,CESSNA 152,L1P,L
AA3AAC,N7584G,GL7T,BOMBARDIER BD-700 Global 7000/7500,L2J,M
AA3BAC,N759CB,C182,CESSNA 182 Skylane,L1P,L
AA3FAC,N76F,CRBN,CURTISS-ROBERTSON Robin,L1P,L
AA40AC,N76RF,C182,CESSNA 182 Skylane,L1P,L
AA41AC,N760BL,P46T,PIPER PA-46-500TP,L1T,L
AA42AC,N760MS,S76,SIKORSKY S-76 Spirit,H2T,L
AA44AC,N76054,B764,BOEING 767-400,L2J,H
AA47AC,N7610W,P28A,PIPER PA-28-140/150/160/180,L1P,L
AA48AC,N76177,C77R,CESSNA 177RG Cardinal RG,L1P,L
AA4CAC,N763,T206,CESSNA T206 Turbo Stationair,L1P,L
AA56AC,N7651X,C172,CESSNA 172 Skyhawk,L1P,L
AA5AAC,N76630,C120,CESSNA 120,L1P,L
AA5BAC,N767BK,M20P,MOONEY M-20,L1P,L
AA5CAC,N767MR,BE60,BEECH 60 Duke,L2P,L
AA64AC,N769TM,LJ45,LEARJET 45,L2J,M
AA65AC,N7692Y,PA30,PIPER PA-30 Twin Comanche,L2P,L
AA67AC,N77LD,SF50,CIRRUS SF-50 Vision,L1J,L
AA68AC,N77WK,RV4,VANS RV-4,L1P,L
AA6AAC,N770SW,CL60,BOMBARDIER CL-600 Challenger,L2J,M
AA77AC,N7738R,BE95,BEECH 95 Travel Air,L2P,L
AA7AAC,N7743H,PA12,PIPER PA-12 Super Cruiser,L1P,L
AA7EAC,N7755L,C172,CESSNA 172 Skyhawk,L1P,L
AA7FAC,N776DR,BE60,BEECH 60 Duke,L2P,L
AA81AC,N7760C,C170,CESSNA 170,L1P,L
AA82AC,N7767P,PA24,PIPER PA-24 Comanche,L1P,L
AA83AC,N777GP,BE35,BEECH 35 Starfire Bonanza,L1P,L
AA85AC,N7772F,C150,CESSNA 150,L1P,L
AA8AAC,N779CD,SR20,CIRRUS SR-20,L1P,L
AA8EAC,N78FB,BE9T,BEECH F90 King Air,L2T,L
AA8FAC,N78RH,PTS1,PITTS S-1 Special,L1P,L
AA92AC,N780Y,BE58,BEECH 58 Baron,L2P,L
AA93AC,N78056,GC1,GLOBE Swift,L1P,L
AA95AC,N781QS,CL35,BOMBARDIER BD-100 Challenger 350,L2J,M
AA97AC,N78179,C172,CESSNA 172 Skyhawk,L1P,L
AAA9AC,N78632,PA11,PIPER PA-11 Cub Special,L1P,L
AAAAAC,N787BM,,,,
AAABAC,N787MT,PA18,PIPER PA-18 Super Cub,L1P,L
AAADAC,N78755,C172,CESSNA 172 Skyhawk,L1P,L
AAB1AC,N78878,M20P,MOONEY M-20,L1P,L
AAB3AC,N789TP,HUSK,CHRISTEN Husky,L1P,L
AAB4AC,N78920,M20P,MOONEY M-20,L1P,L
AAB5AC,N79A,C180,CESSNA  180 Skywagon,L1P,L
AABDAC,N791VW,BE35,BEECH 35 Starfire Bonanza,L1P,L
AAC9AC,N7943K,BE35,BEECH 35 Starfire Bonanza,L1P,L
AACAAC,N795AV,B788,BOEING 787-8 Dreamliner,L2J,H
AACBAC,N795MA,PA46,PIPER PA-46-310/350,L1P,L
AACDAC,N7955N,P28A,PIPER PA-28-140/150/160/180,L1P,L
AAD4AC,N7972H,PA12,PIPER PA-12 Super Cruiser,L1P,L
AADBAC,N799YT,,,,
AADCAC,N7996P,PA24,PIPER PA-24 Comanche,L1P,L
AADDAC,N8FD,T6,NORTH AMERICAN T-6 Texan,L1P,L
AADEAC,N8RK,T18,THORP Tiger,L1P,L
AAE0AC,N80MW,C185,CESSNA 185 Skywagon,L1P,L
AAE4AC,N8003P,BALL,,B0-,-
AAE6AC,N801ME,BALL,,B0-,-
AAE8AC,N8015S,,,,
AAECAC,N8027V,C188,CESSNA 188 AgTruck,L1P,L
AAEFAC,N8032M,,,,
AAF0AC,N8039Y,,,,
AAF5AC,N805NR,C185,CESSNA 185 Skywagon,L1P,L
AAF7AC,N8056T,,,,
AAFBAC,N8068W,P28A,PIPER PA-28-140/150/160/180,L1P,L
AAFEAC,N8073N,P28A,PIPER PA-28-140/150/160/180,L1P,L
AB02AC,N8085R,BE95,BEECH 95 Travel Air,L2P,L
AB03AC,N809DW,C82S,CESSNA T182 Turbo Skylane,L1P,L
AB05AC,N8090H,P28A,PIPER PA-28-140/150/160/180,L1P,L
AB08AC,N81T,W11,WOLF Boredom Fighter,L1P,L
AB0EAC,N811SJ,,,,
AB11AC,N812KA,AT8T,AIR TRACTOR AT-802,L1T,M
AB1AAC,N81403,CH7A,BELLANCA 7 Champion,L1P,L
AB20AC,N816LM,M20P,MOONEY M-20,L1P,L
AB22AC,N81649,CH7A,BELLANCA 7 Champion,L1P,L
AB26AC,N8177B,,,,
AB28AC,N818SH,C560,CESSNA 560 Citation Ultra,L2J,M
AB2BAC,N819K,RV10,VANS RV-10,L1P,L
AB34AC,N821BA,P68,PARTENAVIA P-68 Observer,L2P,L
AB35AC,N821MG,E300,EXTRA EA-300/330/350,L1P,L
AB3AAC,N8220L,C172,CESSNA 172 Skyhawk,L1P,L
AB3BAC,N8227X,C172,CESSNA 172 Skyhawk,L1P,L
AB3DAC,N823TC,R44,ROBINSON R-44 Raven,H1P,L
AB3FAC,N82390,CH7A,BELLANCA 7 Champion,L1P,L
AB42AC,N8244S,R22,ROBINSON R-22 Mariner,H1P,L
AB46AC,N8256V,P28A,PIPER PA-28-140/150/160/180,L1P,L
AB49AC,N8261M,T210,CESSNA T210 Turbo Centurion,L1P,L
AB4AAC,N8268Y,PA30,PIPER PA-30 Twin Comanche,L2P,L
AB4BAC,N827JH,RV4,VANS RV-4,L1P,L
AB4CAC,N827UP,B350,BEECHCRAFT Super King Air 350,L2T,M
AB4DAC,N8273Q,T206,CESSNA T206 Turbo Stationair,L1P,L
AB4EAC,N828B,C208,CESSNA 208 Caravan,L1T,L
AB55AC,N8297W,P28A,PIPER PA-28-140/150/160/180,L1P,L
AB57AC,N83TB,T33,LOCKHEED T-33,L1J,M
AB5BAC,N8307E,PA44,PIPER PA-44 Seminole,L2P,L
AB5CAC,N831GE,BE58,BEECH 58 Baron,L2P,L
AB62AC,N8324,PA18,PIPER PA-18 Super Cub,L1P,L
AB66AC,N8336C,DC3,DOUGLAS DC-3 Dakota,L2P,M
AB69AC,N83405,CH7A,BELLANCA 7 Champion,L1P,L
AB6AAC,N8348F,H500,HUGHES 500,H1T,L
AB6CAC,N835TX,EC35,AIRBUS HELICOPTERS EC-135/635,H2T,L
AB71AC,N8365A,C170,CESSNA 170,L1P,L
AB76AC,N838GD,C25B,CESSNA 525B Citation CJ3,L2J,L
AB77AC,N838SK,CRJ9,BOMBARDIER Regional Jet CRJ-900,L2J,M
AB7CAC,N83939,CH7A,BELLANCA 7 Champion,L1P,L
AB7EAC,N84N,RV6,VANS RV-6,L1P,L
AB82AC,N8403T,C182,CESSNA 182 Skylane,L1P,L
AB89AC,N8420N,BE35,BEECH 35 Starfire Bonanza,L1P,L
AB8DAC,N8432R,,,,
AB8EAC,N84392,C172,CESSNA 172 Skyhawk,L1P,L
AB92AC,N845CP,T206,CESSNA T206 Turbo Stationair,L1P,L
AB9EAC,N848MH,EC30,AIRBUS HELICOPTERS EC-130,H1T,L
ABA3AC,N8490M,C150,CESSNA 150,L1P,L
ABA6AC,N85TD,ZZZZ,,-0-,-
ABAAAC,N8507G,C150,CESSNA 150,L1P,L
ABAEAC,N8519K,BLKS,AIRCRAFT SPRUCE Baby Lakes,L1P,L
ABB1AC,N8524B,C172,CESSNA 172 Skyhawk,L1P,L
ABB5AC,N8536E,CH7A,BELLANCA 7 Champion,L1P,L
ABBCAC,N8553,,,,
ABC6AC,N858SM,P28A,PIPER PA-28-140/150/160/180,L1P,L
ABD5AC,N8615Y,PA30,PIPER PA-30 Twin Comanche,L2P,L
ABD9AC,N86271,AR11,AERONCA 11 Chief,L1P,L
ABDCAC,N8632T,C182,CESSNA 182 Skylane,L1P,L
ABE0AC,N8644W,P28B,PIPER PA-28-201T/235/236,L1P,L
ABE6AC,N866RV,RV6,VANS RV-6,L1P,L
ABE8AC,N86682,BL8,BELLANCA 8 Decathlon,L1P,L
ABEBAC,N8673U,C172,CESSNA 172 Skyhawk,L1P,L
ABF2AC,N8690P,PA24,PIPER PA-24 Comanche,L1P,L
ABF4AC,N87H,T6,NORTH AMERICAN T-6 Texan,L1P,L
ABF7AC,N870PS,GLF6,GULFSTREAM G650,L2J,M
ABFEAC,N872KG,PARA,,P0-,-
AC00AC,N8724D,PA22,PIPER PA-22,L1P,L
AC04AC,N8736G,C150,CESSNA 150,L1P,L
AC08AC,N8748K,S108,STINSON 108 Voyager,L1P,L
AC09AC,N875HV,GYRO,,G0-,-
AC0AAC,N875UA,A319,AIRBUS A-319,L2J,M
AC0FAC,N8765E,P28A,PIPER PA-28-140/150/160/180,L1P,L
AC11AC,N877PR,SR22,CIRRUS SR-22,L1P,L
AC15AC,N878SP,C421,CESSNA 421 Executive Commuter,L2P,L
AC16AC,N8782,,,,
AC1CAC,N88ND,H25B,HAWKER BEECHCRAFT Hawker 750/850,L2J,M
AC1DAC,N88YK,YK52,YAKOVLEV Yak-52,L1P,L
AC21AC,N881BG,CL60,BOMBARDIER CL-600 Challenger,L2J,M
AC28AC,N88273,CH7B,BELLANCA 7 Citabria,L1P,L
AC2BAC,N8832V,BL17,BELLANCA 17 Viking,L1P,L
AC2CAC,N88396,J3,PIPER J-3 Cub,L1P,L
AC2EAC,N884WG,,,,
AC2FAC,N8844Y,PA30,PIPER PA-30 Twin Comanche,L2P,L
AC30AC,N885CT,DV20,DIAMOND DA-20,L1P,L
AC37AC,N88684,J3,PIPER J-3 Cub,L1P,L
AC3AAC,N8873W,P28B,PIPER PA-28-201T/235/236,L1P,L
AC3CAC,N888MM,FDCT,FLIGHT DESIGN CT,L1P,L
AC3DAC,N888XT,E300,EXTRA EA-300/330/350,L1P,L
AC3EAC,N8885Z,B350,BEECHCRAFT Super King Air 350,L2T,M
AC41AC,N8890R,B14A,BELLANCA 14,L1P,L
AC42AC,N88972,B25,CONSOLIDATED B-25 Mitchell,L2P,M
AC44AC,N89TH,FOX,KITFOX,L1P,L
AC45AC,N890DN,B739,BOEING 737-900,L2J,M
AC47AC,N8900,,,,
AC4AAC,N891SS,,,,
AC4CAC,N8919P,PA24,PIPER PA-24 Comanche,L1P,L
AC51AC,N893NG,PC12,PILATUS PC-12,L1T,L
AC53AC,N8936J,P28A,PIPER PA-28-140/150/160/180,L1P,L
AC54AC,N894EZ,,,,
AC5AAC,N8953D,PA22,PIPER PA-22,L1P,L
AC5FAC,N897DM,C140,CESSNA 140,L1P,L
AC64AC,N898SR,AT8T,AIR TRACTOR AT-802,L1T,M
AC6FAC,N900FC,,,,
AC70AC,N900RJ,TBM7,SOCATA TBM-700A/B/C,L1T,L
AC71AC,N9001E,AR11,AERONCA 11 Chief,L1P,L
AC73AC,N901JA,P180,PIAGGIO P-180 Avanti,L2T,L
AC74AC,N901UG,DRON,,D0-,-
AC75AC,N9013H,PISI,PIPSTREL Sinus,L1P,L
AC76AC,N902AT,BE36,BEECH 36 Bonanza,L1P,L
AC79AC,N9025L,CH7A,BELLANCA 7 Champion,L1P,L
AC7AAC,N903DR,RV8,VANS RV-8,L1P,L
AC7DAC,N9037P,PA24,PIPER PA-24 Comanche,L1P,L
AC82AC,N905KM,CH60,ZENAIR CH-600 Zodiac,L1P,L
AC83AC,N905VT,C172,CESSNA 172 Skyhawk,L1P,L
AC84AC,N9054J,P28A,PIPER PA-28-140/150/160/180,L1P,L
AC85AC,N906CD,SR22,CIRRUS SR-22,L1P,L
AC86AC,N906NK,A20N,AIRBUS A-320neo,L2J,M
AC88AC,N9066M,C182,CESSNA 182 Skylane,L1P,L
AC8BAC,N9071D,PA18,PIPER PA-18 Super Cub,L1P,L
AC8DAC,N908J,BE58,BEECH 58 Baron,L2P,L
AC95AC,N91PW,PA31,PIPER PA-31-300/310/325/350/425,L2P,L
AC96AC,N910AA,C172,CESSNA 172 Skyhawk,L1P,L
AC98AC,N910WN,B737,BOEING 737-700,L2J,M
AC9AAC,N911CZ,,,,
AC9BAC,N911PE,BALL,,B0-,-
AC9EAC,N912FX,AT43,ATR-42-300,L2T,M
ACA6AC,N914MT,MT,ROTORSPORT MTOSport,G1P,L
ACA8AC,N91455,NAVI,NORTH AMERICAN Navion,L1P,L
ACACAC,N91578,NAVI,NORTH AMERICAN Navion,L1P,L
ACAFAC,N91620,H500,HUGHES 500,H1T,L
ACB0AC,N917A,B350,BEECHCRAFT Super King Air 350,L2T,M
ACB3AC,N91743,NAVI,NORTH AMERICAN Navion,L1P,L
ACB5AC,N918PD,B429,BELL 429 GlobalRanger,H2T,L
ACB7AC,N91866,C182,CESSNA 182 Skylane,L1P,L
ACBAAC,N9191Y,ULAC,,L0-,-
ACBEAC,N920FE,C208,CESSNA 208 Caravan,L1T,L
ACC1AC,N9208T,C180,CESSNA  180 Skywagon,L1P,L
ACC2AC,N921JC,SONX,SONEX AIRCRAFT Sonex,L1P,L
ACC4AC,N9213K,P28A,PIPER PA-28-140/150/160/180,L1P,L
ACC6AC,N922MA,T206,CESSNA T206 Turbo Stationair,L1P,L
ACC8AC,N9225N,P28A,PIPER PA-28-140/150/160/180,L1P,L
ACC9AC,N923DT,TAGO,TEAM TANGO Tango-2,L1P,L
ACCCAC,N9237R,C188,CESSNA 188 AgTruck,L1P,L
ACCFAC,N9242H,C172,CESSNA 172 Skyhawk,L1P,L
ACD2AC,N925VV,BE58,BEECH 58 Baron,L2P,L
ACD3AC,N9254L,AA1,AMERICAN AA-1,L1P,L
ACD4AC,N926CF,S76,SIKORSKY S-76 Spirit,H2T,L
ACD8AC,N927FD,B752,BOEING 757-200,L2J,M
ACD9AC,N927RK,DHC2,DE HAVILLAND DHC-2 Beaver,L1P,L
ACDBAC,N9278S,BE23,BEECH 23 Sundowner,L1P,L
ACDEAC,N9283J,P28A,PIPER PA-28-140/150/160/180,L1P,L
ACE0AC,N929M,AS20,SCHLEICHER ASW-20,L1P,L
ACE5AC,N930AC,CDUS,AUTOGYRO Calidus,G1P,L
ACE9AC,N931DA,DV20,DIAMOND DA-20,L1P,L
ACECAC,N93169,C210,CESSNA 201 Centurion,L1P,L
ACF0AC,N9329B,C175,CESSNA 175 Skylark,L1P,L
ACF3AC,N93334,ERCO,AIR PRODUCTS F-1 Aircoupe,L1P,L
ACFEAC,N93622,BL17,BELLANCA 17 Viking,L1P,L
AD06AC,N93868,ERCO,AIR PRODUCTS F-1 Aircoupe,L1P,L
AD0AAC,N9399A,C195,CESSNA 195,L1P,L
AD0BAC,N94JW,C25C,CESSNA 525C Citation CJ4,L2J,M
AD17AC,N9425Q,BE33,BEECH 33 Bonanza,L1P,L
AD1EAC,N9442K,S108,STINSON 108 Voyager,L1P,L
AD1FAC,N9449W,P28B,PIPER PA-28-201T/235/236,L1P,L
AD23AC,N946CH,C172,CESSNA 172 Skyhawk,L1P,L
AD33AC,N95Q,P28A,PIPER PA-28-140/150/160/180,L1P,L
AD34AC,N950AE,RV8,VANS RV-8,L1P,L
AD35AC,N950LL,TBM7,SOCATA TBM-700A/B/C,L1T,L
AD39AC,N951PJ,C25B,CESSNA 525B Citation CJ3,L2J,L
AD3BAC,N9517A,BALL,,B0-,-
AD3EAC,N95213,TAYB,TAYLORCRAFT BC/BF/BL,L1P,L
AD3FAC,N9529D,PA22,PIPER PA-22,L1P,L
AD46AC,N95459,P28A,PIPER PA-28-140/150/160/180,L1P,L
AD4AAC,N9558B,C180,CESSNA  180 Skywagon,L1P,L
AD51AC,N95747,C182,CESSNA 182 Skylane,L1P,L
AD52AC,N958DB,DHC2,DE HAVILLAND DHC-2 Beaver,L1P,L
AD56AC,N959G,P28A,PIPER PA-28-140/150/160/180,L1P,L
AD58AC,N95912,C182,CESSNA 182 Skylane,L1P,L
AD59AC,N9599C,PA32,PIPER PA-32,L1P,L
AD5FAC,N9608X,C210,CESSNA 201 Centurion,L1P,L
AD66AC,N9625S,CH7B,BELLANCA 7 Citabria,L1P,L
AD68AC,N963QC,G164,GRUMMAN G-164 Ag-Cat,L1P,L
AD6AAC,N9637V,C172,CESSNA 172 Skyhawk,L1P,L
AD6BAC,N964GV,P06T,TECNAM P-2006T,L2P,L
AD6CAC,N964TA,SCAM,AEROSPORT Scamp,L1P,L
AD6DAC,N9642M,M20P,MOONEY M-20,L1P,L
AD6FAC,N965KT,B429,BELL 429 GlobalRanger,H2T,L
AD71AC,N9654Q,C172,CESSNA 172 Skyhawk,L1P,L
AD75AC,N9666T,FOX,KITFOX,L1P,L
AD78AC,N9671K,P28A,PIPER PA-28-140/150/160/180,L1P,L
AD79AC,N9678W,P28A,PIPER PA-28-140/150/160/180,L1P,L
AD7EAC,N969MD,SAKO,RANS S-10 Sakota,L1P,L
AD80AC,N9695R,BE95,BEECH 95 Travel Air,L2P,L
AD81AC,N97DW,LEG2,LANCAIR Legacy,L1P,L
AD8AAC,N9717C,P28A,PIPER PA-28-140/150/160/180,L1P,L
AD8DAC,N97215,S108,STINSON 108 Voyager,L1P,L
AD91AC,N97338,S108,STINSON 108 Voyager,L1P,L
AD95AC,N9746A,C170,CESSNA 170,L1P,L
AD98AC,N97503,C182,CESSNA 182 Skylane,L1P,L
AD99AC,N9758D,PA22,PIPER PA-22,L1P,L
AD9AAC,N976HP,AS50,AEROSPATIALE AS-350 Ecureuil,H1T,L
AD9CAC,N97626,S108,STINSON 108 Voyager,L1P,L
AD9DAC,N977AF,C750,CESSNA 750 Citation 10,L2J,M
AD9FAC,N977WT,PULS,Pulsar,L1P,L
ADA0AC,N97749,C172,CESSNA 172 Skyhawk,L1P,L
ADA4AC,N9787B,C72R,CESSNA 172R Cutlass RG,L1P,L
ADA6AC,N979SH,R22,ROBINSON R-22 Mariner,H1P,L
ADA8AC,N9799E,C82R,CESSNA R182 Skylane RG,L1P,L
ADADAC,N9801N,BALL,,B0-,-
ADB2AC,N982BA,B38M,BOEING 737 MAX 8,L2J,M
ADBBAC,N984TC,BALL,,B0-,-
ADBFAC,N985WA,S05R,SIAI-MARCHETTI S-205-22R,L1P,L
ADC4AC,N9866V,C188,CESSNA 188 AgTruck,L1P,L
ADC8AC,N9878Y,CH7A,BELLANCA 7 Champion,L1P,L
ADC9AC,N988JH,ST75,STEARMAN Kaydet,L1P,L
ADCAAC,N988UP,RBEL,MURPHY Rebel,L1P,L
ADD4AC,N990WW,,,,
ADD9AC,N9917E,C182,CESSNA 182 Skylane,L1P,L
ADDCAC,N99217,ERCO,AIR PRODUCTS F-1 Aircoupe,L1P,L
ADE2AC,N994NA,C172,CESSNA 172 Skyhawk,L1P,L
ADE4AC,N9946C,P28R,PIPER PA-28R-180/200/201,L1P,L
ADEAAC,N996TX,C750,CESSNA 750 Citation 10,L2J,M
ADEBAC,N99628,B47G,BELL 47G,H1P,L
ADEDAC,N997LP,LNCE,LANCAIR ES,L1P,L
ADF0AC,N998DF,S22T,CIRRUS SR-22T Turbo,L1P,L
ADF1AC,N998PM,BE36,BEECH 36 Bonanza,L1P,L
ADF5AC,N999SK,BE58,BEECH 58 Baron,L2P,L
ADF6AC,N99916,ERCO,AIR PRODUCTS F-1 Aircoupe,L1P,L
ADFCAC,92-0363,BE40,BEECH 400 Beechjet,L2J,M
ADFEAC,83-0081,DC10,MCDONNELL DOUGLAS DC-10,L3J,H
ADFFAC,64-13195,T38,NORTHROP T-38 Talon,L2J,L
AE01AC,84-0106,LJ35,LEARJET 35,L2J,M
AE04AC,99-00103,C560,CESSNA 560 Citation Ultra,L2J,M
AE05AC,63-8029,K35R,BOEING KC-135R/T Stratotanker,L4J,H
AE07AC,60-0334,K35R,BOEING KC-135R/T Stratotanker,L4J,H
AE08AC,00-3591,TEX2,BEECHCRAFT T-6 Texan 2,L1T,L
AE09AC,87-24616,H60,SIKORSKY UH-60 Black Hawk,H2T,M
AE0AAC,95-26658,H60,SIKORSKY UH-60 Black Hawk,H2T,M
AE0BAC,89-26216,H60,SIKORSKY UH-60 Black Hawk,H2T,M
AE0CAC,83-23864,H60,SIKORSKY UH-60 Black Hawk,H2T,M
AE0DAC,90-26258,H60,SIKORSKY UH-60 Black Hawk,H2T,M
AE0EAC,88-26080,H60,SIKORSKY UH-60 Black Hawk,H2T,M
AE11AC,03-3674,TEX2,BEECHCRAFT T-6 Texan 2,L1T,L
AE12AC,88-1803,C130,LOCKHEED C-130 Hercules,L4T,M
AE13AC,04-3726,TEX2,BEECHCRAFT T-6 Texan 2,L1T,L
AE14AC,160856,BE9L,BEECH 90 King Air,L2T,L
AE17AC,91-0312,F15,MCDONNELL-DOUGLAS F-15 Eagle,L2J,M
AE18AC,78-0582,A10,FAIRCHILD A-10 Thunderbolt II,L2J,M
AE1DAC,167816,H60,SIKORSKY UH-60 Black Hawk,H2T,M
AE1EAC,08-3943,TEX2,BEECHCRAFT T-6 Texan 2,L1T,L
AE1FAC,10-72157,EC45,AIRBUS HELICOPTERS EC-145,H2T,L
AE26AC,6586,AS65,AEROSPATIALE AS-365 Dauphin 2,H2T,L
AE2FAC,08-8200,C17,BOEING C-17 Globemaster 3,L4J,H
AE47AC,08-20164,H60,SIKORSKY UH-60 Black Hawk,H2T,M
AE4BAC,165245,H53,SIKORSKY CH-53,H2T,M
AE4EAC,166194,TEX2,BEECHCRAFT T-6 Texan 2,L1T,L
AE4FAC,168092,H60,SIKORSKY UH-60 Black Hawk,H2T,M
AE51AC,11-20360,H60,SIKORSKY UH-60 Black Hawk,H2T,M
AE56AC,13-20580,H60,SIKORSKY UH-60 Black Hawk,H2T,M
AE57AC,14-20700,H60,SIKORSKY UH-60 Black Hawk,H2T,M
AE58AC,61-0029,B52,BOEING B-52 Stratofortress,L8J,H
AE59AC,13-08141,H47,BOEING-VERTOL CH-47 Chinook,H2T,M
AE5BAC,13-20639,H60,SIKORSKY UH-60 Black Hawk,H2T,M
AE5CAC,05-27066,H60,SIKORSKY UH-60 Black Hawk,H2T,M
AE5EAC,163338,B06,BELL 206 JetRanger,H1T,L
AE5FAC,19-46065,B762,BOEING 767-200,L2J,H
AE64AC,19-21081,H60,SIKORSKY UH-60 Black Hawk,H2T,M
AE6CAC,20-03332,H64,MCDONNELL DOUGLAS AH-64 Apache,H2T,M
AE6DAC,19-14499,H60,SIKORSKY UH-60 Black Hawk,H2T,M
C001AC,C-FAQL,,,,
C002AC,C-FBAH,EXEC,ROTORWAY Exec,H1P,L
C003AC,C-FBKD,CL60,BOMBARDIER CL-600 Challenger,L2J,M
C004AC,C-FBTZ,P28A,PIPER PA-28-140/150/160/180,L1P,L
C005AC,C-FCDV,,,,
C007AC,C-FCXN,C185,CESSNA 185 Skywagon,L1P,L
C008AC,C-FDHJ,J3,PIPER J-3 Cub,L1P,L
C00AAC,C-FEBB,DHC2,DE HAVILLAND DHC-2 Beaver,L1P,L
C00BAC,C-FEKX,CH7B,BELLANCA 7 Citabria,L1P,L
C00CAC,C-FEUT,,,,
C00DAC,C-FFEP,CH70,ZENAIR CH-701 Stol,L1P,L
C00FAC,C-FFYH,C172,CESSNA 172 Skyhawk,L1P,L
C010AC,C-FGID,C185,CESSNA 185 Skywagon,L1P,L
C012AC,C-FHBV,,,,
C013AC,C-FHLR,CH7A,BELLANCA 7 Champion,L1P,L
C014AC,C-FHVN,TAYA,TAYLORCRAFT A,L1P,L
C015AC,C-FIFJ,DHC2,DE HAVILLAND DHC-2 Beaver,L1P,L
C018AC,C-FJIX,C172,CESSNA 172 Skyhawk,L1P,L
C019AC,C-FJST,C206,CESSNA  206 Stationair,L1P,L
C01AAC,C-FKCP,AR15,AERONCA 15 Sedan,L1P,L
C01BAC,C-FKML,C120,CESSNA 120,L1P,L
C01CAC,C-FKWH,C140,CESSNA 140,L1P,L
C01DAC,C-FLGD,GLEX,BOMBARDIER BD-700 Global 6000/6500,L2J,M
C01FAC,C-FLZV,PA12,PIPER PA-12 Super Cruiser,L1P,L
C020AC,C-FMJR,J3,PIPER J-3 Cub,L1P,L
C021AC,C-FMTN,BL8,BELLANCA 8 Decathlon,L1P,L
C022AC,C-FNDJ,PA18,PIPER PA-18 Super Cub,L1P,L
C023AC,C-FNNF,PA18,PIPER PA-18 Super Cub,L1P,L
C024AC,C-FNXB,AR11,AERONCA 11 Chief,L1P,L
C025AC,C-FOGX,AS50,AEROSPATIALE AS-350 Ecureuil,H1T,L
C026AC,C-FOQT,,,,
C027AC,C-FPAP,C172,CESSNA 172 Skyhawk,L1P,L
C028AC,C-FPKL,B407,BELL 407,H1T,L
C029AC,C-FPUH,BALL,,B0-,-
C02DAC,C-FRHR,P28A,PIPER PA-28-140/150/160/180,L1P,L
C02FAC,C-FSBJ,C172,CESSNA 172 Skyhawk,L1P,L
C030AC,C-FSLF,RV9,VANS RV-9,L1P,L
C031AC,C-FSVB,CH60,ZENAIR CH-600 Zodiac,L1P,L
C032AC,C-FTEX,,,,
C033AC,C-FTOT,EXEC,ROTORWAY Exec,H1P,L
C034AC,C-FTYP,C337,CESSNA 337 Super Skymaster,L2P,L
C035AC,C-FUIL,,,,
C036AC,C-FUSH,P28A,PIPER PA-28-140/150/160/180,L1P,L
C037AC,C-FVCD,PA14,PIPER PA-14 Family Cruiser,L1P,L
C038AC,C-FVLZ,B789,BOEING 787-9 Dreamliner,L2J,H
C039AC,C-FVVV,C180,CESSNA  180 Skywagon,L1P,L
C03AAC,C-FWFR,CH7A,BELLANCA 7 Champion,L1P,L
C03DAC,C-FXJF,E75S,EMBRAER ERJ-170-200 (short wing),L2J,M
C03EAC,C-FXTB,C172,CESSNA 172 Skyhawk,L1P,L
C03FAC,C-FYCX,DHC3,DE HAVILLAND DHC-3 Otter,L1P,L
C040AC,C-FYMT,C208,CESSNA 208 Caravan,L1T,L
C041AC,C-FYWP,CL2P,CANADAIR CL-215,A2P,M
C042AC,C-FZGL,B407,BELL 407,H1T,L
C043AC,C-FZQH,CH60,ZENAIR CH-600 Zodiac,L1P,L
C044AC,C-GAAD,GLID,,L0-,-
C045AC,C-GAJZ,,,,
C046AC,C-GATV,PA36,PIPER PA-36 Pawnee Brave,L1P,L
C047AC,C-GBDR,BALL,,B0-,-
C048AC,C-GBNN,CH30,ZENAIR CH-300 Tri-Zenith,L1P,L
C049AC,C-GBXJ,C152,CESSNA 152,L1P,L
C04AAC,C-GCHF,B212,BELL 212,H2T,L
C04BAC,C-GCRB,C182,CESSNA 182 Skylane,L1P,L
C04DAC,C-GDKT,ZZZZ,,-0-,-
C04FAC,C-GEEL,C310,CESSNA 310,L2P,L
C050AC,C-GEOH,CH30,ZENAIR CH-300 Tri-Zenith,L1P,L
C051AC,C-GEYD,C208,CESSNA 208 Caravan,L1T,L
C052AC,C-GFHZ,MOR2,MORRISEY Nifty,L1P,L
C053AC,C-GFRV,PA18,PIPER PA-18 Super Cub,L1P,L
C054AC,C-GGBR,C172,CESSNA 172 Skyhawk,L1P,L
C055AC,C-GGLN,C182,CESSNA 182 Skylane,L1P,L
C057AC,C-GHFF,,,,
C058AC,C-GHPB,C182,CESSNA 182 Skylane,L1P,L
C05AAC,C-GIIT,CL60,BOMBARDIER CL-600 Challenger,L2J,M
C05BAC,C-GISP,GLID,,L0-,-
C05CAC,C-GJCL,C206,CESSNA  206 Stationair,L1P,L
C05DAC,C-GJMH,P28A,PIPER PA-28-140/150/160/180,L1P,L
C05EAC,C-GJWD,A321,AIRBUS A-321,L2J,M
C05FAC,C-GKFZ,,,,
C060AC,C-GKPV,PA34,PIPER PA-34 Seneca,L2P,L
C062AC,C-GLJN,PA24,PIPER PA-24 Comanche,L1P,L
C063AC,C-GLTJ,PA27,PIPER PA-23-250 Aztec,L2P,L
C064AC,C-GMDF,PAY1,PIPER PA-31T1-500 Cheyenne 1,L2T,L
C066AC,C-GMWX,M20T,MOONEY M-20T,L1P,L
C067AC,C-GNGT,GYRO,,G0-,-
C068AC,C-GNQP,C210,CESSNA 201 Centurion,L1P,L
C069AC,C-GOAL,C82R,CESSNA R182 Skylane RG,L1P,L
C06BAC,C-GOUD,C182,CESSNA 182 Skylane,L1P,L
C06CAC,C-GPDZ,RAV5,RAVIN 500,L1P,L
C06EAC,C-GPXR,GLID,,L0-,-
C06FAC,C-GQHN,C172,CESSNA 172 Skyhawk,L1P,L
C071AC,C-GRBF,SW3,SWEARINGEN Merlin 3,L2T,L
C072AC,C-GRLB,RV6,VANS RV-6,L1P,L
C073AC,C-GRUX,C180,CESSNA  180 Skywagon,L1P,L
C074AC,C-GSET,C170,CESSNA 170,L1P,L
C075AC,C-GSOP,Z42,ZLIN Z-42/142/242,L1P,L
C076AC,C-GSYL,CH30,ZENAIR CH-300 Tri-Zenith,L1P,L
C077AC,C-GTIH,SS2P,ROCKWELL Thrush Commander,L1P,L
C078AC,C-GTSD,A333,AIRBUS A-330-300,L2J,H
C079AC,C-GUBZ,C140,CESSNA 140,L1P,L
C07DAC,C-GVPJ,C182,CESSNA 182 Skylane,L1P,L
C07EAC,C-GVZF,BALL,,B0-,-
C07FAC,C-GWJB,PA22,PIPER PA-22,L1P,L
C080AC,C-GWSX,B738,BOEING 737-800,L2J,M
C081AC,C-GXCT,C210,CESSNA 201 Centurion,L1P,L
C082AC,C-GXMP,PA27,PIPER PA-23-250 Aztec,L2P,L
C083AC,C-GXWL,C172,CESSNA 172 Skyhawk,L1P,L
C084AC,C-GYGH,C150,CESSNA 150,L1P,L
C086AC,C-GYZZ,,,,
C088AC,C-GZTR,C210,CESSNA 201 Centurion,L1P,L
C089AC,C-IADN,ULAC,,L0-,-
C08AAC,C-IANJ,BEVR,ASAP Beaver,L1P,L
C08BAC,C-IAXF,ULAC,,L0-,-
C08DAC,C-IBQX,ULAC,,L0-,-
C090AC,C-ICUL,ULAC,,L0-,-
C091AC,C-IDEH,ULAC,,L0-,-
C095AC,C-IERR,,,,
C096AC,C-IFBN,SNS2,SORRELL Guppy,L1P,L
C097AC,C-IFLJ,ULAC,,L0-,-
C098AC,C-IFVF,PARA,,P0-,-
C099AC,C-IGFB,FOX,KITFOX,L1P,L
C09AAC,C-IGOX,ULAC,,L0-,-
C09CAC,C-IHIP,ULAC,,L0-,-
C09DAC,C-IHSL,PARA,,P0-,-
C09EAC,C-IICH,PARA,,P0-,-
C09FAC,C-IIMD,BEVR,ASAP Beaver,L1P,L
C0A1AC,C-IJFV,BUCA,ADVANCED AEROMARINE Buccaneer,A1P,L
C0A2AC,C-IJPR,CHIN,ASAP Chinook,L1P,L
C0A3AC,C-IJZN,PARA,,P0-,-
C0A4AC,C-IKJJ,PARA,,P0-,-
C0A5AC,C-IKTF,PARA,,P0-,-
C0A7AC,C-ILMX,PARA,,P0-,-
C0A8AC,C-ILWT,,,,
C0ABAC,C-INAH,ULAC,,L0-,-
C0B6AC,C-IREP,FOX,KITFOX,L1P,L
C0B7AC,C-IROL,,,,
C1E4AC,SERV,SERV,,V0-,-
C1E9AC,SERV,SERV,,V0-,-
C801AC,ZK-CIG,PA25,PIPER PA-25 Pawnee,L1P,L
C802AC,ZK-DFE,C150,CESSNA 150,L1P,L
C808AC,ZK-GUY,GLID,,L0-,-
C80DAC,ZK-FXF,ULAC,,L0-,-
C80EAC,ZK-HGA,H269,HUGHES Sky Knight,H1P,L
C813AC,ZK-STC,C182,CESSNA 182 Skylane,L1P,L
C815AC,ZK-HMW,H500,HUGHES 500,H1T,L
C816AC,ZK-LSP,PA34,PIPER PA-34 Seneca,L2P,L
C817AC,ZK-XLR,CRES,PACIFIC AEROSPACE Cresco,L1T,L
C819AC,ZK-COR,CORS,CHANCE VOUGHT F4U Corsair,L1P,M
C81BAC,ZK-PRH,G3,REMOS Mirage,L1P,L
C81CAC,ZK-CCG,JAB2,JABIRU J160/170,L1P,L
C81EAC,ZK-NII,NPOR,REDFERN Nieuport 24,L1P,L
C820AC,ZK-SHN,RV7,VANS RV-7,L1P,L
C823AC,ZK-EAA,RV12,VANS RV-12,L1P,L
C827AC,ZK-IZB,A169,AGUSTA AW-169,H2T,L
C828AC,ZK-DRV,RV7,VANS RV-7,L1P,L
C829AC,ZK-OYB,A21N,AIRBUS A-321neo,L2J,M
E200AC,LV-S089,EVSS,EVEKTOR SportStar,L1P,L
E483AC,7204,P3,LOCKHEED P-3 Orion,L4T,M
E487AC,PR-PVI,LJ40,LEARJET 40,L2J,M
E489AC,PR-LAY,P46T,PIPER PA-46-500TP,L1T,L
E48AAC,PT-ZEY,E550,EMBRAER EMB-550 Praetor 600,L2J,M
E48BAC,PR-ONC,A318,AIRBUS A-318,L2J,M
E48CAC,PR-PRX,B350,BEECHCRAFT Super King Air 350,L2T,M
E48DAC,PR-AQE,AT76,ATR-72-600,L2T,M
E48FAC,PT-MBR,BE58,BEECH 58 Baron,L2P,L
E491AC,PR-DCO,SR20,CIRRUS SR-20,L1P,L
E493AC,PR-PJA,B350,BEECHCRAFT Super King Air 350,L2T,M
E494AC,PT-ZNK,RV10,VANS RV-10,L1P,L
E498AC,PT-RHX,P32R,PIPER PA-32R-300/301/301T,L1P,L
E808AC,CC-PEK,C210,CESSNA 201 Centurion,L1P,L
E809AC,CC-AJP,PIAT,PIPISTREL Alpha Trainer,L1P,L
