0080B3,ZS-LBD,C208,CESSNA 208 Caravan,L1T,L
0088B3,ZS-DHA,DH8C,DE HAVILLAND DHC-8-300 Dash 8,L2T,M
0092B3,ZS-HBM,R44,ROBINSON R-44 Raven,H1P,L
0094B3,ZS-SSZ,PAY1,PIPER PA-31T1-500 Cheyenne 1,L2T,L
009AB3,ZS-KCG,BE35,BEECH 35 Starfire Bonanza,L1P,L
009DB3,ZS-LFU,BE20,BEECH 200 Super King Air,L2T,M
00A7B3,ZS-PAG,C206,CESSNA  206 Stationair,L1P,L
00AFB3,ZS-SBA,B733,BOEING 737-300,L2J,M
00B1B3,ZS-SUS,M20P,MOONEY M-20,L1P,L
0101B3,SU-NMD,A319,AIRBUS A-319,L2J,M
0200B3,CN-BTD,TEX2,BEECHCRAFT T-6 Texan 2,L1T,L
02A1B3,TS-INT,A320,AIRBUS A-320,L2J,M
04C1B3,5Y-JWX,F50,FOKKER 50,L2T,M
06A0B3,A7-BCO,B788,BOEING 787-8 Dreamliner,L2J,H
06A1B3,A7-GAB,A189,AGUSTA AW-189,H2T,M
06A2B3,A7-BEO,B77W,BOEING 777-300ER,L2J,H
0700B3,6V-AFT,TAMP,SOCATA TB-9 Tampico,L1P,L
0A80B3,C6-BAY,AEST,AEROSTAR 600,L2P,L
0AC8B3,FAC3118,E314,EMBRAER EMB-314 Super Tucano,L1T,L
0ACAB3,FAC2355,TEX2,BEECHCRAFT T-6 Texan 2,L1T,L
0B06B3,CU-T1715,A158,ANTONOV An-158,L2J,M
0D06B3,XB-PGC,C650,CESSNA 650 Citation,L2J,M
0D07B3,XA-VOZ,A320,AIRBUS A-320,L2J,M
0D08B3,XA-AMS,B738,BOEING 737-800,L2J,M
0D09B3,XA-BRA,E55P,EMBRAER EMB-505 Phenom 300,L2J,M
0D0AB3,XA-SYJ,CL60,BOMBARDIER CL-600 Challenger,L2J,M
0D0BB3,XA-HSB,B39M,BOEING 737 MAX 9,L2J,M
0D0CB3,XA-AVS,B429,BELL 429 GlobalRanger,H2T,L
0D0EB3,XB-ANM,H25B,HAWKER BEECHCRAFT Hawker 750/850,L2J,M
0D81B3,YV2923,MD82,MCDONNELL-DOUGLAS MD-82,L2J,M
1407B3,RA-01971,A139,AGUSTA AW-139,H2T,L
140AB3,RA-02739,E190,EMBRAER ERJ-190-100,L2J,M
1416B3,RA-05811,R66,ROBINSON R-66,H1T,L
141EB3,RA-07859,PA27,PIPER PA-23-250 Aztec,L2P,L
151DB3,RA-73139,B77W,BOEING 777-300ER,L2J,H
151FB3,RA-73651,B737,BOEING 737-700,L2J,M
155BB3,RA-89011,SU95,SUKHOI Superjet 100-95,L2J,M
3004B3,I-NDOF,B763,BOEING 767-300,L2J,H
3007B3,I-RVGV,RV7,VANS RV-7,L1P,L
33FDB3,MM62281,AT75,ATR-72-500,L2T,M
33FFB3,MM62224,C27J,ALENIA C-27J Spartan,L2T,M
3836B3,F-BNVT,DR22,CENTRE EST Dauphin,L1P,L
385EB3,F-BXVT,DR40,ROBIN DR-400,L1P,L
3904B3,F-GBFT,C172,CESSNA 172 Skyhawk,L1P,L
3906B3,F-GBVT,DR40,ROBIN DR-400,L1P,L
3914B3,F-GFFT,TB20,SOCATA TB-20 Trinidad,L1P,L
3918B3,F-GGFT,P28A,PIPER PA-28-140/150/160/180,L1P,L
3919B3,F-GGNT,TB20,SOCATA TB-20 Trinidad,L1P,L
392AB3,F-GKVT,TAMP,SOCATA TB-9 Tampico,L1P,L
3935B3,F-GNNT,HR20,ROBIN HR-200,L1P,L
393AB3,F-GOVT,DR40,ROBIN DR-400,L1P,L
3945B3,F-GRNT,SW3,SWEARINGEN Merlin 3,L2T,L
394AB3,F-GSVT,SR22,CIRRUS SR-22,L1P,L
3952B3,F-GUVT,DA40,DIAMOND DA-40 Club Star,L1P,L
3965B3,F-GZNT,B77W,BOEING 777-300ER,L2J,H
398CB3,F-HDFT,G2CA,GUIMBAL G-2 Cabri,H1P,L
398DB3,F-HDNT,C208,CESSNA 208 Caravan,L1T,L
39CEB3,F-HTVT,B738,BOEING 737-800,L2J,M
3A46B3,F-ORVT,AT76,ATR-72-600,L2T,M
3AAAB3,F-MEBV,NH90,NHI NH-90,H2T,M
3AABB3,F-MDAR,PUMA,AEROSPATIALE SA-330 Puma,H2T,L
3B76B3,F-RAFB,FA7X,DASSAULT Falcon 7X,L3J,M
3B7FB3,F-ZJAJ,PC7,PILATUS PC-7 Astra,L1T,L
3B9BB3,67,E121,EMBRAER EMB-121 Xingu,L2T,L
3C1CB3,D-AZWO,A21N,AIRBUS A-321neo,L2J,M
3C44B3,D-AAES,A320,AIRBUS A-320,L2J,M
3C5CB3,D-AGES,B737,BOEING 737-700,L2J,M
3C66B3,D-AIUS,A320,AIRBUS A-320,L2J,M
3C70B3,D-ALES,B752,BOEING 757-200,L2J,M
3CE3B3,D-CNNN,C56X,CESSNA 560XL Citation XLS,L2J,M
3D04B3,D-EAAL,C182,CESSNA 182 Skylane,L1P,L
3D07B3,D-EBDZ,HUSK,CHRISTEN Husky,L1P,L
3D0CB3,D-EDBF,DR40,ROBIN DR-400,L1P,L
3D0DB3,D-EDLB,C172,CESSNA 172 Skyhawk,L1P,L
3D0FB3,D-EEET,RV7,VANS RV-7,L1P,L
3D17B3,D-EHFN,DR40,ROBIN DR-400,L1P,L
3D1DB3,D-EJMP,C182,CESSNA 182 Skylane,L1P,L
3D20B3,D-EKQD,PA18,PIPER PA-18 Super Cub,L1P,L
3D24B3,D-EMDN,TAMP,SOCATA TB-9 Tampico,L1P,L
3D29B3,D-EOAT,DO27,DORNIER Do-27,L1P,L
3D2BB3,D-EOUL,M6,MAULE M-6,L1P,L
3D2DB3,D-EPOD,C177,CESSNA  177 Cardinal,L1P,L
3D31B3,D-ERBN,HR10,ROBIN HR-100,L1P,L
3D33B3,D-ERVF,RV12,VANS RV-12,L1P,L
3D34B3,D-ESFB,SR20,CIRRUS SR-20,L1P,L
3D35B3,D-ESOX,A210,AQUILA A-210,L1P,L
3D39B3,D-EUCH,DV20,DIAMOND DA-20,L1P,L
3D40B3,D-EWTF,A210,AQUILA A-210,L1P,L
3D41B3,D-EXDB,PULS,Pulsar,L1P,L
3D46B3,D-EZAH,DR40,ROBIN DR-400,L1P,L
3DE6B3,D-HHPR,H500,HUGHES 500,H1T,L
3DFAB3,D-HPEP,R22,ROBINSON R-22 Mariner,H1P,L
3E05B3,D-HTIX,AS50,AEROSPATIALE AS-350 Ecureuil,H1T,L
3E38B3,D-IMRB,BE9L,BEECH 90 King Air,L2T,L
3E5CB3,D-KAHN,DG50,DG FLUGZEUGBAU DG-500M,L1P,L
3E5DB3,D-KARJ,AV68,M&D FLUGZEUGBAU AVO-68 Samburo,L1P,L
3E5EB3,D-KBBF,AS25,SCHLEICHER ASH-25,L1P,L
3E5FB3,D-KBLB,TFUN,VALENTIN Taifun,L1P,L
3E64B3,D-KDIH,DG80,DG FLUGZEUGBAU DG-800,L1P,L
3E65B3,D-KDSD,GLID,,L0-,-
3E67B3,D-KELV,DIMO,DIAMOND H-36 Dimona,L1P,L
3E6CB3,D-KGJB,GLID,,L0-,-
3E6DB3,D-KGSX,AS31,SCHLEICHER ASH-31,L1P,L
3E71B3,D-KIGH,AS25,SCHLEICHER ASH-25,L1P,L
3E76B3,D-KKDN,DIMO,DIAMOND H-36 Dimona,L1P,L
3E7BB3,D-KMAT,GLID,,L0-,-
3EB6B3,74+04,TIGR,AIRBUS HELICOPTERS EC-665 Tiger,H2T,L
3ECBB3,D-KSCH,DIMO,DIAMOND H-36 Dimona,L1P,L
3ECFB3,D-KTPR,GLID,,L0-,-
3EE0B3,D-0028,GLID,,L0-,-
3EE8B3,D-2076,GLID,,L0-,-
3EF1B3,D-4380,GLID,,L0-,-
3EF8B3,D-6172,GLID,,L0-,-
3EFAB3,D-6684,GLID,,L0-,-
3EFBB3,D-6940,DG1T,DG FLUGZEUGBAU DG-1001T,L1P,L
3F00B3,D-8220,GLID,,L0-,-
3FEAB3,D-MSFI,BREZ,AEROSTYLE Breezer,L1P,L
3FEBB3,D-MFWF,G3,REMOS Mirage,L1P,L
3FECB3,D-MRMI,G3,REMOS Mirage,L1P,L
3FEDB3,D-MQXA,ULAC,,L0-,-
3FEEB3,D-MATX,C42,IKARUS C-42 Bison,L1P,L
3FEFB3,D-MVWH,MT,ROTORSPORT MTOSport,G1P,L
3FF0B3,D-MUXI,ZZZZ,,-0-,-
3FF1B3,D-MLLS,EV97,EVEKTRO EV-97 EuroStar,L1P,L
3FF2B3,D-MPGK,EFOX,AEROPRO Eurofox,L1P,L
3FF3B3,D-MKLA,ULAC,,L0-,-
3FF5B3,D-MEAV,,,,
3FF6B3,D-MPZY,VL3,AVEKO Flamingo,L1P,L
4006B3,G-BYGC,B744,BOEING 747-400,L4J,H
4008B3,G-EUPS,A319,AIRBUS A-319,L2J,M
400AB3,G-JACS,P28A,PIPER PA-28-140/150/160/180,L1P,L
400EB3,G-BYXZ,G115,GROB G-115,L1P,L
4010B3,G-WNCH,BE20,BEECH 200 Super King Air,L2T,M
4011B3,G-GAFT,PA44,PIPER PA-44 Seminole,L2P,L
4012B3,G-CEHM,MT,ROTORSPORT MTOSport,G1P,L
4013B3,G-CJAX,GLID,,L0-,-
4014B3,G-AOET,DH82,DE HAVILLAND DH-82 Tiger Moth,L1P,L
4017B3,G-BYBD,C172,CESSNA 172 Skyhawk,L1P,L
4018B3,G-AYIG,P28A,PIPER PA-28-140/150/160/180,L1P,L
4019B3,G-BAAT,C182,CESSNA 182 Skylane,L1P,L
401BB3,G-BCWB,C182,CESSNA 182 Skylane,L1P,L
401EB3,G-BHZE,P28A,PIPER PA-28-140/150/160/180,L1P,L
4021B3,G-CIGD,C172,CESSNA 172 Skyhawk,L1P,L
402AB3,G-BOHJ,C152,CESSNA 152,L1P,L
402FB3,G-HMEK,R22,ROBINSON R-22 Mariner,H1P,L
4032B3,G-VMCG,PA38,PIPER PA-38 Tomahawk,L1P,L
4039B3,G-ISDN,ST75,STEARMAN Kaydet,L1P,L
403EB3,G-PUDS,EUPA,Europa,L1P,L
403FB3,G-GFEY,PA34,PIPER PA-34 Seneca,L2P,L
4040B3,G-CONL,TOBA,SOCATA Tobago,L1P,L
4042B3,G-RRCU,DR22,CENTRE EST Dauphin,L1P,L
4045B3,G-CBAK,R44,ROBINSON R-44 Raven,H1P,L
404BB3,G-CCVN,JABI,Jabiru J120,L1P,L
4051B3,G-TARR,ULAC,,L0-,-
4054B3,G-CKBV,GLID,,L0-,-
4055B3,G-CFEG,VENT,SCHEMPP-HIRTH Ventus,L1P,L
4056B3,G-CJKV,GLID,,L0-,-
4057B3,G-ZECH,CRUZ,CSA PS-28 Cruiser,L1P,L
4059B3,G-DJAD,GLID,,L0-,-
405BB3,G-CFNK,GLID,,L0-,-
405CB3,G-DCTR,GLID,,L0-,-
405DB3,G-CFJL,ULAC,,L0-,-
405EB3,G-CFTO,C42,IKARUS C-42 Bison,L1P,L
405FB3,G-CFTI,EV97,EVEKTRO EV-97 EuroStar,L1P,L
4062B3,G-DRCC,EV97,EVEKTRO EV-97 EuroStar,L1P,L
4063B3,G-OAWM,SR20,CIRRUS SR-20,L1P,L
4064B3,G-CGSP,C152,CESSNA 152,L1P,L
4067B3,G-CHHF,S92,SIKORSKY S-92 Helibus,H2T,M
4068B3,G-SHBA,C152,CESSNA 152,L1P,L
4069B3,G-IPLY,C55B,CESSNA 550B Citation Bravo,L2J,L
406BB3,G-PCCM,PNR2,ALPI Pioneer 200,L1P,L
406CB3,G-OTME,ME08,MESSERSCHMITT Bf-108 Taifun,L1P,L
406EB3,G-JKEE,DA42,DIAMOND DA-42 Guardian,L2P,L
4070B3,G-EDGK,C82R,CESSNA R182 Skylane RG,L1P,L
4072B3,G-IROX,MM24,MAGNI M-24 Orion,G1P,L
4073B3,G-CKIX,EFOX,AEROPRO Eurofox,L1P,L
4075B3,G-VLUX,A35K,AIRBUS A-350-1000,L2J,H
4076B3,G-CKZL,P28T,PIPER PA-28RT-201,L1P,L
4077B3,G-MCSK,S92,SIKORSKY S-92 Helibus,H2T,M
4078B3,G-FXRJ,BE40,BEECH 400 Beechjet,L2J,M
4079B3,G-RNGS,EC45,AIRBUS HELICOPTERS EC-145,H2T,L
407BB3,G-VBDT,C172,CESSNA 172 Skyhawk,L1P,L
407CB3,G-RUKG,B738,BOEING 737-800,L2J,M
407DB3,G-CMFH,P06T,TECNAM P-2006T,L2P,L
407EB3,G-ETGA,PC12,PILATUS PC-12,L1T,L
4243B3,VP-BUB,A332,AIRBUS A-330-200,L2J,H
4248B3,VP-CGM,B738,BOEING 737-800,L2J,M
424BB3,M-ELON,E55P,EMBRAER EMB-505 Phenom 300,L2J,M
43BEB3,VP-BAB,B738,BOEING 737-800,L2J,M
43C1B3,ZA597,TOR,PANAVIA Tornado,L2J,M
43C2B3,ZZ417,B350,BEECHCRAFT Super King Air 350,L2T,M
43C8B3,ZM300,G12T,GROB G-120TP,L1T,L
43E7B3,M-LION,H25B,HAWKER BEECHCRAFT Hawker 750/850,L2J,M
43E8B3,M-EVAN,CL30,BOMBARDIER BD-100 Challenger 300,L2J,M
43E9B3,M-FLYI,C25C,CESSNA 525C Citation CJ4,L2J,M
43EAB3,M-ABJR,EC25,AIRBUS HELICOPTERS EC-225/725,H2T,M
43EBB3,2-PROP,BE58,BEECH 58 Baron,L2P,L
4400B3,OE-LDB,A319,AIRBUS A-319,L2J,M
4407B3,OE-XYO,R44,ROBINSON R-44 Raven,H1P,L
4408B3,OE-DLS,C172,CESSNA 172 Skyhawk,L1P,L
440BB3,OE-LUK,GL5T,BOMBARDIER BD-700 Global 5000/5500,L2J,M
449AB3,OO-FUS,C208,CESSNA 208 Caravan,L1T,L
44C1B3,OO-PMS,AA1,AMERICAN AA-1,L1P,L
44C2B3,OO-PUS,ERCO,AIR PRODUCTS F-1 Aircoupe,L1P,L
44C8B3,OO-RES,AC11,NORTH AMERICAN ROCKWELL Commander 112/114,L1P,L
44CAB3,OO-RUS,YK52,YAKOVLEV Yak-52,L1P,L
44D9B3,OO-VMS,DR40,ROBIN DR-400,L1P,L
44E8B3,OO-ZES,GLID,,L0-,-
4592B3,OY-DUS,PA22,PIPER PA-22,L1P,L
45E2B3,OY-XUS,DG80,DG FLUGZEUGBAU DG-800,L1P,L
45E5B3,OY-YMS,P68,PARTENAVIA P-68 Observer,L2P,L
4628B3,OH-PKT,P28A,PIPER PA-28-140/150/160/180,L1P,L
4633B3,OH-TPB,SIRA,TECNAM P-2002 Sierra,L1P,L
46A0B3,SX-HES,B430,BELL 430,H2T,L
4786B3,LN-OFC,AS50,AEROSPATIALE AS-350 Ecureuil,H1T,L
4787B3,LN-NGD,B738,BOEING 737-800,L2J,M
47BFB3,LN-FGF,B38M,BOEING 737 MAX 8,L2J,M
4804B3,J-877,F16,GENERAL DYNAMICS F-16 Fighting Falcon,L1J,M
4842B3,GND,GND,,V0-,-
4845B3,PH-1118,VENT,SCHEMPP-HIRTH Ventus,L1P,L
4848B3,PH-MGJ,P28U,PIPER PA-28RT-201T Turbo,L1P,L
4849B3,PH-453,GLID,,L0-,-
484BB3,PH-MAN,CRUZ,CSA PS-28 Cruiser,L1P,L
484CB3,PH-416,GLID,,L0-,-
484DB3,PH-2K2,ULAC,,L0-,-
484FB3,PH-DHA,A210,AQUILA A-210,L1P,L
4850B3,P4-ONE,DH8C,DE HAVILLAND DHC-8-300 Dash 8,L2T,M
4851B3,PH-BVP,B77W,BOEING 777-300ER,L2J,H
4854B3,PH-2AH,ZZZZ,,-0-,-
4855B3,PH-2JA,ZZZZ,,-0-,-
4856B3,PH-2WJ,ZZZZ,,-0-,-
4857B3,PH-TTR,EC35,AIRBUS HELICOPTERS EC-135/635,H2T,L
485FB3,PH-DRG,M600,PIPER PA-46-600TP,L1T,L
4860B3,PH-IOT,P208,TECNAM P-2008,L1P,L
4891B3,SP-ENU,B738,BOEING 737-800,L2J,M
4896B3,SP-FZU,TOBA,SOCATA Tobago,L1P,L
48FDB3,SP-XENU,GYRO,,G0-,-
4906B3,CS-AUS,C152,CESSNA 152,L1P,L
4952B3,CS-TUS,A339,AIRBUS A-330-900,L2J,H
497CB3,29703,A119,AGUSTA AW-119 Koala,H1T,L
49D0B3,OK-SUP,C152,CESSNA 152,L1P,L
49D1B3,OK-TUR,C172,CESSNA 172 Skyhawk,L1P,L
49D2B3,OK-EAA,ZZZZ,,-0-,-
49D3B3,OK-KTS,R44,ROBINSON R-44 Raven,H1P,L
4A35B3,75,PUMA,AEROSPATIALE SA-330 Puma,H2T,L
4A4CB3,YR-SES,C172,CESSNA 172 Skyhawk,L1P,L
4A91B3,SE-DMS,A21N,AIRBUS A-321neo,L2J,M
4AAEB3,SE-KUS,C414,CESSNA 414 Chancellor,L2P,L
4AB4B3,SE-MES,GA8,GIPPSAERO GA-8 Airvan,L1P,L
4AC8B3,SE-RES,B737,BOEING 737-700,L2J,M
4AC9B3,SE-RMS,GLEX,BOMBARDIER BD-700 Global 6000/6500,L2J,M
4ACAB3,SE-RUS,A20N,AIRBUS A-320neo,L2J,M
4AE2B3,SE-XUS,LNC2,LANCAIR 200-320,L1P,L
4B05B3,HB-CED,C77R,CESSNA 177RG Cardinal RG,L1P,L
4B07B3,HB-CXV,C152,CESSNA 152,L1P,L
4B1BB3,HB-KMT,TWEN,TECNAM Twenty-Ten,L1P,L
4B27B3,HB-PAX,PA18,PIPER PA-18 Super Cub,L1P,L
4B28B3,HB-PKT,P28T,PIPER PA-28RT-201,L1P,L
4B2AB3,HB-QEL,BALL,,B0-,-
4B2BB3,HB-QOH,BALL,,B0-,-
4B3FB3,HB-YDF,VEZE,RUTAN VariEze,L1P,L
4B40B3,HB-YNB,CH7,HELI-SPORT CH-7 Kompress,H1P,L
4B48B3,HB-1036,GLID,,L0-,-
4B4DB3,HB-2316,AS26,SCHLEICHER ASH-26,L1P,L
4B7FB3,A-937,PC7,PILATUS PC-7 Astra,L1T,L
4B89B3,TC-BMS,BALL,,B0-,-
4B8CB3,TC-CES,C172,CESSNA 172 Skyhawk,L1P,L
4BD2B3,TC-TUS,C172,CESSNA 172 Skyhawk,L1P,L
4CA1B3,EI-DAD,B738,BOEING 737-800,L2J,M
4CA2B3,EI-SLH,AT72,ATR-72-202,L2T,M
4CA7B3,EI-EFX,B738,BOEING 737-800,L2J,M
4CAAB3,EI-GRV,RV7,VANS RV-7,L1P,L
4CACB3,EI-GCU,A332,AIRBUS A-330-200,L2J,H
4CAFB3,EI-GSG,B738,BOEING 737-800,L2J,M
4D22B3,9H-LMJ,A320,AIRBUS A-320,L2J,M
4D23B3,AS9819,BN2T,BRITTEN-NORMAN BN-2T Turbine Islander,L2T,L
5000B3,T7-MRE,A320,AIRBUS A-320,L2J,M
5002B3,T7-VGG,LJ60,LEARJET 60,L2J,M
501DB3,9A-DWA,C25A,CESSNA 525A Citation CJ2,L2J,L
503DB3,LY-VEI,A320,AIRBUS A-320,L2J,M
505DB3,OM-STA,H269,HUGHES Sky Knight,H1P,L
506DB3,S5-DBY,C172,CESSNA 172 Skyhawk,L1P,L
5080B3,UR-ZYD,A124,ANTONOV An-124 Ruslan,L4J,H
5140B3,4L-GTD,B738,BOEING 737-800,L2J,M
6010B3,EX-30001,A30B,AIRBUS A-300-200,L2J,H
7020B3,S2-STA,AT76,ATR-72-600,L2T,M
70C0B3,A4O-AD,GLF5,GULFSTREAM 5,L2J,M
7100B3,HZ-AK25,B77W,BOEING 777-300ER,L2J,H
7335B3,EP-MMS,RJ85,AVRO RJ-85 Avroliner,L4J,M
7342B3,EP-PUS,IL76,ILYUSHIN Il-76/82,L4J,H
734EB3,EP-SUS,F100,FOKKER 100,L2J,M
7394B3,4X-HYA,TEXA,FLY SYNTHESIS Texan,L1P,L
7502B3,9M-AQO,A320,AIRBUS A-320,L2J,M
7503B3,9M-AJI,A320,AIRBUS A-320,L2J,M
7580B3,RP-C8615,A320,AIRBUS A-320,L2J,M
7582B3,RP-C3272,A320,AIRBUS A-320,L2J,M
7585B3,RP-C8948,A320,AIRBUS A-320,L2J,M
7609B3,AP-BMS,B77W,BOEING 777-300ER,L2J,H
76CDB3,9V-SMS,A359,AIRBUS A-350-900,L2J,H
7800B3,B-3644,C525,CESSNA 525 CitationJet,L2J,L
7802B3,B-8586,A320,AIRBUS A-320,L2J,M
7804B3,B-6366,A321,AIRBUS A-321,L2J,M
7805B3,B-2899,B752,BOEING 757-200,L2J,M
7806B3,B-9329,C680,CESSNA 680 Citation Sovereign,L2J,M
7807B3,B-5611,B738,BOEING 737-800,L2J,M
7808B3,B-5671,B738,BOEING 737-800,L2J,M
7809B3,B-5801,B737,BOEING 737-700,L2J,M
780AB3,B-LCM,A20N,AIRBUS A-320neo,L2J,M
780CB3,B-1996,B738,BOEING 737-800,L2J,M
780DB3,B-6473,A319,AIRBUS A-319,L2J,M
780EB3,B-MCC,A321,AIRBUS A-321,L2J,M
780FB3,B-8491,A320,AIRBUS A-320,L2J,M
7810B3,B-1580,B738,BOEING 737-800,L2J,M
7811B3,B-1465,B738,BOEING 737-800,L2J,M
7812B3,B-10SJ,PC6T,PILATUS PC-6 Turbo-Porter,L1T,L
7813B3,B-1087,A21N,AIRBUS A-321neo,L2J,M
7814B3,B-1177,B752,BOEING 757-200,L2J,M
7815B3,B-602V,GLEX,BOMBARDIER BD-700 Global 6000/6500,L2J,M
7816B3,B-20AL,B789,BOEING 787-9 Dreamliner,L2J,H
7817B3,B-20DL,B38M,BOEING 737 MAX 8,L2J,M
781AB3,B-123H,DA42,DIAMOND DA-42 Guardian,L2P,L
781BB3,B-324J,A20N,AIRBUS A-320neo,L2J,M
7A42B3,7412,ZZZZ,,-0-,-
7BB0B3,B-2681,B737,BOEING 737-700,L2J,M
7C01B3,VH-AMD,B350,BEECHCRAFT Super King Air 350,L2T,M
7C05B3,VH-BET,BE23,BEECH 23 Sundowner,L1P,L
7C0DB3,VH-CZP,EVSS,EVEKTOR SportStar,L1P,L
7C14B3,VH-EDH,SR22,CIRRUS SR-22,L1P,L
7C21B3,VH-GXX,GLID,,L0-,-
7C2AB3,VH-IPX,S92,SIKORSKY S-92 Helibus,H2T,M
7C2EB3,VH-JID,AT8T,AIR TRACTOR AT-802,L1T,M
7C37B3,VH-LAD,C404,CESSNA 404 Titan,L2P,L
7C38B3,VH-LHH,SLG2,AIRPLANE FACTORY Sling 2,L1P,L
7C4CB3,VH-PFP,P68,PARTENAVIA P-68 Observer,L2P,L
7C4EB3,VH-PTX,C208,CESSNA 208 Caravan,L1T,L
7C57B3,VH-RLX,C402,CESSNA 402 Businessliner,L2P,L
7C5CB3,VH-SLH,SKAR,III Sky Arrow,L1P,L
7C5EB3,VH-SZP,C404,CESSNA 404 Titan,L2P,L
7C66B3,VH-UKL,BE58,BEECH 58 Baron,L2P,L
7C6DB3,VH-VYD,B738,BOEING 737-800,L2J,M
7C79B3,VH-YBP,BT36,BEECH B36TC Bonanza,L1P,L
7C7AB3,VH-YIT,B738,BOEING 737-800,L2J,M
7C7FB3,VH-ZID,T210,CESSNA T210 Turbo Centurion,L1P,L
7C80B3,VH-ZPH,AS50,AEROSPATIALE AS-350 Ecureuil,H1T,L
7CBBB3,19-7781,RV9,VANS RV-9,L1P,L
7CC3B3,24-8317,PIVI,PIPSTREL Virus,L1P,L
7CC4B3,24-4927,JAB4,JABIRU J200-450,L1P,L
7CF9B3,N48-020,H60,SIKORSKY UH-60 Black Hawk,H2T,M
8002B3,H2374,A748,AVRO 748,L2T,M
8003B3,VT-AXP,B738,BOEING 737-800,L2J,M
8007B3,VT-IFL,A320,AIRBUS A-320,L2J,M
800DB3,VT-SIN,A320,AIRBUS A-320,L2J,M
8013B3,VT-GSF,E145,EMBRAER ERJ-145,L2J,M
8014B3,VT-IME,A21N,AIRBUS A-321neo,L2J,M
8413B3,JA05FD,A139,AGUSTA AW-139,H2T,L
8464B3,JA131D,EC45,AIRBUS HELICOPTERS EC-145,H2T,L
84C2B3,JA2467,GLID,,L0-,-
8681B3,JA73NM,B738,BOEING 737-800,L2J,M
8749B3,JA99BM,R66,ROBINSON R-66,H1T,L
8849B3,HS-RMS,S22T,CIRRUS SR-22T Turbo,L1P,L
8850B3,HS-TES,A333,AIRBUS A-330-300,L2J,H
8880B3,VN-A604,A321,AIRBUS A-321,L2J,M
8881B3,VN-A819,B789,BOEING 787-9 Dreamliner,L2J,H
8940B3,A9C-HIS,A139,AGUSTA AW-139,H2T,L
8963B3,A6-FEQ,B738,BOEING 737-800,L2J,M
8964B3,A6-EVE,A388,AIRBUS A-380-800,L4J,H
8965B3,A6-FMW,B38M,BOEING 737 MAX 8,L2J,M
8990B3,B-16217,A321,AIRBUS A-321,L2J,M
8991B3,B-18305,A333,AIRBUS A-330-300,L2J,H
8A03B3,PK-GLY,A320,AIRBUS A-320,L2J,M
8A06B3,PK-CRH,B738,BOEING 737-800,L2J,M
8A08B3,PK-LEV,A339,AIRBUS A-330-900,L2J,H
A000B3,N1HB,BE95,BEECH 95 Travel Air,L2P,L
A004B3,N100,J3,PIPER J-3 Cub,L1P,L
A006B3,N100WL,RV8,VANS RV-8,L1P,L
A008B3,N101CX,GLID,,L0-,-
A00BB3,N10165,M20P,MOONEY M-20,L1P,L
A00CB3,N102FV,C72R,CESSNA 172R Cutlass RG,L1P,L
A00DB3,N102SA,BE18,BEECH 18 Expetitor,L2P,L
A00EB3,N1021X,P28R,PIPER PA-28R-180/200/201,L1P,L
A010B3,N103JT,HDJT,HONDA HondaJet,L2J,L
A012B3,N10330,GLID,,L0-,-
A013B3,N104BK,RV10,VANS RV-10,L1P,L
A014B3,N104MR,BDOG,BRITISH AEROSPACE SA-3 Bulldog,L1P,L
A016B3,N10453,L5,STINSON Sentinel,L1P,L
A019B3,N1050V,C180,CESSNA  180 Skywagon,L1P,L
A01CB3,N106TM,,,,
A01DB3,N1062Y,BALL,,B0-,-
A01EB3,N10699,B06,BELL 206 JetRanger,H1T,L
A020B3,N107WK,S61,SIKORSKY S-61 Sea King,H2T,M
A021B3,N10741,C150,CESSNA 150,L1P,L
A023B3,N108PB,LNC2,LANCAIR 200-320,L1P,L
A027B3,N109S,BE95,BEECH 95 Travel Air,L2P,L
A029B3,N10987,CH7B,BELLANCA 7 Citabria,L1P,L
A02AB3,N11JS,HIGH,JUST JA20 Highlander,L1P,L
A02CB3,N110FC,B06,BELL 206 JetRanger,H1T,L
A02DB3,N110RJ,C172,CESSNA 172 Skyhawk,L1P,L
A02EB3,N1101E,CH7A,BELLANCA 7 Champion,L1P,L
A030B3,N111JA,BE9L,BEECH 90 King Air,L2T,L
A033B3,N112AT,,,,
A037B3,N113DR,C172,CESSNA 172 Skyhawk,L1P,L
A039B3,N1130C,PA22,PIPER PA-22,L1P,L
A03CB3,N114SV,,,,
A03DB3,N1142F,C172,CESSNA 172 Skyhawk,L1P,L
A03EB3,N1149S,GLID,,L0-,-
A03FB3,N115KM,ALBU,AVIATION DEVELOPMENT Alaskan Bushmaster,L1P,L
A045B3,N1166M,C182,CESSNA 182 Skylane,L1P,L
A047B3,N117RH,MG17,MIKOYAN MiG-17,L1J,L
A04AB3,N118J,,,,
A04BB3,N118UF,H25B,HAWKER BEECHCRAFT Hawker 750/850,L2J,M
A04CB3,N1183G,PA31,PIPER PA-31-300/310/325/350/425,L2P,L
A050B3,N1195K,AA5,AMERICAN AA-5 Tiger,L1P,L
A052B3,N12PW,C210,CESSNA 201 Centurion,L1P,L
A053B3,N120AA,BALL,,B0-,-
A057B3,N121CZ,E120,EMBRAER EMB-120 Brasilia,L2T,M
A058B3,N121PE,BT36,BEECH B36TC Bonanza,L1P,L
A05AB3,N12167,E45X,EMBRAER ERJ-145XR,L2J,M
A05DB3,N1221Z,SR22,CIRRUS SR-22,L1P,L
A05EB3,N1229,PTS1,PITTS S-1 Special,L1P,L
A05FB3,N123JV,BE35,BEECH 35 Starfire Bonanza,L1P,L
A060B3,N123VA,M7,MAULE M-7,L1P,L
A061B3,N12332,ZZZZ,,-0-,-
A062B3,N124BM,SE5A,RAF SE-5A Replica,L1P,L
A063B3,N124MT,P28R,PIPER PA-28R-180/200/201,L1P,L
A066B3,N125EK,H25B,HAWKER BEECHCRAFT Hawker 750/850,L2J,M
A06CB3,N12620,COUR,HELIO Courier,L1P,L
A06DB3,N127A,PTS1,PITTS S-1 Special,L1P,L
A06EB3,N127LF,ACR2,ACRO SPORT 2,L1P,L
A06FB3,N127WM,T18,THORP Tiger,L1P,L
A074B3,N12866,C172,CESSNA 172 Skyhawk,L1P,L
A076B3,N129SB,,,,
A07BB3,N130FE,B763,BOEING 767-300,L2J,H
A07CB3,N130RL,BE20,BEECH 200 Super King Air,L2T,M
A07DB3,N1301G,AS20,SCHLEICHER ASW-20,L1P,L
A07FB3,N131JC,BU31,BUCKER Bu-131 Jungmann,L1P,L
A081B3,N1313K,L8,LUSCOMBE 8,L1P,L
A083B3,N132MA,M20P,MOONEY M-20,L1P,L
A085B3,N1325N,,,,
A088B3,N1330E,CH7A,BELLANCA 7 Champion,L1P,L
A089B3,N1337R,AA5,AMERICAN AA-5 Tiger,L1P,L
A08CB3,N1342H,P28A,PIPER PA-28-140/150/160/180,L1P,L
A08FB3,N135VV,EC35,AIRBUS HELICOPTERS EC-135/635,H2T,L
A092B3,N136NM,E190,EMBRAER ERJ-190-100,L2J,M
A094B3,N1366P,PA23,PIPER PA-23,L2P,L
A097B3,N1371F,C172,CESSNA 172 Skyhawk,L1P,L
A098B3,N1378S,C182,CESSNA 182 Skylane,L1P,L
A09AB3,N138UH,DRON,,D0-,-
A09BB3,N1383J,AC11,NORTH AMERICAN ROCKWELL Commander 112/114,L1P,L
A09DB3,N139M,HUSK,CHRISTEN Husky,L1P,L
A0A0B3,N14DS,GLAS,Glasair,L1P,L
A0A1B3,N14PY,RV9,VANS RV-9,L1P,L
A0A2B3,N140AC,P28A,PIPER PA-28-140/150/160/180,L1P,L
A0A6B3,N141DA,DA42,DIAMOND DA-42 Guardian,L2P,L
A0A7B3,N141PG,SR20,CIRRUS SR-20,L1P,L
A0ABB3,N142SE,PARA,,P0-,-
A0B4B3,N14457,C172,CESSNA 172 Skyhawk,L1P,L
A0B5B3,N145EM,A4,DOUGLAS A-4 Skyhawk,L1J,M
A0B8B3,N1458,RV4T,VANS RV-4T,L1T,L
A0BCB3,N147AB,FA24,FAIRCHILD F-24 Argus,L1P,L
A0BDB3,N147LH,P28R,PIPER PA-28R-180/200/201,L1P,L
A0BFB3,N14745,BL17,BELLANCA 17 Viking,L1P,L
A0C0B3,N148D,,,,
A0C1B3,N148PF,PA34,PIPER PA-34 Seneca,L2P,L
A0C6B3,N14910,,,,
A0C7B3,N1499A,B763,BOEING 767-300,L2J,H
A0C8B3,N15JW,BE95,BEECH 95 Travel Air,L2P,L
A0CCB3,N1501J,AC11,NORTH AMERICAN ROCKWELL Commander 112/114,L1P,L
A0D2B3,N152MC,C152,CESSNA 152,L1P,L
A0DFB3,N1554N,J3,PIPER J-3 Cub,L1P,L
A0E6B3,N1571H,C77R,CESSNA 177RG Cardinal RG,L1P,L
A0E8B3,N158JD,PA31,PIPER PA-31-300/310/325/350/425,L2P,L
A0EBB3,N159AW,PA18,PIPER PA-18 Super Cub,L1P,L
A0F0B3,N16Q,H500,HUGHES 500,H1T,L
A0F1B3,N160AE,H60,SIKORSKY UH-60 Black Hawk,H2T,M
A0F2B3,N160LL,P28R,PIPER PA-28R-180/200/201,L1P,L
A0F3B3,N160WS,,,,
A0F4B3,N16048,C150,CESSNA 150,L1P,L
A0F9B3,N162GA,C208,CESSNA 208 Caravan,L1T,L
A0FCB3,N1629D,C170,CESSNA 170,L1P,L
A100B3,N164BR,COY2,RANS Coyote 2,L1P,L
A103B3,N16459,P28R,PIPER PA-28R-180/200/201,L1P,L
A106B3,N16501,E135,EMBRAER ERJ-135,L2J,M
A109B3,N166TT,COL4,CESSNA 400 Corvalis TT,L1P,L
A10BB3,N167AD,GLF4,GULFSTREAM 4,L2J,M
A10EB3,N16747,,,,
A115B3,N16912,ULAC,,L0-,-
A116B3,N1699C,C180,CESSNA  180 Skywagon,L1P,L
A117B3,N17JY,C210,CESSNA 201 Centurion,L1P,L
A11BB3,N1701L,KR2,RAND KR-2,L1P,L
A11DB3,N171JG,PTMS,PITTS S-12 Super Stinker,L1P,L
A11FB3,N1713P,MG17,MIKOYAN MiG-17,L1J,L
A121B3,N172ME,C172,CESSNA 172 Skyhawk,L1P,L
A123B3,N1725S,,,,
A126B3,N1730J,,,,
A127B3,N1737V,C172,CESSNA 172 Skyhawk,L1P,L
A129B3,N174TA,BE36,BEECH 36 Bonanza,L1P,L
A12CB3,N175KT,M20P,MOONEY M-20,L1P,L
A132B3,N1766T,C172,CESSNA 172 Skyhawk,L1P,L
A133B3,N177FH,C77R,CESSNA 177RG Cardinal RG,L1P,L
A134B3,N177RP,C177,CESSNA  177 Cardinal,L1P,L
A137B3,N178JF,YK52,YAKOVLEV Yak-52,L1P,L
A13BB3,N179MD,BE9L,BEECH 90 King Air,L2T,L
A13DB3,N1795R,C185,CESSNA 185 Skywagon,L1P,L
A13EB3,N18DW,,,,
A140B3,N180AG,C180,CESSNA  180 Skywagon,L1P,L
A143B3,N1805,C185,CESSNA 185 Skywagon,L1P,L
A145B3,N181PL,AS50,AEROSPATIALE AS-350 Ecureuil,H1T,L
A148B3,N182GC,C182,CESSNA 182 Skylane,L1P,L
A149B3,N182SJ,C82T,CESSNA TR182 Turbo Skylane RG,L1P,L
A14AB3,N18215,C150,CESSNA 150,L1P,L
A14EB3,N18338,PA18,PIPER PA-18 Super Cub,L1P,L
A14FB3,N184BT,RV8,VANS RV-8,L1P,L
A155B3,N18503,C150,CESSNA 150,L1P,L
A161B3,N1887B,E55P,EMBRAER EMB-505 Phenom 300,L2J,M
A164B3,N18914,ZZZZ,,-0-,-
A169B3,N190RS,BE58,BEECH 58 Baron,L2P,L
A16AB3,N1901N,C120,CESSNA 120,L1P,L
A16FB3,N192BA,CH7B,BELLANCA 7 Citabria,L1P,L
A172B3,N1925U,T210,CESSNA T210 Turbo Centurion,L1P,L
A175B3,N1930L,BE23,BEECH 23 Sundowner,L1P,L
A178B3,N194TC,RV9,VANS RV-9,L1P,L
A179B3,N1942P,ST75,STEARMAN Kaydet,L1P,L
A17CB3,N195WA,BE99,BEECH 99 Airliner,L2T,L
A17DB3,N1954S,C177,CESSNA  177 Cardinal,L1P,L
A17EB3,N196CM,SR22,CIRRUS SR-22,L1P,L
A183B3,N197RR,WAIX,SONEX Waiex,L1P,L
A184B3,N1971M,J3,PIPER J-3 Cub,L1P,L
A185B3,N1978Y,M20P,MOONEY M-20,L1P,L
A189B3,N199B,HUSK,CHRISTEN Husky,L1P,L
A18CB3,N1995T,P28A,PIPER PA-28-140/150/160/180,L1P,L
A18EB3,N2QD,P337,CESSNA P337 Skymaster,L2P,L
A18FB3,N20AJ,TOBA,SOCATA Tobago,L1P,L
A193B3,N200TG,BE20,BEECH 200 Super King Air,L2T,M
A194B3,N2002T,TEAL,THURSTON Teal,A1P,L
A196B3,N201KZ,M20P,MOONEY M-20,L1P,L
A198B3,N2014W,PARA,,P0-,-
A199B3,N202CR,RV7,VANS RV-7,L1P,L
A19CB3,N2026Z,C150,CESSNA 150,L1P,L
A19EB3,N203RV,RV3,VANS RV-3,L1P,L
A1A0B3,N20382,C172,CESSNA 172 Skyhawk,L1P,L
A1A1B3,N204JM,ULAC,,L0-,-
A1A4B3,N205BD,UH1,BELL UH-1 Huey,H1T,L
A1A5B3,N205MK,M20P,MOONEY M-20,L1P,L
A1A7B3,N2055X,C182,CESSNA 182 Skylane,L1P,L
A1ABB3,N20670,C172,CESSNA 172 Skyhawk,L1P,L
A1AEB3,N2072S,C182,CESSNA 182 Skylane,L1P,L
A1AFB3,N20793,C182,CESSNA 182 Skylane,L1P,L
A1B1B3,N208WD,DRON,,D0-,-
A1B2B3,N2084V,C140,CESSNA 140,L1P,L
A1B3B3,N209CQ,F900,DASSAULT Falcon 900,L3J,M
A1B9B3,N210BZ,C210,CESSNA 201 Centurion,L1P,L
A1BDB3,N211EX,E300,EXTRA EA-300/330/350,L1P,L
A1C0B3,N2118K,L8,LUSCOMBE 8,L1P,L
A1C2B3,N212UA,B772,BOEING 777-200,L2J,H
A1C3B3,N2123B,L8,LUSCOMBE 8,L1P,L
A1C4B3,N213AM,CH7B,BELLANCA 7 Citabria,L1P,L
A1C8B3,N214DK,LNP4,LANCAIR PropJet 4,L1T,L
A1CBB3,N2147H,ERCO,AIR PRODUCTS F-1 Aircoupe,L1P,L
A1CCB3,N215GH,AS50,AEROSPATIALE AS-350 Ecureuil,H1T,L
A1CDB3,N215SP,GLST,GLASAIR SH-4 GlaStar,L1P,L
A1CEB3,N2152,GLID,,L0-,-
A1CFB3,N2159L,BE36,BEECH 36 Bonanza,L1P,L
A1D6B3,N2176F,T206,CESSNA T206 Turbo Stationair,L1P,L
A1D7B3,N218EW,BE95,BEECH 95 Travel Air,L2P,L
A1D8B3,N218RB,RV3,VANS RV-3,L1P,L
A1DDB3,N2193A,BALL,,B0-,-
A1DEB3,N22AL,PT22,RYAN PT-22 Recruit,L1P,L
A1E0B3,N22WY,DIMO,DIAMOND H-36 Dimona,L1P,L
A1E2B3,N220TJ,T210,CESSNA T210 Turbo Centurion,L1P,L
A1E3B3,N2202V,C140,CESSNA 140,L1P,L
A1E4B3,N22096,L8,LUSCOMBE 8,L1P,L
A1E5B3,N221LA,AS50,AEROSPATIALE AS-350 Ecureuil,H1T,L
A1E6B3,N221WG,P32R,PIPER PA-32R-300/301/301T,L1P,L
A1E7B3,N2214Y,C177,CESSNA  177 Cardinal,L1P,L
A1E8B3,N222CT,C182,CESSNA 182 Skylane,L1P,L
A1EEB3,N2231T,C185,CESSNA 185 Skywagon,L1P,L
A1EFB3,N22384,AR65,AERONCA 65 Super Chief,L1P,L
A1F0B3,N224JP,FOX,KITFOX,L1P,L
A1F3B3,N225BF,RV4,VANS RV-4,L1P,L
A1F4B3,N225MM,AC90,NORTH AMERICAN ROCKWELL Turbo Commander 690/840,L2T,L
A1F6B3,N2255Z,,,,
A1FFB3,N228L,CL30,BOMBARDIER BD-100 Challenger 300,L2J,M
A201B3,N2284X,C337,CESSNA 337 Super Skymaster,L2P,L
A202B3,N229CS,C182,CESSNA 182 Skylane,L1P,L
A203B3,N229NY,C172,CESSNA 172 Skyhawk,L1P,L
A205B3,N22960,J4,PIPER J-4 Cub Coupe,L1P,L
A207B3,N23RW,P32R,PIPER PA-32R-300/301/301T,L1P,L
A208B3,N230CA,SR22,CIRRUS SR-22,L1P,L
A20DB3,N231RE,M20P,MOONEY M-20,L1P,L
A20FB3,N2318M,PA12,PIPER PA-12 Super Cruiser,L1P,L
A212B3,N2323D,C170,CESSNA 170,L1P,L
A213B3,N233AP,,,,
A214B3,N233LV,B737,BOEING 737-700,L2J,M
A216B3,N2335G,C182,CESSNA 182 Skylane,L1P,L
A218B3,N234PT,B36T,BEECH 36 Turbine Bonanza,L1T,L
A21CB3,N235SR,P28A,PIPER PA-28-140/150/160/180,L1P,L
A21DB3,N2352B,C82S,CESSNA T182 Turbo Skylane,L1P,L
A21EB3,N2359N,C120,CESSNA 120,L1P,L
A222B3,N237C,PA46,PIPER PA-46-310/350,L1P,L
A229B3,N2388L,C72R,CESSNA 172R Cutlass RG,L1P,L
A22CB3,N2393C,C180,CESSNA  180 Skywagon,L1P,L
A232B3,N2402X,C182,CESSNA 182 Skylane,L1P,L
A233B3,N24098,TAYB,TAYLORCRAFT BC/BF/BL,L1P,L
A234B3,N241LC,SR22,CIRRUS SR-22,L1P,L
A237B3,N242CV,DA42,DIAMOND DA-42 Guardian,L2P,L
A23DB3,N2431V,C206,CESSNA  206 Stationair,L1P,L
A23EB3,N24386,TAYB,TAYLORCRAFT BC/BF/BL,L1P,L
A245B3,N24551,J3,PIPER J-3 Cub,L1P,L
A248B3,N2460T,NAVI,NORTH AMERICAN Navion,L1P,L
A24CB3,N2472W,GLID,,L0-,-
A24DB3,N24797,J3,PIPER J-3 Cub,L1P,L
A252B3,N249P,RV4,VANS RV-4,L1P,L
A255B3,N25FS,C550,CESSNA 550 Citation S2,L2J,L
A257B3,N250CC,PA24,PIPER PA-24 Comanche,L1P,L
A25AB3,N2506L,PA38,PIPER PA-38 Tomahawk,L1P,L
A25CB3,N251RG,HROC,HARMON Rocket,L1P,L
A25EB3,N2518P,PA22,PIPER PA-22,L1P,L
A261B3,N2523F,CH7A,BELLANCA 7 Champion,L1P,L
A266B3,N254DP,BE36,BEECH 36 Bonanza,L1P,L
A268B3,N2540A,PA22,PIPER PA-22,L1P,L
A269B3,N2547M,PA12,PIPER PA-12 Super Cruiser,L1P,L
A26CB3,N2552D,PA38,PIPER PA-38 Tomahawk,L1P,L
A26DB3,N2559Q,C182,CESSNA 182 Skylane,L1P,L
A270B3,N2564G,C182,CESSNA 182 Skylane,L1P,L
A276B3,N258RF,DRON,,D0-,-
A277B3,N2581B,L5,STINSON Sentinel,L1P,L
A278B3,N2588N,C140,CESSNA 140,L1P,L
A27BB3,N2593E,CH7A,BELLANCA 7 Champion,L1P,L
A282B3,N261,AS20,SCHLEICHER ASW-20,L1P,L
A285B3,N26142,AA5,AMERICAN AA-5 Tiger,L1P,L
A289B3,N26265,S10,STINSON 10 Voyager,L1P,L
A28BB3,N263SA,BE36,BEECH 36 Bonanza,L1P,L
A295B3,N266EH,R66,ROBINSON R-66,H1T,L
A29AB3,N267TM,,,,
A29BB3,N2672Y,C180,CESSNA  180 Skywagon,L1P,L
A29CB3,N26799,AA5,AMERICAN AA-5 Tiger,L1P,L
A29FB3,N26841,J3,PIPER J-3 Cub,L1P,L
A2A1B3,N269PB,C82R,CESSNA R182 Skylane RG,L1P,L
A2A3B3,N26964,AA5,AMERICAN AA-5 Tiger,L1P,L
A2A4B3,N27FU,UH1,BELL UH-1 Huey,H1T,L
A2ACB3,N2711E,TBM7,SOCATA TBM-700A/B/C,L1T,L
A2AEB3,N272JA,C172,CESSNA 172 Skyhawk,L1P,L
A2B5B3,N274DR,ZZZZ,,-0-,-
A2B7B3,N2740C,C170,CESSNA 170,L1P,L
A2B8B3,N2747P,PA22,PIPER PA-22,L1P,L
A2BBB3,N2752F,C182,CESSNA 182 Skylane,L1P,L
A2BFB3,N2764J,C185,CESSNA 185 Skywagon,L1P,L
A2C6B3,N2781D,C185,CESSNA 185 Skywagon,L1P,L
A2C7B3,N2788Q,C182,CESSNA 182 Skylane,L1P,L
A2C8B3,N279J,SR20,CIRRUS SR-20,L1P,L
A2CAB3,N2793G,C182,CESSNA 182 Skylane,L1P,L
A2CBB3,N28AS,DV20,DIAMOND DA-20,L1P,L
A2D0B3,N28021,BL17,BELLANCA 17 Viking,L1P,L
A2D3B3,N281WN,B737,BOEING 737-700,L2J,M
A2DAB3,N283SC,CRUZ,CSA PS-28 Cruiser,L1P,L
A2DEB3,N284VA,A320,AIRBUS A-320,L2J,M
A2E1B3,N285MT,DRON,,D0-,-
A2E6B3,N2860X,YK52,YAKOVLEV Yak-52,L1P,L
A2E7B3,N28678,AA5,AMERICAN AA-5 Tiger,L1P,L
A2EBB3,N288A,P32R,PIPER PA-32R-300/301/301T,L1P,L
A2F2B3,N28966,P28B,PIPER PA-28-201T/235/236,L1P,L
A2F4B3,N29SB,C25C,CESSNA 525C Citation CJ4,L2J,M
A2F6B3,N290NN,E75L,EMBRAER ERJ-170-200 (long wing),L2J,M
A2F8B3,N2906Q,C185,CESSNA 185 Skywagon,L1P,L
A2F9B3,N291FE,B763,BOEING 767-300,L2J,H
A2FBB3,N2911G,P28A,PIPER PA-28-140/150/160/180,L1P,L
A2FFB3,N2923K,C180,CESSNA  180 Skywagon,L1P,L
A301B3,N293MA,CH7B,BELLANCA 7 Citabria,L1P,L
A303B3,N2935N,P28A,PIPER PA-28-140/150/160/180,L1P,L
A30AB3,N2952H,GLID,,L0-,-
A30BB3,N2959U,P28A,PIPER PA-28-140/150/160/180,L1P,L
A315B3,N2981F,T210,CESSNA T210 Turbo Centurion,L1P,L
A317B3,N299JB,RV6,VANS RV-6,L1P,L
A31CB3,N3XF,EPIC,EPIC AIRCRAFT Epic LT,L1T,L
A31EB3,N30TS,RV4,VANS RV-4,L1P,L
A325B3,N3012M,PA12,PIPER PA-12 Super Cruiser,L1P,L
A326B3,N3019Y,P28B,PIPER PA-28-201T/235/236,L1P,L
A327B3,N302KT,GLAS,Glasair,L1P,L
A329B3,N3024Q,BE33,BEECH 33 Bonanza,L1P,L
A32AB3,N303CK,PA34,PIPER PA-34 Seneca,L2P,L
A32DB3,N3036T,BALL,,B0-,-
A330B3,N3041K,BE33,BEECH 33 Bonanza,L1P,L
A331B3,N3048W,BE36,BEECH 36 Bonanza,L1P,L
A334B3,N3053N,P28A,PIPER PA-28-140/150/160/180,L1P,L
A338B3,N3065R,P28R,PIPER PA-28R-180/200/201,L1P,L
A33BB3,N3070H,ERCO,AIR PRODUCTS F-1 Aircoupe,L1P,L
A33CB3,N3077U,BE33,BEECH 33 Bonanza,L1P,L
A33EB3,N308T,PA18,PIPER PA-18 Super Cub,L1P,L
A33FB3,N3082L,BALL,,B0-,-
A340B3,N3089X,C150,CESSNA 150,L1P,L
A343B3,N3094P,LA4,LAKE LA-4/200,A1P,L
A344B3,N31CJ,C25A,CESSNA 525A Citation CJ2,L2J,L
A348B3,N310VG,C310,CESSNA 310,L2P,L
A349B3,N31038,J5,PIPER J-5 Cub Cruiser,L1P,L
A34AB3,N311BT,C414,CESSNA 414 Chancellor,L2P,L
A34DB3,N3116A,C170,CESSNA 170,L1P,L
A34EB3,N312ER,DA42,DIAMOND DA-42 Guardian,L2P,L
A350B3,N31203,KR2,RAND KR-2,L1P,L
A351B3,N3128D,C180,CESSNA  180 Skywagon,L1P,L
A354B3,N31326,BALL,,B0-,-
A355B3,N314AF,DA40,DIAMOND DA-40 Club Star,L1P,L
A356B3,N314LM,BE9L,BEECH 90 King Air,L2T,L
A358B3,N31449,PTS2,PITTS S-2 Special,L1P,L
A35AB3,N315PK,C172,CESSNA 172 Skyhawk,L1P,L
A35CB3,N3157B,AT3T,AIR TRACTOR AT-302/402,L1T,L
A35DB3,N316GB,FA10,DASSAULT Falcon 100,L2J,M
A367B3,N3186,PTS1,PITTS S-1 Special,L1P,L
A370B3,N3200L,C310,CESSNA 310,L2P,L
A373B3,N321TC,M20P,MOONEY M-20,L1P,L
A374B3,N3212P,J3,PIPER J-3 Cub,L1P,L
A377B3,N322WA,SR22,CIRRUS SR-22,L1P,L
A378B3,N3224S,C182,CESSNA 182 Skylane,L1P,L
A37CB3,N3236V,BE36,BEECH 36 Bonanza,L1P,L
A37EB3,N324RR,AC50,NORTH AMERICAN ROCKWELL Commander 500,L2P,L
A381B3,N325JH,GLID,,L0-,-
A382B3,N325UP,B763,BOEING 767-300,L2J,H
A38DB3,N328TB,AS28,SCHLEICHER ASW-28,L1P,L
A391B3,N329W,LGEZ,RUTAN Long-EZ,L1P,L
A392B3,N3294R,P28R,PIPER PA-28R-180/200/201,L1P,L
A393B3,N33CL,P28R,PIPER PA-28R-180/200/201,L1P,L
A395B3,N33YY,P28A,PIPER PA-28-140/150/160/180,L1P,L
A396B3,N330KC,GLEX,BOMBARDIER BD-700 Global 6000/6500,L2J,M
A39CB3,N3316C,BE35,BEECH 35 Starfire Bonanza,L1P,L
A3A1B3,N333HR,T210,CESSNA T210 Turbo Centurion,L1P,L
A3ABB3,N3357D,C180,CESSNA  180 Skywagon,L1P,L
A3AEB3,N33616,UH12,HILLER UH-12,H1P,L
A3AFB3,N3369G,,,,
A3B2B3,N33739,PA34,PIPER PA-34 Seneca,L2P,L
A3B4B3,N338N,AEST,AEROSTAR 600,L2P,L
A3B7B3,N339ES,C680,CESSNA 680 Citation Sovereign,L2J,M
A3B9B3,N33904,GLID,,L0-,-
A3BCB3,N34TW,DA40,DIAMOND DA-40 Club Star,L1P,L
A3C0B3,N3407Z,PA22,PIPER PA-22,L1P,L
A3C4B3,N34192,C77R,CESSNA 177RG Cardinal RG,L1P,L
A3C8B3,N343CP,C172,CESSNA 172 Skyhawk,L1P,L
A3CBB3,N3436X,M20P,MOONEY M-20,L1P,L
A3D0B3,N345JK,RV12,VANS RV-12,L1P,L
A3D6B3,N3465V,C195,CESSNA 195,L1P,L
A3D7B3,N347E,RV7,VANS RV-7,L1P,L
A3D9B3,N3470M,PA12,PIPER PA-12 Super Cruiser,L1P,L
A3DEB3,N34891,C77R,CESSNA 177RG Cardinal RG,L1P,L
A3E2B3,N35CN,,,,
A3E4B3,N35Z,RV4,VANS RV-4,L1P,L
A3E5B3,N350KE,BE30,BEECH 300 Super King Air,L2T,L
A3E6B3,N350VL,VL3,AVEKO Flamingo,L1P,L
A3ECB3,N352EV,AS50,AEROSPATIALE AS-350 Ecureuil,H1T,L
A3EFB3,N3528H,M20P,MOONEY M-20,L1P,L
A3F2B3,N3533,,,,
A3F7B3,N355DH,RV7,VANS RV-7,L1P,L
A3FDB3,N35618,C172,CESSNA 172 Skyhawk,L1P,L
A3FFB3,N357KD,AP32,AEROPRACT A-32,L1P,L
A403B3,N358NB,A319,AIRBUS A-319,L2J,M
A405B3,N3586D,PA31,PIPER PA-31-300/310/325/350/425,L2P,L
A407B3,N359R,ST75,STEARMAN Kaydet,L1P,L
A408B3,N35906,J4,PIPER J-4 Cub Coupe,L1P,L
A409B3,N3598G,,,,
A40AB3,N36HS,RV7,VANS RV-7,L1P,L
A40FB3,N36071,P32R,PIPER PA-32R-300/301/301T,L1P,L
A410B3,N361HA,A332,AIRBUS A-330-200,L2J,H
A412B3,N3612T,TF19,TAYLORCRAFT F-19 Sportsman,L1P,L
A413B3,N36194,P32R,PIPER PA-32R-300/301/301T,L1P,L
A41AB3,N3636Z,BALL,,B0-,-
A41DB3,N3641R,P28A,PIPER PA-28-140/150/160/180,L1P,L
A41EB3,N36482,PA34,PIPER PA-34 Seneca,L2P,L
A41FB3,N365JM,AS20,SCHLEICHER ASW-20,L1P,L
A421B3,N3653U,C182,CESSNA 182 Skylane,L1P,L
A426B3,N367EB,RV8,VANS RV-8,L1P,L
A428B3,N3670P,PA18,PIPER PA-18 Super Cub,L1P,L
A42CB3,N3682S,C172,CESSNA 172 Skyhawk,L1P,L
A430B3,N3694V,C140,CESSNA 140,L1P,L
A43EB3,N3728K,BE23,BEECH 23 Sundowner,L1P,L
A449B3,N3757H,DUCE,BAKENG Duce,L1P,L
A44BB3,N376SP,C172,CESSNA 172 Skyhawk,L1P,L
A44DB3,N3769L,B738,BOEING 737-800,L2J,M
A459B3,N38HU,HUSK,CHRISTEN Husky,L1P,L
A45AB3,N38U,VENT,SCHEMPP-HIRTH Ventus,L1P,L
A45DB3,N3800S,C172,CESSNA 172 Skyhawk,L1P,L
A45FB3,N381HC,BE20,BEECH 200 Super King Air,L2T,M
A462B3,N38196,J4,PIPER J-4 Cub Coupe,L1P,L
A465B3,N3824Y,C210,CESSNA 201 Centurion,L1P,L
A46AB3,N384FR,A20N,AIRBUS A-320neo,L2J,M
A46CB3,N3841T,BE23,BEECH 23 Sundowner,L1P,L
A46DB3,N38484,J3,PIPER J-3 Cub,L1P,L
A471B3,N386BF,PA11,PIPER PA-11 Cub Special,L1P,L
A472B3,N386MM,LJ31,LEARJET 31,L2J,M
A485B3,N3904F,C172,CESSNA 172 Skyhawk,L1P,L
A486B3,N391CA,CRJ7,BOMBARDIER Regional Jet CRJ-700,L2J,M
A489B3,N3916J,C150,CESSNA 150,L1P,L
A48CB3,N3921A,J3,PIPER J-3 Cub,L1P,L
A48DB3,N3928M,P28R,PIPER PA-28R-180/200/201,L1P,L
A4A0B3,N398C,BE35,BEECH 35 Starfire Bonanza,L1P,L
A4A7B3,N3998L,C172,CESSNA 172 Skyhawk,L1P,L
A4ACB3,N400AT,LJ55,LEARJET 55,L2J,M
A4ADB3,N400LZ,BE40,BEECH 400 Beechjet,L2J,M
A4AFB3,N4005L,BALL,,B0-,-
A4B0B3,N401DR,BE58,BEECH 58 Baron,L2P,L
A4B2B3,N4010C,SS2T,TRUSH Turbo Thrush 500/550,L1T,L
A4B3B3,N4017P,PA23,PIPER PA-23,L2P,L
A4B5B3,N402SV,AT45,ATR-42-500,L2T,M
A4B7B3,N4029S,UH12,HILLER UH-12,H1P,L
A4BAB3,N4034J,C150,CESSNA 150,L1P,L
A4BBB3,N404CD,LJ60,LEARJET 60,L2J,M
A4C1B3,N4051D,C182,CESSNA 182 Skylane,L1P,L
A4C2B3,N4058Q,P28A,PIPER PA-28-140/150/160/180,L1P,L
A4C5B3,N4063G,PA34,PIPER PA-34 Seneca,L2P,L
A4C6B3,N407AS,B739,BOEING 737-900,L2J,M
A4C9B3,N4075K,T18,THORP Tiger,L1P,L
A4CCB3,N4080B,BL17,BELLANCA 17 Viking,L1P,L
A4CDB3,N4087N,C120,CESSNA 120,L1P,L
A4D3B3,N41VS,B212,BELL 212,H2T,L
A4D4B3,N410FX,E545,EMBRAER EMB545 Praetor 500,L2J,M
A4D5B3,N410SC,EN48,ENSTROM TH-28,H1T,L
A4D8B3,N411JV,BEAR,AVIPRO RB-4 Bearhawk,L1P,L
A4D9B3,N411VA,BALL,,B0-,-
A4DCB3,N412MT,,,,
A4DFB3,N413EK,PISI,PIPSTREL Sinus,L1P,L
A4E1B3,N4130X,TAIL,WITTMAN Tailwind,L1P,L
A4E6B3,N415A,ERCO,AIR PRODUCTS F-1 Aircoupe,L1P,L
A4E8B3,N415WM,SR20,CIRRUS SR-20,L1P,L
A4E9B3,N41543,J3,PIPER J-3 Cub,L1P,L
A4EDB3,N41666,,,,
A4F1B3,N41789,P28A,PIPER PA-28-140/150/160/180,L1P,L
A4F3B3,N418V,,,,
A4F5B3,N419BL,DA40,DIAMOND DA-40 Club Star,L1P,L
A4F8B3,N41954,P28A,PIPER PA-28-140/150/160/180,L1P,L
A4F9B3,N42EJ,ULAC,,L0-,-
A4FCB3,N420MA,C425,CESSNA 425 Corsair,L2T,L
A4FEB3,N4205N,C140,CESSNA 140,L1P,L
A500B3,N421PZ,C421,CESSNA 421 Executive Commuter,L2P,L
A503B3,N422GR,BE35,BEECH 35 Starfire Bonanza,L1P,L
A504B3,N422SX,S22T,CIRRUS SR-22T Turbo,L1P,L
A505B3,N4222H,M20P,MOONEY M-20,L1P,L
A50BB3,N424NM,BE18,BEECH 18 Expetitor,L2P,L
A50DB3,N4246P,J3,PIPER J-3 Cub,L1P,L
A510B3,N4251F,QUIC,Quickie,L1P,L
A512B3,N426JB,CRER,RANS Courier,L1P,L
A514B3,N4263J,P28A,PIPER PA-28-140/150/160/180,L1P,L
A516B3,N427M,,,,
A518B3,N4275M,PA12,PIPER PA-12 Super Cruiser,L1P,L
A519B3,N428DS,DA40,DIAMOND DA-40 Club Star,L1P,L
A51CB3,N4287Q,C172,CESSNA 172 Skyhawk,L1P,L
A51EB3,N429SW,CRJ2,BOMBARDIER Regional Jet CRJ-200,L2J,M
A51FB3,N4292G,,,,
A522B3,N43VU,SR20,CIRRUS SR-20,L1P,L
A525B3,N43011,TAYB,TAYLORCRAFT BC/BF/BL,L1P,L
A529B3,N43134,PA34,PIPER PA-34 Seneca,L2P,L
A52AB3,N432BP,C82S,CESSNA T182 Turbo Skylane,L1P,L
A52DB3,N43257,P28A,PIPER PA-28-140/150/160/180,L1P,L
A530B3,N4330Z,PA18,PIPER PA-18 Super Cub,L1P,L
A534B3,N43422,P28A,PIPER PA-28-140/150/160/180,L1P,L
A53CB3,N43668,TAYB,TAYLORCRAFT BC/BF/BL,L1P,L
A53FB3,N43710,TAYB,TAYLORCRAFT BC/BF/BL,L1P,L
A547B3,N43956,P28A,PIPER PA-28-140/150/160/180,L1P,L
A54BB3,N440MC,LJ60,LEARJET 60,L2J,M
A54DB3,N4405Q,PA44,PIPER PA-44 Seminole,L2P,L
A551B3,N4417T,PA32,PIPER PA-32,L1P,L
A558B3,N4434N,T6,NORTH AMERICAN T-6 Texan,L1P,L
A55CB3,N4446R,C172,CESSNA 172 Skyhawk,L1P,L
A55EB3,N445RM,LJ45,LEARJET 45,L2J,M
A564B3,N447AW,CRJ2,BOMBARDIER Regional Jet CRJ-200,L2J,M
A567B3,N4475P,PA23,PIPER PA-23,L2P,L
A56BB3,N4487S,BE36,BEECH 36 Bonanza,L1P,L
A56EB3,N4492J,BE58,BEECH 58 Baron,L2P,L
A574B3,N45013,BALL,,B0-,-
A575B3,N4509D,BE35,BEECH 35 Starfire Bonanza,L1P,L
A578B3,N45136,N3N,NAVAL AIRCRAFT FACTORY N3N,L1P,L
A57CB3,N45259,N3N,NAVAL AIRCRAFT FACTORY N3N,L1P,L
A584B3,N455AD,,,,
A588B3,N456DB,AS25,SCHLEICHER ASH-25,L1P,L
A589B3,N456PH,R22,ROBINSON R-22 Mariner,H1P,L
A58BB3,N4567,R44,ROBINSON R-44 Raven,H1P,L
A592B3,N45835,C77R,CESSNA 177RG Cardinal RG,L1P,L
A599B3,N460AZ,DRON,,D0-,-
A5A4B3,N4629Y,PA25,PIPER PA-25 Pawnee,L1P,L
A5AFB3,N4658W,AC11,NORTH AMERICAN ROCKWELL Commander 112/114,L1P,L
A5B6B3,N4675R,P28A,PIPER PA-28-140/150/160/180,L1P,L
A5BCB3,N469T,BE95,BEECH 95 Travel Air,L2P,L
A5BDB3,N4692L,C172,CESSNA 172 Skyhawk,L1P,L
A5BFB3,N47KS,C182,CESSNA 182 Skylane,L1P,L
A5CCB3,N473ER,C172,CESSNA 172 Skyhawk,L1P,L
A5CEB3,N47303,S10,STINSON 10 Voyager,L1P,L
A5D0B3,N474HP,PARA,,P0-,-
A5D2B3,N47426,P28A,PIPER PA-28-140/150/160/180,L1P,L
A5D3B3,N475AF,SW4,SWEARINGEN Metro,L2T,M
A5DDB3,N47714,P28A,PIPER PA-28-140/150/160/180,L1P,L
A5E1B3,N47837,P28A,PIPER PA-28-140/150/160/180,L1P,L
A5E3B3,N479MY,C25A,CESSNA 525A Citation CJ2,L2J,L
A5E9B3,N480MG,,,,
A5EAB3,N480XN,TRDO,TITAN Tornado SS,L1P,L
A5EBB3,N4805U,C210,CESSNA 201 Centurion,L1P,L
A5EEB3,N4810L,P28A,PIPER PA-28-140/150/160/180,L1P,L
A5F6B3,N4834S,C82R,CESSNA R182 Skylane RG,L1P,L
A601B3,N4863Q,C188,CESSNA 188 AgTruck,L1P,L
A608B3,N4880K,NAVI,NORTH AMERICAN Navion,L1P,L
A609B3,N4887W,AC11,NORTH AMERICAN ROCKWELL Commander 112/114,L1P,L
A616B3,N4914,L5,STINSON Sentinel,L1P,L
A61DB3,N49305,PTS1,PITTS S-1 Special,L1P,L
A626B3,N496DF,UH1,BELL UH-1 Huey,H1T,L
A629B3,N4967D,C182,CESSNA 182 Skylane,L1P,L
A62BB3,N497SK,DRON,,D0-,-
A632B3,N499N,BE17,BEECH 17 Staggerwing,L1P,L
A636B3,N5QY,B06,BELL 206 JetRanger,H1T,L
A637B3,N50BC,M4,MAULE M-4,L1P,L
A638B3,N50MJ,ULAC,,L0-,-
A644B3,N5027H,,,,
A646B3,N503SP,C172,CESSNA 172 Skyhawk,L1P,L
A648B3,N5039L,CH7B,BELLANCA 7 Citabria,L1P,L
A651B3,N506RB,P28A,PIPER PA-28-140/150/160/180,L1P,L
A652B3,N50608,TAYD,TAYLORCRAFT DC/DF/DL,L1P,L
A65AB3,N5085D,C182,CESSNA 182 Skylane,L1P,L
A65EB3,N5097G,GYRO,,G0-,-
A660B3,N51SN,PC12,PILATUS PC-12,L1T,L
A661B3,N510CT,F2TH,DASSAULT Falcon 2000,L2J,M
A662B3,N510NZ,C510,CESSNA 510 Citation Mustang,L2J,L
A664B3,N51061,PARA,,P0-,-
A66BB3,N5123W,P28A,PIPER PA-28-140/150/160/180,L1P,L
A66DB3,N513MM,PA18,PIPER PA-18 Super Cub,L1P,L
A670B3,N514ED,SR22,CIRRUS SR-22,L1P,L
A672B3,N5140R,C72R,CESSNA 172R Cutlass RG,L1P,L
A673B3,N51472,C182,CESSNA 182 Skylane,L1P,L
A675B3,N515TH,H500,HUGHES 500,H1T,L
A676B3,N5152U,C206,CESSNA  206 Stationair,L1P,L
A67AB3,N5164X,C82S,CESSNA T182 Turbo Skylane,L1P,L
A67EB3,N51760,T50,CESSNA Bobcat,L2P,L
A680B3,N518RW,J3,PIPER J-3 Cub,L1P,L
A681B3,N5181S,P28A,PIPER PA-28-140/150/160/180,L1P,L
A682B3,N51883,C172,CESSNA 172 Skyhawk,L1P,L
A688B3,N52XS,YK52,YAKOVLEV Yak-52,L1P,L
A68BB3,N5203D,C172,CESSNA 172 Skyhawk,L1P,L
A68FB3,N5215G,C310,CESSNA 310,L2P,L
A690B3,N522DM,RV6,VANS RV-6,L1P,L
A69BB3,N525C,C25A,CESSNA 525A Citation CJ2,L2J,L
A69EB3,N5256H,C172,CESSNA 172 Skyhawk,L1P,L
A6A8B3,N528X,C310,CESSNA 310,L2P,L
A6ABB3,N529PS,PC12,PILATUS PC-12,L1T,L
A6B1B3,N530PA,,,,
A6B6B3,N5311V,UH12,HILLER UH-12,H1P,L
A6B7B3,N53186,BALL,,B0-,-
A6BEB3,N53351,C172,CESSNA 172 Skyhawk,L1P,L
A6C1B3,N5340T,C172,CESSNA 172 Skyhawk,L1P,L
A6C2B3,N53474,C172,CESSNA 172 Skyhawk,L1P,L
A6C4B3,N535TK,M7,MAULE M-7,L1P,L
A6C5B3,N5352W,P28A,PIPER PA-28-140/150/160/180,L1P,L
A6C9B3,N5364Z,PA22,PIPER PA-22,L1P,L
A6CBB3,N537P,B06,BELL 206 JetRanger,H1T,L
A6D0B3,N5381U,DHC2,DE HAVILLAND DHC-2 Beaver,L1P,L
A6D1B3,N53885,C172,CESSNA 172 Skyhawk,L1P,L
A6D3B3,N539UW,A321,AIRBUS A-321,L2J,M
A6D4B3,N5393X,AVID,AVID Flyer,L1P,L
A6D5B3,N54BG,P32R,PIPER PA-32R-300/301/301T,L1P,L
A6D6B3,N54MN,AS50,AEROSPATIALE AS-350 Ecureuil,H1T,L
A6DAB3,N5403F,P28A,PIPER PA-28-140/150/160/180,L1P,L
A6DFB3,N542DP,RV6,VANS RV-6,L1P,L
A6E3B3,N543GM,RV12,VANS RV-12,L1P,L
A6EAB3,N545CB,SR22,CIRRUS SR-22,L1P,L
A6F0B3,N5461B,,,,
A6F4B3,N5473E,ERCO,AIR PRODUCTS F-1 Aircoupe,L1P,L
A6F8B3,N5485H,C172,CESSNA 172 Skyhawk,L1P,L
A6FAB3,N549PU,C150,CESSNA 150,L1P,L
A6FCB3,N5497L,AA5,AMERICAN AA-5 Tiger,L1P,L
A6FDB3,N55GL,,,,
A6FEB3,N55SS,BE35,BEECH 35 Starfire Bonanza,L1P,L
A702B3,N55065,BL8,BELLANCA 8 Decathlon,L1P,L
A705B3,N5511X,SS2P,ROCKWELL Thrush Commander,L1P,L
A710B3,N5540V,FB1A,BOWERS Fly Baby 1A,L1P,L
A712B3,N555HF,PA44,PIPER PA-44 Seminole,L2P,L
A713B3,N555TM,BE95,BEECH 95 Travel Air,L2P,L
A715B3,N55599,P28R,PIPER PA-28R-180/200/201,L1P,L
A717B3,N556WK,,,,
A718B3,N55641,P28R,PIPER PA-28R-180/200/201,L1P,L
A71EB3,N558S,C320,CESSNA 320 Skyknight,L2P,L
A71FB3,N5581W,P28A,PIPER PA-28-140/150/160/180,L1P,L
A721B3,N559JS,GLST,GLASAIR SH-4 GlaStar,L1P,L
A723B3,N5593Z,PA22,PIPER PA-22,L1P,L
A724B3,N56BJ,CH60,ZENAIR CH-600 Zodiac,L1P,L
A727B3,N560JA,C550,CESSNA 550 Citation S2,L2J,L
A72AB3,N561AT,C180,CESSNA  180 Skywagon,L1P,L
A72DB3,N5615L,,,,
A734B3,N5632F,T6,NORTH AMERICAN T-6 Texan,L1P,L
A735B3,N5639S,,,,
A738B3,N5644J,M6,MAULE M-6,L1P,L
A739B3,N565CD,H25B,HAWKER BEECHCRAFT Hawker 750/850,L2J,M
A73CB3,N5656M,S22T,CIRRUS SR-22T Turbo,L1P,L
A740B3,N5668Q,M20P,MOONEY M-20,L1P,L
A741B3,N567J,GLST,GLASAIR SH-4 GlaStar,L1P,L
A744B3,N568AS,B738,BOEING 737-800,L2J,M
A74AB3,N5690B,EN28,ENSTROM F-28,H1P,L
A74DB3,N57SU,,,,
A752B3,N571FX,CL35,BOMBARDIER BD-100 Challenger 350,L2J,M
A753B3,N571SC,C208,CESSNA 208 Caravan,L1T,L
A755B3,N5719,,,,
A757B3,N572VA,C525,CESSNA 525 CitationJet,L2J,L
A758B3,N57232,M20P,MOONEY M-20,L1P,L
A75AB3,N573MT,DV20,DIAMOND DA-20,L1P,L
A75CB3,N57355,P28R,PIPER PA-28R-180/200/201,L1P,L
A765B3,N576LF,A119,AGUSTA AW-119 Koala,H1T,L
A773B3,N58BL,H25B,HAWKER BEECHCRAFT Hawker 750/850,L2J,M
A774B3,N58MS,BE36,BEECH 36 Bonanza,L1P,L
A778B3,N5803K,BE35,BEECH 35 Starfire Bonanza,L1P,L
A77DB3,N582DT,PC12,PILATUS PC-12,L1T,L
A77FB3,N5820E,BALL,,B0-,-
A782B3,N583SX,SONX,SONEX AIRCRAFT Sonex,L1P,L
A783B3,N5832H,PA16,PIPER PA-16 Clipper,L1P,L
A787B3,N5844L,AA5,AMERICAN AA-5 Tiger,L1P,L
A789B3,N585NM,NG5,BRM AERO NG-5/6 Bristell,L1P,L
A78BB3,N5856P,PA24,PIPER PA-24 Comanche,L1P,L
A78CB3,N586FD,C25A,CESSNA 525A Citation CJ2,L2J,L
A78DB3,N586RK,SONX,SONEX AIRCRAFT Sonex,L1P,L
A78FB3,N5868S,BE95,BEECH 95 Travel Air,L2P,L
A790B3,N587JB,A320,AIRBUS A-320,L2J,M
A792B3,N5873J,BE35,BEECH 35 Starfire Bonanza,L1P,L
A794B3,N588M,GLID,,L0-,-
A796B3,N5885M,C310,CESSNA 310,L2P,L
A799B3,N5890D,PA18,PIPER PA-18 Super Cub,L1P,L
A79AB3,N5897Q,M20P,MOONEY M-20,L1P,L
A79CB3,N59SW,PA32,PIPER PA-32,L1P,L
A7A4B3,N5919B,C182,CESSNA 182 Skylane,L1P,L
A7AEB3,N5940Z,PA22,PIPER PA-22,L1P,L
A7B6B3,N59645,PA18,PIPER PA-18 Super Cub,L1P,L
A7B7B3,N597D,C172,CESSNA 172 Skyhawk,L1P,L
A7BAB3,N59768,ST75,STEARMAN Kaydet,L1P,L
A7BCB3,N598SD,RV9,VANS RV-9,L1P,L
A7BDB3,N59810,ST75,STEARMAN Kaydet,L1P,L
A7BEB3,N5989A,C172,CESSNA 172 Skyhawk,L1P,L
A7BFB3,N599JW,PTS1,PITTS S-1 Special,L1P,L
A7C2B3,N6BN,CH7B,BELLANCA 7 Citabria,L1P,L
A7C3B3,N6MU,P337,CESSNA P337 Skymaster,L2P,L
A7C4B3,N6Y,,,,
A7C5B3,N60JE,HA4T,RAYTHEON 4000 Hawker Horizon,L2J,M
A7C9B3,N60003,BE23,BEECH 23 Sundowner,L1P,L
A7CAB3,N6008D,BE24,BEECH 24 Sierra,L1P,L
A7CCB3,N601TV,R44,ROBINSON R-44 Raven,H1P,L
A7D0B3,N602WT,RV10,VANS RV-10,L1P,L
A7D1B3,N60249,C150,CESSNA 150,L1P,L
A7D5B3,N6037B,T210,CESSNA T210 Turbo Centurion,L1P,L
A7D6B3,N604GB,GA6C,GULFSTREAM G600,L2J,M
A7D8B3,N60414,ST75,STEARMAN Kaydet,L1P,L
A7D9B3,N6049E,BE35,BEECH 35 Starfire Bonanza,L1P,L
A7DAB3,N605K,BE35,BEECH 35 Starfire Bonanza,L1P,L
A7DCB3,N60537,O1,CESSNA 305/341 Bird Dog,L1P,L
A7DDB3,N606BS,PC12,PILATUS PC-12,L1T,L
A7E4B3,N6078C,C82R,CESSNA R182 Skylane RG,L1P,L
A7E6B3,N608TU,,,,
A7E7B3,N60825,C150,CESSNA 150,L1P,L
A7E8B3,N609AE,SR22,CIRRUS SR-22,L1P,L
A7ECB3,N61DC,RLU1,RLU Super Breezy,L1P,L
A7EDB3,N61PJ,MT,ROTORSPORT MTOSport,G1P,L
A7F2B3,N611CM,P28R,PIPER PA-28R-180/200/201,L1P,L
A7F5B3,N6116V,BE35,BEECH 35 Starfire Bonanza,L1P,L
A7F8B3,N6121M,S108,STINSON 108 Voyager,L1P,L
A7FBB3,N613UP,B748,BOEING 747-8,L4J,H
A7FDB3,N614B,C25B,CESSNA 525B Citation CJ3,L2J,L
A800B3,N6145T,C150,CESSNA 150,L1P,L
A803B3,N6150K,C172,CESSNA 172 Skyhawk,L1P,L
A804B3,N6157W,P28A,PIPER PA-28-140/150/160/180,L1P,L
A806B3,N616TB,RV6,VANS RV-6,L1P,L
A80AB3,N617W,CH7B,BELLANCA 7 Citabria,L1P,L
A80BB3,N6174R,C72R,CESSNA 172R Cutlass RG,L1P,L
A814B3,N62JG,SNS7,SORRELL Hiperbipe,L1P,L
A819B3,N6208F,C120,CESSNA 120,L1P,L
A81BB3,N621TX,K100,DAHER Kodiak 100,L1T,L
A81CB3,N62128,C172,CESSNA 172 Skyhawk,L1P,L
A81EB3,N622LP,C310,CESSNA 310,L2P,L
A820B3,N6225A,C182,CESSNA 182 Skylane,L1P,L
A822B3,N623PM,C650,CESSNA 650 Citation,L2J,M
A827B3,N62416,ST75,STEARMAN Kaydet,L1P,L
A828B3,N6249G,C150,CESSNA 150,L1P,L
A829B3,N625KB,CH7A,BELLANCA 7 Champion,L1P,L
A82DB3,N626N,BE60,BEECH 60 Duke,L2P,L
A837B3,N629AG,PA46,PIPER PA-46-310/350,L1P,L
A83BB3,N63DE,C310,CESSNA 310,L2P,L
A83CB3,N63PL,P28A,PIPER PA-28-140/150/160/180,L1P,L
A840B3,N6304U,T210,CESSNA T210 Turbo Centurion,L1P,L
A841B3,N631CP,C82T,CESSNA TR182 Turbo Skylane RG,L1P,L
A844B3,N6316X,C340,CESSNA 340 Super,L2P,L
A847B3,N6321P,C152,CESSNA 152,L1P,L
A84BB3,N6333S,C150,CESSNA 150,L1P,L
A84FB3,N6345V,C72R,CESSNA 172R Cutlass RG,L1P,L
A850B3,N635E,GLF4,GULFSTREAM 4,L2J,M
A851B3,N635QF,VTRA,RANS Venterra,L1P,L
A852B3,N6350M,C152,CESSNA 152,L1P,L
A856B3,N6362Q,M20P,MOONEY M-20,L1P,L
A857B3,N63691,ST75,STEARMAN Kaydet,L1P,L
A85AB3,N6374T,C82R,CESSNA R182 Skylane RG,L1P,L
A862B3,N6398Z,YK52,YAKOVLEV Yak-52,L1P,L
A867B3,N64007,C172,CESSNA 172 Skyhawk,L1P,L
A873B3,N6437F,C150,CESSNA 150,L1P,L
A876B3,N64418,C172,CESSNA 172 Skyhawk,L1P,L
A877B3,N6449J,C172,CESSNA 172 Skyhawk,L1P,L
A87EB3,N6466D,C172,CESSNA 172 Skyhawk,L1P,L
A889B3,N6495B,C172,CESSNA 172 Skyhawk,L1P,L
A88AB3,N65DG,C170,CESSNA 170,L1P,L
A893B3,N6516Z,PA25,PIPER PA-25 Pawnee,L1P,L
A895B3,N652RV,RV7,VANS RV-7,L1P,L
A89AB3,N6533U,B06,BELL 206 JetRanger,H1T,L
A89EB3,N6545X,C210,CESSNA 201 Centurion,L1P,L
A89FB3,N655EB,RV12,VANS RV-12,L1P,L
A8A1B3,N6550P,PA24,PIPER PA-24 Comanche,L1P,L
A8A5B3,N6562S,C82R,CESSNA R182 Skylane RG,L1P,L
A8A6B3,N65693,ST75,STEARMAN Kaydet,L1P,L
A8A9B3,N6574V,BL17,BELLANCA 17 Viking,L1P,L
A8B2B3,N66JL,BE36,BEECH 36 Bonanza,L1P,L
A8B6B3,N66009,C150,CESSNA 150,L1P,L
A8B9B3,N661UA,B763,BOEING 767-300,L2J,H
A8C2B3,N6637H,J3,PIPER J-3 Cub,L1P,L
A8C6B3,N6649L,BE36,BEECH 36 Bonanza,L1P,L
A8CCB3,N666YK,YK52,YAKOVLEV Yak-52,L1P,L
A8CDB3,N6666F,C150,CESSNA 150,L1P,L
A8CFB3,N667RB,PC12,PILATUS PC-12,L1T,L
A8D0B3,N66708,C150,CESSNA 150,L1P,L
A8D1B3,N6678J,P28A,PIPER PA-28-140/150/160/180,L1P,L
A8D8B3,N6695D,BE36,BEECH 36 Bonanza,L1P,L
A8D9B3,N67DJ,T206,CESSNA T206 Turbo Stationair,L1P,L
A8DFB3,N671CT,P28A,PIPER PA-28-140/150/160/180,L1P,L
A8EDB3,N6745Z,PA25,PIPER PA-25 Pawnee,L1P,L
A8F1B3,N67572,B06,BELL 206 JetRanger,H1T,L
A8F5B3,N67695,C172,CESSNA 172 Skyhawk,L1P,L
A8F6B3,N677L,LNC2,LANCAIR 200-320,L1P,L
A8F9B3,N678CS,DV20,DIAMOND DA-20,L1P,L
A900B3,N67983,C140,CESSNA 140,L1P,L
A901B3,N68JN,BE95,BEECH 95 Travel Air,L2P,L
A906B3,N6808M,S108,STINSON 108 Voyager,L1P,L
A90AB3,N682AP,C182,CESSNA 182 Skylane,L1P,L
A90CB3,N682XA,DRON,,D0-,-
A90DB3,N6825G,C150,CESSNA 150,L1P,L
A90EB3,N683DM,SR22,CIRRUS SR-22,L1P,L
A911B3,N6837K,PA16,PIPER PA-16 Clipper,L1P,L
A913B3,N684SR,SR22,CIRRUS SR-22,L1P,L
A915B3,N6849N,M20P,MOONEY M-20,L1P,L
A918B3,N6854E,C175,CESSNA 175 Skylark,L1P,L
A919B3,N686C,S108,STINSON 108 Voyager,L1P,L
A91BB3,N686YM,DRON,,D0-,-
A91CB3,N6866H,C172,CESSNA 172 Skyhawk,L1P,L
A91FB3,N6871,ZZZZ,,-0-,-
A920B3,N6878L,BE33,BEECH 33 Bonanza,L1P,L
A927B3,N6895F,C150,CESSNA 150,L1P,L
A928B3,N69DL,M20P,MOONEY M-20,L1P,L
A929B3,N69PS,PA34,PIPER PA-34 Seneca,L2P,L
A934B3,N6921V,M20P,MOONEY M-20,L1P,L
A93AB3,N694MP,RV6,VANS RV-6,L1P,L
A93FB3,N6950T,SR22,CIRRUS SR-22,L1P,L
A941B3,N696HD,RV6,VANS RV-6,L1P,L
A943B3,N6962W,P28A,PIPER PA-28-140/150/160/180,L1P,L
A945B3,N697LB,P28R,PIPER PA-28R-180/200/201,L1P,L
A946B3,N697WH,PA31,PIPER PA-31-300/310/325/350/425,L2P,L
A949B3,N698P,PARA,,P0-,-
A94EB3,N6991U,M20P,MOONEY M-20,L1P,L
A94FB3,N69985,RELI,STINSON Reliant,L1P,L
A952B3,N70FA,C25A,CESSNA 525A Citation CJ2,L2J,L
A954B3,N700BM,TBM7,SOCATA TBM-700A/B/C,L1T,L
A955B3,N700MT,C82R,CESSNA R182 Skylane RG,L1P,L
A958B3,N701EK,CH70,ZENAIR CH-701 Stol,L1P,L
A95BB3,N70178,G164,GRUMMAN G-164 Ag-Cat,L1P,L
A95DB3,N702TP,RV14,VANS RV-14,L1P,L
A95EB3,N70220,C172,CESSNA 172 Skyhawk,L1P,L
A95FB3,N703A,H25B,HAWKER BEECHCRAFT Hawker 750/850,L2J,M
A961B3,N703WM,C82S,CESSNA T182 Turbo Skylane,L1P,L
A963B3,N704CY,C150,CESSNA 150,L1P,L
A964B3,N704PD,C150,CESSNA 150,L1P,L
A968B3,N705SB,,,,
A969B3,N7051Y,CH70,ZENAIR CH-701 Stol,L1P,L
A96AB3,N70589,J3,PIPER J-3 Cub,L1P,L
A96DB3,N70631,J3,PIPER J-3 Cub,L1P,L
A971B3,N70754,J3,PIPER J-3 Cub,L1P,L
A978B3,N7092Z,PA25,PIPER PA-25 Pawnee,L1P,L
A979B3,N71,BE30,BEECH 300 Super King Air,L2T,L
A97AB3,N71LE,RV14,VANS RV-14,L1P,L
A97BB3,N71WL,HUSK,CHRISTEN Husky,L1P,L
A97EB3,N7102H,J3,PIPER J-3 Cub,L1P,L
A97FB3,N7109U,M20P,MOONEY M-20,L1P,L
A980B3,N711KP,BE9L,BEECH 90 King Air,L2T,L
A981B3,N711VV,BE20,BEECH 200 Super King Air,L2T,M
A983B3,N712CF,RV12,VANS RV-12,L1P,L
A989B3,N7131F,C150,CESSNA 150,L1P,L
A98AB3,N7138S,C150,CESSNA 150,L1P,L
A98BB3,N714JB,F2TH,DASSAULT Falcon 2000,L2J,M
A98DB3,N7143J,BALL,,B0-,-
A98FB3,N715M,CLON,AUTOGYRO Cavalon,G1P,L
A991B3,N7155M,C175,CESSNA 175 Skylark,L1P,L
A994B3,N7160D,PA18,PIPER PA-18 Super Cub,L1P,L
A997B3,N717SW,C180,CESSNA  180 Skywagon,L1P,L
A9A0B3,N7196N,BE35,BEECH 35 Starfire Bonanza,L1P,L
A9A1B3,N72FC,H25B,HAWKER BEECHCRAFT Hawker 750/850,L2J,M
A9A2B3,N72RJ,P28R,PIPER PA-28R-180/200/201,L1P,L
A9A4B3,N720MV,PC12,PILATUS PC-12,L1T,L
A9A6B3,N72057,L8,LUSCOMBE 8,L1P,L
A9A7B3,N721EM,M20T,MOONEY M-20T,L1P,L
A9ACB3,N722TR,BE20,BEECH 200 Super King Air,L2T,M
A9ADB3,N72222,T206,CESSNA T206 Turbo Stationair,L1P,L
A9AEB3,N723AB,GL5T,BOMBARDIER BD-700 Global 5000/5500,L2J,M
A9AFB3,N723LH,GLAS,Glasair,L1P,L
A9B3B3,N724PF,BE24,BEECH 24 Sierra,L1P,L
A9B5B3,N72468,CH7A,BELLANCA 7 Champion,L1P,L
A9B7B3,N725SD,T6,NORTH AMERICAN T-6 Texan,L1P,L
A9BCB3,N72633,C140,CESSNA 140,L1P,L
A9BDB3,N727BN,RV7,VANS RV-7,L1P,L
A9BEB3,N727MU,BE30,BEECH 300 Super King Air,L2T,L
A9BFB3,N727Y,,,,
A9C0B3,N72756,C140,CESSNA 140,L1P,L
A9C2B3,N728QS,CL35,BOMBARDIER BD-100 Challenger 350,L2J,M
A9C8B3,N73AA,BE35,BEECH 35 Starfire Bonanza,L1P,L
A9CBB3,N730GT,DRON,,D0-,-
A9D0B3,N731VX,C188,CESSNA 188 AgTruck,L1P,L
A9D2B3,N732CH,C210,CESSNA 201 Centurion,L1P,L
A9D6B3,N733FF,C172,CESSNA 172 Skyhawk,L1P,L
A9DAB3,N734JD,C172,CESSNA 172 Skyhawk,L1P,L
A9DCB3,N7343L,PA18,PIPER PA-18 Super Cub,L1P,L
A9DDB3,N735AW,C182,CESSNA 182 Skylane,L1P,L
A9DFB3,N735XH,C182,CESSNA 182 Skylane,L1P,L
A9E0B3,N7355P,PA24,PIPER PA-24 Comanche,L1P,L
A9E1B3,N736DU,C172,CESSNA 172 Skyhawk,L1P,L
A9E4B3,N7367S,C182,CESSNA 182 Skylane,L1P,L
A9E5B3,N737GS,C172,CESSNA 172 Skyhawk,L1P,L
A9E6B3,N737SY,C172,CESSNA 172 Skyhawk,L1P,L
A9E7B3,N7372J,P28A,PIPER PA-28-140/150/160/180,L1P,L
A9E8B3,N7379V,BL17,BELLANCA 17 Viking,L1P,L
A9E9B3,N738KQ,C172,CESSNA 172 Skyhawk,L1P,L
A9EAB3,N738VW,C182,CESSNA 182 Skylane,L1P,L
A9EDB3,N739NN,C172,CESSNA 172 Skyhawk,L1P,L
A9EEB3,N739YU,C172,CESSNA 172 Skyhawk,L1P,L
A9EFB3,N7396Q,C182,CESSNA 182 Skylane,L1P,L
A9F8B3,N74101,AA5,AMERICAN AA-5 Tiger,L1P,L
A9FAB3,N742HM,T206,CESSNA T206 Turbo Stationair,L1P,L
AA00B3,N74347,R22,ROBINSON R-22 Mariner,H1P,L
AA07B3,N74512,R22,ROBINSON R-22 Mariner,H1P,L
AA0EB3,N747YB,BE58,BEECH 58 Baron,L2P,L
AA0FB3,N74758,M20P,MOONEY M-20,L1P,L
AA17B3,N75AC,CH7A,BELLANCA 7 Champion,L1P,L
AA1AB3,N750GV,P32R,PIPER PA-32R-300/301/301T,L1P,L
AA1CB3,N7502M,G164,GRUMMAN G-164 Ag-Cat,L1P,L
AA1DB3,N7509Y,G64T,GRUMMAN G-164 Turbo Ag-Cat,L1T,L
AA21B3,N752CK,C500,CESSNA 500 Citation 1,L2J,L
AA23B3,N752YX,E75L,EMBRAER ERJ-170-200 (long wing),L2J,M
AA24B3,N7526T,C172,CESSNA 172 Skyhawk,L1P,L
AA26B3,N753RP,CL30,BOMBARDIER BD-100 Challenger 300,L2J,M
AA2BB3,N7543N,BE36,BEECH 36 Bonanza,L1P,L
AA30B3,N756DW,T206,CESSNA T206 Turbo Stationair,L1P,L
AA32B3,N7560H,C185,CESSNA 185 Skywagon,L1P,L
AA35B3,N757T,LGEZ,RUTAN Long-EZ,L1P,L
AA38B3,N758KS,DRON,,D0-,-
AA3BB3,N759CJ,C182,CESSNA 182 Skylane,L1P,L
AA3DB3,N759YW,C182,CESSNA 182 Skylane,L1P,L
AA3EB3,N7596S,C182,CESSNA 182 Skylane,L1P,L
AA46B3,N761QX,T210,CESSNA T210 Turbo Centurion,L1P,L
AA4CB3,N763AF,SA37,SCHWEIZER SA-2-37 Condor,L1P,L
AA56B3,N76514,B738,BOEING 737-800,L2J,M
AA57B3,N7659E,CH7A,BELLANCA 7 Champion,L1P,L
AA58B3,N766K,WACO,WACO E/O,L1P,L
AA5BB3,N767BS,C56X,CESSNA 560XL Citation XLS,L2J,M
AA5EB3,N7676,GLID,,L0-,-
AA62B3,N7688C,P28A,PIPER PA-28-140/150/160/180,L1P,L
AA65B3,N76925,C140,CESSNA 140,L1P,L
AA66B3,N77AE,VENT,SCHEMPP-HIRTH Ventus,L1P,L
AA67B3,N77LL,C25B,CESSNA 525B Citation CJ3,L2J,L
AA68B3,N77WS,C206,CESSNA  206 Stationair,L1P,L
AA6AB3,N770TC,,,,
AA6FB3,N7714S,GLID,,L0-,-
AA70B3,N772CM,ERCO,AIR PRODUCTS F-1 Aircoupe,L1P,L
AA77B3,N7738Y,PA30,PIPER PA-30 Twin Comanche,L2P,L
AA78B3,N774JH,RAF2,ROTARY AIR FORCE RAF-2000,G1P,L
AA7AB3,N7743Q,C310,CESSNA 310,L2P,L
AA7BB3,N775B,HUSK,CHRISTEN Husky,L1P,L
AA81B3,N7760K,PA20,PIPER PA-20 Pacer,L1P,L
AA82B3,N7767W,P28A,PIPER PA-28-140/150/160/180,L1P,L
AA83B3,N777GW,BE60,BEECH 60 Duke,L2P,L
AA85B3,N7772N,P28A,PIPER PA-28-140/150/160/180,L1P,L
AA89B3,N7784R,,,,
AA8DB3,N7796U,C150,CESSNA 150,L1P,L
AA8EB3,N78FJ,F2TH,DASSAULT Falcon 2000,L2J,M
AA97B3,N7818F,EXEC,ROTORWAY Exec,H1P,L
AA9AB3,N78228,C172,CESSNA 172 Skyhawk,L1P,L
AA9EB3,N7835A,B737,BOEING 737-700,L2J,M
AA9FB3,N784DF,RAF2,ROTARY AIR FORCE RAF-2000,G1P,L
AAA2B3,N7847D,PA22,PIPER PA-22,L1P,L
AAA4B3,N785SK,CRJ7,BOMBARDIER Regional Jet CRJ-700,L2J,M
AAA6B3,N7859G,C172,CESSNA 172 Skyhawk,L1P,L
AAABB3,N787N,ACRO,ACRO SPORT 1,L1P,L
AAB0B3,N78804,C172,CESSNA 172 Skyhawk,L1P,L
AAB5B3,N79AG,BE18,BEECH 18 Expetitor,L2P,L
AAB6B3,N79LN,AA5,AMERICAN AA-5 Tiger,L1P,L
AABBB3,N79092,C172,CESSNA 172 Skyhawk,L1P,L
AABFB3,N792CP,DH8D,DE HAVILLAND DHC-8-400 Dash 8,L2T,M
AAC6B3,N79380,M20P,MOONEY M-20,L1P,L
AACDB3,N7955V,C180,CESSNA  180 Skywagon,L1P,L
AACEB3,N796E,WACO,WACO E/O,L1P,L
AAD1B3,N7967Y,PA30,PIPER PA-30 Twin Comanche,L2P,L
AAD4B3,N7972Q,C310,CESSNA 310,L2P,L
AADBB3,N799Z,M7,MAULE M-7,L1P,L
AADDB3,N8FL,ST75,STEARMAN Kaydet,L1P,L
AADFB3,N80BX,,,,
AAE0B3,N80NC,DHC4,DE HAVILLAND DHC-4 Caribou,L2P,M
AAE2B3,N800JP,RV8,VANS RV-8,L1P,L
AAE4B3,N8003W,P28A,PIPER PA-28-140/150/160/180,L1P,L
AAE6B3,N801MM,LJ45,LEARJET 45,L2J,M
AAE7B3,N801XT,B738,BOEING 737-800,L2J,M
AAE8B3,N8015Z,T206,CESSNA T206 Turbo Stationair,L1P,L
AAE9B3,N802ED,RV3,VANS RV-3,L1P,L
AAEBB3,N8020R,BE24,BEECH 24 Sierra,L1P,L
AAEDB3,N803HB,AT8T,AIR TRACTOR AT-802,L1T,M
AAF2B3,N804WF,AT8T,AIR TRACTOR AT-802,L1T,M
AAFBB3,N80683,BALL,,B0-,-
AB00B3,N808ML,UH1,BELL UH-1 Huey,H1T,L
AB04B3,N809QJ,C206,CESSNA  206 Stationair,L1P,L
AB05B3,N8090Q,BALL,,B0-,-
AB06B3,N80971,GC1,GLOBE Swift,L1P,L
AB08B3,N81TG,,,,
AB09B3,N810DM,,,,
AB0AB3,N810PT,SR22,CIRRUS SR-22,L1P,L
AB0EB3,N811SR,SR22,CIRRUS SR-22,L1P,L
AB14B3,N813C,S108,STINSON 108 Voyager,L1P,L
AB1BB3,N8148L,P28A,PIPER PA-28-140/150/160/180,L1P,L
AB1EB3,N8153C,R22,ROBINSON R-22 Mariner,H1P,L
AB23B3,N817DL,S22T,CIRRUS SR-22T Turbo,L1P,L
AB24B3,N817PS,C172,CESSNA 172 Skyhawk,L1P,L
AB2DB3,N8194D,PA18,PIPER PA-18 Super Cub,L1P,L
AB2EB3,N82BZ,P28A,PIPER PA-28-140/150/160/180,L1P,L
AB33B3,N8203Y,PA30,PIPER PA-30 Twin Comanche,L2P,L
AB3AB3,N8220T,UH1,BELL UH-1 Huey,H1T,L
AB3BB3,N82274,PA18,PIPER PA-18 Super Cub,L1P,L
AB3EB3,N8232W,P28A,PIPER PA-28-140/150/160/180,L1P,L
AB44B3,N825P,BE9L,BEECH 90 King Air,L2T,L
AB49B3,N8261U,PA34,PIPER PA-34 Seneca,L2P,L
AB4EB3,N828BG,C550,CESSNA 550 Citation S2,L2J,L
AB51B3,N82850,CH7A,BELLANCA 7 Champion,L1P,L
AB54B3,N8290S,C150,CESSNA 150,L1P,L
AB55B3,N82973,CH7A,BELLANCA 7 Champion,L1P,L
AB57B3,N83TJ,B06,BELL 206 JetRanger,H1T,L
AB58B3,N830DP,SRAI,GREAT PLAINS Sonerai,L1P,L
AB5AB3,N8300A,C170,CESSNA 170,L1P,L
AB62B3,N8324G,C150,CESSNA 150,L1P,L
AB63B3,N833CB,C172,CESSNA 172 Skyhawk,L1P,L
AB69B3,N8341B,C172,CESSNA 172 Skyhawk,L1P,L
AB6CB3,N835UD,DRON,,D0-,-
AB72B3,N837DN,B739,BOEING 737-900,L2J,M
AB75B3,N8377L,PA44,PIPER PA-44 Seminole,L2P,L
AB77B3,N838SS,RF6,FOURNIER RF-6,L1P,L
AB78B3,N8382C,P28R,PIPER PA-28R-180/200/201,L1P,L
AB7DB3,N84CA,BE20,BEECH 200 Super King Air,L2T,M
AB7EB3,N84NG,C650,CESSNA 650 Citation,L2J,M
AB82B3,N84030,CH7A,BELLANCA 7 Champion,L1P,L
AB86B3,N84153,C172,CESSNA 172 Skyhawk,L1P,L
AB8AB3,N84276,CH7A,BELLANCA 7 Champion,L1P,L
AB8DB3,N8432Y,PA30,PIPER PA-30 Twin Comanche,L2P,L
AB8EB3,N84399,CH7A,BELLANCA 7 Champion,L1P,L
AB95B3,N84564,CH7A,BELLANCA 7 Champion,L1P,L
AB98B3,N8461W,P28A,PIPER PA-28-140/150/160/180,L1P,L
AB99B3,N84687,CH7A,BELLANCA 7 Champion,L1P,L
AB9AB3,N847JS,C56X,CESSNA 560XL Citation XLS,L2J,M
ABA3B3,N8490U,C172,CESSNA 172 Skyhawk,L1P,L
ABA5B3,N85HE,C550,CESSNA 550 Citation S2,L2J,L
ABA7B3,N850DR,C150,CESSNA 150,L1P,L
ABA9B3,N8500C,,,,
ABADB3,N8512F,AT8T,AIR TRACTOR AT-802,L1T,M
ABAEB3,N8519S,C182,CESSNA 182 Skylane,L1P,L
ABB5B3,N8536M,BE35,BEECH 35 Starfire Bonanza,L1P,L
ABB8B3,N8541D,CRJ2,BOMBARDIER Regional Jet CRJ-200,L2J,M
ABB9B3,N8548Q,C185,CESSNA 185 Skywagon,L1P,L
ABBDB3,N856AS,CRJ2,BOMBARDIER Regional Jet CRJ-200,L2J,M
ABC3B3,N8570B,C172,CESSNA 172 Skyhawk,L1P,L
ABC8B3,N8589R,BE95,BEECH 95 Travel Air,L2P,L
ABD0B3,N860VA,R22,ROBINSON R-22 Mariner,H1P,L
ABD1B3,N86032,,,,
ABD2B3,N861BM,BE36,BEECH 36 Bonanza,L1P,L
ABD3B3,N861MT,B407,BELL 407,H1T,L
ABD9B3,N86278,AR11,AERONCA 11 Chief,L1P,L
ABDDB3,N864A,FB1A,BOWERS Fly Baby 1A,L1P,L
ABDFB3,N864WM,CH7A,BELLANCA 7 Champion,L1P,L
ABE2B3,N865PD,AA5,AMERICAN AA-5 Tiger,L1P,L
ABEDB3,N868MS,ESCP,REALITY Escapade,L1P,L
ABEFB3,N86854,BL8,BELLANCA 8 Decathlon,L1P,L
ABF3B3,N86977,CH7B,BELLANCA 7 Citabria,L1P,L
ABF4B3,N87HG,E50P,EMBRAER EMB-500 Phenom 100,L2J,L
AC08B3,N8748S,C150,CESSNA 150,L1P,L
AC09B3,N875JB,AT8T,AIR TRACTOR AT-802,L1T,M
AC10B3,N877DS,PA32,PIPER PA-32,L1P,L
AC17B3,N8789T,C172,CESSNA 172 Skyhawk,L1P,L
AC1CB3,N88NL,PTS2,PITTS S-2 Special,L1P,L
AC1DB3,N88YS,RV8,VANS RV-8,L1P,L
AC25B3,N882EM,C340,CESSNA 340 Super,L2P,L
AC28B3,N8828,,,,
AC2AB3,N883TR,CL30,BOMBARDIER BD-100 Challenger 300,L2J,M
AC2BB3,N88322,CH7B,BELLANCA 7 Citabria,L1P,L
AC2CB3,N884AB,H25B,HAWKER BEECHCRAFT Hawker 750/850,L2J,M
AC2FB3,N88445,J3,PIPER J-3 Cub,L1P,L
AC30B3,N885D,GLID,,L0-,-
AC31B3,N885PF,ULAC,,L0-,-
AC36B3,N88610,J3,PIPER J-3 Cub,L1P,L
AC3BB3,N888BN,PTS2,PITTS S-2 Special,L1P,L
AC49B3,N891GT,EC30,AIRBUS HELICOPTERS EC-130,H1T,L
AC4FB3,N8924N,PA32,PIPER PA-32,L1P,L
AC53B3,N8936R,CH7A,BELLANCA 7 Champion,L1P,L
AC57B3,N8948U,BE35,BEECH 35 Starfire Bonanza,L1P,L
AC5EB3,N8965P,PA24,PIPER PA-24 Comanche,L1P,L
AC62B3,N8977S,CRER,RANS Courier,L1P,L
AC63B3,N898GS,,,,
AC64B3,N898SY,EN28,ENSTROM F-28,H1P,L
AC68B3,N899VW,DRON,,D0-,-
AC6AB3,N9CG,C180,CESSNA  180 Skywagon,L1P,L
AC6DB3,N90JZ,BE9L,BEECH 90 King Air,L2T,L
AC6FB3,N900FK,TBM7,SOCATA TBM-700A/B/C,L1T,L
AC70B3,N900RR,C210,CESSNA 201 Centurion,L1P,L
AC71B3,N9001M,C180,CESSNA  180 Skywagon,L1P,L
AC73B3,N901JH,RV6,VANS RV-6,L1P,L
AC74B3,N901UP,C750,CESSNA 750 Citation 10,L2J,M
AC75B3,N9013Q,,,,
AC76B3,N902B,CL60,BOMBARDIER CL-600 Challenger,L2J,M
AC7DB3,N9037W,,,,
AC7EB3,N904GW,C25A,CESSNA 525A Citation CJ2,L2J,L
AC80B3,N9042N,RC3,REPUBLIC RC-3 Seabee,A1P,L
AC85B3,N906CL,B773,BOEING 777-300,L2J,H
AC89B3,N907FJ,CRJ9,BOMBARDIER Regional Jet CRJ-900,L2J,M
AC8FB3,N9083P,PA24,PIPER PA-24 Comanche,L1P,L
AC93B3,N9095S,PA46,PIPER PA-46-310/350,L1P,L
AC99B3,N9105A,C170,CESSNA 170,L1P,L
AC9AB3,N911DF,FB1A,BOWERS Fly Baby 1A,L1P,L
AC9EB3,N912GD,ULAC,,L0-,-
AC9FB3,N912SK,COY2,RANS Coyote 2,L1P,L
ACA4B3,N91339,BALL,,B0-,-
ACA6B3,N914N,RV7,VANS RV-7,L1P,L
ACACB3,N9158E,M5,MAULE M-5,L1P,L
ACB3B3,N9175,C182,CESSNA 182 Skylane,L1P,L
ACB4B3,N918DE,MD88,MCDONNELL-DOUGLAS MD-88,L2J,M
ACB5B3,N918PL,BALL,,B0-,-
ACB7B3,N9187C,C82R,CESSNA R182 Skylane RG,L1P,L
ACBEB3,N920FM,DRON,,D0-,-
ACBFB3,N920RT,COL4,CESSNA 400 Corvalis TT,L1P,L
ACC0B3,N9201P,PA24,PIPER PA-24 Comanche,L1P,L
ACC2B3,N921JK,T18,THORP Tiger,L1P,L
ACC5B3,N922BB,,,,
ACC6B3,N922MH,SR22,CIRRUS SR-22,L1P,L
ACC9B3,N923E,,,,
ACCBB3,N9230M,M20P,MOONEY M-20,L1P,L
ACCCB3,N9237Y,PA31,PIPER PA-31-300/310/325/350/425,L2P,L
ACCEB3,N924TD,C25B,CESSNA 525B Citation CJ3,L2J,L
ACCFB3,N9242Q,BE35,BEECH 35 Starfire Bonanza,L1P,L
ACD1B3,N925KW,C25C,CESSNA 525C Citation CJ4,L2J,M
ACD3B3,N9254T,C180,CESSNA  180 Skywagon,L1P,L
ACD7B3,N9266W,P28B,PIPER PA-28-201T/235/236,L1P,L
ACDCB3,N928JJ,C25A,CESSNA 525A Citation CJ2,L2J,L
ACDEB3,N9283R,C188,CESSNA 188 AgTruck,L1P,L
ACE0B3,N929MG,SR22,CIRRUS SR-22,L1P,L
ACE5B3,N930AK,TBM7,SOCATA TBM-700A/B/C,L1T,L
ACE6B3,N930LR,CRJ9,BOMBARDIER Regional Jet CRJ-900,L2J,M
ACE8B3,N9305C,C180,CESSNA  180 Skywagon,L1P,L
ACE9B3,N931DH,,,,
ACF0B3,N9329J,P28A,PIPER PA-28-140/150/160/180,L1P,L
ACF3B3,N9334A,C195,CESSNA 195,L1P,L
ACF7B3,N9346D,C72R,CESSNA 172R Cutlass RG,L1P,L
ACFAB3,N93506,ERCO,AIR PRODUCTS F-1 Aircoupe,L1P,L
ACFBB3,N9358G,C182,CESSNA 182 Skylane,L1P,L
AD02B3,N9375B,C175,CESSNA 175 Skylark,L1P,L
AD0FB3,N9401R,,,,
AD10B3,N94082,ERCO,AIR PRODUCTS F-1 Aircoupe,L1P,L
AD14B3,N942BD,BE40,BEECH 400 Beechjet,L2J,M
AD17B3,N9425X,C82R,CESSNA R182 Skylane RG,L1P,L
AD1AB3,N9430P,PA24,PIPER PA-24 Comanche,L1P,L
AD1DB3,N944TF,BE9L,BEECH 90 King Air,L2T,L
AD2AB3,N94781,,,,
AD2DB3,N9483T,PA38,PIPER PA-38 Tomahawk,L1P,L
AD34B3,N950AM,B738,BOEING 737-800,L2J,M
AD37B3,N9505E,BL17,BELLANCA 17 Viking,L1P,L
AD3BB3,N9517H,C82R,CESSNA R182 Skylane RG,L1P,L
AD3DB3,N952SP,PRM1,RAYTHEON 390 Premier 1,L2J,L
AD3FB3,N9529L,AA5,AMERICAN AA-5 Tiger,L1P,L
AD40B3,N953KF,,,,
AD4DB3,N9563A,C72R,CESSNA 172R Cutlass RG,L1P,L
AD4EB3,N957AL,EC35,AIRBUS HELICOPTERS EC-135/635,H2T,L
AD51B3,N9575D,PA18,PIPER PA-18 Super Cub,L1P,L
AD52B3,N958DJ,B739,BOEING 737-900,L2J,M
AD56B3,N959GG,AT5T,AIR TRACTOR AT-504,L1T,L
AD59B3,N9599K,HUSK,CHRISTEN Husky,L1P,L
AD5AB3,N96KE,RV10,VANS RV-10,L1P,L
AD5EB3,N9601T,FOX,KITFOX,L1P,L
AD62B3,N9613W,P28A,PIPER PA-28-140/150/160/180,L1P,L
AD6BB3,N964HB,BE35,BEECH 35 Starfire Bonanza,L1P,L
AD71B3,N9654X,C210,CESSNA 201 Centurion,L1P,L
AD72B3,N966CS,T206,CESSNA T206 Turbo Stationair,L1P,L
AD75B3,N96660,TAYB,TAYLORCRAFT BC/BF/BL,L1P,L
AD79B3,N96783,C182,CESSNA 182 Skylane,L1P,L
AD81B3,N97EC,H269,HUGHES Sky Knight,H1P,L
AD8DB3,N9722B,PA30,PIPER PA-30 Twin Comanche,L2P,L
AD91B3,N9734E,AR11,AERONCA 11 Chief,L1P,L
AD92B3,N974C,P32T,PIPER PA-32RT-300/300T,L1P,L
ADA4B3,N9787J,P28A,PIPER PA-28-140/150/160/180,L1P,L
ADA9B3,N98KG,RV8,VANS RV-8,L1P,L
ADAEB3,N98086,P28A,PIPER PA-28-140/150/160/180,L1P,L
ADB1B3,N9813Y,CH7A,BELLANCA 7 Champion,L1P,L
ADB2B3,N982BH,AS50,AEROSPATIALE AS-350 Ecureuil,H1T,L
ADB5B3,N98251,C172,CESSNA 172 Skyhawk,L1P,L
ADB8B3,N9830T,C172,CESSNA 172 Skyhawk,L1P,L
ADBCB3,N9842W,P28A,PIPER PA-28-140/150/160/180,L1P,L
ADC0B3,N9854Z,PC12,PILATUS PC-12,L1T,L
ADC2B3,N986P,HUSK,CHRISTEN Husky,L1P,L
ADD0B3,N99EE,LNC2,LANCAIR 200-320,L1P,L
ADD5B3,N9905J,GLID,,L0-,-
ADD8B3,N9910A,C170,CESSNA 170,L1P,L
ADDBB3,N992ST,P46T,PIPER PA-46-500TP,L1T,L
ADE0B3,N9934G,C150,CESSNA 150,L1P,L
ADE8B3,N9958N,C180,CESSNA  180 Skywagon,L1P,L
ADEBB3,N9963E,C172,CESSNA 172 Skyhawk,L1P,L
ADF4B3,N999GL,COL4,CESSNA 400 Corvalis TT,L1P,L
ADF5B3,N999SS,H25B,HAWKER BEECHCRAFT Hawker 750/850,L2J,M
ADFCB3,93-0627,BE40,BEECH 400 Beechjet,L2J,M
ADFEB3,73-1676,B742,BOEING 747-200,L4J,H
ADFFB3,64-13230,T38,NORTHROP T-38 Talon,L2J,L
AE00B3,61-0847,T38,NORTHROP T-38 Talon,L2J,L
AE01B3,84-0110,LJ35,LEARJET 35,L2J,M
AE04B3,57-1473,K35R,BOEING KC-135R/T Stratotanker,L4J,H
AE05B3,85-0040,C130,LOCKHEED C-130 Hercules,L4T,M
AE07B3,61-0320,K35R,BOEING KC-135R/T Stratotanker,L4J,H
AE08B3,165958,TEX2,BEECHCRAFT T-6 Texan 2,L1T,L
AE09B3,85-24424,H60,SIKORSKY UH-60 Black Hawk,H2T,M
AE0AB3,00-26848,H60,SIKORSKY UH-60 Black Hawk,H2T,M
AE0BB3,85-24401,H60,SIKORSKY UH-60 Black Hawk,H2T,M
AE0CB3,83-23919,H60,SIKORSKY UH-60 Black Hawk,H2T,M
AE0DB3,85-24387,H60,SIKORSKY UH-60 Black Hawk,H2T,M
AE0EB3,82-23750,H60,SIKORSKY UH-60 Black Hawk,H2T,M
AE10B3,01-0065,GLF5,GULFSTREAM 5,L2J,M
AE11B3,03-3681,TEX2,BEECHCRAFT T-6 Texan 2,L1T,L
AE13B3,04-3733,TEX2,BEECHCRAFT T-6 Texan 2,L1T,L
AE14B3,160974,BE9L,BEECH 90 King Air,L2T,L
AE17B3,96-0204,F15,MCDONNELL-DOUGLAS F-15 Eagle,L2J,M
AE18B3,78-0638,A10,FAIRCHILD A-10 Thunderbolt II,L2J,M
AE1DB3,167823,H60,SIKORSKY UH-60 Black Hawk,H2T,M
AE1EB3,166046,TEX2,BEECHCRAFT T-6 Texan 2,L1T,L
AE1FB3,10-72164,EC45,AIRBUS HELICOPTERS EC-145,H2T,L
AE26B3,6593,AS65,AEROSPATIALE AS-365 Dauphin 2,H2T,L
AE47B3,08-20171,H60,SIKORSKY UH-60 Black Hawk,H2T,M
AE4EB3,168429,P8,BOEING P-8 Poseidon,L2J,M
AE4FB3,168099,H60,SIKORSKY UH-60 Black Hawk,H2T,M
AE50B3,10-20239,H60,SIKORSKY UH-60 Black Hawk,H2T,M
AE51B3,11-20367,H60,SIKORSKY UH-60 Black Hawk,H2T,M
AE54B3,10-0223,C17,BOEING C-17 Globemaster 3,L4J,H
AE56B3,13-20587,H60,SIKORSKY UH-60 Black Hawk,H2T,M
AE58B3,61-0040,B52,BOEING B-52 Stratofortress,L8J,H
AE59B3,13-08146,H47,BOEING-VERTOL CH-47 Chinook,H2T,M
AE5AB3,15-20721,H60,SIKORSKY UH-60 Black Hawk,H2T,M
AE5CB3,03-26979,H60,SIKORSKY UH-60 Black Hawk,H2T,M
AE5EB3,163345,B06,BELL 206 JetRanger,H1T,L
AE61B3,82-23835,DHC6,DE HAVILLAND DHC-6 Twin Otter,L2T,L
AE63B3,19-46071,B762,BOEING 767-200,L2J,H
AE64B3,168675,V22,BELL-BOEING V-22 Osprey,R2T,M
AE68B3,11-3104,D328,DORNIER 328,L2T,M
AE6CB3,20-03339,H64,MCDONNELL DOUGLAS AH-64 Apache,H2T,M
AE6DB3,21-03371,H64,MCDONNELL DOUGLAS AH-64 Apache,H2T,M
AE74B3,22-21231,H60,SIKORSKY UH-60 Black Hawk,H2T,M
C002B3,C-FBAO,,,,
C004B3,C-FBUG,SA6,STITS SA-6 Flut-R-Bug,L1P,L
C005B3,C-FCEC,CL35,BOMBARDIER BD-100 Challenger 350,L2J,M
C006B3,C-FCNY,C172,CESSNA 172 Skyhawk,L1P,L
C007B3,C-FCXU,DA40,DIAMOND DA-40 Club Star,L1P,L
C008B3,C-FDHQ,DH82,DE HAVILLAND DH-82 Tiger Moth,L1P,L
C009B3,C-FDRM,,,,
C00AB3,C-FEBI,ERCO,AIR PRODUCTS F-1 Aircoupe,L1P,L
C00DB3,C-FFEW,CH70,ZENAIR CH-701 Stol,L1P,L
C00EB3,C-FFOS,PA32,PIPER PA-32,L1P,L
C00FB3,C-FFYO,,,,
C012B3,C-FHCC,C150,CESSNA 150,L1P,L
C015B3,C-FIFQ,DHC2,DE HAVILLAND DHC-2 Beaver,L1P,L
C016B3,C-FIPM,P46T,PIPER PA-46-500TP,L1T,L
C019B3,C-FJTA,C206,CESSNA  206 Stationair,L1P,L
C01AB3,C-FKCW,C182,CESSNA 182 Skylane,L1P,L
C01BB3,C-FKMS,,,,
C01CB3,C-FKWO,C172,CESSNA 172 Skyhawk,L1P,L
C01EB3,C-FLQG,B38M,BOEING 737 MAX 8,L2J,M
C01FB3,C-FMAC,,,,
C021B3,C-FMTU,C172,CESSNA 172 Skyhawk,L1P,L
C023B3,C-FNNM,C82R,CESSNA R182 Skylane RG,L1P,L
C025B3,C-FOHE,ULAC,,L0-,-
C026B3,C-FORA,C182,CESSNA 182 Skylane,L1P,L
C027B3,C-FPAW,B74S,BOEING 747SP,L4J,H
C028B3,C-FPKS,CNUK,FLEET 80 Canuck,L1P,L
C029B3,C-FPUO,AT3P,AIR TRACTOR AT-301/401,L1P,L
C02BB3,C-FQOG,C182,CESSNA 182 Skylane,L1P,L
C02DB3,C-FRHY,C185,CESSNA 185 Skywagon,L1P,L
C02EB3,C-FRRU,PA20,PIPER PA-20 Pacer,L1P,L
C02FB3,C-FSBQ,DSA1,SMITH DSA-1 Miniplane,L1P,L
C030B3,C-FSLM,C172,CESSNA 172 Skyhawk,L1P,L
C031B3,C-FSVI,GY80,DAHER-SOCATA GY-80 Horizon,L1P,L
C033B3,C-FTPA,PA18,PIPER PA-18 Super Cub,L1P,L
C034B3,C-FTYW,C180,CESSNA  180 Skywagon,L1P,L
C036B3,C-FUSO,P28A,PIPER PA-28-140/150/160/180,L1P,L
C037B3,C-FVCK,C180,CESSNA  180 Skywagon,L1P,L
C038B3,C-FVMG,T6,NORTH AMERICAN T-6 Texan,L1P,L
C03AB3,C-FWFY,P28A,PIPER PA-28-140/150/160/180,L1P,L
C03CB3,C-FWZQ,C172,CESSNA 172 Skyhawk,L1P,L
C03DB3,C-FXJM,PA11,PIPER PA-11 Cub Special,L1P,L
C03EB3,C-FXTI,C172,CESSNA 172 Skyhawk,L1P,L
C03FB3,C-FYDE,P28A,PIPER PA-28-140/150/160/180,L1P,L
C041B3,C-FYWW,C180,CESSNA  180 Skywagon,L1P,L
C042B3,C-FZGS,C177,CESSNA  177 Cardinal,L1P,L
C043B3,C-FZQO,,,,
C045B3,C-GAKG,BL8,BELLANCA 8 Decathlon,L1P,L
C046B3,C-GAUC,,,,
C047B3,C-GBDY,F900,DASSAULT Falcon 900,L3J,M
C048B3,C-GBNU,PA22,PIPER PA-22,L1P,L
C049B3,C-GBXQ,C152,CESSNA 152,L1P,L
C04AB3,C-GCHM,B06,BELL 206 JetRanger,H1T,L
C04CB3,C-GDBE,EC30,AIRBUS HELICOPTERS EC-130,H1T,L
C04DB3,C-GDLA,B427,BELL 427,H2T,L
C04FB3,C-GEES,,,,
C050B3,C-GEOO,,,,
C051B3,C-GEYK,P28A,PIPER PA-28-140/150/160/180,L1P,L
C053B3,C-GFSC,C337,CESSNA 337 Super Skymaster,L2P,L
C054B3,C-GGBY,B190,BEECH 1900,L2T,M
C055B3,C-GGLU,CAMP,GREGA GN-1 Aircamper,L1P,L
C057B3,C-GHFM,C210,CESSNA 201 Centurion,L1P,L
C058B3,C-GHPI,C421,CESSNA 421 Executive Commuter,L2P,L
C059B3,C-GHZE,B14C,BELLANCA 260C,L1P,L
C05AB3,C-GIJA,C172,CESSNA 172 Skyhawk,L1P,L
C05BB3,C-GISW,GLID,,L0-,-
C05DB3,C-GJMO,DH8A,DE HAVILLAND DHC-8-100 Dash 8,L2T,M
C05EB3,C-GJWK,M4,MAULE M-4,L1P,L
C05FB3,C-GKGG,C170,CESSNA 170,L1P,L
C060B3,C-GKQC,DH8D,DE HAVILLAND DHC-8-400 Dash 8,L2T,M
C061B3,C-GKZY,C170,CESSNA 170,L1P,L
C064B3,C-GMDM,C340,CESSNA 340 Super,L2P,L
C066B3,C-GMXE,UHEL,,H0-,-
C068B3,C-GNQW,,,,
C069B3,C-GOAS,,,,
C06AB3,C-GOKO,C55B,CESSNA 550B Citation Bravo,L2J,L
C06BB3,C-GOUK,CH7A,BELLANCA 7 Champion,L1P,L
C06CB3,C-GPEG,BALL,,B0-,-
C06DB3,C-GPOC,R44,ROBINSON R-44 Raven,H1P,L
C06EB3,C-GPXY,P32R,PIPER PA-32R-300/301/301T,L1P,L
C06FB3,C-GQHU,C150,CESSNA 150,L1P,L
C071B3,C-GRBM,M18,PZL-MIELEC M-18 Dromader,L1P,L
C072B3,C-GRLI,C170,CESSNA 170,L1P,L
C073B3,C-GRVE,RV7,VANS RV-7,L1P,L
C074B3,C-GSFA,C206,CESSNA  206 Stationair,L1P,L
C075B3,C-GSOW,R44,ROBINSON R-44 Raven,H1P,L
C076B3,C-GSYS,C180,CESSNA  180 Skywagon,L1P,L
C077B3,C-GTIO,RBEL,MURPHY Rebel,L1P,L
C078B3,C-GTSK,C182,CESSNA 182 Skylane,L1P,L
C07AB3,C-GUMC,,,,
C07BB3,C-GUVY,C150,CESSNA 150,L1P,L
C07EB3,C-GVZM,BT36,BEECH B36TC Bonanza,L1P,L
C07FB3,C-GWJI,C150,CESSNA 150,L1P,L
C080B3,C-GWTE,C172,CESSNA 172 Skyhawk,L1P,L
C081B3,C-GXDA,,,,
C083B3,C-GXWS,C172,CESSNA 172 Skyhawk,L1P,L
C084B3,C-GYGO,C172,CESSNA 172 Skyhawk,L1P,L
C085B3,C-GYQK,BE10,BEECH 100 King Air,L2T,L
C086B3,C-GZAG,C185,CESSNA 185 Skywagon,L1P,L
C087B3,C-GZKC,CH7A,BELLANCA 7 Champion,L1P,L
C088B3,C-GZTY,DHC2,DE HAVILLAND DHC-2 Beaver,L1P,L
C089B3,C-IADU,ULAC,,L0-,-
C08BB3,C-IAXM,ULAC,,L0-,-
C08CB3,C-IBHI,ULAC,,L0-,-
C08DB3,C-IBRE,PARA,,P0-,-
C08EB3,C-ICBA,PARA,,P0-,-
C08FB3,C-ICKW,CHIN,ASAP Chinook,L1P,L
C090B3,C-ICUS,BEVR,ASAP Beaver,L1P,L
C091B3,C-IDEO,ULAC,,L0-,-
C092B3,C-IDOK,,,,
C093B3,C-IDYG,BEVR,ASAP Beaver,L1P,L
C095B3,C-IERY,RW26,RAGWING RW-26 Special 2,L1P,L
C096B3,C-IFBU,,,,
C098B3,C-IFVM,,,,
C099B3,C-IGFI,,,,
C09BB3,C-IGZA,VP2,EVANS Volksplane,L1P,L
C09CB3,C-IHIW,PARA,,P0-,-
C09DB3,C-IHSS,CHIN,ASAP Chinook,L1P,L
C09EB3,C-IICO,PARA,,P0-,-
C09FB3,C-IIMK,PARA,,P0-,-
C0A1B3,C-IJGC,,,,
C0A2B3,C-IJPY,PARA,,P0-,-
C0A3B3,C-IJZU,,,,
C0A5B3,C-IKTM,PARA,,P0-,-
C0A6B3,C-ILDI,PARA,,P0-,-
C0A7B3,C-ILNE,PARA,,P0-,-
C0ACB3,C-INKK,ULAC,,L0-,-
C0B7B3,C-IROS,ULAC,,L0-,-
C1E5B3,SERV,SERV,,V0-,-
C1E9B3,SERV,SERV,,V0-,-
C2AFB3,130343,C130,LOCKHEED C-130 Hercules,L4T,M
C2B4B3,148819,S92,SIKORSKY S-92 Helibus,H2T,M
C800B3,ZK-BFH,DH82,DE HAVILLAND DH-82 Tiger Moth,L1P,L
C801B3,ZK-CIV,P28A,PIPER PA-28-140/150/160/180,L1P,L
C809B3,ZK-HUX,H500,HUGHES 500,H1T,L
C80FB3,ZK-JCS,C206,CESSNA  206 Stationair,L1P,L
C811B3,ZK-JGL,ZZZZ,,-0-,-
C813B3,ZK-PTC,CT4,PACIFIC AEROSPACE CT-4 Airtrainer,L1P,L
C815B3,ZK-HWQ,B06,BELL 206 JetRanger,H1T,L
C817B3,ZK-REJ,ZZZZ,,-0-,-
C818B3,ZK-HXM,R44,ROBINSON R-44 Raven,H1P,L
C81BB3,ZK-NFA,DH8C,DE HAVILLAND DHC-8-300 Dash 8,L2T,M
C81DB3,ZK-HQA,R44,ROBINSON R-44 Raven,H1P,L
C81EB3,ZK-LVE,COY2,RANS Coyote 2,L1P,L
C820B3,ZK-GBL,GLID,,L0-,-
C821B3,ZK-IEF,R44,ROBINSON R-44 Raven,H1P,L
C822B3,ZK-HFH,AS50,AEROSPATIALE AS-350 Ecureuil,H1T,L
C823B3,ZK-RGB,ECHO,TECNAM P-92 Echo,L1P,L
C828B3,ZK-ETR,C152,CESSNA 152,L1P,L
E400B3,4111,E145,EMBRAER ERJ-145,L2J,M
E47FB3,PP-PEM,B407,BELL 407,H1T,L
E481B3,PR-SCF,C25B,CESSNA 525B Citation CJ3,L2J,L
E484B3,PP-JLM,BE20,BEECH 200 Super King Air,L2T,M
E48DB3,PP-JCG,C510,CESSNA 510 Citation Mustang,L2J,L
E48FB3,PT-OTG,BE9L,BEECH 90 King Air,L2T,L
E491B3,PT-ZNV,E314,EMBRAER EMB-314 Super Tucano,L1T,L
E493B3,PR-PFL,P46T,PIPER PA-46-500TP,L1T,L
E494B3,PR-YRY,A20N,AIRBUS A-320neo,L2J,M
E495B3,PR-YSE,A20N,AIRBUS A-320neo,L2J,M
E496B3,PT-MEY,C208,CESSNA 208 Caravan,L1T,L
E497B3,PR-HAJ,EC45,AIRBUS HELICOPTERS EC-145,H2T,L
E49AB3,PS-BRT,G280,GULFSTREAM G280,L2J,M
E809B3,CC-DHB,G2CA,GUIMBAL G-2 Cabri,H1P,L
