0096D0,ZS-IPZ,C180,CESSNA  180 Skywagon,L1P,L
0098D0,ZS-JJR,DHC1,DE HAVILLAND DHC-1 Chipmunk,L1P,L
009BD0,ZS-KNF,C182,CESSNA 182 Skylane,L1P,L
00A0D0,ZS-MKL,C210,CESSNA 201 Centurion,L1P,L
00A1D0,ZS-MUH,PA34,PIPER PA-34 Seneca,L2P,L
00A8D0,ZS-PLF,P28A,PIPER PA-28-140/150/160/180,L1P,L
00AED0,ZS-RSH,B407,BELL 407,H1T,L
00B9D0,ZS-VWP,AUS5,AUSTER AOP5,L1P,L
00D3D0,ZU-NTC,RV7,VANS RV-7,L1P,L
0101D0,SU-BTU,FA7X,DASSAULT Falcon 7X,L3J,M
02A1D0,TS-IOQ,B736,BOEING 737-600,L2J,M
04C1D0,5Y-SMO,F50,FOKKER 50,L2T,M
0641D0,5N-BTR,A139,AGUSTA AW-139,H2T,L
0642D0,5N-LOS,E35L,EMBRAER EMB-135 Legacy,L2J,M
06A1D0,A7-CGL,GLF6,GULFSTREAM G650,L2J,M
06A2D0,A7-GGG,DA42,DIAMOND DA-42 Guardian,L2P,L
0900D0,T-706,AN72,ANTONOV An-74-200,L2J,M
0AC3D0,HK-5278,A320,AIRBUS A-320,L2J,M
0AC7D0,FAC4520,UH1,BELL UH-1 Huey,H1T,L
0C20D0,AN-261,DHC6,DE HAVILLAND DHC-6 Twin Otter,L2T,L
0D00D0,XC-PFT,GLF2,GULFSTREAM 2,L2J,M
0D02D0,XA-TTS,BE40,BEECH 400 Beechjet,L2J,M
0D09D0,XA-ADL,B789,BOEING 787-9 Dreamliner,L2J,H
0D0BD0,XB-MKE,T206,CESSNA T206 Turbo Stationair,L1P,L
0D80D0,YV2392,BE20,BEECH 200 Super King Air,L2T,M
0D81D0,YV2971,MD83,MCDONNELL-DOUGLAS MD-83,L2J,M
0D82D0,YV3326,WW24,IAI 1124 Westwind,L2J,M
151DD0,RA-73168,A320,AIRBUS A-320,L2J,M
151ED0,RA-73424,A320,AIRBUS A-320,L2J,M
151FD0,RA-73680,A319,AIRBUS A-319,L2J,M
154ED0,RF-85136,T154,TUPOLEV Tu-154,L3J,M
155BD0,RA-89040,SU95,SUKHOI Superjet 100-95,L2J,M
197CD0,UAFAP6,DRON,,D0-,-
3000D0,I-BIKO,A320,AIRBUS A-320,L2J,M
3003D0,I-CNDG,C56X,CESSNA 560XL Citation XLS,L2J,M
3007D0,I-FORZ,CL35,BOMBARDIER BD-100 Challenger 350,L2J,M
31D8D0,I-B276,SIRA,TECNAM P-2002 Sierra,L1P,L
31DED0,I-D682,TARR,PELEGRIN Tarragon,L1P,L
33FDD0,MM62298,AT76,ATR-72-600,L2T,M
33FFD0,MM55077,M339,AERMACCHI MB-339,L1J,L
3424D0,EC-JZL,A333,AIRBUS A-330-300,L2J,H
3430D0,EC-KAF,AS55,AEROSPATIALE AS-355 Ecureuil 2,H2T,L
3431D0,EC-EKF,C172,CESSNA 172 Skyhawk,L1P,L
3435D0,EC-LHE,AS55,AEROSPATIALE AS-355 Ecureuil 2,H2T,L
3440D0,EC-FJF,C414,CESSNA 414 Chancellor,L2P,L
3444D0,EC-MBD,A320,AIRBUS A-320,L2J,M
3451D0,EC-MJJ,W3,PZL-SWIDNIK W-3,H2T,L
3453D0,EC-EKJ,C172,CESSNA 172 Skyhawk,L1P,L
3455D0,EC-DNX,C172,CESSNA 172 Skyhawk,L1P,L
3460D0,EC-XQY,RV7,VANS RV-7,L1P,L
3571D0,E.27-16,PC21,PILATUS PC-21,L1T,L
3591D0,HU.26-11,EC35,AIRBUS HELICOPTERS EC-135/635,H2T,L
383DD0,F-BPOQ,DR30,CENTRE EST Prince,L1P,L
3844D0,F-BRGQ,S208,SIAI-MARCHETTI S-208,L1P,L
385CD0,F-BXGQ,HR10,ROBIN HR-100,L1P,L
3911D0,F-GEOQ,P28R,PIPER PA-28R-180/200/201,L1P,L
3914D0,F-GFGQ,C172,CESSNA 172 Skyhawk,L1P,L
3928D0,F-GKGQ,SV4,NORD SV-4,L1P,L
3950D0,F-GUGQ,A318,AIRBUS A-318,L2J,M
398CD0,F-HDGQ,DA42,DIAMOND DA-42 Guardian,L2P,L
3AABD0,5537,AS55,AEROSPATIALE AS-355 Ecureuil 2,H2T,L
3B76D0,F-RAVH,AS55,AEROSPATIALE AS-355 Ecureuil 2,H2T,L
3B77D0,045,CN35,CASA CN-235 Persuader,L2T,M
3B9BD0,24,ATLA,BREGUET Atlantic,L2T,M
3C17D0,D-AYAL,A21N,AIRBUS A-321neo,L2J,M
3C1CD0,D-AZXR,A21N,AIRBUS A-321neo,L2J,M
3C48D0,D-ABFP,A320,AIRBUS A-320,L2J,M
3C4DD0,D-ACNP,CRJ9,BOMBARDIER Regional Jet CRJ-900,L2J,M
3C65D0,D-AINP,A20N,AIRBUS A-320neo,L2J,M
3C6DD0,D-AKNP,A319,AIRBUS A-319,L2J,M
3CC2D0,D-CBBS,E55P,EMBRAER EMB-505 Phenom 300,L2J,M
3CE2D0,D-CNEU,D228,DORNIER 228,L2T,L
3D06D0,D-EAVG,C172,CESSNA 172 Skyhawk,L1P,L
3D0BD0,D-ECSM,DR40,ROBIN DR-400,L1P,L
3D0CD0,D-EDCI,PA18,PIPER PA-18 Super Cub,L1P,L
3D0ED0,D-EDWA,ELST,PUTZER Elster,L1P,L
3D0FD0,D-EEFW,C172,CESSNA 172 Skyhawk,L1P,L
3D10D0,D-EEPS,DR40,ROBIN DR-400,L1P,L
3D12D0,D-EFJK,B209,MBB BO-209 Monsun,L1P,L
3D13D0,D-EFTG,DV20,DIAMOND DA-20,L1P,L
3D14D0,D-EGDC,AA5,AMERICAN AA-5 Tiger,L1P,L
3D19D0,D-EIAI,P28A,PIPER PA-28-140/150/160/180,L1P,L
3D1AD0,D-EIKE,M20P,MOONEY M-20,L1P,L
3D1ED0,D-EJXO,C172,CESSNA 172 Skyhawk,L1P,L
3D1FD0,D-EKHK,RALL,SOCATA Rallye,L1P,L
3D25D0,D-EMOM,M20P,MOONEY M-20,L1P,L
3D29D0,D-EOBW,P149,PIAGGIO P-149,L1P,L
3D2AD0,D-EOLS,DR30,CENTRE EST Prince,L1P,L
3D2DD0,D-EPPG,P46T,PIPER PA-46-500TP,L1T,L
3D34D0,D-ESGE,TB20,SOCATA TB-20 Trinidad,L1P,L
3D3AD0,D-EUNG,PA46,PIPER PA-46-310/350,L1P,L
3D3ED0,D-EWAQ,DA40,DIAMOND DA-40 Club Star,L1P,L
3D41D0,D-EXEE,E300,EXTRA EA-300/330/350,L1P,L
3D44D0,D-EYHS,C172,CESSNA 172 Skyhawk,L1P,L
3D46D0,D-EZBK,M20T,MOONEY M-20T,L1P,L
3DD2D0,D-HABW,EC35,AIRBUS HELICOPTERS EC-135/635,H2T,L
3DD6D0,D-HBPG,EC35,AIRBUS HELICOPTERS EC-135/635,H2T,L
3DDDD0,D-HEGE,AS32,AEROSPATIALE AS-332 Super Puma,H2T,M
3E17D0,D-IAFG,C25M,CESSNA 525 Citation M2,L2J,L
3E18D0,D-IAPC,DA62,DIAMOND DA-62,L2P,L
3E2FD0,D-IJHO,C510,CESSNA 510 Citation Mustang,L2J,L
3E5ED0,D-KBCI,GLID,,L0-,-
3E5FD0,D-KBME,SF25,SCHEIBE SF-25 Falke,L1P,L
3E60D0,D-KBWA,VENT,SCHEMPP-HIRTH Ventus,L1P,L
3E61D0,D-KCFW,GLID,,L0-,-
3E64D0,D-KDJK,AV68,M&D FLUGZEUGBAU AVO-68 Samburo,L1P,L
3E67D0,D-KEMY,GLID,,L0-,-
3E68D0,D-KEWU,GLID,,L0-,-
3E6DD0,D-KGUA,DIMO,DIAMOND H-36 Dimona,L1P,L
3E73D0,D-KJBC,DG80,DG FLUGZEUGBAU DG-800,L1P,L
3E77D0,D-KKOM,DG50,DG FLUGZEUGBAU DG-500M,L1P,L
3E7AD0,D-KLSA,GLID,,L0-,-
3E7CD0,D-KMLS,GLID,,L0-,-
3EC4D0,D-KPMM,DUOD,SCHEMPP-HIRTH Duo Discus,L1P,L
3EE7D0,D-1849,GLID,,L0-,-
3EEBD0,D-2873,GLID,,L0-,-
3EF3D0,D-4921,DISC,SCHEMPP-HIRTH Discus,L1P,L
3EF5D0,D-5433,GLID,,L0-,-
3EF9D0,D-6457,GLID,,L0-,-
3EFFD0,D-7993,NIMB,SCHEMPP-HIRTH Nimbus,L1P,L
3F01D0,D-8505,GLID,,L0-,-
3F03D0,D-9017,GLID,,L0-,-
3F29D0,D-OBSY,BALL,,B0-,-
3F8BD0,77+03,EC45,AIRBUS HELICOPTERS EC-145,H2T,L
3FEAD0,D-MDYL,WT9,AEROSPOOL WT-9 Dynamic,L1P,L
3FEBD0,D-MEEG,GOLF,TECNAM P-96 Golf,L1P,L
3FECD0,D-MTMD,WT9,AEROSPOOL WT-9 Dynamic,L1P,L
3FEDD0,D-MMNC,ALSL,AIRLONY Skylane,L1P,L
3FEED0,D-MEOB,ULAC,,L0-,-
3FEFD0,D-MUWT,ULAC,,L0-,-
3FF0D0,D-MEHI,ALSL,AIRLONY Skylane,L1P,L
3FF1D0,D-MSHF,SAVG,ZLIN AVIATION Savage,L1P,L
3FF4D0,D-MWHA,ULAC,,L0-,-
4008D0,G-UJET,LJ45,LEARJET 45,L2J,M
4009D0,G-FRAO,FA20,DASSAULT Falcon 200,L2J,M
400AD0,G-CBTT,P28A,PIPER PA-28-140/150/160/180,L1P,L
400BD0,G-TAXI,PA27,PIPER PA-23-250 Aztec,L2P,L
400DD0,G-IJAG,C182,CESSNA 182 Skylane,L1P,L
400ED0,G-BYUL,G115,GROB G-115,L1P,L
401BD0,G-BDCI,CP30,PIEL Emeraude,L1P,L
401DD0,G-BGPJ,P28A,PIPER PA-28-140/150/160/180,L1P,L
4020D0,G-BLHW,MOR2,MORRISEY Nifty,L1P,L
4024D0,G-ACGZ,DH60,DE HAVILLAND DH-60 Moth,L1P,L
402FD0,G-BROX,R22,ROBINSON R-22 Mariner,H1P,L
4030D0,G-MICY,GYRO,,G0-,-
4032D0,G-WLAC,PA18,PIPER PA-18 Super Cub,L1P,L
4042D0,G-BZEB,C152,CESSNA 152,L1P,L
4043D0,G-YARR,ULAC,,L0-,-
4048D0,G-CCAP,R22,ROBINSON R-22 Mariner,H1P,L
404AD0,G-OGGY,HUSK,CHRISTEN Husky,L1P,L
404BD0,G-DONT,CH60,ZENAIR CH-600 Zodiac,L1P,L
404CD0,G-CDDR,SKRA,BEST OFF Sky Ranger,L1P,L
404ED0,G-CDSC,SF25,SCHEIBE SF-25 Falke,L1P,L
404FD0,G-CDZY,ULAC,,L0-,-
4050D0,G-HAMS,ULAC,,L0-,-
4052D0,G-CJRE,GLID,,L0-,-
4053D0,G-CJHJ,GLID,,L0-,-
4054D0,G-MLZZ,SKRA,BEST OFF Sky Ranger,L1P,L
4056D0,G-DEOV,GLID,,L0-,-
405DD0,G-CFKH,CH60,ZENAIR CH-600 Zodiac,L1P,L
405FD0,G-OSRL,LJ45,LEARJET 45,L2J,M
4061D0,G-OASA,FDCT,FLIGHT DESIGN CT,L1P,L
4064D0,G-CGSI,CH60,ZENAIR CH-600 Zodiac,L1P,L
4066D0,G-TAWI,B738,BOEING 737-800,L2J,M
4068D0,G-CHOU,EV97,EVEKTRO EV-97 EuroStar,L1P,L
4069D0,G-CPPG,PNR4,ALPI Pioneer 400,L1P,L
406AD0,G-FFMV,DA42,DIAMOND DA-42 Guardian,L2P,L
406BD0,G-CIFP,BALL,,B0-,-
406DD0,G-CIMY,SAVA,SADLER Vampire,L1P,L
406ED0,G-MOSH,P28R,PIPER PA-28R-180/200/201,L1P,L
406FD0,G-FIDO,SKRA,BEST OFF Sky Ranger,L1P,L
4070D0,G-CKMH,BALL,,B0-,-
4071D0,G-MCSE,EC75,AIRBUS HELICOPTERS EC-175,H2T,M
4072D0,G-CJYA,BALL,,B0-,-
4074D0,G-MDDE,H500,HUGHES 500,H1T,L
4075D0,G-WOWS,S22T,CIRRUS SR-22T Turbo,L1P,L
4076D0,G-OGEZ,R44,ROBINSON R-44 Raven,H1P,L
4077D0,G-GPIG,BALL,,B0-,-
4079D0,G-LCAE,E190,EMBRAER ERJ-190-100,L2J,M
407ED0,G-ENDG,C42,IKARUS C-42 Bison,L1P,L
4240D0,VP-BHV,A319,AIRBUS A-319,L2J,M
4243D0,VQ-BVR,B748,BOEING 747-8,L4J,H
4244D0,VQ-BOP,A320,AIRBUS A-320,L2J,M
4245D0,VP-CEK,A320,AIRBUS A-320,L2J,M
4247D0,VP-CHC,EC45,AIRBUS HELICOPTERS EC-145,H2T,L
4248D0,VP-COI,B738,BOEING 737-800,L2J,M
43C1D0,ZD849,TOR,PANAVIA Tornado,L2J,M
43C4D0,ZA680,H47,BOEING-VERTOL CH-47 Chinook,H2T,M
43C6D0,ZK318,EUFI,EUROFIGHTER 2000,L2J,M
43C7D0,ZK553,H47,BOEING-VERTOL CH-47 Chinook,H2T,M
43C8D0,ZM329,TEX2,BEECHCRAFT T-6 Texan 2,L1T,L
43E9D0,M-ANGO,GL5T,BOMBARDIER BD-700 Global 5000/5500,L2J,M
43EAD0,M-ABKT,E170,EMBRAER ERJ-170-100,L2J,M
43EBD0,2-WFBA,AT43,ATR-42-300,L2T,M
43EED0,2-MKJK,A319,AIRBUS A-319,L2J,M
4400D0,OE-GBD,ASTR,GULFSTREAM AEROSPACE Gulfstream G100,L2J,M
4401D0,OE-LLG,E35L,EMBRAER EMB-135 Legacy,L2J,M
4402D0,OE-ACG,DV20,DIAMOND DA-20,L1P,L
4404D0,OE-HGS,G200,AKROTECH G-200,L1P,L
4406D0,OE-ANK,BX2,BRANDLI Cherry,L1P,L
4408D0,OE-9372,SF25,SCHEIBE SF-25 Falke,L1P,L
440BD0,OE-IZC,A320,AIRBUS A-320,L2J,M
4489D0,OO-BNP,BALL,,B0-,-
4490D0,OO-DFP,PTS2,PITTS S-2 Special,L1P,L
4497D0,OO-E20,ULAC,,L0-,-
44A3D0,OO-H20,C42,IKARUS C-42 Bison,L1P,L
44A7D0,OO-I20,ULAC,,L0-,-
44B2D0,OO-LVP,PA18,PIPER PA-18 Super Cub,L1P,L
44D1D0,OO-TNP,B734,BOEING 737-400,L2J,M
4520D0,LZ-FBI,A320,AIRBUS A-320,L2J,M
4584D0,OY-AFP,C172,CESSNA 172 Skyhawk,L1P,L
458AD0,OY-BVP,JUNR,BOLKOW BO-208 Junior,L1P,L
45A1D0,OY-HNP,EC35,AIRBUS HELICOPTERS EC-135/635,H2T,L
45AED0,OY-KVP,LJ40,LEARJET 40,L2J,M
45CAD0,OY-RVP,RV7,VANS RV-7,L1P,L
45E4D0,OY-YFP,DH8D,DE HAVILLAND DHC-8-400 Dash 8,L2T,M
4606D0,OH-CPC,J3,PIPER J-3 Cub,L1P,L
4613D0,OH-HNC,EC45,AIRBUS HELICOPTERS EC-145,H2T,L
462FD0,OH-SCU,RALL,SOCATA Rallye,L1P,L
470AD0,HA-ECM,AN2,ANTONOV An-2,L1P,L
472FD0,HA-SCU,C650,CESSNA 650 Citation,L2J,M
477FD0,R906,EXPL,MCDONNELL-DOUGLAS MD-900 Explorer,H2T,L
4786D0,LN-BIV,MF17,SAAB T-17 Supporter,L1P,L
4792D0,LN-OFW,AS50,AEROSPATIALE AS-350 Ecureuil,H1T,L
4844D0,PH-DFW,TOBA,SOCATA Tobago,L1P,L
4848D0,PH-GIS,TAMP,SOCATA TB-9 Tampico,L1P,L
484BD0,PH-1060,AS26,SCHLEICHER ASH-26,L1P,L
484CD0,PH-2J7,ULAC,,L0-,-
4850D0,PH-HWM,CL60,BOMBARDIER CL-600 Challenger,L2J,M
4853D0,PH-HXF,B738,BOEING 737-800,L2J,M
4854D0,PH-1XO,ZZZZ,,-0-,-
4855D0,PH-EXN,E75L,EMBRAER ERJ-170-200 (long wing),L2J,M
4856D0,PH-2XX,ZZZZ,,-0-,-
485BD0,PH-1623,GLID,,L0-,-
4863D0,PH-1661,DUOD,SCHEMPP-HIRTH Duo Discus,L1P,L
488CD0,SP-DGR,AN28,ANTONOV An-28,L2T,L
4890D0,SP-EGR,P208,TECNAM P-2008,L1P,L
489DD0,SP-HOR,R44,ROBINSON R-44 Raven,H1P,L
489ED0,SP-HXR,EC35,AIRBUS HELICOPTERS EC-135/635,H2T,L
48B1D0,SP-MOR,R44,ROBINSON R-44 Raven,H1P,L
48B2D0,SP-MXR,LJ75,LEARJET 75,L2J,M
48FDD0,SP-SHOR,AP22,AEROPRACT A-22,L1P,L
4955D0,CS-UNP,SMAX,AIRMAX M-22 SeaMax,A1P,L
495CD0,CS-WFP,A333,AIRBUS A-330-300,L2J,H
49C1D0,OK-XAI 39,NG5,BRM AERO NG-5/6 Bristell,L1P,L
49D0D0,OK-STR,R44,ROBINSON R-44 Raven,H1P,L
49D2D0,OK-GFR,AT75,ATR-72-500,L2T,M
49D4D0,OK-STI,CRUZ,CSA PS-28 Cruiser,L1P,L
4A35D0,338,EC35,AIRBUS HELICOPTERS EC-135/635,H2T,L
4A8CD0,SE-CFP,DC3,DOUGLAS DC-3 Dakota,L2P,M
4A9AD0,SE-FVP,JS31,BRITISH AEROSPACE Jetstream T.Mk.3,L2T,M
4A9CD0,SE-GFP,TOBA,SOCATA Tobago,L1P,L
4AAAD0,SE-JVP,AS50,AEROSPATIALE AS-350 Ecureuil,H1T,L
4AACD0,SE-KFP,BE20,BEECH 200 Super King Air,L2T,M
4AB4D0,SE-MFP,F50,FOKKER 50,L2T,M
4AC9D0,SE-RNP,C25B,CESSNA 525B Citation CJ3,L2J,L
4AD5D0,SE-UNP,DG1T,DG FLUGZEUGBAU DG-1001T,L1P,L
4AD9D0,SE-VNP,CDUS,AUTOGYRO Calidus,G1P,L
4ADAD0,SE-VVP,WT9,AEROSPOOL WT-9 Dynamic,L1P,L
4B0CD0,HB-EWE,BE23,BEECH 23 Sundowner,L1P,L
4B18D0,HB-JKI,GLF5,GULFSTREAM 5,L2J,M
4B27D0,HB-PCA,P28A,PIPER PA-28-140/150/160/180,L1P,L
4B28D0,HB-PLW,P28A,PIPER PA-28-140/150/160/180,L1P,L
4B2BD0,HB-QPK,BALL,,B0-,-
4B2CD0,HB-QZG,BALL,,B0-,-
4B2FD0,HB-SCU,DV20,DIAMOND DA-20,L1P,L
4B3FD0,HB-YEI,ZZZZ,,-0-,-
4B41D0,HB-YYA,K209,FAMA K-209 KISS,H1T,L
4B43D0,HB-ZRS,A109,AGUSTA AW-109 Grand,H2T,L
4B49D0,HB-1321,GLID,,L0-,-
4B4CD0,HB-2089,DG40,DG FLUGZEUGBAU DG-400,L1P,L
4B4ED0,HB-2601,GLID,,L0-,-
4B51D0,HB-3369,DUOD,SCHEMPP-HIRTH Duo Discus,L1P,L
4B7FD0,T-354,EC35,AIRBUS HELICOPTERS EC-135/635,H2T,L
4B82D0,OR-3126,B429,BELL 429 GlobalRanger,H2T,L
4B85D0,TC-ANP,B738,BOEING 737-800,L2J,M
4BA8D0,TC-JFP,B738,BOEING 737-800,L2J,M
4BA9D0,TC-JNP,A333,AIRBUS A-330-300,L2J,H
4BAAD0,TC-JVP,B738,BOEING 737-800,L2J,M
4CA8D0,EI-IKB,A320,AIRBUS A-320,L2J,M
4CA9D0,EI-EVH,B738,BOEING 737-800,L2J,M
4CAFD0,EI-GXK,B738,BOEING 737-800,L2J,M
4CC4D0,TF-FXB,DH8D,DE HAVILLAND DHC-8-400 Dash 8,L2T,M
4D00D0,LX-LGM,DH8D,DE HAVILLAND DHC-8-400 Dash 8,L2T,M
4D01D0,LX-BAB,BALL,,B0-,-
4D03D0,LX-N90459,E3TF,BOEING E-3 Sentry (TF33),L4J,H
4D20D0,9H-VJH,GLEX,BOMBARDIER BD-700 Global 6000/6500,L2J,M
4D21D0,9H-GAW,B738,BOEING 737-800,L2J,M
4D22D0,9H-MBA,GL5T,BOMBARDIER BD-700 Global 5000/5500,L2J,M
4D23D0,9H-220CJ,BCS1,AIRBUS A220-100,L2J,M
5000D0,T7-MBH,E35L,EMBRAER EMB-135 Legacy,L2J,M
5002D0,T7-GHL,H25B,HAWKER BEECHCRAFT Hawker 750/850,L2J,M
501DD0,9A-CQE,DH8D,DE HAVILLAND DHC-8-400 Dash 8,L2T,M
502CD0,YL-CSG,BCS3,AIRBUS A220-300,L2J,M
503FD0,01 BLUE,L410,LET L-410 Turbolet,L2T,L
505DD0,OM-ZNP,Z37P,LET Z-37 Cmelak,L1P,L
505ED0,OM-M599,NG5,BRM AERO NG-5/6 Bristell,L1P,L
506DD0,S5-DSP,P28R,PIPER PA-28R-180/200/201,L1P,L
5081D0,UR-WES,P32R,PIPER PA-32R-300/301/301T,L1P,L
5083D0,UR-PSZ,B738,BOEING 737-800,L2J,M
5110D0,ES-UBD,,,,
7277D0,P-672,A148,ANTONOV An-148,L2J,M
7335D0,EP-MNP,A310,AIRBUS A-310,L2J,H
7394D0,4X-CHE,C172,CESSNA 172 Skyhawk,L1P,L
7503D0,9M-SKO,P28A,PIPER PA-28-140/150/160/180,L1P,L
7504D0,9M-RAU,A320,AIRBUS A-320,L2J,M
7580D0,RP-C8300,B350,BEECHCRAFT Super King Air 350,L2T,M
7585D0,RP-C7935,A320,AIRBUS A-320,L2J,M
7586D0,RP-C3903,A339,AIRBUS A-330-900,L2J,H
76CCD0,9V-SFP,B744,BOEING 747-400,L4J,H
7800D0,B-8975,A320,AIRBUS A-320,L2J,M
7802D0,B-6163,A319,AIRBUS A-319,L2J,M
7803D0,B-3642,C56X,CESSNA 560XL Citation XLS,L2J,M
7805D0,B-6410,A319,AIRBUS A-319,L2J,M
7808D0,B-5656,B738,BOEING 737-800,L2J,M
7809D0,B-5733,B738,BOEING 737-800,L2J,M
780AD0,B-9926,A320,AIRBUS A-320,L2J,M
780BD0,B-1917,B738,BOEING 737-800,L2J,M
780DD0,B-1503,B738,BOEING 737-800,L2J,M
780ED0,B-8358,A333,AIRBUS A-330-300,L2J,H
7811D0,B-1452,B738,BOEING 737-800,L2J,M
7812D0,B-1068,A20N,AIRBUS A-320neo,L2J,M
7814D0,B-205S,B752,BOEING 757-200,L2J,M
7815D0,B-305C,A20N,AIRBUS A-320neo,L2J,M
7817D0,B-30AV,A20N,AIRBUS A-320neo,L2J,M
781BD0,B-70Y2,EC25,AIRBUS HELICOPTERS EC-225/725,H2T,M
781CD0,B-327E,A20N,AIRBUS A-320neo,L2J,M
79C7D0,B-4018,B733,BOEING 737-300,L2J,M
7C06D0,VH-BMQ,H269,HUGHES Sky Knight,H1P,L
7C0BD0,VH-CMA,C310,CESSNA 310,L2P,L
7C0FD0,VH-DEQ,PA31,PIPER PA-31-300/310/325/350/425,L2P,L
7C11D0,VH-DSY,AA5,AMERICAN AA-5 Tiger,L1P,L
7C15D0,VH-ELE,EXEC,ROTORWAY Exec,H1P,L
7C21D0,VH-GYQ,GLID,,L0-,-
7C23D0,VH-HCY,P28A,PIPER PA-28-140/150/160/180,L1P,L
7C29D0,VH-IJM,BE95,BEECH 95 Travel Air,L2P,L
7C32D0,VH-KBM,C206,CESSNA  206 Stationair,L1P,L
7C3AD0,VH-LWI,B412,BELL 412,H2T,L
7C3DD0,VH-MHU,BEAR,AVIPRO RB-4 Bearhawk,L1P,L
7C47D0,VH-OGY,AP32,AEROPRACT A-32,L1P,L
7C4CD0,VH-PGI,BT36,BEECH B36TC Bonanza,L1P,L
7C4DD0,VH-PNM,E50P,EMBRAER EMB-500 Phenom 100,L2J,L
7C56D0,VH-RFM,AT8T,AIR TRACTOR AT-802,L1T,M
7C57D0,VH-RMQ,FOX,KITFOX,L1P,L
7C5DD0,VH-STE,PC12,PILATUS PC-12,L1T,L
7C60D0,VH-TEQ,P750,PACIFIC AEROSPACE P-750 XStol,L1T,L
7C61D0,VH-TLU,C206,CESSNA  206 Stationair,L1P,L
7C62D0,VH-TSY,PA22,PIPER PA-22,L1P,L
7C66D0,VH-ULE,C172,CESSNA 172 Skyhawk,L1P,L
7C67D0,VH-USI,C172,CESSNA 172 Skyhawk,L1P,L
7C68D0,VH-UZM,C172,CESSNA 172 Skyhawk,L1P,L
7C6BD0,VH-VKY,RV7,VANS RV-7,L1P,L
7C6FD0,VH-WDE,C208,CESSNA 208 Caravan,L1T,L
7C72D0,VH-WYQ,JAB4,JABIRU J200-450,L1P,L
7C74D0,VH-XCY,B412,BELL 412,H2T,L
7C79D0,VH-YCI,CT4,PACIFIC AEROSPACE CT-4 Airtrainer,L1P,L
7C7AD0,VH-YJM,AC50,NORTH AMERICAN ROCKWELL Commander 500,L2P,L
7C7CD0,VH-YXU,A320,AIRBUS A-320,L2J,M
7CC3D0,24-8788,P208,TECNAM P-2008,L1P,L
7CC4D0,23-1712,ECHO,TECNAM P-92 Echo,L1P,L
7CF8D0,A44-212,F18S,BOEING FA-18 SUPER HORNET,L2J,M
7CF9D0,A47-006,P8,BOEING P-8 Poseidon,L2J,M
8005D0,VT-NKL,B429,BELL 429 GlobalRanger,H2T,L
800CD0,VT-IHU,A320,AIRBUS A-320,L2J,M
800FD0,VT-IUH,A21N,AIRBUS A-321neo,L2J,M
8013D0,VT-MPQ,BE20,BEECH 200 Super King Air,L2T,M
8014D0,VT-TQK,A20N,AIRBUS A-320neo,L2J,M
841BD0,JA07RJ,CRJ7,BOMBARDIER Regional Jet CRJ-700,L2J,M
850DD0,JA303J,B738,BOEING 737-800,L2J,M
8518D0,JA335J,B738,BOEING 737-800,L2J,M
8622D0,JA627A,B763,BOEING 767-300,L2J,H
8634D0,JA6784,B412,BELL 412,H2T,L
86D7D0,JA82MN,SR22,CIRRUS SR-22,L1P,L
86D9D0,JA8368,B763,BOEING 767-300,L2J,H
884CD0,HS-SFP,A139,AGUSTA AW-139,H2T,L
8881D0,VN-A489,FA8X,DASSAULT Falcon 8X,L3J,M
8962D0,A6-ANA,A320,AIRBUS A-320,L2J,M
8963D0,A6-EPA,B77W,BOEING 777-300ER,L2J,H
8964D0,A6-FMA,B38M,BOEING 737 MAX 8,L2J,M
8965D0,A6-FKE,B38M,BOEING 737 MAX 8,L2J,M
8967D0,DU-139,A139,AGUSTA AW-139,H2T,L
8990D0,B-16333,A333,AIRBUS A-330-300,L2J,H
8A02D0,PK-RGD,B190,BEECH 1900,L2T,M
8A05D0,PK-ARV,PA34,PIPER PA-34 Seneca,L2P,L
8A06D0,PK-GTF,A320,AIRBUS A-320,L2J,M
A000D0,N1JF,GLF4,GULFSTREAM 4,L2J,M
A001D0,N1UM,C560,CESSNA 560 Citation Ultra,L2J,M
A004D0,N100BC,WW24,IAI 1124 Westwind,L2J,M
A005D0,N100MJ,SR22,CIRRUS SR-22,L1P,L
A008D0,N101EA,WAIX,SONEX Waiex,L1P,L
A011D0,N103WC,B06,BELL 206 JetRanger,H1T,L
A013D0,N104CP,PA30,PIPER PA-30 Twin Comanche,L2P,L
A016D0,N1046X,P28A,PIPER PA-28-140/150/160/180,L1P,L
A01AD0,N10580,COL4,CESSNA 400 Corvalis TT,L1P,L
A01DD0,N1063S,BALL,,B0-,-
A01ED0,N107BB,S22T,CIRRUS SR-22T Turbo,L1P,L
A022D0,N108E,C25B,CESSNA 525B Citation CJ3,L2J,L
A024D0,N1080M,C182,CESSNA 182 Skylane,L1P,L
A026D0,N109GY,ME09,MESSERSCHMITT Bf-109,L1P,L
A02AD0,N11KW,LEG2,LANCAIR Legacy,L1P,L
A02DD0,N110SN,GLF4,GULFSTREAM 4,L2J,M
A02ED0,N11019,C172,CESSNA 172 Skyhawk,L1P,L
A02FD0,N1109K,L8,LUSCOMBE 8,L1P,L
A032D0,N1114B,L8,LUSCOMBE 8,L1P,L
A034D0,N112NC,C177,CESSNA  177 Cardinal,L1P,L
A036D0,N1126E,BL8,BELLANCA 8 Decathlon,L1P,L
A037D0,N113EV,EC30,AIRBUS HELICOPTERS EC-130,H1T,L
A03AD0,N1138H,AR15,AERONCA 15 Sedan,L1P,L
A03DD0,N1143,GLID,,L0-,-
A03ED0,N115AK,G115,GROB G-115,L1P,L
A03FD0,N115LR,GLF4,GULFSTREAM 4,L2J,M
A042D0,N116DH,EAGL,CHRISTEN Eagle,L1P,L
A045D0,N1167F,C172,CESSNA 172 Skyhawk,L1P,L
A049D0,N1179J,RV9,VANS RV-9,L1P,L
A04DD0,N119BW,VTRA,RANS Venterra,L1P,L
A050D0,N1196D,C152,CESSNA 152,L1P,L
A052D0,N12R,G2T1,GREAT LAKES 2T-1,L1P,L
A053D0,N120BE,EC20,AIRBUS HELICOPTERS EC-120,H1T,L
A054D0,N120ML,PA31,PIPER PA-31-300/310/325/350/425,L2P,L
A057D0,N121EC,C177,CESSNA  177 Cardinal,L1P,L
A05AD0,N12171,BALL,,B0-,-
A05CD0,N122TG,C182,CESSNA 182 Skylane,L1P,L
A05DD0,N1222T,P28R,PIPER PA-28R-180/200/201,L1P,L
A060D0,N123WE,C77R,CESSNA 177RG Cardinal RG,L1P,L
A061D0,N1234W,C414,CESSNA 414 Chancellor,L2P,L
A062D0,N124CR,SR20,CIRRUS SR-20,L1P,L
A067D0,N125RV,RV6,VANS RV-6,L1P,L
A06AD0,N126JM,,,,
A075D0,N129H,DC3,DOUGLAS DC-3 Dakota,L2P,M
A078D0,HZ-135,C55B,CESSNA 550B Citation Bravo,L2J,L
A07AD0,N13WD,H500,HUGHES 500,H1T,L
A07DD0,N1302A,,,,
A07ED0,N1309M,C82T,CESSNA TR182 Turbo Skylane RG,L1P,L
A07FD0,N131KG,BE30,BEECH 300 Super King Air,L2T,L
A081D0,N1314D,C170,CESSNA 170,L1P,L
A087D0,N133RC,GLF4,GULFSTREAM 4,L2J,M
A08CD0,N1343B,L8,LUSCOMBE 8,L1P,L
A08DD0,N135AM,B407,BELL 407,H1T,L
A08ED0,N135LT,LNP4,LANCAIR PropJet 4,L1T,L
A08FD0,N135WZ,SSTL,JUST JA30 SuperSTOL,L1P,L
A090D0,N1355E,CH7A,BELLANCA 7 Champion,L1P,L
A091D0,N136DK,RV6,VANS RV-6,L1P,L
A097D0,N1372,GLID,,L0-,-
A09BD0,N1384C,C177,CESSNA  177 Cardinal,L1P,L
A0A0D0,N14EW,RV10,VANS RV-10,L1P,L
A0A5D0,N14050,CH7B,BELLANCA 7 Citabria,L1P,L
A0A9D0,N14173,E45X,EMBRAER ERJ-145XR,L2J,M
A0AAD0,N142HC,GA5C,GULFSTREAM G500,L2J,M
A0AED0,N143LA,PA46,PIPER PA-46-310/350,L1P,L
A0B0D0,N1434Y,C172,CESSNA 172 Skyhawk,L1P,L
A0B1D0,N144CT,P28A,PIPER PA-28-140/150/160/180,L1P,L
A0B9D0,N146JP,DA40,DIAMOND DA-40 Club Star,L1P,L
A0BCD0,N147BF,CRUZ,CSA PS-28 Cruiser,L1P,L
A0BDD0,UP-AW909,A119,AGUSTA AW-119 Koala,H1T,L
A0C3D0,N14872,T206,CESSNA T206 Turbo Stationair,L1P,L
A0C5D0,N149TH,AS50,AEROSPATIALE AS-350 Ecureuil,H1T,L
A0C6D0,N1492U,C82T,CESSNA TR182 Turbo Skylane RG,L1P,L
A0C9D0,N15WF,,,,
A0CBD0,N150SS,FA10,DASSAULT Falcon 100,L2J,M
A0D1D0,N152CA,B06,BELL 206 JetRanger,H1T,L
A0D4D0,N1526J,P28A,PIPER PA-28-140/150/160/180,L1P,L
A0D6D0,N153RE,RV6,VANS RV-6,L1P,L
A0DCD0,N155AP,P28A,PIPER PA-28-140/150/160/180,L1P,L
A0E0D0,N156DM,PA18,PIPER PA-18 Super Cub,L1P,L
A0E1D0,N156PT,UH12,HILLER UH-12,H1P,L
A0E6D0,N1572B,L8,LUSCOMBE 8,L1P,L
A0EAD0,N1584E,C172,CESSNA 172 Skyhawk,L1P,L
A0EBD0,N159C,S108,STINSON 108 Voyager,L1P,L
A0F0D0,N16RD,CRUZ,CSA PS-28 Cruiser,L1P,L
A0FFD0,N16340,P28A,PIPER PA-28-140/150/160/180,L1P,L
A101D0,N164PA,GLF2,GULFSTREAM 2,L2J,M
A104D0,N165FT,P28A,PIPER PA-28-140/150/160/180,L1P,L
A106D0,N1651V,C120,CESSNA 120,L1P,L
A108D0,N166JR,,,,
A116D0,N16997,,,,
A118D0,N17WH,,,,
A11AD0,N170SU,C152,CESSNA 152,L1P,L
A11BD0,N1702E,C172,CESSNA 172 Skyhawk,L1P,L
A120D0,N172CC,C172,CESSNA 172 Skyhawk,L1P,L
A126D0,N1731C,ULAC,,L0-,-
A12AD0,N1743F,C172,CESSNA 172 Skyhawk,L1P,L
A12FD0,N176DP,S76,SIKORSKY S-76 Spirit,H2T,L
A133D0,N177GM,,,,
A13AD0,N179CB,EC20,AIRBUS HELICOPTERS EC-120,H1T,L
A13ED0,N18F,S108,STINSON 108 Voyager,L1P,L
A13FD0,N18RF,PRM1,RAYTHEON 390 Premier 1,L2J,L
A140D0,N180BL,NG5,BRM AERO NG-5/6 Bristell,L1P,L
A141D0,N180MS,C180,CESSNA  180 Skywagon,L1P,L
A144D0,N181EJ,SR22,CIRRUS SR-22,L1P,L
A146D0,N1810W,DRON,,D0-,-
A147D0,N18177,C150,CESSNA 150,L1P,L
A149D0,N182TN,C182,CESSNA 182 Skylane,L1P,L
A14CD0,N183LE,R22,ROBINSON R-22 Mariner,H1P,L
A152D0,N18465,,,,
A159D0,N18630,C150,CESSNA 150,L1P,L
A15BD0,N187MR,BE20,BEECH 200 Super King Air,L2T,M
A160D0,N1880V,C172,CESSNA 172 Skyhawk,L1P,L
A165D0,N18999,J3,PIPER J-3 Cub,L1P,L
A166D0,N19LD,O1,CESSNA 305/341 Bird Dog,L1P,L
A169D0,N190SW,H25B,HAWKER BEECHCRAFT Hawker 750/850,L2J,M
A174D0,N193RJ,C172,CESSNA 172 Skyhawk,L1P,L
A17AD0,N195AT,PA11,PIPER PA-11 Cub Special,L1P,L
A180D0,N1960C,C195,CESSNA 195,L1P,L
A184D0,N1972F,BALL,,B0-,-
A186D0,N198KM,FOX,KITFOX,L1P,L
A18CD0,N1996M,C182,CESSNA 182 Skylane,L1P,L
A18ED0,N2RH,M20P,MOONEY M-20,L1P,L
A18FD0,N20BN,DFLY,VIKING Dragonfly,L1P,L
A191D0,N20Y,LNC2,LANCAIR 200-320,L1P,L
A192D0,N200JE,PA46,PIPER PA-46-310/350,L1P,L
A194D0,N2003M,P28A,PIPER PA-28-140/150/160/180,L1P,L
A196D0,N201MC,C25B,CESSNA 525B Citation CJ3,L2J,L
A198D0,N2015Q,C77R,CESSNA 177RG Cardinal RG,L1P,L
A19CD0,N2027T,H269,HUGHES Sky Knight,H1P,L
A19DD0,N203GT,C172,CESSNA 172 Skyhawk,L1P,L
A19FD0,N2032K,AT5T,AIR TRACTOR AT-504,L1T,L
A1A0D0,N2039W,BE35,BEECH 35 Starfire Bonanza,L1P,L
A1A4D0,N205CH,AS50,AEROSPATIALE AS-350 Ecureuil,H1T,L
A1A8D0,N206FF,ULAC,,L0-,-
A1A9D0,N206RM,B06,BELL 206 JetRanger,H1T,L
A1ACD0,N207JD,H500,HUGHES 500,H1T,L
A1AED0,N2073L,BE58,BEECH 58 Baron,L2P,L
A1AFD0,N208AW,B427,BELL 427,H2T,L
A1B0D0,N208MB,,,,
A1B2D0,N2085P,P28B,PIPER PA-28-201T/235/236,L1P,L
A1B6D0,N2097S,C82T,CESSNA TR182 Turbo Skylane RG,L1P,L
A1B7D0,N21GS,T210,CESSNA T210 Turbo Centurion,L1P,L
A1B8D0,N21SY,QIC2,QUICKIE Q2,L1P,L
A1B9D0,N210DC,C210,CESSNA 201 Centurion,L1P,L
A1BAD0,N210PJ,T210,CESSNA T210 Turbo Centurion,L1P,L
A1BCD0,N2107A,PA20,PIPER PA-20 Pacer,L1P,L
A1BDD0,N211GA,MU30,MITSUBISHI MU-300 Diamond,L2J,M
A1C3D0,N21236,C182,CESSNA 182 Skylane,L1P,L
A1C7D0,N21359,C82S,CESSNA T182 Turbo Skylane,L1P,L
A1C8D0,N214EP,C180,CESSNA  180 Skywagon,L1P,L
A1CAD0,N21401,C182,CESSNA 182 Skylane,L1P,L
A1CBD0,N2148B,P32R,PIPER PA-32R-300/301/301T,L1P,L
A1CDD0,N215TT,S22T,CIRRUS SR-22T Turbo,L1P,L
A1CFD0,N216AD,C82S,CESSNA T182 Turbo Skylane,L1P,L
A1D1D0,N216WR,B737,BOEING 737-700,L2J,M
A1D2D0,N21647,J3,PIPER J-3 Cub,L1P,L
A1D3D0,N217DB,,,,
A1D4D0,N217PH,CH75,ZENAIR CH-750 Cruzer,L1P,L
A1D7D0,N218G,EA50,ECLIPSE 550,L2J,L
A1D8D0,N218SF,T28,NORTH AMERICAN T-28,L1P,L
A1DDD0,N21935,BALL,,B0-,-
A1DED0,N22BQ,CASS,NATIONAL AERONAUTICS Cassutt 3M,L1P,L
A1DFD0,N22MW,E300,EXTRA EA-300/330/350,L1P,L
A1E1D0,N220JG,P28A,PIPER PA-28-140/150/160/180,L1P,L
A1E3D0,N2203P,PA23,PIPER PA-23,L2P,L
A1E4D0,N221AZ,,,,
A1E5D0,N221ME,C172,CESSNA 172 Skyhawk,L1P,L
A1E7D0,N2215S,BALL,,B0-,-
A1EAD0,N2220J,PA32,PIPER PA-32,L1P,L
A1EBD0,N2227V,C140,CESSNA 140,L1P,L
A1EDD0,N223TA,H269,HUGHES Sky Knight,H1P,L
A1EFD0,N2239Y,J3,PIPER J-3 Cub,L1P,L
A1F0D0,N224KT,SONX,SONEX AIRCRAFT Sonex,L1P,L
A1F2D0,N2244Q,P32R,PIPER PA-32R-300/301/301T,L1P,L
A1F8D0,N226RP,BE36,BEECH 36 Bonanza,L1P,L
A1FAD0,N2268W,B06,BELL 206 JetRanger,H1T,L
A1FDD0,N2273N,TAYB,TAYLORCRAFT BC/BF/BL,L1P,L
A1FFD0,N228MD,GLF2,GULFSTREAM 2,L2J,M
A202D0,N229DW,S22T,CIRRUS SR-22T Turbo,L1P,L
A207D0,N23T,RBEL,MURPHY Rebel,L1P,L
A208D0,N230DE,C206,CESSNA  206 Stationair,L1P,L
A20BD0,N2307C,BE36,BEECH 36 Bonanza,L1P,L
A20CD0,N231GC,M20P,MOONEY M-20,L1P,L
A20DD0,N231SJ,M20P,MOONEY M-20,L1P,L
A20ED0,N23115,J3,PIPER J-3 Cub,L1P,L
A20FD0,N2319F,C210,CESSNA 201 Centurion,L1P,L
A210D0,N232KA,S22T,CIRRUS SR-22T Turbo,L1P,L
A212D0,N23238,C150,CESSNA 150,L1P,L
A217D0,N234ER,PC12,PILATUS PC-12,L1T,L
A219D0,N23403,J3,PIPER J-3 Cub,L1P,L
A21AD0,N2348D,C170,CESSNA 170,L1P,L
A21BD0,N235HP,C82S,CESSNA T182 Turbo Skylane,L1P,L
A21ED0,N236AF,C172,CESSNA 172 Skyhawk,L1P,L
A221D0,N23649,AT3T,AIR TRACTOR AT-302/402,L1T,L
A227D0,N238SH,GLAS,Glasair,L1P,L
A22DD0,N24BS,M20P,MOONEY M-20,L1P,L
A22ED0,N24MY,TBM7,SOCATA TBM-700A/B/C,L1T,L
A22FD0,N24YD,SREY,PROGRESSIVE AERODYNE SeaRey,A1P,L
A230D0,N240JJ,PC24,PILATUS PC-24,L2J,M
A232D0,N2403R,C182,CESSNA 182 Skylane,L1P,L
A233D0,N241BA,C208,CESSNA 208 Caravan,L1T,L
A234D0,N241MG,R44,ROBINSON R-44 Raven,H1P,L
A239D0,N2420L,LNC2,LANCAIR 200-320,L1P,L
A23CD0,N243TC,BALL,,B0-,-
A23DD0,N2432P,PA22,PIPER PA-22,L1P,L
A240D0,N244WA,R44,ROBINSON R-44 Raven,H1P,L
A242D0,N245CM,LJ45,LEARJET 45,L2J,M
A245D0,N2456V,C82T,CESSNA TR182 Turbo Skylane RG,L1P,L
A248D0,N2461M,PA32,PIPER PA-32,L1P,L
A249D0,N2468Y,T206,CESSNA T206 Turbo Stationair,L1P,L
A24AD0,N247JH,LJ45,LEARJET 45,L2J,M
A250D0,N2485T,NAVI,NORTH AMERICAN Navion,L1P,L
A254D0,N2497W,GLID,,L0-,-
A255D0,N25GW,RV6,VANS RV-6,L1P,L
A256D0,N25TB,VEZE,RUTAN VariEze,L1P,L
A257D0,N250DG,C25B,CESSNA 525B Citation CJ3,L2J,L
A25BD0,N251GE,B738,BOEING 737-800,L2J,M
A25DD0,N25117,C172,CESSNA 172 Skyhawk,L1P,L
A25ED0,N2519H,GLID,,L0-,-
A25FD0,N252KC,C180,CESSNA  180 Skywagon,L1P,L
A260D0,N252VJ,SF50,CIRRUS SF-50 Vision,L1J,L
A261D0,N2524,SREY,PROGRESSIVE AERODYNE SeaRey,A1P,L
A263D0,N253NA,C172,CESSNA 172 Skyhawk,L1P,L
A265D0,N2536C,C170,CESSNA 170,L1P,L
A26DD0,N256AH,LJ45,LEARJET 45,L2J,M
A270D0,N2565A,PA22,PIPER PA-22,L1P,L
A271D0,N257DF,CH7B,BELLANCA 7 Citabria,L1P,L
A274D0,N2577D,RV10,VANS RV-10,L1P,L
A277D0,N25816,J3,PIPER J-3 Cub,L1P,L
A278D0,N2589G,C182,CESSNA 182 Skylane,L1P,L
A27BD0,N25939,BALL,,B0-,-
A27FD0,N260JL,P06T,TECNAM P-2006T,L2P,L
A282D0,N261BC,E145,EMBRAER ERJ-145,L2J,M
A285D0,N2615W,M20P,MOONEY M-20,L1P,L
A286D0,N262EA,BE36,BEECH 36 Bonanza,L1P,L
A288D0,N2620N,RBEL,MURPHY Rebel,L1P,L
A290D0,N2644U,B77W,BOEING 777-300ER,L2J,H
A291D0,N265CP,GL7T,BOMBARDIER BD-700 Global 7000/7500,L2J,M
A298D0,N26680,TAYB,TAYLORCRAFT BC/BF/BL,L1P,L
A29BD0,N2673S,T210,CESSNA T210 Turbo Centurion,L1P,L
A2A5D0,N27TD,C150,CESSNA 150,L1P,L
A2A9D0,N2707G,C182,CESSNA 182 Skylane,L1P,L
A2AAD0,N271GG,H47,BOEING-VERTOL CH-47 Chinook,H2T,M
A2ADD0,N2719K,L8,LUSCOMBE 8,L1P,L
A2B0D0,N2724B,AC50,NORTH AMERICAN ROCKWELL Commander 500,L2P,L
A2B4D0,N2736E,CH7A,BELLANCA 7 Champion,L1P,L
A2B6D0,N274RA,G3,REMOS Mirage,L1P,L
A2BBD0,N2753,ULAC,,L0-,-
A2BCD0,N276AK,C180,CESSNA  180 Skywagon,L1P,L
A2C3D0,N2777F,,,,
A2C7D0,N2789J,C150,CESSNA 150,L1P,L
A2CBD0,N28BW,BE95,BEECH 95 Travel Air,L2P,L
A2D4D0,N2815Y,C182,CESSNA 182 Skylane,L1P,L
A2D7D0,N2820Q,C172,CESSNA 172 Skyhawk,L1P,L
A2DBD0,N2832T,P28R,PIPER PA-28R-180/200/201,L1P,L
A2DFD0,N2844W,BE95,BEECH 95 Travel Air,L2P,L
A2E3D0,N2856Z,PA22,PIPER PA-22,L1P,L
A2E5D0,N286RV,RV4,VANS RV-4,L1P,L
A2E7D0,N28682,AA5,AMERICAN AA-5 Tiger,L1P,L
A2EAD0,N2873U,PA32,PIPER PA-32,L1P,L
A2EBD0,N288BD,RV8,VANS RV-8,L1P,L
A2ECD0,N288MK,P28A,PIPER PA-28-140/150/160/180,L1P,L
A2F6D0,N290PS,GLF4,GULFSTREAM 4,L2J,M
A2FCD0,N2919M,PA12,PIPER PA-12 Super Cruiser,L1P,L
A306D0,N29409,C177,CESSNA  177 Cardinal,L1P,L
A30BD0,N296AM,AP32,AEROPRACT A-32,L1P,L
A317D0,N299KF,GLID,,L0-,-
A318D0,N299VM,BE9L,BEECH 90 King Air,L2T,L
A31AD0,N3BY,C172,CESSNA 172 Skyhawk,L1P,L
A31FD0,N300FA,,,,
A320D0,N300RG,AA5,AMERICAN AA-5 Tiger,L1P,L
A321D0,N3001C,BE35,BEECH 35 Starfire Bonanza,L1P,L
A325D0,N3013F,C182,CESSNA 182 Skylane,L1P,L
A331D0,N3049Q,P28A,PIPER PA-28-140/150/160/180,L1P,L
A338D0,N3066K,P28R,PIPER PA-28R-180/200/201,L1P,L
A339D0,N307F,HUSK,CHRISTEN Husky,L1P,L
A33BD0,N3071B,C190,CESSNA 190,L1P,L
A341D0,N309LW,B407,BELL 407,H1T,L
A343D0,N3095H,ERCO,AIR PRODUCTS F-1 Aircoupe,L1P,L
A344D0,N31DN,AS31,SCHLEICHER ASH-31,L1P,L
A346D0,N310,BE20,BEECH 200 Super King Air,L2T,M
A347D0,N310LE,C310,CESSNA 310,L2P,L
A349D0,N31042,,,,
A34AD0,N311CX,DRON,,D0-,-
A34BD0,N311PC,M20P,MOONEY M-20,L1P,L
A34DD0,N31165,J5,PIPER J-5 Cub Cruiser,L1P,L
A350D0,N3121X,BALL,,B0-,-
A352D0,N313JT,ULAC,,L0-,-
A354D0,N31330,,,,
A355D0,N314BK,,,,
A356D0,N314MR,BE9L,BEECH 90 King Air,L2T,L
A358D0,N31453,PTS2,PITTS S-2 Special,L1P,L
A35BD0,N3150V,BE35,BEECH 35 Starfire Bonanza,L1P,L
A35DD0,N316HF,R66,ROBINSON R-66,H1T,L
A35ED0,N316TM,S22T,CIRRUS SR-22T Turbo,L1P,L
A35FD0,N3162Y,C182,CESSNA 182 Skylane,L1P,L
A360D0,N31699,PA32,PIPER PA-32,L1P,L
A363D0,N31741,J3,PIPER J-3 Cub,L1P,L
A364D0,N318CW,PA46,PIPER PA-46-310/350,L1P,L
A369D0,N319S,GLAS,Glasair,L1P,L
A36ED0,N320FC,C295,CASA C-295 Persuader,L2T,M
A36FD0,N320RJ,FOX,KITFOX,L1P,L
A370D0,N3201E,AR11,AERONCA 11 Chief,L1P,L
A372D0,N321JA,ULAC,,L0-,-
A374D0,N3213H,BALL,,B0-,-
A378D0,N3225L,C172,CESSNA 172 Skyhawk,L1P,L
A37AD0,N323PX,BE20,BEECH 200 Super King Air,L2T,M
A37ED0,N324SV,C82R,CESSNA R182 Skylane RG,L1P,L
A37FD0,N3242F,M20P,MOONEY M-20,L1P,L
A381D0,N325KM,CH75,ZENAIR CH-750 Cruzer,L1P,L
A383D0,N3254J,C150,CESSNA 150,L1P,L
A384D0,N326CD,SR22,CIRRUS SR-22,L1P,L
A388D0,N327FB,,,,
A389D0,N327RH,SR22,CIRRUS SR-22,L1P,L
A38CD0,N328J,GLID,,L0-,-
A38ED0,N3283G,BALL,,B0-,-
A398D0,N33044,J3,PIPER J-3 Cub,L1P,L
A39CD0,N33167,S22T,CIRRUS SR-22T Turbo,L1P,L
A39ED0,N332SC,C206,CESSNA  206 Stationair,L1P,L
A3A2D0,N333VA,PA23,PIPER PA-23,L2P,L
A3A5D0,N334MT,BE35,BEECH 35 Starfire Bonanza,L1P,L
A3A7D0,N33455,O1,CESSNA 305/341 Bird Dog,L1P,L
A3ABD0,N33578,J3,PIPER J-3 Cub,L1P,L
A3B0D0,N337LF,C337,CESSNA 337 Super Skymaster,L2P,L
A3BAD0,N33989,TAYB,TAYLORCRAFT BC/BF/BL,L1P,L
A3BCD0,N34V,ZZZZ,,-0-,-
A3C0D0,N3408T,C177,CESSNA  177 Cardinal,L1P,L
A3C1D0,N341JC,C82R,CESSNA R182 Skylane RG,L1P,L
A3C3D0,N3413K,P28A,PIPER PA-28-140/150/160/180,L1P,L
A3C4D0,N342AV,A332,AIRBUS A-330-200,L2J,H
A3C5D0,N342MA,P28A,PIPER PA-28-140/150/160/180,L1P,L
A3C7D0,N3425N,J3,PIPER J-3 Cub,L1P,L
A3CAD0,N3430E,AR11,AERONCA 11 Chief,L1P,L
A3CBD0,N3437R,C182,CESSNA 182 Skylane,L1P,L
A3CFD0,N3449U,C182,CESSNA 182 Skylane,L1P,L
A3D9D0,N3471F,C182,CESSNA 182 Skylane,L1P,L
A3DBD0,N348JB,E190,EMBRAER ERJ-190-100,L2J,M
A3DFD0,N349M,RV3,VANS RV-3,L1P,L
A3EED0,N35211,C177,CESSNA  177 Cardinal,L1P,L
A3F6D0,N35457,J3,PIPER J-3 Cub,L1P,L
A3F9D0,N3550Z,PA22,PIPER PA-22,L1P,L
A3FAD0,N3558,CAMP,GREGA GN-1 Aircamper,L1P,L
A3FDD0,N35622,J5,PIPER J-5 Cub Cruiser,L1P,L
A3FED0,N357AB,CJ6,NANCHANG CJ-6,L1P,L
A3FFD0,N357LH,R22,ROBINSON R-22 Mariner,H1P,L
A400D0,N357WP,LJ60,LEARJET 60,L2J,M
A401D0,N35745,J5,PIPER J-5 Cub Cruiser,L1P,L
A402D0,N358D,SVNH,AEROTEC Savannah,L1P,L
A405D0,N35868,T206,CESSNA T206 Turbo Stationair,L1P,L
A409D0,N3599A,PA18,PIPER PA-18 Super Cub,L1P,L
A40AD0,N36JW,C172,CESSNA 172 Skyhawk,L1P,L
A40BD0,N36VB,R44,ROBINSON R-44 Raven,H1P,L
A410D0,N361JE,C550,CESSNA 550 Citation S2,L2J,L
A412D0,N3613M,PA12,PIPER PA-12 Super Cruiser,L1P,L
A414D0,N362MC,BE9L,BEECH 90 King Air,L2T,L
A416D0,N3625Q,BALL,,B0-,-
A41DD0,N3642K,J3,PIPER J-3 Cub,L1P,L
A41ED0,N3649W,PA32,PIPER PA-32,L1P,L
A428D0,N3671H,M20P,MOONEY M-20,L1P,L
A429D0,N3678U,C182,CESSNA 182 Skylane,L1P,L
A42ED0,N369MB,C182,CESSNA 182 Skylane,L1P,L
A430D0,N3695P,PA18,PIPER PA-18 Super Cub,L1P,L
A433D0,N370AE,SW4,SWEARINGEN Metro,L2T,M
A437D0,N371DC,P28A,PIPER PA-28-140/150/160/180,L1P,L
A43ED0,N3729D,BE77,BEECH 77 Skipper,L1P,L
A448D0,N37501,AA5,AMERICAN AA-5 Tiger,L1P,L
A449D0,N3758B,J3,PIPER J-3 Cub,L1P,L
A451D0,N378DB,FA20,DASSAULT Falcon 200,L2J,M
A456D0,N379SF,SF50,CIRRUS SF-50 Vision,L1J,L
A45DD0,N3801L,C172,CESSNA 172 Skyhawk,L1P,L
A46BD0,N384TA,C208,CESSNA 208 Caravan,L1T,L
A46CD0,N3842M,PA12,PIPER PA-12 Super Cruiser,L1P,L
A470D0,N3854Q,C172,CESSNA 172 Skyhawk,L1P,L
A471D0,N386CK,SR22,CIRRUS SR-22,L1P,L
A473D0,N386YX,WAIX,SONEX Waiex,L1P,L
A474D0,N3866T,P28R,PIPER PA-28R-180/200/201,L1P,L
A477D0,N3871K,,,,
A479D0,N388JF,C172,CESSNA 172 Skyhawk,L1P,L
A47DD0,N389MD,A139,AGUSTA AW-139,H2T,L
A486D0,N391DE,DO28,DORNIER Do-28B,L2P,L
A489D0,N3917C,M4,MAULE M-4,L1P,L
A48AD0,N392GC,RV4,VANS RV-4,L1P,L
A48DD0,N3929F,P32R,PIPER PA-32R-300/301/301T,L1P,L
A494D0,N3946A,AS50,AEROSPATIALE AS-350 Ecureuil,H1T,L
A497D0,N39503,P32R,PIPER PA-32R-300/301/301T,L1P,L
A49BD0,N39626,PA32,PIPER PA-32,L1P,L
A49FD0,N39749,P28A,PIPER PA-28-140/150/160/180,L1P,L
A4A3D0,N3987B,BALL,,B0-,-
A4A4D0,N399GB,GB1,GAME COMPOSITES GameBird,L1P,L
A4A9D0,N4VF,FA7X,DASSAULT Falcon 7X,L3J,M
A4ABD0,N40RS,PA24,PIPER PA-24 Comanche,L1P,L
A4ACD0,HR-AXL,BE9L,BEECH 90 King Air,L2T,L
A4ADD0,N400NC,AA1,AMERICAN AA-1,L1P,L
A4B2D0,N40107,S108,STINSON 108 Voyager,L1P,L
A4B6D0,N4023,PA31,PIPER PA-31-300/310/325/350/425,L2P,L
A4BAD0,N4035C,S108,STINSON 108 Voyager,L1P,L
A4BBD0,N404DH,FA20,DASSAULT Falcon 200,L2J,M
A4BED0,N4047F,C172,CESSNA 172 Skyhawk,L1P,L
A4C1D0,N40518,BALL,,B0-,-
A4C5D0,N4064A,CH7A,BELLANCA 7 Champion,L1P,L
A4C6D0,N407BW,C72R,CESSNA 172R Cutlass RG,L1P,L
A4CBD0,N408R,C180,CESSNA  180 Skywagon,L1P,L
A4CCD0,N40806,P28A,PIPER PA-28-140/150/160/180,L1P,L
A4D1D0,N41AJ,H500,HUGHES 500,H1T,L
A4D4D0,N410HA,BE36,BEECH 36 Bonanza,L1P,L
A4D6D0,N4102T,BALL,,B0-,-
A4DAD0,N4114W,PA32,PIPER PA-32,L1P,L
A4E0D0,N413RV,RV9,VANS RV-9,L1P,L
A4E2D0,N41382,PA34,PIPER PA-34 Seneca,L2P,L
A4E3D0,N414JM,C414,CESSNA 414 Chancellor,L2P,L
A4E4D0,N414UT,M6,MAULE M-6,L1P,L
A4E5D0,N4143U,P28A,PIPER PA-28-140/150/160/180,L1P,L
A4E6D0,N415BD,BDOG,BRITISH AEROSPACE SA-3 Bulldog,L1P,L
A4E9D0,N4155X,SS2P,ROCKWELL Thrush Commander,L1P,L
A4ECD0,N4160P,PA23,PIPER PA-23,L2P,L
A4F0D0,N4172S,BE33,BEECH 33 Bonanza,L1P,L
A4F1D0,N41793,T50,CESSNA Bobcat,L2P,L
A4F4D0,N4184V,P28A,PIPER PA-28-140/150/160/180,L1P,L
A4FED0,N4206G,CH70,ZENAIR CH-701 Stol,L1P,L
A500D0,N421RC,C421,CESSNA 421 Executive Commuter,L2P,L
A501D0,N42109,,,,
A502D0,N4218K,R44,ROBINSON R-44 Raven,H1P,L
A504D0,N422UA,A320,AIRBUS A-320,L2J,M
A505D0,N4223B,BE35,BEECH 35 Starfire Bonanza,L1P,L
A50DD0,N4247H,M20P,MOONEY M-20,L1P,L
A510D0,N4252,ST75,STEARMAN Kaydet,L1P,L
A511D0,N4259L,C172,CESSNA 172 Skyhawk,L1P,L
A512D0,N426KF,RV7,VANS RV-7,L1P,L
A514D0,N4264C,C340,CESSNA 340 Super,L2P,L
A515D0,N427BY,RV7,VANS RV-7,L1P,L
A51AD0,N428RB,M20P,MOONEY M-20,L1P,L
A520D0,N43AL,R44,ROBINSON R-44 Raven,H1P,L
A521D0,N43LS,C210,CESSNA 201 Centurion,L1P,L
A522D0,N43WY,HUSK,CHRISTEN Husky,L1P,L
A526D0,N43096,TAYB,TAYLORCRAFT BC/BF/BL,L1P,L
A527D0,N431LA,CAMP,GREGA GN-1 Aircamper,L1P,L
A528D0,N431WG,DHC1,DE HAVILLAND DHC-1 Chipmunk,L1P,L
A52DD0,N43261,TAYB,TAYLORCRAFT BC/BF/BL,L1P,L
A52ED0,N433FR,C72R,CESSNA 172R Cutlass RG,L1P,L
A531D0,N43384,TAYB,TAYLORCRAFT BC/BF/BL,L1P,L
A532D0,N434JP,RV6,VANS RV-6,L1P,L
A534D0,N4343W,BE24,BEECH 24 Sierra,L1P,L
A538D0,N4355Z,PA18,PIPER PA-18 Super Cub,L1P,L
A53BD0,N4360R,C172,CESSNA 172 Skyhawk,L1P,L
A53CD0,N43672,TAYB,TAYLORCRAFT BC/BF/BL,L1P,L
A53FD0,N4372U,,,,
A540D0,N43795,TAYB,TAYLORCRAFT BC/BF/BL,L1P,L
A541D0,N438L,DA40,DIAMOND DA-40 Club Star,L1P,L
A542D0,N438WF,FOX,KITFOX,L1P,L
A543D0,N4384X,PA32,PIPER PA-32,L1P,L
A544D0,N439CS,C82T,CESSNA TR182 Turbo Skylane RG,L1P,L
A549D0,N44RW,NIMB,SCHEMPP-HIRTH Nimbus,L1P,L
A54AD0,N440CA,PAY3,PIPER PA-42-720 Cheyenne 3,L2T,L
A551D0,N4418M,TF21,TAYLORCRAFT F-21,L1P,L
A554D0,N4423D,BE35,BEECH 35 Starfire Bonanza,L1P,L
A559D0,N444DM,C414,CESSNA 414 Chancellor,L2P,L
A55BD0,N444ZZ,R22,ROBINSON R-22 Mariner,H1P,L
A55CD0,N4447K,NAVI,NORTH AMERICAN Navion,L1P,L
A567D0,N4476H,PA15,PIPER PA-15 Vagabond,L1P,L
A56AD0,N4481,NPOR,REDFERN Nieuport 24,L1P,L
A56BD0,N4488L,BE9L,BEECH 90 King Air,L2T,L
A56CD0,N449HW,ULAC,,L0-,-
A574D0,N4502X,AT8T,AIR TRACTOR AT-802,L1T,M
A57AD0,N452PA,B744,BOEING 747-400,L4J,H
A57CD0,N45263,C150,CESSNA 150,L1P,L
A57FD0,N4531V,AA5,AMERICAN AA-5 Tiger,L1P,L
A584D0,N455BH,SREY,PROGRESSIVE AERODYNE SeaRey,A1P,L
A58ED0,N4572W,AC11,NORTH AMERICAN ROCKWELL Commander 112/114,L1P,L
A590D0,N458LB,RV6,VANS RV-6,L1P,L
A592D0,N4584Z,PA22,PIPER PA-22,L1P,L
A599D0,N460CC,C185,CESSNA 185 Skywagon,L1P,L
A59ED0,N461RG,BE9L,BEECH 90 King Air,L2T,L
A5A0D0,N4618P,C152,CESSNA 152,L1P,L
A5A3D0,N4623F,T206,CESSNA T206 Turbo Stationair,L1P,L
A5AED0,N4652D,BE35,BEECH 35 Starfire Bonanza,L1P,L
A5AFD0,N4659Q,C172,CESSNA 172 Skyhawk,L1P,L
A5B2D0,N4664G,C172,CESSNA 172 Skyhawk,L1P,L
A5BDD0,N4693E,C82S,CESSNA T182 Turbo Skylane,L1P,L
A5BFD0,N47LW,CJ6,NANCHANG CJ-6,L1P,L
A5CBD0,N47265,AR6T,AERONCA 65 Tandem,L1P,L
A5CDD0,N473SA,BE36,BEECH 36 Bonanza,L1P,L
A5D0D0,N474JT,PA11,PIPER PA-11 Cub Special,L1P,L
A5D6D0,N47553,P32R,PIPER PA-32R-300/301/301T,L1P,L
A5D9D0,N4760V,ST75,STEARMAN Kaydet,L1P,L
A5DAD0,N47676,P28A,PIPER PA-28-140/150/160/180,L1P,L
A5DCD0,N477TM,BE40,BEECH 400 Beechjet,L2J,M
A5DDD0,N4772Y,PA25,PIPER PA-25 Pawnee,L1P,L
A5E5D0,N47964,ST75,STEARMAN Kaydet,L1P,L
A5E7D0,N48S,BE95,BEECH 95 Travel Air,L2P,L
A5EAD0,N480YS,T18,THORP Tiger,L1P,L
A5EBD0,N4806N,C182,CESSNA 182 Skylane,L1P,L
A5EED0,N4811E,RV7,VANS RV-7,L1P,L
A5F2D0,N4823H,PA17,PIPER PA-17 Vagabond Trainer,L1P,L
A5F6D0,N4835L,P28A,PIPER PA-28-140/150/160/180,L1P,L
A5FCD0,N485SV,DA42,DIAMOND DA-42 Guardian,L2P,L
A601D0,N4864J,BD4,BEDE BD-4,L1P,L
A605D0,N4876M,PA11,PIPER PA-11 Cub Special,L1P,L
A607D0,N488RH,T206,CESSNA T206 Turbo Stationair,L1P,L
A608D0,N4881D,C182,CESSNA 182 Skylane,L1P,L
A60AD0,N489J,RV4,VANS RV-4,L1P,L
A60CD0,N4893G,C172,CESSNA 172 Skyhawk,L1P,L
A614D0,N491LG,AS50,AEROSPATIALE AS-350 Ecureuil,H1T,L
A615D0,N491WN,B737,BOEING 737-700,L2J,M
A616D0,N49144,C152,CESSNA 152,L1P,L
A61CD0,N493SC,CRUZ,CSA PS-28 Cruiser,L1P,L
A621D0,N49432,C152,CESSNA 152,L1P,L
A625D0,N49555,TAYD,TAYLORCRAFT DC/DF/DL,L1P,L
A62DD0,N498A,,,,
A635D0,N5FW,BE55,BEECH 55 Baron,L2P,L
A636D0,N5SB,E50P,EMBRAER EMB-500 Phenom 100,L2J,L
A637D0,N50CG,C182,CESSNA 182 Skylane,L1P,L
A63BD0,N500VE,AC50,NORTH AMERICAN ROCKWELL Commander 500,L2P,L
A63CD0,N50036,RV4,VANS RV-4,L1P,L
A63DD0,N501BR,AT5T,AIR TRACTOR AT-504,L1T,L
A63ED0,N501MX,C500,CESSNA 500 Citation 1,L2J,L
A643D0,N50201,C150,CESSNA 150,L1P,L
A644D0,N5028B,BE35,BEECH 35 Starfire Bonanza,L1P,L
A646D0,N503TT,,,,
A64AD0,N504WR,YK50,YAKOVLEV Yak-50,L1P,L
A64BD0,N50447,CH7B,BELLANCA 7 Citabria,L1P,L
A64CD0,N505DB,,,,
A653D0,N5069C,BE35,BEECH 35 Starfire Bonanza,L1P,L
A65AD0,N50858,C172,CESSNA 172 Skyhawk,L1P,L
A65FD0,N51HL,TTWO,PARKER Teenie Two,L1P,L
A664D0,N5107V,,,,
A666D0,N511TA,BE20,BEECH 200 Super King Air,L2T,M
A667D0,N5112M,TAYB,TAYLORCRAFT BC/BF/BL,L1P,L
A668D0,N5119Y,T210,CESSNA T210 Turbo Centurion,L1P,L
A66BD0,N5124Q,BALL,,B0-,-
A66FD0,N5136T,ZZZZ,,-0-,-
A671D0,N514RP,P51,NORTH AMERICAN P-51 Mustang,L1P,L
A672D0,N5141K,C172,CESSNA 172 Skyhawk,L1P,L
A674D0,N515JF,P28A,PIPER PA-28-140/150/160/180,L1P,L
A676D0,N5153N,ST75,STEARMAN Kaydet,L1P,L
A67AD0,N5165R,C172,CESSNA 172 Skyhawk,L1P,L
A67BD0,N517DW,GLF5,GULFSTREAM 5,L2J,M
A680D0,N518T,M20P,MOONEY M-20,L1P,L
A681D0,N5182L,P28A,PIPER PA-28-140/150/160/180,L1P,L
A682D0,N5189X,,,,
A686D0,N52CJ,,,,
A688D0,N52YW,YK52,YAKOVLEV Yak-52,L1P,L
A692D0,N52203,C172,CESSNA 172 Skyhawk,L1P,L
A693D0,N5228D,BALL,,B0-,-
A695D0,N523TV,S22T,CIRRUS SR-22T Turbo,L1P,L
A696D0,N52326,P28A,PIPER PA-28-140/150/160/180,L1P,L
A69AD0,N52449,T206,CESSNA T206 Turbo Stationair,L1P,L
A69BD0,N525DD,BE55,BEECH 55 Baron,L2P,L
A6A2D0,N5269E,C180,CESSNA  180 Skywagon,L1P,L
A6A3D0,N527K,,,,
A6A6D0,N528BS,C25B,CESSNA 525B Citation CJ3,L2J,L
A6A9D0,N5286,G164,GRUMMAN G-164 Ag-Cat,L1P,L
A6ADD0,N5298C,BE35,BEECH 35 Starfire Bonanza,L1P,L
A6B2D0,N5300L,P28A,PIPER PA-28-140/150/160/180,L1P,L
A6B4D0,N531GX,C25C,CESSNA 525C Citation CJ4,L2J,M
A6B5D0,N531TC,H269,HUGHES Sky Knight,H1P,L
A6B6D0,N5312P,PA24,PIPER PA-24 Comanche,L1P,L
A6B7D0,N53190,PT22,RYAN PT-22 Recruit,L1P,L
A6BBD0,N533CM,C25B,CESSNA 525B Citation CJ3,L2J,L
A6BED0,N5336V,P32R,PIPER PA-32R-300/301/301T,L1P,L
A6C1D0,N5341M,C25B,CESSNA 525B Citation CJ3,L2J,L
A6C2D0,N5348Y,T210,CESSNA T210 Turbo Centurion,L1P,L
A6C5D0,N5353Q,C150,CESSNA 150,L1P,L
A6C6D0,N536B,SF50,CIRRUS SF-50 Vision,L1J,L
A6C9D0,N5365T,C172,CESSNA 172 Skyhawk,L1P,L
A6CFD0,N538TB,C172,CESSNA 172 Skyhawk,L1P,L
A6D3D0,N539W,PA11,PIPER PA-11 Cub Special,L1P,L
A6D5D0,N54CL,PA31,PIPER PA-31-300/310/325/350/425,L2P,L
A6DED0,N5416C,C170,CESSNA 170,L1P,L
A6E2D0,N5428F,P28A,PIPER PA-28-140/150/160/180,L1P,L
A6E4D0,N543TX,C25C,CESSNA 525C Citation CJ4,L2J,M
A6E5D0,N54328,M7,MAULE M-7,L1P,L
A6EAD0,N545DF,UH1,BELL UH-1 Huey,H1T,L
A6EBD0,N545PM,SR22,CIRRUS SR-22,L1P,L
A6EDD0,N5457D,C172,CESSNA 172 Skyhawk,L1P,L
A6F4D0,N54739,C172,CESSNA 172 Skyhawk,L1P,L
A6F8D0,N5486B,C182,CESSNA 182 Skylane,L1P,L
A6FBD0,N54904,PA25,PIPER PA-25 Pawnee,L1P,L
A6FCD0,N5498E,,,,
A6FDD0,N55HQ,M20P,MOONEY M-20,L1P,L
A6FED0,N55TW,MUS2,BUSHBY M-2 Mustang 2,L1P,L
A705D0,N5512R,C172,CESSNA 172 Skyhawk,L1P,L
A706D0,N55192,T34P,BEECH T-34 Mentor,L1P,L
A709D0,N5524U,P28A,PIPER PA-28-140/150/160/180,L1P,L
A70AD0,N553CP,H500,HUGHES 500,H1T,L
A712D0,N555JK,CH7B,BELLANCA 7 Citabria,L1P,L
A716D0,N556MH,H500,HUGHES 500,H1T,L
A71BD0,N5570M,VO10,NORTH AMERICAN ROCKWELL Commander 100,L1P,L
A721D0,N559KW,RV9,VANS RV-9,L1P,L
A72DD0,N5616E,C172,CESSNA 172 Skyhawk,L1P,L
A738D0,N5645C,PARA,,P0-,-
A740D0,N5669J,C182,CESSNA 182 Skylane,L1P,L
A743D0,N5674A,C172,CESSNA 172 Skyhawk,L1P,L
A74CD0,N57HS,M7,MAULE M-7,L1P,L
A74ED0,N570EC,C82R,CESSNA R182 Skylane RG,L1P,L
A754D0,N5712T,C172,CESSNA 172 Skyhawk,L1P,L
A755D0,N57194,BALL,,B0-,-
A75CD0,N5736Z,PA22,PIPER PA-22,L1P,L
A75FD0,N5741R,C172,CESSNA 172 Skyhawk,L1P,L
A76FD0,N57893,UH12,HILLER UH-12,H1P,L
A772D0,N5794V,BE23,BEECH 23 Sundowner,L1P,L
A77CD0,N5816G,C150,CESSNA 150,L1P,L
A77ED0,N582RC,VENT,SCHEMPP-HIRTH Ventus,L1P,L
A783D0,N5833B,B25,CONSOLIDATED B-25 Mitchell,L2P,M
A78ED0,N5862,ST75,STEARMAN Kaydet,L1P,L
A792D0,N5874C,C421,CESSNA 421 Executive Commuter,L2P,L
A794D0,N588ND,PA44,PIPER PA-44 Seminole,L2P,L
A796D0,N5886F,P28A,PIPER PA-28-140/150/160/180,L1P,L
A798D0,N589RB,BE58,BEECH 58 Baron,L2P,L
A7A0D0,N59073,C210,CESSNA 201 Centurion,L1P,L
A7BDD0,N5982U,P28A,PIPER PA-28-140/150/160/180,L1P,L
A7C2D0,N6CS,P337,CESSNA P337 Skymaster,L2P,L
A7C3D0,N6NY,C25C,CESSNA 525C Citation CJ4,L2J,M
A7C4D0,N6ZD,C337,CESSNA 337 Super Skymaster,L2P,L
A7C8D0,N600SA,AS21,SCHLEICHER ASK-21,L1P,L
A7C9D0,N6001X,BALL,,B0-,-
A7CDD0,N60130,C150,CESSNA 150,L1P,L
A7CED0,N602BK,AT6T,AIR TRACTOR AT-602,L1T,L
A7CFD0,N602MR,FDCT,FLIGHT DESIGN CT,L1P,L
A7D4D0,N6030V,ST75,STEARMAN Kaydet,L1P,L
A7D5D0,N60376,C150,CESSNA 150,L1P,L
A7D9D0,N60499,C150,CESSNA 150,L1P,L
A7DCD0,N60541,O1,CESSNA 305/341 Bird Dog,L1P,L
A7DED0,N606PB,C185,CESSNA 185 Skywagon,L1P,L
A7E2D0,N607S,SA10,STOLP SA-100 Starduster,L1P,L
A7E3D0,N6071W,P28A,PIPER PA-28-140/150/160/180,L1P,L
A7E4D0,N60787,C150,CESSNA 150,L1P,L
A7E8D0,N609BJ,BU31,BUCKER Bu-131 Jungmann,L1P,L
A7ECD0,N61EG,BOLT,STEEN Skybolt,L1P,L
A7EED0,N610AT,ZZZZ,,-0-,-
A7F1D0,92-0369,SW4,SWEARINGEN Metro,L2T,M
A7F2D0,N611DR,BE50,BEECH 50 Excalibur,L2P,L
A7F4D0,N6110C,M7,MAULE M-7,L1P,L
A7F6D0,N612GP,RV6,VANS RV-6,L1P,L
A7F7D0,N612SV,,,,
A7F8D0,N6122F,PARA,,P0-,-
A7FBD0,N613VT,EAGL,CHRISTEN Eagle,L1P,L
A7FCD0,N6134J,IR23,ICA IAR-823,L1P,L
A7FED0,N614NK,A320,AIRBUS A-320,L2J,M
A800D0,N6146M,BE36,BEECH 36 Bonanza,L1P,L
A802D0,N615RH,EA50,ECLIPSE 550,L2J,L
A803D0,N6151D,,,,
A805D0,N616J,,,,
A807D0,N6163G,ULAC,,L0-,-
A80BD0,N6175K,RC3,REPUBLIC RC-3 Seabee,A1P,L
A80ED0,N6180B,T210,CESSNA T210 Turbo Centurion,L1P,L
A812D0,N6192E,C172,CESSNA 172 Skyhawk,L1P,L
A81DD0,N622BM,E300,EXTRA EA-300/330/350,L1P,L
A823D0,N6230X,ULAC,,L0-,-
A827D0,N62420,ST75,STEARMAN Kaydet,L1P,L
A82DD0,N626PD,C82S,CESSNA T182 Turbo Skylane,L1P,L
A831D0,N627SB,SR22,CIRRUS SR-22,L1P,L
A835D0,N628V,BE35,BEECH 35 Starfire Bonanza,L1P,L
A83AD0,N62954,BE23,BEECH 23 Sundowner,L1P,L
A83ED0,N630MA,AT5T,AIR TRACTOR AT-504,L1T,L
A840D0,N6305N,CH7A,BELLANCA 7 Champion,L1P,L
A843D0,N6310E,C172,CESSNA 172 Skyhawk,L1P,L
A84FD0,N6346P,C152,CESSNA 152,L1P,L
A853D0,N6358S,T206,CESSNA T206 Turbo Stationair,L1P,L
A854D0,N636JB,A320,AIRBUS A-320,L2J,M
A856D0,N6363J,P28A,PIPER PA-28-140/150/160/180,L1P,L
A858D0,N637M,FLE7,FLEET 7,L1P,L
A85AD0,N6375M,S108,STINSON 108 Voyager,L1P,L
A85BD0,N638DS,DA40,DIAMOND DA-40 Club Star,L1P,L
A85DD0,N6380D,C172,CESSNA 172 Skyhawk,L1P,L
A861D0,N6392G,C172,CESSNA 172 Skyhawk,L1P,L
A862D0,N6399T,C82R,CESSNA R182 Skylane RG,L1P,L
A86BD0,N64134,C172,CESSNA 172 Skyhawk,L1P,L
A873D0,N6438,,,,
A877D0,N645AB,CH60,ZENAIR CH-600 Zodiac,L1P,L
A87AD0,N64545,C172,CESSNA 172 Skyhawk,L1P,L
A883D0,N648JW,C510,CESSNA 510 Citation Mustang,L2J,L
A88AD0,N65EL,,,,
A88DD0,N650MC,PC12,PILATUS PC-12,L1T,L
A88FD0,N6505Q,,,,
A894D0,N652GT,B762,BOEING 767-200,L2J,H
A89AD0,N6534N,C210,CESSNA 201 Centurion,L1P,L
A8A1D0,N6551H,C82R,CESSNA R182 Skylane RG,L1P,L
A8A2D0,N6558U,M20P,MOONEY M-20,L1P,L
A8A6D0,N657AW,A320,AIRBUS A-320,L2J,M
A8A7D0,N657MB,,,,
A8A9D0,N6575P,PA24,PIPER PA-24 Comanche,L1P,L
A8ACD0,N6580F,C150,CESSNA 150,L1P,L
A8B0D0,N6592J,P28A,PIPER PA-28-140/150/160/180,L1P,L
A8B1D0,N6599V,ZZZZ,,-0-,-
A8B6D0,N66013,B06,BELL 206 JetRanger,H1T,L
A8B7D0,N6609D,C172,CESSNA 172 Skyhawk,L1P,L
A8BBD0,N662BR,C25B,CESSNA 525B Citation CJ3,L2J,L
A8C1D0,N66301,BE77,BEECH 77 Skipper,L1P,L
A8C2D0,N6638B,BE23,BEECH 23 Sundowner,L1P,L
A8C4D0,N664TT,SR22,CIRRUS SR-22,L1P,L
A8C8D0,N665WR,P46T,PIPER PA-46-500TP,L1T,L
A8CAD0,N666DB,C188,CESSNA 188 AgTruck,L1P,L
A8CDD0,N6667,CORS,CHANCE VOUGHT F4U Corsair,L1P,M
A8DED0,N6705S,C150,CESSNA 150,L1P,L
A8E2D0,N6717V,BE23,BEECH 23 Sundowner,L1P,L
A8E4D0,N672TA,C208,CESSNA 208 Caravan,L1T,L
A8E5D0,N6722M,C182,CESSNA 182 Skylane,L1P,L
A8EDD0,N6746T,BE36,BEECH 36 Bonanza,L1P,L
A8F4D0,N6763N,M20P,MOONEY M-20,L1P,L
A8F6D0,N677MD,SR22,CIRRUS SR-22,L1P,L
A8F9D0,N678DW,CH7A,BELLANCA 7 Champion,L1P,L
A8FBD0,N6780H,C172,CESSNA 172 Skyhawk,L1P,L
A8FED0,N679T,PA34,PIPER PA-34 Seneca,L2P,L
A901D0,N68KS,PA34,PIPER PA-34 Seneca,L2P,L
A906D0,N6809F,C150,CESSNA 150,L1P,L
A915D0,N685AF,WACF,WACO F,L1P,L
A916D0,N685LM,PRM1,RAYTHEON 390 Premier 1,L2J,L
A91CD0,N6867B,PA22,PIPER PA-22,L1P,L
A91FD0,N68714,C152,CESSNA 152,L1P,L
A920D0,N6879E,C175,CESSNA 175 Skylark,L1P,L
A921D0,N688K,RV10,VANS RV-10,L1P,L
A923D0,N68837,ST75,STEARMAN Kaydet,L1P,L
A930D0,N6910L,C310,CESSNA 310,L2P,L
A931D0,N6917X,C172,CESSNA 172 Skyhawk,L1P,L
A935D0,N69290,BIPL,EAA Biplane,L1P,L
A938D0,N6934S,C150,CESSNA 150,L1P,L
A93FD0,N6951M,C182,CESSNA 182 Skylane,L1P,L
A943D0,N6963Q,BE23,BEECH 23 Sundowner,L1P,L
A94DD0,N699TB,PA46,PIPER PA-46-310/350,L1P,L
A950D0,N7KU,RV7,VANS RV-7,L1P,L
A951D0,N7W,TAIL,WITTMAN Tailwind,L1P,L
A953D0,N70SL,BT36,BEECH B36TC Bonanza,L1P,L
A954D0,N700CR,M20P,MOONEY M-20,L1P,L
A959D0,N701RV,C72R,CESSNA 172R Cutlass RG,L1P,L
A95CD0,N702JM,,,,
A95DD0,N702UT,TBM7,SOCATA TBM-700A/B/C,L1T,L
A964D0,N704QH,C150,CESSNA 150,L1P,L
A965D0,N7040P,R66,ROBINSON R-66,H1T,L
A966D0,N70470,PARA,,P0-,-
A96AD0,N70593,J3,PIPER J-3 Cub,L1P,L
A972D0,N708FN,BALL,,B0-,-
A974D0,N7081Q,C172,CESSNA 172 Skyhawk,L1P,L
A978D0,N7093T,,,,
A97ED0,N7103B,BALL,,B0-,-
A97FD0,N711AM,BE36,BEECH 36 Bonanza,L1P,L
A980D0,N711LT,C650,CESSNA 650 Citation,L2J,M
A981D0,N711WZ,M20P,MOONEY M-20,L1P,L
A983D0,N712DK,GLID,,L0-,-
A984D0,N712PR,CL60,BOMBARDIER CL-600 Challenger,L2J,M
A987D0,N713GH,P46T,PIPER PA-46-500TP,L1T,L
A988D0,N713SP,AC50,NORTH AMERICAN ROCKWELL Commander 500,L2P,L
A989D0,N7132,,,,
A98AD0,N7139L,R22,ROBINSON R-22 Mariner,H1P,L
A98DD0,N7144C,BALL,,B0-,-
A98FD0,N715ND,P28A,PIPER PA-28-140/150/160/180,L1P,L
A994D0,N71608,L8,LUSCOMBE 8,L1P,L
A997D0,N717U,PA31,PIPER PA-31-300/310/325/350/425,L2P,L
A998D0,N7173A,C172,CESSNA 172 Skyhawk,L1P,L
A999D0,N718AL,C25A,CESSNA 525A Citation CJ2,L2J,L
A99DD0,N719DJ,VTRA,RANS Venterra,L1P,L
A99ED0,N719PQ,A139,AGUSTA AW-139,H2T,L
A9A0D0,N7197G,C172,CESSNA 172 Skyhawk,L1P,L
A9A1D0,N72GG,SR22,CIRRUS SR-22,L1P,L
A9A3D0,N720CT,SR22,CIRRUS SR-22,L1P,L
A9A7D0,N721FR,A321,AIRBUS A-321,L2J,M
A9A8D0,N721RX,M20P,MOONEY M-20,L1P,L
A9A9D0,N7211T,C172,CESSNA 172 Skyhawk,L1P,L
A9ABD0,N722JP,FDCT,FLIGHT DESIGN CT,L1P,L
A9ADD0,N7223W,P28A,PIPER PA-28-140/150/160/180,L1P,L
A9AED0,N723BF,EN48,ENSTROM TH-28,H1T,L
A9AFD0,N723MM,T34P,BEECH T-34 Mentor,L1P,L
A9B2D0,N724ED,DRON,,D0-,-
A9B6D0,N725HB,BE58,BEECH 58 Baron,L2P,L
A9B7D0,N725TH,DHC3,DE HAVILLAND DHC-3 Otter,L1P,L
A9B9D0,N72595,UH1,BELL UH-1 Huey,H1T,L
A9C0D0,N72760,H60,SIKORSKY UH-60 Black Hawk,H2T,M
A9C2D0,N728RW,FDCT,FLIGHT DESIGN CT,L1P,L
A9C4D0,N72883,C140,CESSNA 140,L1P,L
A9C9D0,N73ML,CL60,BOMBARDIER CL-600 Challenger,L2J,M
A9CED0,N731AP,SR22,CIRRUS SR-22,L1P,L
A9D2D0,N732DM,T210,CESSNA T210 Turbo Centurion,L1P,L
A9D4D0,N732ZZ,T210,CESSNA T210 Turbo Centurion,L1P,L
A9D6D0,N733GK,C172,CESSNA 172 Skyhawk,L1P,L
A9DBD0,N734VP,C172,CESSNA 172 Skyhawk,L1P,L
A9DDD0,N735C,S108,STINSON 108 Voyager,L1P,L
A9E0D0,N7356H,J3,PIPER J-3 Cub,L1P,L
A9E4D0,N7368L,AA5,AMERICAN AA-5 Tiger,L1P,L
A9E5D0,N737HW,C172,CESSNA 172 Skyhawk,L1P,L
A9E6D0,N737UB,C182,CESSNA 182 Skylane,L1P,L
A9E8D0,N738AN,C172,CESSNA 172 Skyhawk,L1P,L
A9E9D0,N738LU,C182,CESSNA 182 Skylane,L1P,L
A9EDD0,N739PS,C172,CESSNA 172 Skyhawk,L1P,L
A9EFD0,N7397J,P28A,PIPER PA-28-140/150/160/180,L1P,L
A9F0D0,N74GJ,BE18,BEECH 18 Expetitor,L2P,L
A9F3D0,N740PA,P28A,PIPER PA-28-140/150/160/180,L1P,L
A9F5D0,N74063,BALL,,B0-,-
A9F8D0,N7411V,M20P,MOONEY M-20,L1P,L
A9F9D0,N74186,BALL,,B0-,-
AA01D0,N744EF,C182,CESSNA 182 Skylane,L1P,L
AA03D0,N7440T,C172,CESSNA 172 Skyhawk,L1P,L
AA04D0,N74474,B14A,BELLANCA 14,L1P,L
AA08D0,N74597,R22,ROBINSON R-22 Mariner,H1P,L
AA0FD0,N74762,M20P,MOONEY M-20,L1P,L
AA18D0,N75MN,LJ45,LEARJET 45,L2J,M
AA1AD0,N750HZ,,,,
AA1CD0,N7503F,CH7A,BELLANCA 7 Champion,L1P,L
AA20D0,N7515J,P28R,PIPER PA-28R-180/200/201,L1P,L
AA23D0,N7520A,MD82,MCDONNELL-DOUGLAS MD-82,L2J,M
AA24D0,N7527M,C175,CESSNA 175 Skylark,L1P,L
AA26D0,N753ST,PULS,Pulsar,L1P,L
AA27D0,N7532D,R22,ROBINSON R-22 Mariner,H1P,L
AA30D0,N756F,T206,CESSNA T206 Turbo Stationair,L1P,L
AA31D0,N756RF,C82R,CESSNA R182 Skylane RG,L1P,L
AA32D0,N7561B,CH7A,BELLANCA 7 Champion,L1P,L
AA34D0,N757HY,C152,CESSNA 152,L1P,L
AA35D0,N757UD,C152,CESSNA 152,L1P,L
AA38D0,N758LW,C172,CESSNA 172 Skyhawk,L1P,L
AA39D0,N758XB,C172,CESSNA 172 Skyhawk,L1P,L
AA3AD0,N7585H,PA12,PIPER PA-12 Super Cruiser,L1P,L
AA3FD0,N76GL,G2T1,GREAT LAKES 2T-1,L1P,L
AA44D0,N76065,B764,BOEING 767-400,L2J,H
AA49D0,N762JT,BE76,BEECH 76 Duchess,L2P,L
AA53D0,N76476,C140,CESSNA 140,L1P,L
AA56D0,N7652Y,PA30,PIPER PA-30 Twin Comanche,L2P,L
AA5BD0,N767CW,GLF5,GULFSTREAM 5,L2J,M
AA62D0,N76887,C140,CESSNA 140,L1P,L
AA63D0,N769JS,TBM7,SOCATA TBM-700A/B/C,L1T,L
AA65D0,N7693Z,T6,NORTH AMERICAN T-6 Texan,L1P,L
AA66D0,N77BJ,BE35,BEECH 35 Starfire Bonanza,L1P,L
AA6BD0,N7703H,PA12,PIPER PA-12 Super Cruiser,L1P,L
AA73D0,N7727P,PA24,PIPER PA-24 Comanche,L1P,L
AA74D0,N773GP,S22T,CIRRUS SR-22T Turbo,L1P,L
AA77D0,N7739S,GLID,,L0-,-
AA7BD0,N775CD,SR22,CIRRUS SR-22,L1P,L
AA81D0,N7761D,PA18,PIPER PA-18 Super Cub,L1P,L
AA82D0,N7768Q,C310,CESSNA 310,L2P,L
AA84D0,N777UF,CH7B,BELLANCA 7 Citabria,L1P,L
AA8DD0,N7797N,P28A,PIPER PA-28-140/150/160/180,L1P,L
AA93D0,N78067,GC1,GLOBE Swift,L1P,L
AA95D0,N781SC,PARA,,P0-,-
AA96D0,N7811Z,C150,CESSNA 150,L1P,L
AA97D0,N7819,EN28,ENSTROM F-28,H1P,L
AA9ED0,N78355,C172,CESSNA 172 Skyhawk,L1P,L
AAA1D0,N7840X,C172,CESSNA 172 Skyhawk,L1P,L
AAA5D0,N78520,C172,CESSNA 172 Skyhawk,L1P,L
AAA6D0,N786A,PA44,PIPER PA-44 Seminole,L2P,L
AAA7D0,N786LF,A119,AGUSTA AW-119 Koala,H1T,L
AAA8D0,N786WM,PC12,PILATUS PC-12,L1T,L
AAADD0,N78766,C172,CESSNA 172 Skyhawk,L1P,L
AAB3D0,N789V,BE35,BEECH 35 Starfire Bonanza,L1P,L
AAB5D0,N79BL,PA46,PIPER PA-46-310/350,L1P,L
AAB6D0,N79MS,P28A,PIPER PA-28-140/150/160/180,L1P,L
AABAD0,N7903K,BE35,BEECH 35 Starfire Bonanza,L1P,L
AABBD0,N791AV,B788,BOEING 787-8 Dreamliner,L2J,H
AABCD0,N791MA,DV20,DIAMOND DA-20,L1P,L
AAC2D0,N7927R,BE33,BEECH 33 Bonanza,L1P,L
AACAD0,N795CF,UH1,BELL UH-1 Huey,H1T,L
AACDD0,N7956P,PA24,PIPER PA-24 Comanche,L1P,L
AACED0,N796FD,B752,BOEING 757-200,L2J,M
AAD2D0,N797JB,RV6,VANS RV-6,L1P,L
AAD6D0,N798M,R44,ROBINSON R-44 Raven,H1P,L
AAD9D0,N799DS,DA40,DIAMOND DA-40 Club Star,L1P,L
AADCD0,N7997Q,C310,CESSNA 310,L2P,L
AADDD0,N8GQ,C25C,CESSNA 525C Citation CJ4,L2J,M
AADED0,N8SW,GLF5,GULFSTREAM 5,L2J,M
AADFD0,N80DA,FOX,KITFOX,L1P,L
AAE0D0,N80PG,LJ35,LEARJET 35,L2J,M
AAECD0,N8028W,RS12,RANS S-12 Super Airaile,L1P,L
AAEFD0,N8033N,AT8T,AIR TRACTOR AT-802,L1T,M
AAF3D0,N8045R,H269,HUGHES Sky Knight,H1P,L
AAF4D0,N805DW,FA50,DASSAULT Falcon 50,L3J,M
AAF7D0,N8057U,C150,CESSNA 150,L1P,L
AAF9D0,N806T,BE36,BEECH 36 Bonanza,L1P,L
AAFCD0,N807KS,C150,CESSNA 150,L1P,L
AAFFD0,N808CJ,M7,MAULE M-7,L1P,L
AB09D0,N810ER,DA40,DIAMOND DA-40 Club Star,L1P,L
AB0FD0,N81126,FNKB,FUNK B,L1P,L
AB10D0,N812AF,C82T,CESSNA TR182 Turbo Skylane RG,L1P,L
AB15D0,N813PK,C82S,CESSNA T182 Turbo Skylane,L1P,L
AB17D0,N8137B,C172,CESSNA 172 Skyhawk,L1P,L
AB19D0,N814SH,C560,CESSNA 560 Citation Ultra,L2J,M
AB1AD0,N81414,CH7A,BELLANCA 7 Champion,L1P,L
AB1BD0,N8149E,P28B,PIPER PA-28-201T/235/236,L1P,L
AB1CD0,N815K,TBM7,SOCATA TBM-700A/B/C,L1T,L
AB1FD0,N816BS,BE20,BEECH 200 Super King Air,L2T,M
AB22D0,N8166,,,,
AB29D0,N81825,CH7A,BELLANCA 7 Champion,L1P,L
AB2AD0,N819AE,E135,EMBRAER ERJ-135,L2J,M
AB2DD0,N81948,CH7A,BELLANCA 7 Champion,L1P,L
AB2ED0,N82DC,BOLT,STEEN Skybolt,L1P,L
AB33D0,N8204S,,,,
AB3CD0,N823JH,SONX,SONEX AIRCRAFT Sonex,L1P,L
AB3DD0,N823UP,B350,BEECHCRAFT Super King Air 350,L2T,M
AB42D0,N8245T,C175,CESSNA 175 Skylark,L1P,L
AB46D0,N8257W,P28A,PIPER PA-28-140/150/160/180,L1P,L
AB49D0,N8262N,P28A,PIPER PA-28-140/150/160/180,L1P,L
AB4AD0,N8269Z,P28A,PIPER PA-28-140/150/160/180,L1P,L
AB4BD0,N827KU,,,,
AB4CD0,N827W,BE35,BEECH 35 Starfire Bonanza,L1P,L
AB4ED0,N828CL,C700,CESSNA 700 Citation Longitude,L2J,M
AB54D0,N8291L,C172,CESSNA 172 Skyhawk,L1P,L
AB5BD0,N8308F,H500,HUGHES 500,H1T,L
AB5DD0,N831TX,S22T,CIRRUS SR-22T Turbo,L1P,L
AB62D0,N8325A,C170,CESSNA 170,L1P,L
AB63D0,N833DF,PA30,PIPER PA-30 Twin Comanche,L2P,L
AB64D0,N833PM,BE33,BEECH 33 Bonanza,L1P,L
AB68D0,N834SK,CRJ9,BOMBARDIER Regional Jet CRJ-900,L2J,M
AB69D0,N83416,P28A,PIPER PA-28-140/150/160/180,L1P,L
AB6DD0,N83539,PA18,PIPER PA-18 Super Cub,L1P,L
AB78D0,N83827,FB1A,BOWERS Fly Baby 1A,L1P,L
AB79D0,N839AG,A332,AIRBUS A-330-200,L2J,H
AB7CD0,N8395,,,,
AB7ED0,N84PL,LNC4,LANCAIR 4,L1P,L
AB81D0,N840WC,SR20,CIRRUS SR-20,L1P,L
AB82D0,N8404U,C172,CESSNA 172 Skyhawk,L1P,L
AB83D0,N841CP,O1,CESSNA 305/341 Bird Dog,L1P,L
AB86D0,N8416X,C172,CESSNA 172 Skyhawk,L1P,L
AB87D0,N842FM,RV8,VANS RV-8,L1P,L
AB89D0,N8421P,PA24,PIPER PA-24 Comanche,L1P,L
AB8DD0,N8433S,C182,CESSNA 182 Skylane,L1P,L
AB8FD0,N844MH,B764,BOEING 767-400,L2J,H
AB94D0,N8450M,C150,CESSNA 150,L1P,L
AB98D0,N8462Q,T206,CESSNA T206 Turbo Stationair,L1P,L
AB9CD0,N8474T,C182,CESSNA 182 Skylane,L1P,L
AB9FD0,N848Z,TOOT,MEYER Little Toot,L1P,L
ABA0D0,N8486W,P28A,PIPER PA-28-140/150/160/180,L1P,L
ABA2D0,N849RS,RV8,VANS RV-8,L1P,L
ABA3D0,N8491N,BE55,BEECH 55 Baron,L2P,L
ABA8D0,N850RA,FA50,DASSAULT Falcon 50,L3J,M
ABA9D0,N85007,RV4,VANS RV-4,L1P,L
ABAFD0,N852LR,C206,CESSNA  206 Stationair,L1P,L
ABB2D0,N853DH,AVID,AVID Flyer,L1P,L
ABBCD0,N8554A,CRJ2,BOMBARDIER Regional Jet CRJ-200,L2J,M
ABBDD0,N856BW,,,,
ABC2D0,N857R,BE35,BEECH 35 Starfire Bonanza,L1P,L
ABCBD0,N8595B,PA23,PIPER PA-23,L2P,L
ABCCD0,N86DG,GLID,,L0-,-
ABD1D0,N8604W,P28B,PIPER PA-28-201T/235/236,L1P,L
ABD8D0,N8621R,GLID,,L0-,-
ABDAD0,N863JM,HIGH,JUST JA20 Highlander,L1P,L
ABE4D0,N86570,,,,
ABE5D0,N866H,B06,BELL 206 JetRanger,H1T,L
ABE7D0,N8662S,C150,CESSNA 150,L1P,L
ABEBD0,N8674V,CH7B,BELLANCA 7 Citabria,L1P,L
ABEFD0,N8686Y,PA30,PIPER PA-30 Twin Comanche,L2P,L
ABF8D0,N87009,CH7B,BELLANCA 7 Citabria,L1P,L
ABFBD0,N871UA,A319,AIRBUS A-319,L2J,M
ABFDD0,N872AM,P28A,PIPER PA-28-140/150/160/180,L1P,L
AC00D0,N8725E,P28A,PIPER PA-28-140/150/160/180,L1P,L
AC06D0,N874SP,BE20,BEECH 200 Super King Air,L2T,M
AC07D0,N8742,FINC,FLEET Finch,L1P,L
AC16D0,N8783A,BE35,BEECH 35 Starfire Bonanza,L1P,L
AC1AD0,N8795D,PA18,PIPER PA-18 Super Cub,L1P,L
AC24D0,N88161,BL8,BELLANCA 8 Decathlon,L1P,L
AC27D0,N8821T,C182,CESSNA 182 Skylane,L1P,L
AC29D0,N883JP,SR22,CIRRUS SR-22,L1P,L
AC2BD0,N8833W,P28B,PIPER PA-28-201T/235/236,L1P,L
AC34D0,N886HB,FOX,KITFOX,L1P,L
AC35D0,N886TH,BL8,BELLANCA 8 Decathlon,L1P,L
AC36D0,N8862U,C172,CESSNA 172 Skyhawk,L1P,L
AC37D0,N88695,J3,PIPER J-3 Cub,L1P,L
AC3BD0,N888CS,GLF4,GULFSTREAM 4,L2J,M
AC41D0,N8891S,C150,CESSNA 150,L1P,L
AC48D0,N8908M,BE35,BEECH 35 Starfire Bonanza,L1P,L
AC4BD0,N8913D,PA22,PIPER PA-22,L1P,L
AC56D0,N8942B,C172,CESSNA 172 Skyhawk,L1P,L
AC68D0,N899X,P28A,PIPER PA-28-140/150/160/180,L1P,L
AC6AD0,N9DL,ACRO,ACRO SPORT 1,L1P,L
AC6BD0,N9PS,GLEX,BOMBARDIER BD-700 Global 6000/6500,L2J,M
AC6DD0,N90LC,J3,PIPER J-3 Cub,L1P,L
AC6ED0,N90WJ,BE9L,BEECH 90 King Air,L2T,L
AC6FD0,N900GP,PA24,PIPER PA-24 Comanche,L1P,L
AC71D0,N9002F,P28A,PIPER PA-28-140/150/160/180,L1P,L
AC77D0,N902NK,A20N,AIRBUS A-320neo,L2J,M
AC79D0,N9026M,T210,CESSNA T210 Turbo Centurion,L1P,L
AC80D0,N9043G,G3,REMOS Mirage,L1P,L
AC84D0,N9055K,S108,STINSON 108 Voyager,L1P,L
AC86D0,N906PW,GLID,,L0-,-
AC87D0,N9060B,CH7A,BELLANCA 7 Champion,L1P,L
AC8BD0,N9072E,M5,MAULE M-5,L1P,L
AC8CD0,N9079R,ULAC,,L0-,-
AC90D0,N909CC,PZ04,PZL-OKECIE PZL-104 Wilga,L1P,L
AC93D0,N9096L,,,,
AC95D0,N91RG,PA24,PIPER PA-24 Comanche,L1P,L
AC99D0,N91055,C182,CESSNA 182 Skylane,L1P,L
AC9CD0,N9110X,C182,CESSNA 182 Skylane,L1P,L
AC9DD0,N91178,NAVI,NORTH AMERICAN Navion,L1P,L
AC9FD0,N912TP,R44,ROBINSON R-44 Raven,H1P,L
ACA0D0,N91220,C180,CESSNA  180 Skywagon,L1P,L
ACA1D0,N913A,PA22,PIPER PA-22,L1P,L
ACA6D0,N914PD,SONX,SONEX AIRCRAFT Sonex,L1P,L
ACAAD0,N915SB,GLID,,L0-,-
ACABD0,N9151Y,M20P,MOONEY M-20,L1P,L
ACACD0,N91589,C182,CESSNA 182 Skylane,L1P,L
ACAFD0,N91631,P28A,PIPER PA-28-140/150/160/180,L1P,L
ACB1D0,N917MS,GLF4,GULFSTREAM 4,L2J,M
ACB7D0,N91877,GLID,,L0-,-
ACB8D0,N919HG,R44,ROBINSON R-44 Raven,H1P,L
ACBBD0,N92,CL60,BOMBARDIER CL-600 Challenger,L2J,M
ACC9D0,N923FD,B752,BOEING 757-200,L2J,M
ACCCD0,N9238S,BE23,BEECH 23 Sundowner,L1P,L
ACCDD0,N924JB,BE20,BEECH 200 Super King Air,L2T,M
ACCFD0,N9243J,P28A,PIPER PA-28-140/150/160/180,L1P,L
ACD0D0,N925AU,,,,
ACD1D0,N925M,BE35,BEECH 35 Starfire Bonanza,L1P,L
ACD3D0,N9255M,L8,LUSCOMBE 8,L1P,L
ACD4D0,N926DS,M20P,MOONEY M-20,L1P,L
ACD5D0,N926PY,C25A,CESSNA 525A Citation CJ2,L2J,L
ACD7D0,N9267Q,PA46,PIPER PA-46-310/350,L1P,L
ACD9D0,N927SW,CRJ2,BOMBARDIER Regional Jet CRJ-200,L2J,M
ACDAD0,N9272G,C182,CESSNA 182 Skylane,L1P,L
ACDED0,N9284K,P28A,PIPER PA-28-140/150/160/180,L1P,L
ACDFD0,N929CE,PA18,PIPER PA-18 Super Cub,L1P,L
ACE2D0,N9296N,P32R,PIPER PA-32R-300/301/301T,L1P,L
ACE3D0,N93FC,M20P,MOONEY M-20,L1P,L
ACE5D0,N930BP,TBM7,SOCATA TBM-700A/B/C,L1T,L
ACE9D0,N931EM,C182,CESSNA 182 Skylane,L1P,L
ACEBD0,N9310Z,N3N,NAVAL AIRCRAFT FACTORY N3N,L1P,L
ACECD0,N9318,WACF,WACO F,L1P,L
ACEFD0,N93222,TTWO,PARKER Teenie Two,L1P,L
ACF2D0,N933WP,SR22,CIRRUS SR-22,L1P,L
ACF4D0,N934D,BE35,BEECH 35 Starfire Bonanza,L1P,L
ACF7D0,N93468,C152,CESSNA 152,L1P,L
ACFBD0,N9359A,C190,CESSNA 190,L1P,L
AD06D0,N93879,ERCO,AIR PRODUCTS F-1 Aircoupe,L1P,L
AD09D0,N93921,ERCO,AIR PRODUCTS F-1 Aircoupe,L1P,L
AD0AD0,N94AA,RV3,VANS RV-3,L1P,L
AD0FD0,N9402K,P28A,PIPER PA-28-140/150/160/180,L1P,L
AD10D0,N9409W,P28B,PIPER PA-28-201T/235/236,L1P,L
AD13D0,N9414N,C185,CESSNA 185 Skywagon,L1P,L
AD17D0,N9426R,,,,
AD1AD0,N9431H,GLID,,L0-,-
AD1CD0,N944JD,PC12,PILATUS PC-12,L1T,L
AD1ED0,N9443L,C172,CESSNA 172 Skyhawk,L1P,L
AD26D0,N9467S,BE35,BEECH 35 Starfire Bonanza,L1P,L
AD29D0,N9472J,P28A,PIPER PA-28-140/150/160/180,L1P,L
AD2FD0,N949NN,B738,BOEING 737-800,L2J,M
AD37D0,N95059,TAYB,TAYLORCRAFT BC/BF/BL,L1P,L
AD3AD0,N95101,TAYB,TAYLORCRAFT BC/BF/BL,L1P,L
AD42D0,N95347,P28A,PIPER PA-28-140/150/160/180,L1P,L
AD43D0,N954DB,FOX,KITFOX,L1P,L
AD51D0,N95758,TAYB,TAYLORCRAFT BC/BF/BL,L1P,L
AD54D0,N95800,TAYB,TAYLORCRAFT BC/BF/BL,L1P,L
AD55D0,N9588A,C170,CESSNA 170,L1P,L
AD59D0,N96AC,LNC2,LANCAIR 200-320,L1P,L
AD5AD0,N96LJ,GP3,OSPREY GP-3 Osprey 2,A1P,L
AD5CD0,N960GV,P06T,TECNAM P-2006T,L2P,L
AD5ED0,N9602M,M20P,MOONEY M-20,L1P,L
AD62D0,N9614Q,C172,CESSNA 172 Skyhawk,L1P,L
AD69D0,N9631K,S108,STINSON 108 Voyager,L1P,L
AD72D0,N966DW,WAIX,SONEX Waiex,L1P,L
AD74D0,N9660H,C172,CESSNA 172 Skyhawk,L1P,L
AD75D0,N9667U,AA1,AMERICAN AA-1,L1P,L
AD77D0,N967T,BE35,BEECH 35 Starfire Bonanza,L1P,L
AD79D0,N9679X,C210,CESSNA 201 Centurion,L1P,L
AD7CD0,N9684P,PA18,PIPER PA-18 Super Cub,L1P,L
AD8BD0,N972HP,,,,
ADA8D0,N98AE,VENT,SCHEMPP-HIRTH Ventus,L1P,L
ADACD0,N980TC,BALL,,B0-,-
ADADD0,N9802P,HIGH,JUST JA20 Highlander,L1P,L
ADAED0,N98090,J3,PIPER J-3 Cub,L1P,L
ADB2D0,N982CM,A321,AIRBUS A-321,L2J,M
ADB7D0,N983RR,BALL,,B0-,-
ADB8D0,N9831M,M4,MAULE M-4,L1P,L
ADBCD0,N9843Q,PA18,PIPER PA-18 Super Cub,L1P,L
ADBDD0,N985B,B47G,BELL 47G,H1P,L
ADBED0,N985MF,B06,BELL 206 JetRanger,H1T,L
ADC0D0,N9855T,C172,CESSNA 172 Skyhawk,L1P,L
ADC4D0,N9867W,P28A,PIPER PA-28-140/150/160/180,L1P,L
ADCFD0,N9896U,AA5,AMERICAN AA-5 Tiger,L1P,L
ADD2D0,N990BV,RV8,VANS RV-8,L1P,L
ADD3D0,N990NA,EA50,ECLIPSE 550,L2J,L
ADD5D0,N9906C,L8,LUSCOMBE 8,L1P,L
ADD9D0,N9918F,C72R,CESSNA 172R Cutlass RG,L1P,L
ADDBD0,N992TX,C750,CESSNA 750 Citation 10,L2J,M
ADDCD0,N99228,ERCO,AIR PRODUCTS F-1 Aircoupe,L1P,L
ADE0D0,N9935A,C170,CESSNA 170,L1P,L
ADE1D0,N994DF,TBM7,SOCATA TBM-700A/B/C,L1T,L
ADE2D0,N994PM,SR22,CIRRUS SR-22,L1P,L
ADE4D0,N9947D,PA18,PIPER PA-18 Super Cub,L1P,L
ADE7D0,N99516,,,,
ADEDD0,N997N,GLST,GLASAIR SH-4 GlaStar,L1P,L
ADEFD0,N9976B,C182,CESSNA 182 Skylane,L1P,L
ADF4D0,N999HQ,C310,CESSNA 310,L2P,L
ADF5D0,N999TW,R22,ROBINSON R-22 Mariner,H1P,L
ADF6D0,N99927,ERCO,AIR PRODUCTS F-1 Aircoupe,L1P,L
ADFCD0,93-0656,BE40,BEECH 400 Beechjet,L2J,M
ADFDD0,92-03328,BE20,BEECH 200 Super King Air,L2T,M
ADFED0,85-51262,BE20,BEECH 200 Super King Air,L2T,M
ADFFD0,65-10428,T38,NORTHROP T-38 Talon,L2J,L
AE00D0,68-8140,T38,NORTHROP T-38 Talon,L2J,L
AE01D0,62-4139,R135,BOEING RC-135,L4J,H
AE02D0,91-9144,C130,LOCKHEED C-130 Hercules,L4T,M
AE03D0,164180,C130,LOCKHEED C-130 Hercules,L4T,M
AE04D0,62-3566,K35R,BOEING KC-135R/T Stratotanker,L4J,H
AE07D0,89-1192,C17,BOEING C-17 Globemaster 3,L4J,H
AE0CD0,97-26740,H60,SIKORSKY UH-60 Black Hawk,H2T,M
AE0DD0,84-23942,H60,SIKORSKY UH-60 Black Hawk,H2T,M
AE0ED0,82-23722,H60,SIKORSKY UH-60 Black Hawk,H2T,M
AE11D0,03-6203,TEX2,BEECHCRAFT T-6 Texan 2,L1T,L
AE14D0,161079,BE9L,BEECH 90 King Air,L2T,L
AE15D0,04-05440,H64,MCDONNELL DOUGLAS AH-64 Apache,H2T,M
AE1DD0,166541,H60,SIKORSKY UH-60 Black Hawk,H2T,M
AE1ED0,166075,TEX2,BEECHCRAFT T-6 Texan 2,L1T,L
AE1FD0,11-72193,EC45,AIRBUS HELICOPTERS EC-145,H2T,L
AE20D0,166905,F18S,BOEING FA-18 SUPER HORNET,L2J,M
AE21D0,00-26871,H60,SIKORSKY UH-60 Black Hawk,H2T,M
AE29D0,08-6203,C30J,LOCKHEED MARTIN C-130J Super Hercules,L4T,M
AE2FD0,CBP-113,DRON,,D0-,-
AE4ED0,10-0101,SR20,CIRRUS SR-20,L1P,L
AE50D0,10-20272,H60,SIKORSKY UH-60 Black Hawk,H2T,M
AE51D0,11-20420,H60,SIKORSKY UH-60 Black Hawk,H2T,M
AE54D0,12-5763,C30J,LOCKHEED MARTIN C-130J Super Hercules,L4T,M
AE56D0,13-20616,H60,SIKORSKY UH-60 Black Hawk,H2T,M
AE57D0,169011,P8,BOEING P-8 Poseidon,L2J,M
AE59D0,14-08455,H47,BOEING-VERTOL CH-47 Chinook,H2T,M
AE5AD0,15-20750,H60,SIKORSKY UH-60 Black Hawk,H2T,M
AE5BD0,15-20788,H60,SIKORSKY UH-60 Black Hawk,H2T,M
AE5CD0,91-26403,H60,SIKORSKY UH-60 Black Hawk,H2T,M
AE5ED0,162046,B06,BELL 206 JetRanger,H1T,L
AE63D0,64-13265,T38,NORTHROP T-38 Talon,L2J,L
AE74D0,21-03437,H64,MCDONNELL DOUGLAS AH-64 Apache,H2T,M
C000D0,C-FAHZ,B212,BELL 212,H2T,L
C001D0,C-FARV,RV3,VANS RV-3,L1P,L
C002D0,C-FBBR,PA31,PIPER PA-31-300/310/325/350/425,L2P,L
C005D0,C-FCFF,,,,
C006D0,C-FCPB,CH20,ZENAIR CH-200 Zenith,L1P,L
C008D0,C-FDIT,DH83,DE HAVILLAND DH-83 Fox Moth,L1P,L
C009D0,C-FDSP,C150,CESSNA 150,L1P,L
C00BD0,C-FEMH,C175,CESSNA 175 Skylark,L1P,L
C00CD0,C-FEWD,,,,
C00DD0,C-FFFZ,C180,CESSNA  180 Skywagon,L1P,L
C00ED0,C-FFPV,,,,
C00FD0,C-FFZR,PIVI,PIPSTREL Virus,L1P,L
C011D0,C-FGTJ,C150,CESSNA 150,L1P,L
C012D0,C-FHDF,ERCO,AIR PRODUCTS F-1 Aircoupe,L1P,L
C013D0,C-FHNB,AS55,AEROSPATIALE AS-355 Ecureuil 2,H2T,L
C014D0,C-FHWX,T6,NORTH AMERICAN T-6 Texan,L1P,L
C015D0,C-FIGT,C177,CESSNA  177 Cardinal,L1P,L
C017D0,C-FJAL,,,,
C018D0,C-FJKH,DHC2,DE HAVILLAND DHC-2 Beaver,L1P,L
C01AD0,C-FKDZ,J3,PIPER J-3 Cub,L1P,L
C01DD0,C-FLHN,C172,CESSNA 172 Skyhawk,L1P,L
C01ED0,C-FLRJ,RJ85,AVRO RJ-85 Avroliner,L4J,M
C01FD0,C-FMBF,C150,CESSNA 150,L1P,L
C020D0,C-FMLB,C195,CESSNA 195,L1P,L
C021D0,C-FMUX,PA22,PIPER PA-22,L1P,L
C022D0,C-FNET,T206,CESSNA T206 Turbo Stationair,L1P,L
C024D0,C-FNYL,AR15,AERONCA 15 Sedan,L1P,L
C026D0,C-FOSD,ULAC,,L0-,-
C027D0,C-FPBZ,CL60,BOMBARDIER CL-600 Challenger,L2J,M
C028D0,C-FPLV,C180,CESSNA  180 Skywagon,L1P,L
C029D0,C-FPVR,SREY,PROGRESSIVE AERODYNE SeaRey,A1P,L
C02DD0,C-FRJB,,,,
C02ED0,C-FRSX,,,,
C030D0,C-FSMP,,,,
C031D0,C-FSWL,PA12,PIPER PA-12 Super Cruiser,L1P,L
C032D0,C-FTGH,O1,CESSNA 305/341 Bird Dog,L1P,L
C034D0,C-FTZZ,O1,CESSNA 305/341 Bird Dog,L1P,L
C035D0,C-FUJV,J3,PIPER J-3 Cub,L1P,L
C036D0,C-FUTR,M20P,MOONEY M-20,L1P,L
C037D0,C-FVDN,CL60,BOMBARDIER CL-600 Challenger,L2J,M
C038D0,C-FVNJ,J3,PIPER J-3 Cub,L1P,L
C039D0,C-FVXF,,,,
C03AD0,C-FWHB,VJ22,VOLMER Sportsman,A1P,L
C03BD0,C-FWQX,PA31,PIPER PA-31-300/310/325/350/425,L2P,L
C03DD0,C-FXKP,P28A,PIPER PA-28-140/150/160/180,L1P,L
C03ED0,C-FXUL,M4,MAULE M-4,L1P,L
C03FD0,C-FYEH,C185,CESSNA 185 Skywagon,L1P,L
C040D0,C-FYOD,P28B,PIPER PA-28-201T/235/236,L1P,L
C041D0,C-FYXZ,C172,CESSNA 172 Skyhawk,L1P,L
C042D0,C-FZHV,C170,CESSNA 170,L1P,L
C043D0,C-FZRR,C206,CESSNA  206 Stationair,L1P,L
C044D0,C-GABN,C340,CESSNA 340 Super,L2P,L
C045D0,C-GALJ,B06,BELL 206 JetRanger,H1T,L
C046D0,C-GAVF,B407,BELL 407,H1T,L
C047D0,C-GBFB,C172,CESSNA 172 Skyhawk,L1P,L
C048D0,C-GBOX,RAF2,ROTARY AIR FORCE RAF-2000,G1P,L
C049D0,C-GBYT,GLID,,L0-,-
C04AD0,C-GCIP,B429,BELL 429 GlobalRanger,H2T,L
C04BD0,C-GCSL,,,,
C04CD0,C-GDCH,,,,
C04DD0,C-GDMD,C421,CESSNA 421 Executive Commuter,L2P,L
C04ED0,C-GDVZ,PA30,PIPER PA-30 Twin Comanche,L2P,L
C04FD0,C-GEFV,,,,
C050D0,C-GEPR,EC20,AIRBUS HELICOPTERS EC-120,H1T,L
C051D0,C-GEZN,A321,AIRBUS A-321,L2J,M
C053D0,C-GFTF,,,,
C054D0,C-GGDB,P28R,PIPER PA-28R-180/200/201,L1P,L
C055D0,C-GGMX,C182,CESSNA 182 Skylane,L1P,L
C056D0,C-GGWT,P28A,PIPER PA-28-140/150/160/180,L1P,L
C057D0,C-GHGP,P28A,PIPER PA-28-140/150/160/180,L1P,L
C058D0,C-GHQL,DH8D,DE HAVILLAND DHC-8-400 Dash 8,L2T,M
C059D0,C-GIAH,,,,
C05AD0,C-GIKD,C172,CESSNA 172 Skyhawk,L1P,L
C05CD0,C-GJDV,BALL,,B0-,-
C05DD0,C-GJNR,R44,ROBINSON R-44 Raven,H1P,L
C05ED0,C-GJXN,BCS3,AIRBUS A220-300,L2J,M
C05FD0,C-GKHJ,C182,CESSNA 182 Skylane,L1P,L
C060D0,C-GKRF,C172,CESSNA 172 Skyhawk,L1P,L
C061D0,C-GLBB,DA40,DIAMOND DA-40 Club Star,L1P,L
C062D0,C-GLKX,SF34,SAAB 340,L2T,M
C063D0,C-GLUT,BE20,BEECH 200 Super King Air,L2T,M
C064D0,C-GMEP,B06,BELL 206 JetRanger,H1T,L
C065D0,C-GMOL,SR20,CIRRUS SR-20,L1P,L
C066D0,C-GMYH,AS50,AEROSPATIALE AS-350 Ecureuil,H1T,L
C067D0,C-GNID,C340,CESSNA 340 Super,L2P,L
C068D0,C-GNRZ,C182,CESSNA 182 Skylane,L1P,L
C069D0,C-GOBV,CH7B,BELLANCA 7 Citabria,L1P,L
C06AD0,C-GOLR,B407,BELL 407,H1T,L
C06DD0,C-GPPF,CH70,ZENAIR CH-701 Stol,L1P,L
C06ED0,C-GPZB,C172,CESSNA 172 Skyhawk,L1P,L
C06FD0,C-GQIX,B06,BELL 206 JetRanger,H1T,L
C070D0,C-GQST,D11,JODEL D-11x/12x,L1P,L
C071D0,C-GRCP,P28R,PIPER PA-28R-180/200/201,L1P,L
C072D0,C-GRML,EC20,AIRBUS HELICOPTERS EC-120,H1T,L
C073D0,C-GRWH,C150,CESSNA 150,L1P,L
C075D0,C-GSPZ,B505,BELL 505 JetRanger X,H1T,L
C077D0,C-GTJR,CH25,ZENAIR CH-250 Zenith,L1P,L
C078D0,C-GTTN,,,,
C079D0,C-GUDJ,,,,
C07BD0,C-GUXB,GL7T,BOMBARDIER BD-700 Global 7000/7500,L2J,M
C07CD0,C-GVGX,B407,BELL 407,H1T,L
C07DD0,C-GVQT,BL8,BELLANCA 8 Decathlon,L1P,L
C07FD0,C-GWKL,M4,MAULE M-4,L1P,L
C080D0,C-GWUH,DH8D,DE HAVILLAND DHC-8-400 Dash 8,L2T,M
C082D0,C-GXNZ,M5,MAULE M-5,L1P,L
C087D0,C-GZLF,C152,CESSNA 152,L1P,L
C088D0,C-GZVB,C185,CESSNA 185 Skywagon,L1P,L
C089D0,C-IAEX,ULAC,,L0-,-
C08AD0,C-IAOT,,,,
C08CD0,C-IBIL,ULAC,,L0-,-
C08DD0,C-IBSH,,,,
C08ED0,C-ICCD,ULAC,,L0-,-
C08FD0,C-ICLZ,,,,
C090D0,C-ICVV,ULAC,,L0-,-
C092D0,C-IDPN,SVNH,AEROTEC Savannah,L1P,L
C093D0,C-IDZJ,KTOO,AMAX Karatoo,L1P,L
C096D0,C-IFCX,CRER,RANS Courier,L1P,L
C097D0,C-IFMT,ULAC,,L0-,-
C098D0,C-IFWP,ULAC,,L0-,-
C099D0,C-IGGL,,,,
C09AD0,C-IGQH,BEVR,ASAP Beaver,L1P,L
C09BD0,C-IHAD,CHIN,ASAP Chinook,L1P,L
C09CD0,C-IHJZ,ULAC,,L0-,-
C09DD0,C-IHTV,ULAC,,L0-,-
C09ED0,C-IIDR,SVNH,AEROTEC Savannah,L1P,L
C0A1D0,C-IJHF,PARA,,P0-,-
C0A2D0,C-IJRB,PARA,,P0-,-
C0A3D0,C-IKAX,,,,
C0A5D0,C-IKUP,PARA,,P0-,-
C0A6D0,C-ILEL,PARA,,P0-,-
C0A7D0,C-ILOH,PARA,,P0-,-
C0A8D0,C-ILYD,,,,
C0B7D0,C-IRPV,NPOR,REDFERN Nieuport 24,L1P,L
C1E4D0,SERV,SERV,,V0-,-
C1E9D0,SERV,SERV,,V0-,-
C804D0,ZK-ETP,C210,CESSNA 201 Centurion,L1P,L
C808D0,ZK-GVC,GLID,,L0-,-
C80AD0,ZK-ECU,D11,JODEL D-11x/12x,L1P,L
C80CD0,ZK-FTF,ULAC,,L0-,-
C80ED0,ZK-HMM,AS50,AEROSPATIALE AS-350 Ecureuil,H1T,L
C811D0,ZK-RWS,PA25,PIPER PA-25 Pawnee,L1P,L
C812D0,ZK-CRF,FU24,FLETCHER FU-24,L1P,L
C816D0,ZK-JOT,PPRO,HUNTING P-56 Provost,L1P,L
C819D0,ZK-HTS,AS50,AEROSPATIALE AS-350 Ecureuil,H1T,L
C81BD0,ZK-CSC,CRUZ,CSA PS-28 Cruiser,L1P,L
C81DD0,ZK-PGG,GYRO,,G0-,-
C81ED0,ZK-PBC,PA11,PIPER PA-11 Cub Special,L1P,L
C81FD0,ZK-AJB,COY2,RANS Coyote 2,L1P,L
C821D0,ZK-LHX,GLAS,Glasair,L1P,L
C823D0,ZK-LFT,JS32,BRITISH AEROSPACE Jetstream Super 31,L2T,M
C827D0,ZK-WMF,GA8,GIPPSAERO GA-8 Airvan,L1P,L
C828D0,ZK-MUT,FU24,FLETCHER FU-24,L1P,L
E020D0,LQ-BCP,PAY2,PIPER PA-31T2-620 Cheyenne 2,L2T,L
E024D0,LV-BSP,BE20,BEECH 200 Super King Air,L2T,M
E035D0,LV-CWP,C150,CESSNA 150,L1P,L
E065D0,LV-FWP,C152,CESSNA 152,L1P,L
E072D0,LV-GKP,A332,AIRBUS A-330-200,L2J,H
E095D0,LV-IWP,E35L,EMBRAER EMB-135 Legacy,L2J,M
E0A5D0,LV-JWP,C550,CESSNA 550 Citation S2,L2J,L
E0B0D0,LV-KCP,C680,CESSNA 680 Citation Sovereign,L2J,M
E194D0,LV-YSP,ZZZZ,,-0-,-
E1A3D0,LV-ZOP,C188,CESSNA 188 AgTruck,L1P,L
E402D0,FAB5933,E314,EMBRAER EMB-314 Super Tucano,L1T,L
E482D0,PR-ERR,LJ55,LEARJET 55,L2J,M
E484D0,PR-DLM,E50P,EMBRAER EMB-500 Phenom 100,L2J,L
E485D0,PR-MGB,C55B,CESSNA 550B Citation Bravo,L2J,L
E486D0,PR-AYJ,E190,EMBRAER ERJ-190-100,L2J,M
E487D0,PR-SRB,BE40,BEECH 400 Beechjet,L2J,M
E48DD0,PR-PVS,BE58,BEECH 58 Baron,L2P,L
E48FD0,PR-AUC,E190,EMBRAER ERJ-190-100,L2J,M
E490D0,PP-BIT,SR22,CIRRUS SR-22,L1P,L
E491D0,PR-OTB,EC25,AIRBUS HELICOPTERS EC-225/725,H2T,M
E492D0,PR-OBI,A320,AIRBUS A-320,L2J,M
E494D0,PT-VPM,PA32,PIPER PA-32,L1P,L
E495D0,PR-YJC,A21N,AIRBUS A-321neo,L2J,M
E49AD0,PS-MNE,SF50,CIRRUS SF-50 Vision,L1J,L
E847D0,FAE1141,B350,BEECHCRAFT Super King Air 350,L2T,M
