008ADD,ZS-ECI,DH82,DE HAVILLAND DH-82 Tiger Moth,L1P,L
0094DD,ZS-HWU,B06,BELL 206 JetRanger,H1T,L
00A3DD,ZS-NOM,JS41,BRITISH AEROSPACE Jetstream 41,L2T,M
0100DD,SU-GCO,B738,BOEING 737-800,L2J,M
0101DD,SU-GET,B789,BOEING 787-9 Dreamliner,L2J,H
0200DD,CN-MNZ,FA10,DASSAULT Falcon 100,L2J,M
06A0DD,A7-BFD,B77L,BOEING 777-200LR,L2J,H
06A2DD,A7-NNN,DA40,DIAMOND DA-40 Club Star,L1P,L
0AC7DD,FAC4476,B06,BELL 206 JetRanger,H1T,L
0AC9DD,HK-3730,MI8,MIL Mi-8/9/17/19/171/172,H2T,M
0C20DD,HP-9902CMP,B39M,BOEING 737 MAX 9,L2J,M
0D02DD,XB-FKT,LJ31,LEARJET 31,L2J,M
0D0BDD,XB-PWK,PA31,PIPER PA-31-300/310/325/350/425,L2P,L
0D0CDD,XA-VAI,A320,AIRBUS A-320,L2J,M
0D0DDD,XA-IRM,A139,AGUSTA AW-139,H2T,L
1059DD,TWR,TWR,,T0-,-
1101DD,GND,GND,,V0-,-
1405DD,RA-01501,PC12,PILATUS PC-12,L1T,L
140ADD,RA-02781,E145,EMBRAER ERJ-145,L2J,M
1427DD,RA-10205,GLF6,GULFSTREAM G650,L2J,M
1505DD,RA-67037,L410,LET L-410 Turbolet,L2T,L
151CDD,RA-72925,,,,
151DDD,RA-73181,A320,AIRBUS A-320,L2J,M
151EDD,RA-73437,A321,AIRBUS A-321,L2J,M
151FDD,RA-73693,A321,AIRBUS A-321,L2J,M
152BDD,RF-76765,,,,
1533DD,RF-78813,IL76,ILYUSHIN Il-76/82,L4J,H
155BDD,RA-89053,SU95,SUKHOI Superjet 100-95,L2J,M
3006DD,I-TINI,F8L,AEROMERE F-8L Falco,L1P,L
3008DD,I-LASC,P28B,PIPER PA-28-201T/235/236,L1P,L
31DDDD,I-D189,UHEL,,H0-,-
33FDDD,MM62280,AT76,ATR-72-600,L2T,M
3801DD,F-JZVE,WT9,AEROSPOOL WT-9 Dynamic,L1P,L
3805DD,F-JZAH,PNR2,ALPI Pioneer 200,L1P,L
3806DD,F-JXDW,G1,G1 AVIATION G-1,L1P,L
3807DD,F-JGPP,ULAC,,L0-,-
3809DD,F-JGUS,ULAC,,L0-,-
380ADD,F-JYXW,FK9,B&F TECHNIK FK-9,L1P,L
3813DD,F-JTEH,ULAC,,L0-,-
3815DD,F-JRYF,FDCT,FLIGHT DESIGN CT,L1P,L
3817DD,F-JGEC,TTRS,HUMBERT Tetras,L1P,L
3818DD,F-JSHO,ULAC,,L0-,-
3819DD,F-JSYQ,ULAC,,L0-,-
3820DD,F-JGKF,ULAC,,L0-,-
3821DD,F-JVQF,NG5,BRM AERO NG-5/6 Bristell,L1P,L
3827DD,F-JGRR,NG5,BRM AERO NG-5/6 Bristell,L1P,L
3828DD,F-JGSE,ULAC,,L0-,-
382EDD,F-JJMG,SKRA,BEST OFF Sky Ranger,L1P,L
3830DD,F-JUBG,ULAC,,L0-,-
3833DD,F-JAUI,ULAC,,L0-,-
383CDD,F-JAAP,ULAC,,L0-,-
383DDD,F-JAFT,WT9,AEROSPOOL WT-9 Dynamic,L1P,L
383EDD,F-JSMP,NNJA,BEST OFF Nynja,L1P,L
3840DD,83AQP,GLID,,L0-,-
3842DD,F-JJWA,TTRS,HUMBERT Tetras,L1P,L
3846DD,F-JXLN,FDCT,FLIGHT DESIGN CT,L1P,L
3848DD,F-JCGT,ULAC,,L0-,-
384BDD,F-JCUN,ULAC,,L0-,-
384EDD,F-JDER,ULAC,,L0-,-
3854DD,F-JDZQ,AP22,AEROPRACT A-22,L1P,L
3855DD,F-JIPH,ULAC,,L0-,-
3859DD,F-JIQS,NG5,BRM AERO NG-5/6 Bristell,L1P,L
385ADD,F-JGKR,ULAC,,L0-,-
385BDD,F-JGIW,ULAC,,L0-,-
385DDD,F-JHHE,ULAC,,L0-,-
3865DD,F-JAQI,ULAC,,L0-,-
388CDD,F-JSYO,UF13,URBAN UFM-13 Lambada,L1P,L
388FDD,F-JTXJ,FDCT,FLIGHT DESIGN CT,L1P,L
3891DD,F-JTXV,ULAC,,L0-,-
3894DD,F-JUYP,ULAC,,L0-,-
389ADD,64XI,MCR1,COLOMBAN Ban-Bi,L1P,L
389CDD,F-JTZN,ULAC,,L0-,-
389EDD,F-JVMM,ULAC,,L0-,-
38A0DD,F-JVFX,ULAC,,L0-,-
38A4DD,F-JAMM,MM16,MAGNI M-16 Tandem Trainer,G1P,L
38AADD,F-JBKN,PNR3,ALPI Pioneer 330,L1P,L
38ADDD,F-JYBN,WT9,AEROSPOOL WT-9 Dynamic,L1P,L
38AEDD,F-JKWN,SKRA,BEST OFF Sky Ranger,L1P,L
38AFDD,F-JCES,KP2,JIHLAVAN KP-2 Sova,L1P,L
38B4DD,F-JDHH,ULAC,,L0-,-
38B5DD,F-JDLN,ULAC,,L0-,-
3AAADD,F-MCGW,AS32,AEROSPATIALE AS-332 Super Puma,H2T,M
3B75DD,041,A332,AIRBUS A-330-200,L2J,H
3B76DD,F-RAUT,AS55,AEROSPATIALE AS-355 Ecureuil 2,H2T,L
3B77DD,201,E3CF,BOEING E-3 Sentry (CFM56),L4J,H
3B9BDD,9,ATLA,BREGUET Atlantic,L2T,M
3C17DD,D-AYAY,A21N,AIRBUS A-321neo,L2J,M
3C1CDD,D-AZYE,A21N,AIRBUS A-321neo,L2J,M
3CE9DD,D-CPWF,D328,DORNIER 328,L2T,M
3D04DD,D-EACB,B209,MBB BO-209 Monsun,L1P,L
3D05DD,D-EALX,C150,CESSNA 150,L1P,L
3D06DD,D-EAVT,P32R,PIPER PA-32R-300/301/301T,L1P,L
3D08DD,D-EBPL,C182,CESSNA 182 Skylane,L1P,L
3D09DD,D-EBZH,TOBA,SOCATA Tobago,L1P,L
3D0BDD,D-ECSZ,C172,CESSNA 172 Skyhawk,L1P,L
3D0CDD,D-EDCV,DO27,DORNIER Do-27,L1P,L
3D0DDD,D-EDMR,TB21,SOCATA TB-21 Trinidad TC,L1P,L
3D0EDD,D-EDWN,DR40,ROBIN DR-400,L1P,L
3D0FDD,D-EEGJ,P28A,PIPER PA-28-140/150/160/180,L1P,L
3D11DD,D-EFAB,DA40,DIAMOND DA-40 Club Star,L1P,L
3D12DD,D-EFJX,C172,CESSNA 172 Skyhawk,L1P,L
3D13DD,D-EFTT,C172,CESSNA 172 Skyhawk,L1P,L
3D17DD,D-EHHD,C172,CESSNA 172 Skyhawk,L1P,L
3D1ADD,D-EIKR,DR40,ROBIN DR-400,L1P,L
3D1DDD,D-EJOF,P28U,PIPER PA-28RT-201T Turbo,L1P,L
3D20DD,D-EKRT,DA40,DIAMOND DA-40 Club Star,L1P,L
3D23DD,D-ELVH,C172,CESSNA 172 Skyhawk,L1P,L
3D27DD,D-ENIR,BE33,BEECH 33 Bonanza,L1P,L
3D2ADD,D-EOMF,,,,
3D36DD,D-ETAJ,P28A,PIPER PA-28-140/150/160/180,L1P,L
3D37DD,D-ETKF,SR22,CIRRUS SR-22,L1P,L
3D3EDD,D-EWBD,FDCT,FLIGHT DESIGN CT,L1P,L
3D60DD,D-FIXX,C208,CESSNA 208 Caravan,L1T,L
3DA0DD,D-GHEB,PA34,PIPER PA-34 Seneca,L2P,L
3DDADD,D-HDDD,BK17,EUROCOPTER BK117 C-1/2,H2T,L
3DDDDD,D-HEGR,AS32,AEROSPATIALE AS-332 Super Puma,H2T,M
3DE5DD,D-HHHL,R22,ROBINSON R-22 Mariner,H1P,L
3E04DD,D-HTAR,A109,AGUSTA AW-109 Grand,H2T,L
3E1ADD,D-IBJH,C303,CESSNA T303 Crusader,L2P,L
3E31DD,D-OEUF,BALL,,B0-,-
3E3ADD,D-INMJ,BE20,BEECH 200 Super King Air,L2T,M
3E5DDD,D-KASZ,SF25,SCHEIBE SF-25 Falke,L1P,L
3E63DD,D-KDAB,GLID,,L0-,-
3E6BDD,D-KGAV,SF25,SCHEIBE SF-25 Falke,L1P,L
3E6FDD,D-KHOF,SF25,SCHEIBE SF-25 Falke,L1P,L
3E7CDD,D-KMMF,S6,STEMME S-6,L1P,L
3EC3DD,D-KPDD,DUOD,SCHEMPP-HIRTH Duo Discus,L1P,L
3EC8DD,D-KRAJ,VENT,SCHEMPP-HIRTH Ventus,L1P,L
3EE1DD,D-0326,DISC,SCHEMPP-HIRTH Discus,L1P,L
3EEADD,D-2630,VENT,SCHEMPP-HIRTH Ventus,L1P,L
3EECDD,D-3142,GLID,,L0-,-
3EEFDD,D-3910,GLID,,L0-,-
3EF1DD,D-4422,GLID,,L0-,-
3EF4DD,D-5190,GLID,,L0-,-
3F01DD,D-8518,GLID,,L0-,-
3F05DD,D-9542,GLID,,L0-,-
3F06DD,D-9798,GLID,,L0-,-
3FD5DD,D-OSKR,BALL,,B0-,-
3FEADD,D-MUKM,ZZZZ,,-0-,-
3FEBDD,D-MOTR,ULAC,,L0-,-
3FECDD,D-MEFC,EFOX,AEROPRO Eurofox,L1P,L
3FEDDD,D-MDYG,WT9,AEROSPOOL WT-9 Dynamic,L1P,L
3FEEDD,D-MUHG,G3,REMOS Mirage,L1P,L
3FF0DD,D-MUHB,ULAC,,L0-,-
3FF3DD,D-MYCE,,,,
3FF4DD,D-MSWB,ECHO,TECNAM P-92 Echo,L1P,L
4007DD,G-LGNA,SF34,SAAB 340,L2T,M
4009DD,G-OOBC,B752,BOEING 757-200,L2J,M
400ADD,G-EZEN,A319,AIRBUS A-319,L2J,M
400BDD,G-CCST,P32R,PIPER PA-32R-300/301/301T,L1P,L
400EDD,G-BYUZ,G115,GROB G-115,L1P,L
4010DD,G-EUXM,A321,AIRBUS A-321,L2J,M
4011DD,G-FOZY,RV7,VANS RV-7,L1P,L
4012DD,G-SDAT,FDCT,FLIGHT DESIGN CT,L1P,L
4016DD,G-AVHL,DR10,CENTRE EST Ambassadeur,L1P,L
4017DD,G-AWVC,PUP,BEAGLE Pup,L1P,L
4018DD,G-OAMP,C77R,CESSNA 177RG Cardinal RG,L1P,L
4019DD,G-BAGX,P28A,PIPER PA-28-140/150/160/180,L1P,L
401CDD,G-BFEH,D11,JODEL D-11x/12x,L1P,L
401DDD,G-BGRT,BOLT,STEEN Skybolt,L1P,L
401FDD,G-BJUD,DR40,ROBIN DR-400,L1P,L
4020DD,G-BLKM,DR10,CENTRE EST Ambassadeur,L1P,L
4021DD,G-GFLY,C150,CESSNA 150,L1P,L
4024DD,G-JCBS,J3,PIPER J-3 Cub,L1P,L
4025DD,G-AGAT,J3,PIPER J-3 Cub,L1P,L
4028DD,G-BNKS,C152,CESSNA 152,L1P,L
402ADD,G-MTXA,ULAC,,L0-,-
4032DD,G-BSXC,P28A,PIPER PA-28-140/150/160/180,L1P,L
4034DD,G-BTUK,PTS2,PITTS S-2 Special,L1P,L
4042DD,G-LEEE,JABI,Jabiru J120,L1P,L
4043DD,G-IIID,RODS,RIHN One Design,L1P,L
4044DD,G-TICH,JT2,TAYLOR Titch,L1P,L
4045DD,G-HXTD,DR40,ROBIN DR-400,L1P,L
4048DD,G-DNGA,BALL,,B0-,-
4049DD,G-CCJT,SKRA,BEST OFF Sky Ranger,L1P,L
404CDD,G-RAZZ,M7,MAULE M-7,L1P,L
4051DD,G-DKBA,BALL,,B0-,-
4053DD,G-EPIM,C172,CESSNA 172 Skyhawk,L1P,L
4054DD,G-CHZY,GLID,,L0-,-
4056DD,G-CFXU,GLID,,L0-,-
4057DD,G-PIMP,R44,ROBINSON R-44 Raven,H1P,L
4058DD,G-CEZS,CH60,ZENAIR CH-600 Zodiac,L1P,L
4059DD,G-CJLA,GLID,,L0-,-
405ADD,G-RZEE,GLID,,L0-,-
405BDD,G-CFFG,PARA,,P0-,-
405CDD,G-CFIC,DR10,CENTRE EST Ambassadeur,L1P,L
405FDD,G-CFUX,BALL,,B0-,-
4060DD,G-CGKN,G115,GROB G-115,L1P,L
4062DD,G-IGLI,DUOD,SCHEMPP-HIRTH Duo Discus,L1P,L
4063DD,G-RDFX,AAT3,AERO AT-3,L1P,L
4065DD,G-WEZZ,ZZZZ,,-0-,-
4067DD,G-IBCF,BALL,,B0-,-
406ADD,G-HLYA,A321,AIRBUS A-321,L2J,M
406BDD,G-CJCH,LK19,SPORTINE AVIACIJA LAK-19T,L1P,L
406CDD,G-POWM,A320,AIRBUS A-320,L2J,M
406FDD,G-OTZZ,CLON,AUTOGYRO Cavalon,G1P,L
4072DD,G-KIMS,C42,IKARUS C-42 Bison,L1P,L
4073DD,G-RKID,RV6,VANS RV-6,L1P,L
4074DD,G-DOUZ,RV12,VANS RV-12,L1P,L
4075DD,G-DCYC,GLID,,L0-,-
4076DD,G-DRTH,B738,BOEING 737-800,L2J,M
4077DD,G-XBXX,BALL,,B0-,-
4078DD,G-XWBF,A35K,AIRBUS A-350-1000,L2J,H
4079DD,G-SJBB,DR40,ROBIN DR-400,L1P,L
407ADD,G-CLRX,S92,SIKORSKY S-92 Helibus,H2T,M
407BDD,G-CMJL,AT76,ATR-72-600,L2T,M
4240DD,VP-BLK,B74S,BOEING 747SP,L4J,H
4243DD,VQ-BUA,B77W,BOEING 777-300ER,L2J,H
4244DD,VQ-BBQ,B738,BOEING 737-800,L2J,M
4245DD,VP-CWM,C25C,CESSNA 525C Citation CJ4,L2J,M
4247DD,VP-CHQ,A139,AGUSTA AW-139,H2T,L
4249DD,VQ-BQQ,B738,BOEING 737-800,L2J,M
43C0DD,XX157,HAWK,BRITISH AEROSPACE T-45 Goshawk,L1J,M
43C4DD,ZH892,H47,BOEING-VERTOL CH-47 Chinook,H2T,M
43C5DD,ZM403,A400,AIRBUS A-400M,L4T,H
43C6DD,ZK330,EUFI,EUROFIGHTER 2000,L2J,M
43C7DD,ZZ102,EH10,AGUSTA WESTLAND EH-101 Merlin,H3T,M
43EDDD,2-VOLC,H25B,HAWKER BEECHCRAFT Hawker 750/850,L2J,M
4400DD,OE-DUR,T210,CESSNA T210 Turbo Centurion,L1P,L
4401DD,OE-9222,SF25,SCHEIBE SF-25 Falke,L1P,L
4402DD,OE-ZAV,BALL,,B0-,-
4403DD,OE-XXR,EC35,AIRBUS HELICOPTERS EC-135/635,H2T,L
4404DD,OE-AAS,DV20,DIAMOND DA-20,L1P,L
4406DD,OE-AKJ,ST75,STEARMAN Kaydet,L1P,L
4407DD,OE-5710,GLID,,L0-,-
440ADD,OE-EBF,PC12,PILATUS PC-12,L1T,L
4497DD,OO-E33,FK9,B&F TECHNIK FK-9,L1P,L
4609DD,OH-DTD,DA40,DIAMOND DA-40 Club Star,L1P,L
4783DD,LN-OLI,A109,AGUSTA AW-109 Grand,H2T,L
4784DD,LN-WIT,DH8A,DE HAVILLAND DHC-8-100 Dash 8,L2T,M
4791DD,LN-NIP,B738,BOEING 737-800,L2J,M
47A1DD,LN-TRD,C182,CESSNA 182 Skylane,L1P,L
47B7DD,LN-FXV,C182,CESSNA 182 Skylane,L1P,L
4847DD,PH-495,GLID,,L0-,-
4848DD,PH-909,GLID,,L0-,-
4849DD,PH-PSI,P51,NORTH AMERICAN P-51 Mustang,L1P,L
484BDD,PH-MED,NIPR,AVIONS FAIREY Nipper,L1P,L
484CDD,PH-PGO,BALL,,B0-,-
484EDD,PH-1468,DISC,SCHEMPP-HIRTH Discus,L1P,L
4850DD,PH-PAF,BALL,,B0-,-
4851DD,PH-1GH,ZZZZ,,-0-,-
4853DD,PH-1OW,ZZZZ,,-0-,-
4854DD,PH-1OY,ZZZZ,,-0-,-
4855DD,PH-1WG,ZZZZ,,-0-,-
4856DD,PH-VTK,PC12,PILATUS PC-12,L1T,L
4859DD,PH-1607,GLID,,L0-,-
4863DD,PH-SKR,SLG4,AIRPLANE FACTORY Sling 4,L1P,L
49C2DD,OK-AUA41,ALTO,DIRECT FLY Alto,L1P,L
49D0DD,OK-HIC,R44,ROBINSON R-44 Raven,H1P,L
49D2DD,OK-LTM,R44,ROBINSON R-44 Raven,H1P,L
49D3DD,OK-HEZ,R44,ROBINSON R-44 Raven,H1P,L
4B05DD,HB-CFT,C172,CESSNA 172 Skyhawk,L1P,L
4B06DD,HB-CPP,C172,CESSNA 172 Skyhawk,L1P,L
4B0EDD,HB-FQJ,PC12,PILATUS PC-12,L1T,L
4B10DD,HB-GKB,BE20,BEECH 200 Super King Air,L2T,M
4B14DD,HB-HXL,PC21,PILATUS PC-21,L1T,L
4B17DD,HB-JAZ,GLF5,GULFSTREAM 5,L2J,M
4B18DD,HB-JKV,FA8X,DASSAULT Falcon 8X,L3J,M
4B1ADD,HB-KEN,M7,MAULE M-7,L1P,L
4B1BDD,HB-KOJ,DR40,ROBIN DR-400,L1P,L
4B23DD,HB-NPD,PIVI,PIPSTREL Virus,L1P,L
4B27DD,HB-PCN,PA18,PIPER PA-18 Super Cub,L1P,L
4B28DD,HB-PMJ,P28B,PIPER PA-28-201T/235/236,L1P,L
4B2CDD,HB-QZT,BALL,,B0-,-
4B36DD,HB-UUF,BU31,BUCKER Bu-131 Jungmann,L1P,L
4B3FDD,HB-YEV,ZZZZ,,-0-,-
4B42DD,HB-ZIJ,AS50,AEROSPATIALE AS-350 Ecureuil,H1T,L
4B43DD,HB-ZSF,R66,ROBINSON R-66,H1T,L
4B4ADD,HB-1590,GLID,,L0-,-
4B4BDD,HB-1846,GLID,,L0-,-
4B50DD,HB-3126,GLID,,L0-,-
4B7FDD,T-336,AS32,AEROSPATIALE AS-332 Super Puma,H2T,M
4CA7DD,EI-DTI,A320,AIRBUS A-320,L2J,M
4CA8DD,EI-GHU,A119,AGUSTA AW-119 Koala,H1T,L
4CACDD,EI-GJP,B738,BOEING 737-800,L2J,M
4D02DD,LX-FLJ,PC12,PILATUS PC-12,L1T,L
4D21DD,9H-LKF,CRJX,BOMBARDIER Regional Jet CRJ-1000,L2J,M
4D23DD,9H-EFS,A332,AIRBUS A-330-200,L2J,H
5000DD,T7-PNI,E35L,EMBRAER EMB-135 Legacy,L2J,M
503CDD,LY-FTO,SIRA,TECNAM P-2002 Sierra,L1P,L
5083DD,UR-GOB,B772,BOEING 777-200,L2J,H
6831DD,UP-CJ005,CRJ2,BOMBARDIER Regional Jet CRJ-200,L2J,M
7102DD,483,C130,LOCKHEED C-130 Hercules,L4T,M
7103DD,HZ-AQ28,A333,AIRBUS A-330-300,L2J,H
7394DD,4X-CGV,C172,CESSNA 172 Skyhawk,L1P,L
7500DD,9M-AHS,A320,AIRBUS A-320,L2J,M
7502DD,9M-LMG,AT76,ATR-72-600,L2T,M
7583DD,RP-C296,K100,DAHER Kodiak 100,L1T,L
7585DD,RP-C9938,A21N,AIRBUS A-321neo,L2J,M
7802DD,B-1328,B738,BOEING 737-800,L2J,M
7803DD,B-9291,C172,CESSNA 172 Skyhawk,L1P,L
7804DD,B-9403,C172,CESSNA 172 Skyhawk,L1P,L
7805DD,B-2077,B77L,BOEING 777-200LR,L2J,H
7806DD,B-8133,GLF4,GULFSTREAM 4,L2J,M
7808DD,B-9613,C172,CESSNA 172 Skyhawk,L1P,L
7809DD,B-6443,A319,AIRBUS A-319,L2J,M
780ADD,B-5756,B738,BOEING 737-800,L2J,M
780CDD,B-1707,B738,BOEING 737-800,L2J,M
780DDD,B-1663,A321,AIRBUS A-321,L2J,M
780EDD,B-8247,A320,AIRBUS A-320,L2J,M
780FDD,B-7891,B738,BOEING 737-800,L2J,M
7811DD,B-8692,A319,AIRBUS A-319,L2J,M
7812DD,B-1393,B38M,BOEING 737 MAX 8,L2J,M
7813DD,B-3346,CRJ9,BOMBARDIER Regional Jet CRJ-900,L2J,M
7814DD,B-1176,B38M,BOEING 737 MAX 8,L2J,M
7815DD,B-305N,A20N,AIRBUS A-320neo,L2J,M
7818DD,B-30DZ,A20N,AIRBUS A-320neo,L2J,M
7819DD,B-320H,A20N,AIRBUS A-320neo,L2J,M
781BDD,B-651A,AJ27,COMAC ARJ-21-700 Xiangfeng,L2J,M
781CDD,B-10EX,SIRA,TECNAM P-2002 Sierra,L1P,L
7BB0DD,B-5044,B737,BOEING 737-700,L2J,M
7C02DD,VH-AUN,BALL,,B0-,-
7C05DD,VH-BFZ,C172,CESSNA 172 Skyhawk,L1P,L
7C0ADD,VH-CFJ,BL8,BELLANCA 8 Decathlon,L1P,L
7C11DD,VH-DTB,P28T,PIPER PA-28RT-201,L1P,L
7C15DD,VH-ELR,AS50,AEROSPATIALE AS-350 Ecureuil,H1T,L
7C16DD,VH-ESV,RV10,VANS RV-10,L1P,L
7C1BDD,VH-FSF,SR22,CIRRUS SR-22,L1P,L
7C23DD,VH-HDB,R44,ROBINSON R-44 Raven,H1P,L
7C24DD,VH-HKF,R22,ROBINSON R-22 Mariner,H1P,L
7C29DD,VH-IIJZ,B462,BRITISH AEROSPACE 146-200 Quiet Trader,L4J,M
7C2FDD,VH-JQN,B06,BELL 206 JetRanger,H1T,L
7C32DD,VH-KBZ,SR22,CIRRUS SR-22,L1P,L
7C38DD,VH-LIN,B47G,BELL 47G,H1P,L
7C39DD,VH-LPR,C206,CESSNA  206 Stationair,L1P,L
7C3ADD,VH-LWV,SR20,CIRRUS SR-20,L1P,L
7C3FDD,VH-MWF,BE9L,BEECH 90 King Air,L2T,L
7C4CDD,VH-PGV,DFLY,VIKING Dragonfly,L1P,L
7C5CDD,VH-SMN,C310,CESSNA 310,L2P,L
7C5DDD,VH-STR,P28A,PIPER PA-28-140/150/160/180,L1P,L
7C65DD,VH-UEN,PA22,PIPER PA-22,L1P,L
7C6DDD,VH-VZJ,B738,BOEING 737-800,L2J,M
7C6FDD,VH-WDR,R44,ROBINSON R-44 Raven,H1P,L
7C71DD,VH-WRZ,C182,CESSNA 182 Skylane,L1P,L
7C74DD,VH-XDB,BE20,BEECH 200 Super King Air,L2T,M
7C76DD,VH-XRJ,C182,CESSNA 182 Skylane,L1P,L
7C79DD,VH-YCV,CT4,PACIFIC AEROSPACE CT-4 Airtrainer,L1P,L
7C7ADD,VH-YJZ,BE55,BEECH 55 Baron,L2P,L
7C7EDD,VH-ZCF,A109,AGUSTA AW-109 Grand,H2T,L
7CC3DD,24-8704,AP32,AEROPRACT A-32,L1P,L
7CC4DD,24-7244,JAB2,JABIRU J160/170,L1P,L
7CF8DD,A17-011,B06,BELL 206 JetRanger,H1T,L
7CF9DD,A54-006,PC21,PILATUS PC-21,L1T,L
8002DD,K2901,IL76,ILYUSHIN Il-76/82,L4J,H
8004DD,VT-ALO,B77W,BOEING 777-300ER,L2J,H
800CDD,VT-IVQ,A20N,AIRBUS A-320neo,L2J,M
8013DD,VT-ISB,A20N,AIRBUS A-320neo,L2J,M
8014DD,VT-TVE,B38M,BOEING 737 MAX 8,L2J,M
841CDD,JA081T,EC35,AIRBUS HELICOPTERS EC-135/635,H2T,L
8479DD,JA18YT,B505,BELL 505 JetRanger X,H1T,L
84C3DD,JA24HB,A189,AGUSTA AW-189,H2T,M
8676DD,JA70MK,A109,AGUSTA AW-109 Grand,H2T,L
873ADD,JA9573,AS55,AEROSPATIALE AS-355 Ecureuil 2,H2T,L
8960DD,A6-EBV,B773,BOEING 777-300,L2J,H
8963DD,A6-EPN,B77W,BOEING 777-300ER,L2J,H
8967DD,DU-203,A109,AGUSTA AW-109 Grand,H2T,L
896EDD,GND,GND,,V0-,-
8990DD,B-16715,B77W,BOEING 777-300ER,L2J,H
8991DD,B-58302,A339,AIRBUS A-330-900,L2J,H
8A01DD,PK-GMC,B738,BOEING 737-800,L2J,M
8A04DD,PK-WGS,AT76,ATR-72-600,L2T,M
8A08DD,HA-5232,B412,BELL 412,H2T,L
A001DD,N1V,AS50,AEROSPATIALE AS-350 Ecureuil,H1T,L
A004DD,N100BR,BE9T,BEECH F90 King Air,L2T,L
A006DD,N100YC,PC12,PILATUS PC-12,L1T,L
A007DD,N10059,ULAC,,L0-,-
A008DD,N101EP,BPAT,R&B Bearhawk Patrol,L1P,L
A00ADD,N10101,C150,CESSNA 150,L1P,L
A00BDD,N1018B,DHC3,DE HAVILLAND DHC-3 Otter,L1P,L
A013DD,N104DB,BE24,BEECH 24 Sierra,L1P,L
A014DD,N104PH,LJ35,LEARJET 35,L2J,M
A016DD,N1047,ULAC,,L0-,-
A017DD,N105G,MA5,MARQUART MA-5 Charger,L1P,L
A018DD,N105SF,T28,NORTH AMERICAN T-28,L1P,L
A021DD,N10758,C150,CESSNA 150,L1P,L
A028DD,N10923,C150,CESSNA 150,L1P,L
A029DD,N11AC,BE95,BEECH 95 Travel Air,L2P,L
A02ADD,N11LJ,T206,CESSNA T206 Turbo Stationair,L1P,L
A02BDD,N11WQ,,,,
A02DDD,N110TA,SR22,CIRRUS SR-22,L1P,L
A02EDD,N1102M,C172,CESSNA 172 Skyhawk,L1P,L
A02FDD,N1109Y,C150,CESSNA 150,L1P,L
A030DD,N111KT,R22,ROBINSON R-22 Mariner,H1P,L
A033DD,N112CK,SF50,CIRRUS SF-50 Vision,L1J,L
A034DD,N112NR,S22T,CIRRUS SR-22T Turbo,L1P,L
A035DD,N112YX,WAIX,SONEX Waiex,L1P,L
A036DD,N1126T,CH70,ZENAIR CH-701 Stol,L1P,L
A039DD,N1131K,COL4,CESSNA 400 Corvalis TT,L1P,L
A03DDD,N1143N,M20P,MOONEY M-20,L1P,L
A03FDD,N115MD,AC11,NORTH AMERICAN ROCKWELL Commander 112/114,L1P,L
A041DD,N1155R,ULAC,,L0-,-
A042DD,N116DW,RV6,VANS RV-6,L1P,L
A044DD,N1160H,DSA1,SMITH DSA-1 Miniplane,L1P,L
A045DD,N1167U,M20P,MOONEY M-20,L1P,L
A047DD,N117T,TWEN,TECNAM Twenty-Ten,L1P,L
A049DD,N1179X,P28R,PIPER PA-28R-180/200/201,L1P,L
A04ADD,N118KS,C72R,CESSNA 172R Cutlass RG,L1P,L
A04DDD,N119CJ,C25A,CESSNA 525A Citation CJ2,L2J,L
A050DD,N1196S,GLID,,L0-,-
A051DD,N12FG,BE36,BEECH 36 Bonanza,L1P,L
A054DD,N120MZ,C120,CESSNA 120,L1P,L
A056DD,N1206A,PA30,PIPER PA-30 Twin Comanche,L2P,L
A057DD,N121ER,TAMP,SOCATA TB-9 Tampico,L1P,L
A059DD,N12103,,,,
A05BDD,N122HP,P2,LOCKHEED Neptune,L2P,M
A05DDD,N12226,C172,CESSNA 172 Skyhawk,L1P,L
A05EDD,N123AF,ACAM,LEZA Air Cam,L2P,L
A05FDD,N123LM,PA24,PIPER PA-24 Comanche,L1P,L
A061DD,N12349,,,,
A067DD,N125SH,CRER,RANS Courier,L1P,L
A06ADD,N126K,C172,CESSNA 172 Skyhawk,L1P,L
A06DDD,N127BS,M20P,MOONEY M-20,L1P,L
A07ADD,N13WS,C185,CESSNA 185 Skywagon,L1P,L
A07BDD,N130GX,GX,REMOS GX,L1P,L
A07CDD,N130TC,C182,CESSNA 182 Skylane,L1P,L
A081DD,N1314S,C337,CESSNA 337 Super Skymaster,L2P,L
A082DD,N132CM,HUSK,CHRISTEN Husky,L1P,L
A085DD,N1326V,C172,CESSNA 172 Skyhawk,L1P,L
A088DD,N1331M,T210,CESSNA T210 Turbo Centurion,L1P,L
A089DD,N1338Y,C172,CESSNA 172 Skyhawk,L1P,L
A08BDD,N134UP,A306,AIRBUS A-300-600,L2J,H
A08DDD,N135B,,,,
A08EDD,N135MF,EC35,AIRBUS HELICOPTERS EC-135/635,H2T,L
A090DD,N1355T,PA32,PIPER PA-32,L1P,L
A093DD,N1360K,L8,LUSCOMBE 8,L1P,L
A094DD,N1367W,M20P,MOONEY M-20,L1P,L
A095DD,N137GW,EC30,AIRBUS HELICOPTERS EC-130,H1T,L
A0A0DD,N14FJ,C441,CESSNA 441 Conquest,L2T,L
A0A2DD,N140BV,SR22,CIRRUS SR-22,L1P,L
A0A5DD,N1406C,C177,CESSNA  177 Cardinal,L1P,L
A0A8DD,N14105,E45X,EMBRAER ERJ-145XR,L2J,M
A0A9DD,N1418F,RV14,VANS RV-14,L1P,L
A0ACDD,N14228,B738,BOEING 737-800,L2J,M
A0AEDD,N143LP,GLF4,GULFSTREAM 4,L2J,M
A0AFDD,N143WV,Z43,ZLIN Z-43/143,L1P,L
A0B1DD,N144DF,RV4,VANS RV-4,L1P,L
A0B2DD,N144PM,T34P,BEECH T-34 Mentor,L1P,L
A0B4DD,N1447D,C170,CESSNA 170,L1P,L
A0B8DD,N1459G,BE35,BEECH 35 Starfire Bonanza,L1P,L
A0BDDD,N147N,C208,CESSNA 208 Caravan,L1T,L
A0C3DD,N1488E,CH7A,BELLANCA 7 Champion,L1P,L
A0C6DD,N14927,ZZZZ,,-0-,-
A0C7DD,N15AG,LA4,LAKE LA-4/200,A1P,L
A0C8DD,N15LN,CL60,BOMBARDIER CL-600 Challenger,L2J,M
A0CBDD,N150TE,C172,CESSNA 172 Skyhawk,L1P,L
A0CCDD,N1502R,AA5,AMERICAN AA-5 Tiger,L1P,L
A0CDDD,N15092,P28A,PIPER PA-28-140/150/160/180,L1P,L
A0D1DD,N152CP,C82T,CESSNA TR182 Turbo Skylane RG,L1P,L
A0D4DD,N1526X,DRON,,D0-,-
A0D6DD,N153RT,RV7,VANS RV-7,L1P,L
A0D8DD,N15380,P28R,PIPER PA-28R-180/200/201,L1P,L
A0D9DD,N154JK,C560,CESSNA 560 Citation Ultra,L2J,M
A0DCDD,N155BB,BE20,BEECH 200 Super King Air,L2T,M
A0DDDD,N155MH,RV7,VANS RV-7,L1P,L
A0DFDD,N1555V,C172,CESSNA 172 Skyhawk,L1P,L
A0E0DD,N156E,RV9,VANS RV-9,L1P,L
A0E2DD,N1560M,ST75,STEARMAN Kaydet,L1P,L
A0E6DD,N1572Q,C150,CESSNA 150,L1P,L
A0EDDD,N159Z,BE58,BEECH 58 Baron,L2P,L
A0F4DD,N1606E,BALL,,B0-,-
A0F7DD,N16107,C150,CESSNA 150,L1P,L
A0F8DD,N1618H,C77R,CESSNA 177RG Cardinal RG,L1P,L
A100DD,N164DH,RV6,VANS RV-6,L1P,L
A103DD,N1647F,C172,CESSNA 172 Skyhawk,L1P,L
A105DD,N165SM,ULAC,,L0-,-
A106DD,N16518,P28B,PIPER PA-28-201T/235/236,L1P,L
A107DD,N1659J,P28A,PIPER PA-28-140/150/160/180,L1P,L
A10EDD,N1676D,C170,CESSNA 170,L1P,L
A110DD,N168R,,,,
A115DD,N16929,B06,BELL 206 JetRanger,H1T,L
A116DD,N17AJ,COZY,CO-Z Cozy,L1P,L
A11BDD,N1702T,BE95,BEECH 95 Travel Air,L2P,L
A121DD,N172NX,C172,CESSNA 172 Skyhawk,L1P,L
A127DD,N17382,C150,CESSNA 150,L1P,L
A12ADD,N1743U,C207,CESSNA 207 Turbo Stationair,L1P,L
A12CDD,N175MK,R44,ROBINSON R-44 Raven,H1P,L
A131DD,N1760P,PA18,PIPER PA-18 Super Cub,L1P,L
A132DD,N17670,,,,
A133DD,N177H,C77R,CESSNA 177RG Cardinal RG,L1P,L
A139DD,N1784V,C140,CESSNA 140,L1P,L
A13EDD,N18FN,LJ35,LEARJET 35,L2J,M
A13FDD,N18RU,GL5T,BOMBARDIER BD-700 Global 5000/5500,L2J,M
A140DD,N180BZ,SR22,CIRRUS SR-22,L1P,L
A141DD,N180NE,H25B,HAWKER BEECHCRAFT Hawker 750/850,L2J,M
A143DD,N1806G,CH7A,BELLANCA 7 Champion,L1P,L
A145DD,N181RC,C180,CESSNA  180 Skywagon,L1P,L
A149DD,N182UA,B744,BOEING 747-400,L4J,H
A14BDD,N183AM,B789,BOEING 787-9 Dreamliner,L2J,H
A152DD,N1847H,B58T,BEECH 58TC Baron,L2P,L
A153DD,N185GH,C185,CESSNA 185 Skywagon,L1P,L
A154DD,N185SP,C185,CESSNA 185 Skywagon,L1P,L
A157DD,N186KF,FOX,KITFOX,L1P,L
A159DD,N1864C,C170,CESSNA 170,L1P,L
A15BDD,N187ND,B06,BELL 206 JetRanger,H1T,L
A15DDD,N1876F,BALL,,B0-,-
A163DD,N189U,CRER,RANS Courier,L1P,L
A164DD,N1893A,H269,HUGHES Sky Knight,H1P,L
A165DD,N19AL,UH1,BELL UH-1 Huey,H1T,L
A167DD,N19WY,HUSK,CHRISTEN Husky,L1P,L
A172DD,N19261,C150,CESSNA 150,L1P,L
A175DD,N1931T,AA5,AMERICAN AA-5 Tiger,L1P,L
A176DD,N19384,C150,CESSNA 150,L1P,L
A179DD,N1943W,RV9,VANS RV-9,L1P,L
A182DD,N197HB,GLID,,L0-,-
A183DD,N197TH,C152,CESSNA 152,L1P,L
A184DD,N1972U,C185,CESSNA 185 Skywagon,L1P,L
A185DD,N19795,C172,CESSNA 172 Skyhawk,L1P,L
A188DD,N1984X,C182,CESSNA 182 Skylane,L1P,L
A189DD,N199CS,AS20,SCHLEICHER ASW-20,L1P,L
A18DDD,N2FQ,FA50,DASSAULT Falcon 50,L3J,M
A18EDD,N2RW,BE9T,BEECH F90 King Air,L2T,L
A18FDD,N20CA,SR22,CIRRUS SR-22,L1P,L
A190DD,N20NG,C310,CESSNA 310,L2P,L
A192DD,N200JT,C750,CESSNA 750 Citation 10,L2J,M
A196DD,N201MR,M20P,MOONEY M-20,L1P,L
A197DD,N201XX,M20P,MOONEY M-20,L1P,L
A198DD,N20153,RS12,RANS S-12 Super Airaile,L1P,L
A199DD,N202EH,DHC6,DE HAVILLAND DHC-6 Twin Otter,L2T,L
A19BDD,N2020V,C140,CESSNA 140,L1P,L
A19FDD,N2032Y,C172,CESSNA 172 Skyhawk,L1P,L
A1A0DD,N20399,C172,CESSNA 172 Skyhawk,L1P,L
A1A3DD,N20441,BALL,,B0-,-
A1A5DD,N205PB,,,,
A1A7DD,N20564,C172,CESSNA 172 Skyhawk,L1P,L
A1A9DD,N206S,BE95,BEECH 95 Travel Air,L2P,L
A1ABDD,N20687,L8,LUSCOMBE 8,L1P,L
A1AEDD,N2073Z,CH70,ZENAIR CH-701 Stol,L1P,L
A1B0DD,N208MQ,C208,CESSNA 208 Caravan,L1T,L
A1B2DD,N20852,C182,CESSNA 182 Skylane,L1P,L
A1B6DD,N20975,C182,CESSNA 182 Skylane,L1P,L
A1B9DD,N210DR,T210,CESSNA T210 Turbo Centurion,L1P,L
A1BBDD,N2100C,C195,CESSNA 195,L1P,L
A1BFDD,N2112F,PA44,PIPER PA-44 Seminole,L2P,L
A1C0DD,N2119S,BALL,,B0-,-
A1C1DD,N212KM,PA46,PIPER PA-46-310/350,L1P,L
A1C2DD,N212VT,H500,HUGHES 500,H1T,L
A1C3DD,N2124J,P28A,PIPER PA-28-140/150/160/180,L1P,L
A1C4DD,N213CD,SR20,CIRRUS SR-20,L1P,L
A1C7DD,N2136M,P28A,PIPER PA-28-140/150/160/180,L1P,L
A1CADD,N2141D,C82T,CESSNA TR182 Turbo Skylane RG,L1P,L
A1CBDD,N2148Q,C77R,CESSNA 177RG Cardinal RG,L1P,L
A1CFDD,N216AS,ULAC,,L0-,-
A1D2DD,N2165K,M20P,MOONEY M-20,L1P,L
A1D4DD,N217PW,FDCT,FLIGHT DESIGN CT,L1P,L
A1D5DD,N2170B,M20P,MOONEY M-20,L1P,L
A1D6DD,N2177N,C120,CESSNA 120,L1P,L
A1D9DD,N2182E,CH7A,BELLANCA 7 Champion,L1P,L
A1DADD,N2189R,P28A,PIPER PA-28-140/150/160/180,L1P,L
A1DEDD,N22CC,BE58,BEECH 58 Baron,L2P,L
A1DFDD,N22NJ,EA50,ECLIPSE 550,L2J,L
A1E3DD,N22032,FA24,FAIRCHILD F-24 Argus,L1P,L
A1E4DD,N221BM,SR22,CIRRUS SR-22,L1P,L
A1E5DD,N221MT,AS50,AEROSPATIALE AS-350 Ecureuil,H1T,L
A1E7DD,N22155,C150,CESSNA 150,L1P,L
A1E8DD,N222EK,GLID,,L0-,-
A1EADD,N2220X,PA22,PIPER PA-22,L1P,L
A1ECDD,N223HH,SR22,CIRRUS SR-22,L1P,L
A1EDDD,N223TP,BE20,BEECH 200 Super King Air,L2T,M
A1F1DD,N224WM,DA40,DIAMOND DA-40 Club Star,L1P,L
A1F2DD,N22443,AUS5,AUSTER AOP5,L1P,L
A1F4DD,N225PD,B06,BELL 206 JetRanger,H1T,L
A1F9DD,N2261Y,C177,CESSNA  177 Cardinal,L1P,L
A1FADD,N22689,C172,CESSNA 172 Skyhawk,L1P,L
A1FCDD,N227V,,,,
A1FDDD,N22731,C150,CESSNA 150,L1P,L
A201DD,N22854,J4,PIPER J-4 Cub Coupe,L1P,L
A206DD,N23HG,HUSK,CHRISTEN Husky,L1P,L
A207DD,N23TN,PA18,PIPER PA-18 Super Cub,L1P,L
A20ADD,N2300E,CH7A,BELLANCA 7 Champion,L1P,L
A20BDD,N2307R,C182,CESSNA 182 Skylane,L1P,L
A20CDD,N231GR,M20P,MOONEY M-20,L1P,L
A20FDD,N2319U,C172,CESSNA 172 Skyhawk,L1P,L
A212DD,N2324L,BE23,BEECH 23 Sundowner,L1P,L
A217DD,N234FD,ULAC,,L0-,-
A218DD,N234RK,C150,CESSNA 150,L1P,L
A21ADD,N2348S,C82S,CESSNA T182 Turbo Skylane,L1P,L
A21DDD,N2353J,BE23,BEECH 23 Sundowner,L1P,L
A21FDD,N236M,M200,NORTH AMERICAN ROCKWELL Commander 200,L1P,L
A222DD,N237DS,DA40,DIAMOND DA-40 Club Star,L1P,L
A224DD,N2370D,C170,CESSNA 170,L1P,L
A228DD,N2382G,C182,CESSNA 182 Skylane,L1P,L
A229DD,N2389T,PA38,PIPER PA-38 Tomahawk,L1P,L
A22DDD,N24CE,NG5,BRM AERO NG-5/6 Bristell,L1P,L
A22FDD,N24YS,GLF2,GULFSTREAM 2,L2J,M
A233DD,N241BP,BPAT,R&B Bearhawk Patrol,L1P,L
A236DD,N24157,FNKB,FUNK B,L1P,L
A237DD,N242EM,C182,CESSNA 182 Skylane,L1P,L
A23ADD,N2428,CL30,BOMBARDIER BD-100 Challenger 300,L2J,M
A23EDD,N244AB,PA31,PIPER PA-31-300/310/325/350/425,L2P,L
A247DD,N246SD,BE30,BEECH 300 Super King Air,L2T,L
A249DD,N2469A,PA22,PIPER PA-22,L1P,L
A24ADD,N247JW,BE36,BEECH 36 Bonanza,L1P,L
A24BDD,N247VB,C240,CESSNA 240 Corvalis TTx,L1P,L
A24FDD,N248Y,,,,
A250DD,N24856,C152,CESSNA 152,L1P,L
A253DD,N2490Y,P28A,PIPER PA-28-140/150/160/180,L1P,L
A254DD,N24979,B789,BOEING 787-9 Dreamliner,L2J,H
A255DD,N25HJ,HDJT,HONDA HondaJet,L2J,L
A257DD,N250DV,,,,
A25ADD,N2507T,TB20,SOCATA TB-20 Trinidad,L1P,L
A25BDD,N251GT,BE35,BEECH 35 Starfire Bonanza,L1P,L
A25CDD,N26CG,BE20,BEECH 200 Super King Air,L2T,M
A25DDD,N2512K,L8,LUSCOMBE 8,L1P,L
A25EDD,N2519W,BE24,BEECH 24 Sierra,L1P,L
A262DD,N253CH,AS50,AEROSPATIALE AS-350 Ecureuil,H1T,L
A267DD,N254RM,ZZZZ,,-0-,-
A269DD,N2548U,C172,CESSNA 172 Skyhawk,L1P,L
A26DDD,N256AW,SR22,CIRRUS SR-22,L1P,L
A26EDD,N256MB,T206,CESSNA T206 Turbo Stationair,L1P,L
A273DD,N2570F,CH7A,BELLANCA 7 Champion,L1P,L
A274DD,N2577S,C337,CESSNA 337 Super Skymaster,L2P,L
A275DD,N258GS,,,,
A276DD,N258SY,E75L,EMBRAER ERJ-170-200 (long wing),L2J,M
A278DD,N2589V,C170,CESSNA 170,L1P,L
A285DD,N26159,C150,CESSNA 150,L1P,L
A28CDD,N26324,L8,LUSCOMBE 8,L1P,L
A290DD,N26447,ZZZZ,,-0-,-
A291DD,N265DB,BE58,BEECH 58 Baron,L2P,L
A295DD,N266G,BE95,BEECH 95 Travel Air,L2P,L
A296DD,N266SF,F260,AERMACCHI SF-260,L1P,L
A29BDD,N26735,J4,PIPER J-4 Cub Coupe,L1P,L
A2A5DD,N27TS,LNP4,LANCAIR PropJet 4,L1T,L
A2A8DD,N2700J,ST75,STEARMAN Kaydet,L1P,L
A2ACDD,N2712M,PA12,PIPER PA-12 Super Cruiser,L1P,L
A2B1DD,N273CK,LNC2,LANCAIR 200-320,L1P,L
A2B4DD,N2736T,BE35,BEECH 35 Starfire Bonanza,L1P,L
A2B8DD,N2748W,M20P,MOONEY M-20,L1P,L
A2B9DD,N275JF,QIC2,QUICKIE Q2,L1P,L
A2BCDD,N276AY,A333,AIRBUS A-330-300,L2J,H
A2C0DD,N277DW,ULAC,,L0-,-
A2C6DD,N2782L,C172,CESSNA 172 Skyhawk,L1P,L
A2D9DD,N283HP,P28A,PIPER PA-28-140/150/160/180,L1P,L
A2DBDD,N28326,EXEC,ROTORWAY Exec,H1P,L
A2DDDD,N284LM,SR22,CIRRUS SR-22,L1P,L
A2DFDD,N28449,L8,LUSCOMBE 8,L1P,L
A2E4DD,N286GB,B752,BOEING 757-200,L2J,M
A2E5DD,N286SH,EN28,ENSTROM F-28,H1P,L
A2E6DD,N28614,P28A,PIPER PA-28-140/150/160/180,L1P,L
A2E7DD,N2869E,CH7A,BELLANCA 7 Champion,L1P,L
A2E8DD,N287K,K100,DAHER Kodiak 100,L1T,L
A2FADD,N291TC,U16,GRUMMAN Albatross,A2P,M
A2FBDD,N2912P,PA22,PIPER PA-22,L1P,L
A2FCDD,N29190,T210,CESSNA T210 Turbo Centurion,L1P,L
A300DD,N293CM,VELO,Velocity,L1P,L
A303DD,N2936V,C150,CESSNA 150,L1P,L
A307DD,N2948Y,C182,CESSNA 182 Skylane,L1P,L
A309DD,N295UP,MD11,MCDONNELL-DOUGLAS MD-11,L3J,H
A30ADD,N2953Q,P28R,PIPER PA-28R-180/200/201,L1P,L
A30BDD,N296B,BE95,BEECH 95 Travel Air,L2P,L
A30EDD,N2965T,HUSK,CHRISTEN Husky,L1P,L
A311DD,N2970K,C180,CESSNA  180 Skywagon,L1P,L
A312DD,N2977W,CH7B,BELLANCA 7 Citabria,L1P,L
A315DD,N2982N,C120,CESSNA 120,L1P,L
A316DD,N2989Z,PA18,PIPER PA-18 Super Cub,L1P,L
A318DD,N299W,BE36,BEECH 36 Bonanza,L1P,L
A319DD,N2994R,P28R,PIPER PA-28R-180/200/201,L1P,L
A31ADD,N3CL,C172,CESSNA 172 Skyhawk,L1P,L
A31BDD,N3NS,BOLT,STEEN Skybolt,L1P,L
A31DDD,N30KC,BE9L,BEECH 90 King Air,L2T,L
A320DD,N300RV,RV6,VANS RV-6,L1P,L
A322DD,N30082,P32R,PIPER PA-32R-300/301/301T,L1P,L
A323DD,N301JM,PA11,PIPER PA-11 Cub Special,L1P,L
A329DD,N3025X,BALL,,B0-,-
A32DDD,N30370,C172,CESSNA 172 Skyhawk,L1P,L
A330DD,N3042S,AT8T,AIR TRACTOR AT-802,L1T,M
A331DD,N30493,C177,CESSNA  177 Cardinal,L1P,L
A334DD,N3054V,DC4,DOUGLAS DC-4 Skymaster,L4P,M
A338DD,N3066Y,P28A,PIPER PA-28-140/150/160/180,L1P,L
A33BDD,N3071Q,C182,CESSNA 182 Skylane,L1P,L
A33FDD,N3083T,P28A,PIPER PA-28-140/150/160/180,L1P,L
A340DD,N309BC,T206,CESSNA T206 Turbo Stationair,L1P,L
A344DD,N31EA,LJ31,LEARJET 31,L2J,M
A346DD,N310AM,C310,CESSNA 310,L2P,L
A347DD,N310LT,C310,CESSNA 310,L2P,L
A349DD,N3105E,SS2T,TRUSH Turbo Thrush 500/550,L1T,L
A34DDD,N3117H,EXEC,ROTORWAY Exec,H1P,L
A34FDD,N312SP,C182,CESSNA 182 Skylane,L1P,L
A358DD,N3146F,C182,CESSNA 182 Skylane,L1P,L
A35ADD,N315RB,SRAI,GREAT PLAINS Sonerai,L1P,L
A368DD,N319GG,GLEX,BOMBARDIER BD-700 Global 6000/6500,L2J,M
A36ADD,N31919,,,,
A36CDD,N32KE,E50P,EMBRAER EMB-500 Phenom 100,L2J,L
A36FDD,N320RX,,,,
A371DD,N32084,WACF,WACO F,L1P,L
A372DD,N321JP,C185,CESSNA 185 Skywagon,L1P,L
A374DD,N3213W,PA32,PIPER PA-32,L1P,L
A375DD,N322BF,C172,CESSNA 172 Skyhawk,L1P,L
A376DD,N322MM,C82S,CESSNA T182 Turbo Skylane,L1P,L
A37BDD,N3230R,BE33,BEECH 33 Bonanza,L1P,L
A37CDD,N32372,,,,
A381DD,N325L,,,,
A382DD,N325WF,EC30,AIRBUS HELICOPTERS EC-130,H1T,L
A387DD,N32660,J3,PIPER J-3 Cub,L1P,L
A389DD,N327RW,TRDO,TITAN Tornado SS,L1P,L
A38BDD,N32783,P28R,PIPER PA-28R-180/200/201,L1P,L
A393DD,N33EC,P28A,PIPER PA-28-140/150/160/180,L1P,L
A395DD,N330AP,GALX,GULFSTREAM G200,L2J,M
A396DD,N330LV,,,,
A399DD,N331DM,FA20,DASSAULT Falcon 200,L2J,M
A39ADD,N331PT,RV12,VANS RV-12,L1P,L
A39EDD,N332SR,,,,
A3A2DD,N333VP,BE36,BEECH 36 Bonanza,L1P,L
A3A3DD,N3334E,C172,CESSNA 172 Skyhawk,L1P,L
A3AEDD,N3363C,BE35,BEECH 35 Starfire Bonanza,L1P,L
A3B1DD,N337X,FB1A,BOWERS Fly Baby 1A,L1P,L
A3B2DD,N3375F,C182,CESSNA 182 Skylane,L1P,L
A3B6DD,N3387J,C150,CESSNA 150,L1P,L
A3B9DD,N3392A,PA22,PIPER PA-22,L1P,L
A3BBDD,N34KG,PA34,PIPER PA-34 Seneca,L2P,L
A3CADD,N3430T,C177,CESSNA  177 Cardinal,L1P,L
A3CBDD,N34374,MC45,MEYERS MAC-145,L1P,L
A3CEDD,N3442W,PA32,PIPER PA-32,L1P,L
A3CFDD,N34497,AR65,AERONCA 65 Super Chief,L1P,L
A3D1DD,N345WH,R44,ROBINSON R-44 Raven,H1P,L
A3DADD,N34785,CUCA,CULVER Cadet,L1P,L
A3DDDD,N3483X,M20P,MOONEY M-20,L1P,L
A3E2DD,N35EE,CH75,ZENAIR CH-750 Cruzer,L1P,L
A3E4DD,N350AR,PA46,PIPER PA-46-310/350,L1P,L
A3E6DD,N350XC,PA46,PIPER PA-46-310/350,L1P,L
A3E7DD,N3505J,ULAC,,L0-,-
A3EADD,N3510A,C72R,CESSNA 172R Cutlass RG,L1P,L
A3EBDD,N3517M,PA12,PIPER PA-12 Super Cruiser,L1P,L
A3EEDD,N3522D,C170,CESSNA 170,L1P,L
A3F2DD,N3534G,,,,
A3F3DD,N354CB,PA11,PIPER PA-11 Cub Special,L1P,L
A3F6DD,N3546K,P28A,PIPER PA-28-140/150/160/180,L1P,L
A3F7DD,N355F,FOUG,AEROSPATIALE CM-170 Magister,L2J,L
A3FADD,N3558N,J3,PIPER J-3 Cub,L1P,L
A3FDDD,N3563E,C172,CESSNA 172 Skyhawk,L1P,L
A401DD,N3575H,ERCO,AIR PRODUCTS F-1 Aircoupe,L1P,L
A402DD,N358DN,A321,AIRBUS A-321,L2J,M
A404DD,N3580,P51,NORTH AMERICAN P-51 Mustang,L1P,L
A405DD,N3587L,G2T1,GREAT LAKES 2T-1,L1P,L
A408DD,N3592C,BALL,,B0-,-
A40ADD,N36KJ,FOX,KITFOX,L1P,L
A40CDD,N360FV,BE36,BEECH 36 Bonanza,L1P,L
A40DDD,N360SA,SH36,SHORT 360,L2T,M
A40EDD,N3601X,VO10,NORTH AMERICAN ROCKWELL Commander 100,L1P,L
A416DD,N36253,TAYD,TAYLORCRAFT DC/DF/DL,L1P,L
A41ADD,N36376,TAYD,TAYLORCRAFT DC/DF/DL,L1P,L
A421DD,N36541,P28A,PIPER PA-28-140/150/160/180,L1P,L
A425DD,N36664,BT36,BEECH B36TC Bonanza,L1P,L
A429DD,N36787,BE36,BEECH 36 Bonanza,L1P,L
A42CDD,N3683Z,PA18,PIPER PA-18 Super Cub,L1P,L
A430DD,N36952,AR6T,AERONCA 65 Tandem,L1P,L
A436DD,N3705L,C172,CESSNA 172 Skyhawk,L1P,L
A43DDD,N3722F,C172,CESSNA 172 Skyhawk,L1P,L
A43FDD,N373KM,PC12,PILATUS PC-12,L1T,L
A441DD,N3734J,C150,CESSNA 150,L1P,L
A442DD,N374CD,SR22,CIRRUS SR-22,L1P,L
A443DD,N374NK,SONX,SONEX AIRCRAFT Sonex,L1P,L
A445DD,N3746M,P28A,PIPER PA-28-140/150/160/180,L1P,L
A446DD,N375FB,FB1A,BOWERS Fly Baby 1A,L1P,L
A447DD,N375RH,C56X,CESSNA 560XL Citation XLS,L2J,M
A448DD,N3751D,P51,NORTH AMERICAN P-51 Mustang,L1P,L
A449DD,N3758Q,BE35,BEECH 35 Starfire Bonanza,L1P,L
A44DDD,N377AS,ULAC,,L0-,-
A454DD,N3787N,BE35,BEECH 35 Starfire Bonanza,L1P,L
A45ADD,N38VS,BE20,BEECH 200 Super King Air,L2T,M
A45BDD,N380FX,E55P,EMBRAER EMB-505 Phenom 300,L2J,M
A45CDD,N380SC,CRUZ,CSA PS-28 Cruiser,L1P,L
A461DD,N38132,J5,PIPER J-5 Cub Cruiser,L1P,L
A46CDD,N38420,J5,PIPER J-5 Cub Cruiser,L1P,L
A46DDD,N385A,M20P,MOONEY M-20,L1P,L
A47ADD,N388V,C172,CESSNA 172 Skyhawk,L1P,L
A47FDD,N38954,P28A,PIPER PA-28-140/150/160/180,L1P,L
A480DD,N39EJ,,,,
A483DD,N390MA,P46T,PIPER PA-46-500TP,L1T,L
A486DD,N391DT,C550,CESSNA 550 Citation S2,L2J,L
A48EDD,N393KP,M7,MAULE M-7,L1P,L
A490DD,N3934L,C172,CESSNA 172 Skyhawk,L1P,L
A499DD,N396JB,AVID,AVID Flyer,L1P,L
A49DDD,N397M,ZZZZ,,-0-,-
A4A2DD,N3980D,DFLY,VIKING Dragonfly,L1P,L
A4A5DD,N399SW,FOX,KITFOX,L1P,L
A4A6DD,N3992G,T206,CESSNA T206 Turbo Stationair,L1P,L
A4A7DD,N3999T,BALL,,B0-,-
A4A8DD,N4KN,PITA,PIPSTREL Taurus 503,L1P,L
A4ACDD,N400CK,BALL,,B0-,-
A4B3DD,N4018W,BALL,,B0-,-
A4B6DD,N4023N,C120,CESSNA 120,L1P,L
A4BADD,N4035R,P28A,PIPER PA-28-140/150/160/180,L1P,L
A4BBDD,N404DW,G109,GROB G-109,L1P,L
A4BDDD,N4040H,PA12,PIPER PA-12 Super Cruiser,L1P,L
A4BEDD,N4047U,C150,CESSNA 150,L1P,L
A4C0DD,N405T,C68A,CESSNA 680 Citation Latitude,L2J,M
A4C5DD,N4064P,PA23,PIPER PA-23,L2P,L
A4CDDD,N4088V,C150,CESSNA 150,L1P,L
A4D1DD,N41AX,,,,
A4D2DD,N41MC,C82R,CESSNA R182 Skylane RG,L1P,L
A4D4DD,N410HP,P46T,PIPER PA-46-500TP,L1T,L
A4D6DD,N41026,J3,PIPER J-3 Cub,L1P,L
A4D7DD,N411AF,H500,HUGHES 500,H1T,L
A4D8DD,N411LM,SR20,CIRRUS SR-20,L1P,L
A4D9DD,N411WT,BE36,BEECH 36 Bonanza,L1P,L
A4E2DD,N4139E,AR11,AERONCA 11 Chief,L1P,L
A4E3DD,N414K,C414,CESSNA 414 Chancellor,L2P,L
A4F0DD,N41725,CUCA,CULVER Cadet,L1P,L
A4F1DD,N418AE,B06,BELL 206 JetRanger,H1T,L
A4F3DD,N418WS,BE58,BEECH 58 Baron,L2P,L
A4F4DD,N41848,,,,
A4F6DD,N419PJ,E55P,EMBRAER EMB-505 Phenom 300,L2J,M
A4F9DD,N42GA,R44,ROBINSON R-44 Raven,H1P,L
A4FADD,N42SG,C414,CESSNA 414 Chancellor,L2P,L
A4FBDD,N420CM,C25A,CESSNA 525A Citation CJ2,L2J,L
A500DD,N421RR,C421,CESSNA 421 Executive Commuter,L2P,L
A501DD,N4211M,PA12,PIPER PA-12 Super Cruiser,L1P,L
A502DD,N4218Y,PA18,PIPER PA-18 Super Cub,L1P,L
A504DD,N422UP,B752,BOEING 757-200,L2J,M
A506DD,N423B,BE35,BEECH 35 Starfire Bonanza,L1P,L
A510DD,N4252N,C120,CESSNA 120,L1P,L
A511DD,N4259Z,M7,MAULE M-7,L1P,L
A513DD,N426W,ZZZZ,,-0-,-
A514DD,N4264R,BALL,,B0-,-
A516DD,N427NS,AT8T,AIR TRACTOR AT-802,L1T,M
A51BDD,N4281L,C172,CESSNA 172 Skyhawk,L1P,L
A521DD,N43ME,P210,CESSNA P210 Centurion,L1P,L
A524DD,N430TX,C208,CESSNA 208 Caravan,L1T,L
A525DD,N43028,TAYB,TAYLORCRAFT BC/BF/BL,L1P,L
A52ADD,N432DF,S2P,GRUMMAN S-2 Tracker,L2P,M
A52BDD,N432PM,,,,
A52FDD,N433SK,R44,ROBINSON R-44 Raven,H1P,L
A530DD,N43316,P28A,PIPER PA-28-140/150/160/180,L1P,L
A538DD,N4356B,P28A,PIPER PA-28-140/150/160/180,L1P,L
A53BDD,N43604,P28A,PIPER PA-28-140/150/160/180,L1P,L
A53FDD,N43727,P28A,PIPER PA-28-140/150/160/180,L1P,L
A549DD,N44SJ,G2T1,GREAT LAKES 2T-1,L1P,L
A54ADD,N440CP,BE60,BEECH 60 Duke,L2P,L
A550DD,N4411P,PA23,PIPER PA-23,L2P,L
A551DD,N44180,TAYB,TAYLORCRAFT BC/BF/BL,L1P,L
A554DD,N4423S,SREY,PROGRESSIVE AERODYNE SeaRey,A1P,L
A555DD,N443BB,E55P,EMBRAER EMB-505 Phenom 300,L2J,M
A558DD,N4435V,BE35,BEECH 35 Starfire Bonanza,L1P,L
A559DD,N444E,H269,HUGHES Sky Knight,H1P,L
A561DD,N446KW,GLAS,Glasair,L1P,L
A563DD,N4464T,P28R,PIPER PA-28R-180/200/201,L1P,L
A567DD,N4476W,BE95,BEECH 95 Travel Air,L2P,L
A569DD,N448RS,GLID,,L0-,-
A56BDD,N4488Z,PA18,PIPER PA-18 Super Cub,L1P,L
A56EDD,N4493R,C172,CESSNA 172 Skyhawk,L1P,L
A56FDD,N45BA,SAKO,RANS S-10 Sakota,L1P,L
A570DD,N45MG,T34P,BEECH T-34 Mentor,L1P,L
A57ADD,N452PP,PARA,,P0-,-
A57FDD,N45318,BALL,,B0-,-
A583DD,N4544A,PA22,PIPER PA-22,L1P,L
A584DD,N455BW,CDUS,AUTOGYRO Calidus,G1P,L
A589DD,N456R,PA11,PIPER PA-11 Cub Special,L1P,L
A58ADD,N45606,L8,LUSCOMBE 8,L1P,L
A58BDD,N4568G,CH60,ZENAIR CH-600 Zodiac,L1P,L
A58EDD,N45729,L8,LUSCOMBE 8,L1P,L
A592DD,N4585B,C180,CESSNA  180 Skywagon,L1P,L
A596DD,N4597E,CH7A,BELLANCA 7 Champion,L1P,L
A598DD,N46SL,T6,NORTH AMERICAN T-6 Texan,L1P,L
A59FDD,N4611R,P28A,PIPER PA-28-140/150/160/180,L1P,L
A5AADD,N4640P,FB1A,BOWERS Fly Baby 1A,L1P,L
A5ABDD,N46470,C172,CESSNA 172 Skyhawk,L1P,L
A5AFDD,N46593,C172,CESSNA 172 Skyhawk,L1P,L
A5BADD,N46881,FA62,FAIRCHILD M-26 Cornell,L1P,L
A5BBDD,N469JL,P32R,PIPER PA-32R-300/301/301T,L1P,L
A5BEDD,N47BC,PA46,PIPER PA-46-310/350,L1P,L
A5C2DD,N470UA,A320,AIRBUS A-320,L2J,M
A5C4DD,N471AM,HUSK,CHRISTEN Husky,L1P,L
A5C7DD,N4715E,CH7A,BELLANCA 7 Champion,L1P,L
A5CBDD,N4727H,C152,CESSNA 152,L1P,L
A5CFDD,N4739L,P28A,PIPER PA-28-140/150/160/180,L1P,L
A5D1DD,N474VM,PA22,PIPER PA-22,L1P,L
A5D2DD,N4744C,C210,CESSNA 201 Centurion,L1P,L
A5D7DD,N476EW,BE58,BEECH 58 Baron,L2P,L
A5D9DD,N47608,AR6T,AERONCA 65 Tandem,L1P,L
A5DADD,N4768J,BE23,BEECH 23 Sundowner,L1P,L
A5DDDD,N4773A,PA22,PIPER PA-22,L1P,L
A5EBDD,N48061,C185,CESSNA 185 Skywagon,L1P,L
A5F4DD,N483MM,C421,CESSNA 421 Executive Commuter,L2P,L
A5F6DD,N4835Z,BE50,BEECH 50 Excalibur,L2P,L
A607DD,N488RW,QIC2,QUICKIE Q2,L1P,L
A608DD,N4881S,PA32,PIPER PA-32,L1P,L
A60DDD,N49BE,,,,
A612DD,N4903D,C182,CESSNA 182 Skylane,L1P,L
A617DD,N492DM,SR22,CIRRUS SR-22,L1P,L
A61ADD,N4927K,NAVI,NORTH AMERICAN Navion,L1P,L
A61EDD,N4939N,ST75,STEARMAN Kaydet,L1P,L
A625DD,N4956H,PA11,PIPER PA-11 Cub Special,L1P,L
A629DD,N4968L,P28A,PIPER PA-28-140/150/160/180,L1P,L
A631DD,N499DL,BT36,BEECH B36TC Bonanza,L1P,L
A635DD,N5GJ,GA7,DAHER-SOCATA TB-360 Tangara,L2P,L
A63DDD,N501CD,C501,CESSNA 501 Citation 1SP,L2J,L
A642DD,N502RH,UHEL,,H0-,-
A644DD,N5028Q,AT3P,AIR TRACTOR AT-301/401,L1P,L
A64BDD,N5045K,,,,
A64DDD,N505PW,RV6,VANS RV-6,L1P,L
A64FDD,N5057N,ST75,STEARMAN Kaydet,L1P,L
A656DD,N5074H,O1,CESSNA 305/341 Bird Dog,L1P,L
A65CDD,N509RG,GLST,GLASAIR SH-4 GlaStar,L1P,L
A65DDD,N5091C,C303,CESSNA T303 Crusader,L2P,L
A663DD,N5100X,C82T,CESSNA TR182 Turbo Skylane RG,L1P,L
A666DD,N511TP,C510,CESSNA 510 Citation Mustang,L2J,L
A668DD,N512A,B14A,BELLANCA 14,L1P,L
A66DDD,N513PD,B06,BELL 206 JetRanger,H1T,L
A66FDD,N51366,TAYD,TAYLORCRAFT DC/DF/DL,L1P,L
A671DD,N514SB,TS11,PZL-MIELEC TS-11 Iskra,L1J,L
A672DD,N5141Y,C82T,CESSNA TR182 Turbo Skylane RG,L1P,L
A675DD,N515V,,,,
A676DD,N51531,T6,NORTH AMERICAN T-6 Texan,L1P,L
A677DD,N516BL,NG5,BRM AERO NG-5/6 Bristell,L1P,L
A678DD,N516MS,BE76,BEECH 76 Duchess,L2P,L
A67ADD,N51654,C172,CESSNA 172 Skyhawk,L1P,L
A67EDD,N51777,BALL,,B0-,-
A682DD,N519,C150,CESSNA 150,L1P,L
A685DD,N51942,C208,CESSNA 208 Caravan,L1T,L
A686DD,N52CX,ZZZZ,,-0-,-
A687DD,N52PC,LNP4,LANCAIR PropJet 4,L1T,L
A68BDD,N5204L,P28A,PIPER PA-28-140/150/160/180,L1P,L
A68CDD,N521CF,ULAC,,L0-,-
A691DD,N522RK,S22T,CIRRUS SR-22T Turbo,L1P,L
A694DD,N523JB,A320,AIRBUS A-320,L2J,M
A698DD,N524M,P28R,PIPER PA-28R-180/200/201,L1P,L
A69BDD,N525DS,DA40,DIAMOND DA-40 Club Star,L1P,L
A69DDD,N5250D,C180,CESSNA  180 Skywagon,L1P,L
A69EDD,N5257Q,M20P,MOONEY M-20,L1P,L
A6A1DD,N5262G,O1,CESSNA 305/341 Bird Dog,L1P,L
A6A2DD,N5269T,P28A,PIPER PA-28-140/150/160/180,L1P,L
A6ACDD,N5291E,C172,CESSNA 172 Skyhawk,L1P,L
A6ADDD,N5298R,C172,CESSNA 172 Skyhawk,L1P,L
A6AEDD,N53JA,T34P,BEECH T-34 Mentor,L1P,L
A6B2DD,N5300Z,PA22,PIPER PA-22,L1P,L
A6B7DD,N532AB,,,,
A6BADD,N53245,C188,CESSNA 188 AgTruck,L1P,L
A6BEDD,N53368,C188,CESSNA 188 AgTruck,L1P,L
A6C4DD,N535VB,BE35,BEECH 35 Starfire Bonanza,L1P,L
A6C5DD,N53533,P28A,PIPER PA-28-140/150/160/180,L1P,L
A6C9DD,N53656,FA62,FAIRCHILD M-26 Cornell,L1P,L
A6CBDD,N537QS,C68A,CESSNA 680 Citation Latitude,L2J,M
A6CDDD,N53779,FB1A,BOWERS Fly Baby 1A,L1P,L
A6DADD,N5404N,ST75,STEARMAN Kaydet,L1P,L
A6DEDD,N5416R,C185,CESSNA 185 Skywagon,L1P,L
A6E1DD,N5421H,PA18,PIPER PA-18 Super Cub,L1P,L
A6E2DD,N5428U,T206,CESSNA T206 Turbo Stationair,L1P,L
A6E3DD,N543JD,PA24,PIPER PA-24 Comanche,L1P,L
A6E5DD,N5433L,AA5,AMERICAN AA-5 Tiger,L1P,L
A6EADD,N545DU,EC45,AIRBUS HELICOPTERS EC-145,H2T,L
A6ECDD,N5450F,P28A,PIPER PA-28-140/150/160/180,L1P,L
A6EDDD,N5457S,P28A,PIPER PA-28-140/150/160/180,L1P,L
A6F6DD,N548NN,CRJ9,BOMBARDIER Regional Jet CRJ-900,L2J,M
A6FADD,N549RL,UH1,BELL UH-1 Huey,H1T,L
A6FCDD,N5498T,C172,CESSNA 172 Skyhawk,L1P,L
A6FDDD,N55JC,,,,
A701DD,N55001,M7,MAULE M-7,L1P,L
A702DD,N5508B,C182,CESSNA 182 Skylane,L1P,L
A704DD,N551TT,P32T,PIPER PA-32RT-300/300T,L1P,L
A709DD,N55247,P28R,PIPER PA-28R-180/200/201,L1P,L
A70ADD,N553DB,DHC1,DE HAVILLAND DHC-1 Chipmunk,L1P,L
A70DDD,N5537,GLID,,L0-,-
A710DD,N55412,ST75,STEARMAN Kaydet,L1P,L
A713DD,N555VD,EXEC,ROTORWAY Exec,H1P,L
A716DD,N556MW,C550,CESSNA 550 Citation S2,L2J,L
A71BDD,N55700,P28R,PIPER PA-28R-180/200/201,L1P,L
A71CDD,N5578A,GLID,,L0-,-
A71FDD,N55823,P28A,PIPER PA-28-140/150/160/180,L1P,L
A720DD,N559AC,SR22,CIRRUS SR-22,L1P,L
A724DD,N56DA,BE20,BEECH 200 Super King Air,L2T,M
A725DD,N56PG,P32R,PIPER PA-32R-300/301/301T,L1P,L
A729DD,N5604Q,M20P,MOONEY M-20,L1P,L
A72DDD,N5616T,GC1,GLOBE Swift,L1P,L
A72FDD,N562RP,E145,EMBRAER ERJ-145,L2J,M
A731DD,N5628W,P28A,PIPER PA-28-140/150/160/180,L1P,L
A733DD,N563UM,M5,MAULE M-5,L1P,L
A738DD,N5645R,C172,CESSNA 172 Skyhawk,L1P,L
A73EDD,N566T,RV9,VANS RV-9,L1P,L
A740DD,N5669X,M7,MAULE M-7,L1P,L
A743DD,N5674P,PA24,PIPER PA-24 Comanche,L1P,L
A748DD,N569FG,C172,CESSNA 172 Skyhawk,L1P,L
A74CDD,N57JE,PA23,PIPER PA-23,L2P,L
A750DD,N57003,ST75,STEARMAN Kaydet,L1P,L
A75FDD,N57414,ST75,STEARMAN Kaydet,L1P,L
A764DD,N576BS,COL4,CESSNA 400 Corvalis TT,L1P,L
A766DD,N576YD,DRON,,D0-,-
A76BDD,N5778C,M20P,MOONEY M-20,L1P,L
A76EDD,N57825,M20P,MOONEY M-20,L1P,L
A772DD,N57948,LAMA,AEROSPATIALE SA-315 Lama,H1T,L
A773DD,N58DC,BE58,BEECH 58 Baron,L2P,L
A774DD,N58PJ,PA24,PIPER PA-24 Comanche,L1P,L
A777DD,N580WA,C82T,CESSNA TR182 Turbo Skylane RG,L1P,L
A779DD,N581CM,C185,CESSNA 185 Skywagon,L1P,L
A77FDD,N5821M,C310,CESSNA 310,L2P,L
A780DD,N5828Y,S10,STINSON 10 Voyager,L1P,L
A781DD,N583JH,C208,CESSNA 208 Caravan,L1T,L
A782DD,N583UP,B744,BOEING 747-400,L4J,H
A783DD,N5833Q,M20P,MOONEY M-20,L1P,L
A784DD,N584B,SR22,CIRRUS SR-22,L1P,L
A791DD,N587W,EFOX,AEROPRO Eurofox,L1P,L
A792DD,N5874R,C172,CESSNA 172 Skyhawk,L1P,L
A794DD,N588NS,DRON,,D0-,-
A798DD,N589RQ,DRON,,D0-,-
A799DD,N5891L,,,,
A7A0DD,N5908F,C210,CESSNA 201 Centurion,L1P,L
A7A2DD,N591TX,,,,
A7ADDD,N594SK,DRON,,D0-,-
A7B6DD,N5966B,C182,CESSNA 182 Skylane,L1P,L
A7B7DD,N597ES,DRON,,D0-,-
A7BCDD,N598TW,,,,
A7C2DD,N6DE,T210,CESSNA T210 Turbo Centurion,L1P,L
A7C4DD,N6ZS,GLID,,L0-,-
A7C6DD,N60WC,B350,BEECHCRAFT Super King Air 350,L2T,M
A7C7DD,N600GH,P46T,PIPER PA-46-500TP,L1T,L
A7C8DD,N600SP,A109,AGUSTA AW-109 Grand,H2T,L
A7C9DD,N6002,CH70,ZENAIR CH-701 Stol,L1P,L
A7CDDD,N6014C,C82R,CESSNA R182 Skylane RG,L1P,L
A7CFDD,N602ND,C172,CESSNA 172 Skyhawk,L1P,L
A7D4DD,N60308,C150,CESSNA 150,L1P,L
A7D8DD,N6043A,C172,CESSNA 172 Skyhawk,L1P,L
A7DDDD,N606DJ,COY2,RANS Coyote 2,L1P,L
A7E0DD,N6067G,C150,CESSNA 150,L1P,L
A7E2DD,N607SN,,,,
A7E7DD,N6084B,T210,CESSNA T210 Turbo Centurion,L1P,L
A7EBDD,N6096E,BE35,BEECH 35 Starfire Bonanza,L1P,L
A7F4DD,N6110R,ULAC,,L0-,-
A7F5DD,N61172,C150,CESSNA 150,L1P,L
A7F8DD,N6122U,RAF2,ROTARY AIR FORCE RAF-2000,G1P,L
A7FADD,N613L,RV10,VANS RV-10,L1P,L
A7FDDD,N614CS,C240,CESSNA 240 Corvalis TTx,L1P,L
A800DD,N61460,,,,
A803DD,N6151S,C182,CESSNA 182 Skylane,L1P,L
A805DD,N616JN,SR22,CIRRUS SR-22,L1P,L
A807DD,N6163V,LA4,LAKE LA-4/200,A1P,L
A80BDD,N6175Y,PARA,,P0-,-
A80FDD,N61871,ST75,STEARMAN Kaydet,L1P,L
A811DD,N619TG,EXEC,ROTORWAY Exec,H1P,L
A812DD,N6192T,C150,CESSNA 150,L1P,L
A813DD,N61994,C172,CESSNA 172 Skyhawk,L1P,L
A814DD,N62KZ,DA62,DIAMOND DA-62,L2P,L
A815DD,N62WE,AC50,NORTH AMERICAN ROCKWELL Commander 500,L2P,L
A818DD,N6202B,T210,CESSNA T210 Turbo Centurion,L1P,L
A819DD,N6209N,C82R,CESSNA R182 Skylane RG,L1P,L
A81ADD,N621KH,P32R,PIPER PA-32R-300/301/301T,L1P,L
A81DDD,N622C,SR22,CIRRUS SR-22,L1P,L
A820DD,N6226H,UH1,BELL UH-1 Huey,H1T,L
A824DD,N6238L,,,,
A827DD,N6243C,C210,CESSNA 201 Centurion,L1P,L
A82ADD,N625X,,,,
A82BDD,N6255F,,,,
A82DDD,N626PS,CL30,BOMBARDIER BD-100 Challenger 300,L2J,M
A832DD,N6272A,PA14,PIPER PA-14 Family Cruiser,L1P,L
A833DD,N6279M,C152,CESSNA 152,L1P,L
A83BDD,N63EX,,,,
A840DD,N63051,C150,CESSNA 150,L1P,L
A846DD,N632TK,C82T,CESSNA TR182 Turbo Skylane RG,L1P,L
A848DD,N63297,C150,CESSNA 150,L1P,L
A853DD,N63585,ST75,STEARMAN Kaydet,L1P,L
A85EDD,N63873,GYRO,,G0-,-
A863DD,N64LA,BE58,BEECH 58 Baron,L2P,L
A864DD,N64WG,C172,CESSNA 172 Skyhawk,L1P,L
A868DD,N6409Q,M20P,MOONEY M-20,L1P,L
A86BDD,N6414G,C150,CESSNA 150,L1P,L
A872DD,N6431B,C172,CESSNA 172 Skyhawk,L1P,L
A87EDD,N6467L,C152,CESSNA 152,L1P,L
A889DD,N6496J,P28A,PIPER PA-28-140/150/160/180,L1P,L
A892DD,N6510V,COL3,CESSNA 350 Corvalis,L1P,L
A895DD,N652TM,CH75,ZENAIR CH-750 Cruzer,L1P,L
A89BDD,N654CW,TBM7,SOCATA TBM-700A/B/C,L1T,L
A8A0DD,N655S,,,,
A8A1DD,N6551W,P28A,PIPER PA-28-140/150/160/180,L1P,L
A8A2DD,N65587,C172,CESSNA 172 Skyhawk,L1P,L
A8A3DD,N656JS,,,,
A8A9DD,N65752,C172,CESSNA 172 Skyhawk,L1P,L
A8AFDD,N659TL,RV4,VANS RV-4,L1P,L
A8B7DD,N6609S,PARA,,P0-,-
A8BCDD,N662NK,A321,AIRBUS A-321,L2J,M
A8C3DD,N664J,JAB4,JABIRU J200-450,L1P,L
A8C5DD,N6643G,C150,CESSNA 150,L1P,L
A8C6DD,N665AS,E50P,EMBRAER EMB-500 Phenom 100,L2J,L
A8CBDD,N666PW,DRON,,D0-,-
A8CDDD,N6667N,T210,CESSNA T210 Turbo Centurion,L1P,L
A8CFDD,N667SU,GLF4,GULFSTREAM 4,L2J,M
A8D0DD,N6672E,C175,CESSNA 175 Skylark,L1P,L
A8D4DD,N6684H,J3,PIPER J-3 Cub,L1P,L
A8D5DD,N669CC,H25B,HAWKER BEECHCRAFT Hawker 750/850,L2J,M
A8DADD,N67RG,RV7,VANS RV-7,L1P,L
A8E2DD,N67178,C180,CESSNA  180 Skywagon,L1P,L
A8E4DD,N672TP,M20P,MOONEY M-20,L1P,L
A8E6DD,N673A,CH75,ZENAIR CH-750 Cruzer,L1P,L
A8E8DD,N673WM,FA7X,DASSAULT Falcon 7X,L3J,M
A8E9DD,N67343,BE36,BEECH 36 Bonanza,L1P,L
A8F0DD,N6751Y,PA23,PIPER PA-23,L2P,L
A8F3DD,N676V,BE35,BEECH 35 Starfire Bonanza,L1P,L
A8F4DD,N67631,J3,PIPER J-3 Cub,L1P,L
A8F8DD,N67754,TAYD,TAYLORCRAFT DC/DF/DL,L1P,L
A8FBDD,N6780W,P28A,PIPER PA-28-140/150/160/180,L1P,L
A8FFDD,N6792Z,PA25,PIPER PA-25 Pawnee,L1P,L
A900DD,N68,BE30,BEECH 300 Super King Air,L2T,L
A903DD,N680GR,C680,CESSNA 680 Citation Sovereign,L2J,M
A905DD,N6802H,C172,CESSNA 172 Skyhawk,L1P,L
A906DD,N6809U,M20P,MOONEY M-20,L1P,L
A913DD,N684UH,H60,SIKORSKY UH-60 Black Hawk,H2T,M
A918DD,N6855M,S108,STINSON 108 Voyager,L1P,L
A919DD,N686DS,SR22,CIRRUS SR-22,L1P,L
A923DD,N6884K,PA16,PIPER PA-16 Clipper,L1P,L
A927DD,N6896N,M20P,MOONEY M-20,L1P,L
A928DD,N69FC,BE35,BEECH 35 Starfire Bonanza,L1P,L
A929DD,N69RJ,PTS1,PITTS S-1 Special,L1P,L
A92FDD,N691QT,DRON,,D0-,-
A939DD,N694D,BE35,BEECH 35 Starfire Bonanza,L1P,L
A93EDD,N695SD,R44,ROBINSON R-44 Raven,H1P,L
A942DD,N696VB,T210,CESSNA T210 Turbo Centurion,L1P,L
A949DD,N698QS,C56X,CESSNA 560XL Citation XLS,L2J,M
A94FDD,N7AA,C150,CESSNA 150,L1P,L
A952DD,N70GT,PTS1,PITTS S-1 Special,L1P,L
A954DD,N700DD,BE9L,BEECH 90 King Air,L2T,L
A955DD,N700PK,PA31,PIPER PA-31-300/310/325/350/425,L2P,L
A95BDD,N7019E,R22,ROBINSON R-22 Mariner,H1P,L
A95EDD,N70237,J3,PIPER J-3 Cub,L1P,L
A95FDD,N703BS,C82R,CESSNA R182 Skylane RG,L1P,L
A962DD,N7036,SA30,STOLP Starduster Too,L1P,L
A966DD,N7048C,R44,ROBINSON R-44 Raven,H1P,L
A969DD,N70525,J3,PIPER J-3 Cub,L1P,L
A96DDD,N70648,BE65,BEECH 65 Queen Air,L2P,L
A96EDD,N707DC,RV6,VANS RV-6,L1P,L
A96FDD,N707PJ,RV7,VANS RV-7,L1P,L
A971DD,N7077A,RAF2,ROTARY AIR FORCE RAF-2000,G1P,L
A972DD,N708GA,GA7C,GULFSTREAM G700,L2J,M
A974DD,N70813,GLID,,L0-,-
A978DD,N70936,PARA,,P0-,-
A979DD,N71BR,BALL,,B0-,-
A97CDD,N710JH,JAB2,JABIRU J160/170,L1P,L
A97EDD,N7103Q,T206,CESSNA T206 Turbo Stationair,L1P,L
A97FDD,N711B,BE35,BEECH 35 Starfire Bonanza,L1P,L
A982DD,N7115T,C172,CESSNA 172 Skyhawk,L1P,L
A986DD,N7127W,P28A,PIPER PA-28-140/150/160/180,L1P,L
A988DD,N713TB,TB21,SOCATA TB-21 Trinidad TC,L1P,L
A989DD,N7132N,BE33,BEECH 33 Bonanza,L1P,L
A98ADD,N7139Z,BE65,BEECH 65 Queen Air,L2P,L
A98BDD,N714KU,C150,CESSNA 150,L1P,L
A98DDD,N7144R,P28A,PIPER PA-28-140/150/160/180,L1P,L
A996DD,N717JG,BE9L,BEECH 90 King Air,L2T,L
A99ADD,N718ME,DRON,,D0-,-
A99CDD,N7185S,BALL,,B0-,-
A99FDD,N7190J,R22,ROBINSON R-22 Mariner,H1P,L
A9A0DD,N7197V,R44,ROBINSON R-44 Raven,H1P,L
A9A1DD,N72GV,LA4,LAKE LA-4/200,A1P,L
A9A2DD,N72TA,JAB4,JABIRU J200-450,L1P,L
A9A6DD,N7207D,PA22,PIPER PA-22,L1P,L
A9A7DD,N721GD,GA7C,GULFSTREAM G700,L2J,M
A9A9DD,N72116,C140,CESSNA 140,L1P,L
A9ABDD,N722KB,DRON,,D0-,-
A9B1DD,N7236B,BE35,BEECH 35 Starfire Bonanza,L1P,L
A9B5DD,N7248E,C182,CESSNA 182 Skylane,L1P,L
A9B7DD,N725TW,E55P,EMBRAER EMB-505 Phenom 300,L2J,M
A9BCDD,N7265,PA24,PIPER PA-24 Comanche,L1P,L
A9BDDD,N727DE,P28A,PIPER PA-28-140/150/160/180,L1P,L
A9C7DD,N72938,C140,CESSNA 140,L1P,L
A9C8DD,N73BT,C180,CESSNA  180 Skywagon,L1P,L
A9CBDD,N730JK,RV7,VANS RV-7,L1P,L
A9D1DD,N7315V,BL17,BELLANCA 17 Viking,L1P,L
A9D3DD,N732QF,T210,CESSNA T210 Turbo Centurion,L1P,L
A9D5DD,N7327Y,PA30,PIPER PA-30 Twin Comanche,L2P,L
A9D7DD,N733TD,C172,CESSNA 172 Skyhawk,L1P,L
A9D9DD,N73391,C172,CESSNA 172 Skyhawk,L1P,L
A9DADD,N734KW,C172,CESSNA 172 Skyhawk,L1P,L
A9DFDD,N735Z,B735,BOEING 737-500,L2J,M
A9E3DD,N7361N,C182,CESSNA 182 Skylane,L1P,L
A9E5DD,N737JJ,C172,CESSNA 172 Skyhawk,L1P,L
A9E8DD,N738BA,C172,CESSNA 172 Skyhawk,L1P,L
A9EADD,N738XN,C182,CESSNA 182 Skylane,L1P,L
A9ECDD,N739DZ,C172,CESSNA 172 Skyhawk,L1P,L
A9F0DD,N74GX,GX,REMOS GX,L1P,L
A9F5DD,N7407F,CH7B,BELLANCA 7 Citabria,L1P,L
A9FCDD,N7424A,T206,CESSNA T206 Turbo Stationair,L1P,L
AA02DD,N744R,C210,CESSNA 201 Centurion,L1P,L
AA03DD,N74406,AA5,AMERICAN AA-5 Tiger,L1P,L
AA07DD,N74529,M20P,MOONEY M-20,L1P,L
AA08DD,N746AJ,PA32,PIPER PA-32,L1P,L
AA0CDD,N747DG,M6,MAULE M-6,L1P,L
AA12DD,N74817,S52,SIKORSKY S-52,H1P,L
AA13DD,N7489H,J3,PIPER J-3 Cub,L1P,L
AA18DD,N75NA,ST75,STEARMAN Kaydet,L1P,L
AA1ADD,N750JM,C550,CESSNA 550 Citation S2,L2J,L
AA20DD,N7515X,C172,CESSNA 172 Skyhawk,L1P,L
AA23DD,N7520P,PA24,PIPER PA-24 Comanche,L1P,L
AA24DD,N75270,P28A,PIPER PA-28-140/150/160/180,L1P,L
AA25DD,N753H,ULAC,,L0-,-
AA26DD,N753TF,DRON,,D0-,-
AA27DD,N7532S,R22,ROBINSON R-22 Mariner,H1P,L
AA2BDD,N7544V,C77R,CESSNA 177RG Cardinal RG,L1P,L
AA30DD,N756FN,T206,CESSNA T206 Turbo Stationair,L1P,L
AA34DD,N757JL,C182,CESSNA 182 Skylane,L1P,L
AA35DD,N757US,CH7B,BELLANCA 7 Citabria,L1P,L
AA36DD,N7573T,C172,CESSNA 172 Skyhawk,L1P,L
AA38DD,N758MJ,GLST,GLASAIR SH-4 GlaStar,L1P,L
AA3ADD,N7585W,P28A,PIPER PA-28-140/150/160/180,L1P,L
AA3BDD,N759EA,C182,CESSNA 182 Skylane,L1P,L
AA3DDD,N7590N,T206,CESSNA T206 Turbo Stationair,L1P,L
AA3FDD,N76GZ,RV6,VANS RV-6,L1P,L
AA44DD,N7607H,C82R,CESSNA R182 Skylane RG,L1P,L
AA46DD,N761SP,C210,CESSNA 201 Centurion,L1P,L
AA4ADD,N762VM,SW4,SWEARINGEN Metro,L2T,M
AA56DD,N7653A,T6,NORTH AMERICAN T-6 Texan,L1P,L
AA5ADD,N7665D,PA18,PIPER PA-18 Super Cub,L1P,L
AA65DD,N7694B,YK52,YAKOVLEV Yak-52,L1P,L
AA67DD,N77NC,PA18,PIPER PA-18 Super Cub,L1P,L
AA69DD,N770JP,LJ35,LEARJET 35,L2J,M
AA6FDD,N7715Z,PA25,PIPER PA-25 Pawnee,L1P,L
AA79DD,N774WF,H25B,HAWKER BEECHCRAFT Hawker 750/850,L2J,M
AA80DD,N776RW,BE20,BEECH 200 Super King Air,L2T,M
AA8DDD,N77971,L8,LUSCOMBE 8,L1P,L
AA8FDD,N78TG,RV9,VANS RV-9,L1P,L
AA90DD,N780DM,BL8,BELLANCA 8 Decathlon,L1P,L
AA95DD,N781SR,SR22,CIRRUS SR-22,L1P,L
AA97DD,N7819N,P28A,PIPER PA-28-140/150/160/180,L1P,L
AAA5DD,N7853C,P28A,PIPER PA-28-140/150/160/180,L1P,L
AAA6DD,N786AN,B772,BOEING 777-200,L2J,H
AAB0DD,N7882A,C180,CESSNA  180 Skywagon,L1P,L
AAB2DD,N789KG,C56X,CESSNA 560XL Citation XLS,L2J,M
AAB5DD,N79BZ,PA11,PIPER PA-11 Cub Special,L1P,L
AAB8DD,N790JR,WW24,IAI 1124 Westwind,L2J,M
AAC2DD,N79274,C172,CESSNA 172 Skyhawk,L1P,L
AAC5DD,N7932W,P28A,PIPER PA-28-140/150/160/180,L1P,L
AAC6DD,N79397,M20P,MOONEY M-20,L1P,L
AAC9DD,N7944Z,C150,CESSNA 150,L1P,L
AACDDD,N79562,C172,CESSNA 172 Skyhawk,L1P,L
AAD9DD,N799EE,S22T,CIRRUS SR-22T Turbo,L1P,L
AADCDD,N79973,C172,CESSNA 172 Skyhawk,L1P,L
AADDDD,N8HC,P28B,PIPER PA-28-201T/235/236,L1P,L
AAE0DD,N80PV,C414,CESSNA 414 Chancellor,L2P,L
AAE8DD,N80166,AT8T,AIR TRACTOR AT-802,L1T,M
AAEADD,N802SB,H60,SIKORSKY UH-60 Black Hawk,H2T,M
AAEBDD,N8021Y,PA30,PIPER PA-30 Twin Comanche,L2P,L
AAECDD,N80289,,,,
AAEFDD,N80331,C172,CESSNA 172 Skyhawk,L1P,L
AAF1DD,N804MS,B763,BOEING 767-300,L2J,H
AAF3DD,N80454,C172,CESSNA 172 Skyhawk,L1P,L
AAFADD,N8062Z,MI8,MIL Mi-8/9/17/19/171/172,H2T,M
AAFBDD,N807,,,,
AAFCDD,N807LE,R44,ROBINSON R-44 Raven,H1P,L
AAFEDD,N80742,C172,CESSNA 172 Skyhawk,L1P,L
AB00DD,N808PC,DHC6,DE HAVILLAND DHC-6 Twin Otter,L2T,L
AB02DD,N80865,C172,CESSNA 172 Skyhawk,L1P,L
AB05DD,N8091X,P28A,PIPER PA-28-140/150/160/180,L1P,L
AB07DD,N81JT,,,,
AB09DD,N810FD,A310,AIRBUS A-310,L2J,H
AB0ADD,N810RK,ULAC,,L0-,-
AB0CDD,N8108S,C150,CESSNA 150,L1P,L
AB0DDD,N811JB,P28B,PIPER PA-28-201T/235/236,L1P,L
AB11DD,N812M,P32R,PIPER PA-32R-300/301/301T,L1P,L
AB13DD,N8125M,C182,CESSNA 182 Skylane,L1P,L
AB16DD,N8130D,PA22,PIPER PA-22,L1P,L
AB17DD,N8137Q,P28A,PIPER PA-28-140/150/160/180,L1P,L
AB19DD,N814SW,C340,CESSNA 340 Super,L2P,L
AB1BDD,N8149T,P28A,PIPER PA-28-140/150/160/180,L1P,L
AB1FDD,N816CE,AS50,AEROSPATIALE AS-350 Ecureuil,H1T,L
AB22DD,N8166N,RAF2,ROTARY AIR FORCE RAF-2000,G1P,L
AB25DD,N8171E,PC6T,PILATUS PC-6 Turbo-Porter,L1T,L
AB26DD,N8178R,BE36,BEECH 36 Bonanza,L1P,L
AB27DD,N818JA,C56X,CESSNA 560XL Citation XLS,L2J,M
AB30DD,N820AB,CRES,PACIFIC AEROSPACE Cresco,L1T,L
AB33DD,N82045,P28A,PIPER PA-28-140/150/160/180,L1P,L
AB37DD,N82168,PA18,PIPER PA-18 Super Cub,L1P,L
AB3ADD,N82210,VEZE,RUTAN VariEze,L1P,L
AB3CDD,N823JW,AC11,NORTH AMERICAN ROCKWELL Commander 112/114,L1P,L
AB3EDD,N82333,E75L,EMBRAER ERJ-170-200 (long wing),L2J,M
AB42DD,N82456,PA32,PIPER PA-32,L1P,L
AB44DD,N825QS,C700,CESSNA 700 Citation Longitude,L2J,M
AB45DD,N8250Y,PA30,PIPER PA-30 Twin Comanche,L2P,L
AB46DD,N82579,CH7A,BELLANCA 7 Champion,L1P,L
AB49DD,N82621,CH7A,BELLANCA 7 Champion,L1P,L
AB4ADD,N827AA,FA20,DASSAULT Falcon 200,L2J,M
AB51DD,N82867,CH7A,BELLANCA 7 Champion,L1P,L
AB56DD,N83JV,C82R,CESSNA R182 Skylane RG,L1P,L
AB5CDD,N831JD,COL4,CESSNA 400 Corvalis TT,L1P,L
AB5FDD,N832AW,A319,AIRBUS A-319,L2J,M
AB64DD,N833Q,BE50,BEECH 50 Excalibur,L2P,L
AB68DD,N834SY,B738,BOEING 737-800,L2J,M
AB6FDD,N836NN,B738,BOEING 737-800,L2J,M
AB71DD,N8366Q,T206,CESSNA T206 Turbo Stationair,L1P,L
AB78DD,N8383K,S108,STINSON 108 Voyager,L1P,L
AB7ADD,N839MA,C208,CESSNA 208 Caravan,L1T,L
AB7CDD,N8395N,BE35,BEECH 35 Starfire Bonanza,L1P,L
AB88DD,N842SF,SR20,CIRRUS SR-20,L1P,L
AB90DD,N844YB,H60,SIKORSKY UH-60 Black Hawk,H2T,M
AB91DD,N84458,CH7A,BELLANCA 7 Champion,L1P,L
AB94DD,N84500,P32R,PIPER PA-32R-300/301/301T,L1P,L
AB95DD,N8458A,CRJ2,BOMBARDIER Regional Jet CRJ-200,L2J,M
AB9CDD,N84746,CH7A,BELLANCA 7 Champion,L1P,L
ABA3DD,N84911,CH7A,BELLANCA 7 Champion,L1P,L
ABA4DD,N8499B,R22,ROBINSON R-22 Mariner,H1P,L
ABA6DD,N85VC,C510,CESSNA 510 Citation Mustang,L2J,L
ABA8DD,N850RP,TBM7,SOCATA TBM-700A/B/C,L1T,L
ABA9DD,N8501K,C172,CESSNA 172 Skyhawk,L1P,L
ABAADD,N8508W,B738,BOEING 737-800,L2J,M
ABB2DD,N853DW,SA3,STITS SA-3 Playboy,L1P,L
ABB4DD,N8530H,NAVI,NORTH AMERICAN Navion,L1P,L
ABB5DD,N8537U,C172,CESSNA 172 Skyhawk,L1P,L
ABC0DD,N8566S,C182,CESSNA 182 Skylane,L1P,L
ABC3DD,N8571J,C150,CESSNA 150,L1P,L
ABC4DD,N8578V,BL8,BELLANCA 8 Decathlon,L1P,L
ABC7DD,N8583M,BE35,BEECH 35 Starfire Bonanza,L1P,L
ABCEDD,N860AF,PC12,PILATUS PC-12,L1T,L
ABDADD,N863K,G2T1,GREAT LAKES 2T-1,L1P,L
ABDCDD,N86337,AR11,AERONCA 11 Chief,L1P,L
ABE7DD,N86625,CH7B,BELLANCA 7 Citabria,L1P,L
ABECDD,N868DC,ESCP,REALITY Escapade,L1P,L
ABEFDD,N8687A,B738,BOEING 737-800,L2J,M
ABF3DD,N8699D,PA18,PIPER PA-18 Super Cub,L1P,L
ABF8DD,N8701M,BE23,BEECH 23 Sundowner,L1P,L
ABF9DD,N8708Y,PA30,PIPER PA-30 Twin Comanche,L2P,L
ABFBDD,N871UP,BE30,BEECH 300 Super King Air,L2T,L
AC04DD,N8737W,P28B,PIPER PA-28-201T/235/236,L1P,L
AC08DD,N8749Z,C77R,CESSNA 177RG Cardinal RG,L1P,L
AC0ADD,N875W,WAIX,SONEX Waiex,L1P,L
AC1ADD,N8795S,C150,CESSNA 150,L1P,L
AC1BDD,N88DX,M5,MAULE M-5,L1P,L
AC1CDD,N88QC,C25C,CESSNA 525C Citation CJ4,L2J,M
AC22DD,N881PM,S22T,CIRRUS SR-22T Turbo,L1P,L
AC25DD,N882GD,R44,ROBINSON R-44 Raven,H1P,L
AC2BDD,N88339,J3,PIPER J-3 Cub,L1P,L
AC3ADD,N8875,BABY,CANADIAN HOME ROTORS Baby Belle,H1P,L
AC3BDD,N888DE,C82T,CESSNA TR182 Turbo Skylane RG,L1P,L
AC3CDD,N888PL,C210,CESSNA 201 Centurion,L1P,L
AC3DDD,N888ZS,,,,
AC43DD,N89KA,C172,CESSNA 172 Skyhawk,L1P,L
AC44DD,N89VG,P32R,PIPER PA-32R-300/301/301T,L1P,L
AC47DD,N8901P,PA24,PIPER PA-24 Comanche,L1P,L
AC52DD,N8930M,BE23,BEECH 23 Sundowner,L1P,L
AC66DD,N899BA,BE9L,BEECH 90 King Air,L2T,L
AC69DD,N8995U,C150,CESSNA 150,L1P,L
AC6CDD,N90AK,,,,
AC71DD,N9002U,A319,AIRBUS A-319,L2J,M
AC72DD,N90095,BD5,BEDE BD-5B/D/G,L1P,L
AC74DD,N901WF,H25B,HAWKER BEECHCRAFT Hawker 750/850,L2J,M
AC75DD,N9014X,C182,CESSNA 182 Skylane,L1P,L
AC7BDD,N903RW,A109,AGUSTA AW-109 Grand,H2T,L
AC7DDD,N90383,GC1,GLOBE Swift,L1P,L
AC80DD,N9043V,BALL,,B0-,-
AC88DD,N90671,O1,CESSNA 305/341 Bird Dog,L1P,L
AC8CDD,N90794,BALL,,B0-,-
AC93DD,N9096Z,C172,CESSNA 172 Skyhawk,L1P,L
AC94DD,N91FP,C510,CESSNA 510 Citation Mustang,L2J,L
AC95DD,N91RV,RV9,VANS RV-9,L1P,L
AC97DD,N910NF,MU2,MITSUBISHI MU-2 Marquise,L2T,L
AC99DD,N9106H,C172,CESSNA 172 Skyhawk,L1P,L
AC9CDD,N9111,SAVG,ZLIN AVIATION Savage,L1P,L
AC9DDD,N9118L,CH7B,BELLANCA 7 Citabria,L1P,L
AC9EDD,N912HW,RS12,RANS S-12 Super Airaile,L1P,L
ACA0DD,N9123C,C82R,CESSNA R182 Skylane RG,L1P,L
ACA1DD,N913AN,B738,BOEING 737-800,L2J,M
ACA4DD,N9135F,AT8T,AIR TRACTOR AT-802,L1T,M
ACA6DD,N914PS,HIGH,JUST JA20 Highlander,L1P,L
ACA8DD,N9147J,BALL,,B0-,-
ACA9DD,N915GJ,CLON,AUTOGYRO Cavalon,G1P,L
ACB6DD,N91809,GLID,,L0-,-
ACB7DD,N9188K,C182,CESSNA 182 Skylane,L1P,L
ACB9DD,N919UA,PA24,PIPER PA-24 Comanche,L1P,L
ACBADD,N9193B,C172,CESSNA 172 Skyhawk,L1P,L
ACC0DD,N9202W,P28B,PIPER PA-28-201T/235/236,L1P,L
ACC1DD,N92097,J3,PIPER J-3 Cub,L1P,L
ACC2DD,N921LB,RV7,VANS RV-7,L1P,L
ACC3DD,N921WH,ULAC,,L0-,-
ACC6DD,N922P,PTS1,PITTS S-1 Special,L1P,L
ACC8DD,N92262,C182,CESSNA 182 Skylane,L1P,L
ACCBDD,N9231U,C150,CESSNA 150,L1P,L
ACCFDD,N9243X,C182,CESSNA 182 Skylane,L1P,L
ACD0DD,N925BG,G103,GROB G-103 Twin 3SL,L1P,L
ACD6DD,N9260S,BE19,BEECH 19 Sport,L1P,L
ACDBDD,N92796,T6,NORTH AMERICAN T-6 Texan,L1P,L
ACDCDD,N928LA,B06,BELL 206 JetRanger,H1T,L
ACDDDD,N928WG,ASTR,GULFSTREAM AEROSPACE Gulfstream G100,L2J,M
ACDFDD,N929CT,FDCT,FLIGHT DESIGN CT,L1P,L
ACE3DD,N93FR,P28A,PIPER PA-28-140/150/160/180,L1P,L
ACE4DD,N93RX,BALL,,B0-,-
ACE6DD,N930NH,EC35,AIRBUS HELICOPTERS EC-135/635,H2T,L
ACEFDD,N9323E,C172,CESSNA 172 Skyhawk,L1P,L
ACF3DD,N9335H,C172,CESSNA 172 Skyhawk,L1P,L
ACF4DD,N934DN,MD90,MCDONNELL-DOUGLAS MD-90,L2J,M
ACFADD,N9352C,C180,CESSNA  180 Skywagon,L1P,L
ACFBDD,N9359P,PA24,PIPER PA-24 Comanche,L1P,L
AD09DD,N9393D,PA18,PIPER PA-18 Super Cub,L1P,L
AD0ADD,N94AP,UH12,HILLER UH-12,H1P,L
AD0EDD,N940TM,TBM7,SOCATA TBM-700A/B/C,L1T,L
AD10DD,N94099,ERCO,AIR PRODUCTS F-1 Aircoupe,L1P,L
AD13DD,N94141,T206,CESSNA T206 Turbo Stationair,L1P,L
AD1CDD,N944JS,GLID,,L0-,-
AD25DD,N9460U,C150,CESSNA 150,L1P,L
AD26DD,N94675,ERCO,AIR PRODUCTS F-1 Aircoupe,L1P,L
AD2ADD,N94798,ERCO,AIR PRODUCTS F-1 Aircoupe,L1P,L
AD31DD,N94963,C152,CESSNA 152,L1P,L
AD33DD,N95RZ,A109,AGUSTA AW-109 Grand,H2T,L
AD35DD,N950NK,A20N,AIRBUS A-320neo,L2J,M
AD3ADD,N9511D,C72R,CESSNA 172R Cutlass RG,L1P,L
AD3BDD,N9518Q,BE35,BEECH 35 Starfire Bonanza,L1P,L
AD3CDD,N952J,RV7,VANS RV-7,L1P,L
AD3FDD,N953AS,C337,CESSNA 337 Super Skymaster,L2P,L
AD42DD,N9535K,S108,STINSON 108 Voyager,L1P,L
AD45DD,N9540B,C72R,CESSNA 172R Cutlass RG,L1P,L
AD49DD,N9552E,AR11,AERONCA 11 Chief,L1P,L
AD4DDD,N9564H,C172,CESSNA 172 Skyhawk,L1P,L
AD51DD,N9576L,AA1,AMERICAN AA-1,L1P,L
AD59DD,N96AR,GYRO,,G0-,-
AD5BDD,N96XC,FOX,KITFOX,L1P,L
AD62DD,N96143,T6,NORTH AMERICAN T-6 Texan,L1P,L
AD68DD,N963SB,PA46,PIPER PA-46-310/350,L1P,L
AD69DD,N9631Y,BE35,BEECH 35 Starfire Bonanza,L1P,L
AD6FDD,N965MS,C172,CESSNA 172 Skyhawk,L1P,L
AD71DD,N96554,TAYB,TAYLORCRAFT BC/BF/BL,L1P,L
AD74DD,N9660W,P28A,PIPER PA-28-140/150/160/180,L1P,L
AD79DD,N968,MG17,MIKOYAN MiG-17,L1J,L
AD7CDD,N96842,TAYB,TAYLORCRAFT BC/BF/BL,L1P,L
AD80DD,N96965,TAYA,TAYLORCRAFT A,L1P,L
AD82DD,N97SA,PA18,PIPER PA-18 Super Cub,L1P,L
AD87DD,N971FD,B752,BOEING 757-200,L2J,M
AD8BDD,N972JB,SR22,CIRRUS SR-22,L1P,L
AD8DDD,N9723J,P28A,PIPER PA-28-140/150/160/180,L1P,L
AD94DD,N9740D,PA22,PIPER PA-22,L1P,L
AD97DD,N975SW,CRJ2,BOMBARDIER Regional Jet CRJ-200,L2J,M
AD9CDD,N9764K,P28R,PIPER PA-28R-180/200/201,L1P,L
ADA3DD,N9781E,BL17,BELLANCA 17 Viking,L1P,L
ADA5DD,N979JA,BALL,,B0-,-
ADA7DD,N9793H,C82R,CESSNA R182 Skylane RG,L1P,L
ADADDD,N98022,J3,PIPER J-3 Cub,L1P,L
ADB5DD,N98268,P28A,PIPER PA-28-140/150/160/180,L1P,L
ADB8DD,N98310,J3,PIPER J-3 Cub,L1P,L
ADBADD,N984JW,GLF4,GULFSTREAM 4,L2J,M
ADC4DD,N98679,J3,PIPER J-3 Cub,L1P,L
ADC8DD,N988AA,LJ25,LEARJET 25,L2J,L
ADD0DD,N99FX,GLEX,BOMBARDIER BD-700 Global 6000/6500,L2J,M
ADD1DD,N99SC,GLF5,GULFSTREAM 5,L2J,M
ADD7DD,N991RM,GLAS,Glasair,L1P,L
ADD8DD,N9911H,C82R,CESSNA R182 Skylane RG,L1P,L
ADD9DD,N9918U,AA5,AMERICAN AA-5 Tiger,L1P,L
ADE2DD,N994Q,BE35,BEECH 35 Starfire Bonanza,L1P,L
ADE3DD,N9940F,C340,CESSNA 340 Super,L2P,L
ADE5DD,N995GS,,,,
ADEBDD,N9964M,RV6,VANS RV-6,L1P,L
ADEDDD,N997NN,B738,BOEING 737-800,L2J,M
ADEFDD,N9976Q,PA18,PIPER PA-18 Super Cub,L1P,L
ADF0DD,N998FE,C208,CESSNA 208 Caravan,L1T,L
ADF4DD,N999JC,C150,CESSNA 150,L1P,L
ADF6DD,N9993K,B06,BELL 206 JetRanger,H1T,L
ADFCDD,94-0126,BE40,BEECH 400 Beechjet,L2J,M
ADFDDD,94-7316,C130,LOCKHEED C-130 Hercules,L4T,M
ADFEDD,86-00087,BE20,BEECH 200 Super King Air,L2T,M
ADFFDD,66-4338,T38,NORTHROP T-38 Talon,L2J,L
AE00DD,64-13261,T38,NORTHROP T-38 Talon,L2J,L
AE02DD,89-1185,C130,LOCKHEED C-130 Hercules,L4T,M
AE03DD,165353,C130,LOCKHEED C-130 Hercules,L4T,M
AE04DD,57-1502,K35R,BOEING KC-135R/T Stratotanker,L4J,H
AE05DD,79-0476,C130,LOCKHEED C-130 Hercules,L4T,M
AE06DD,163555,BE20,BEECH 200 Super King Air,L2T,M
AE07DD,93-0603,C17,BOEING C-17 Globemaster 3,L4J,H
AE0DDD,95-26612,H60,SIKORSKY UH-60 Black Hawk,H2T,M
AE0EDD,85-25511,H60,SIKORSKY UH-60 Black Hawk,H2T,M
AE11DD,76-1606,E3TF,BOEING E-3 Sentry (TF33),L4J,H
AE19DD,81-0988,A10,FAIRCHILD A-10 Thunderbolt II,L2J,M
AE1FDD,11-72206,EC45,AIRBUS HELICOPTERS EC-145,H2T,L
AE21DD,06-27071,H60,SIKORSKY UH-60 Black Hawk,H2T,M
AE29DD,08-3173,C30J,LOCKHEED MARTIN C-130J Super Hercules,L4T,M
AE2EDD,166096,TEX2,BEECHCRAFT T-6 Texan 2,L1T,L
AE47DD,07-20027,H60,SIKORSKY UH-60 Black Hawk,H2T,M
AE4BDD,10-5700,C30J,LOCKHEED MARTIN C-130J Super Hercules,L4T,M
AE4EDD,11-0114,SR20,CIRRUS SR-20,L1P,L
AE4FDD,168141,H60,SIKORSKY UH-60 Black Hawk,H2T,M
AE50DD,10-20285,H60,SIKORSKY UH-60 Black Hawk,H2T,M
AE51DD,11-20378,H60,SIKORSKY UH-60 Black Hawk,H2T,M
AE52DD,11-08833,H47,BOEING-VERTOL CH-47 Chinook,H2T,M
AE54DD,166203,TEX2,BEECHCRAFT T-6 Texan 2,L1T,L
AE55DD,164970,F18H,BOEING FA-18 HORNET,L2J,M
AE56DD,13-20629,H60,SIKORSKY UH-60 Black Hawk,H2T,M
AE59DD,15-08178,H47,BOEING-VERTOL CH-47 Chinook,H2T,M
AE5ADD,15-20763,H60,SIKORSKY UH-60 Black Hawk,H2T,M
AE5BDD,15-20802,H60,SIKORSKY UH-60 Black Hawk,H2T,M
AE5CDD,90-26226,H60,SIKORSKY UH-60 Black Hawk,H2T,M
AE5EDD,162061,B06,BELL 206 JetRanger,H1T,L
AE63DD,64-13217,T38,NORTHROP T-38 Talon,L2J,L
AE6CDD,19-03273,H64,MCDONNELL DOUGLAS AH-64 Apache,H2T,M
C000DD,C-FAIM,C180,CESSNA  180 Skywagon,L1P,L
C001DD,C-FASI,,,,
C002DD,C-FBCE,DV20,DIAMOND DA-20,L1P,L
C003DD,C-FBMA,PA23,PIPER PA-23,L2P,L
C004DD,C-FBVW,,,,
C005DD,C-FCFS,SR20,CIRRUS SR-20,L1P,L
C006DD,C-FCPO,P28B,PIPER PA-28-201T/235/236,L1P,L
C007DD,C-FCZK,C177,CESSNA  177 Cardinal,L1P,L
C009DD,C-FDTC,B350,BEECHCRAFT Super King Air 350,L2T,M
C00BDD,C-FEMU,P28A,PIPER PA-28-140/150/160/180,L1P,L
C00CDD,C-FEWQ,BALL,,B0-,-
C00DDD,C-FFGM,C140,CESSNA 140,L1P,L
C00EDD,C-FFQI,DH8D,DE HAVILLAND DHC-8-400 Dash 8,L2T,M
C010DD,C-FGKA,C120,CESSNA 120,L1P,L
C011DD,C-FGTW,T206,CESSNA T206 Turbo Stationair,L1P,L
C012DD,C-FHDS,C172,CESSNA 172 Skyhawk,L1P,L
C013DD,C-FHNO,C172,CESSNA 172 Skyhawk,L1P,L
C014DD,C-FHXK,C170,CESSNA 170,L1P,L
C015DD,C-FIHG,PA20,PIPER PA-20 Pacer,L1P,L
C016DD,C-FIRC,AS50,AEROSPATIALE AS-350 Ecureuil,H1T,L
C017DD,C-FJAY,C206,CESSNA  206 Stationair,L1P,L
C019DD,C-FJUQ,CH7A,BELLANCA 7 Champion,L1P,L
C01ADD,C-FKEM,ULAC,,L0-,-
C01CDD,C-FKYE,CH7A,BELLANCA 7 Champion,L1P,L
C01DDD,C-FLIA,B06,BELL 206 JetRanger,H1T,L
C01EDD,C-FLRW,UH1,BELL UH-1 Huey,H1T,L
C01FDD,C-FMBS,AS50,AEROSPATIALE AS-350 Ecureuil,H1T,L
C020DD,C-FMLO,AA5,AMERICAN AA-5 Tiger,L1P,L
C021DD,C-FMVK,S108,STINSON 108 Voyager,L1P,L
C022DD,C-FNFG,P28A,PIPER PA-28-140/150/160/180,L1P,L
C023DD,C-FNPC,RV7,VANS RV-7,L1P,L
C024DD,C-FNYY,BE24,BEECH 24 Sierra,L1P,L
C027DD,C-FPCM,PA27,PIPER PA-23-250 Aztec,L2P,L
C028DD,C-FPMI,,,,
C029DD,C-FPWE,A320,AIRBUS A-320,L2J,M
C02ADD,C-FQGA,CAMP,GREGA GN-1 Aircamper,L1P,L
C02BDD,C-FQPW,C150,CESSNA 150,L1P,L
C02CDD,C-FQZS,C172,CESSNA 172 Skyhawk,L1P,L
C02DDD,C-FRJO,C180,CESSNA  180 Skywagon,L1P,L
C02EDD,C-FRTK,SA7,STITS Sky-Coupe,L1P,L
C02FDD,C-FSDG,R44,ROBINSON R-44 Raven,H1P,L
C030DD,C-FSNC,C560,CESSNA 560 Citation Ultra,L2J,M
C032DD,C-FTGU,O1,CESSNA 305/341 Bird Dog,L1P,L
C033DD,C-FTQQ,AR11,AERONCA 11 Chief,L1P,L
C034DD,C-FUAM,PC12,PILATUS PC-12,L1T,L
C035DD,C-FUKI,GLID,,L0-,-
C036DD,C-FUUE,C150,CESSNA 150,L1P,L
C037DD,C-FVEA,ULAC,,L0-,-
C039DD,C-FVXS,C150,CESSNA 150,L1P,L
C03ADD,C-FWHO,P28A,PIPER PA-28-140/150/160/180,L1P,L
C03BDD,C-FWRK,TOOT,MEYER Little Toot,L1P,L
C03CDD,C-FXBG,ULAC,,L0-,-
C040DD,C-FYOQ,BOLT,STEEN Skybolt,L1P,L
C041DD,C-FYYM,PA22,PIPER PA-22,L1P,L
C042DD,C-FZII,PA15,PIPER PA-15 Vagabond,L1P,L
C045DD,C-GALW,BD4,BEDE BD-4,L1P,L
C046DD,C-GAVS,EXEC,ROTORWAY Exec,H1P,L
C048DD,C-GBPK,RBEL,MURPHY Rebel,L1P,L
C049DD,C-GBZG,,,,
C04ADD,C-GCJC,C150,CESSNA 150,L1P,L
C04BDD,C-GCSY,GLID,,L0-,-
C04CDD,C-GDCU,P28A,PIPER PA-28-140/150/160/180,L1P,L
C04EDD,C-GDWM,AS50,AEROSPATIALE AS-350 Ecureuil,H1T,L
C04FDD,C-GEGI,A333,AIRBUS A-330-300,L2J,H
C052DD,C-GFJW,AS50,AEROSPATIALE AS-350 Ecureuil,H1T,L
C053DD,C-GFTS,PA25,PIPER PA-25 Pawnee,L1P,L
C054DD,C-GGDO,DV20,DIAMOND DA-20,L1P,L
C055DD,C-GGNK,C150,CESSNA 150,L1P,L
C056DD,C-GGXG,AC11,NORTH AMERICAN ROCKWELL Commander 112/114,L1P,L
C057DD,C-GHHC,AA5,AMERICAN AA-5 Tiger,L1P,L
C058DD,C-GHQY,B788,BOEING 787-8 Dreamliner,L2J,H
C05BDD,C-GIUM,PA18,PIPER PA-18 Super Cub,L1P,L
C05CDD,C-GJEI,CL35,BOMBARDIER BD-100 Challenger 350,L2J,M
C05DDD,C-GJOE,RBEL,MURPHY Rebel,L1P,L
C05EDD,C-GJYA,BCS3,AIRBUS A220-300,L2J,M
C05FDD,C-GKHW,BALL,,B0-,-
C060DD,C-GKRS,B06,BELL 206 JetRanger,H1T,L
C061DD,C-GLBO,GL7T,BOMBARDIER BD-700 Global 7000/7500,L2J,M
C062DD,C-GLLK,C172,CESSNA 172 Skyhawk,L1P,L
C063DD,C-GLVG,AEST,AEROSTAR 600,L2P,L
C064DD,C-GMFC,PA44,PIPER PA-44 Seminole,L2P,L
C066DD,C-GMYU,BCS3,AIRBUS A220-300,L2J,M
C067DD,C-GNIQ,,,,
C068DD,C-GNSM,C441,CESSNA 441 Conquest,L2T,L
C069DD,C-GOCI,P28A,PIPER PA-28-140/150/160/180,L1P,L
C06ADD,C-GOME,C10T,CESSNA P210 Turbine,L1T,L
C06BDD,C-GOWA,CH7B,BELLANCA 7 Citabria,L1P,L
C06CDD,C-GPFW,C172,CESSNA 172 Skyhawk,L1P,L
C06DDD,C-GPPS,JS32,BRITISH AEROSPACE Jetstream Super 31,L2T,M
C06EDD,C-GPZO,PA34,PIPER PA-34 Seneca,L2P,L
C071DD,C-GRDC,,,,
C072DD,C-GRMY,AA5,AMERICAN AA-5 Tiger,L1P,L
C074DD,C-GSGQ,C340,CESSNA 340 Super,L2P,L
C075DD,C-GSQM,B212,BELL 212,H2T,L
C076DD,C-GTAI,PC12,PILATUS PC-12,L1T,L
C078DD,C-GTUA,,,,
C07ADD,C-GUNS,LA4,LAKE LA-4/200,A1P,L
C07BDD,C-GUXO,,,,
C07EDD,C-GWBC,C140,CESSNA 140,L1P,L
C07FDD,C-GWKY,B06,BELL 206 JetRanger,H1T,L
C082DD,C-GXOM,AA5,AMERICAN AA-5 Tiger,L1P,L
C084DD,C-GYIE,C177,CESSNA  177 Cardinal,L1P,L
C085DD,C-GYSA,GLID,,L0-,-
C086DD,C-GZBW,P28U,PIPER PA-28RT-201T Turbo,L1P,L
C087DD,C-GZLS,C172,CESSNA 172 Skyhawk,L1P,L
C088DD,C-GZVO,C180,CESSNA  180 Skywagon,L1P,L
C08ADD,C-IAPG,PELI,FLYER Pelican,L1P,L
C08CDD,C-IBIY,PARA,,P0-,-
C08EDD,C-ICCQ,ULAC,,L0-,-
C08FDD,C-ICMM,,,,
C090DD,C-ICWI,,,,
C091DD,C-IDGE,BEVR,ASAP Beaver,L1P,L
C092DD,C-IDQA,ULAC,,L0-,-
C093DD,C-IDZW,ULAC,,L0-,-
C094DD,C-IEJS,GLID,,L0-,-
C096DD,C-IFDK,ULAC,,L0-,-
C097DD,C-IFNG,PARA,,P0-,-
C099DD,C-IGGY,CH70,ZENAIR CH-701 Stol,L1P,L
C09ADD,C-IGQU,PARA,,P0-,-
C09CDD,C-IHKM,ULAC,,L0-,-
C09DDD,C-IHUI,CRER,RANS Courier,L1P,L
C09EDD,C-IIEE,ULAC,,L0-,-
C09FDD,C-IIOA,CH70,ZENAIR CH-701 Stol,L1P,L
C0A1DD,C-IJHS,CHIN,ASAP Chinook,L1P,L
C0A2DD,C-IJRO,PARA,,P0-,-
C0A3DD,C-IKBK,BEVR,ASAP Beaver,L1P,L
C0A4DD,C-IKLG,PARA,,P0-,-
C0A5DD,C-IKVC,PARA,,P0-,-
C0A7DD,C-ILOU,PANT,ROTEC Panther,L1P,L
C0A8DD,C-ILYQ,,,,
C0A9DD,C-IMIM,PARA,,P0-,-
C0B1DD,C-IPJG,ULAC,,L0-,-
C0BADD,C-ISTW,CH60,ZENAIR CH-600 Zodiac,L1P,L
C1E4DD,SERV,SERV,,V0-,-
C2B2DD,142804,DH8A,DE HAVILLAND DHC-8-100 Dash 8,L2T,M
C800DD,ZK-BLK,DH82,DE HAVILLAND DH-82 Tiger Moth,L1P,L
C801DD,ZK-COL,C172,CESSNA 172 Skyhawk,L1P,L
C805DD,ZK-FJB,C172,CESSNA 172 Skyhawk,L1P,L
C807DD,ZK-GDN,GLID,,L0-,-
C80ADD,ZK-EER,D11,JODEL D-11x/12x,L1P,L
C80EDD,ZK-PWT,CRES,PACIFIC AEROSPACE Cresco,L1T,L
C812DD,ZK-JSA,JS31,BRITISH AEROSPACE Jetstream T.Mk.3,L2T,M
C814DD,ZK-MMK,ULAC,,L0-,-
C816DD,ZK-OJF,A320,AIRBUS A-320,L2J,M
C817DD,ZK-HWR,B06,BELL 206 JetRanger,H1T,L
C818DD,ZK-JPW,YK52,YAKOVLEV Yak-52,L1P,L
C819DD,ZK-NEK,DH8C,DE HAVILLAND DHC-8-300 Dash 8,L2T,M
C81ADD,ZK-JQP,SONX,SONEX AIRCRAFT Sonex,L1P,L
C81BDD,ZK-VAL,RBEL,MURPHY Rebel,L1P,L
C81CDD,ZK-IXE,UHEL,,H0-,-
C81DDD,ZK-WUH,T51,TITAN T-51 Mustang,L1P,L
C821DD,ZK-OHF,CLON,AUTOGYRO Cavalon,G1P,L
C823DD,ZK-COX,PA22,PIPER PA-22,L1P,L
C824DD,ZK-SXR,SONX,SONEX AIRCRAFT Sonex,L1P,L
E483DD,PT-TMA,A319,AIRBUS A-319,L2J,M
E487DD,PR-OPB,BE20,BEECH 200 Super King Air,L2T,M
E489DD,PR-AYX,E195,EMBRAER ERJ-190-200,L2J,M
E48ADD,PR-MFX,LJ40,LEARJET 40,L2J,M
E48BDD,PP-UAU,PA46,PIPER PA-46-310/350,L1P,L
E48CDD,PR-OMY,S76,SIKORSKY S-76 Spirit,H2T,L
E48FDD,PR-PHX,E50P,EMBRAER EMB-500 Phenom 100,L2J,L
E490DD,PR-BSI,B350,BEECHCRAFT Super King Air 350,L2T,M
E492DD,PR-ZGQ,E290,EMBRAER ERJ-190-300,L2J,M
E493DD,PP-JMF,C25M,CESSNA 525 Citation M2,L2J,L
E496DD,PT-RZF,P28T,PIPER PA-28RT-201,L1P,L
E497DD,PS-RBS,BE9L,BEECH 90 King Air,L2T,L
E498DD,PS-GUM,SF50,CIRRUS SF-50 Vision,L1J,L
E499DD,PR-OOA,A139,AGUSTA AW-139,H2T,L
E808DD,CC-DBS,STRM,SG AVIATION Storm,L1P,L
