0081FD,ZS-ASY,RJ85,AVRO RJ-85 Avroliner,L4J,M
008AFD,ZS-EDO,SR22,CIRRUS SR-22,L1P,L
008CFD,ZS-EXG,H25B,HAWKER BEECHCRAFT Hawker 750/850,L2J,M
008FFD,ZS-GAU,DC93,MCDONNELL DOUGLAS DC-9-30,L2J,M
0091FD,ZS-GUM,GLID,,L0-,-
0097FD,ZS-JBO,C172,CESSNA 172 Skyhawk,L1P,L
00A1FD,ZS-MWA,SR22,CIRRUS SR-22,L1P,L
00A6FD,ZS-OTG,B734,BOEING 737-400,L2J,M
00A7FD,ZS-PDC,C206,CESSNA  206 Stationair,L1P,L
00ACFD,ZS-RAI,UH1,BELL UH-1 Huey,H1T,L
00AFFD,ZS-SDW,DA42,DIAMOND DA-42 Guardian,L2P,L
00B1FD,ZS-SXO,P28A,PIPER PA-28-140/150/160/180,L1P,L
00EAFD,652,BE20,BEECH 200 Super King Air,L2T,M
0100FD,SU-MAE,DA42,DIAMOND DA-42 Guardian,L2P,L
0101FD,SU-GFH,BCS3,AIRBUS A220-300,L2J,M
04C0FD,5Y-CBL,C172,CESSNA 172 Skyhawk,L1P,L
04C1FD,5Y-ZBF,C208,CESSNA 208 Caravan,L1T,L
0641FD,5N-DMB,B733,BOEING 737-300,L2J,M
06A0FD,A7-ALI,A359,AIRBUS A-350-900,L2J,H
0D04FD,XA-SUS,SW4,SWEARINGEN Metro,L2T,M
0D05FD,XA-BUX,LJ35,LEARJET 35,L2J,M
0D06FD,XA-ACS,E190,EMBRAER ERJ-190-100,L2J,M
0D07FD,XC-PFM,GLF4,GULFSTREAM 4,L2J,M
0D08FD,XA-VLK,A320,AIRBUS A-320,L2J,M
0D0AFD,XA-MLU,C68A,CESSNA 680 Citation Latitude,L2J,M
0D0CFD,XA-VRT,A20N,AIRBUS A-320neo,L2J,M
0D0DFD,XA-SCR,E50P,EMBRAER EMB-500 Phenom 100,L2J,L
0D81FD,YV1753,C441,CESSNA 441 Conquest,L2T,L
0D83FD,YV2090,AC90,NORTH AMERICAN ROCKWELL Turbo Commander 690/840,L2T,L
1059FD,GND,GND,,V0-,-
140FFD,RA-04093,EC35,AIRBUS HELICOPTERS EC-135/635,H2T,L
142AFD,RA-11005,GLF6,GULFSTREAM G650,L2J,M
1451FD,RA-20989,MI2,MIL Mi-2,H2T,L
151DFD,RA-73213,A320,AIRBUS A-320,L2J,M
151EFD,RA-73469,B77W,BOEING 777-300ER,L2J,H
151FFD,RA-73725,A321,AIRBUS A-321,L2J,M
1533FD,RA-78845,IL76,ILYUSHIN Il-76/82,L4J,H
154EFD,RA-85757,T154,TUPOLEV Tu-154,L3J,M
155BFD,RA-89085,SU95,SUKHOI Superjet 100-95,L2J,M
3008FD,I-PRPB,A109,AGUSTA AW-109 Grand,H2T,L
31D8FD,I-B400,TL20,TL ULTRALIGHT TL-2000 Sting,L1P,L
31DBFD,I-6478,ULAC,,L0-,-
31DDFD,I-D260,TARR,PELEGRIN Tarragon,L1P,L
31FEFD,I-RAIQ,A149,AGUSTA AW-149,H2T,M
33FCFD,MM81576,NH90,NHI NH-90,H2T,M
33FDFD,MM7059,TOR,PANAVIA Tornado,L2J,M
3803FD,13SN,FDCT,FLIGHT DESIGN CT,L1P,L
3805FD,13UY,ECHO,TECNAM P-92 Echo,L1P,L
3807FD,F-JGQC,ULAC,,L0-,-
3808FD,F-JGSP,WT9,AEROSPOOL WT-9 Dynamic,L1P,L
380CFD,F-JEBY,ULAC,,L0-,-
380EFD,F-JSJL,ULAC,,L0-,-
380FFD,F-JGAS,FDCT,FLIGHT DESIGN CT,L1P,L
3818FD,F-JGEY,ULAC,,L0-,-
381DFD,F-JSXT,PNR3,ALPI Pioneer 330,L1P,L
3826FD,F-JHHZ,FDCT,FLIGHT DESIGN CT,L1P,L
3828FD,F-JGSH,EL10,ELA AVIACION ELA-10,G1P,L
382BFD,F-JUSY,ULAC,,L0-,-
382CFD,F-JUYT,ULAC,,L0-,-
382EFD,F-JHEI,TTRS,HUMBERT Tetras,L1P,L
382FFD,F-JYJM,ULAC,,L0-,-
3830FD,F-JVOH,ULAC,,L0-,-
3831FD,F-JKEK,ULAC,,L0-,-
3832FD,F-JCUZ,STRM,SG AVIATION Storm,L1P,L
3835FD,F-JSKB,ULAC,,L0-,-
3836FD,F-JHWP,ULAC,,L0-,-
3837FD,F-JWKM,ULAC,,L0-,-
3839FD,F-JUWJ,ULAC,,L0-,-
383BFD,F-JVBU,ULAC,,L0-,-
383CFD,F-JAMG,NNJA,BEST OFF Nynja,L1P,L
383FFD,F-JAML,SHRK,SHARK AERO Shark,L1P,L
3843FD,F-JBFY,SVNH,AEROTEC Savannah,L1P,L
3846FD,47TJ,CH60,ZENAIR CH-600 Zodiac,L1P,L
3847FD,F-JCDO,WT9,AEROSPOOL WT-9 Dynamic,L1P,L
3849FD,F-JCKC,ULAC,,L0-,-
384CFD,F-JCZF,MM24,MAGNI M-24 Orion,G1P,L
384DFD,F-JDDO,ULAC,,L0-,-
384EFD,F-JDIG,ULAC,,L0-,-
3857FD,F-JFMJ,ULAC,,L0-,-
3858FD,F-JFWA,PNR3,ALPI Pioneer 330,L1P,L
3859FD,F-JIQV,SHRK,SHARK AERO Shark,L1P,L
385AFD,F-JGKX,SHRK,SHARK AERO Shark,L1P,L
385DFD,F-JHHO,SHRK,SHARK AERO Shark,L1P,L
3867FD,F-JCBR,ULAC,,L0-,-
388BFD,33TN,TTRS,HUMBERT Tetras,L1P,L
388FFD,F-JTZD,NNJA,BEST OFF Nynja,L1P,L
3893FD,F-JUSR,SAVG,ZLIN AVIATION Savage,L1P,L
3894FD,F-JUZT,ULAC,,L0-,-
3897FD,F-JVNR,GP1,JIHLAVAN Skyleader GP One,L1P,L
38A4FD,F-JAOR,KP2,JIHLAVAN KP-2 Sova,L1P,L
38ABFD,F-JBRB,WT9,AEROSPOOL WT-9 Dynamic,L1P,L
38ADFD,F-JBKJ,ULAC,,L0-,-
38AEFD,F-JCFR,EV97,EVEKTRO EV-97 EuroStar,L1P,L
38B0FD,F-JCQX,SHRK,SHARK AERO Shark,L1P,L
38B2FD,F-JCYQ,ULAC,,L0-,-
38B7FD,F-JDSO,ULAC,,L0-,-
38B8FD,F-JDVN,ULAC,,L0-,-
38B9FD,F-JDXY,AP32,AEROPRACT A-32,L1P,L
38BAFD,F-JCTJ,GYRO,,G0-,-
3AABFD,115,TBM7,SOCATA TBM-700A/B/C,L1T,L
3B75FD,709FD,PC21,PILATUS PC-21,L1T,L
3B77FD,103,TBM7,SOCATA TBM-700A/B/C,L1T,L
3B9BFD,7,FA50,DASSAULT Falcon 50,L3J,M
3C11FD,D-AVVC,A320,AIRBUS A-320,L2J,M
3C2EFD,D-BURO,CL30,BOMBARDIER BD-100 Challenger 300,L2J,M
3CDBFD,D-CKPP,SW4,SWEARINGEN Metro,L2T,M
3D05FD,D-EAND,SC01,FFT Speed Canard,L1P,L
3D06FD,D-EAWZ,C172,CESSNA 172 Skyhawk,L1P,L
3D0CFD,D-EDEB,C172,CESSNA 172 Skyhawk,L1P,L
3D0DFD,D-EDNX,Z43,ZLIN Z-43/143,L1P,L
3D0EFD,D-EDXT,AA5,AMERICAN AA-5 Tiger,L1P,L
3D0FFD,D-EEHP,C182,CESSNA 182 Skylane,L1P,L
3D11FD,D-EFBH,RS18,SPORTAVIA-PUTZER RS-180 Sportsman,L1P,L
3D14FD,D-EGEV,SUBA,FUJI FA-200 Aero Subaru,L1P,L
3D15FD,D-EGOR,PA18,PIPER PA-18 Super Cub,L1P,L
3D16FD,D-EGYN,C172,CESSNA 172 Skyhawk,L1P,L
3D18FD,D-EHSF,WA40,WASSMER WA-40 Super 4,L1P,L
3D1AFD,D-EILX,C172,CESSNA 172 Skyhawk,L1P,L
3D1BFD,D-EIVT,RALL,SOCATA Rallye,L1P,L
3D1DFD,D-EJPL,TB20,SOCATA TB-20 Trinidad,L1P,L
3D21FD,D-ELCV,P28A,PIPER PA-28-140/150/160/180,L1P,L
3D22FD,D-ELMR,BX2,BRANDLI Cherry,L1P,L
3D26FD,D-ENAB,RALL,SOCATA Rallye,L1P,L
3D28FD,D-ENTT,BE36,BEECH 36 Bonanza,L1P,L
3D2CFD,D-EPHD,PTS2,PITTS S-2 Special,L1P,L
3D35FD,D-ESRT,C182,CESSNA 182 Skylane,L1P,L
3D38FD,D-ETVH,DR40,ROBIN DR-400,L1P,L
3D39FD,D-EUFD,TB20,SOCATA TB-20 Trinidad,L1P,L
3D3CFD,D-EVIR,C177,CESSNA  177 Cardinal,L1P,L
3D41FD,D-EXFX,DA40,DIAMOND DA-40 Club Star,L1P,L
3D42FD,D-EXPT,SR22,CIRRUS SR-22,L1P,L
3D47FD,D-EZMZ,S22T,CIRRUS SR-22T Turbo,L1P,L
3D70FD,D-FPAR,C208,CESSNA 208 Caravan,L1T,L
3DBDFD,D-GSEV,P06T,TECNAM P-2006T,L2P,L
3DD2FD,D-HADP,EC45,AIRBUS HELICOPTERS EC-145,H2T,L
3E19FD,D-IBAR,BE20,BEECH 200 Super King Air,L2T,M
3E5CFD,D-KAKJ,DG1T,DG FLUGZEUGBAU DG-1001T,L1P,L
3E5DFD,D-KAUF,G109,GROB G-109,L1P,L
3E5EFD,D-KBEB,AS26,SCHLEICHER ASH-26,L1P,L
3E67FD,D-KEOR,SF25,SCHEIBE SF-25 Falke,L1P,L
3E6DFD,D-KGVT,S10S,STEMME S-10 Chrysalis,L1P,L
3E71FD,D-KIJD,DG80,DG FLUGZEUGBAU DG-800,L1P,L
3E78FD,D-KLAB,GLID,,L0-,-
3EC5FD,D-KPYB,VENT,SCHEMPP-HIRTH Ventus,L1P,L
3EC8FD,D-KRBP,AS25,SCHLEICHER ASH-25,L1P,L
3EC9FD,D-KRLL,AS31,SCHLEICHER ASH-31,L1P,L
3ECEFD,D-KTIR,SF25,SCHEIBE SF-25 Falke,L1P,L
3EE1FD,D-0358,GLID,,L0-,-
3F06FD,D-9830,GLID,,L0-,-
3F97FD,15+04,A321,AIRBUS A-321,L2J,M
3FE3FD,D-OXTT,BALL,,B0-,-
3FE9FD,D-MPAN,ECHO,TECNAM P-92 Echo,L1P,L
3FEAFD,D-MRJN,FDCT,FLIGHT DESIGN CT,L1P,L
3FEBFD,D-MSAR,G3,REMOS Mirage,L1P,L
3FECFD,D-MPLO,C42,IKARUS C-42 Bison,L1P,L
3FEDFD,D-MUVW,FDCT,FLIGHT DESIGN CT,L1P,L
3FEEFD,D-MLLZ,EV97,EVEKTRO EV-97 EuroStar,L1P,L
3FEFFD,D-MPTB,G3,REMOS Mirage,L1P,L
3FF0FD,D-MLIV,MT,ROTORSPORT MTOSport,G1P,L
3FF1FD,D-MYXB,CLON,AUTOGYRO Cavalon,G1P,L
3FF2FD,D-MCSK,ULAC,,L0-,-
3FF3FD,D-MIVA,NG5,BRM AERO NG-5/6 Bristell,L1P,L
3FF5FD,D-MOEG,C42,IKARUS C-42 Bison,L1P,L
3FF6FD,D-MIWT,GLID,,L0-,-
3FF8FD,D-MLFW,C42,IKARUS C-42 Bison,L1P,L
4007FD,G-BYMK,D328,DORNIER 328,L2T,M
4009FD,G-SPHU,EC35,AIRBUS HELICOPTERS EC-135/635,H2T,L
400AFD,G-EUXE,A321,AIRBUS A-321,L2J,M
400BFD,G-RVRC,PA27,PIPER PA-23-250 Aztec,L2P,L
400EFD,G-EZBC,A319,AIRBUS A-319,L2J,M
400FFD,G-BHIB,C182,CESSNA 182 Skylane,L1P,L
4010FD,G-NCFC,PA38,PIPER PA-38 Tomahawk,L1P,L
4013FD,G-AHAM,J1,AUSTER J-1,L1P,L
4014FD,G-APVZ,D31,ROLLASON D-31 Turbulent,L1P,L
4015FD,G-ASUS,MJ2,JURCA MJ-22,L1P,L
4016FD,G-AVLE,P28A,PIPER PA-28-140/150/160/180,L1P,L
4017FD,G-AXCA,P28R,PIPER PA-28R-180/200/201,L1P,L
4019FD,G-BAKM,DR40,ROBIN DR-400,L1P,L
401AFD,G-BBOA,C172,CESSNA 172 Skyhawk,L1P,L
401BFD,G-BDLY,SA02,K&S SA-102.5 Cavalier,L1P,L
402BFD,G-BOWO,C82R,CESSNA R182 Skylane RG,L1P,L
4035FD,G-BUJA,GLID,,L0-,-
4038FD,G-BVLU,D31,ROLLASON D-31 Turbulent,L1P,L
403AFD,G-BWGL,HUNT,HAWKER Hunter,L1J,M
403DFD,G-BXHY,EUPA,Europa,L1P,L
403FFD,G-OBIO,R22,ROBINSON R-22 Mariner,H1P,L
4042FD,G-MSPY,ULAC,,L0-,-
4047FD,G-TCNM,ECHO,TECNAM P-92 Echo,L1P,L
4049FD,G-CCMW,STST,CFM Star Streak,L1P,L
404AFD,G-RMPY,EV97,EVEKTRO EV-97 EuroStar,L1P,L
404BFD,G-CCXM,SKRA,BEST OFF Sky Ranger,L1P,L
404FFD,G-CEAR,PNR3,ALPI Pioneer 330,L1P,L
4050FD,G-CKOI,GLID,,L0-,-
4051FD,G-RVSR,RV8,VANS RV-8,L1P,L
4054FD,G-CEZE,SKRA,BEST OFF Sky Ranger,L1P,L
4056FD,G-CHXW,GLID,,L0-,-
4057FD,G-SVEN,GLID,,L0-,-
4059FD,G-SJBI,PTS2,PITTS S-2 Special,L1P,L
405BFD,G-YMMT,B772,BOEING 777-200,L2J,H
405CFD,G-CGCY,GLID,,L0-,-
405EFD,G-DOTY,RV7,VANS RV-7,L1P,L
405FFD,G-DMAZ,GLEX,BOMBARDIER BD-700 Global 6000/6500,L2J,M
4064FD,G-CGWE,EV97,EVEKTRO EV-97 EuroStar,L1P,L
4065FD,G-CGXN,J3,PIPER J-3 Cub,L1P,L
4066FD,G-MPLB,C182,CESSNA 182 Skylane,L1P,L
4067FD,G-YAKG,Y18T,YAKOVLEV Yak-18T,L1P,L
4069FD,G-SUEO,DA40,DIAMOND DA-40 Club Star,L1P,L
406CFD,G-CINO,G109,GROB G-109,L1P,L
406DFD,G-HOTC,MT,ROTORSPORT MTOSport,G1P,L
4070FD,G-MCSB,S92,SIKORSKY S-92 Helibus,H2T,M
4071FD,G-HYLA,BALL,,B0-,-
4072FD,G-HUKS,BALL,,B0-,-
4073FD,G-HAZA,DA42,DIAMOND DA-42 Guardian,L2P,L
4074FD,G-RONK,EFOX,AEROPRO Eurofox,L1P,L
4075FD,G-TTNH,A20N,AIRBUS A-320neo,L2J,M
4076FD,G-WWLK,ST75,STEARMAN Kaydet,L1P,L
4077FD,G-CLGG,CLON,AUTOGYRO Cavalon,G1P,L
4078FD,G-DRTL,B738,BOEING 737-800,L2J,M
407AFD,G-ENKH,SR22,CIRRUS SR-22,L1P,L
4242FD,VP-BDL,A320,AIRBUS A-320,L2J,M
4243FD,VQ-BNZ,GLF6,GULFSTREAM G650,L2J,M
4247FD,VP-CBJ,A321,AIRBUS A-321,L2J,M
424BFD,M-ABPV,AT75,ATR-72-500,L2T,M
43C1FD,ZJ137,EH10,AGUSTA WESTLAND EH-101 Merlin,H3T,M
43E7FD,M-FROG,PRM1,RAYTHEON 390 Premier 1,L2J,L
43EBFD,2-CHIU,GLF4,GULFSTREAM 4,L2J,M
4400FD,OE-KRT,P28S,PIPER PA-28R-201T,L1P,L
4401FD,OE-KLJ,C172,CESSNA 172 Skyhawk,L1P,L
4402FD,OE-KNN,P28U,PIPER PA-28RT-201T Turbo,L1P,L
4403FD,OE-XKI,MD52,MCDONNELL-DOUGLAS MD-520N,H1T,L
4404FD,OE-5603,GLID,,L0-,-
4405FD,OE-RLB,BALL,,B0-,-
4407FD,OE-FUB,DA42,DIAMOND DA-42 Guardian,L2P,L
4408FD,OE-IFB,B744,BOEING 747-400,L4J,H
4409FD,OE-KHI,C172,CESSNA 172 Skyhawk,L1P,L
440CFD,OE-IDK,A20N,AIRBUS A-320neo,L2J,M
4497FD,OO-E65,COY2,RANS Coyote 2,L1P,L
449BFD,OO-F65,FK9,B&F TECHNIK FK-9,L1P,L
4520FD,LZ-GNC,B738,BOEING 737-800,L2J,M
4601FD,OH-ATP,AT73,ATR-72-212,L2T,M
4702FD,HA-BDL,C152,CESSNA 152,L1P,L
471EFD,HA-LTD,A321,AIRBUS A-321,L2J,M
473CFD,HA-XCN,ZZZZ,,-0-,-
4783FD,LN-OSA,H269,HUGHES Sky Knight,H1P,L
4784FD,LN-BEM,C25C,CESSNA 525C Citation CJ4,L2J,M
47C0FD,LN-FGH,B38M,BOEING 737 MAX 8,L2J,M
47C4FD,LN-YDH,GLID,,L0-,-
4844FD,PH-MJB,P28R,PIPER PA-28R-180/200/201,L1P,L
484BFD,PH-1429,GLID,,L0-,-
484DFD,PH-870,GLID,,L0-,-
484FFD,PH-YAX,YK52,YAKOVLEV Yak-52,L1P,L
4851FD,PH-1GD,ZZZZ,,-0-,-
4852FD,PH-1573,GLID,,L0-,-
4853FD,PH-1PX,ZZZZ,,-0-,-
4854FD,PH-2DI,ZZZZ,,-0-,-
4855FD,PH-2MX,ZZZZ,,-0-,-
485CFD,PH-EUK,A139,AGUSTA AW-139,H2T,L
49C0FD,OK-TUA70,,,,
49D0FD,OK-TSK,C206,CESSNA  206 Stationair,L1P,L
49D3FD,OK-BKN,C152,CESSNA 152,L1P,L
49D4FD,OK-ODO,SR22,CIRRUS SR-22,L1P,L
4A82FD,60083,SB05,SAAB 105,L2J,L
4B0CFD,HB-EXX,R200,ROBIN Alpha,L1P,L
4B0EFD,HB-FRP,PC12,PILATUS PC-12,L1T,L
4B0FFD,HB-GBL,BE95,BEECH 95 Travel Air,L2P,L
4B17FD,HB-JCF,BCS3,AIRBUS A220-300,L2J,M
4B18FD,HB-JMB,A343,AIRBUS A-340-300,L4J,H
4B1AFD,HB-KFT,DR40,ROBIN DR-400,L1P,L
4B1BFD,HB-KPP,SR22,CIRRUS SR-22,L1P,L
4B25FD,HB-OKB,PA18,PIPER PA-18 Super Cub,L1P,L
4B28FD,HB-PNP,P28T,PIPER PA-28RT-201,L1P,L
4B2BFD,HB-QRD,BALL,,B0-,-
4B31FD,HB-SYF,PIVI,PIPSTREL Virus,L1P,L
4B42FD,HB-ZJP,AS50,AEROSPATIALE AS-350 Ecureuil,H1T,L
4B43FD,HB-ZTL,R66,ROBINSON R-66,H1T,L
4B4AFD,HB-1622,GLID,,L0-,-
4B4DFD,HB-2390,DG80,DG FLUGZEUGBAU DG-800,L1P,L
4B50FD,HB-3158,GLID,,L0-,-
4B51FD,HB-3414,GLID,,L0-,-
4CA6FD,EI-DYZ,B738,BOEING 737-800,L2J,M
4CAAFD,EI-FBW,ULAC,,L0-,-
4CABFD,EI-KBD,A320,AIRBUS A-320,L2J,M
4D02FD,LX-VAD,PC12,PILATUS PC-12,L1T,L
4D21FD,9H-QAM,B738,BOEING 737-800,L2J,M
4D22FD,9H-SLE,A320,AIRBUS A-320,L2J,M
4D23FD,9H-QEU,B738,BOEING 737-800,L2J,M
5000FD,T7-TBB,DA42,DIAMOND DA-42 Guardian,L2P,L
5080FD,UR-CBF,AN12,ANTONOV An-12,L4T,M
5081FD,UR-CHM,MD83,MCDONNELL-DOUGLAS MD-83,L2J,M
5082FD,UR-CMB,IL76,ILYUSHIN Il-76/82,L4J,H
5110FD,ES-SAT,A320,AIRBUS A-320,L2J,M
70C0FD,A4O-SG,B789,BOEING 787-9 Dreamliner,L2J,H
7102FD,2405,A332,AIRBUS A-330-200,L2J,H
717CFD,HZ-HC55,AS50,AEROSPATIALE AS-350 Ecureuil,H1T,L
7394FD,4X-CHA,C172,CESSNA 172 Skyhawk,L1P,L
7501FD,9M-AHZ,A320,AIRBUS A-320,L2J,M
7503FD,9M-AJZ,A320,AIRBUS A-320,L2J,M
7580FD,RP-C8909,B407,BELL 407,H1T,L
7586FD,RP-C2203,B350,BEECHCRAFT Super King Air 350,L2T,M
7800FD,B-5147,B738,BOEING 737-800,L2J,M
7802FD,B-2422,B744,BOEING 747-400,L4J,H
7803FD,B-9336,C172,CESSNA 172 Skyhawk,L1P,L
7805FD,B-6629,A321,AIRBUS A-321,L2J,M
7806FD,B-6738,A320,AIRBUS A-320,L2J,M
7807FD,B-8066,A320,AIRBUS A-320,L2J,M
7808FD,B-6939,A320,AIRBUS A-320,L2J,M
7809FD,B-6979,A321,AIRBUS A-321,L2J,M
780AFD,B-5805,B737,BOEING 737-700,L2J,M
780BFD,B-1926,B738,BOEING 737-800,L2J,M
780CFD,B-1710,B738,BOEING 737-800,L2J,M
780DFD,B-6101,A333,AIRBUS A-330-300,L2J,H
780FFD,B-7619,B738,BOEING 737-800,L2J,M
7811FD,B-8596,A332,AIRBUS A-330-200,L2J,H
7813FD,B-1057,A321,AIRBUS A-321,L2J,M
7814FD,B-301U,A21N,AIRBUS A-321neo,L2J,M
7816FD,B-20C8,B38M,BOEING 737 MAX 8,L2J,M
7817FD,B-30CA,A20N,AIRBUS A-320neo,L2J,M
781AFD,B-322A,A21N,AIRBUS A-321neo,L2J,M
781CFD,B-221N,B763,BOEING 767-300,L2J,H
7BB0FD,B-2612,B737,BOEING 737-700,L2J,M
7C0AFD,VH-CGF,GLF4,GULFSTREAM 4,L2J,M
7C15FD,VH-EMN,EN28,ENSTROM F-28,H1P,L
7C2AFD,VH-IRZ,R66,ROBINSON R-66,H1T,L
7C2DFD,VH-JDB,PA24,PIPER PA-24 Comanche,L1P,L
7C33FD,VH-KJZ,RV10,VANS RV-10,L1P,L
7C37FD,VH-LCF,A109,AGUSTA AW-109 Grand,H2T,L
7C38FD,VH-LJJ,LJ35,LEARJET 35,L2J,M
7C41FD,VH-NBJ,AP22,AEROPRACT A-22,L1P,L
7C42FD,VH-NIN,AT8T,AIR TRACTOR AT-802,L1T,M
7C43FD,VH-NPR,PTS2,PITTS S-2 Special,L1P,L
7C44FD,VH-NWV,S92,SIKORSKY S-92 Helibus,H2T,M
7C4CFD,VH-PHR,RV7,VANS RV-7,L1P,L
7C4DFD,VH-POV,C208,CESSNA 208 Caravan,L1T,L
7C52FD,VH-QOF,DH8D,DE HAVILLAND DHC-8-400 Dash 8,L2T,M
7C60FD,VH-TFZ,C402,CESSNA 402 Businessliner,L2P,L
7C65FD,VH-UFJ,C172,CESSNA 172 Skyhawk,L1P,L
7C66FD,VH-UMN,A169,AGUSTA AW-169,H2T,L
7C6CFD,VH-VTB,B505,BELL 505 JetRanger X,H1T,L
7C6FFD,VH-WEN,C206,CESSNA  206 Stationair,L1P,L
7C72FD,VH-WZZ,PA31,PIPER PA-31-300/310/325/350/425,L2P,L
7C75FD,VH-XLB,PA31,PIPER PA-31-300/310/325/350/425,L2P,L
7C77FD,VH-XZJ,B738,BOEING 737-800,L2J,M
7C79FD,VH-YDR,PC12,PILATUS PC-12,L1T,L
7C7FFD,VH-ZKF,DHC6,DE HAVILLAND DHC-6 Twin Otter,L2T,L
7C80FD,VH-ZRJ,SF34,SAAB 340,L2T,M
7CC3FD,24-8489,SLG2,AIRPLANE FACTORY Sling 2,L1P,L
7CC4FD,23-1737,AP22,AEROPRACT A-22,L1P,L
7CF9FD,A54-038,PC21,PILATUS PC-21,L1T,L
8004FD,VT-SCO,A319,AIRBUS A-319,L2J,M
800AFD,VT-JSY,GLEX,BOMBARDIER BD-700 Global 6000/6500,L2J,M
800BFD,VT-WGE,A20N,AIRBUS A-320neo,L2J,M
800CFD,VT-WGV,A20N,AIRBUS A-320neo,L2J,M
8013FD,VT-ISR,A20N,AIRBUS A-320neo,L2J,M
8014FD,VT-YAD,B38M,BOEING 737 MAX 8,L2J,M
8400FD,JA007F,SR22,CIRRUS SR-22,L1P,L
8404FD,JA01AX,B430,BELL 430,H2T,L
840DFD,JA03WP,EC35,AIRBUS HELICOPTERS EC-135/635,H2T,L
8460FD,JA120D,EC35,AIRBUS HELICOPTERS EC-135/635,H2T,L
8510FD,JA310H,AS50,AEROSPATIALE AS-350 Ecureuil,H1T,L
867DFD,JA72MB,SR22,CIRRUS SR-22,L1P,L
8963FD,A6-SBS,A109,AGUSTA AW-109 Grand,H2T,L
8964FD,A6-BMB,B78X,BOEING 787-10 Dreamliner,L2J,H
8990FD,B-89001,DA42,DIAMOND DA-42 Guardian,L2P,L
8A06FD,PK-LUZ,A320,AIRBUS A-320,L2J,M
A001FD,N1WG,C25B,CESSNA 525B Citation CJ3,L2J,L
A003FD,N10ST,P46T,PIPER PA-46-500TP,L1T,L
A009FD,N101SB,ULAC,,L0-,-
A00BFD,N10189,AT3T,AIR TRACTOR AT-302/402,L1T,L
A010FD,N103MS,,,,
A012FD,N10354,GLID,,L0-,-
A013FD,N104EJ,H25B,HAWKER BEECHCRAFT Hawker 750/850,L2J,M
A015FD,N1040W,BE35,BEECH 35 Starfire Bonanza,L1P,L
A016FD,N10477,CH75,ZENAIR CH-750 Cruzer,L1P,L
A01CFD,N106WL,CH60,ZENAIR CH-600 Zodiac,L1P,L
A01EFD,N107CX,HDJT,HONDA HondaJet,L2J,L
A01FFD,N107PC,PA31,PIPER PA-31-300/310/325/350/425,L2P,L
A021FD,N10765,,,,
A023FD,N108SA,AC90,NORTH AMERICAN ROCKWELL Turbo Commander 690/840,L2T,L
A024FD,N1081X,P28A,PIPER PA-28-140/150/160/180,L1P,L
A025FD,N10888,C150,CESSNA 150,L1P,L
A026FD,N109JT,,,,
A029FD,N11BK,PA17,PIPER PA-17 Vagabond Trainer,L1P,L
A02AFD,N11MR,S22T,CIRRUS SR-22T Turbo,L1P,L
A02CFD,N110JB,C501,CESSNA 501 Citation 1SP,L2J,L
A02DFD,N110UH,RV12,VANS RV-12,L1P,L
A030FD,N111M,BE30,BEECH 300 Super King Air,L2T,L
A031FD,N111XF,RV6,VANS RV-6,L1P,L
A032FD,N1115M,C208,CESSNA 208 Caravan,L1T,L
A033FD,N112DS,C182,CESSNA 182 Skylane,L1P,L
A035FD,N1120D,C172,CESSNA 172 Skyhawk,L1P,L
A038FD,N113SW,P28A,PIPER PA-28-140/150/160/180,L1P,L
A03BFD,N114KN,C560,CESSNA 560 Citation Ultra,L2J,M
A03DFD,N1144K,M20P,MOONEY M-20,L1P,L
A03EFD,N115CE,AC11,NORTH AMERICAN ROCKWELL Commander 112/114,L1P,L
A040FD,N115YS,BE9L,BEECH 90 King Air,L2T,L
A041FD,N1156N,M20P,MOONEY M-20,L1P,L
A043FD,N116RJ,HUSK,CHRISTEN Husky,L1P,L
A044FD,N1161E,CH7A,BELLANCA 7 Champion,L1P,L
A045FD,N1168R,RV8,VANS RV-8,L1P,L
A046FD,N117JA,BE76,BEECH 76 Duchess,L2P,L
A048FD,N1173H,AR15,AERONCA 15 Sedan,L1P,L
A049FD,N118AT,PA44,PIPER PA-44 Seminole,L2P,L
A04FFD,N1190C,PA18,PIPER PA-18 Super Cub,L1P,L
A050FD,N1197P,PA23,PIPER PA-23,L2P,L
A052FD,N12SV,,,,
A053FD,N120D,PA23,PIPER PA-23,L2P,L
A054FD,N120PF,PA44,PIPER PA-44 Seminole,L2P,L
A059FD,N12110,C172,CESSNA 172 Skyhawk,L1P,L
A05AFD,N1219A,PA18,PIPER PA-18 Super Cub,L1P,L
A060FD,N123Y,RV10,VANS RV-10,L1P,L
A062FD,N124EL,RV12,VANS RV-12,L1P,L
A064FD,N1240Y,C150,CESSNA 150,L1P,L
A065FD,N12479,C172,CESSNA 172 Skyhawk,L1P,L
A068FD,N12521,C172,CESSNA 172 Skyhawk,L1P,L
A06DFD,N127CZ,E120,EMBRAER EMB-120 Brasilia,L2T,M
A070FD,N12767,C177,CESSNA  177 Cardinal,L1P,L
A072FD,N128SC,C172,CESSNA 172 Skyhawk,L1P,L
A074FD,N1289,AS14,SCHLEICHER ASK-14,L1P,L
A076FD,N129VA,VELO,Velocity,L1P,L
A078FD,N13BM,GLID,,L0-,-
A07AFD,N13XZ,TAIL,WITTMAN Tailwind,L1P,L
A07EFD,N131AW,CH60,ZENAIR CH-600 Zodiac,L1P,L
A082FD,N132DU,BCS1,AIRBUS A220-100,L2J,M
A083FD,N132Q,S108,STINSON 108 Voyager,L1P,L
A085FD,N1327S,C182,CESSNA 182 Skylane,L1P,L
A087FD,N133SY,E75L,EMBRAER ERJ-170-200 (long wing),L2J,M
A089FD,N1339V,C172,CESSNA 172 Skyhawk,L1P,L
A08CFD,N1344M,ST75,STEARMAN Kaydet,L1P,L
A08EFD,N135NN,A321,AIRBUS A-321,L2J,M
A090FD,N1356Q,PTS1,PITTS S-1 Special,L1P,L
A091FD,N136FE,B763,BOEING 767-300,L2J,H
A092FD,N136RL,BE36,BEECH 36 Bonanza,L1P,L
A095FD,N137JC,C560,CESSNA 560 Citation Ultra,L2J,M
A099FD,N138MA,TBM7,SOCATA TBM-700A/B/C,L1T,L
A09CFD,N139DT,PARA,,P0-,-
A09EFD,N1390E,CH7A,BELLANCA 7 Champion,L1P,L
A0A1FD,N14SX,NAVI,NORTH AMERICAN Navion,L1P,L
A0A3FD,N140PH,A139,AGUSTA AW-139,H2T,L
A0A6FD,N141G,BE35,BEECH 35 Starfire Bonanza,L1P,L
A0A7FD,N141SF,NIMB,SCHEMPP-HIRTH Nimbus,L1P,L
A0A8FD,N14112,T28,NORTH AMERICAN T-28,L1P,L
A0A9FD,N1419C,C177,CESSNA  177 Cardinal,L1P,L
A0ACFD,N14235,B738,BOEING 737-800,L2J,M
A0AEFD,N143MW,GLEX,BOMBARDIER BD-700 Global 6000/6500,L2J,M
A0B6FD,N145TS,BE36,BEECH 36 Bonanza,L1P,L
A0B8FD,N146AC,C172,CESSNA 172 Skyhawk,L1P,L
A0BBFD,N14646,ULAC,,L0-,-
A0BDFD,N147PG,SR20,CIRRUS SR-20,L1P,L
A0C1FD,N148SE,PARA,,P0-,-
A0C6FD,N14934,PA23,PIPER PA-23,L2P,L
A0C7FD,N15BP,C182,CESSNA 182 Skylane,L1P,L
A0C8FD,N15MV,C82T,CESSNA TR182 Turbo Skylane RG,L1P,L
A0CBFD,N150UM,,,,
A0CEFD,N151MD,P51,NORTH AMERICAN P-51 Mustang,L1P,L
A0D0FD,N1515R,AA5,AMERICAN AA-5 Tiger,L1P,L
A0D3FD,N1520H,BALL,,B0-,-
A0D4FD,N1527U,BALL,,B0-,-
A0D6FD,N153T,C550,CESSNA 550 Citation S2,L2J,L
A0D8FD,N1539X,AT5T,AIR TRACTOR AT-504,L1T,L
A0E8FD,N158MC,SW4,SWEARINGEN Metro,L2T,M
A0F0FD,N16SZ,GLID,,L0-,-
A0F4FD,N1607B,B763,BOEING 767-300,L2J,H
A0F5FD,N161GB,LGEZ,RUTAN Long-EZ,L1P,L
A0F6FD,N161SH,B47G,BELL 47G,H1P,L
A0F7FD,N16114,C150,CESSNA 150,L1P,L
A0FBFD,N16237,C172,CESSNA 172 Skyhawk,L1P,L
A102FD,N16402,P28A,PIPER PA-28-140/150/160/180,L1P,L
A103FD,N1648C,C172,CESSNA 172 Skyhawk,L1P,L
A105FD,N165TU,ASTO,TECNAM Astore,L1P,L
A106FD,N16525,E135,EMBRAER ERJ-135,L2J,M
A107FD,N166AE,B06,BELL 206 JetRanger,H1T,L
A10BFD,N167DC,DV20,DIAMOND DA-20,L1P,L
A112FD,N1689D,C170,CESSNA 170,L1P,L
A116FD,N17BR,BE58,BEECH 58 Baron,L2P,L
A118FD,N17YC,GLID,,L0-,-
A11AFD,N170UP,A306,AIRBUS A-300-600,L2J,H
A11BFD,N1703Q,C150,CESSNA 150,L1P,L
A11DFD,N171MF,LEG2,LANCAIR Legacy,L1P,L
A11FFD,N1715T,C172,CESSNA 172 Skyhawk,L1P,L
A12EFD,N1756U,T210,CESSNA T210 Turbo Centurion,L1P,L
A133FD,N177JG,C77R,CESSNA 177RG Cardinal RG,L1P,L
A135FD,N1773P,PA22,PIPER PA-22,L1P,L
A13CFD,N1790J,P28A,PIPER PA-28-140/150/160/180,L1P,L
A13DFD,N1797V,C120,CESSNA 120,L1P,L
A13FFD,N18TA,GLAS,Glasair,L1P,L
A140FD,N180DF,C180,CESSNA  180 Skywagon,L1P,L
A144FD,N181GD,F2TH,DASSAULT Falcon 2000,L2J,M
A145FD,N181SK,,,,
A147FD,N1819G,C82R,CESSNA R182 Skylane RG,L1P,L
A148FD,N182KB,C182,CESSNA 182 Skylane,L1P,L
A14EFD,N1836B,BE36,BEECH 36 Bonanza,L1P,L
A151FD,N18404,BE36,BEECH 36 Bonanza,L1P,L
A152FD,N1848E,CH7A,BELLANCA 7 Champion,L1P,L
A154FD,N185TW,C185,CESSNA 185 Skywagon,L1P,L
A155FD,N18527,C150,CESSNA 150,L1P,L
A159FD,N1865,D11,JODEL D-11x/12x,L1P,L
A15EFD,N188GC,C208,CESSNA 208 Caravan,L1T,L
A15FFD,N188SJ,TBM7,SOCATA TBM-700A/B/C,L1T,L
A161FD,N1889F,C210,CESSNA 201 Centurion,L1P,L
A164FD,N18938,BE24,BEECH 24 Sierra,L1P,L
A165FD,N19BT,RLU1,RLU Super Breezy,L1P,L
A168FD,N190JK,C560,CESSNA 560 Citation Ultra,L2J,M
A16AFD,N1903S,TB21,SOCATA TB-21 Trinidad TC,L1P,L
A16EFD,N1915V,C172,CESSNA 172 Skyhawk,L1P,L
A171FD,N1920M,C182,CESSNA 182 Skylane,L1P,L
A175FD,N1932Q,C77R,CESSNA 177RG Cardinal RG,L1P,L
A178FD,N194WB,B212,BELL 212,H2T,L
A179FD,N1944T,P28A,PIPER PA-28-140/150/160/180,L1P,L
A17AFD,N195CN,C195,CESSNA 195,L1P,L
A17DFD,N1956W,BE19,BEECH 19 Sport,L1P,L
A180FD,N1961N,C140,CESSNA 140,L1P,L
A181FD,N1968Z,C150,CESSNA 150,L1P,L
A184FD,N1973R,,,,
A185FD,N198BA,A5,ICON A-5,A1P,L
A189FD,N199DZ,ARCP,SCHEMPP-HIRTH Arcus M,L1P,L
A18BFD,N1990L,LNC2,LANCAIR 200-320,L1P,L
A18DFD,N2GX,RV6,VANS RV-6,L1P,L
A18EFD,N2TC,R66,ROBINSON R-66,H1T,L
A190FD,N20PP,PA22,PIPER PA-22,L1P,L
A192FD,N200L,HUSK,CHRISTEN Husky,L1P,L
A193FD,N200WF,GLID,,L0-,-
A194FD,N2004X,C182,CESSNA 182 Skylane,L1P,L
A195FD,N201CS,M20P,MOONEY M-20,L1P,L
A196FD,N201NY,BE20,BEECH 200 Super King Air,L2T,M
A197FD,N201ZD,M20P,MOONEY M-20,L1P,L
A19AFD,N202RW,AVID,AVID Flyer,L1P,L
A19BFD,N2021S,,,,
A19CFD,N20283,C172,CESSNA 172 Skyhawk,L1P,L
A1A0FD,N204BE,C172,CESSNA 172 Skyhawk,L1P,L
A1A1FD,N204ML,GLID,,L0-,-
A1A3FD,N2045Y,C172,CESSNA 172 Skyhawk,L1P,L
A1A4FD,N205EC,SR20,CIRRUS SR-20,L1P,L
A1A7FD,N20571,C172,CESSNA 172 Skyhawk,L1P,L
A1A9FD,N206TG,B06,BELL 206 JetRanger,H1T,L
A1ABFD,N20694,C208,CESSNA 208 Caravan,L1T,L
A1B4FD,N209RV,RV9,VANS RV-9,L1P,L
A1B5FD,N2091R,H500,HUGHES 500,H1T,L
A1B8FD,N21UT,MG21,MIKOYAN MiG-21,L1J,M
A1BAFD,N210RD,P210,CESSNA P210 Centurion,L1P,L
A1BBFD,N2101,ZZZZ,,-0-,-
A1BCFD,N2108L,C172,CESSNA 172 Skyhawk,L1P,L
A1BDFD,N211HW,T211,INDUS T-211,L1P,L
A1BFFD,N2113C,C195,CESSNA 195,L1P,L
A1C0FD,N212AN,C172,CESSNA 172 Skyhawk,L1P,L
A1C2FD,N212X,EFOX,AEROPRO Eurofox,L1P,L
A1C5FD,N213PS,CRJ2,BOMBARDIER Regional Jet CRJ-200,L2J,M
A1C7FD,N2137J,P28A,PIPER PA-28-140/150/160/180,L1P,L
A1C9FD,N214SQ,SR20,CIRRUS SR-20,L1P,L
A1CBFD,N2149M,J3,PIPER J-3 Cub,L1P,L
A1CEFD,N2154D,BE35,BEECH 35 Starfire Bonanza,L1P,L
A1CFFD,N216BZ,BCS3,AIRBUS A220-300,L2J,M
A1D3FD,N217EX,E300,EXTRA EA-300/330/350,L1P,L
A1D5FD,N21709,C185,CESSNA 185 Skywagon,L1P,L
A1D6FD,N2178K,P28R,PIPER PA-28R-180/200/201,L1P,L
A1D8FD,N218UA,B772,BOEING 777-200,L2J,H
A1D9FD,N2183B,L8,LUSCOMBE 8,L1P,L
A1DAFD,N219AM,PA11,PIPER PA-11 Cub Special,L1P,L
A1DDFD,N2195E,P28A,PIPER PA-28-140/150/160/180,L1P,L
A1DFFD,N22PR,,,,
A1E1FD,N220LB,BALL,,B0-,-
A1E3FD,N2204Z,KR2,RAND KR-2,L1P,L
A1E5FD,N221P,RV6,VANS RV-6,L1P,L
A1E7FD,N22162,C150,CESSNA 150,L1P,L
A1E8FD,PR-WAM,BE36,BEECH 36 Bonanza,L1P,L
A1EBFD,N22285,C150,CESSNA 150,L1P,L
A1ECFD,N223JQ,E75L,EMBRAER ERJ-170-200 (long wing),L2J,M
A1EEFD,N2233X,P28A,PIPER PA-28-140/150/160/180,L1P,L
A1EFFD,N224BG,SR22,CIRRUS SR-22,L1P,L
A1F2FD,N22450,P32R,PIPER PA-32R-300/301/301T,L1P,L
A1F3FD,N225EE,GLF5,GULFSTREAM 5,L2J,M
A1F7FD,N226HC,P208,TECNAM P-2008,L1P,L
A1FBFD,N227LA,GLF2,GULFSTREAM 2,L2J,M
A1FCFD,N227WG,CL60,BOMBARDIER CL-600 Challenger,L2J,M
A1FEFD,N228CT,FDCT,FLIGHT DESIGN CT,L1P,L
A201FD,N22861,J3,PIPER J-3 Cub,L1P,L
A202FD,N229FR,A320,AIRBUS A-320,L2J,M
A206FD,N23JP,DUCE,BAKENG Duce,L1P,L
A20AFD,N2301B,,,,
A20CFD,N231HY,M20P,MOONEY M-20,L1P,L
A215FD,N2330,S10,STINSON 10 Voyager,L1P,L
A216FD,N2337L,BE23,BEECH 23 Sundowner,L1P,L
A217FD,N234GL,BE35,BEECH 35 Starfire Bonanza,L1P,L
A219FD,N2342C,C180,CESSNA  180 Skywagon,L1P,L
A21DFD,N2354F,BE36,BEECH 36 Bonanza,L1P,L
A21EFD,N236CA,GLF4,GULFSTREAM 4,L2J,M
A221FD,N2366J,BE23,BEECH 23 Sundowner,L1P,L
A223FD,N237RE,C82S,CESSNA T182 Turbo Skylane,L1P,L
A224FD,N2371A,PA22,PIPER PA-22,L1P,L
A225FD,N2378M,PA12,PIPER PA-12 Super Cruiser,L1P,L
A22DFD,N24DM,C77R,CESSNA 177RG Cardinal RG,L1P,L
A22EFD,N24PT,C441,CESSNA 441 Conquest,L2T,L
A232FD,N24041,PA44,PIPER PA-44 Seminole,L2P,L
A234FD,N241PB,PA23,PIPER PA-23,L2P,L
A238FD,N242S,LNCE,LANCAIR ES,L1P,L
A23AFD,N24287,T206,CESSNA T206 Turbo Stationair,L1P,L
A23BFD,N243JS,CH75,ZENAIR CH-750 Cruzer,L1P,L
A23EFD,N244BJ,RV6,VANS RV-6,L1P,L
A244FD,N2450U,P28A,PIPER PA-28-140/150/160/180,L1P,L
A245FD,N24575,BE24,BEECH 24 Sierra,L1P,L
A24AFD,N247LC,PC12,PILATUS PC-12,L1T,L
A24CFD,N24740,J3,PIPER J-3 Cub,L1P,L
A24EFD,N248PA,C208,CESSNA 208 Caravan,L1T,L
A253FD,N2491V,C140,CESSNA 140,L1P,L
A254FD,N24986,C152,CESSNA 152,L1P,L
A255FD,N25JR,BE95,BEECH 95 Travel Air,L2P,L
A256FD,N25UX,P32R,PIPER PA-32R-300/301/301T,L1P,L
A25DFD,N2513G,C182,CESSNA 182 Skylane,L1P,L
A25EFD,N252AS,M20P,MOONEY M-20,L1P,L
A261FD,N2525K,SR22,CIRRUS SR-22,L1P,L
A264FD,N2530B,SS2P,ROCKWELL Thrush Commander,L1P,L
A268FD,N2542E,ULAC,,L0-,-
A269FD,N2549R,,,,
A26BFD,N255VS,R44,ROBINSON R-44 Raven,H1P,L
A26CFD,N2554H,GLID,,L0-,-
A273FD,N2571C,C170,CESSNA 170,L1P,L
A27CFD,N26DP,SR22,CIRRUS SR-22,L1P,L
A27DFD,N26PV,BE33,BEECH 33 Bonanza,L1P,L
A27EFD,N260A,B06,BELL 206 JetRanger,H1T,L
A27FFD,N260LF,LJ31,LEARJET 31,L2J,M
A283FD,N261PD,ST75,STEARMAN Kaydet,L1P,L
A287FD,N262SB,,,,
A290FD,N26454,AA5,AMERICAN AA-5 Tiger,L1P,L
A291FD,N265EJ,BE20,BEECH 200 Super King Air,L2T,M
A293FD,N2650W,M20P,MOONEY M-20,L1P,L
A297FD,N2662Z,C82S,CESSNA T182 Turbo Skylane,L1P,L
A29DFD,N268PC,G280,GULFSTREAM G280,L2J,M
A29FFD,N26865,BE36,BEECH 36 Bonanza,L1P,L
A2A1FD,N269SA,C82T,CESSNA TR182 Turbo Skylane RG,L1P,L
A2A3FD,N26988,AA5,AMERICAN AA-5 Tiger,L1P,L
A2A4FD,N27JT,TAIL,WITTMAN Tailwind,L1P,L
A2A9FD,N2708S,C335,CESSNA 335,L2P,L
A2B1FD,N273DS,DA40,DIAMOND DA-40 Club Star,L1P,L
A2B6FD,N274SW,F2TH,DASSAULT Falcon 2000,L2J,M
A2B8FD,N2749T,BE35,BEECH 35 Starfire Bonanza,L1P,L
A2C2FD,N2771E,CH7A,BELLANCA 7 Champion,L1P,L
A2C3FD,N2778R,,,,
A2C4FD,N278JA,SR22,CIRRUS SR-22,L1P,L
A2C7FD,N279AT,,,,
A2CAFD,N2795L,C172,CESSNA 172 Skyhawk,L1P,L
A2CBFD,N28DR,J3,PIPER J-3 Cub,L1P,L
A2D0FD,N28045,P28A,PIPER PA-28-140/150/160/180,L1P,L
A2D1FD,N281D,ULAC,,L0-,-
A2D4FD,N28168,BL17,BELLANCA 17 Viking,L1P,L
A2D6FD,N282SD,B412,BELL 412,H2T,L
A2DBFD,N28333,FB1A,BOWERS Fly Baby 1A,L1P,L
A2DEFD,N284Y,BE17,BEECH 17 Staggerwing,L1P,L
A2E2FD,N2850Y,PA32,PIPER PA-32,L1P,L
A2E3FD,N28579,L8,LUSCOMBE 8,L1P,L
A2E6FD,N28621,L8,LUSCOMBE 8,L1P,L
A2E9FD,N287WN,B737,BOEING 737-700,L2J,M
A2F1FD,N2891Z,BL8,BELLANCA 8 Decathlon,L1P,L
A2F3FD,N29JV,RV9,VANS RV-9,L1P,L
A2F4FD,N29VA,EC45,AIRBUS HELICOPTERS EC-145,H2T,L
A2F6FD,N290RM,C82T,CESSNA TR182 Turbo Skylane RG,L1P,L
A2F7FD,N2901H,P28A,PIPER PA-28-140/150/160/180,L1P,L
A2F8FD,N2908U,HUSK,CHRISTEN Husky,L1P,L
A2F9FD,N291JD,C82T,CESSNA TR182 Turbo Skylane RG,L1P,L
A2FCFD,N292AW,PA32,PIPER PA-32,L1P,L
A302FD,N2930F,C182,CESSNA 182 Skylane,L1P,L
A304FD,N294GS,H500,HUGHES 500,H1T,L
A305FD,N294SY,E75L,EMBRAER ERJ-170-200 (long wing),L2J,M
A306FD,N2942J,C150,CESSNA 150,L1P,L
A307FD,N2949V,C172,CESSNA 172 Skyhawk,L1P,L
A308FD,N295KQ,RV9,VANS RV-9,L1P,L
A30FFD,N297FE,B763,BOEING 767-300,L2J,H
A312FD,N2978T,ST75,STEARMAN Kaydet,L1P,L
A313FD,N298JC,C182,CESSNA 182 Skylane,L1P,L
A316FD,N299AV,BE20,BEECH 200 Super King Air,L2T,M
A317FD,N299MA,P46T,PIPER PA-46-500TP,L1T,L
A31AFD,N3DT,PA18,PIPER PA-18 Super Cub,L1P,L
A31BFD,N3PZ,C210,CESSNA 201 Centurion,L1P,L
A31DFD,N30LK,PA11,PIPER PA-11 Cub Special,L1P,L
A31EFD,N30WR,GLF2,GULFSTREAM 2,L2J,M
A322FD,N3009Z,BALL,,B0-,-
A324FD,N301W,AS31,SCHLEICHER ASH-31,L1P,L
A325FD,N3014R,A319,AIRBUS A-319,L2J,M
A329FD,N3026U,BALL,,B0-,-
A32CFD,N3031L,C310,CESSNA 310,L2P,L
A331FD,N305AZ,H500,HUGHES 500,H1T,L
A334FD,N3055S,R44,ROBINSON R-44 Raven,H1P,L
A336FD,N306QC,BE60,BEECH 60 Duke,L2P,L
A337FD,N3060J,ULAC,,L0-,-
A338FD,N3067V,C150,CESSNA 150,L1P,L
A33BFD,N3072M,PA12,PIPER PA-12 Super Cruiser,L1P,L
A33CFD,N3079Y,BE33,BEECH 33 Bonanza,L1P,L
A33FFD,N3084Q,P28R,PIPER PA-28R-180/200/201,L1P,L
A343FD,N3096T,BE33,BEECH 33 Bonanza,L1P,L
A345FD,N31RP,,,,
A346FD,N310BU,PA46,PIPER PA-46-310/350,L1P,L
A347FD,N310N,C310,CESSNA 310,L2P,L
A349FD,N3106B,C170,CESSNA 170,L1P,L
A34AFD,N311ES,RV6,VANS RV-6,L1P,L
A34CFD,N31104,J3,PIPER J-3 Cub,L1P,L
A34DFD,N3118E,CH7A,BELLANCA 7 Champion,L1P,L
A34FFD,N312TW,RV7,VANS RV-7,L1P,L
A351FD,N313AG,GLF6,GULFSTREAM G650,L2J,M
A352FD,N313LN,P28A,PIPER PA-28-140/150/160/180,L1P,L
A356FD,N314PL,PA46,PIPER PA-46-310/350,L1P,L
A358FD,N3147C,C180,CESSNA  180 Skywagon,L1P,L
A35CFD,N3159F,C182,CESSNA 182 Skylane,L1P,L
A360FD,N317BT,C172,CESSNA 172 Skyhawk,L1P,L
A361FD,N317MZ,C414,CESSNA 414 Chancellor,L2P,L
A363FD,N3176A,C170,CESSNA 170,L1P,L
A366FD,N31803,C180,CESSNA  180 Skywagon,L1P,L
A36AFD,N31926,P28A,PIPER PA-28-140/150/160/180,L1P,L
A36BFD,N32AF,SA37,SCHWEIZER SA-2-37 Condor,L1P,L
A36CFD,N32LM,TRDO,TITAN Tornado SS,L1P,L
A36DFD,N32WT,R22,ROBINSON R-22 Mariner,H1P,L
A370FD,N3202Q,B06,BELL 206 JetRanger,H1T,L
A371FD,N32091,WACF,WACO F,L1P,L
A373FD,N321WB,J3,PIPER J-3 Cub,L1P,L
A374FD,N3214T,C177,CESSNA  177 Cardinal,L1P,L
A377FD,N322Z,LNC2,LANCAIR 200-320,L1P,L
A378FD,N3226W,PA32,PIPER PA-32,L1P,L
A379FD,N323FL,PA46,PIPER PA-46-310/350,L1P,L
A37CFD,N3238Z,PA22,PIPER PA-22,L1P,L
A381FD,N325MG,BE35,BEECH 35 Starfire Bonanza,L1P,L
A386FD,N3260L,C172,CESSNA 172 Skyhawk,L1P,L
A389FD,N327TC,,,,
A38BFD,N32790,P28A,PIPER PA-28-140/150/160/180,L1P,L
A38EFD,N3284S,PARA,,P0-,-
A38FFD,N329CM,CH7A,BELLANCA 7 Champion,L1P,L
A393FD,N33FK,P28A,PIPER PA-28-140/150/160/180,L1P,L
A396FD,N330NB,A319,AIRBUS A-319,L2J,M
A398FD,N3306D,C180,CESSNA  180 Skywagon,L1P,L
A39AFD,N331R,GLID,,L0-,-
A39DFD,N332HS,DHC1,DE HAVILLAND DHC-1 Chipmunk,L1P,L
A39FFD,N33229,J3,PIPER J-3 Cub,L1P,L
A3A0FD,N333AJ,PC12,PILATUS PC-12,L1T,L
A3A3FD,N3335B,PA22,PIPER PA-22,L1P,L
A3A7FD,N3347E,AR11,AERONCA 11 Chief,L1P,L
A3ABFD,N3359H,ERCO,AIR PRODUCTS F-1 Aircoupe,L1P,L
A3B2FD,N3376C,BE35,BEECH 35 Starfire Bonanza,L1P,L
A3B9FD,N33928,GLID,,L0-,-
A3C0FD,N34093,TAYB,TAYLORCRAFT BC/BF/BL,L1P,L
A3C5FD,N342NW,A320,AIRBUS A-320,L2J,M
A3C7FD,N3426Y,C180,CESSNA  180 Skywagon,L1P,L
A3CFFD,N345BC,BE35,BEECH 35 Starfire Bonanza,L1P,L
A3D2FD,N3455W,PA32,PIPER PA-32,L1P,L
A3D6FD,N3467Z,PA22,PIPER PA-22,L1P,L
A3D9FD,N3472R,P28A,PIPER PA-28-140/150/160/180,L1P,L
A3DEFD,N349CP,C82S,CESSNA T182 Turbo Skylane,L1P,L
A3E3FD,N35RT,LJ35,LEARJET 35,L2J,M
A3E7FD,N3506F,ULAC,,L0-,-
A3EAFD,N35108,,,,
A3F0FD,N353LS,M7,MAULE M-7,L1P,L
A3F2FD,N3535D,CH7A,BELLANCA 7 Champion,L1P,L
A3F3FD,N354DJ,BE35,BEECH 35 Starfire Bonanza,L1P,L
A3F6FD,N3547G,PA31,PIPER PA-31-300/310/325/350/425,L2P,L
A3FDFD,N3564B,BE50,BEECH 50 Excalibur,L2P,L
A409FD,N36AK,T33,LOCKHEED T-33,L1J,M
A40AFD,N36LR,BE36,BEECH 36 Bonanza,L1P,L
A40CFD,N360HB,LNC2,LANCAIR 200-320,L1P,L
A40EFD,N3602U,C182,CESSNA 182 Skylane,L1P,L
A40FFD,N36095,P28A,PIPER PA-28-140/150/160/180,L1P,L
A412FD,N3614X,VO10,NORTH AMERICAN ROCKWELL Commander 100,L1P,L
A413FD,N362CS,C240,CESSNA 240 Corvalis TTx,L1P,L
A416FD,N36260,TAYD,TAYLORCRAFT DC/DF/DL,L1P,L
A419FD,N3631S,C172,CESSNA 172 Skyhawk,L1P,L
A425FD,N36671,BIPL,EAA Biplane,L1P,L
A429FD,N36794,S10,STINSON 10 Voyager,L1P,L
A42CFD,N3684W,,,,
A430FD,N3696Z,PA18,PIPER PA-18 Super Cub,L1P,L
A432FD,N37RV,P28A,PIPER PA-28-140/150/160/180,L1P,L
A436FD,N3706H,M20P,MOONEY M-20,L1P,L
A439FD,N3711,P28R,PIPER PA-28R-180/200/201,L1P,L
A43DFD,N3723C,ST75,STEARMAN Kaydet,L1P,L
A440FD,N373X,M5,MAULE M-5,L1P,L
A441FD,N3735F,C172,CESSNA 172 Skyhawk,L1P,L
A443FD,N374PS,RV7,VANS RV-7,L1P,L
A445FD,N3747J,C150,CESSNA 150,L1P,L
A44CFD,N3764D,B738,BOEING 737-800,L2J,M
A453FD,N37809,,,,
A454FD,N3788K,GC1,GLOBE Swift,L1P,L
A458FD,N38AM,DA40,DIAMOND DA-40 Club Star,L1P,L
A459FD,N38LT,BL8,BELLANCA 8 Decathlon,L1P,L
A45EFD,N38097,J3,PIPER J-3 Cub,L1P,L
A463FD,N382P,AS50,AEROSPATIALE AS-350 Ecureuil,H1T,L
A465FD,N38262,J3,PIPER J-3 Cub,L1P,L
A469FD,N38385,P28R,PIPER PA-28R-180/200/201,L1P,L
A474FD,N38673,J3,PIPER J-3 Cub,L1P,L
A479FD,N388LA,DA40,DIAMOND DA-40 Club Star,L1P,L
A47BFD,N3884Y,CB1,HATZ CB-1 Classic,L1P,L
A47CFD,N389CT,FDCT,FLIGHT DESIGN CT,L1P,L
A481FD,N39RX,EC35,AIRBUS HELICOPTERS EC-135/635,H2T,L
A482FD,N390CB,BALL,,B0-,-
A48CFD,N3923E,AR11,AERONCA 11 Chief,L1P,L
A496FD,N395SS,P180,PIAGGIO P-180 Avanti,L2T,L
A49BFD,N3964F,C172,CESSNA 172 Skyhawk,L1P,L
A49CFD,N397CA,C82T,CESSNA TR182 Turbo Skylane RG,L1P,L
A49DFD,N397NG,PC12,PILATUS PC-12,L1T,L
A4A2FD,N3981A,GLID,,L0-,-
A4A3FD,N3988M,PA12,PIPER PA-12 Super Cruiser,L1P,L
A4A8FD,N4LV,BE24,BEECH 24 Sierra,L1P,L
A4A9FD,N4XA,AS20,SCHLEICHER ASW-20,L1P,L
A4AAFD,N40HF,C150,CESSNA 150,L1P,L
A4ABFD,N40TM,M20P,MOONEY M-20,L1P,L
A4ACFD,N400DS,AC90,NORTH AMERICAN ROCKWELL Turbo Commander 690/840,L2T,L
A4B1FD,N401SW,C82T,CESSNA TR182 Turbo Skylane RG,L1P,L
A4B2FD,N4012G,SS2P,ROCKWELL Thrush Commander,L1P,L
A4B3FD,N4019T,BALL,,B0-,-
A4BAFD,N4036N,M20P,MOONEY M-20,L1P,L
A4BDFD,N4041E,PA18,PIPER PA-18 Super Cub,L1P,L
A4BEFD,N4048R,PA32,PIPER PA-32,L1P,L
A4C1FD,N4053H,BE20,BEECH 200 Super King Air,L2T,M
A4C2FD,N406AT,BALL,,B0-,-
A4C6FD,N407DR,,,,
A4C8FD,N4070C,S108,STINSON 108 Voyager,L1P,L
A4CBFD,N408SV,AT46,ATR-42-600,L2T,M
A4CDFD,N4089S,BE35,BEECH 35 Starfire Bonanza,L1P,L
A4D0FD,N4094J,C150,CESSNA 150,L1P,L
A4D1FD,N41CD,SR20,CIRRUS SR-20,L1P,L
A4D7FD,N411BN,COL4,CESSNA 400 Corvalis TT,L1P,L
A4D9FD,N411Y,BL8,BELLANCA 8 Decathlon,L1P,L
A4DAFD,N41156,J5,PIPER J-5 Cub Cruiser,L1P,L
A4DCFD,N412QS,E55P,EMBRAER EMB-505 Phenom 300,L2J,M
A4DEFD,N41279,R44,ROBINSON R-44 Raven,H1P,L
A4E2FD,N414AA,C414,CESSNA 414 Chancellor,L2P,L
A4E3FD,N414LG,LNC2,LANCAIR 200-320,L1P,L
A4E4FD,N414WN,B737,BOEING 737-700,L2J,M
A4E9FD,N41567,J3,PIPER J-3 Cub,L1P,L
A4EAFD,N416FX,E545,EMBRAER EMB545 Praetor 500,L2J,M
A4EBFD,N416SC,RV12,VANS RV-12,L1P,L
A4ECFD,N4161Z,P28A,PIPER PA-28-140/150/160/180,L1P,L
A4EDFD,N4169,MITE,MOONEY M-18,L1P,L
A4F0FD,N41732,CUCA,CULVER Cadet,L1P,L
A4F1FD,N418BM,C421,CESSNA 421 Executive Commuter,L2P,L
A4F8FD,N41978,P28A,PIPER PA-28-140/150/160/180,L1P,L
A4F9FD,N42HH,PA34,PIPER PA-34 Seneca,L2P,L
A4FAFD,N42TP,PA30,PIPER PA-30 Twin Comanche,L2P,L
A4FCFD,N420Q,K100,DAHER Kodiak 100,L1T,L
A4FDFD,N4200F,C172,CESSNA 172 Skyhawk,L1P,L
A4FFFD,N421GS,C421,CESSNA 421 Executive Commuter,L2P,L
A500FD,N421SY,C208,CESSNA 208 Caravan,L1T,L
A501FD,N4212J,AT6T,AIR TRACTOR AT-602,L1T,L
A505FD,N4224M,PA12,PIPER PA-12 Super Cruiser,L1P,L
A509FD,N4236Q,C185,CESSNA 185 Skywagon,L1P,L
A50BFD,N424RL,,,,
A50DFD,N4248T,P28A,PIPER PA-28-140/150/160/180,L1P,L
A50EFD,N425JC,B06,BELL 206 JetRanger,H1T,L
A511FD,N426AV,A320,AIRBUS A-320,L2J,M
A512FD,N426MA,SW4,SWEARINGEN Metro,L2T,M
A515FD,N427DT,R44,ROBINSON R-44 Raven,H1P,L
A517FD,N4270E,AR11,AERONCA 11 Chief,L1P,L
A518FD,N4277R,PA32,PIPER PA-32,L1P,L
A51AFD,N428SX,RV4,VANS RV-4,L1P,L
A520FD,N43CF,PC12,PILATUS PC-12,L1T,L
A529FD,N43158,P28A,PIPER PA-28-140/150/160/180,L1P,L
A52CFD,N43200,P28A,PIPER PA-28-140/150/160/180,L1P,L
A52DFD,N4328A,PA22,PIPER PA-22,L1P,L
A530FD,N43323,TAYB,TAYLORCRAFT BC/BF/BL,L1P,L
A534FD,N43446,DHC2,DE HAVILLAND DHC-2 Beaver,L1P,L
A538FD,N43569,P28A,PIPER PA-28-140/150/160/180,L1P,L
A53CFD,N4369B,C170,CESSNA 170,L1P,L
A543FD,N43857,PA46,PIPER PA-46-310/350,L1P,L
A546FD,N4390Z,PA18,PIPER PA-18 Super Cub,L1P,L
A548FD,N44HK,BL8,BELLANCA 8 Decathlon,L1P,L
A549FD,N44TR,PA11,PIPER PA-11 Cub Special,L1P,L
A54AFD,N440DW,RV6,VANS RV-6,L1P,L
A54CFD,N4400H,PA15,PIPER PA-15 Vagabond,L1P,L
A54FFD,N441T,AVID,AVID Flyer,L1P,L
A551FD,N4419X,P28A,PIPER PA-28-140/150/160/180,L1P,L
A552FD,N442KS,C172,CESSNA 172 Skyhawk,L1P,L
A559FD,N444FG,P28A,PIPER PA-28-140/150/160/180,L1P,L
A55BFD,N4441J,P28A,PIPER PA-28-140/150/160/180,L1P,L
A55CFD,N4448V,BE35,BEECH 35 Starfire Bonanza,L1P,L
A561FD,N446MC,B744,BOEING 747-400,L4J,H
A56BFD,N4489W,BE36,BEECH 36 Bonanza,L1P,L
A56FFD,N45CH,AA5,AMERICAN AA-5 Tiger,L1P,L
A570FD,N45NP,LJ45,LEARJET 45,L2J,M
A572FD,N450K,COL4,CESSNA 400 Corvalis TT,L1P,L
A57CFD,N4528C,C170,CESSNA 170,L1P,L
A580FD,N454AE,B06,BELL 206 JetRanger,H1T,L
A582FD,N454WS,TAGO,TEAM TANGO Tango-2,L1P,L
A583FD,N45448,BRB2,BRANTLY B-2,H1P,L
A584FD,N455DC,BE33,BEECH 33 Bonanza,L1P,L
A587FD,N4557A,PA22,PIPER PA-22,L1P,L
A588FD,N456GA,GLF5,GULFSTREAM 5,L2J,M
A589FD,N456SG,RV9,VANS RV-9,L1P,L
A58AFD,N45613,C150,CESSNA 150,L1P,L
A58EFD,N45736,L8,LUSCOMBE 8,L1P,L
A597FD,N46HM,,,,
A59CFD,N4607W,AC11,NORTH AMERICAN ROCKWELL Commander 112/114,L1P,L
A59EFD,N461TB,PA46,PIPER PA-46-310/350,L1P,L
A59FFD,N4612N,BE17,BEECH 17 Staggerwing,L1P,L
A5A0FD,N4619Z,PA15,PIPER PA-15 Vagabond,L1P,L
A5A2FD,N462W,BE58,BEECH 58 Baron,L2P,L
A5A7FD,N4636U,C210,CESSNA 201 Centurion,L1P,L
A5AAFD,N4641L,C172,CESSNA 172 Skyhawk,L1P,L
A5ABFD,N4648X,C150,CESSNA 150,L1P,L
A5AFFD,N466AZ,DRON,,D0-,-
A5C7FD,N4716B,C180,CESSNA  180 Skywagon,L1P,L
A5C8FD,N472ES,RV7,VANS RV-7,L1P,L
A5CAFD,N47204,SA30,STOLP Starduster Too,L1P,L
A5CBFD,N4728E,CH7A,BELLANCA 7 Champion,L1P,L
A5CDFD,N473TW,C208,CESSNA 208 Caravan,L1T,L
A5D9FD,N47615,P28A,PIPER PA-28-140/150/160/180,L1P,L
A5DBFD,N477KA,B407,BELL 407,H1T,L
A5DDFD,N47738,P28R,PIPER PA-28R-180/200/201,L1P,L
A5E2FD,N479ER,C172,CESSNA 172 Skyhawk,L1P,L
A5E4FD,N47903,GLID,,L0-,-
A5E8FD,N480E,EN48,ENSTROM TH-28,H1T,L
A5EAFD,N4800M,C152,CESSNA 152,L1P,L
A5EBFD,N4807Y,PA25,PIPER PA-25 Pawnee,L1P,L
A5F2FD,N4824T,ASTO,TECNAM Astore,L1P,L
A5F7FD,N484FL,P28A,PIPER PA-28-140/150/160/180,L1P,L
A5F8FD,N484RS,CRER,RANS Courier,L1P,L
A5F9FD,N4841N,C182,CESSNA 182 Skylane,L1P,L
A5FEFD,N486BA,A5,ICON A-5,A1P,L
A601FD,N4865U,C210,CESSNA 201 Centurion,L1P,L
A604FD,N4870L,P28A,PIPER PA-28-140/150/160/180,L1P,L
A607FD,N488TC,CH7B,BELLANCA 7 Citabria,L1P,L
A60DFD,N49CM,LNC2,LANCAIR 200-320,L1P,L
A60EFD,N49NT,BE9L,BEECH 90 King Air,L2T,L
A616FD,N4916D,C182,CESSNA 182 Skylane,L1P,L
A61DFD,N49329,PTS1,PITTS S-1 Special,L1P,L
A625FD,N4957E,PA22,PIPER PA-22,L1P,L
A631FD,N499ET,C82T,CESSNA TR182 Turbo Skylane RG,L1P,L
A635FD,N5HR,C182,CESSNA 182 Skylane,L1P,L
A636FD,N5TX,CP30,PIEL Emeraude,L1P,L
A637FD,N50EB,BE9L,BEECH 90 King Air,L2T,L
A639FD,N500AN,GA5C,GULFSTREAM G500,L2J,M
A63AFD,N500LU,P46T,PIPER PA-46-500TP,L1T,L
A63CFD,N5005F,TLEG,LEGEND Turbine Legend,L1T,L
A641FD,N502GJ,CRJ7,BOMBARDIER Regional Jet CRJ-700,L2J,M
A643FD,N5022A,BOLT,STEEN Skybolt,L1P,L
A644FD,N5029M,TAYB,TAYLORCRAFT BC/BF/BL,L1P,L
A64CFD,N505EX,B505,BELL 505 JetRanger X,H1T,L
A64FFD,N5058K,CH7A,BELLANCA 7 Champion,L1P,L
A653FD,N507AM,AS50,AEROSPATIALE AS-350 Ecureuil,H1T,L
A656FD,N5075E,CH70,ZENAIR CH-701 Stol,L1P,L
A657FD,N508DK,SR22,CIRRUS SR-22,L1P,L
A65CFD,N509SP,C172,CESSNA 172 Skyhawk,L1P,L
A65EFD,N5099L,TRDO,TITAN Tornado SS,L1P,L
A663FD,N5101U,C82T,CESSNA TR182 Turbo Skylane RG,L1P,L
A666FD,N511UW,EC35,AIRBUS HELICOPTERS EC-135/635,H2T,L
A667FD,N5113X,CH7A,BELLANCA 7 Champion,L1P,L
A66EFD,N5130S,P28B,PIPER PA-28-201T/235/236,L1P,L
A66FFD,N51373,C150,CESSNA 150,L1P,L
A674FD,N515LA,SR20,CIRRUS SR-20,L1P,L
A67DFD,N5171T,CH7A,BELLANCA 7 Champion,L1P,L
A67EFD,N51784,C82T,CESSNA TR182 Turbo Skylane RG,L1P,L
A681FD,N5183W,P210,CESSNA P210 Centurion,L1P,L
A683FD,N519MM,VTRA,RANS Venterra,L1P,L
A689FD,N520LW,RV10,VANS RV-10,L1P,L
A68FFD,N5217L,P28A,PIPER PA-28-140/150/160/180,L1P,L
A691FD,N522SS,C185,CESSNA 185 Skywagon,L1P,L
A696FD,N5234F,C172,CESSNA 172 Skyhawk,L1P,L
A697FD,N524CA,C402,CESSNA 402 Businessliner,L2P,L
A69BFD,N525EZ,C25C,CESSNA 525C Citation CJ4,L2J,M
A69CFD,N525RE,C25B,CESSNA 525B Citation CJ3,L2J,L
A69EFD,N5258M,BALL,,B0-,-
A6A5FD,N5275G,C310,CESSNA 310,L2P,L
A6ABFD,N529SR,SR22,CIRRUS SR-22,L1P,L
A6ACFD,N5292B,BALL,,B0-,-
A6B2FD,N5301W,SS2T,TRUSH Turbo Thrush 500/550,L1T,L
A6B3FD,N53087,C172,CESSNA 172 Skyhawk,L1P,L
A6B6FD,N5313Z,PA22,PIPER PA-22,L1P,L
A6BDFD,N5330U,C72R,CESSNA 172R Cutlass RG,L1P,L
A6C5FD,N53540,C172,CESSNA 172 Skyhawk,L1P,L
A6C9FD,N53663,C172,CESSNA 172 Skyhawk,L1P,L
A6D5FD,N54EF,ULAC,,L0-,-
A6D8FD,N540LY,PTS1,PITTS S-1 Special,L1P,L
A6DDFD,N5410B,C182,CESSNA 182 Skylane,L1P,L
A6E2FD,N5429R,C172,CESSNA 172 Skyhawk,L1P,L
A6EDFD,N5458P,C152,CESSNA 152,L1P,L
A6F0FD,N5463F,PA34,PIPER PA-34 Seneca,L2P,L
A6FBFD,N5492D,BE35,BEECH 35 Starfire Bonanza,L1P,L
A6FCFD,N5499Q,C152,CESSNA 152,L1P,L
A702FD,N55089,PA32,PIPER PA-32,L1P,L
A705FD,N55131,P28R,PIPER PA-28R-180/200/201,L1P,L
A70CFD,N5530W,P28A,PIPER PA-28-140/150/160/180,L1P,L
A70DFD,N55377,ST75,STEARMAN Kaydet,L1P,L
A711FD,N555,ST75,STEARMAN Kaydet,L1P,L
A713FD,N555WL,C560,CESSNA 560 Citation Ultra,L2J,M
A714FD,N55542,P28A,PIPER PA-28-140/150/160/180,L1P,L
A716FD,N556PC,PA44,PIPER PA-44 Seminole,L2P,L
A718FD,N55665,P28B,PIPER PA-28-201T/235/236,L1P,L
A71AFD,N557SA,BE36,BEECH 36 Bonanza,L1P,L
A71BFD,N5571X,SS2P,ROCKWELL Thrush Commander,L1P,L
A71DFD,N558JT,P46T,PIPER PA-46-500TP,L1T,L
A71FFD,N55830,P28R,PIPER PA-28R-180/200/201,L1P,L
A720FD,N559BK,SF50,CIRRUS SF-50 Vision,L1J,L
A72DFD,N5617Q,M20P,MOONEY M-20,L1P,L
A731FD,N5629T,C172,CESSNA 172 Skyhawk,L1P,L
A738FD,N5646N,M5,MAULE M-5,L1P,L
A73BFD,N5651E,M6,MAULE M-6,L1P,L
A73CFD,N5658R,C172,CESSNA 172 Skyhawk,L1P,L
A740FD,N567AT,SR22,CIRRUS SR-22,L1P,L
A744FD,N568DR,BE30,BEECH 300 Super King Air,L2T,L
A746FD,N5680C,C414,CESSNA 414 Chancellor,L2P,L
A747FD,N5687P,EN28,ENSTROM F-28,H1P,L
A74AFD,N5692F,,,,
A74CFD,N57KM,ZZZZ,,-0-,-
A750FD,N57010,PARA,,P0-,-
A751FD,N5709A,C172,CESSNA 172 Skyhawk,L1P,L
A752FD,N571JW,HIGH,JUST JA20 Highlander,L1P,L
A754FD,N57133,T206,CESSNA T206 Turbo Stationair,L1P,L
A759FD,N573EL,HUSK,CHRISTEN Husky,L1P,L
A75AFD,N573QS,C56X,CESSNA 560XL Citation XLS,L2J,M
A75FFD,N57421,CH7B,BELLANCA 7 Citabria,L1P,L
A760FD,N575AA,C210,CESSNA 201 Centurion,L1P,L
A767FD,N57667,CH7B,BELLANCA 7 Citabria,L1P,L
A768FD,N577FX,CL35,BOMBARDIER BD-100 Challenger 350,L2J,M
A769FD,N577SC,CRUZ,CSA PS-28 Cruiser,L1P,L
A76AFD,N5771Z,PA22,PIPER PA-22,L1P,L
A76CFD,N578JV,DISC,SCHEMPP-HIRTH Discus,L1P,L
A76EFD,N57832,PA36,PIPER PA-36 Pawnee Brave,L1P,L
A770FD,N579MT,DRON,,D0-,-
A775FD,N580AW,C56X,CESSNA 560XL Citation XLS,L2J,M
A778FD,N5805P,PA24,PIPER PA-24 Comanche,L1P,L
A77BFD,N5810F,PRM1,RAYTHEON 390 Premier 1,L2J,L
A77FFD,N5822J,C182,CESSNA 182 Skylane,L1P,L
A780FD,N5829V,GLID,,L0-,-
A785FD,N584NN,CRJ9,BOMBARDIER Regional Jet CRJ-900,L2J,M
A787FD,N5846Q,M20P,MOONEY M-20,L1P,L
A788FD,N585FE,MD11,MCDONNELL-DOUGLAS MD-11,L3J,H
A78BFD,N5858T,C182,CESSNA 182 Skylane,L1P,L
A790FD,N587MA,P28A,PIPER PA-28-140/150/160/180,L1P,L
A795FD,N5880E,C172,CESSNA 172 Skyhawk,L1P,L
A79BFD,N59KP,RV4,VANS RV-4,L1P,L
A79DFD,N590G,PA46,PIPER PA-46-310/350,L1P,L
A7A0FD,N5909C,CH70,ZENAIR CH-701 Stol,L1P,L
A7A7FD,N59258,T210,CESSNA T210 Turbo Centurion,L1P,L
A7ABFD,N5938A,C172,CESSNA 172 Skyhawk,L1P,L
A7ADFD,N594TS,S22T,CIRRUS SR-22T Turbo,L1P,L
A7AFFD,N595AC,BL8,BELLANCA 8 Decathlon,L1P,L
A7B6FD,N59669,PA36,PIPER PA-36 Pawnee Brave,L1P,L
A7C2FD,N6EM,PTS2,PITTS S-2 Special,L1P,L
A7C3FD,N6QT,C182,CESSNA 182 Skylane,L1P,L
A7C4FD,N60AY,PA31,PIPER PA-31-300/310/325/350/425,L2P,L
A7C9FD,N60027,BE23,BEECH 23 Sundowner,L1P,L
A7CBFD,N601LN,CH60,ZENAIR CH-600 Zodiac,L1P,L
A7D0FD,N602ZS,,,,
A7D1FD,N6027C,C82R,CESSNA R182 Skylane RG,L1P,L
A7D4FD,N60315,C150,CESSNA 150,L1P,L
A7D7FD,N604VG,CL60,BOMBARDIER CL-600 Challenger,L2J,M
A7D8FD,N60438,BALL,,B0-,-
A7DDFD,N606ER,BE19,BEECH 19 Sport,L1P,L
A7DFFD,N60603,C172,CESSNA 172 Skyhawk,L1P,L
A7E5FD,N608LM,E145,EMBRAER ERJ-145,L2J,M
A7E7FD,N60849,CJ6,NANCHANG CJ-6,L1P,L
A7E8FD,N609DD,M6,MAULE M-6,L1P,L
A7EBFD,N6097B,C182,CESSNA 182 Skylane,L1P,L
A7ECFD,N61GB,BE40,BEECH 400 Beechjet,L2J,M
A7F2FD,N611FL,P28A,PIPER PA-28-140/150/160/180,L1P,L
A7F3FD,N611RS,BE36,BEECH 36 Bonanza,L1P,L
A7F4FD,N6111N,C82R,CESSNA R182 Skylane RG,L1P,L
A7F5FD,N6118Z,EXEC,ROTORWAY Exec,H1P,L
A7F8FD,N6123R,PARA,,P0-,-
A7FCFD,N6135U,SS2T,TRUSH Turbo Thrush 500/550,L1T,L
A800FD,N6147X,ULAC,,L0-,-
A803FD,N6152P,,,,
A804FD,N61590,BT36,BEECH B36TC Bonanza,L1P,L
A808FD,N617CM,P28B,PIPER PA-28-201T/235/236,L1P,L
A80BFD,N6176V,LA4,LAKE LA-4/200,A1P,L
A80DFD,N618RR,CL60,BOMBARDIER CL-600 Challenger,L2J,M
A80EFD,N6181M,S108,STINSON 108 Voyager,L1P,L
A80FFD,N6188Y,T210,CESSNA T210 Turbo Centurion,L1P,L
A810FD,N619JH,VALI,CONVAIR Valiant,L1P,L
A811FD,N619UP,BALL,,B0-,-
A812FD,N6193Q,C320,CESSNA 320 Skyknight,L2P,L
A813FD,N62B,SF50,CIRRUS SF-50 Vision,L1J,L
A81DFD,N622DG,HUSK,CHRISTEN Husky,L1P,L
A825FD,N624KC,S22T,CIRRUS SR-22T Turbo,L1P,L
A827FD,N6244,ZZZZ,,-0-,-
A82BFD,N6256C,P28R,PIPER PA-28R-180/200/201,L1P,L
A831FD,N627TX,C56X,CESSNA 560XL Citation XLS,L2J,M
A836FD,N6285A,C182,CESSNA 182 Skylane,L1P,L
A837FD,N629DF,PC12,PILATUS PC-12,L1T,L
A844FD,N63181,C150,CESSNA 150,L1P,L
A848FD,N633BC,C172,CESSNA 172 Skyhawk,L1P,L
A855FD,N636WC,C182,CESSNA 182 Skylane,L1P,L
A857FD,N637CP,C82T,CESSNA TR182 Turbo Skylane RG,L1P,L
A85DFD,N6381P,PA24,PIPER PA-24 Comanche,L1P,L
A861FD,N6393S,BE33,BEECH 33 Bonanza,L1P,L
A862FD,N64BB,C150,CESSNA 150,L1P,L
A864FD,N64XP,H25B,HAWKER BEECHCRAFT Hawker 750/850,L2J,M
A866FD,N640U,G164,GRUMMAN G-164 Ag-Cat,L1P,L
A86FFD,N6427G,C150,CESSNA 150,L1P,L
A886FD,N649DH,C82S,CESSNA T182 Turbo Skylane,L1P,L
A887FD,N649PP,E145,EMBRAER ERJ-145,L2J,M
A889FD,N6497F,C182,CESSNA 182 Skylane,L1P,L
A88AFD,N65GF,J3,PIPER J-3 Cub,L1P,L
A88CFD,N650CS,B734,BOEING 737-400,L2J,M
A891FD,N651RW,E170,EMBRAER ERJ-170-100,L2J,M
A896FD,N6523V,C72R,CESSNA 172R Cutlass RG,L1P,L
A89AFD,N6535Y,T210,CESSNA T210 Turbo Centurion,L1P,L
A89EFD,N65471,C172,CESSNA 172 Skyhawk,L1P,L
A89FFD,N655HA,B06,BELL 206 JetRanger,H1T,L
A8A1FD,N6552T,C150,CESSNA 150,L1P,L
A8A2FD,N65594,BE17,BEECH 17 Staggerwing,L1P,L
A8ABFD,N658RV,RV14,VANS RV-14,L1P,L
A8ACFD,N6581R,BE24,BEECH 24 Sierra,L1P,L
A8ADFD,N65882,GLID,,L0-,-
A8AFFD,N659UT,,,,
A8B0FD,N6593U,BE58,BEECH 58 Baron,L2P,L
A8B1FD,N66BD,C172,CESSNA 172 Skyhawk,L1P,L
A8B2FD,N66MK,RV8,VANS RV-8,L1P,L
A8B9FD,N661X,ONEX,SONEX Onex,L1P,L
A8BEFD,N6627J,P28A,PIPER PA-28-140/150/160/180,L1P,L
A8C2FD,N6639M,S108,STINSON 108 Voyager,L1P,L
A8C9FD,N6656G,C188,CESSNA 188 AgTruck,L1P,L
A8CAFD,N666EX,,,,
A8CBFD,N666RC,,,,
A8CFFD,N667UA,B763,BOEING 767-300,L2J,H
A8D0FD,N6673B,C310,CESSNA 310,L2P,L
A8D1FD,N668AM,CH2T,ZENAIR CH-2000 Zenith,L1P,L
A8D5FD,N669DK,M7,MAULE M-7,L1P,L
A8D8FD,N6697H,J3,PIPER J-3 Cub,L1P,L
A8D9FD,N67GH,C25C,CESSNA 525C Citation CJ4,L2J,M
A8DAFD,N67SP,P32R,PIPER PA-32R-300/301/301T,L1P,L
A8DCFD,N670P,SR22,CIRRUS SR-22,L1P,L
A8E1FD,N6711U,M20P,MOONEY M-20,L1P,L
A8E5FD,N6723X,C310,CESSNA 310,L2P,L
A8F2FD,N676LA,AT5T,AIR TRACTOR AT-504,L1T,L
A8F8FD,N67761,B06,BELL 206 JetRanger,H1T,L
A901FD,N68MM,BT36,BEECH B36TC Bonanza,L1P,L
A902FD,N68XT,ZZZZ,,-0-,-
A909FD,N6815H,J3,PIPER J-3 Cub,L1P,L
A90DFD,N6827L,C340,CESSNA 340 Super,L2P,L
A911FD,N6839P,PA24,PIPER PA-24 Comanche,L1P,L
A915FD,N685CA,P46T,PIPER PA-46-500TP,L1T,L
A918FD,N6856J,P28A,PIPER PA-28-140/150/160/180,L1P,L
A930FD,N6911W,P28R,PIPER PA-28R-180/200/201,L1P,L
A931FD,N69187,C152,CESSNA 152,L1P,L
A93FFD,N6952X,BALL,,B0-,-
A950FD,N7MP,S22T,CIRRUS SR-22T Turbo,L1P,L
A951FD,N7XV,BL8,BELLANCA 8 Decathlon,L1P,L
A954FD,N700EL,TBM7,SOCATA TBM-700A/B/C,L1T,L
A955FD,N700QS,CL35,BOMBARDIER BD-100 Challenger 350,L2J,M
A956FD,N7000Y,PA30,PIPER PA-30 Twin Comanche,L2P,L
A958FD,N701HJ,CH70,ZENAIR CH-701 Stol,L1P,L
A95BFD,N702AA,TBM7,SOCATA TBM-700A/B/C,L1T,L
A963FD,N704FX,C150,CESSNA 150,L1P,L
A964FD,N704SC,CRUZ,CSA PS-28 Cruiser,L1P,L
A965FD,N7041Z,PA25,PIPER PA-25 Pawnee,L1P,L
A969FD,N70532,J3,PIPER J-3 Cub,L1P,L
A96BFD,N706MT,B407,BELL 407,H1T,L
A96DFD,N70655,C182,CESSNA 182 Skylane,L1P,L
A971FD,N70778,C182,CESSNA 182 Skylane,L1P,L
A975FD,N709A,,,,
A978FD,N70943,J3,PIPER J-3 Cub,L1P,L
A97AFD,N71PD,GB1,GAME COMPOSITES GameBird,L1P,L
A97BFD,N71ZK,C120,CESSNA 120,L1P,L
A97FFD,N711CG,SR22,CIRRUS SR-22,L1P,L
A980FD,N711NN,COL4,CESSNA 400 Corvalis TT,L1P,L
A982FD,N7116Q,C172,CESSNA 172 Skyhawk,L1P,L
A987FD,N713JC,ULAC,,L0-,-
A989FD,N7133K,ULAC,,L0-,-
A98DFD,N7145N,BE35,BEECH 35 Starfire Bonanza,L1P,L
A98EFD,N715DT,O1,CESSNA 305/341 Bird Dog,L1P,L
A995FD,N7169U,BE65,BEECH 65 Queen Air,L2P,L
A997FD,N717VV,C172,CESSNA 172 Skyhawk,L1P,L
A999FD,N718CF,GALX,GULFSTREAM G200,L2J,M
A99DFD,N719FD,A306,AIRBUS A-300-600,L2J,H
A9A1FD,N72JB,SA30,STOLP Starduster Too,L1P,L
A9A5FD,N72000,L8,LUSCOMBE 8,L1P,L
A9A7FD,N721HL,M20P,MOONEY M-20,L1P,L
A9A8FD,N721TS,ACAM,LEZA Air Cam,L2P,L
A9A9FD,N72123,C120,CESSNA 120,L1P,L
A9AAFD,N722AC,T6,NORTH AMERICAN T-6 Texan,L1P,L
A9AFFD,N723PG,C72R,CESSNA 172R Cutlass RG,L1P,L
A9B5FD,N7249B,BE35,BEECH 35 Starfire Bonanza,L1P,L
A9BCFD,N72657,C140,CESSNA 140,L1P,L
A9BDFD,N727EM,C172,CESSNA 172 Skyhawk,L1P,L
A9C8FD,N73D,PTS1,PITTS S-1 Special,L1P,L
A9C9FD,N73PF,P28A,PIPER PA-28-140/150/160/180,L1P,L
A9D4FD,N7321J,BALL,,B0-,-
A9D6FD,N733JE,C172,CESSNA 172 Skyhawk,L1P,L
A9D8FD,N7333M,C175,CESSNA 175 Skylark,L1P,L
A9D9FD,N734AX,C172,CESSNA 172 Skyhawk,L1P,L
A9DAFD,N734MC,C172,CESSNA 172 Skyhawk,L1P,L
A9DCFD,N7345Q,C182,CESSNA 182 Skylane,L1P,L
A9DDFD,N735DV,C182,CESSNA 182 Skylane,L1P,L
A9DFFD,N7350G,C172,CESSNA 172 Skyhawk,L1P,L
A9E3FD,N7362K,C172,CESSNA 172 Skyhawk,L1P,L
A9E5FD,N737KR,B737,BOEING 737-700,L2J,M
A9E6FD,N737VX,C182,CESSNA 182 Skylane,L1P,L
A9E7FD,N7374N,C182,CESSNA 182 Skylane,L1P,L
A9EBFD,N7386R,BE95,BEECH 95 Travel Air,L2P,L
A9F0FD,N74JD,TB20,SOCATA TB-20 Trinidad,L1P,L
A9F1FD,N74UK,S22T,CIRRUS SR-22T Turbo,L1P,L
A9F4FD,N74002,BALL,,B0-,-
AA02FD,N744SG,BL8,BELLANCA 8 Decathlon,L1P,L
AA03FD,N74413,B14A,BELLANCA 14,L1P,L
AA0EFD,N74701,M20P,MOONEY M-20,L1P,L
AA0FFD,N7478B,CH7A,BELLANCA 7 Champion,L1P,L
AA12FD,N74824,AA5,AMERICAN AA-5 Tiger,L1P,L
AA17FD,N75DB,SA30,STOLP Starduster Too,L1P,L
AA23FD,N7521L,BALL,,B0-,-
AA24FD,N7528X,C172,CESSNA 172 Skyhawk,L1P,L
AA27FD,N7533P,PA24,PIPER PA-24 Comanche,L1P,L
AA29FD,N754ME,C82S,CESSNA T182 Turbo Skylane,L1P,L
AA2FFD,N7557V,C77R,CESSNA 177RG Cardinal RG,L1P,L
AA37FD,N758CK,,,,
AA3EFD,N7598W,P28A,PIPER PA-28-140/150/160/180,L1P,L
AA44FD,N7608E,B14A,BELLANCA 14,L1P,L
AA4BFD,N7625,GLID,,L0-,-
AA52FD,N76415,C140,CESSNA 140,L1P,L
AA53FD,N7649F,P32R,PIPER PA-32R-300/301/301T,L1P,L
AA54FD,N765KA,DHC3,DE HAVILLAND DHC-3 Otter,L1P,L
AA57FD,N766BT,DRON,,D0-,-
AA5AFD,N7666A,C180,CESSNA  180 Skywagon,L1P,L
AA5BFD,N767ER,R22,ROBINSON R-22 Mariner,H1P,L
AA5EFD,N7678D,PA18,PIPER PA-18 Super Cub,L1P,L
AA61FD,N76826,C120,CESSNA 120,L1P,L
AA64FD,N769WT,BE36,BEECH 36 Bonanza,L1P,L
AA66FD,N77DD,R44,ROBINSON R-44 Raven,H1P,L
AA67FD,N77PK,PA46,PIPER PA-46-310/350,L1P,L
AA6AFD,N770WB,PISI,PIPSTREL Sinus,L1P,L
AA6FFD,N7716W,P28A,PIPER PA-28-140/150/160/180,L1P,L
AA71FD,N772RS,BALL,,B0-,-
AA72FD,N7721N,P28A,PIPER PA-28-140/150/160/180,L1P,L
AA77FD,N774BA,PC9,PILATUS PC-9 Hudournik,L1T,L
AA7AFD,N7745U,C172,CESSNA 172 Skyhawk,L1P,L
AA81FD,N7762P,PA24,PIPER PA-24 Comanche,L1P,L
AA89FD,N7786V,A9,NORTH AMERICAN ROCKWELL A-9 Sparrow Commander,L1P,L
AA8EFD,N78JH,GLAS,Glasair,L1P,L
AA92FD,N78006,GC1,GLOBE Swift,L1P,L
AA99FD,N782WW,C72R,CESSNA 172R Cutlass RG,L1P,L
AA9AFD,N7825B,AR11,AERONCA 11 Chief,L1P,L
AA9BFD,N783DG,C172,CESSNA 172 Skyhawk,L1P,L
AAA1FD,N78417,C188,CESSNA 188 AgTruck,L1P,L
AAA2FD,N7849H,PA12,PIPER PA-12 Super Cruiser,L1P,L
AAAAFD,N787ET,SR20,CIRRUS SR-20,L1P,L
AAACFD,N78705,PA12,PIPER PA-12 Super Cruiser,L1P,L
AAB0FD,N78828,PA11,PIPER PA-11 Cub Special,L1P,L
AAB1FD,N789AH,C208,CESSNA 208 Caravan,L1T,L
AAB5FD,N79DF,BE95,BEECH 95 Travel Air,L2P,L
AABAFD,N7904V,C180,CESSNA  180 Skywagon,L1P,L
AABEFD,N7916Y,PA30,PIPER PA-30 Twin Comanche,L2P,L
AAC4FD,N793US,DA40,DIAMOND DA-40 Club Star,L1P,L
AAC5FD,N7933T,C175,CESSNA 175 Skylark,L1P,L
AAC6FD,N794BC,E545,EMBRAER EMB545 Praetor 500,L2J,M
AAC9FD,N7945W,P28A,PIPER PA-28-140/150/160/180,L1P,L
AAD3FD,N797WC,F2TH,DASSAULT Falcon 2000,L2J,M
AAD5FD,N798CP,J3,PIPER J-3 Cub,L1P,L
AADEFD,N8UR,BE58,BEECH 58 Baron,L2P,L
AADFFD,N80EW,S76,SIKORSKY S-76 Spirit,H2T,L
AAE1FD,N800BG,C340,CESSNA 340 Super,L2P,L
AAE4FD,N80050,PTS2,PITTS S-2 Special,L1P,L
AAE8FD,N80173,C172,CESSNA 172 Skyhawk,L1P,L
AAE9FD,N802HC,AT8T,AIR TRACTOR AT-802,L1T,M
AAEAFD,N802TJ,B734,BOEING 737-400,L2J,M
AAECFD,N80296,C172,CESSNA 172 Skyhawk,L1P,L
AAEFFD,N8034Y,PA30,PIPER PA-30 Twin Comanche,L2P,L
AAF0FD,N804CT,AT8T,AIR TRACTOR AT-802,L1T,M
AAF1FD,N804NZ,AT8T,AIR TRACTOR AT-802,L1T,M
AAF3FD,N80461,CH7A,BELLANCA 7 Champion,L1P,L
AAF6FD,N8051T,C175,CESSNA 175 Skylark,L1P,L
AAFBFD,N807BF,WW24,IAI 1124 Westwind,L2J,M
AAFCFD,N807MM,CL60,BOMBARDIER CL-600 Challenger,L2J,M
AB02FD,N80872,C172,CESSNA 172 Skyhawk,L1P,L
AB05FD,N8092U,BALL,,B0-,-
AB06FD,N80995,GC1,GLOBE Swift,L1P,L
AB07FD,N81L,C140,CESSNA 140,L1P,L
AB08FD,N81WF,SR22,CIRRUS SR-22,L1P,L
AB09FD,N810GL,,,,
AB0AFD,N810SS,C25A,CESSNA 525A Citation CJ2,L2J,L
AB0BFD,N8102C,RV6,VANS RV-6,L1P,L
AB0FFD,N8114F,P28A,PIPER PA-28-140/150/160/180,L1P,L
AB16FD,N8131A,J3,PIPER J-3 Cub,L1P,L
AB1AFD,N8143D,SR22,CIRRUS SR-22,L1P,L
AB1EFD,N8155G,P28A,PIPER PA-28-140/150/160/180,L1P,L
AB1FFD,N816DM,BALL,,B0-,-
AB22FD,N8167K,BT36,BEECH B36TC Bonanza,L1P,L
AB24FD,N817SR,SR22,CIRRUS SR-22,L1P,L
AB26FD,N8179N,P28A,PIPER PA-28-140/150/160/180,L1P,L
AB28FD,N818VP,ULAC,,L0-,-
AB2AFD,N819C,PA32,PIPER PA-32,L1P,L
AB2FFD,N82RD,GLST,GLASAIR SH-4 GlaStar,L1P,L
AB33FD,N82052,CH7A,BELLANCA 7 Champion,L1P,L
AB3AFD,N8222X,C172,CESSNA 172 Skyhawk,L1P,L
AB3CFD,N823LC,C82S,CESSNA T182 Turbo Skylane,L1P,L
AB40FD,N824PA,P28A,PIPER PA-28-140/150/160/180,L1P,L
AB4DFD,N82751,PA18,PIPER PA-18 Super Cub,L1P,L
AB50FD,N8280T,C175,CESSNA 175 Skylark,L1P,L
AB51FD,N82874,CH7A,BELLANCA 7 Champion,L1P,L
AB54FD,N8292W,P28A,PIPER PA-28-140/150/160/180,L1P,L
AB57FD,N83WH,C82S,CESSNA T182 Turbo Skylane,L1P,L
AB5BFD,N8309R,P28A,PIPER PA-28-140/150/160/180,L1P,L
AB5EFD,N8314H,,,,
AB62FD,N8326L,P28R,PIPER PA-28R-180/200/201,L1P,L
AB65FD,N8331C,P28A,PIPER PA-28-140/150/160/180,L1P,L
AB66FD,N8338P,PA24,PIPER PA-24 Comanche,L1P,L
AB6DFD,N8355J,C150,CESSNA 150,L1P,L
AB71FD,N8367M,C150,CESSNA 150,L1P,L
AB74FD,N8372D,BE35,BEECH 35 Starfire Bonanza,L1P,L
AB75FD,N8379Q,C185,CESSNA 185 Skywagon,L1P,L
AB78FD,N8384G,C150,CESSNA 150,L1P,L
AB7DFD,N84F,,,,
AB7EFD,N84RF,AS24,SCHLEICHER ASW-24,L1P,L
AB82FD,N84054,P28A,PIPER PA-28-140/150/160/180,L1P,L
AB85FD,N8410W,P28A,PIPER PA-28-140/150/160/180,L1P,L
AB86FD,N84177,CH7A,BELLANCA 7 Champion,L1P,L
AB89FD,N8422Z,C210,CESSNA 201 Centurion,L1P,L
AB8AFD,N843,IS28,IAR IS-28M2,L1P,L
AB8DFD,N84342,C172,CESSNA 172 Skyhawk,L1P,L
AB91FD,N84465,C172,CESSNA 172 Skyhawk,L1P,L
AB94FD,N8451X,C172,CESSNA 172 Skyhawk,L1P,L
AB96FD,N846JT,M20P,MOONEY M-20,L1P,L
AB98FD,N84630,CH7A,BELLANCA 7 Champion,L1P,L
AB99FD,N847BK,CH80,ZENAIR CH-801 Stol,L1P,L
AB9CFD,N84753,C172,CESSNA 172 Skyhawk,L1P,L
ABA2FD,N849TM,RV8,VANS RV-8,L1P,L
ABA3FD,N8492Y,PA30,PIPER PA-30 Twin Comanche,L2P,L
ABA4FD,N84999,CH7A,BELLANCA 7 Champion,L1P,L
ABA5FD,N85LD,LGEZ,RUTAN Long-EZ,L1P,L
ABA6FD,N85WK,J3,PIPER J-3 Cub,L1P,L
ABA8FD,N850SW,PC12,PILATUS PC-12,L1T,L
ABB1FD,N8526N,P28B,PIPER PA-28-201T/235/236,L1P,L
ABB4FD,N8531E,CH7A,BELLANCA 7 Champion,L1P,L
ABB6FD,N854JA,C550,CESSNA 550 Citation S2,L2J,L
ABB8FD,N8543H,LA4,LAKE LA-4/200,A1P,L
ABBCFD,N8555L,PA25,PIPER PA-25 Pawnee,L1P,L
ABBDFD,N856DR,C170,CESSNA 170,L1P,L
ABBFFD,N8560C,PA18,PIPER PA-18 Super Cub,L1P,L
ABC0FD,N8567P,PA24,PIPER PA-24 Comanche,L1P,L
ABC4FD,N8579S,C182,CESSNA 182 Skylane,L1P,L
ABC5FD,N858KM,RV6,VANS RV-6,L1P,L
ABC7FD,N8584J,C150,CESSNA 150,L1P,L
ABD3FD,N861QS,RV6,VANS RV-6,L1P,L
ABD4FD,N8610Y,PARA,,P0-,-
ABD8FD,N86221,AR11,AERONCA 11 Chief,L1P,L
ABDCFD,N86344,E75L,EMBRAER ERJ-170-200 (long wing),L2J,M
ABE2FD,N865SC,PA34,PIPER PA-34 Seneca,L2P,L
ABEEFD,N8680X,C180,CESSNA  180 Skywagon,L1P,L
ABF0FD,N869HH,B736,BOEING 737-600,L2J,M
ABF2FD,N86920,B14A,BELLANCA 14,L1P,L
ABF3FD,N87A,PA23,PIPER PA-23,L2P,L
ABF5FD,N87WM,C180,CESSNA  180 Skywagon,L1P,L
ABF9FD,N8709V,CH7B,BELLANCA 7 Citabria,L1P,L
ABFCFD,N8714M,BE23,BEECH 23 Sundowner,L1P,L
ABFEFD,N872NN,B738,BOEING 737-800,L2J,M
AC01FD,N873FE,C208,CESSNA 208 Caravan,L1T,L
AC03FD,N8731G,C150,CESSNA 150,L1P,L
AC07FD,N8743K,B38M,BOEING 737 MAX 8,L2J,M
AC09FD,N875MA,C150,CESSNA 150,L1P,L
AC0EFD,N8760E,P32R,PIPER PA-32R-300/301/301T,L1P,L
AC16FD,N8784L,PA25,PIPER PA-25 Pawnee,L1P,L
AC1AFD,N8796P,PA24,PIPER PA-24 Comanche,L1P,L
AC1BFD,N88FD,VENT,SCHEMPP-HIRTH Ventus,L1P,L
AC1CFD,N88RK,C182,CESSNA 182 Skylane,L1P,L
AC1EFD,N880MW,,,,
AC20FD,N88058,J3,PIPER J-3 Cub,L1P,L
AC23FD,N88100,J3,PIPER J-3 Cub,L1P,L
AC27FD,N88223,CH7B,BELLANCA 7 Citabria,L1P,L
AC28FD,N883AC,P28R,PIPER PA-28R-180/200/201,L1P,L
AC2BFD,N88346,E75L,EMBRAER ERJ-170-200 (long wing),L2J,M
AC32FD,N88511,J3,PIPER J-3 Cub,L1P,L
AC33FD,N8859B,C172,CESSNA 172 Skyhawk,L1P,L
AC3EFD,N8888,F2TH,DASSAULT Falcon 2000,L2J,M
AC43FD,N89LH,FOX,KITFOX,L1P,L
AC44FD,N89WP,ULAC,,L0-,-
AC46FD,N890T,LNP4,LANCAIR PropJet 4,L1T,L
AC47FD,N8902L,PA25,PIPER PA-25 Pawnee,L1P,L
AC48FD,N8909X,C182,CESSNA 182 Skylane,L1P,L
AC4BFD,N8914P,R44,ROBINSON R-44 Raven,H1P,L
AC4FFD,N8926S,C150,CESSNA 150,L1P,L
AC65FD,N8984N,PA32,PIPER PA-32,L1P,L
AC66FD,N899CH,GLEX,BOMBARDIER BD-700 Global 6000/6500,L2J,M
AC69FD,N8996R,,,,
AC6AFD,N9FF,M5,MAULE M-5,L1P,L
AC6FFD,N900JJ,RV9,VANS RV-9,L1P,L
AC72FD,N901BA,BE20,BEECH 200 Super King Air,L2T,M
AC73FD,N901MG,SRAI,GREAT PLAINS Sonerai,L1P,L
AC75FD,N9015U,,,,
AC79FD,N9027X,C182,CESSNA 182 Skylane,L1P,L
AC7FFD,N904WA,C152,CESSNA 152,L1P,L
AC80FD,N9044S,BE35,BEECH 35 Starfire Bonanza,L1P,L
AC81FD,N905CM,P46T,PIPER PA-46-500TP,L1T,L
AC84FD,N9056V,M20P,MOONEY M-20,L1P,L
AC86FD,N906RR,C525,CESSNA 525 CitationJet,L2J,L
AC8AFD,N907UP,,,,
AC8CFD,N908B,B47G,BELL 47G,H1P,L
AC92FD,N9090K,S108,STINSON 108 Voyager,L1P,L
AC93FD,N9097W,P28B,PIPER PA-28-201T/235/236,L1P,L
AC94FD,N91GW,BOLT,STEEN Skybolt,L1P,L
AC95FD,N91TB,TB20,SOCATA TB-20 Trinidad,L1P,L
AC96FD,N910DG,,,,
AC9BFD,N911SL,B06,BELL 206 JetRanger,H1T,L
AC9CFD,N91117,PA18,PIPER PA-18 Super Cub,L1P,L
ACA2FD,N913NA,,,,
ACA4FD,N9136C,C180,CESSNA  180 Skywagon,L1P,L
ACA5FD,N914ET,EC35,AIRBUS HELICOPTERS EC-135/635,H2T,L
ACA7FD,N91405,NAVI,NORTH AMERICAN Navion,L1P,L
ACAAFD,N915TX,PA34,PIPER PA-34 Seneca,L2P,L
ACABFD,N91528,NAVI,NORTH AMERICAN Navion,L1P,L
ACAFFD,N9165A,C170,CESSNA 170,L1P,L
ACB3FD,N9177D,PA22,PIPER PA-22,L1P,L
ACB4FD,N918GD,SH36,SHORT 360,L2T,M
ACB6FD,N91816,C182,CESSNA 182 Skylane,L1P,L
ACBAFD,N91939,J3,PIPER J-3 Cub,L1P,L
ACBCFD,N92N,B407,BELL 407,H1T,L
ACBEFD,N920JL,,,,
ACBFFD,N920US,A321,AIRBUS A-321,L2J,M
ACC0FD,N9203T,C180,CESSNA  180 Skywagon,L1P,L
ACC1FD,N921BC,SF34,SAAB 340,L2T,M
ACC2FD,N921MJ,BE33,BEECH 33 Bonanza,L1P,L
ACC5FD,N922EA,C172,CESSNA 172 Skyhawk,L1P,L
ACCAFD,N923TE,,,,
ACCBFD,N9232R,M7,MAULE M-7,L1P,L
ACCCFD,N92392,J3,PIPER J-3 Cub,L1P,L
ACCFFD,N9244U,C150,CESSNA 150,L1P,L
ACD0FD,N925CP,C172,CESSNA 172 Skyhawk,L1P,L
ACD3FD,N9256X,PA44,PIPER PA-44 Seminole,L2P,L
ACD4FD,N926FM,E135,EMBRAER ERJ-135,L2J,M
ACD6FD,N9261P,PA18,PIPER PA-18 Super Cub,L1P,L
ACD7FD,N92680,C182,CESSNA 182 Skylane,L1P,L
ACDAFD,N9273S,BE23,BEECH 23 Sundowner,L1P,L
ACDEFD,N9285V,M20P,MOONEY M-20,L1P,L
ACE2FD,N9297Y,AA5,AMERICAN AA-5 Tiger,L1P,L
ACE4FD,N93TD,RV9,VANS RV-9,L1P,L
ACE8FD,N9307G,C182,CESSNA 182 Skylane,L1P,L
ACE9FD,N931GG,BE9L,BEECH 90 King Air,L2T,L
ACECFD,N9319K,S108,STINSON 108 Voyager,L1P,L
ACF3FD,N9336E,AR11,AERONCA 11 Chief,L1P,L
ACF6FD,N93407,C152,CESSNA 152,L1P,L
ACF7FD,N9348H,C172,CESSNA 172 Skyhawk,L1P,L
ACFBFD,N936AK,B39M,BOEING 737 MAX 9,L2J,M
AD05FD,N93818,TBM,GRUMMAN G-40 Avenger,L1P,M
AD06FD,N9389J,P28A,PIPER PA-28-140/150/160/180,L1P,L
AD0AFD,N94BW,BE35,BEECH 35 Starfire Bonanza,L1P,L
AD0FFD,N9403V,M20P,MOONEY M-20,L1P,L
AD11FD,N941ML,RV8,VANS RV-8,L1P,L
AD13FD,N9415Y,BE95,BEECH 95 Travel Air,L2P,L
AD1EFD,N9444W,P28B,PIPER PA-28-201T/235/236,L1P,L
AD22FD,N9456Z,B25,CONSOLIDATED B-25 Mitchell,L2P,M
AD25FD,N9461R,T206,CESSNA T206 Turbo Stationair,L1P,L
AD26FD,N94682,C172,CESSNA 172 Skyhawk,L1P,L
AD2DFD,N9485X,C210,CESSNA 201 Centurion,L1P,L
AD30FD,N9490P,PA24,PIPER PA-24 Comanche,L1P,L
AD32FD,N95H,S22T,CIRRUS SR-22T Turbo,L1P,L
AD33FD,N95TF,T206,CESSNA T206 Turbo Stationair,L1P,L
AD35FD,N950PS,BT36,BEECH B36TC Bonanza,L1P,L
AD3AFD,N9512A,C170,CESSNA 170,L1P,L
AD3BFD,N9519M,M20P,MOONEY M-20,L1P,L
AD44FD,N954RC,RV9,VANS RV-9,L1P,L
AD45FD,N95409,C72R,CESSNA 172R Cutlass RG,L1P,L
AD48FD,N955UA,,,,
AD4AFD,N956AM,B407,BELL 407,H1T,L
AD4EFD,N957DK,HIGH,JUST JA20 Highlander,L1P,L
AD51FD,N9577H,WACO,WACO E/O,L1P,L
AD53FD,N958SP,C208,CESSNA 208 Caravan,L1T,L
AD55FD,N9589L,AA5,AMERICAN AA-5 Tiger,L1P,L
AD58FD,N9594C,P28R,PIPER PA-28R-180/200/201,L1P,L
AD5EFD,N9603X,C210,CESSNA 201 Centurion,L1P,L
AD62FD,N96150,TAYB,TAYLORCRAFT BC/BF/BL,L1P,L
AD69FD,N9632V,C172,CESSNA 172 Skyhawk,L1P,L
AD6BFD,N964LA,LA4,LAKE LA-4/200,A1P,L
AD6EFD,N965CT,DV20,DIAMOND DA-20,L1P,L
AD74FD,N9661T,C210,CESSNA 201 Centurion,L1P,L
AD7FFD,N9690R,BE18,BEECH 18 Expetitor,L2P,L
AD80FD,N96972,TAYB,TAYLORCRAFT BC/BF/BL,L1P,L
AD81FD,N97HB,C97,BOEING C-97 Stratofreighter,L4P,M
AD85FD,N9700,BALL,,B0-,-
AD86FD,N9707L,BE24,BEECH 24 Sierra,L1P,L
AD92FD,N974EZ,LGEZ,RUTAN Long-EZ,L1P,L
AD94FD,N9741A,C170,CESSNA 170,L1P,L
AD9DFD,N977DM,C560,CESSNA 560 Citation Ultra,L2J,M
AD9EFD,N977PT,BE20,BEECH 200 Super King Air,L2T,M
ADA1FD,N978GK,BE36,BEECH 36 Bonanza,L1P,L
ADA2FD,N978SR,SR22,CIRRUS SR-22,L1P,L
ADA3FD,N9782B,C180,CESSNA  180 Skywagon,L1P,L
ADA7FD,N9794E,BL17,BELLANCA 17 Viking,L1P,L
ADA9FD,N98NF,TBM7,SOCATA TBM-700A/B/C,L1T,L
ADACFD,N980UY,A321,AIRBUS A-321,L2J,M
ADADFD,N9803Z,C206,CESSNA  206 Stationair,L1P,L
ADB1FD,N98152,P28A,PIPER PA-28-140/150/160/180,L1P,L
ADB8FD,N9832X,C185,CESSNA 185 Skywagon,L1P,L
ADC4FD,N98686,J3,PIPER J-3 Cub,L1P,L
ADC5FD,N987JR,,,,
ADCFFD,N98974,C310,CESSNA 310,L2P,L
ADD0FD,N99HD,PTS1,PITTS S-1 Special,L1P,L
ADD1FD,N99TK,C550,CESSNA 550 Citation S2,L2J,L
ADD4FD,N9900B,C182,CESSNA 182 Skylane,L1P,L
ADD7FD,N991SU,BE20,BEECH 200 Super King Air,L2T,M
ADDDFD,N993CC,PA18,PIPER PA-18 Super Cub,L1P,L
ADE0FD,N9936L,AA1,AMERICAN AA-1,L1P,L
ADE3FD,N9941C,L8,LUSCOMBE 8,L1P,L
ADE8FD,N996AR,B06,BELL 206 JetRanger,H1T,L
ADEEFD,N9970A,C170,CESSNA 170,L1P,L
ADF0FD,N998GM,RV8,VANS RV-8,L1P,L
ADF4FD,N999KK,P28B,PIPER PA-28-201T/235/236,L1P,L
ADF6FD,N9994G,EAGL,CHRISTEN Eagle,L1P,L
ADFCFD,95-0049,BE40,BEECH 400 Beechjet,L2J,M
ADFFFD,70-1586,T38,NORTHROP T-38 Talon,L2J,L
AE00FD,65-10399,T38,NORTHROP T-38 Talon,L2J,L
AE01FD,98-3037,TEX2,BEECHCRAFT T-6 Texan 2,L1T,L
AE03FD,84-00144,BE20,BEECH 200 Super King Air,L2T,M
AE04FD,58-0095,K35R,BOEING KC-135R/T Stratotanker,L4J,H
AE07FD,98-0051,C17,BOEING C-17 Globemaster 3,L4J,H
AE08FD,84-24380,BE20,BEECH 200 Super King Air,L2T,M
AE09FD,95-26661,H60,SIKORSKY UH-60 Black Hawk,H2T,M
AE0AFD,87-24631,H60,SIKORSKY UH-60 Black Hawk,H2T,M
AE0BFD,86-24536,H60,SIKORSKY UH-60 Black Hawk,H2T,M
AE0CFD,87-24597,H60,SIKORSKY UH-60 Black Hawk,H2T,M
AE10FD,01-3609,TEX2,BEECHCRAFT T-6 Texan 2,L1T,L
AE13FD,05-3774,TEX2,BEECHCRAFT T-6 Texan 2,L1T,L
AE14FD,05-27053,H60,SIKORSKY UH-60 Black Hawk,H2T,M
AE16FD,91-0407,F16,GENERAL DYNAMICS F-16 Fighting Falcon,L1J,M
AE18FD,79-0122,A10,FAIRCHILD A-10 Thunderbolt II,L2J,M
AE1FFD,12-72238,EC45,AIRBUS HELICOPTERS EC-145,H2T,L
AE27FD,6012,H60,SIKORSKY UH-60 Black Hawk,H2T,M
AE29FD,166694,B737,BOEING 737-700,L2J,M
AE2BFD,166586,H60,SIKORSKY UH-60 Black Hawk,H2T,M
AE47FD,07-20064,H60,SIKORSKY UH-60 Black Hawk,H2T,M
AE4AFD,08-5692,C30J,LOCKHEED MARTIN C-130J Super Hercules,L4T,M
AE4CFD,10-27029,C27J,ALENIA C-27J Spartan,L2T,M
AE53FD,12-00281,B350,BEECHCRAFT Super King Air 350,L2T,M
AE59FD,16-08204,H47,BOEING-VERTOL CH-47 Chinook,H2T,M
AE5DFD,16-5841,C30J,LOCKHEED MARTIN C-130J Super Hercules,L4T,M
AE5EFD,162817,B06,BELL 206 JetRanger,H1T,L
AE61FD,16-5880,C30J,LOCKHEED MARTIN C-130J Super Hercules,L4T,M
AE63FD,68-8172,T38,NORTHROP T-38 Talon,L2J,L
AE65FD,18-03235,H64,MCDONNELL DOUGLAS AH-64 Apache,H2T,M
C000FD,C-FAJS,GLID,,L0-,-
C001FD,C-FATO,DHC6,DE HAVILLAND DHC-6 Twin Otter,L2T,L
C002FD,C-FBDK,PA30,PIPER PA-30 Twin Comanche,L2P,L
C003FD,C-FBNG,HUSK,CHRISTEN Husky,L1P,L
C004FD,C-FBXC,J3,PIPER J-3 Cub,L1P,L
C005FD,C-FCGY,BALL,,B0-,-
C006FD,C-FCQU,FB1A,BOWERS Fly Baby 1A,L1P,L
C007FD,C-FDAQ,J3,PIPER J-3 Cub,L1P,L
C008FD,C-FDKM,C414,CESSNA 414 Chancellor,L2P,L
C009FD,C-FDUI,AR11,AERONCA 11 Chief,L1P,L
C00AFD,C-FEEE,W62T,WEATHERLY 620TP,L1T,L
C00BFD,C-FEOA,CNUK,FLEET 80 Canuck,L1P,L
C00CFD,C-FEXW,C208,CESSNA 208 Caravan,L1T,L
C00DFD,C-FFHS,DHC2,DE HAVILLAND DHC-2 Beaver,L1P,L
C00EFD,C-FFRO,,,,
C00FFD,C-FGBK,AR11,AERONCA 11 Chief,L1P,L
C011FD,C-FGVC,S108,STINSON 108 Voyager,L1P,L
C012FD,C-FHEY,PA18,PIPER PA-18 Super Cub,L1P,L
C013FD,C-FHOU,,,,
C015FD,C-FIIM,P32R,PIPER PA-32R-300/301/301T,L1P,L
C017FD,C-FJCE,C170,CESSNA 170,L1P,L
C018FD,C-FJMA,PA32,PIPER PA-32,L1P,L
C019FD,C-FJVW,SF34,SAAB 340,L2T,M
C01BFD,C-FKPO,R44,ROBINSON R-44 Raven,H1P,L
C01CFD,C-FKZK,J3,PIPER J-3 Cub,L1P,L
C01DFD,C-FLJG,PA18,PIPER PA-18 Super Cub,L1P,L
C020FD,C-FMMU,L8,LUSCOMBE 8,L1P,L
C023FD,C-FNQI,CH30,ZENAIR CH-300 Tri-Zenith,L1P,L
C025FD,C-FOKA,P32R,PIPER PA-32R-300/301/301T,L1P,L
C026FD,C-FOTW,C208,CESSNA 208 Caravan,L1T,L
C027FD,C-FPDS,TAIL,WITTMAN Tailwind,L1P,L
C029FD,C-FPXK,C172,CESSNA 172 Skyhawk,L1P,L
C02CFD,C-FRAY,,,,
C02DFD,C-FRKU,S108,STINSON 108 Voyager,L1P,L
C02EFD,C-FRUQ,AS50,AEROSPATIALE AS-350 Ecureuil,H1T,L
C02FFD,C-FSEM,CH7B,BELLANCA 7 Citabria,L1P,L
C030FD,C-FSOI,B38M,BOEING 737 MAX 8,L2J,M
C033FD,C-FTRW,P28A,PIPER PA-28-140/150/160/180,L1P,L
C034FD,C-FUBS,VJ22,VOLMER Sportsman,A1P,L
C037FD,C-FVFG,T6,NORTH AMERICAN T-6 Texan,L1P,L
C039FD,C-FVYY,C185,CESSNA 185 Skywagon,L1P,L
C03BFD,C-FWSQ,M20P,MOONEY M-20,L1P,L
C03CFD,C-FXCM,C177,CESSNA  177 Cardinal,L1P,L
C03DFD,C-FXMI,CJ6,NANCHANG CJ-6,L1P,L
C03EFD,C-FXWE,C172,CESSNA 172 Skyhawk,L1P,L
C03FFD,C-FYGA,C180,CESSNA  180 Skywagon,L1P,L
C040FD,C-FYPW,P28A,PIPER PA-28-140/150/160/180,L1P,L
C041FD,C-FYZS,PC12,PILATUS PC-12,L1T,L
C042FD,C-FZJO,P28A,PIPER PA-28-140/150/160/180,L1P,L
C043FD,C-FZTK,UH1,BELL UH-1 Huey,H1T,L
C045FD,C-GANC,ULAC,,L0-,-
C047FD,C-GBGU,G109,GROB G-109,L1P,L
C048FD,C-GBQQ,P28R,PIPER PA-28R-180/200/201,L1P,L
C049FD,C-GCAM,B38M,BOEING 737 MAX 8,L2J,M
C04AFD,C-GCKI,R44,ROBINSON R-44 Raven,H1P,L
C04CFD,C-GDEA,R44,ROBINSON R-44 Raven,H1P,L
C04DFD,C-GDNW,P28A,PIPER PA-28-140/150/160/180,L1P,L
C04EFD,C-GDXS,ERCO,AIR PRODUCTS F-1 Aircoupe,L1P,L
C04FFD,C-GEHO,PA12,PIPER PA-12 Super Cruiser,L1P,L
C050FD,C-GERK,RV7,VANS RV-7,L1P,L
C051FD,C-GFBG,CL2P,CANADAIR CL-215,A2P,M
C052FD,C-GFLC,LA4,LAKE LA-4/200,A1P,L
C054FD,C-GGEU,C152,CESSNA 152,L1P,L
C055FD,C-GGOQ,,,,
C056FD,C-GGYM,P32T,PIPER PA-32RT-300/300T,L1P,L
C057FD,C-GHII,C150,CESSNA 150,L1P,L
C058FD,C-GHSE,PA34,PIPER PA-34 Seneca,L2P,L
C059FD,C-GICA,P28A,PIPER PA-28-140/150/160/180,L1P,L
C05AFD,C-GILW,C337,CESSNA 337 Super Skymaster,L2P,L
C05BFD,C-GIVS,PEGZ,PEGASE AERO Pegazair,L1P,L
C05CFD,C-GJFO,AC90,NORTH AMERICAN ROCKWELL Turbo Commander 690/840,L2T,L
C05DFD,C-GJPK,G164,GRUMMAN G-164 Ag-Cat,L1P,L
C05EFD,C-GJZG,DH8D,DE HAVILLAND DHC-8-400 Dash 8,L2T,M
C05FFD,C-GKJC,,,,
C060FD,C-GKSY,PA31,PIPER PA-31-300/310/325/350/425,L2P,L
C061FD,C-GLCU,C25C,CESSNA 525C Citation CJ4,L2J,M
C062FD,C-GLMQ,AS50,AEROSPATIALE AS-350 Ecureuil,H1T,L
C063FD,C-GLWM,RV10,VANS RV-10,L1P,L
C064FD,C-GMGI,C152,CESSNA 152,L1P,L
C067FD,C-GNJW,C150,CESSNA 150,L1P,L
C068FD,C-GNTS,R44,ROBINSON R-44 Raven,H1P,L
C069FD,C-GODO,,,,
C06AFD,C-GONK,SA02,K&S SA-102.5 Cavalier,L1P,L
C06BFD,C-GOXG,CL35,BOMBARDIER BD-100 Challenger 350,L2J,M
C06FFD,C-GQKQ,PA27,PIPER PA-23-250 Aztec,L2P,L
C070FD,C-GQUM,BT36,BEECH B36TC Bonanza,L1P,L
C071FD,C-GREI,C172,CESSNA 172 Skyhawk,L1P,L
C072FD,C-GROE,C172,CESSNA 172 Skyhawk,L1P,L
C073FD,C-GRYA,R44,ROBINSON R-44 Raven,H1P,L
C074FD,C-GSHW,B06,BELL 206 JetRanger,H1T,L
C075FD,C-GSRS,C172,CESSNA 172 Skyhawk,L1P,L
C076FD,C-GTBO,TB20,SOCATA TB-20 Trinidad,L1P,L
C079FD,C-GUFC,C172,CESSNA 172 Skyhawk,L1P,L
C07AFD,C-GUOY,DHC2,DE HAVILLAND DHC-2 Beaver,L1P,L
C07BFD,C-GUYU,TNDR,DREAM Tundra,L1P,L
C07CFD,C-GVIQ,,,,
C07DFD,C-GVSM,BT36,BEECH B36TC Bonanza,L1P,L
C07FFD,C-GWME,RV9,VANS RV-9,L1P,L
C080FD,C-GWWA,BE10,BEECH 100 King Air,L2T,L
C081FD,C-GXFW,C172,CESSNA 172 Skyhawk,L1P,L
C082FD,C-GXPS,SF34,SAAB 340,L2T,M
C083FD,C-GXZO,PA32,PIPER PA-32,L1P,L
C084FD,C-GYJK,C152,CESSNA 152,L1P,L
C085FD,C-GYTG,C172,CESSNA 172 Skyhawk,L1P,L
C086FD,C-GZDC,CH60,ZENAIR CH-600 Zodiac,L1P,L
C087FD,C-GZMY,ECHO,TECNAM P-92 Echo,L1P,L
C088FD,C-GZWU,,,,
C089FD,C-IAGQ,ULAC,,L0-,-
C08AFD,C-IAQM,ULAC,,L0-,-
C08BFD,C-IBAI,GOLF,TECNAM P-96 Golf,L1P,L
C08CFD,C-IBKE,ULAC,,L0-,-
C08DFD,C-IBUA,ULAC,,L0-,-
C08EFD,C-ICDW,BEVR,ASAP Beaver,L1P,L
C08FFD,C-ICNS,CHIN,ASAP Chinook,L1P,L
C090FD,C-ICXO,ULAC,,L0-,-
C092FD,C-IDRG,ULAC,,L0-,-
C093FD,C-IEBC,,,,
C096FD,C-IFEQ,PARA,,P0-,-
C098FD,C-IFYI,ULAC,,L0-,-
C099FD,C-IGIE,,,,
C09AFD,C-IGSA,,,,
C09CFD,C-IHLS,ULAC,,L0-,-
C09DFD,C-IHVO,,,,
C09EFD,C-IIFK,ULAC,,L0-,-
C0A1FD,C-IJIY,,,,
C0A3FD,C-IKCQ,AVID,AVID Flyer,L1P,L
C0A6FD,C-ILGE,PARA,,P0-,-
C0A7FD,C-ILQA,,,,
C0A8FD,C-ILZW,,,,
C0BAFD,C-ISVC,ULAC,,L0-,-
C0C7FD,C-IXTC,ULAC,,L0-,-
C1E4FD,SERV,SERV,,V0-,-
C1E9FD,SERV,SERV,,V0-,-
C800FD,ZK-TOW,PA18,PIPER PA-18 Super Cub,L1P,L
C801FD,ZK-CRT,CH7B,BELLANCA 7 Citabria,L1P,L
C802FD,ZK-DKD,C172,CESSNA 172 Skyhawk,L1P,L
C806FD,ZK-RJD,P28A,PIPER PA-28-140/150/160/180,L1P,L
C80AFD,ZK-TTO,ULAC,,L0-,-
C80EFD,ZK-XLT,C182,CESSNA 182 Skylane,L1P,L
C810FD,ZK-JFG,C180,CESSNA  180 Skywagon,L1P,L
C811FD,ZK-HBO,B06,BELL 206 JetRanger,H1T,L
C812FD,ZK-COP,PA38,PIPER PA-38 Tomahawk,L1P,L
C813FD,ZK-OAY,T206,CESSNA T206 Turbo Stationair,L1P,L
C814FD,ZK-CAO,PA34,PIPER PA-34 Seneca,L2P,L
C816FD,ZK-MRH,C182,CESSNA 182 Skylane,L1P,L
C817FD,ZK-YAC,YK52,YAKOVLEV Yak-52,L1P,L
C818FD,ZK-MKG,BE9L,BEECH 90 King Air,L2T,L
C81AFD,ZK-TWL,COY2,RANS Coyote 2,L1P,L
C81CFD,ZK-LCA,C510,CESSNA 510 Citation Mustang,L2J,L
C81DFD,ZK-JAD,ULAC,,L0-,-
C81FFD,ZK-19K,ZZZZ,,-0-,-
C820FD,ZK-NJB,BEAR,AVIPRO RB-4 Bearhawk,L1P,L
C823FD,ZK-IRO,EC20,AIRBUS HELICOPTERS EC-120,H1T,L
C824FD,ZK-IOB,H500,HUGHES 500,H1T,L
C827FD,ZK-GSR,VENT,SCHEMPP-HIRTH Ventus,L1P,L
C828FD,ZK-RSG,C180,CESSNA  180 Skywagon,L1P,L
E47DFD,PR-DPF,E145,EMBRAER ERJ-145,L2J,M
E480FD,PR-VDQ,BE20,BEECH 200 Super King Air,L2T,M
E485FD,PT-TRA,BE40,BEECH 400 Beechjet,L2J,M
E48AFD,PR-GUN,B738,BOEING 737-800,L2J,M
E48CFD,PR-JBE,S92,SIKORSKY S-92 Helibus,H2T,M
E48DFD,PR-FYB,E50P,EMBRAER EMB-500 Phenom 100,L2J,L
E493FD,PT-ICT,BE55,BEECH 55 Baron,L2P,L
E495FD,PS-ALV,PC12,PILATUS PC-12,L1T,L
E497FD,PS-AAC,SR22,CIRRUS SR-22,L1P,L
E808FD,CC-PSW,C303,CESSNA T303 Crusader,L2P,L
E88FFD,ZP-BML,P68,PARTENAVIA P-68 Observer,L2P,L
E940FD,CP-3108,B190,BEECH 1900,L2T,M
