0086FF,ZS-ALP,E135,EMBRAER ERJ-135,L2J,M
0087FF,ZS-DAC,C172,CESSNA 172 Skyhawk,L1P,L
008CFF,ZS-EXI,P28A,PIPER PA-28-140/150/160/180,L1P,L
008EFF,ZS-FRA,B190,BEECH 1900,L2T,M
008FFF,ZS-GAW,A320,AIRBUS A-320,L2J,M
0093FF,ZS-HOG,BALL,,B0-,-
00A1FF,ZS-MWC,C150,CESSNA 150,L1P,L
00AEFF,ZS-YDC,E195,EMBRAER ERJ-190-200,L2J,M
00AFFF,ZS-SDY,M20P,MOONEY M-20,L1P,L
00B0FF,ZS-SNU,P32R,PIPER PA-32R-300/301/301T,L1P,L
0100FF,SU-SME,C680,CESSNA 680 Citation Sovereign,L2J,M
038FFF,TU-VMA,AN26,ANTONOV An-26,L2T,M
0640FF,5N-PZE,GLF4,GULFSTREAM 4,L2J,M
06A0FF,A7-ALK,A359,AIRBUS A-350-900,L2J,H
0AC3FF,HK-4845,C172,CESSNA 172 Skyhawk,L1P,L
0B4FFF,TG-RIF,C525,CESSNA 525 CitationJet,L2J,L
0BC3FF,J8-GAW,DHC6,DE HAVILLAND DHC-6 Twin Otter,L2T,L
0CA1FF,V2-LIM,AT46,ATR-42-600,L2T,M
0D02FF,XA-OSB,SVNH,AEROTEC Savannah,L1P,L
0D07FF,XA-MFH,E145,EMBRAER ERJ-145,L2J,M
0D0AFF,XB-AFL,P210,CESSNA P210 Centurion,L1P,L
0D0BFF,XA-CCC,B38M,BOEING 737 MAX 8,L2J,M
0D0CFF,XA-FSB,BE20,BEECH 200 Super King Air,L2T,M
0D0DFF,XB-GDJ,C500,CESSNA 500 Citation 1,L2J,L
0D80FF,YV2565,LJ45,LEARJET 45,L2J,M
0D82FF,XC-LPO,BE20,BEECH 200 Super King Air,L2T,M
0D83FF,YV3489,C550,CESSNA 550 Citation S2,L2J,L
140FFF,RA-04095,EC35,AIRBUS HELICOPTERS EC-135/635,H2T,L
141DFF,RA-07679,AN2,ANTONOV An-2,L1P,L
14B8FF,RA-47359,AN24,ANTONOV An-24,L2T,M
151DFF,RA-73215,A319,AIRBUS A-319,L2J,M
151FFF,RA-73727,A321,AIRBUS A-321,L2J,M
1533FF,RA-78847,IL76,ILYUSHIN Il-76/82,L4J,H
155BFF,RA-89087,SU95,SUKHOI Superjet 100-95,L2J,M
1AFFFF,97493,MI8,MIL Mi-8/9/17/19/171/172,H2T,M
3006FF,I-SEFA,P28A,PIPER PA-28-140/150/160/180,L1P,L
3007FF,I-CBSQ,M20P,MOONEY M-20,L1P,L
31DDFF,I-D271,NG5,BRM AERO NG-5/6 Bristell,L1P,L
31FEFF,I-RAIS,A189,AGUSTA AW-189,H2T,M
33FDFF,MM7068,TOR,PANAVIA Tornado,L2J,M
3A17FF,SECUL,SERV,,V0-,-
3A2FFF,SECUR,SERV,,V0-,-
3AABFF,100,TBM7,SOCATA TBM-700A/B/C,L1T,L
3AC1FF,SERV,SERV,,V0-,-
3AC5FF,SERV,SERV,,V0-,-
3AD5FF,GND,GND,,V0-,-
3B17FF,SERV,SERV,,V0-,-
3B1FFF,SERV,SERV,,V0-,-
3B35FF,SERV,SERV,,V0-,-
3B77FF,105,TBM7,SOCATA TBM-700A/B/C,L1T,L
3B9BFF,36,FA50,DASSAULT Falcon 50,L3J,M
3BA9FF,SERV,SERV,,V0-,-
3C11FF,D-AVVE,A320,AIRBUS A-320,L2J,M
3C13FF,D-AWOW,E170,EMBRAER ERJ-170-100,L2J,M
3CC5FF,D-CCHB,LJ35,LEARJET 35,L2J,M
3D04FF,D-EADJ,C150,CESSNA 150,L1P,L
3D05FF,D-EANF,C172,CESSNA 172 Skyhawk,L1P,L
3D06FF,D-EAXB,AA5,AMERICAN AA-5 Tiger,L1P,L
3D09FF,D-ECAP,P28A,PIPER PA-28-140/150/160/180,L1P,L
3D0AFF,D-ECKL,DR40,ROBIN DR-400,L1P,L
3D0CFF,D-EDED,M20P,MOONEY M-20,L1P,L
3D0FFF,D-EEHR,C182,CESSNA 182 Skylane,L1P,L
3D10FF,D-EERN,TB20,SOCATA TB-20 Trinidad,L1P,L
3D12FF,D-EFLF,C172,CESSNA 172 Skyhawk,L1P,L
3D13FF,D-EFVB,C172,CESSNA 172 Skyhawk,L1P,L
3D15FF,D-EGOT,AA5,AMERICAN AA-5 Tiger,L1P,L
3D17FF,D-EHIL,PTS2,PITTS S-2 Special,L1P,L
3D19FF,D-EICD,C172,CESSNA 172 Skyhawk,L1P,L
3D1BFF,D-EIVV,RALL,SOCATA Rallye,L1P,L
3D1CFF,D-EJFR,DR10,CENTRE EST Ambassadeur,L1P,L
3D1FFF,D-EKJF,P28A,PIPER PA-28-140/150/160/180,L1P,L
3D20FF,D-EKTB,TOBA,SOCATA Tobago,L1P,L
3D21FF,D-ELCX,P28A,PIPER PA-28-140/150/160/180,L1P,L
3D22FF,D-ELMT,T210,CESSNA T210 Turbo Centurion,L1P,L
3D27FF,D-ENJZ,RALL,SOCATA Rallye,L1P,L
3D29FF,D-EODR,DR30,CENTRE EST Prince,L1P,L
3D2DFF,D-EPRB,S22T,CIRRUS SR-22T Turbo,L1P,L
3D2EFF,D-EQAX,FW44,FOCKE-WULF Fw-44 Stieglitz,L1P,L
3D32FF,D-EROH,C182,CESSNA 182 Skylane,L1P,L
3D35FF,D-ESRV,RV6,VANS RV-6,L1P,L
3D37FF,D-ETLN,A210,AQUILA A-210,L1P,L
3D3CFF,D-EVIT,T206,CESSNA T206 Turbo Stationair,L1P,L
3D3FFF,D-EWMH,C182,CESSNA 182 Skylane,L1P,L
3D40FF,D-EWWD,SR22,CIRRUS SR-22,L1P,L
3D42FF,D-EXPV,RV7,VANS RV-7,L1P,L
3DD2FF,D-HADR,EC45,AIRBUS HELICOPTERS EC-145,H2T,L
3DE5FF,D-HHIT,EC35,AIRBUS HELICOPTERS EC-135/635,H2T,L
3E17FF,D-IAHB,C414,CESSNA 414 Chancellor,L2P,L
3E2FFF,D-IJJJ,DA62,DIAMOND DA-62,L2P,L
3E36FF,D-IMAH,C25A,CESSNA 525A Citation CJ2,L2J,L
3E3EFF,D-IPBB,BE9L,BEECH 90 King Air,L2T,L
3E63FF,D-KDBJ,GLID,,L0-,-
3E66FF,D-KEEX,VENT,SCHEMPP-HIRTH Ventus,L1P,L
3E6BFF,D-KGCD,S10S,STEMME S-10 Chrysalis,L1P,L
3E76FF,D-KKGL,DUOD,SCHEMPP-HIRTH Duo Discus,L1P,L
3E7CFF,D-KMNN,VENT,SCHEMPP-HIRTH Ventus,L1P,L
3ECBFF,D-KSFF,GLID,,L0-,-
3ECEFF,D-KTIT,SF25,SCHEIBE SF-25 Falke,L1P,L
3EE7FF,D-1896,GLID,,L0-,-
3EEFFF,D-3944,GLID,,L0-,-
3EF9FF,D-6504,GLID,,L0-,-
3F27FF,D-OBBB,BALL,,B0-,-
3FA9FF,74+66,TIGR,AIRBUS HELICOPTERS EC-665 Tiger,H2T,L
3FEAFF,D-MEWK,SVNH,AEROTEC Savannah,L1P,L
3FEBFF,D-MSCE,ULAC,,L0-,-
3FECFF,D-MIGS,FDCT,FLIGHT DESIGN CT,L1P,L
3FEDFF,D-MZRR,FK9,B&F TECHNIK FK-9,L1P,L
3FEEFF,D-MTTG,G3,REMOS Mirage,L1P,L
3FEFFF,D-MCBV,CDUS,AUTOGYRO Calidus,G1P,L
3FF2FF,D-MOJH,ULAC,,L0-,-
3FF3FF,D-MARJ,GLID,,L0-,-
3FF4FF,D-MTBZ,ECHO,TECNAM P-92 Echo,L1P,L
400AFF,G-EUXG,A321,AIRBUS A-321,L2J,M
400BFF,G-RVRJ,PA27,PIPER PA-23-250 Aztec,L2P,L
400DFF,G-CDVE,A109,AGUSTA AW-109 Grand,H2T,L
400EFF,G-EZBE,A319,AIRBUS A-319,L2J,M
400FFF,G-SICA,BN2P,BRITTEN-NORMAN BN-2 Islander,L2P,L
4011FF,G-FIJJ,C77R,CESSNA 177RG Cardinal RG,L1P,L
4013FF,G-AHBL,DH87,DE HAVILLAND DH-87 Hornet Moth,L1P,L
4015FF,G-ASVM,C172,CESSNA 172 Skyhawk,L1P,L
4016FF,G-AVLG,P28A,PIPER PA-28-140/150/160/180,L1P,L
4019FF,G-BAKR,D11,JODEL D-11x/12x,L1P,L
401CFF,G-VROE,ANSN,AVRO 652 Anson,L2P,L
401EFF,G-BIIV,P28A,PIPER PA-28-140/150/160/180,L1P,L
4021FF,G-IOSI,DR10,CENTRE EST Ambassadeur,L1P,L
4022FF,G-SFTZ,RF6,FOURNIER RF-6,L1P,L
4025FF,G-AKSY,AUS5,AUSTER AOP5,L1P,L
402AFF,G-MTYR,ULAC,,L0-,-
402FFF,G-BRPV,C152,CESSNA 152,L1P,L
4034FF,G-BTVW,C152,CESSNA 152,L1P,L
4035FF,G-BUGM,ULAC,,L0-,-
403EFF,G-HARN,P28A,PIPER PA-28-140/150/160/180,L1P,L
403FFF,G-CAHA,PA34,PIPER PA-34 Seneca,L2P,L
4040FF,G-UJAB,JABI,Jabiru J120,L1P,L
4045FF,G-OFBU,C42,IKARUS C-42 Bison,L1P,L
4046FF,G-NDOT,ULAC,,L0-,-
404AFF,G-UAKE,P51,NORTH AMERICAN P-51 Mustang,L1P,L
404EFF,G-CSZM,CH60,ZENAIR CH-600 Zodiac,L1P,L
404FFF,G-JABE,JABI,Jabiru J120,L1P,L
4050FF,G-TEMB,SIRA,TECNAM P-2002 Sierra,L1P,L
4051FF,G-SJES,EV97,EVEKTRO EV-97 EuroStar,L1P,L
4052FF,G-CEZZ,FDCT,FLIGHT DESIGN CT,L1P,L
4058FF,G-CFUY,GLID,,L0-,-
405BFF,G-SCZR,CRUZ,CSA PS-28 Cruiser,L1P,L
405CFF,G-CFHX,BALL,,B0-,-
4061FF,G-WSMW,R44,ROBINSON R-44 Raven,H1P,L
4062FF,G-OTAY,P06T,TECNAM P-2006T,L2P,L
4065FF,G-BIGX,GYRO,,G0-,-
4066FF,G-ROKY,ULAC,,L0-,-
4067FF,G-LVCY,ZZZZ,,-0-,-
4068FF,G-NEDS,SKRA,BEST OFF Sky Ranger,L1P,L
406AFF,G-SHKI,C42,IKARUS C-42 Bison,L1P,L
406CFF,G-CIKH,EFOX,AEROPRO Eurofox,L1P,L
406DFF,G-IGBI,ZZZZ,,-0-,-
406EFF,G-KIAN,P28R,PIPER PA-28R-180/200/201,L1P,L
4070FF,G-VINT,S92,SIKORSKY S-92 Helibus,H2T,M
4073FF,G-VNAM,O1,CESSNA 305/341 Bird Dog,L1P,L
4075FF,G-NEOR,A21N,AIRBUS A-321neo,L2J,M
4076FF,G-CLBM,R44,ROBINSON R-44 Raven,H1P,L
4078FF,G-SLZT,SLG2,AIRPLANE FACTORY Sling 2,L1P,L
4242FF,VP-BGS,GL5T,BOMBARDIER BD-700 Global 5000/5500,L2J,M
4243FF,VQ-BFU,B748,BOEING 747-8,L4J,H
4249FF,VQ-BNE,CRJ2,BOMBARDIER Regional Jet CRJ-200,L2J,M
424BFF,M-KGKG,E550,EMBRAER EMB-550 Praetor 600,L2J,M
43C1FF,ZH875,C30J,LOCKHEED MARTIN C-130J Super Hercules,L4T,M
4402FF,OE-GMB,C25B,CESSNA 525B Citation CJ3,L2J,L
4403FF,OE-GWV,C56X,CESSNA 560XL Citation XLS,L2J,M
4404FF,OE-XHP,AS50,AEROSPATIALE AS-350 Ecureuil,H1T,L
4405FF,OE-5432,GLID,,L0-,-
4407FF,OE-FSJ,DA42,DIAMOND DA-42 Guardian,L2P,L
4408FF,OE-IFD,B744,BOEING 747-400,L4J,H
4409FF,OE-GLC,C68A,CESSNA 680 Citation Latitude,L2J,M
440CFF,OE-LVG,A319,AIRBUS A-319,L2J,M
449FFF,OO-G67,MCR1,COLOMBAN Ban-Bi,L1P,L
4612FF,OH-HFB,R44,ROBINSON R-44 Raven,H1P,L
463AFF,OH-WIX,FA7X,DASSAULT Falcon 7X,L3J,M
4702FF,HA-BDN,C152,CESSNA 152,L1P,L
471EFF,HA-LTF,A321,AIRBUS A-321,L2J,M
4785FF,LN-MTH,C172,CESSNA 172 Skyhawk,L1P,L
47A5FF,LN-OXJ,A169,AGUSTA AW-169,H2T,L
4843FF,PH-2Y9,ULAC,,L0-,-
4845FF,PH-3K8,UF10,URBAN UFM-10 Samba,L1P,L
4846FF,PH-SVN,HR20,ROBIN HR-200,L1P,L
4847FF,PH-1233,GLID,,L0-,-
4848FF,PH-3A5,FDCT,FLIGHT DESIGN CT,L1P,L
484BFF,PH-AKJ,C77R,CESSNA 177RG Cardinal RG,L1P,L
484CFF,PH-BRB,BALL,,B0-,-
484DFF,PH-449,GLID,,L0-,-
484FFF,PH-AKE,A333,AIRBUS A-330-300,L2J,H
4850FF,PH-1DD,ZZZZ,,-0-,-
4851FF,PH-1GF,ZZZZ,,-0-,-
4852FF,PH-HBF,STRM,SG AVIATION Storm,L1P,L
4853FF,PH-1TK,ZZZZ,,-0-,-
4854FF,PH-2DK,ZZZZ,,-0-,-
4855FF,PH-2NG,ZZZZ,,-0-,-
485EFF,PH-TTK,BALL,,B0-,-
4863FF,PH-VHK,P28A,PIPER PA-28-140/150/160/180,L1P,L
4864FF,PH-WKM,SF50,CIRRUS SF-50 Vision,L1J,L
48FFFF,SP-TKW,PSW4,PZL-SWIDNIK SW-4 Maluch,H1T,L
49C0FF,OK-SUU52,,,,
49D0FF,OK-PSY,P32R,PIPER PA-32R-300/301/301T,L1P,L
49D1FF,OK-DOE,Z43,ZLIN Z-43/143,L1P,L
49D3FF,OK-RAV,DA42,DIAMOND DA-42 Guardian,L2P,L
49D4FF,OK-VOS,GA5C,GULFSTREAM G500,L2J,M
4A82FF,60088,SB05,SAAB 105,L2J,L
4B0EFF,HB-FRR,PC12,PILATUS PC-12,L1T,L
4B17FF,HB-JCH,BCS3,AIRBUS A220-300,L2J,M
4B18FF,HB-JMD,A343,AIRBUS A-340-300,L4J,H
4B1AFF,HB-KFV,DR40,ROBIN DR-400,L1P,L
4B22FF,HB-NGP,AC11,NORTH AMERICAN ROCKWELL Commander 112/114,L1P,L
4B25FF,HB-OKD,P28A,PIPER PA-28-140/150/160/180,L1P,L
4B27FF,HB-PDV,P28B,PIPER PA-28-201T/235/236,L1P,L
4B2BFF,HB-QRF,BALL,,B0-,-
4B31FF,HB-SYH,PIVI,PIPSTREL Virus,L1P,L
4B38FF,HB-VPF,C525,CESSNA 525 CitationJet,L2J,L
4B39FF,HB-VZB,PC24,PILATUS PC-24,L2J,M
4B43FF,HB-ZTN,EC30,AIRBUS HELICOPTERS EC-130,H1T,L
4B4CFF,HB-2136,AS20,SCHLEICHER ASW-20,L1P,L
4B50FF,HB-3160,DUOD,SCHEMPP-HIRTH Duo Discus,L1P,L
4B51FF,HB-3416,DUOD,SCHEMPP-HIRTH Duo Discus,L1P,L
4CA1FF,EI-DCF,B738,BOEING 737-800,L2J,M
4CA8FF,EI-EIC,A320,AIRBUS A-320,L2J,M
4CAAFF,EI-FBY,ZZZZ,,-0-,-
4CABFF,EI-KBF,A320,AIRBUS A-320,L2J,M
4CACFF,EI-GZM,B38M,BOEING 737 MAX 8,L2J,M
4D21FF,9H-EFA,P28A,PIPER PA-28-140/150/160/180,L1P,L
4D22FF,9H-VUA,B38M,BOEING 737 MAX 8,L2J,M
4D23FF,9H-WAA,A21N,AIRBUS A-321neo,L2J,M
5001FF,T7-STJ,CL60,BOMBARDIER CL-600 Challenger,L2J,M
505CFF,OM-XWV,AS50,AEROSPATIALE AS-350 Ecureuil,H1T,L
506DFF,S5-DSM,DA40,DIAMOND DA-40 Club Star,L1P,L
5083FF,UR-UZE,AN26,ANTONOV An-26,L2T,M
5103FF,EW-540LL,C182,CESSNA 182 Skylane,L1P,L
70C0FF,A4O-OVD,A20N,AIRBUS A-320neo,L2J,M
7394FF,4X-CDO,C172,CESSNA 172 Skyhawk,L1P,L
7503FF,9M-PMC,A139,AGUSTA AW-139,H2T,L
7504FF,9M-JCE,DA42,DIAMOND DA-42 Guardian,L2P,L
7585FF,RP-C6588,R66,ROBINSON R-66,H1T,L
7586FF,RP-C4132,A20N,AIRBUS A-320neo,L2J,M
7800FF,B-8971,A333,AIRBUS A-330-300,L2J,H
7802FF,B-6082,A332,AIRBUS A-330-200,L2J,H
7803FF,B-9338,C172,CESSNA 172 Skyhawk,L1P,L
7807FF,B-6835,A320,AIRBUS A-320,L2J,M
780AFF,B-9949,A320,AIRBUS A-320,L2J,M
780BFF,B-5941,A332,AIRBUS A-330-200,L2J,H
780CFF,B-1712,B738,BOEING 737-800,L2J,M
780DFF,B-7306,S92,SIKORSKY S-92 Helibus,H2T,M
780EFF,B-0406,C208,CESSNA 208 Caravan,L1T,L
780FFF,B-7616,B738,BOEING 737-800,L2J,M
7811FF,B-3257,E195,EMBRAER ERJ-190-200,L2J,M
7812FF,B-1381,B38M,BOEING 737 MAX 8,L2J,M
7813FF,B-1055,A21N,AIRBUS A-321neo,L2J,M
7814FF,B-205K,B38M,BOEING 737 MAX 8,L2J,M
7815FF,B-208V,B738,BOEING 737-800,L2J,M
7816FF,B-106D,PC12,PILATUS PC-12,L1T,L
7818FF,B-70P0,C172,CESSNA 172 Skyhawk,L1P,L
781AFF,B-322D,A319,AIRBUS A-319,L2J,M
781BFF,B-324V,A20N,AIRBUS A-320neo,L2J,M
781CFF,B-10F1,TWEN,TECNAM Twenty-Ten,L1P,L
7A43FF,20147,Y20,XIAN Kunpeng,L4J,H
7BB0FF,B-2700,B737,BOEING 737-700,L2J,M
7C02FF,VH-AVL,LJ60,LEARJET 60,L2J,M
7C0AFF,VH-CGH,C182,CESSNA 182 Skylane,L1P,L
7C14FF,VH-EFL,COL3,CESSNA 350 Corvalis,L1P,L
7C15FF,VH-EMP,BE58,BEECH 58 Baron,L2P,L
7C26FF,VH-HZL,C210,CESSNA 201 Centurion,L1P,L
7C28FF,VH-IDT,C172,CESSNA 172 Skyhawk,L1P,L
7C2FFF,VH-JRL,SR22,CIRRUS SR-22,L1P,L
7C3AFF,VH-LXT,E300,EXTRA EA-300/330/350,L1P,L
7C3FFF,VH-MXD,C560,CESSNA 560 Citation Ultra,L2J,M
7C42FF,VH-NIP,AT8T,AIR TRACTOR AT-802,L1T,M
7C43FF,VH-NPT,BE58,BEECH 58 Baron,L2P,L
7C44FF,VH-NWX,P28U,PIPER PA-28RT-201T Turbo,L1P,L
7C4BFF,VH-PAP,RV6,VANS RV-6,L1P,L
7C52FF,VH-QOH,DH8D,DE HAVILLAND DHC-8-400 Dash 8,L2T,M
7C5CFF,VH-SNL,SM19,SIAI-MARCHETTI SM-1019,L1T,L
7C6CFF,VH-VTD,C172,CESSNA 172 Skyhawk,L1P,L
7C75FF,VH-XLD,RV10,VANS RV-10,L1P,L
7C77FF,VH-XZL,B738,BOEING 737-800,L2J,M
7C79FF,VH-YDT,JAB4,JABIRU J200-450,L1P,L
7C80FF,VH-ZRL,SF34,SAAB 340,L2T,M
7CF9FF,A54-040,PC21,PILATUS PC-21,L1T,L
8004FF,VT-KSA,B407,BELL 407,H1T,L
800CFF,VT-EXQ,A20N,AIRBUS A-320neo,L2J,M
8013FF,VT-IUU,A21N,AIRBUS A-321neo,L2J,M
8459FF,JA101M,R22,ROBINSON R-22 Mariner,H1P,L
8637FF,JA6855,EC45,AIRBUS HELICOPTERS EC-145,H2T,L
8745FF,JA98AD,B763,BOEING 767-300,L2J,H
8963FF,A6-AOC,A320,AIRBUS A-320,L2J,M
8964FF,A6-BMD,B78X,BOEING 787-10 Dreamliner,L2J,H
8965FF,A6-ANC,A320,AIRBUS A-320,L2J,M
8991FF,B-00101,B350,BEECHCRAFT Super King Air 350,L2T,M
8A02FF,PK-GLG,A320,AIRBUS A-320,L2J,M
8A05FF,PK-ARJ,P28A,PIPER PA-28-140/150/160/180,L1P,L
8A06FF,PK-LZG,A320,AIRBUS A-320,L2J,M
A000FF,N1LC,LNC2,LANCAIR 200-320,L1P,L
A002FF,N10GP,HUSK,CHRISTEN Husky,L1P,L
A005FF,N100PF,C25A,CESSNA 525A Citation CJ2,L2J,L
A007FF,N10068,C150,CESSNA 150,L1P,L
A00BFF,N1019A,ULAC,,L0-,-
A012FF,N10356,GLID,,L0-,-
A014FF,N104QS,GL5T,BOMBARDIER BD-700 Global 5000/5500,L2J,M
A01DFF,N10644,C150,CESSNA 150,L1P,L
A01EFF,N107CZ,BE40,BEECH 400 Beechjet,L2J,M
A021FF,N10767,PA46,PIPER PA-46-310/350,L1P,L
A023FF,N108SC,B407,BELL 407,H1T,L
A025FF,N1089,GL7T,BOMBARDIER BD-700 Global 7000/7500,L2J,M
A02BFF,N11XZ,RV4,VANS RV-4,L1P,L
A02CFF,N110JD,WW24,IAI 1124 Westwind,L2J,M
A02EFF,N1103L,H500,HUGHES 500,H1T,L
A02FFF,N111AW,BE58,BEECH 58 Baron,L2P,L
A030FF,N111MB,P28B,PIPER PA-28-201T/235/236,L1P,L
A033FF,N112DU,BCS1,AIRBUS A220-100,L2J,M
A035FF,N1120F,C172,CESSNA 172 Skyhawk,L1P,L
A037FF,N113GS,SR22,CIRRUS SR-22,L1P,L
A038FF,N113SY,E75L,EMBRAER ERJ-170-200 (long wing),L2J,M
A03DFF,N1144M,C172,CESSNA 172 Skyhawk,L1P,L
A03EFF,N115CG,CH75,ZENAIR CH-750 Cruzer,L1P,L
A03FFF,N115NN,A321,AIRBUS A-321,L2J,M
A041FF,N1156Q,,,,
A042FF,N116FE,GALX,GULFSTREAM G200,L2J,M
A045FF,N1168T,BE55,BEECH 55 Baron,L2P,L
A046FF,N117JC,PA32,PIPER PA-32,L1P,L
A04AFF,N118MA,M20P,MOONEY M-20,L1P,L
A04DFF,N119DT,CL35,BOMBARDIER BD-100 Challenger 350,L2J,M
A051FF,N12GR,HUSK,CHRISTEN Husky,L1P,L
A052FF,N12SX,SONX,SONEX AIRCRAFT Sonex,L1P,L
A053FF,N120DB,BE36,BEECH 36 Bonanza,L1P,L
A056FF,N1207,ST75,STEARMAN Kaydet,L1P,L
A057FF,N121G,EA50,ECLIPSE 550,L2J,L
A05FFF,N123MW,GLID,,L0-,-
A065FF,N1248A,PA18,PIPER PA-18 Super Cub,L1P,L
A066FF,N125HL,DA40,DIAMOND DA-40 Club Star,L1P,L
A067FF,N125TS,BE20,BEECH 200 Super King Air,L2T,M
A069FF,N126AC,SR20,CIRRUS SR-20,L1P,L
A06AFF,N126LJ,,,,
A072FF,N128SE,ULAC,,L0-,-
A078FF,N13BP,C320,CESSNA 320 Skyknight,L2P,L
A07FFF,N131MD,BE35,BEECH 35 Starfire Bonanza,L1P,L
A082FF,N132DW,PA44,PIPER PA-44 Seminole,L2P,L
A084FF,N1320H,AR15,AERONCA 15 Sedan,L1P,L
A087FF,N133T,PA18,PIPER PA-18 Super Cub,L1P,L
A08CFF,N1344P,PA23,PIPER PA-23,L2P,L
A08DFF,N135CJ,EC35,AIRBUS HELICOPTERS EC-135/635,H2T,L
A090FF,N1356S,C182,CESSNA 182 Skylane,L1P,L
A093FF,N1361J,AC11,NORTH AMERICAN ROCKWELL Commander 112/114,L1P,L
A094FF,N1368V,SF50,CIRRUS SF-50 Vision,L1J,L
A099FF,N138MC,SR22,CIRRUS SR-22,L1P,L
A09BFF,N1385Q,C150,CESSNA 150,L1P,L
A0A1FF,N14SZ,DISC,SCHEMPP-HIRTH Discus,L1P,L
A0A2FF,N140DD,P28A,PIPER PA-28-140/150/160/180,L1P,L
A0A5FF,N1407B,L8,LUSCOMBE 8,L1P,L
A0A7FF,N141SH,CRJ2,BOMBARDIER Regional Jet CRJ-200,L2J,M
A0A8FF,N14114,T28,NORTH AMERICAN T-28,L1P,L
A0AAFF,N142K,NIMB,SCHEMPP-HIRTH Nimbus,L1P,L
A0ACFF,N14237,B738,BOEING 737-800,L2J,M
A0ADFF,N143BS,P28A,PIPER PA-28-140/150/160/180,L1P,L
A0AEFF,N143MY,R44,ROBINSON R-44 Raven,H1P,L
A0B0FF,N1436,KR1,RAND KR-1,L1P,L
A0B5FF,N145HN,EC45,AIRBUS HELICOPTERS EC-145,H2T,L
A0B7FF,N14525,SA30,STOLP Starduster Too,L1P,L
A0B9FF,N146LL,LEG2,LANCAIR Legacy,L1P,L
A0BCFF,N147DC,DC3,DOUGLAS DC-3 Dakota,L2P,M
A0BDFF,N147PJ,PA32,PIPER PA-32,L1P,L
A0C3FF,N1489D,C170,CESSNA 170,L1P,L
A0C4FF,N149JZ,,,,
A0C7FF,N15BR,P32R,PIPER PA-32R-300/301/301T,L1P,L
A0C8FF,N15MX,B407,BELL 407,H1T,L
A0CAFF,N150JH,R22,ROBINSON R-22 Mariner,H1P,L
A0CBFF,N150UP,A306,AIRBUS A-300-600,L2J,H
A0CDFF,N151B,GA6C,GULFSTREAM G600,L2J,M
A0D0FF,N1515T,P28R,PIPER PA-28R-180/200/201,L1P,L
A0D4FF,N1527W,BE35,BEECH 35 Starfire Bonanza,L1P,L
A0D6FF,N153TB,TB30,SOCATA TB-30 Epsilon,L1P,L
A0D8FF,N1539Z,BE35,BEECH 35 Starfire Bonanza,L1P,L
A0DAFF,N154W,RV4,VANS RV-4,L1P,L
A0DBFF,N1544R,AT3T,AIR TRACTOR AT-302/402,L1T,L
A0DDFF,N155NS,H25B,HAWKER BEECHCRAFT Hawker 750/850,L2J,M
A0E2FF,N1561L,BE36,BEECH 36 Bonanza,L1P,L
A0EDFF,N1590J,P28A,PIPER PA-28-140/150/160/180,L1P,L
A0EFFF,N16GV,,,,
A0F2FF,N160PM,,,,
A0F4FF,N1607D,C170,CESSNA 170,L1P,L
A0FDFF,N163N,BE95,BEECH 95 Travel Air,L2P,L
A0FFFF,N1636B,RV4,VANS RV-4,L1P,L
A103FF,N1648E,CH7A,BELLANCA 7 Champion,L1P,L
A105FF,N165TW,SLG2,AIRPLANE FACTORY Sling 2,L1P,L
A106FF,N16527,P28A,PIPER PA-28-140/150/160/180,L1P,L
A107FF,N166AG,H60,SIKORSKY UH-60 Black Hawk,H2T,M
A10AFF,N1665,,,,
A10EFF,N1677C,C180,CESSNA  180 Skywagon,L1P,L
A10FFF,N168GC,CL35,BOMBARDIER BD-100 Challenger 350,L2J,M
A117FF,N17MZ,PARA,,P0-,-
A119FF,N170JK,C170,CESSNA 170,L1P,L
A11DFF,N171MH,C82R,CESSNA R182 Skylane RG,L1P,L
A120FF,N172E,C172,CESSNA 172 Skyhawk,L1P,L
A12EFF,N1756W,BE35,BEECH 35 Starfire Bonanza,L1P,L
A130FF,N176RS,E170,EMBRAER ERJ-170-100,L2J,M
A131FF,N1761N,C120,CESSNA 120,L1P,L
A132FF,N1768Z,C336,CESSNA 336 Skymaster,L2P,L
A133FF,N177JJ,C177,CESSNA  177 Cardinal,L1P,L
A135FF,N1773R,C82R,CESSNA R182 Skylane RG,L1P,L
A136FF,N178BA,PA38,PIPER PA-38 Tomahawk,L1P,L
A13DFF,N1797X,C210,CESSNA 201 Centurion,L1P,L
A13EFF,N18GX,M20P,MOONEY M-20,L1P,L
A13FFF,N18TC,C421,CESSNA 421 Executive Commuter,L2P,L
A140FF,N180DH,C180,CESSNA  180 Skywagon,L1P,L
A141FF,N180PP,C180,CESSNA  180 Skywagon,L1P,L
A143FF,N1807F,BT36,BEECH B36TC Bonanza,L1P,L
A146FF,N18118,C185,CESSNA 185 Skywagon,L1P,L
A14AFF,N1824A,C182,CESSNA 182 Skylane,L1P,L
A150FF,N184R,AS50,AEROSPATIALE AS-350 Ecureuil,H1T,L
A151FF,N18406,RELI,STINSON Reliant,L1P,L
A153FF,N185HS,C185,CESSNA 185 Skywagon,L1P,L
A155FF,N18529,C177,CESSNA  177 Cardinal,L1P,L
A158FF,N186WW,PA44,PIPER PA-44 Seminole,L2P,L
A159FF,N1865B,L8,LUSCOMBE 8,L1P,L
A15AFF,N187DG,RV12,VANS RV-12,L1P,L
A160FF,N18817,D31,ROLLASON D-31 Turbulent,L1P,L
A161FF,N1889H,P28A,PIPER PA-28-140/150/160/180,L1P,L
A164FF,N1894,GLID,,L0-,-
A166FF,N19NA,RS12,RANS S-12 Super Airaile,L1P,L
A16AFF,N1903U,,,,
A173FF,N193H,RS21,RANS S-21 Outbound,L1P,L
A174FF,N193TF,FOX,KITFOX,L1P,L
A175FF,N1932S,CL30,BOMBARDIER BD-100 Challenger 300,L2J,M
A17BFF,N195NW,C172,CESSNA 172 Skyhawk,L1P,L
A181FF,N19681,C172,CESSNA 172 Skyhawk,L1P,L
A184FF,N1973T,AA5,AMERICAN AA-5 Tiger,L1P,L
A185FF,N198BC,BL8,BELLANCA 8 Decathlon,L1P,L
A188FF,N1985W,TAYA,TAYLORCRAFT A,L1P,L
A18BFF,N1990N,CH60,ZENAIR CH-600 Zodiac,L1P,L
A18EFF,N2TE,WAIX,SONEX Waiex,L1P,L
A18FFF,N20DK,C172,CESSNA 172 Skyhawk,L1P,L
A190FF,N20PR,PA20,PIPER PA-20 Pacer,L1P,L
A192FF,N200LB,SR22,CIRRUS SR-22,L1P,L
A193FF,N200WH,AT8T,AIR TRACTOR AT-802,L1T,M
A194FF,N2004Z,C150,CESSNA 150,L1P,L
A196FF,N201P,M20P,MOONEY M-20,L1P,L
A197FF,N201ZF,M20P,MOONEY M-20,L1P,L
A198FF,N20162,C310,CESSNA 310,L2P,L
A199FF,N202FS,,,,
A19BFF,N2021U,BE58,BEECH 58 Baron,L2P,L
A19CFF,N20285,C120,CESSNA 120,L1P,L
A19DFF,N203JQ,E75L,EMBRAER ERJ-170-200 (long wing),L2J,M
A19EFF,N203UW,B752,BOEING 757-200,L2J,M
A19FFF,N2033X,C182,CESSNA 182 Skylane,L1P,L
A1A0FF,N204BG,C560,CESSNA 560 Citation Ultra,L2J,M
A1A6FF,N2050S,T210,CESSNA T210 Turbo Centurion,L1P,L
A1A8FF,N206HC,T206,CESSNA T206 Turbo Stationair,L1P,L
A1A9FF,N206TJ,R44,ROBINSON R-44 Raven,H1P,L
A1AAFF,N2062V,C120,CESSNA 120,L1P,L
A1ABFF,N20696,L8,LUSCOMBE 8,L1P,L
A1ACFF,N207LA,AT8T,AIR TRACTOR AT-802,L1T,M
A1AEFF,N2074Y,C172,CESSNA 172 Skyhawk,L1P,L
A1AFFF,N208CT,FDCT,FLIGHT DESIGN CT,L1P,L
A1B2FF,N20861,U16,GRUMMAN Albatross,A2P,M
A1B5FF,N2091T,BALL,,B0-,-
A1B7FF,N21JP,BE55,BEECH 55 Baron,L2P,L
A1C1FF,N212LW,BE20,BEECH 200 Super King Air,L2T,M
A1C7FF,N2137L,BE33,BEECH 33 Bonanza,L1P,L
A1C9FF,N214SS,TAIL,WITTMAN Tailwind,L1P,L
A1CAFF,N2142C,C195,CESSNA 195,L1P,L
A1CEFF,N2154F,P28A,PIPER PA-28-140/150/160/180,L1P,L
A1D2FF,N2166J,,,,
A1D5FF,N2171A,PA22,PIPER PA-22,L1P,L
A1D6FF,N2178M,J3,PIPER J-3 Cub,L1P,L
A1D9FF,N2183D,P28A,PIPER PA-28-140/150/160/180,L1P,L
A1DEFF,N22DM,SR22,CIRRUS SR-22,L1P,L
A1DFFF,N22PT,C320,CESSNA 320 Skyknight,L2P,L
A1E0FF,N22ZZ,PA23,PIPER PA-23,L2P,L
A1E2FF,N220WK,ST75,STEARMAN Kaydet,L1P,L
A1E3FF,N22041,BALL,,B0-,-
A1E4FF,N221CW,AS21,SCHLEICHER ASK-21,L1P,L
A1E5FF,N221PB,H25B,HAWKER BEECHCRAFT Hawker 750/850,L2J,M
A1E7FF,N22164,AR65,AERONCA 65 Super Chief,L1P,L
A1E9FF,N222S,BE35,BEECH 35 Starfire Bonanza,L1P,L
A1EBFF,N22287,TAYB,TAYLORCRAFT BC/BF/BL,L1P,L
A1ECFF,N223JS,CRJ2,BOMBARDIER Regional Jet CRJ-200,L2J,M
A1F2FF,N22452,C150,CESSNA 150,L1P,L
A1F5FF,N2250U,B77W,BOEING 777-300ER,L2J,H
A1F9FF,N2262X,C337,CESSNA 337 Super Skymaster,L2P,L
A1FBFF,N227LC,SW4,SWEARINGEN Metro,L2T,M
A201FF,N22863,C150,CESSNA 150,L1P,L
A204FF,N2291V,C140,CESSNA 140,L1P,L
A206FF,N23JR,C150,CESSNA 150,L1P,L
A20CFF,N231J,M20P,MOONEY M-20,L1P,L
A20FFF,N232AS,C310,CESSNA 310,L2P,L
A212FF,N2325K,L8,LUSCOMBE 8,L1P,L
A215FF,N2330B,,,,
A219FF,N2342E,C172,CESSNA 172 Skyhawk,L1P,L
A21AFF,N2349R,C82S,CESSNA T182 Turbo Skylane,L1P,L
A21DFF,N2354H,ERCO,AIR PRODUCTS F-1 Aircoupe,L1P,L
A21EFF,N236CC,GLAS,Glasair,L1P,L
A224FF,N2371C,C180,CESSNA  180 Skywagon,L1P,L
A228FF,N2383F,PA38,PIPER PA-38 Tomahawk,L1P,L
A22EFF,N24PV,UF13,URBAN UFM-13 Lambada,L1P,L
A22FFF,N240A,EFOX,AEROPRO Eurofox,L1P,L
A230FF,N240LF,C240,CESSNA 240 Corvalis TTx,L1P,L
A231FF,N240WM,LNC2,LANCAIR 200-320,L1P,L
A236FF,N24166,FNKB,FUNK B,L1P,L
A238FF,N242SB,BOLT,STEEN Skybolt,L1P,L
A239FF,N2421Y,C172,CESSNA 172 Skyhawk,L1P,L
A23AFF,N24289,C82S,CESSNA T182 Turbo Skylane,L1P,L
A23CFF,N243V,GLF4,GULFSTREAM 4,L2J,M
A23DFF,N24331,C152,CESSNA 152,L1P,L
A249FF,N247,RV6,VANS RV-6,L1P,L
A24EFF,N248PC,SR20,CIRRUS SR-20,L1P,L
A252FF,N249SA,M20P,MOONEY M-20,L1P,L
A253FF,N2491X,C182,CESSNA 182 Skylane,L1P,L
A257FF,N250FD,PA23,PIPER PA-23,L2P,L
A259FF,N2501F,CH7A,BELLANCA 7 Champion,L1P,L
A25AFF,N2508S,T210,CESSNA T210 Turbo Centurion,L1P,L
A25BFF,N251JB,CH7B,BELLANCA 7 Citabria,L1P,L
A25DFF,N2513J,C150,CESSNA 150,L1P,L
A262FF,N253DS,PA31,PIPER PA-31-300/310/325/350/425,L2P,L
A265FF,N2537Q,,,,
A26CFF,N2554K,C180,CESSNA  180 Skywagon,L1P,L
A270FF,N2566N,C120,CESSNA 120,L1P,L
A273FF,N2571E,PA38,PIPER PA-38 Tomahawk,L1P,L
A277FF,N2583H,ERCO,AIR PRODUCTS F-1 Aircoupe,L1P,L
A278FF,N259AT,PA44,PIPER PA-44 Seminole,L2P,L
A27BFF,N2595L,C172,CESSNA 172 Skyhawk,L1P,L
A27CFF,N26DR,P46T,PIPER PA-46-500TP,L1T,L
A27DFF,N26PX,,,,
A27EFF,N260AB,PTS2,PITTS S-2 Special,L1P,L
A280FF,N260WP,F260,AERMACCHI SF-260,L1P,L
A281FF,N26045,PA38,PIPER PA-38 Tomahawk,L1P,L
A285FF,N26168,J3,PIPER J-3 Cub,L1P,L
A287FF,N262SD,H500,HUGHES 500,H1T,L
A288FF,N26210,B738,BOEING 737-800,L2J,M
A289FF,N2629A,,,,
A28FFF,N264Y,,,,
A290FF,N26456,AA5,AMERICAN AA-5 Tiger,L1P,L
A298FF,N267AA,PA44,PIPER PA-44 Seminole,L2P,L
A299FF,N267LG,GLF4,GULFSTREAM 4,L2J,M
A29AFF,N267WN,B737,BOEING 737-700,L2J,M
A2A1FF,N269SC,CRUZ,CSA PS-28 Cruiser,L1P,L
A2A2FF,N2691Z,C185,CESSNA 185 Skywagon,L1P,L
A2A4FF,N27JV,,,,
A2A5FF,N27VA,T206,CESSNA T206 Turbo Stationair,L1P,L
A2A8FF,N2701H,ERCO,AIR PRODUCTS F-1 Aircoupe,L1P,L
A2ACFF,N2713L,C172,CESSNA 172 Skyhawk,L1P,L
A2AEFF,N272MB,DA42,DIAMOND DA-42 Guardian,L2P,L
A2B2FF,N273Q,BE95,BEECH 95 Travel Air,L2P,L
A2B4FF,N2737S,C150,CESSNA 150,L1P,L
A2B6FF,N274SY,E75L,EMBRAER ERJ-170-200 (long wing),L2J,M
A2BBFF,N2754M,PA12,PIPER PA-12 Super Cruiser,L1P,L
A2BDFF,N276NN,E75L,EMBRAER ERJ-170-200 (long wing),L2J,M
A2BFFF,N2766Q,C182,CESSNA 182 Skylane,L1P,L
A2C0FF,N277FE,B763,BOEING 767-300,L2J,H
A2C1FF,N277RL,B06,BELL 206 JetRanger,H1T,L
A2C3FF,N2778T,BE95,BEECH 95 Travel Air,L2P,L
A2C6FF,N2783K,L8,LUSCOMBE 8,L1P,L
A2C7FF,N279AV,A332,AIRBUS A-330-200,L2J,H
A2C8FF,N279MA,BL8,BELLANCA 8 Decathlon,L1P,L
A2CFFF,N280WR,EN28,ENSTROM F-28,H1P,L
A2D0FF,N28047,BL17,BELLANCA 17 Viking,L1P,L
A2D1FF,N281DB,,,,
A2D4FF,N2817,VENT,SCHEMPP-HIRTH Ventus,L1P,L
A2D5FF,N282G,BE23,BEECH 23 Sundowner,L1P,L
A2DDFF,N284MW,G280,GULFSTREAM G280,L2J,M
A2DFFF,N28458,AA5,AMERICAN AA-5 Tiger,L1P,L
A2E2FF,N28500,TEX2,BEECHCRAFT T-6 Texan 2,L1T,L
A2E6FF,N28623,L8,LUSCOMBE 8,L1P,L
A2E7FF,N287AC,A332,AIRBUS A-330-200,L2J,H
A2EEFF,N28869,AA5,AMERICAN AA-5 Tiger,L1P,L
A2F2FF,N2899B,B47G,BELL 47G,H1P,L
A2F7FF,N2901K,C180,CESSNA  180 Skywagon,L1P,L
A2FCFF,N292AY,A332,AIRBUS A-330-200,L2J,H
A2FFFF,N2925R,P28R,PIPER PA-28R-180/200/201,L1P,L
A300FF,N293DW,,,,
A302FF,N2930H,GLID,,L0-,-
A303FF,N2937U,C172,CESSNA 172 Skyhawk,L1P,L
A305FF,N294T,PA18,PIPER PA-18 Super Cub,L1P,L
A306FF,N2942L,M20P,MOONEY M-20,L1P,L
A317FF,N299MC,T206,CESSNA T206 Turbo Stationair,L1P,L
A319FF,N2995Q,P32R,PIPER PA-32R-300/301/301T,L1P,L
A31BFF,N3QA,BT36,BEECH B36TC Bonanza,L1P,L
A31CFF,N30AF,C650,CESSNA 650 Citation,L2J,M
A320FF,N300TD,C182,CESSNA 182 Skylane,L1P,L
A321FF,N3002Q,C182,CESSNA 182 Skylane,L1P,L
A322FF,N30091,BALL,,B0-,-
A323FF,N301KW,BALL,,B0-,-
A324FF,N301WB,C170,CESSNA 170,L1P,L
A325FF,N3014T,BDOG,BRITISH AEROSPACE SA-3 Bulldog,L1P,L
A328FF,N302Z,BE35,BEECH 35 Starfire Bonanza,L1P,L
A329FF,N3026W,P28R,PIPER PA-28R-180/200/201,L1P,L
A32BFF,N303RS,CH60,ZENAIR CH-600 Zodiac,L1P,L
A32CFF,N3031N,C120,CESSNA 120,L1P,L
A32DFF,N3038Z,PA22,PIPER PA-22,L1P,L
A330FF,N3043R,YK52,YAKOVLEV Yak-52,L1P,L
A331FF,N305BA,GLID,,L0-,-
A332FF,N305MG,GLID,,L0-,-
A334FF,N3055U,C172,CESSNA 172 Skyhawk,L1P,L
A337FF,N3060L,P28A,PIPER PA-28-140/150/160/180,L1P,L
A338FF,N3067X,SS2T,TRUSH Turbo Thrush 500/550,L1T,L
A33AFF,N307TC,A169,AGUSTA AW-169,H2T,L
A33BFF,N3072P,PA23,PIPER PA-23,L2P,L
A33CFF,N30790,C177,CESSNA  177 Cardinal,L1P,L
A33FFF,N3084S,C150,CESSNA 150,L1P,L
A340FF,N309CM,ULAC,,L0-,-
A343FF,N3096V,BE35,BEECH 35 Starfire Bonanza,L1P,L
A345FF,N31RR,EAGL,CHRISTEN Eagle,L1P,L
A346FF,N310BW,SU31,SUKHOI Su-31,L1P,L
A349FF,N3106D,BE33,BEECH 33 Bonanza,L1P,L
A34DFF,N3118G,,,,
A354FF,N3135B,ULAC,,L0-,-
A355FF,N314DG,,,,
A358FF,N3147E,AR11,AERONCA 11 Chief,L1P,L
A359FF,N315GE,LGEZ,RUTAN Long-EZ,L1P,L
A35AFF,N315SL,B738,BOEING 737-800,L2J,M
A361FF,N317NA,PC12,PILATUS PC-12,L1T,L
A363FF,N3176C,C180,CESSNA  180 Skywagon,L1P,L
A36AFF,N31928,AR65,AERONCA 65 Super Chief,L1P,L
A36BFF,N32AH,T18,THORP Tiger,L1P,L
A36EFF,N320H,C320,CESSNA 320 Skyknight,L2P,L
A370FF,N3202S,GLAS,Glasair,L1P,L
A373FF,N321WD,S22T,CIRRUS SR-22T Turbo,L1P,L
A378FF,N3226Y,C182,CESSNA 182 Skylane,L1P,L
A37BFF,N3231Q,P28A,PIPER PA-28-140/150/160/180,L1P,L
A37CFF,N32381,PA32,PIPER PA-32,L1P,L
A37EFF,N324US,A320,AIRBUS A-320,L2J,M
A37FFF,N3243T,,,,
A383FF,N3255W,PA32,PIPER PA-32,L1P,L
A386FF,N3260N,J3,PIPER J-3 Cub,L1P,L
A387FF,N3267Z,PA22,PIPER PA-22,L1P,L
A38BFF,N32792,J5,PIPER J-5 Cub Cruiser,L1P,L
A38FFF,N329CP,T206,CESSNA T206 Turbo Stationair,L1P,L
A390FF,N329NV,A319,AIRBUS A-319,L2J,M
A391FF,N329ZA,B744,BOEING 747-400,L4J,H
A393FF,N33FM,C172,CESSNA 172 Skyhawk,L1P,L
A394FF,N33RT,PA18,PIPER PA-18 Super Cub,L1P,L
A3A1FF,N333LS,C172,CESSNA 172 Skyhawk,L1P,L
A3A3FF,N3335D,C180,CESSNA  180 Skywagon,L1P,L
A3A7FF,N3347G,DG15,HOWARD Nightingale,L1P,L
A3A9FF,N335SN,B38M,BOEING 737 MAX 8,L2J,M
A3AAFF,N33519,GLID,,L0-,-
A3AEFF,N3364B,BE33,BEECH 33 Bonanza,L1P,L
A3B2FF,N3376E,C82R,CESSNA R182 Skylane RG,L1P,L
A3B4FF,N338RA,RALL,SOCATA Rallye,L1P,L
A3BAFF,N34AK,BE99,BEECH 99 Airliner,L2T,L
A3BCFF,N34WX,BE9L,BEECH 90 King Air,L2T,L
A3C1FF,N341L,GAZL,AEROSPATIALE SA-341 Gazelle,H1T,L
A3C3FF,N3414X,M20P,MOONEY M-20,L1P,L
A3C7FF,N34260,C175,CESSNA 175 Skylark,L1P,L
A3CBFF,N34383,,,,
A3CEFF,N3443V,C195,CESSNA 195,L1P,L
A3D2FF,N3455Y,C180,CESSNA  180 Skywagon,L1P,L
A3D6FF,N34671,C177,CESSNA  177 Cardinal,L1P,L
A3DAFF,N34794,C177,CESSNA  177 Cardinal,L1P,L
A3E2FF,N35FP,BE35,BEECH 35 Starfire Bonanza,L1P,L
A3E3FF,N35RV,RV8,VANS RV-8,L1P,L
A3E7FF,N3506H,T206,CESSNA T206 Turbo Stationair,L1P,L
A3EAFF,N3511,,,,
A3EEFF,N3523C,C170,CESSNA 170,L1P,L
A3FAFF,N3559M,P28R,PIPER PA-28R-180/200/201,L1P,L
A3FDFF,N3564D,P32R,PIPER PA-32R-300/301/301T,L1P,L
A404FF,N35809,J3,PIPER J-3 Cub,L1P,L
A405FF,N3588K,BALL,,B0-,-
A409FF,N36AM,EC35,AIRBUS HELICOPTERS EC-135/635,H2T,L
A40CFF,N360HD,DRON,,D0-,-
A40DFF,N360TK,,,,
A40EFF,N3602W,PA32,PIPER PA-32,L1P,L
A40FFF,N36097,P28R,PIPER PA-28R-180/200/201,L1P,L
A410FF,N361LB,COL3,CESSNA 350 Corvalis,L1P,L
A414FF,N362P,PARA,,P0-,-
A416FF,N36262,P32R,PIPER PA-32R-300/301/301T,L1P,L
A417FF,N363FS,M7,MAULE M-7,L1P,L
A419FF,N3631U,C182,CESSNA 182 Skylane,L1P,L
A425FF,N36673,BE58,BEECH 58 Baron,L2P,L
A427FF,N367TJ,C182,CESSNA 182 Skylane,L1P,L
A428FF,N3672V,C150,CESSNA 150,L1P,L
A429FF,N36796,S10,STINSON 10 Voyager,L1P,L
A42AFF,N368LA,L39,LET L-39 Albatros,L1J,L
A42CFF,N3684Y,BE58,BEECH 58 Baron,L2P,L
A42DFF,N369CT,FDCT,FLIGHT DESIGN CT,L1P,L
A430FF,N36961,C414,CESSNA 414 Chancellor,L2P,L
A432FF,N37RX,EC35,AIRBUS HELICOPTERS EC-135/635,H2T,L
A436FF,N3706K,P28A,PIPER PA-28-140/150/160/180,L1P,L
A442FF,N374DN,P337,CESSNA P337 Skymaster,L2P,L
A445FF,N3747L,C172,CESSNA 172 Skyhawk,L1P,L
A448FF,N3752C,C414,CESSNA 414 Chancellor,L2P,L
A449FF,N3759P,PA22,PIPER PA-22,L1P,L
A44CFF,N3764F,BALL,,B0-,-
A454FF,N3788M,PA12,PIPER PA-12 Super Cruiser,L1P,L
A457FF,N3793D,GLAS,Glasair,L1P,L
A45CFF,N380TM,PC12,PILATUS PC-12,L1T,L
A46EFF,N385MQ,SH36,SHORT 360,L2T,M
A473FF,N3860U,C336,CESSNA 336 Skymaster,L2P,L
A478FF,N38798,J3,PIPER J-3 Cub,L1P,L
A479FF,N388LC,C182,CESSNA 182 Skylane,L1P,L
A47BFF,N38840,P28A,PIPER PA-28-140/150/160/180,L1P,L
A47DFF,N389PA,A119,AGUSTA AW-119 Koala,H1T,L
A481FF,N39RZ,L39,LET L-39 Albatros,L1J,L
A485FF,N3906M,PA12,PIPER PA-12 Super Cruiser,L1P,L
A489FF,N3918Q,C172,CESSNA 172 Skyhawk,L1P,L
A48CFF,N3923G,T206,CESSNA T206 Turbo Stationair,L1P,L
A490FF,N3935K,P28A,PIPER PA-28-140/150/160/180,L1P,L
A498FF,N3959R,P28A,PIPER PA-28-140/150/160/180,L1P,L
A49CFF,N397CC,CC19,CUB CRAFTERS CC-19 XCub,L1P,L
A49FFF,N3976L,C172,CESSNA 172 Skyhawk,L1P,L
A4A2FF,N3981C,G103,GROB G-103 Twin 3SL,L1P,L
A4A6FF,N3993F,C172,CESSNA 172 Skyhawk,L1P,L
A4A7FF,N4AR,P210,CESSNA P210 Centurion,L1P,L
A4A8FF,N4LX,PTS2,PITTS S-2 Special,L1P,L
A4A9FF,N4XC,C185,CESSNA 185 Skywagon,L1P,L
A4AAFF,N40HH,,,,
A4ABFF,N40TP,C172,CESSNA 172 Skyhawk,L1P,L
A4AEFF,N4000F,C172,CESSNA 172 Skyhawk,L1P,L
A4AFFF,N4007S,C82S,CESSNA T182 Turbo Skylane,L1P,L
A4B0FF,N401GS,C402,CESSNA 402 Businessliner,L2P,L
A4B1FF,N401SY,LJ60,LEARJET 60,L2J,M
A4B2FF,N4012J,AT6T,AIR TRACTOR AT-602,L1T,L
A4B3FF,N4019V,C170,CESSNA 170,L1P,L
A4B6FF,N4024M,PA12,PIPER PA-12 Super Cruiser,L1P,L
A4BAFF,N4036Q,R44,ROBINSON R-44 Raven,H1P,L
A4C2FF,N406AV,DH8B,DE HAVILLAND DHC-8-200 Dash 8,L2T,M
A4C3FF,N406MA,P28A,PIPER PA-28-140/150/160/180,L1P,L
A4C6FF,N407DT,B407,BELL 407,H1T,L
A4C8FF,N4070E,AR11,AERONCA 11 Chief,L1P,L
A4C9FF,N4077R,PA32,PIPER PA-32,L1P,L
A4CBFF,N408SX,SONX,SONEX AIRCRAFT Sonex,L1P,L
A4CDFF,N4089U,BALL,,B0-,-
A4D0FF,N4094L,,,,
A4D1FF,N41CF,BE58,BEECH 58 Baron,L2P,L
A4E1FF,N41323,PA36,PIPER PA-36 Pawnee Brave,L1P,L
A4E2FF,N414AC,C414,CESSNA 414 Chancellor,L2P,L
A4E3FF,N414LJ,PTS1,PITTS S-1 Special,L1P,L
A4F7FF,N4190Z,PA18,PIPER PA-18 Super Cub,L1P,L
A4FBFF,N420DW,PC12,PILATUS PC-12,L1T,L
A4FDFF,N4200H,PA14,PIPER PA-14 Family Cruiser,L1P,L
A500FF,N421T,BE35,BEECH 35 Starfire Bonanza,L1P,L
A502FF,N4219X,SS2P,ROCKWELL Thrush Commander,L1P,L
A50BFF,N424RN,,,,
A50CFF,N4241J,P28A,PIPER PA-28-140/150/160/180,L1P,L
A512FF,N426MC,C172,CESSNA 172 Skyhawk,L1P,L
A517FF,N4270G,RV3,VANS RV-3,L1P,L
A51FFF,N4294N,P32R,PIPER PA-32R-300/301/301T,L1P,L
A520FF,N43CH,PA46,PIPER PA-46-310/350,L1P,L
A523FF,N430K,C182,CESSNA 182 Skylane,L1P,L
A525FF,N43037,P28A,PIPER PA-28-140/150/160/180,L1P,L
A52DFF,N4328C,CH7A,BELLANCA 7 Champion,L1P,L
A530FF,N43325,P28A,PIPER PA-28-140/150/160/180,L1P,L
A531FF,N434AE,B06,BELL 206 JetRanger,H1T,L
A534FF,N43448,P28A,PIPER PA-28-140/150/160/180,L1P,L
A535FF,N435DC,LJ45,LEARJET 45,L2J,M
A53BFF,N43613,PA34,PIPER PA-34 Seneca,L2P,L
A543FF,N43859,TAYB,TAYLORCRAFT BC/BF/BL,L1P,L
A544FF,N439EP,,,,
A546FF,N43901,TAYB,TAYLORCRAFT BC/BF/BL,L1P,L
A547FF,N4398B,C170,CESSNA 170,L1P,L
A548FF,N44HM,PA30,PIPER PA-30 Twin Comanche,L2P,L
A549FF,N44TT,RV12,VANS RV-12,L1P,L
A54CFF,N4400K,RV10,VANS RV-10,L1P,L
A54EFF,N441GW,SR22,CIRRUS SR-22,L1P,L
A54FFF,N441TB,R44,ROBINSON R-44 Raven,H1P,L
A553FF,N442W,BE36,BEECH 36 Bonanza,L1P,L
A555FF,N443CL,BE9L,BEECH 90 King Air,L2T,L
A55AFF,N444RQ,,,,
A55FFF,N4453P,AR11,AERONCA 11 Chief,L1P,L
A563FF,N4465S,BE36,BEECH 36 Bonanza,L1P,L
A566FF,N4470J,P28A,PIPER PA-28-140/150/160/180,L1P,L
A569FF,N448TA,C172,CESSNA 172 Skyhawk,L1P,L
A56FFF,N45CK,T6,NORTH AMERICAN T-6 Texan,L1P,L
A571FF,N45YX,WAIX,SONEX Waiex,L1P,L
A576FF,N451N,LJ45,LEARJET 45,L2J,M
A57BFF,N45204,AA5,AMERICAN AA-5 Tiger,L1P,L
A57CFF,N4528E,BALL,,B0-,-
A57FFF,N45327,C150,CESSNA 150,L1P,L
A587FF,N4557C,,,,
A588FF,N456GC,,,,
A592FF,N4586A,PA18,PIPER PA-18 Super Cub,L1P,L
A593FF,N459ER,C172,CESSNA 172 Skyhawk,L1P,L
A595FF,N45903,L8,LUSCOMBE 8,L1P,L
A596FF,N4598D,BE35,BEECH 35 Starfire Bonanza,L1P,L
A599FF,N460E,BE20,BEECH 200 Super King Air,L2T,M
A5A3FF,N4624T,M4,MAULE M-4,L1P,L
A5AAFF,N4641N,DG15,HOWARD Nightingale,L1P,L
A5AEFF,N4653R,P28A,PIPER PA-28-140/150/160/180,L1P,L
A5AFFF,N466BA,A5,ICON A-5,A1P,L
A5B6FF,N4677X,C150,CESSNA 150,L1P,L
A5B8FF,N468TC,RV6,VANS RV-6,L1P,L
A5BDFF,N4694S,C182,CESSNA 182 Skylane,L1P,L
A5BEFF,N47CM,K100,DAHER Kodiak 100,L1T,L
A5BFFF,N47NT,C25B,CESSNA 525B Citation CJ3,L2J,L
A5C3FF,N4704A,C185,CESSNA 185 Skywagon,L1P,L
A5C4FF,N471BW,C421,CESSNA 421 Executive Commuter,L2P,L
A5C7FF,N4716D,C182,CESSNA 182 Skylane,L1P,L
A5CBFF,N4728G,C172,CESSNA 172 Skyhawk,L1P,L
A5CEFF,N47329,TAYD,TAYLORCRAFT DC/DF/DL,L1P,L
A5D3FF,N475DG,ULAC,,L0-,-
A5D6FF,N4757E,C185,CESSNA 185 Skywagon,L1P,L
A5D9FF,N47617,P28A,PIPER PA-28-140/150/160/180,L1P,L
A5DDFF,N4774,,,,
A5DFFF,N478NA,B462,BRITISH AEROSPACE 146-200 Quiet Trader,L4J,M
A5E1FF,N4786C,UH12,HILLER UH-12,H1P,L
A5E4FF,N47905,P28A,PIPER PA-28-140/150/160/180,L1P,L
A5E6FF,N48HR,RV8,VANS RV-8,L1P,L
A5E7FF,N48TX,BE58,BEECH 58 Baron,L2P,L
A5E8FF,N480EB,B350,BEECHCRAFT Super King Air 350,L2T,M
A5EAFF,N4800P,PA25,PIPER PA-25 Pawnee,L1P,L
A5EBFF,N48070,L13M,LET L-13 Blanik,L1P,L
A5ECFF,N481H,C185,CESSNA 185 Skywagon,L1P,L
A5EFFF,N48193,ST75,STEARMAN Kaydet,L1P,L
A5FAFF,N48481,C152,CESSNA 152,L1P,L
A5FEFF,N486BC,R66,ROBINSON R-66,H1T,L
A607FF,N488TE,,,,
A609FF,N48892,C152,CESSNA 152,L1P,L
A60BFF,N489WC,S61,SIKORSKY S-61 Sea King,H2T,M
A60DFF,N49CP,C170,CESSNA 170,L1P,L
A614FF,N491ND,PA44,PIPER PA-44 Seminole,L2P,L
A616FF,N4916F,T206,CESSNA T206 Turbo Stationair,L1P,L
A625FF,N4957G,PA11,PIPER PA-11 Cub Special,L1P,L
A629FF,N4969K,NAVI,NORTH AMERICAN Navion,L1P,L
A632FF,N499RA,COL4,CESSNA 400 Corvalis TT,L1P,L
A634FF,N4998H,PA11,PIPER PA-11 Cub Special,L1P,L
A635FF,N5HT,TBM7,SOCATA TBM-700A/B/C,L1T,L
A637FF,N50ED,LS8,ROLLADEN-SCHNEIDER LS-8T,L1P,L
A63CFF,N5005H,PA11,PIPER PA-11 Cub Special,L1P,L
A63DFF,N501DN,A359,AIRBUS A-350-900,L2J,H
A63FFF,N5010,C72R,CESSNA 172R Cutlass RG,L1P,L
A640FF,N5017L,M20P,MOONEY M-20,L1P,L
A641FF,N502GL,G2T1,GREAT LAKES 2T-1,L1P,L
A643FF,N5022C,AT5T,AIR TRACTOR AT-504,L1T,L
A644FF,N5029P,PA24,PIPER PA-24 Comanche,L1P,L
A645FF,N503KJ,CL30,BOMBARDIER BD-100 Challenger 300,L2J,M
A648FF,N504CA,GLID,,L0-,-
A64EFF,N5051A,SR20,CIRRUS SR-20,L1P,L
A652FF,N5063D,CH7B,BELLANCA 7 Citabria,L1P,L
A657FF,N508DM,PA11,PIPER PA-11 Cub Special,L1P,L
A65AFF,N5087K,C172,CESSNA 172 Skyhawk,L1P,L
A65EFF,N5099N,C182,CESSNA 182 Skylane,L1P,L
A662FF,N510S,,,,
A663FF,N5101W,T6,NORTH AMERICAN T-6 Texan,L1P,L
A667FF,N5113Z,PA22,PIPER PA-22,L1P,L
A66FFF,N51375,,,,
A670FF,N514HE,B47G,BELL 47G,H1P,L
A674FF,N515LC,UH1,BELL UH-1 Huey,H1T,L
A678FF,N516PA,,,,
A67DFF,N5171V,C210,CESSNA 201 Centurion,L1P,L
A67EFF,N51786,EN28,ENSTROM F-28,H1P,L
A681FF,N5183Y,ULAC,,L0-,-
A683FF,N519MP,C172,CESSNA 172 Skyhawk,L1P,L
A688FF,N520AS,B738,BOEING 737-800,L2J,M
A68BFF,N5205K,NAVI,NORTH AMERICAN Navion,L1P,L
A68DFF,N521PW,BE36,BEECH 36 Bonanza,L1P,L
A690FF,N522GN,FOX,KITFOX,L1P,L
A692FF,N5222E,C180,CESSNA  180 Skywagon,L1P,L
A693FF,N5229R,C172,CESSNA 172 Skyhawk,L1P,L
A69AFF,N5246L,P28A,PIPER PA-28-140/150/160/180,L1P,L
A69DFF,N5251C,C310,CESSNA 310,L2P,L
A69EFF,N5258P,PA24,PIPER PA-24 Comanche,L1P,L
A6A6FF,N528DP,RV7,VANS RV-7,L1P,L
A6A7FF,N528PV,C82T,CESSNA TR182 Turbo Skylane RG,L1P,L
A6A9FF,N5287M,TAYB,TAYLORCRAFT BC/BF/BL,L1P,L
A6AAFF,N529GM,RV14,VANS RV-14,L1P,L
A6ACFF,N5292D,C172,CESSNA 172 Skyhawk,L1P,L
A6ADFF,N5299Q,C150,CESSNA 150,L1P,L
A6AEFF,N53KK,PA18,PIPER PA-18 Super Cub,L1P,L
A6B5FF,N531V,C175,CESSNA 175 Skylark,L1P,L
A6B6FF,N53131,ST75,STEARMAN Kaydet,L1P,L
A6C2FF,N535,C25A,CESSNA 525A Citation CJ2,L2J,L
A6C7FF,N536PC,SR22,CIRRUS SR-22,L1P,L
A6CBFF,N537SA,C82T,CESSNA TR182 Turbo Skylane RG,L1P,L
A6CCFF,N5371X,T206,CESSNA T206 Turbo Stationair,L1P,L
A6CDFF,N53788,AR6T,AERONCA 65 Tandem,L1P,L
A6D0FF,N53830,CH7B,BELLANCA 7 Citabria,L1P,L
A6D4FF,N53953,FA62,FAIRCHILD M-26 Cornell,L1P,L
A6D5FF,N54EH,R44,ROBINSON R-44 Raven,H1P,L
A6D8FF,N540M,E135,EMBRAER ERJ-135,L2J,M
A6DAFF,N5405M,C152,CESSNA 152,L1P,L
A6DDFF,N5410D,BE35,BEECH 35 Starfire Bonanza,L1P,L
A6E0FF,N542SW,C182,CESSNA 182 Skylane,L1P,L
A6ECFF,N5451E,T6,NORTH AMERICAN T-6 Texan,L1P,L
A6EDFF,N5458R,C172,CESSNA 172 Skyhawk,L1P,L
A6F8FF,N5487P,PA24,PIPER PA-24 Comanche,L1P,L
A6FDFF,N55KM,RV10,VANS RV-10,L1P,L
A6FEFF,N55VT,BE35,BEECH 35 Starfire Bonanza,L1P,L
A700FF,N550SD,DIMO,DIAMOND H-36 Dimona,L1P,L
A701FF,N55010,P28A,PIPER PA-28-140/150/160/180,L1P,L
A703FF,N551JW,S22T,CIRRUS SR-22T Turbo,L1P,L
A704FF,N551VB,E55P,EMBRAER EMB-505 Phenom 300,L2J,M
A705FF,N55133,ST75,STEARMAN Kaydet,L1P,L
A708FF,N552Y,G164,GRUMMAN G-164 Ag-Cat,L1P,L
A709FF,N55256,C172,CESSNA 172 Skyhawk,L1P,L
A70BFF,N553QS,C68A,CESSNA 680 Citation Latitude,L2J,M
A70CFF,N5530Y,AVID,AVID Flyer,L1P,L
A710FF,N55421,P28A,PIPER PA-28-140/150/160/180,L1P,L
A712FF,N555LG,C750,CESSNA 750 Citation 10,L2J,M
A718FF,N55667,P28A,PIPER PA-28-140/150/160/180,L1P,L
A71AFF,N557SC,B350,BEECHCRAFT Super King Air 350,L2T,M
A71BFF,N5571Z,PA22,PIPER PA-22,L1P,L
A720FF,N559BM,C560,CESSNA 560 Citation Ultra,L2J,M
A723FF,N55955,P28A,PIPER PA-28-140/150/160/180,L1P,L
A724FF,N56EK,P28A,PIPER PA-28-140/150/160/180,L1P,L
A726FF,N560AW,C56X,CESSNA 560XL Citation XLS,L2J,M
A727FF,N560MB,CH7A,BELLANCA 7 Champion,L1P,L
A729FF,N5605P,PA24,PIPER PA-24 Comanche,L1P,L
A72EFF,N562GS,C150,CESSNA 150,L1P,L
A730FF,N5622J,,,,
A733FF,N563VW,PA32,PIPER PA-32,L1P,L
A736FF,N564NN,CRJ9,BOMBARDIER Regional Jet CRJ-900,L2J,M
A738FF,N5646Q,M6,MAULE M-6,L1P,L
A73DFF,N566JC,C182,CESSNA 182 Skylane,L1P,L
A740FF,N567AV,A320,AIRBUS A-320,L2J,M
A741FF,N567MA,B190,BEECH 1900,L2T,M
A746FF,N5680E,C150,CESSNA 150,L1P,L
A747FF,N5687R,C172,CESSNA 172 Skyhawk,L1P,L
A749FF,N569SX,SONX,SONEX AIRCRAFT Sonex,L1P,L
A74AFF,N5692H,PA16,PIPER PA-16 Clipper,L1P,L
A74BFF,N5699U,EN28,ENSTROM F-28,H1P,L
A751FF,N5709C,C170,CESSNA 170,L1P,L
A754FF,N57135,M20P,MOONEY M-20,L1P,L
A75FFF,N57423,BL8,BELLANCA 8 Decathlon,L1P,L
A767FF,N57669,BL8,BELLANCA 8 Decathlon,L1P,L
A76AFF,N57711,C82R,CESSNA R182 Skylane RG,L1P,L
A76EFF,N57834,PA36,PIPER PA-36 Pawnee Brave,L1P,L
A774FF,N58QT,PA11,PIPER PA-11 Cub Special,L1P,L
A77BFF,N5810H,PA16,PIPER PA-16 Clipper,L1P,L
A78AFF,N5851J,BE35,BEECH 35 Starfire Bonanza,L1P,L
A79EFF,N590SH,BE9L,BEECH 90 King Air,L2T,L
A7A0FF,N5909E,C172,CESSNA 172 Skyhawk,L1P,L
A7A1FF,N591K,J3,PIPER J-3 Cub,L1P,L
A7AFFF,N595AE,B06,BELL 206 JetRanger,H1T,L
A7B2FF,N59548,B06,BELL 206 JetRanger,H1T,L
A7B7FF,N597GA,GA5C,GULFSTREAM G500,L2J,M
A7BAFF,N5979D,PA18,PIPER PA-18 Super Cub,L1P,L
A7C4FF,N60B,RV8,VANS RV-8,L1P,L
A7C6FF,N60XM,C180,CESSNA  180 Skywagon,L1P,L
A7C9FF,N60029,BALL,,B0-,-
A7CAFF,N601AJ,PA31,PIPER PA-31-300/310/325/350/425,L2P,L
A7CCFF,N601WW,CH60,ZENAIR CH-600 Zodiac,L1P,L
A7D1FF,N6027E,BE35,BEECH 35 Starfire Bonanza,L1P,L
A7D3FF,N603SL,,,,
A7D5FF,N6039H,C82S,CESSNA T182 Turbo Skylane,L1P,L
A7D7FF,N604VJ,LNP4,LANCAIR PropJet 4,L1T,L
A7D8FF,N6044,GLID,,L0-,-
A7DCFF,N6056C,C82R,CESSNA R182 Skylane RG,L1P,L
A7DFFF,N60605,RV6,VANS RV-6,L1P,L
A7E0FF,N6068F,C182,CESSNA 182 Skylane,L1P,L
A7E2FF,N607TX,C56X,CESSNA 560XL Citation XLS,L2J,M
A7E3FF,N60728,AEST,AEROSTAR 600,L2P,L
A7ECFF,N61GD,LJ60,LEARJET 60,L2J,M
A7F1FF,N6106Y,M7,MAULE M-7,L1P,L
A7F4FF,N6111Q,C152,CESSNA 152,L1P,L
A7F6FF,N612JL,PA18,PIPER PA-18 Super Cub,L1P,L
A7F9FF,N613BC,S22T,CIRRUS SR-22T Turbo,L1P,L
A7FCFF,N6135W,P28A,PIPER PA-28-140/150/160/180,L1P,L
A7FFFF,N6140N,BE95,BEECH 95 Travel Air,L2P,L
A806FF,N616WC,B06,BELL 206 JetRanger,H1T,L
A808FF,N617CP,SR22,CIRRUS SR-22,L1P,L
A80BFF,N6176X,C310,CESSNA 310,L2P,L
A80EFF,N6181P,PA24,PIPER PA-24 Comanche,L1P,L
A813FF,N62BB,BE58,BEECH 58 Baron,L2P,L
A814FF,N62MH,LEG2,LANCAIR Legacy,L1P,L
A81AFF,N621LS,EC20,AIRBUS HELICOPTERS EC-120,H1T,L
A81BFF,N621WY,SR22,CIRRUS SR-22,L1P,L
A82BFF,N6256E,C172,CESSNA 172 Skyhawk,L1P,L
A82EFF,N62607,PA23,PIPER PA-23,L2P,L
A833FF,N628AK,BE58,BEECH 58 Baron,L2P,L
A836FF,N6285C,CH7A,BELLANCA 7 Champion,L1P,L
A83AFF,N6297F,C337,CESSNA 337 Super Skymaster,L2P,L
A83CFF,N63SM,RV4,VANS RV-4,L1P,L
A842FF,N631RW,E170,EMBRAER ERJ-170-100,L2J,M
A843FF,N6311S,BE58,BEECH 58 Baron,L2P,L
A850FF,N635HA,,,,
A852FF,N6352T,P28A,PIPER PA-28-140/150/160/180,L1P,L
A85EFF,N63882,J3,PIPER J-3 Cub,L1P,L
A860FF,N639UT,DRON,,D0-,-
A861FF,836,BE9L,BEECH 90 King Air,L2T,L
A867FF,N6403C,P28R,PIPER PA-28R-180/200/201,L1P,L
A86BFF,N6415F,C182,CESSNA 182 Skylane,L1P,L
A86DFF,N642PS,RV6,VANS RV-6,L1P,L
A872FF,N6432A,C210,CESSNA 201 Centurion,L1P,L
A87CFF,N646RC,RV7,VANS RV-7,L1P,L
A87DFF,N64609,BE36,BEECH 36 Bonanza,L1P,L
A87EFF,N6468K,AVAM,AVID Amphibian,A1P,L
A880FF,N647UA,B763,BOEING 767-300,L2J,H
A881FF,N6473B,C172,CESSNA 172 Skyhawk,L1P,L
A885FF,N6485E,C172,CESSNA 172 Skyhawk,L1P,L
A88BFF,N65SP,H500,HUGHES 500,H1T,L
A88DFF,N650P,PA23,PIPER PA-23,L2P,L
A88FFF,N65062,O1,CESSNA 305/341 Bird Dog,L1P,L
A893FF,N65185,LAMA,AEROSPATIALE SA-315 Lama,H1T,L
A895FF,N652UW,RV7,VANS RV-7,L1P,L
A89AFF,N65350,DHC1,DE HAVILLAND DHC-1 Chipmunk,L1P,L
A89DFF,N6540S,C150,CESSNA 150,L1P,L
A89EFF,N65473,BALL,,B0-,-
A89FFF,N655HC,RV6,VANS RV-6,L1P,L
A8A1FF,N6552V,BE35,BEECH 35 Starfire Bonanza,L1P,L
A8A6FF,N657CT,CL60,BOMBARDIER CL-600 Challenger,L2J,M
A8AEFF,N659JP,PISI,PIPSTREL Sinus,L1P,L
A8B0FF,N6593W,P210,CESSNA P210 Centurion,L1P,L
A8B1FF,N66BF,RALL,SOCATA Rallye,L1P,L
A8B2FF,N66MM,C172,CESSNA 172 Skyhawk,L1P,L
A8B6FF,N6603E,C175,CESSNA 175 Skylark,L1P,L
A8BAFF,N6615H,J3,PIPER J-3 Cub,L1P,L
A8BBFF,N662DN,B752,BOEING 757-200,L2J,M
A8BEFF,N6627L,PA31,PIPER PA-31-300/310/325/350/425,L2P,L
A8C0FF,N663SS,A119,AGUSTA AW-119 Koala,H1T,L
A8C1FF,N6632C,BE33,BEECH 33 Bonanza,L1P,L
A8C2FF,N6639P,PA24,PIPER PA-24 Comanche,L1P,L
A8C5FF,N6644F,C150,CESSNA 150,L1P,L
A8C6FF,N665CA,S22T,CIRRUS SR-22T Turbo,L1P,L
A8C9FF,N6656J,P28A,PIPER PA-28-140/150/160/180,L1P,L
A8CBFF,N666RE,,,,
A8CDFF,N6668M,S108,STINSON 108 Voyager,L1P,L
A8D2FF,N668LV,,,,
A8D5FF,N669DM,T206,CESSNA T206 Turbo Stationair,L1P,L
A8D6FF,N669PT,SSTL,JUST JA30 SuperSTOL,L1P,L
A8D9FF,N67GK,RV8,VANS RV-8,L1P,L
A8DCFF,N670PB,C208,CESSNA 208 Caravan,L1T,L
A8E1FF,N6711W,P28A,PIPER PA-28-140/150/160/180,L1P,L
A8E9FF,N67352,BE58,BEECH 58 Baron,L2P,L
A8ECFF,N6740U,M20P,MOONEY M-20,L1P,L
A8F0FF,N6752X,BE58,BEECH 58 Baron,L2P,L
A8F1FF,N67598,VALI,CONVAIR Valiant,L1P,L
A8F6FF,N677PA,SF34,SAAB 340,L2T,M
A8FBFF,N6781V,M20P,MOONEY M-20,L1P,L
A8FCFF,N67886,C402,CESSNA 402 Businessliner,L2P,L
A8FFFF,N6793Y,PA23,PIPER PA-23,L2P,L
A900FF,N68BH,EAGL,CHRISTEN Eagle,L1P,L
A901FF,N68MP,BE36,BEECH 36 Bonanza,L1P,L
A906FF,N681AS,AS50,AEROSPATIALE AS-350 Ecureuil,H1T,L
A910FF,N6832E,C175,CESSNA 175 Skylark,L1P,L
A911FF,N6839R,SR22,CIRRUS SR-22,L1P,L
A914FF,N6844H,J3,PIPER J-3 Cub,L1P,L
A91CFF,N6868P,PC12,PILATUS PC-12,L1T,L
A91DFF,N687HZ,,,,
A929FF,N69ST,C172,CESSNA 172 Skyhawk,L1P,L
A92BFF,N690PD,H500,HUGHES 500,H1T,L
A92DFF,N69066,C152,CESSNA 152,L1P,L
A930FF,N6911Y,PA23,PIPER PA-23,L2P,L
A931FF,N69189,C152,CESSNA 152,L1P,L
A938FF,N69354,RV8,VANS RV-8,L1P,L
A940FF,N696,ZZZZ,,-0-,-
A942FF,N696WL,R44,ROBINSON R-44 Raven,H1P,L
A947FF,N69765,ST75,STEARMAN Kaydet,L1P,L
A94AFF,N6981X,C172,CESSNA 172 Skyhawk,L1P,L
A94BFF,N69888,B739,BOEING 737-900,L2J,M
A94FFF,N7BK,RLU1,RLU Super Breezy,L1P,L
A950FF,N7MR,FA7X,DASSAULT Falcon 7X,L3J,M
A951FF,N7XX,PTS2,PITTS S-2 Special,L1P,L
A952FF,N70JB,C310,CESSNA 310,L2P,L
A953FF,N70UH,PA11,PIPER PA-11 Cub Special,L1P,L
A954FF,N700EN,TBM7,SOCATA TBM-700A/B/C,L1T,L
A956FF,N70000,C172,CESSNA 172 Skyhawk,L1P,L
A958FF,N701HL,C560,CESSNA 560 Citation Ultra,L2J,M
A959FF,N701TS,CH70,ZENAIR CH-701 Stol,L1P,L
A95BFF,N702AC,B429,BELL 429 GlobalRanger,H2T,L
A95EFF,N70246,J3,PIPER J-3 Cub,L1P,L
A962FF,N70369,J3,PIPER J-3 Cub,L1P,L
A963FF,N704FZ,C150,CESSNA 150,L1P,L
A964FF,N704SE,C150,CESSNA 150,L1P,L
A965FF,N70411,C172,CESSNA 172 Skyhawk,L1P,L
A966FF,N7049B,PA22,PIPER PA-22,L1P,L
A969FF,N70534,J3,PIPER J-3 Cub,L1P,L
A96DFF,N70657,C182,CESSNA 182 Skylane,L1P,L
A970FF,N7070Z,,,,
A972FF,N708HK,C170,CESSNA 170,L1P,L
A974FF,N70822,T206,CESSNA T206 Turbo Stationair,L1P,L
A975FF,N709AB,BDOG,BRITISH AEROSPACE SA-3 Bulldog,L1P,L
A97AFF,N71PF,SR22,CIRRUS SR-22,L1P,L
A97EFF,N7104P,PA24,PIPER PA-24 Comanche,L1P,L
A97FFF,N711CJ,M20P,MOONEY M-20,L1P,L
A985FF,N7121J,BALL,,B0-,-
A986FF,N7128V,M20P,MOONEY M-20,L1P,L
A98AFF,N714AX,B762,BOEING 767-200,L2J,H
A98BFF,N714MC,C150,CESSNA 150,L1P,L
A98CFF,N714XJ,C152,CESSNA 152,L1P,L
A98DFF,N7145Q,C182,CESSNA 182 Skylane,L1P,L
A992FF,N716GT,F900,DASSAULT Falcon 900,L3J,M
A995FF,N7169W,P28A,PIPER PA-28-140/150/160/180,L1P,L
A998FF,N7174N,BE33,BEECH 33 Bonanza,L1P,L
A99CFF,N7186R,R22,ROBINSON R-22 Mariner,H1P,L
A99EFF,N719RM,C560,CESSNA 560 Citation Ultra,L2J,M
A99FFF,N7191H,ULAC,,L0-,-
A9A2FF,N72UK,C680,CESSNA 680 Citation Sovereign,L2J,M
A9ADFF,N72248,C120,CESSNA 120,L1P,L
A9AEFF,N723DC,GLF5,GULFSTREAM 5,L2J,M
A9B2FF,N724GA,GA7,DAHER-SOCATA TB-360 Tangara,L2P,L
A9B5FF,N7249D,PA22,PIPER PA-22,L1P,L
A9B8FF,N72536,C120,CESSNA 120,L1P,L
A9BCFF,N72659,C140,CESSNA 140,L1P,L
A9C0FF,N7278B,BE35,BEECH 35 Starfire Bonanza,L1P,L
A9C1FF,N728HM,BE35,BEECH 35 Starfire Bonanza,L1P,L
A9C2FF,N728TT,RV10,VANS RV-10,L1P,L
A9C6FF,N729WR,C25A,CESSNA 525A Citation CJ2,L2J,L
A9C7FF,N72947,C188,CESSNA 188 AgTruck,L1P,L
A9C8FF,N73DB,E50P,EMBRAER EMB-500 Phenom 100,L2J,L
A9C9FF,N73PH,BE9L,BEECH 90 King Air,L2T,L
A9CCFF,N730W,F260,AERMACCHI SF-260,L1P,L
A9CEFF,N731CL,C82T,CESSNA TR182 Turbo Skylane RG,L1P,L
A9D1FF,N7316U,C411,CESSNA 411,L2P,L
A9D2FF,N732FJ,C210,CESSNA 201 Centurion,L1P,L
A9D7FF,N733UN,C172,CESSNA 172 Skyhawk,L1P,L
A9DAFF,N734ME,C172,CESSNA 172 Skyhawk,L1P,L
A9DBFF,N734XL,C172,CESSNA 172 Skyhawk,L1P,L
A9DDFF,N735DX,C182,CESSNA 182 Skylane,L1P,L
A9DEFF,N735QC,C182,CESSNA 182 Skylane,L1P,L
A9DFFF,N7350J,C172,CESSNA 172 Skyhawk,L1P,L
A9E0FF,N7357V,BL17,BELLANCA 17 Viking,L1P,L
A9E1FF,N736GV,C172,CESSNA 172 Skyhawk,L1P,L
A9E2FF,N736TA,C172,CESSNA 172 Skyhawk,L1P,L
A9E3FF,N7362M,C175,CESSNA 175 Skylark,L1P,L
A9E5FF,N737KT,B738,BOEING 737-800,L2J,M
A9E6FF,N737VZ,C172,CESSNA 172 Skyhawk,L1P,L
A9E7FF,N7374Q,C182,CESSNA 182 Skylane,L1P,L
A9E8FF,N738CK,C82R,CESSNA R182 Skylane RG,L1P,L
A9EAFF,N738YX,C172,CESSNA 172 Skyhawk,L1P,L
A9ECFF,N739FH,C172,CESSNA 172 Skyhawk,L1P,L
A9EEFF,N7391K,PA20,PIPER PA-20 Pacer,L1P,L
A9F0FF,N74JF,DSA1,SMITH DSA-1 Miniplane,L1P,L
A9F4FF,N74004,B47G,BELL 47G,H1P,L
A9F7FF,N741TW,C172,CESSNA 172 Skyhawk,L1P,L
A9F8FF,N74127,AA5,AMERICAN AA-5 Tiger,L1P,L
AA00FF,N7437C,T6,NORTH AMERICAN T-6 Texan,L1P,L
AA03FF,N74415,R44,ROBINSON R-44 Raven,H1P,L
AA13FF,N749AF,PC12,PILATUS PC-12,L1T,L
AA17FF,N75DD,BE36,BEECH 36 Bonanza,L1P,L
AA18FF,N75PK,RV9,VANS RV-9,L1P,L
AA1BFF,N750WB,GLST,GLASAIR SH-4 GlaStar,L1P,L
AA1CFF,N7504T,BALL,,B0-,-
AA20FF,N7516W,P28A,PIPER PA-28-140/150/160/180,L1P,L
AA23FF,N7521N,BE35,BEECH 35 Starfire Bonanza,L1P,L
AA24FF,N7528Z,R44,ROBINSON R-44 Raven,H1P,L
AA28FF,N754BA,R44,ROBINSON R-44 Raven,H1P,L
AA2FFF,N7557X,C82R,CESSNA R182 Skylane RG,L1P,L
AA31FF,N756TC,C182,CESSNA 182 Skylane,L1P,L
AA33FF,N75690,ST75,STEARMAN Kaydet,L1P,L
AA36FF,N7574S,C182,CESSNA 182 Skylane,L1P,L
AA37FF,N758CM,C172,CESSNA 172 Skyhawk,L1P,L
AA3AFF,N7586V,C77R,CESSNA 177RG Cardinal RG,L1P,L
AA3CFF,N759RR,C182,CESSNA 182 Skylane,L1P,L
AA43FF,N76006,C140,CESSNA 140,L1P,L
AA45FF,N761HS,T210,CESSNA T210 Turbo Centurion,L1P,L
AA46FF,N761TY,T210,CESSNA T210 Turbo Centurion,L1P,L
AA47FF,N76129,C120,CESSNA 120,L1P,L
AA53FF,N7649H,PA12,PIPER PA-12 Super Cruiser,L1P,L
AA54FF,N765KC,MU30,MITSUBISHI MU-300 Diamond,L2J,M
AA56FF,N7654,GLID,,L0-,-
AA58FF,N766NA,T28,NORTH AMERICAN T-28,L1P,L
AA5EFF,N7678F,H46,BOEING-VERTOL CH-46 Sea Knight,H2T,M
AA67FF,N77PM,P28R,PIPER PA-28R-180/200/201,L1P,L
AA6FFF,N7716Y,PA30,PIPER PA-30 Twin Comanche,L2P,L
AA76FF,N7733T,C172,CESSNA 172 Skyhawk,L1P,L
AA7AFF,N7745W,P28A,PIPER PA-28-140/150/160/180,L1P,L
AA7EFF,N7757Z,PA25,PIPER PA-25 Pawnee,L1P,L
AA81FF,N7762R,BE55,BEECH 55 Baron,L2P,L
AA84FF,N777WC,BE35,BEECH 35 Starfire Bonanza,L1P,L
AA86FF,N778CP,C82T,CESSNA TR182 Turbo Skylane RG,L1P,L
AA8CFF,N7791P,PA24,PIPER PA-24 Comanche,L1P,L
AA92FF,N78008,B772,BOEING 777-200,L2J,H
AA97FF,N782AL,BE20,BEECH 200 Super King Air,L2T,M
AA9EFF,N7837G,C172,CESSNA 172 Skyhawk,L1P,L
AAA0FF,N784SN,MD11,MCDONNELL-DOUGLAS MD-11,L3J,H
AAA1FF,N78419,J3,PIPER J-3 Cub,L1P,L
AAA5FF,N7854B,B737,BOEING 737-700,L2J,M
AAA9FF,N7866E,C150,CESSNA 150,L1P,L
AAAAFF,N787EV,C25B,CESSNA 525B Citation CJ3,L2J,L
AAABFF,N787RA,C208,CESSNA 208 Caravan,L1T,L
AAB1FF,N789AK,HUSK,CHRISTEN Husky,L1P,L
AAB2FF,N789LR,GLF5,GULFSTREAM 5,L2J,M
AAB5FF,N79DH,G280,GULFSTREAM G280,L2J,M
AAB6FF,N79PP,C414,CESSNA 414 Chancellor,L2P,L
AAB8FF,N790L,CH7A,BELLANCA 7 Champion,L1P,L
AABAFF,N7904X,C172,CESSNA 172 Skyhawk,L1P,L
AAC2FF,N79283,C172,CESSNA 172 Skyhawk,L1P,L
AAC5FF,N7933V,C180,CESSNA  180 Skywagon,L1P,L
AAC9FF,N7945Y,PA30,PIPER PA-30 Twin Comanche,L2P,L
AACDFF,N79571,C172,CESSNA 172 Skyhawk,L1P,L
AACEFF,N796HA,C82T,CESSNA TR182 Turbo Skylane RG,L1P,L
AAD4FF,N7974W,P28A,PIPER PA-28-140/150/160/180,L1P,L
AAD8FF,N7986Z,C150,CESSNA 150,L1P,L
AADAFF,N799RV,RV10,VANS RV-10,L1P,L
AADDFF,N8JM,C162,CESSNA 162 Skycatcher,L1P,L
AADEFF,N8UT,B06,BELL 206 JetRanger,H1T,L
AAE0FF,N80RD,C208,CESSNA 208 Caravan,L1T,L
AAE1FF,N800BJ,PC12,PILATUS PC-12,L1T,L
AAE9FF,N802HE,,,,
AAEAFF,N802TL,AT8T,AIR TRACTOR AT-802,L1T,M
AAEBFF,N8022X,C180,CESSNA  180 Skywagon,L1P,L
AAECFF,N80298,C172,CESSNA 172 Skyhawk,L1P,L
AAEFFF,N80340,C172,CESSNA 172 Skyhawk,L1P,L
AAF0FF,N804CV,C560,CESSNA 560 Citation Ultra,L2J,M
AAF3FF,N80463,SBOY,INTERPLANE Skyboy,L1P,L
AAF4FF,N805FT,GLF4,GULFSTREAM 4,L2J,M
AAF6FF,N8051V,P28A,PIPER PA-28-140/150/160/180,L1P,L
AAF8FF,N806JR,R44,ROBINSON R-44 Raven,H1P,L
AAFAFF,N8063Y,PA30,PIPER PA-30 Twin Comanche,L2P,L
AAFBFF,N807BH,S22T,CIRRUS SR-22T Turbo,L1P,L
AAFCFF,N807MP,AS50,AEROSPATIALE AS-350 Ecureuil,H1T,L
AAFEFF,N80751,C172,CESSNA 172 Skyhawk,L1P,L
AB01FF,N8080T,C175,CESSNA 175 Skylark,L1P,L
AB05FF,N8092W,P28A,PIPER PA-28-140/150/160/180,L1P,L
AB06FF,N80997,GC1,GLOBE Swift,L1P,L
AB07FF,N81LB,C82T,CESSNA TR182 Turbo Skylane RG,L1P,L
AB08FF,N81WH,H500,HUGHES 500,H1T,L
AB0AFF,N810SU,C172,CESSNA 172 Skyhawk,L1P,L
AB10FF,N812CC,PA11,PIPER PA-11 Cub Special,L1P,L
AB13FF,N8126L,B350,BEECHCRAFT Super King Air 350,L2T,M
AB17FF,N8138P,PA24,PIPER PA-24 Comanche,L1P,L
AB1BFF,N815AR,PUMA,AEROSPATIALE SA-330 Puma,H2T,L
AB1EFF,N8155J,B06,BELL 206 JetRanger,H1T,L
AB21FF,N8160A,PA32,PIPER PA-32,L1P,L
AB22FF,N8167M,C310,CESSNA 310,L2P,L
AB24FF,N817ST,COL4,CESSNA 400 Corvalis TT,L1P,L
AB26FF,N8179Q,C310,CESSNA 310,L2P,L
AB29FF,N8184G,C172,CESSNA 172 Skyhawk,L1P,L
AB2EFF,N82F,B06,BELL 206 JetRanger,H1T,L
AB31FF,N820MS,GLF5,GULFSTREAM 5,L2J,M
AB32FF,N820XY,,,,
AB33FF,N82054,P28A,PIPER PA-28-140/150/160/180,L1P,L
AB39FF,N822TN,SR22,CIRRUS SR-22,L1P,L
AB3BFF,N823,FOX,KITFOX,L1P,L
AB3DFF,N823WL,,,,
AB3EFF,N82342,CH7A,BELLANCA 7 Champion,L1P,L
AB40FF,N824PC,CB1,HATZ CB-1 Classic,L1P,L
AB44FF,N825SA,CL60,BOMBARDIER CL-600 Challenger,L2J,M
AB45FF,N8251X,C172,CESSNA 172 Skyhawk,L1P,L
AB46FF,N82588,,,,
AB47FF,N826JT,HDJT,HONDA HondaJet,L2J,L
AB49FF,N82630,CH7A,BELLANCA 7 Champion,L1P,L
AB51FF,N82876,CH7A,BELLANCA 7 Champion,L1P,L
AB55FF,N82999,PA18,PIPER PA-18 Super Cub,L1P,L
AB56FF,N83LD,MM16,MAGNI M-16 Tandem Trainer,G1P,L
AB57FF,N83WK,ZZZZ,,-0-,-
AB59FF,N830SW,C185,CESSNA 185 Skywagon,L1P,L
AB5AFF,N8302G,C150,CESSNA 150,L1P,L
AB5BFF,N8309T,C175,CESSNA 175 Skylark,L1P,L
AB5EFF,N8314K,P32R,PIPER PA-32R-300/301/301T,L1P,L
AB62FF,N8326N,BE35,BEECH 35 Starfire Bonanza,L1P,L
AB65FF,N8331E,PA32,PIPER PA-32,L1P,L
AB66FF,N8338R,P28A,PIPER PA-28-140/150/160/180,L1P,L
AB67FF,N834JA,RF6,FOURNIER RF-6,L1P,L
AB69FF,N8343H,P32R,PIPER PA-32R-300/301/301T,L1P,L
AB6AFF,N835AT,PA44,PIPER PA-44 Seminole,L2P,L
AB71FF,N8367P,PA24,PIPER PA-24 Comanche,L1P,L
AB74FF,N8372F,H500,HUGHES 500,H1T,L
AB75FF,N8379S,C182,CESSNA 182 Skylane,L1P,L
AB78FF,N8384J,C150,CESSNA 150,L1P,L
AB7CFF,N8396M,C150,CESSNA 150,L1P,L
AB7DFF,N84FB,BE35,BEECH 35 Starfire Bonanza,L1P,L
AB82FF,N84056,CH7A,BELLANCA 7 Champion,L1P,L
AB84FF,N841QS,C700,CESSNA 700 Citation Longitude,L2J,M
AB87FF,N842HJ,SR22,CIRRUS SR-22,L1P,L
AB89FF,N84221,C172,CESSNA 172 Skyhawk,L1P,L
AB8FFF,N844PE,DRON,,D0-,-
AB91FF,N84467,P28A,PIPER PA-28-140/150/160/180,L1P,L
AB93FF,N845SC,LJ45,LEARJET 45,L2J,M
AB94FF,N8451Z,C210,CESSNA 201 Centurion,L1P,L
AB97FF,N846VA,A320,AIRBUS A-320,L2J,M
AB98FF,N84632,CH7A,BELLANCA 7 Champion,L1P,L
ABA0FF,N84878,C172,CESSNA 172 Skyhawk,L1P,L
ABA4FF,N85A,C82R,CESSNA R182 Skylane RG,L1P,L
ABA5FF,N85LF,S76,SIKORSKY S-76 Spirit,H2T,L
ABA6FF,N85WM,BE33,BEECH 33 Bonanza,L1P,L
ABA7FF,N850GS,TBM7,SOCATA TBM-700A/B/C,L1T,L
ABAAFF,N8509V,PARA,,P0-,-
ABADFF,N8514M,BE35,BEECH 35 Starfire Bonanza,L1P,L
ABAFFF,N852NN,B738,BOEING 737-800,L2J,M
ABB1FF,N8526Q,T206,CESSNA T206 Turbo Stationair,L1P,L
ABB2FF,N853FE,C208,CESSNA 208 Caravan,L1T,L
ABB6FF,N854JC,H25A,HAWKER SIDDELEY HS-125,L2J,M
ABB9FF,N855AV,PA44,PIPER PA-44 Seminole,L2P,L
ABBAFF,N855MA,P46T,PIPER PA-46-500TP,L1T,L
ABBCFF,N8555N,BE35,BEECH 35 Starfire Bonanza,L1P,L
ABC2FF,N857SX,SONX,SONEX AIRCRAFT Sonex,L1P,L
ABC3FF,N8572H,NAVI,NORTH AMERICAN Navion,L1P,L
ABC4FF,N8579U,C172,CESSNA 172 Skyhawk,L1P,L
ABC8FF,N859CF,RV7,VANS RV-7,L1P,L
ABCDFF,N86RK,DA42,DIAMOND DA-42 Guardian,L2P,L
ABD1FF,N86058,AR11,AERONCA 11 Chief,L1P,L
ABD6FF,N862HL,M20P,MOONEY M-20,L1P,L
ABD8FF,N86223,AR11,AERONCA 11 Chief,L1P,L
ABD9FF,N863AC,FOX,KITFOX,L1P,L
ABDDFF,N864DA,B772,BOEING 777-200,L2J,H
ABE4FF,N8659B,CRJ2,BOMBARDIER Regional Jet CRJ-200,L2J,M
ABE7FF,N86634,CH7A,BELLANCA 7 Champion,L1P,L
ABEBFF,N86757,B14A,BELLANCA 14,L1P,L
ABEFFF,N8688,J3,PIPER J-3 Cub,L1P,L
ABF5FF,N87WP,B06,BELL 206 JetRanger,H1T,L
ABF7FF,N870T,BE35,BEECH 35 Starfire Bonanza,L1P,L
ABF8FF,N8702L,B38M,BOEING 737 MAX 8,L2J,M
ABF9FF,N8709X,C182,CESSNA 182 Skylane,L1P,L
ABFAFF,N871KS,BE9L,BEECH 90 King Air,L2T,L
ABFCFF,N8714P,PA24,PIPER PA-24 Comanche,L1P,L
AC03FF,N8731J,B38M,BOEING 737 MAX 8,L2J,M
AC05FF,N874JE,BE58,BEECH 58 Baron,L2P,L
AC07FF,N8743M,BE23,BEECH 23 Sundowner,L1P,L
AC09FF,N875MC,V10,NORTH AMERICAN OV-10 Bronco,L2T,L
AC0BFF,N8755Q,T206,CESSNA T206 Turbo Stationair,L1P,L
AC0FFF,N8767T,C182,CESSNA 182 Skylane,L1P,L
AC10FF,N877GT,AA5,AMERICAN AA-5 Tiger,L1P,L
AC13FF,N8779W,P28B,PIPER PA-28-201T/235/236,L1P,L
AC16FF,N8784N,P28A,PIPER PA-28-140/150/160/180,L1P,L
AC17FF,N879CH,BALL,,B0-,-
AC1AFF,N8796R,BE95,BEECH 95 Travel Air,L2P,L
AC1BFF,N88FF,GLID,,L0-,-
AC1CFF,N88RM,T34P,BEECH T-34 Mentor,L1P,L
AC20FF,N8806,CH7B,BELLANCA 7 Citabria,L1P,L
AC27FF,N88225,J3,PIPER J-3 Cub,L1P,L
AC2BFF,N88348,CH7A,BELLANCA 7 Champion,L1P,L
AC2CFF,N884DC,PA24,PIPER PA-24 Comanche,L1P,L
AC2FFF,N8847A,CRJ2,BOMBARDIER Regional Jet CRJ-200,L2J,M
AC33FF,N8859D,PA22,PIPER PA-22,L1P,L
AC3BFF,N888EP,SR22,CIRRUS SR-22,L1P,L
AC40FF,N889TT,SEAW,Seawind,A1P,L
AC48FF,N8909Z,C310,CESSNA 310,L2P,L
AC4AFF,N891W,EXEJ,ROTORWAY JetExec,H1T,L
AC4BFF,N8914R,CH7A,BELLANCA 7 Champion,L1P,L
AC4FFF,N8926U,BE35,BEECH 35 Starfire Bonanza,L1P,L
AC54FF,N894JG,C340,CESSNA 340 Super,L2P,L
AC5DFF,N8960J,P28A,PIPER PA-28-140/150/160/180,L1P,L
AC60FF,N897TA,COY2,RANS Coyote 2,L1P,L
AC65FF,N8984Q,SS2P,ROCKWELL Thrush Commander,L1P,L
AC69FF,N8996T,C182,CESSNA 182 Skylane,L1P,L
AC6AFF,N9FH,H60,SIKORSKY UH-60 Black Hawk,H2T,M
AC6BFF,N9RP,C182,CESSNA 182 Skylane,L1P,L
AC6FFF,N900JL,P32R,PIPER PA-32R-300/301/301T,L1P,L
AC70FF,N900US,BE77,BEECH 77 Skipper,L1P,L
AC71FF,N9003T,ULAC,,L0-,-
AC72FF,N901BC,SF34,SAAB 340,L2T,M
AC73FF,N901MJ,H25B,HAWKER BEECHCRAFT Hawker 750/850,L2J,M
AC76FF,N902EA,EXPL,MCDONNELL-DOUGLAS MD-900 Explorer,H2T,L
AC7DFF,N90392,GC1,GLOBE Swift,L1P,L
AC81FF,N905CP,C172,CESSNA 172 Skyhawk,L1P,L
AC87FF,N9061P,PA24,PIPER PA-24 Comanche,L1P,L
AC8EFF,N908XP,ULAC,,L0-,-
AC92FF,N9090M,AT3T,AIR TRACTOR AT-302/402,L1T,L
AC95FF,N91TD,C240,CESSNA 240 Corvalis TTx,L1P,L
AC96FF,N910DJ,CH75,ZENAIR CH-750 Cruzer,L1P,L
AC9AFF,N911GG,,,,
AC9CFF,N91119,PA23,PIPER PA-23,L2P,L
ACA0FF,N9124B,C180,CESSNA  180 Skywagon,L1P,L
ACA2FF,N913NC,PA31,PIPER PA-31-300/310/325/350/425,L2P,L
ACA5FF,N914EV,CRJ2,BOMBARDIER Regional Jet CRJ-200,L2J,M
ACA6FF,N914RA,AT8T,AIR TRACTOR AT-802,L1T,M
ACA7FF,N91407,NAVI,NORTH AMERICAN Navion,L1P,L
ACABFF,N9153,,,,
ACACFF,N916AK,S22T,CIRRUS SR-22T Turbo,L1P,L
ACAEFF,N916WX,DRON,,D0-,-
ACB3FF,N9177F,H500,HUGHES 500,H1T,L
ACB6FF,N91818,GLID,,L0-,-
ACB7FF,N9189J,P28A,PIPER PA-28-140/150/160/180,L1P,L
ACB8FF,N919KD,BALL,,B0-,-
ACBAFF,N9194A,C170,CESSNA 170,L1P,L
ACBBFF,N92BW,CRER,RANS Courier,L1P,L
ACC0FF,N9203V,M20P,MOONEY M-20,L1P,L
ACC1FF,N921BE,C501,CESSNA 501 Citation 1SP,L2J,L
ACC2FF,N921ML,FA20,DASSAULT Falcon 200,L2J,M
ACC4FF,N9215Y,PA31,PIPER PA-31-300/310/325/350/425,L2P,L
ACC7FF,N9220Q,BE33,BEECH 33 Bonanza,L1P,L
ACC9FF,N923HA,C25B,CESSNA 525B Citation CJ3,L2J,L
ACCBFF,N9232T,M7,MAULE M-7,L1P,L
ACCCFF,N92394,J3,PIPER J-3 Cub,L1P,L
ACCFFF,N9244W,P28B,PIPER PA-28-201T/235/236,L1P,L
ACD3FF,N9256Z,DHC1,DE HAVILLAND DHC-1 Chipmunk,L1P,L
ACD6FF,N9261R,J3,PIPER J-3 Cub,L1P,L
ACD7FF,N92682,J3,PIPER J-3 Cub,L1P,L
ACD8FF,N927JM,C25B,CESSNA 525B Citation CJ3,L2J,L
ACDEFF,N9285X,C182,CESSNA 182 Skylane,L1P,L
ACE1FF,N9290P,PA44,PIPER PA-44 Seminole,L2P,L
ACE2FF,N92970,C172,CESSNA 172 Skyhawk,L1P,L
ACE8FF,N9307J,P28A,PIPER PA-28-140/150/160/180,L1P,L
ACEBFF,N9312A,C195,CESSNA 195,L1P,L
ACECFF,N9319M,M20P,MOONEY M-20,L1P,L
ACEFFF,N9324D,PA22,PIPER PA-22,L1P,L
ACF9FF,N935UA,,,,
ACFBFF,N936AM,GLF4,GULFSTREAM 4,L2J,M
ACFCFF,N936LT,PA44,PIPER PA-44 Seminole,L2P,L
ACFEFF,N9365E,AR11,AERONCA 11 Chief,L1P,L
AD02FF,N9377H,C172,CESSNA 172 Skyhawk,L1P,L
AD06FF,N9389L,C172,CESSNA 172 Skyhawk,L1P,L
AD09FF,N9394C,C180,CESSNA  180 Skywagon,L1P,L
AD1CFF,N944LA,C72R,CESSNA 172R Cutlass RG,L1P,L
AD26FF,N94684,C152,CESSNA 152,L1P,L
AD29FF,N9473W,P28B,PIPER PA-28-201T/235/236,L1P,L
AD2DFF,N9485Z,C72R,CESSNA 172R Cutlass RG,L1P,L
AD32FF,N95HB,,,,
AD34FF,N950DN,MD90,MCDONNELL-DOUGLAS MD-90,L2J,M
AD36FF,N9500,WACO,WACO E/O,L1P,L
AD37FF,N9507L,C172,CESSNA 172 Skyhawk,L1P,L
AD38FF,N951GL,,,,
AD3AFF,N9512C,P28A,PIPER PA-28-140/150/160/180,L1P,L
AD42FF,N9536J,P28A,PIPER PA-28-140/150/160/180,L1P,L
AD46FF,N9548M,M20P,MOONEY M-20,L1P,L
AD4EFF,N957DM,CH60,ZENAIR CH-600 Zodiac,L1P,L
AD51FF,N9577K,S108,STINSON 108 Voyager,L1P,L
AD59FF,N96C,TAYB,TAYLORCRAFT BC/BF/BL,L1P,L
AD5AFF,N96NF,C550,CESSNA 550 Citation S2,L2J,L
AD5CFF,N960JS,GLF4,GULFSTREAM 4,L2J,M
AD65FF,N9620U,AA5,AMERICAN AA-5 Tiger,L1P,L
AD66FF,N96275,TAYB,TAYLORCRAFT BC/BF/BL,L1P,L
AD6DFF,N96440,TAYB,TAYLORCRAFT BC/BF/BL,L1P,L
AD6EFF,N965CV,CORS,CHANCE VOUGHT F4U Corsair,L1P,M
AD71FF,N96563,TAYB,TAYLORCRAFT BC/BF/BL,L1P,L
AD76FF,N967JR,C172,CESSNA 172 Skyhawk,L1P,L
AD78FF,N9673Y,BE35,BEECH 35 Starfire Bonanza,L1P,L
AD82FF,N97TK,R44,ROBINSON R-44 Raven,H1P,L
AD8AFF,N9719R,BE35,BEECH 35 Starfire Bonanza,L1P,L
AD8EFF,N973CC,PA11,PIPER PA-11 Cub Special,L1P,L
AD9CFF,N9765J,P28A,PIPER PA-28-140/150/160/180,L1P,L
AD9FFF,N9770A,C170,CESSNA 170,L1P,L
ADA0FF,N9777M,P28R,PIPER PA-28R-180/200/201,L1P,L
ADA2FF,N978ST,A119,AGUSTA AW-119 Koala,H1T,L
ADA7FF,N9794G,C180,CESSNA  180 Skywagon,L1P,L
ADAAFF,N98YP,C25B,CESSNA 525B Citation CJ3,L2J,L
ADACFF,N980V,,,,
ADAFFF,N981MS,,,,
ADB5FF,N98277,J3,PIPER J-3 Cub,L1P,L
ADB9FF,N984,PA18,PIPER PA-18 Super Cub,L1P,L
ADC0FF,N98565,J3,PIPER J-3 Cub,L1P,L
ADC2FF,N986SA,LJ35,LEARJET 35,L2J,M
ADC5FF,N987JT,A321,AIRBUS A-321,L2J,M
ADCBFF,N98853,C82S,CESSNA T182 Turbo Skylane,L1P,L
ADD0FF,N99HF,C172,CESSNA 172 Skyhawk,L1P,L
ADD1FF,N99TM,C210,CESSNA 201 Centurion,L1P,L
ADD2FF,N990DS,GLST,GLASAIR SH-4 GlaStar,L1P,L
ADD4FF,N9900D,BE36,BEECH 36 Bonanza,L1P,L
ADD5FF,N9907Q,C172,CESSNA 172 Skyhawk,L1P,L
ADD9FF,N9919T,P32R,PIPER PA-32R-300/301/301T,L1P,L
ADDDFF,N993CE,F2TH,DASSAULT Falcon 2000,L2J,M
ADE2FF,N994RJ,C185,CESSNA 185 Skywagon,L1P,L
ADE5FF,N995JA,C172,CESSNA 172 Skyhawk,L1P,L
ADE7FF,N9953H,C82R,CESSNA R182 Skylane RG,L1P,L
ADE8FF,N996AT,B712,BOEING 717-200,L2J,M
ADF0FF,N998GP,GLF4,GULFSTREAM 4,L2J,M
ADF4FF,N999KM,P210,CESSNA P210 Centurion,L1P,L
ADF5FF,N999VT,SR20,CIRRUS SR-20,L1P,L
ADFCFF,95-0051,BE40,BEECH 400 Beechjet,L2J,M
ADFFFF,70-1954,T38,NORTHROP T-38 Talon,L2J,L
AE00FF,65-10457,T38,NORTHROP T-38 Talon,L2J,L
AE01FF,98-3539,TEX2,BEECHCRAFT T-6 Texan 2,L1T,L
AE03FF,84-00153,BE20,BEECH 200 Super King Air,L2T,M
AE04FF,59-1463,K35R,BOEING KC-135R/T Stratotanker,L4J,H
AE07FF,98-0053,C17,BOEING C-17 Globemaster 3,L4J,H
AE09FF,95-26663,H60,SIKORSKY UH-60 Black Hawk,H2T,M
AE0AFF,89-26171,H60,SIKORSKY UH-60 Black Hawk,H2T,M
AE0BFF,87-24620,H60,SIKORSKY UH-60 Black Hawk,H2T,M
AE0EFF,86-24511,H60,SIKORSKY UH-60 Black Hawk,H2T,M
AE10FF,01-3611,TEX2,BEECHCRAFT T-6 Texan 2,L1T,L
AE13FF,05-3776,TEX2,BEECHCRAFT T-6 Texan 2,L1T,L
AE14FF,05-27055,H60,SIKORSKY UH-60 Black Hawk,H2T,M
AE17FF,05-20011,H60,SIKORSKY UH-60 Black Hawk,H2T,M
AE1BFF,04-08706,H47,BOEING-VERTOL CH-47 Chinook,H2T,M
AE1CFF,158567,P3,LOCKHEED P-3 Orion,L4T,M
AE1FFF,12-72240,EC45,AIRBUS HELICOPTERS EC-145,H2T,L
AE27FF,6014,H60,SIKORSKY UH-60 Black Hawk,H2T,M
AE2BFF,166588,H60,SIKORSKY UH-60 Black Hawk,H2T,M
AE47FF,07-20066,H60,SIKORSKY UH-60 Black Hawk,H2T,M
AE4BFF,168008,V22,BELL-BOEING V-22 Osprey,R2T,M
AE4DFF,6047,H60,SIKORSKY UH-60 Black Hawk,H2T,M
AE53FF,11-00283,B350,BEECHCRAFT Super King Air 350,L2T,M
AE59FF,15-08468,H47,BOEING-VERTOL CH-47 Chinook,H2T,M
AE5DFF,16-5844,C30J,LOCKHEED MARTIN C-130J Super Hercules,L4T,M
AE5EFF,162819,B06,BELL 206 JetRanger,H1T,L
AE61FF,16-5883,C30J,LOCKHEED MARTIN C-130J Super Hercules,L4T,M
AE63FF,68-8186,T38,NORTHROP T-38 Talon,L2J,L
AE65FF,18-03237,H64,MCDONNELL DOUGLAS AH-64 Apache,H2T,M
C000FF,C-FAJU,,,,
C001FF,C-FATQ,AA1,AMERICAN AA-1,L1P,L
C002FF,C-FBDM,,,,
C003FF,C-FBNI,,,,
C004FF,C-FBXE,C152,CESSNA 152,L1P,L
C005FF,C-FCHA,CH7A,BELLANCA 7 Champion,L1P,L
C008FF,C-FDKO,C180,CESSNA  180 Skywagon,L1P,L
C009FF,C-FDUK,AR11,AERONCA 11 Chief,L1P,L
C00AFF,C-FEEG,J3,PIPER J-3 Cub,L1P,L
C00BFF,C-FEOC,RV3,VANS RV-3,L1P,L
C00CFF,C-FEXY,C208,CESSNA 208 Caravan,L1T,L
C00EFF,C-FFRQ,,,,
C00FFF,C-FGBM,,,,
C011FF,C-FGVE,CH7B,BELLANCA 7 Citabria,L1P,L
C012FF,C-FHFA,PA18,PIPER PA-18 Super Cub,L1P,L
C013FF,C-FHOW,P28A,PIPER PA-28-140/150/160/180,L1P,L
C014FF,C-FHYS,BALL,,B0-,-
C015FF,C-FIIO,BE50,BEECH 50 Excalibur,L2P,L
C017FF,C-FJCG,P28A,PIPER PA-28-140/150/160/180,L1P,L
C019FF,C-FJVY,,,,
C01CFF,C-FKZM,PA22,PIPER PA-22,L1P,L
C01DFF,C-FLJI,B14A,BELLANCA 14,L1P,L
C01EFF,C-FLTE,PA24,PIPER PA-24 Comanche,L1P,L
C01FFF,C-FMDA,C172,CESSNA 172 Skyhawk,L1P,L
C020FF,C-FMMW,DA40,DIAMOND DA-40 Club Star,L1P,L
C021FF,C-FMWS,M20P,MOONEY M-20,L1P,L
C022FF,C-FNGO,C185,CESSNA 185 Skywagon,L1P,L
C024FF,C-FOAG,PA18,PIPER PA-18 Super Cub,L1P,L
C025FF,C-FOKC,CH70,ZENAIR CH-701 Stol,L1P,L
C026FF,C-FOTY,R44,ROBINSON R-44 Raven,H1P,L
C027FF,C-FPDU,,,,
C029FF,C-FPXM,RV7,VANS RV-7,L1P,L
C02CFF,C-FRBA,D31,ROLLASON D-31 Turbulent,L1P,L
C02EFF,C-FRUS,PA16,PIPER PA-16 Clipper,L1P,L
C02FFF,C-FSEO,CH7B,BELLANCA 7 Citabria,L1P,L
C030FF,C-FSOK,P28A,PIPER PA-28-140/150/160/180,L1P,L
C032FF,C-FTIC,ULAC,,L0-,-
C033FF,C-FTRY,C182,CESSNA 182 Skylane,L1P,L
C034FF,C-FUBU,,,,
C035FF,C-FULQ,P28A,PIPER PA-28-140/150/160/180,L1P,L
C036FF,C-FUVM,C172,CESSNA 172 Skyhawk,L1P,L
C037FF,C-FVFI,,,,
C039FF,C-FVZA,C185,CESSNA 185 Skywagon,L1P,L
C03BFF,C-FWSS,,,,
C03CFF,C-FXCO,P28A,PIPER PA-28-140/150/160/180,L1P,L
C03DFF,C-FXMK,,,,
C03EFF,C-FXWG,C150,CESSNA 150,L1P,L
C03FFF,C-FYGC,VO10,NORTH AMERICAN ROCKWELL Commander 100,L1P,L
C040FF,C-FYPY,DA40,DIAMOND DA-40 Club Star,L1P,L
C042FF,C-FZJQ,C172,CESSNA 172 Skyhawk,L1P,L
C043FF,C-FZTM,,,,
C044FF,C-GADI,B350,BEECHCRAFT Super King Air 350,L2T,M
C045FF,C-GANE,T206,CESSNA T206 Turbo Stationair,L1P,L
C046FF,C-GAXA,C172,CESSNA 172 Skyhawk,L1P,L
C047FF,C-GBGW,CH20,ZENAIR CH-200 Zenith,L1P,L
C04AFF,C-GCKK,,,,
C04BFF,C-GCUG,SA30,STOLP Starduster Too,L1P,L
C04DFF,C-GDNY,P28A,PIPER PA-28-140/150/160/180,L1P,L
C04FFF,C-GEHQ,B38M,BOEING 737 MAX 8,L2J,M
C050FF,C-GERM,C172,CESSNA 172 Skyhawk,L1P,L
C051FF,C-GFBI,G164,GRUMMAN G-164 Ag-Cat,L1P,L
C053FF,C-GFVA,C172,CESSNA 172 Skyhawk,L1P,L
C054FF,C-GGEW,HUSK,CHRISTEN Husky,L1P,L
C055FF,C-GGOS,RBEL,MURPHY Rebel,L1P,L
C056FF,C-GGYO,S108,STINSON 108 Voyager,L1P,L
C057FF,C-GHIK,CRER,RANS Courier,L1P,L
C058FF,C-GHSG,RV9,VANS RV-9,L1P,L
C059FF,C-GICC,SONX,SONEX AIRCRAFT Sonex,L1P,L
C05AFF,C-GILY,PA44,PIPER PA-44 Seminole,L2P,L
C05BFF,C-GIVU,P28R,PIPER PA-28R-180/200/201,L1P,L
C05DFF,C-GJPM,QIC2,QUICKIE Q2,L1P,L
C05EFF,C-GJZI,RV6,VANS RV-6,L1P,L
C05FFF,C-GKJE,C172,CESSNA 172 Skyhawk,L1P,L
C060FF,C-GKTA,DH8C,DE HAVILLAND DHC-8-300 Dash 8,L2T,M
C061FF,C-GLCW,DHC3,DE HAVILLAND DHC-3 Otter,L1P,L
C062FF,C-GLMS,P28A,PIPER PA-28-140/150/160/180,L1P,L
C065FF,C-GMQG,AT5T,AIR TRACTOR AT-504,L1T,L
C068FF,C-GNTU,SR22,CIRRUS SR-22,L1P,L
C069FF,C-GODQ,P28A,PIPER PA-28-140/150/160/180,L1P,L
C06AFF,C-GONM,GC1,GLOBE Swift,L1P,L
C06CFF,C-GPHE,,,,
C06DFF,C-GPRA,LGEZ,RUTAN Long-EZ,L1P,L
C070FF,C-GQUO,C172,CESSNA 172 Skyhawk,L1P,L
C072FF,C-GROG,F2TH,DASSAULT Falcon 2000,L2J,M
C073FF,C-GRYC,C560,CESSNA 560 Citation Ultra,L2J,M
C074FF,C-GSHY,SW4,SWEARINGEN Metro,L2T,M
C075FF,C-GSRU,PA25,PIPER PA-25 Pawnee,L1P,L
C076FF,C-GTBQ,DHC2,DE HAVILLAND DHC-2 Beaver,L1P,L
C077FF,C-GTLM,BE23,BEECH 23 Sundowner,L1P,L
C078FF,C-GTVI,C172,CESSNA 172 Skyhawk,L1P,L
C079FF,C-GUFE,C180,CESSNA  180 Skywagon,L1P,L
C07AFF,C-GUPA,C172,CESSNA 172 Skyhawk,L1P,L
C07BFF,C-GUYW,RV7,VANS RV-7,L1P,L
C07CFF,C-GVIS,C185,CESSNA 185 Skywagon,L1P,L
C07EFF,C-GWCK,C170,CESSNA 170,L1P,L
C07FFF,C-GWMG,C182,CESSNA 182 Skylane,L1P,L
C080FF,C-GWWC,AT43,ATR-42-300,L2T,M
C082FF,C-GXPU,BALL,,B0-,-
C083FF,C-GXZQ,CH7B,BELLANCA 7 Citabria,L1P,L
C084FF,C-GYJM,PA14,PIPER PA-14 Family Cruiser,L1P,L
C085FF,C-GYTI,C172,CESSNA 172 Skyhawk,L1P,L
C086FF,C-GZDE,,,,
C088FF,C-GZWW,C206,CESSNA  206 Stationair,L1P,L
C08AFF,C-IAQO,,,,
C08BFF,C-IBAK,ULAC,,L0-,-
C08CFF,C-IBKG,BEVR,ASAP Beaver,L1P,L
C08DFF,C-IBUC,ULAC,,L0-,-
C08EFF,C-ICDY,ULAC,,L0-,-
C08FFF,C-ICNU,ULAC,,L0-,-
C090FF,C-ICXQ,,,,
C092FF,C-IDRI,,,,
C093FF,C-IEBE,,,,
C094FF,C-IELA,ULAC,,L0-,-
C095FF,C-IEUW,ULAC,,L0-,-
C096FF,C-IFES,CAD2,DELISLE Cadi,L1P,L
C097FF,C-IFOO,,,,
C099FF,C-IGIG,ULAC,,L0-,-
C09AFF,C-IGSC,ULAC,,L0-,-
C09BFF,C-IHBY,BEVR,ASAP Beaver,L1P,L
C09DFF,C-IHVQ,PARA,,P0-,-
C0A2FF,C-IJSW,PARA,,P0-,-
C0A3FF,C-IKCS,ULAC,,L0-,-
C0A4FF,C-IKMO,,,,
C0A5FF,C-IKWK,PARA,,P0-,-
C0A8FF,C-ILZY,,,,
C0B0FF,C-IPAS,,,,
C0BCFF,C-ITOW,ULAC,,L0-,-
C0C2FF,C-IVVY,ULAC,,L0-,-
C1E4FF,SERV,SERV,,V0-,-
C1E9FF,SERV,SERV,,V0-,-
C2B3FF,177705,C17,BOEING C-17 Globemaster 3,L4J,H
C2BDFF,188787,F18H,BOEING FA-18 HORNET,L2J,M
C800FF,ZK-BPM,PA18,PIPER PA-18 Super Cub,L1P,L
C802FF,ZK-DKH,C172,CESSNA 172 Skyhawk,L1P,L
C807FF,ZK-GFM,GLID,,L0-,-
C809FF,ZK-CMD,TOUR,MILLICER Airtourer,L1P,L
C80AFF,ZK-JOD,DR10,CENTRE EST Ambassadeur,L1P,L
C810FF,ZK-SLT,C172,CESSNA 172 Skyhawk,L1P,L
C812FF,ZK-WEB,ZZZZ,,-0-,-
C814FF,ZK-GVW,GLID,,L0-,-
C816FF,ZK-TZO,PA34,PIPER PA-34 Seneca,L2P,L
C81AFF,ZK-CSR,CRUZ,CSA PS-28 Cruiser,L1P,L
C81BFF,ZK-JTC,PA38,PIPER PA-38 Tomahawk,L1P,L
C81CFF,ZK-NSY,C152,CESSNA 152,L1P,L
C81DFF,ZK-MLT,HIGH,JUST JA20 Highlander,L1P,L
C820FF,ZK-NBG,ULAC,,L0-,-
C821FF,ZK-SLG,SLG2,AIRPLANE FACTORY Sling 2,L1P,L
C822FF,ZK-PGP,GLST,GLASAIR SH-4 GlaStar,L1P,L
C824FF,ZK-RDC,CDUS,AUTOGYRO Calidus,G1P,L
C827FF,ZK-IOJ,AS50,AEROSPATIALE AS-350 Ecureuil,H1T,L
C828FF,ZK-FIT,RALL,SOCATA Rallye,L1P,L
E480FF,PR-ZNE,RV10,VANS RV-10,L1P,L
E484FF,PR-OBE,F2TH,DASSAULT Falcon 2000,L2J,M
E489FF,PP-SKI,BE40,BEECH 400 Beechjet,L2J,M
E48AFF,PR-GUQ,B738,BOEING 737-800,L2J,M
E48CFF,PP-OCE,PC12,PILATUS PC-12,L1T,L
E48EFF,PR-GXM,B738,BOEING 737-800,L2J,M
E492FF,PR-TMM,BE20,BEECH 200 Super King Air,L2T,M
E494FF,PP-PGA,C25B,CESSNA 525B Citation CJ3,L2J,L
E847FF,FAE1103,G12T,GROB G-120TP,L1T,L
E941FF,CP-3080,C208,CESSNA 208 Caravan,L1T,L
